ISO-10303-21;
HEADER;
FILE_DESCRIPTION(('Open CASCADE Model'),'2;1');
FILE_NAME('Open CASCADE Shape Model','2026-08-16T06:33:26',('Author'),(
    'Open CASCADE'),'Open CASCADE STEP processor 7.9','Open CASCADE 7.9'
  ,'Unknown');
FILE_SCHEMA(('AUTOMOTIVE_DESIGN { 1 0 10303 214 1 1 1 1 }'));
ENDSEC;
DATA;
#1 = APPLICATION_PROTOCOL_DEFINITION('international standard',
  'automotive_design',2000,#2);
#2 = APPLICATION_CONTEXT(
  'core data for automotive mechanical design processes');
#3 = SHAPE_DEFINITION_REPRESENTATION(#4,#10);
#4 = PRODUCT_DEFINITION_SHAPE('','',#5);
#5 = PRODUCT_DEFINITION('design','',#6,#9);
#6 = PRODUCT_DEFINITION_FORMATION('','',#7);
#7 = PRODUCT('meal_box','meal_box','',(#8));
#8 = PRODUCT_CONTEXT('',#2,'mechanical');
#9 = PRODUCT_DEFINITION_CONTEXT('part definition',#2,'design');
#10 = SHAPE_REPRESENTATION('',(#11,#15,#19,#23,#27,#31,#35,#39,#43,#47,
    #51,#55,#59,#63,#67,#71,#75,#79,#83,#87,#91),#95);
#11 = AXIS2_PLACEMENT_3D('',#12,#13,#14);
#12 = CARTESIAN_POINT('',(0.,0.,0.));
#13 = DIRECTION('',(0.,0.,1.));
#14 = DIRECTION('',(1.,0.,-0.));
#15 = AXIS2_PLACEMENT_3D('',#16,#17,#18);
#16 = CARTESIAN_POINT('',(0.,0.,0.));
#17 = DIRECTION('',(0.,0.,1.));
#18 = DIRECTION('',(1.,0.,-0.));
#19 = AXIS2_PLACEMENT_3D('',#20,#21,#22);
#20 = CARTESIAN_POINT('',(0.,172.86239309207,143.05490308639));
#21 = DIRECTION('',(0.,-0.970295726276,0.2419218956));
#22 = DIRECTION('',(1.,0.,0.));
#23 = AXIS2_PLACEMENT_3D('',#24,#25,#26);
#24 = CARTESIAN_POINT('',(-94.10672341597,-13.53131629113,
    38.052662970455));
#25 = DIRECTION('',(0.913545457643,0.406736643076,2.22044604925E-16));
#26 = DIRECTION('',(2.028478402233E-16,9.03136772203E-17,-1.));
#27 = AXIS2_PLACEMENT_3D('',#28,#29,#30);
#28 = CARTESIAN_POINT('',(-10.61397915595,-38.79288422367,
    22.103080477725));
#29 = DIRECTION('',(0.970295726276,-0.2419218956,2.22044604925E-16));
#30 = DIRECTION('',(2.154489312014E-16,-5.371745173114E-17,-1.));
#31 = AXIS2_PLACEMENT_3D('',#32,#33,#34);
#32 = CARTESIAN_POINT('',(-80.69887554178,-62.8463857745,21.10495536979)
  );
#33 = DIRECTION('',(0.939692620786,0.342020143326,2.22044604925E-16));
#34 = DIRECTION('',(2.086536767334E-16,7.594372760115E-17,-1.));
#35 = AXIS2_PLACEMENT_3D('',#36,#37,#38);
#36 = CARTESIAN_POINT('',(64.,2.,1.6));
#37 = DIRECTION('',(2.775557561563E-17,0.559192903471,0.829037572555));
#38 = DIRECTION('',(0.927183854567,-0.310562940869,0.209477348632));
#39 = AXIS2_PLACEMENT_3D('',#40,#41,#42);
#40 = CARTESIAN_POINT('',(82.554118182706,4.431901272738,44.046973166536
    ));
#41 = DIRECTION('',(7.847537725197E-02,0.338341222494,0.937745611734));
#42 = DIRECTION('',(0.705108464731,0.646127749998,-0.292131791572));
#43 = AXIS2_PLACEMENT_3D('',#44,#45,#46);
#44 = CARTESIAN_POINT('',(50.360592305084,27.133546287416,
    26.644028108624));
#45 = DIRECTION('',(0.26965244123,0.598775898137,0.754158461299));
#46 = DIRECTION('',(0.906629626415,0.10606246471,-0.408379081353));
#47 = AXIS2_PLACEMENT_3D('',#48,#49,#50);
#48 = CARTESIAN_POINT('',(48.180201513857,38.101208154066,
    27.644877354108));
#49 = DIRECTION('',(-0.183725540602,0.43996429248,0.879020106183));
#50 = DIRECTION('',(0.671223380097,0.709451026332,-0.214798545731));
#51 = AXIS2_PLACEMENT_3D('',#52,#53,#54);
#52 = CARTESIAN_POINT('',(53.232031615835,34.483677489496,
    15.926050127799));
#53 = DIRECTION('',(-0.315102857468,0.491393471538,0.8119375871));
#54 = DIRECTION('',(0.946688962933,0.102338982839,0.305461519756));
#55 = AXIS2_PLACEMENT_3D('',#56,#57,#58);
#56 = CARTESIAN_POINT('',(90.53159009498,13.84264715065,28.031427818693)
  );
#57 = DIRECTION('',(-9.879806090194E-03,0.48848947088,0.872513854487));
#58 = DIRECTION('',(0.998090707205,-4.838484523463E-02,
    3.839071428221E-02));
#59 = AXIS2_PLACEMENT_3D('',#60,#61,#62);
#60 = CARTESIAN_POINT('',(37.724732458911,25.036198030071,
    27.495764306496));
#61 = DIRECTION('',(-1.541165798972E-02,0.690896981527,0.722788933033));
#62 = DIRECTION('',(0.988575342186,-9.787023948409E-02,0.114630750867));
#63 = AXIS2_PLACEMENT_3D('',#64,#65,#66);
#64 = CARTESIAN_POINT('',(60.996691596368,18.693133061519,
    34.126661237329));
#65 = DIRECTION('',(-5.169511495426E-02,0.648847271656,0.759160610908));
#66 = DIRECTION('',(0.618652582527,0.617554491069,-0.485690675939));
#67 = AXIS2_PLACEMENT_3D('',#68,#69,#70);
#68 = CARTESIAN_POINT('',(78.131097336164,2.757571473048,38.959656027721
    ));
#69 = DIRECTION('',(0.320807168287,0.604933376147,0.728792406106));
#70 = DIRECTION('',(0.672549142704,0.39630090424,-0.624998595156));
#71 = AXIS2_PLACEMENT_3D('',#72,#73,#74);
#72 = CARTESIAN_POINT('',(86.138947700285,4.829434845476,38.17978663246)
  );
#73 = DIRECTION('',(-0.177391944837,0.762176203373,0.622590983647));
#74 = DIRECTION('',(0.979452555859,7.505528747977E-02,0.18718812634));
#75 = AXIS2_PLACEMENT_3D('',#76,#77,#78);
#76 = CARTESIAN_POINT('',(75.220952503405,6.337193874254,37.304416833075
    ));
#77 = DIRECTION('',(-5.591056427433E-02,0.633253501866,0.77192228312));
#78 = DIRECTION('',(0.903135417723,0.361713988473,-0.231321005959));
#79 = AXIS2_PLACEMENT_3D('',#80,#81,#82);
#80 = CARTESIAN_POINT('',(56.302700091997,23.743202875404,
    22.289002347572));
#81 = DIRECTION('',(-0.310039746074,0.459726675182,0.832181915197));
#82 = DIRECTION('',(0.920445492891,-7.39979877007E-02,0.383802543548));
#83 = AXIS2_PLACEMENT_3D('',#84,#85,#86);
#84 = CARTESIAN_POINT('',(41.633462811496,22.203975280615,
    38.172759415191));
#85 = DIRECTION('',(5.520795216601E-02,0.614482150156,0.786996676713));
#86 = DIRECTION('',(0.991936541289,5.630050760738E-02,-0.113543607917));
#87 = AXIS2_PLACEMENT_3D('',#88,#89,#90);
#88 = CARTESIAN_POINT('',(64.878210623812,21.830662103646,
    36.717164508142));
#89 = DIRECTION('',(-9.938171116644E-02,0.749690842551,0.654283513533));
#90 = DIRECTION('',(0.386017618931,0.635091208575,-0.669066181081));
#91 = AXIS2_PLACEMENT_3D('',#92,#93,#94);
#92 = CARTESIAN_POINT('',(82.245087000372,4.378450636488,43.543768604985
    ));
#93 = DIRECTION('',(-9.662218241804E-03,0.593636172768,0.804675546988));
#94 = DIRECTION('',(0.956398594092,-0.229424264625,0.18073803147));
#95 = ( GEOMETRIC_REPRESENTATION_CONTEXT(3) 
GLOBAL_UNCERTAINTY_ASSIGNED_CONTEXT((#99)) GLOBAL_UNIT_ASSIGNED_CONTEXT(
(#96,#97,#98)) REPRESENTATION_CONTEXT('Context #1',
  '3D Context with UNIT and UNCERTAINTY') );
#96 = ( LENGTH_UNIT() NAMED_UNIT(*) SI_UNIT(.MILLI.,.METRE.) );
#97 = ( NAMED_UNIT(*) PLANE_ANGLE_UNIT() SI_UNIT($,.RADIAN.) );
#98 = ( NAMED_UNIT(*) SI_UNIT($,.STERADIAN.) SOLID_ANGLE_UNIT() );
#99 = UNCERTAINTY_MEASURE_WITH_UNIT(LENGTH_MEASURE(5.E-07),#96,
  'distance_accuracy_value','confusion accuracy');
#100 = PRODUCT_RELATED_PRODUCT_CATEGORY('part',$,(#7));
#101 = SHAPE_DEFINITION_REPRESENTATION(#102,#108);
#102 = PRODUCT_DEFINITION_SHAPE('','',#103);
#103 = PRODUCT_DEFINITION('design','',#104,#107);
#104 = PRODUCT_DEFINITION_FORMATION('','',#105);
#105 = PRODUCT('box_base','box_base','',(#106));
#106 = PRODUCT_CONTEXT('',#2,'mechanical');
#107 = PRODUCT_DEFINITION_CONTEXT('part definition',#2,'design');
#108 = ADVANCED_BREP_SHAPE_REPRESENTATION('',(#11,#109),#1701);
#109 = MANIFOLD_SOLID_BREP('',#110);
#110 = CLOSED_SHELL('',(#111,#256,#473,#522,#1164,#1190,#1216,#1242,
    #1268,#1294,#1301,#1376,#1423,#1472,#1519,#1568,#1615,#1664,#1690));
#111 = ADVANCED_FACE('',(#112),#126,.T.);
#112 = FACE_BOUND('',#113,.T.);
#113 = EDGE_LOOP('',(#114,#148,#189,#217));
#114 = ORIENTED_EDGE('',*,*,#115,.F.);
#115 = EDGE_CURVE('',#116,#118,#120,.T.);
#116 = VERTEX_POINT('',#117);
#117 = CARTESIAN_POINT('',(-115.,-73.,0.));
#118 = VERTEX_POINT('',#119);
#119 = CARTESIAN_POINT('',(-115.,72.999999984068,0.));
#120 = SURFACE_CURVE('',#121,(#125,#136),.PCURVE_S1.);
#121 = LINE('',#122,#123);
#122 = CARTESIAN_POINT('',(-115.,1.59872115546E-12,0.));
#123 = VECTOR('',#124,1.);
#124 = DIRECTION('',(0.,1.,0.));
#125 = PCURVE('',#126,#131);
#126 = B_SPLINE_SURFACE_WITH_KNOTS('',1,1,(
    (#127,#128)
    ,(#129,#130
    )),.UNSPECIFIED.,.F.,.F.,.F.,(2,2),(2,2),(-77.99999998799,
    78.000000000001),(0.,1.),.PIECEWISE_BEZIER_KNOTS.);
#127 = CARTESIAN_POINT('',(-115.,72.999999984068,0.));
#128 = CARTESIAN_POINT('',(-128.,77.999999987992,62.));
#129 = CARTESIAN_POINT('',(-115.,-73.,0.));
#130 = CARTESIAN_POINT('',(-128.,-78.,62.));
#131 = DEFINITIONAL_REPRESENTATION('',(#132),#135);
#132 = B_SPLINE_CURVE_WITH_KNOTS('',1,(#133,#134),.UNSPECIFIED.,.F.,.F.,
  (2,2),(-73.,72.999999984067),.PIECEWISE_BEZIER_KNOTS.);
#133 = CARTESIAN_POINT('',(78.000000000001,0.));
#134 = CARTESIAN_POINT('',(-77.99999998799,0.));
#135 = ( GEOMETRIC_REPRESENTATION_CONTEXT(2) 
PARAMETRIC_REPRESENTATION_CONTEXT() REPRESENTATION_CONTEXT('2D SPACE',''
  ) );
#136 = PCURVE('',#137,#142);
#137 = PLANE('',#138);
#138 = AXIS2_PLACEMENT_3D('',#139,#140,#141);
#139 = CARTESIAN_POINT('',(-104.,-73.,0.));
#140 = DIRECTION('',(0.,0.,-1.));
#141 = DIRECTION('',(-1.,0.,0.));
#142 = DEFINITIONAL_REPRESENTATION('',(#143),#147);
#143 = LINE('',#144,#145);
#144 = CARTESIAN_POINT('',(11.,73.000000000003));
#145 = VECTOR('',#146,1.);
#146 = DIRECTION('',(0.,1.));
#147 = ( GEOMETRIC_REPRESENTATION_CONTEXT(2) 
PARAMETRIC_REPRESENTATION_CONTEXT() REPRESENTATION_CONTEXT('2D SPACE',''
  ) );
#148 = ORIENTED_EDGE('',*,*,#149,.T.);
#149 = EDGE_CURVE('',#116,#150,#152,.T.);
#150 = VERTEX_POINT('',#151);
#151 = CARTESIAN_POINT('',(-128.,-78.,62.));
#152 = SURFACE_CURVE('',#153,(#156,#163),.PCURVE_S1.);
#153 = B_SPLINE_CURVE_WITH_KNOTS('',1,(#154,#155),.UNSPECIFIED.,.F.,.F.,
  (2,2),(0.,1.),.PIECEWISE_BEZIER_KNOTS.);
#154 = CARTESIAN_POINT('',(-115.,-73.,0.));
#155 = CARTESIAN_POINT('',(-128.,-78.,62.));
#156 = PCURVE('',#126,#157);
#157 = DEFINITIONAL_REPRESENTATION('',(#158),#162);
#158 = LINE('',#159,#160);
#159 = CARTESIAN_POINT('',(78.000000000001,0.));
#160 = VECTOR('',#161,1.);
#161 = DIRECTION('',(0.,1.));
#162 = ( GEOMETRIC_REPRESENTATION_CONTEXT(2) 
PARAMETRIC_REPRESENTATION_CONTEXT() REPRESENTATION_CONTEXT('2D SPACE',''
  ) );
#163 = PCURVE('',#164,#183);
#164 = B_SPLINE_SURFACE_WITH_KNOTS('',8,1,(
    (#165,#166)
    ,(#167,#168)
    ,(#169,#170)
    ,(#171,#172)
    ,(#173,#174)
    ,(#175,#176)
    ,(#177,#178)
    ,(#179,#180)
    ,(#181,#182
    )),.UNSPECIFIED.,.F.,.F.,.F.,(9,9),(2,2),(0.,1.570796326795),(0.,1.)
  ,.PIECEWISE_BEZIER_KNOTS.);
#165 = CARTESIAN_POINT('',(-115.,-73.,0.));
#166 = CARTESIAN_POINT('',(-128.,-78.,62.));
#167 = CARTESIAN_POINT('',(-115.,-75.15984494934,0.));
#168 = CARTESIAN_POINT('',(-127.9999999999,-81.73064127613,
    61.999999999999));
#169 = CARTESIAN_POINT('',(-114.5153313214,-77.31969057854,0.));
#170 = CARTESIAN_POINT('',(-127.1628450097,-85.46128372658,
    62.000000000003));
#171 = CARTESIAN_POINT('',(-113.5459987245,-79.35264557768,0.));
#172 = CARTESIAN_POINT('',(-125.4885432515,-88.97275145235,
    61.999999999995));
#173 = CARTESIAN_POINT('',(-112.1318463135,-81.13184631358,0.));
#174 = CARTESIAN_POINT('',(-123.0459163598,-92.04591635982,
    62.000000000005));
#175 = CARTESIAN_POINT('',(-110.3526455776,-82.54599872458,0.));
#176 = CARTESIAN_POINT('',(-119.9727514523,-94.48854325155,
    61.999999999996));
#177 = CARTESIAN_POINT('',(-108.3196905785,-83.51533132142,0.));
#178 = CARTESIAN_POINT('',(-116.4612837265,-96.16284500974,
    62.000000000002));
#179 = CARTESIAN_POINT('',(-106.1598449493,-84.,0.));
#180 = CARTESIAN_POINT('',(-112.7306412761,-97.,61.999999999999));
#181 = CARTESIAN_POINT('',(-104.,-84.,0.));
#182 = CARTESIAN_POINT('',(-109.,-97.,62.));
#183 = DEFINITIONAL_REPRESENTATION('',(#184),#188);
#184 = LINE('',#185,#186);
#185 = CARTESIAN_POINT('',(0.,0.));
#186 = VECTOR('',#187,1.);
#187 = DIRECTION('',(0.,1.));
#188 = ( GEOMETRIC_REPRESENTATION_CONTEXT(2) 
PARAMETRIC_REPRESENTATION_CONTEXT() REPRESENTATION_CONTEXT('2D SPACE',''
  ) );
#189 = ORIENTED_EDGE('',*,*,#190,.T.);
#190 = EDGE_CURVE('',#150,#191,#193,.T.);
#191 = VERTEX_POINT('',#192);
#192 = CARTESIAN_POINT('',(-128.,77.999999987992,62.));
#193 = SURFACE_CURVE('',#194,(#198,#205),.PCURVE_S1.);
#194 = LINE('',#195,#196);
#195 = CARTESIAN_POINT('',(-128.,7.247535904753E-13,62.));
#196 = VECTOR('',#197,1.);
#197 = DIRECTION('',(0.,1.,0.));
#198 = PCURVE('',#126,#199);
#199 = DEFINITIONAL_REPRESENTATION('',(#200),#204);
#200 = LINE('',#201,#202);
#201 = CARTESIAN_POINT('',(0.,1.));
#202 = VECTOR('',#203,1.);
#203 = DIRECTION('',(-1.,0.));
#204 = ( GEOMETRIC_REPRESENTATION_CONTEXT(2) 
PARAMETRIC_REPRESENTATION_CONTEXT() REPRESENTATION_CONTEXT('2D SPACE',''
  ) );
#205 = PCURVE('',#206,#211);
#206 = PLANE('',#207);
#207 = AXIS2_PLACEMENT_3D('',#208,#209,#210);
#208 = CARTESIAN_POINT('',(-109.,-78.,62.));
#209 = DIRECTION('',(0.,0.,1.));
#210 = DIRECTION('',(1.,0.,0.));
#211 = DEFINITIONAL_REPRESENTATION('',(#212),#216);
#212 = LINE('',#213,#214);
#213 = CARTESIAN_POINT('',(-19.,78.000000000001));
#214 = VECTOR('',#215,1.);
#215 = DIRECTION('',(0.,1.));
#216 = ( GEOMETRIC_REPRESENTATION_CONTEXT(2) 
PARAMETRIC_REPRESENTATION_CONTEXT() REPRESENTATION_CONTEXT('2D SPACE',''
  ) );
#217 = ORIENTED_EDGE('',*,*,#218,.F.);
#218 = EDGE_CURVE('',#118,#191,#219,.T.);
#219 = SURFACE_CURVE('',#220,(#223,#230),.PCURVE_S1.);
#220 = B_SPLINE_CURVE_WITH_KNOTS('',1,(#221,#222),.UNSPECIFIED.,.F.,.F.,
  (2,2),(0.,1.),.PIECEWISE_BEZIER_KNOTS.);
#221 = CARTESIAN_POINT('',(-115.,72.999999984068,0.));
#222 = CARTESIAN_POINT('',(-128.,77.999999987992,62.));
#223 = PCURVE('',#126,#224);
#224 = DEFINITIONAL_REPRESENTATION('',(#225),#229);
#225 = LINE('',#226,#227);
#226 = CARTESIAN_POINT('',(-77.99999998799,0.));
#227 = VECTOR('',#228,1.);
#228 = DIRECTION('',(0.,1.));
#229 = ( GEOMETRIC_REPRESENTATION_CONTEXT(2) 
PARAMETRIC_REPRESENTATION_CONTEXT() REPRESENTATION_CONTEXT('2D SPACE',''
  ) );
#230 = PCURVE('',#231,#250);
#231 = B_SPLINE_SURFACE_WITH_KNOTS('',8,1,(
    (#232,#233)
    ,(#234,#235)
    ,(#236,#237)
    ,(#238,#239)
    ,(#240,#241)
    ,(#242,#243)
    ,(#244,#245)
    ,(#246,#247)
    ,(#248,#249
    )),.UNSPECIFIED.,.F.,.F.,.F.,(9,9),(2,2),(4.712388980385,
    6.28318530718),(0.,1.),.PIECEWISE_BEZIER_KNOTS.);
#232 = CARTESIAN_POINT('',(-104.,83.999999984068,0.));
#233 = CARTESIAN_POINT('',(-109.,96.999999987992,62.));
#234 = CARTESIAN_POINT('',(-106.1598449493,83.999999984068,0.));
#235 = CARTESIAN_POINT('',(-112.7306412761,96.999999987992,62.));
#236 = CARTESIAN_POINT('',(-108.3196905785,83.515331305497,0.));
#237 = CARTESIAN_POINT('',(-116.4612837265,96.162844997731,
    62.000000000002));
#238 = CARTESIAN_POINT('',(-110.3526455776,82.54599870865,0.));
#239 = CARTESIAN_POINT('',(-119.9727514523,94.488543239546,
    61.999999999997));
#240 = CARTESIAN_POINT('',(-112.1318463135,81.131846297652,0.));
#241 = CARTESIAN_POINT('',(-123.0459163598,92.045916347813,
    62.000000000003));
#242 = CARTESIAN_POINT('',(-113.5459987245,79.35264556175,0.));
#243 = CARTESIAN_POINT('',(-125.4885432515,88.972751440356,
    61.999999999998));
#244 = CARTESIAN_POINT('',(-114.5153313214,77.319690562616,0.));
#245 = CARTESIAN_POINT('',(-127.1628450097,85.461283714573,
    62.000000000001));
#246 = CARTESIAN_POINT('',(-114.9999999999,75.159844933411,0.));
#247 = CARTESIAN_POINT('',(-128.,81.73064126413,62.));
#248 = CARTESIAN_POINT('',(-115.,72.999999984068,0.));
#249 = CARTESIAN_POINT('',(-128.,77.999999987992,62.));
#250 = DEFINITIONAL_REPRESENTATION('',(#251),#255);
#251 = LINE('',#252,#253);
#252 = CARTESIAN_POINT('',(6.28318530718,0.));
#253 = VECTOR('',#254,1.);
#254 = DIRECTION('',(0.,1.));
#255 = ( GEOMETRIC_REPRESENTATION_CONTEXT(2) 
PARAMETRIC_REPRESENTATION_CONTEXT() REPRESENTATION_CONTEXT('2D SPACE',''
  ) );
#256 = ADVANCED_FACE('',(#257),#137,.T.);
#257 = FACE_BOUND('',#258,.F.);
#258 = EDGE_LOOP('',(#259,#260,#284,#311,#354,#381,#424,#451));
#259 = ORIENTED_EDGE('',*,*,#115,.F.);
#260 = ORIENTED_EDGE('',*,*,#261,.F.);
#261 = EDGE_CURVE('',#262,#116,#264,.T.);
#262 = VERTEX_POINT('',#263);
#263 = CARTESIAN_POINT('',(-104.,-84.,0.));
#264 = SURFACE_CURVE('',#265,(#270,#277),.PCURVE_S1.);
#265 = CIRCLE('',#266,11.);
#266 = AXIS2_PLACEMENT_3D('',#267,#268,#269);
#267 = CARTESIAN_POINT('',(-104.,-73.,0.));
#268 = DIRECTION('',(0.,0.,-1.));
#269 = DIRECTION('',(-1.,0.,0.));
#270 = PCURVE('',#137,#271);
#271 = DEFINITIONAL_REPRESENTATION('',(#272),#276);
#272 = CIRCLE('',#273,11.);
#273 = AXIS2_PLACEMENT_2D('',#274,#275);
#274 = CARTESIAN_POINT('',(0.,0.));
#275 = DIRECTION('',(1.,0.));
#276 = ( GEOMETRIC_REPRESENTATION_CONTEXT(2) 
PARAMETRIC_REPRESENTATION_CONTEXT() REPRESENTATION_CONTEXT('2D SPACE',''
  ) );
#277 = PCURVE('',#164,#278);
#278 = DEFINITIONAL_REPRESENTATION('',(#279),#283);
#279 = LINE('',#280,#281);
#280 = CARTESIAN_POINT('',(6.28318530718,0.));
#281 = VECTOR('',#282,1.);
#282 = DIRECTION('',(-1.,0.));
#283 = ( GEOMETRIC_REPRESENTATION_CONTEXT(2) 
PARAMETRIC_REPRESENTATION_CONTEXT() REPRESENTATION_CONTEXT('2D SPACE',''
  ) );
#284 = ORIENTED_EDGE('',*,*,#285,.T.);
#285 = EDGE_CURVE('',#262,#286,#288,.T.);
#286 = VERTEX_POINT('',#287);
#287 = CARTESIAN_POINT('',(104.,-84.,0.));
#288 = SURFACE_CURVE('',#289,(#293,#300),.PCURVE_S1.);
#289 = LINE('',#290,#291);
#290 = CARTESIAN_POINT('',(0.,-83.99999999999,0.));
#291 = VECTOR('',#292,1.);
#292 = DIRECTION('',(1.,0.,0.));
#293 = PCURVE('',#137,#294);
#294 = DEFINITIONAL_REPRESENTATION('',(#295),#299);
#295 = LINE('',#296,#297);
#296 = CARTESIAN_POINT('',(-104.,-10.99999999999));
#297 = VECTOR('',#298,1.);
#298 = DIRECTION('',(-1.,0.));
#299 = ( GEOMETRIC_REPRESENTATION_CONTEXT(2) 
PARAMETRIC_REPRESENTATION_CONTEXT() REPRESENTATION_CONTEXT('2D SPACE',''
  ) );
#300 = PCURVE('',#301,#306);
#301 = B_SPLINE_SURFACE_WITH_KNOTS('',1,1,(
    (#302,#303)
    ,(#304,#305
    )),.UNSPECIFIED.,.F.,.F.,.F.,(2,2),(2,2),(-109.,109.),(0.,1.),
  .PIECEWISE_BEZIER_KNOTS.);
#302 = CARTESIAN_POINT('',(-104.,-83.99999999999,0.));
#303 = CARTESIAN_POINT('',(-109.,-96.99999999999,62.));
#304 = CARTESIAN_POINT('',(104.,-83.99999999999,0.));
#305 = CARTESIAN_POINT('',(109.,-96.99999999999,62.));
#306 = DEFINITIONAL_REPRESENTATION('',(#307),#310);
#307 = B_SPLINE_CURVE_WITH_KNOTS('',1,(#308,#309),.UNSPECIFIED.,.F.,.F.,
  (2,2),(-104.,104.),.PIECEWISE_BEZIER_KNOTS.);
#308 = CARTESIAN_POINT('',(-109.,0.));
#309 = CARTESIAN_POINT('',(109.,0.));
#310 = ( GEOMETRIC_REPRESENTATION_CONTEXT(2) 
PARAMETRIC_REPRESENTATION_CONTEXT() REPRESENTATION_CONTEXT('2D SPACE',''
  ) );
#311 = ORIENTED_EDGE('',*,*,#312,.F.);
#312 = EDGE_CURVE('',#313,#286,#315,.T.);
#313 = VERTEX_POINT('',#314);
#314 = CARTESIAN_POINT('',(115.,-73.,0.));
#315 = SURFACE_CURVE('',#316,(#321,#328),.PCURVE_S1.);
#316 = CIRCLE('',#317,11.);
#317 = AXIS2_PLACEMENT_3D('',#318,#319,#320);
#318 = CARTESIAN_POINT('',(104.,-73.,0.));
#319 = DIRECTION('',(0.,0.,-1.));
#320 = DIRECTION('',(-1.,0.,0.));
#321 = PCURVE('',#137,#322);
#322 = DEFINITIONAL_REPRESENTATION('',(#323),#327);
#323 = CIRCLE('',#324,11.);
#324 = AXIS2_PLACEMENT_2D('',#325,#326);
#325 = CARTESIAN_POINT('',(-208.,0.));
#326 = DIRECTION('',(1.,0.));
#327 = ( GEOMETRIC_REPRESENTATION_CONTEXT(2) 
PARAMETRIC_REPRESENTATION_CONTEXT() REPRESENTATION_CONTEXT('2D SPACE',''
  ) );
#328 = PCURVE('',#329,#348);
#329 = B_SPLINE_SURFACE_WITH_KNOTS('',8,1,(
    (#330,#331)
    ,(#332,#333)
    ,(#334,#335)
    ,(#336,#337)
    ,(#338,#339)
    ,(#340,#341)
    ,(#342,#343)
    ,(#344,#345)
    ,(#346,#347
    )),.UNSPECIFIED.,.F.,.F.,.F.,(9,9),(2,2),(1.570796326795,
    3.14159265359),(0.,1.),.PIECEWISE_BEZIER_KNOTS.);
#330 = CARTESIAN_POINT('',(104.,-84.,0.));
#331 = CARTESIAN_POINT('',(109.,-97.,62.));
#332 = CARTESIAN_POINT('',(106.15984494934,-84.,0.));
#333 = CARTESIAN_POINT('',(112.73064127613,-97.,61.999999999999));
#334 = CARTESIAN_POINT('',(108.31969057854,-83.51533132143,0.));
#335 = CARTESIAN_POINT('',(116.46128372658,-96.16284500974,
    62.000000000003));
#336 = CARTESIAN_POINT('',(110.35264557768,-82.54599872458,0.));
#337 = CARTESIAN_POINT('',(119.97275145235,-94.48854325155,
    61.999999999995));
#338 = CARTESIAN_POINT('',(112.13184631358,-81.13184631358,0.));
#339 = CARTESIAN_POINT('',(123.04591635982,-92.04591635982,
    62.000000000005));
#340 = CARTESIAN_POINT('',(113.54599872458,-79.35264557768,0.));
#341 = CARTESIAN_POINT('',(125.48854325155,-88.97275145236,
    61.999999999996));
#342 = CARTESIAN_POINT('',(114.51533132142,-77.31969057854,0.));
#343 = CARTESIAN_POINT('',(127.16284500974,-85.46128372658,
    62.000000000002));
#344 = CARTESIAN_POINT('',(115.,-75.15984494934,0.));
#345 = CARTESIAN_POINT('',(127.99999999999,-81.73064127613,
    61.999999999999));
#346 = CARTESIAN_POINT('',(115.,-73.,0.));
#347 = CARTESIAN_POINT('',(128.,-78.,62.));
#348 = DEFINITIONAL_REPRESENTATION('',(#349),#353);
#349 = LINE('',#350,#351);
#350 = CARTESIAN_POINT('',(6.28318530718,0.));
#351 = VECTOR('',#352,1.);
#352 = DIRECTION('',(-1.,0.));
#353 = ( GEOMETRIC_REPRESENTATION_CONTEXT(2) 
PARAMETRIC_REPRESENTATION_CONTEXT() REPRESENTATION_CONTEXT('2D SPACE',''
  ) );
#354 = ORIENTED_EDGE('',*,*,#355,.T.);
#355 = EDGE_CURVE('',#313,#356,#358,.T.);
#356 = VERTEX_POINT('',#357);
#357 = CARTESIAN_POINT('',(115.,72.999999984068,0.));
#358 = SURFACE_CURVE('',#359,(#363,#370),.PCURVE_S1.);
#359 = LINE('',#360,#361);
#360 = CARTESIAN_POINT('',(115.,1.59872115546E-12,0.));
#361 = VECTOR('',#362,1.);
#362 = DIRECTION('',(0.,1.,0.));
#363 = PCURVE('',#137,#364);
#364 = DEFINITIONAL_REPRESENTATION('',(#365),#369);
#365 = LINE('',#366,#367);
#366 = CARTESIAN_POINT('',(-219.,73.000000000003));
#367 = VECTOR('',#368,1.);
#368 = DIRECTION('',(0.,1.));
#369 = ( GEOMETRIC_REPRESENTATION_CONTEXT(2) 
PARAMETRIC_REPRESENTATION_CONTEXT() REPRESENTATION_CONTEXT('2D SPACE',''
  ) );
#370 = PCURVE('',#371,#376);
#371 = B_SPLINE_SURFACE_WITH_KNOTS('',1,1,(
    (#372,#373)
    ,(#374,#375
    )),.UNSPECIFIED.,.F.,.F.,.F.,(2,2),(2,2),(-78.,77.999999987991),(0.,
    1.),.PIECEWISE_BEZIER_KNOTS.);
#372 = CARTESIAN_POINT('',(115.,-73.,0.));
#373 = CARTESIAN_POINT('',(128.,-78.,62.));
#374 = CARTESIAN_POINT('',(115.,72.999999984068,0.));
#375 = CARTESIAN_POINT('',(128.,77.999999987992,62.));
#376 = DEFINITIONAL_REPRESENTATION('',(#377),#380);
#377 = B_SPLINE_CURVE_WITH_KNOTS('',1,(#378,#379),.UNSPECIFIED.,.F.,.F.,
  (2,2),(-73.,72.999999984067),.PIECEWISE_BEZIER_KNOTS.);
#378 = CARTESIAN_POINT('',(-78.,0.));
#379 = CARTESIAN_POINT('',(77.999999987991,0.));
#380 = ( GEOMETRIC_REPRESENTATION_CONTEXT(2) 
PARAMETRIC_REPRESENTATION_CONTEXT() REPRESENTATION_CONTEXT('2D SPACE',''
  ) );
#381 = ORIENTED_EDGE('',*,*,#382,.F.);
#382 = EDGE_CURVE('',#383,#356,#385,.T.);
#383 = VERTEX_POINT('',#384);
#384 = CARTESIAN_POINT('',(104.,83.999999992035,0.));
#385 = SURFACE_CURVE('',#386,(#391,#398),.PCURVE_S1.);
#386 = CIRCLE('',#387,11.);
#387 = AXIS2_PLACEMENT_3D('',#388,#389,#390);
#388 = CARTESIAN_POINT('',(104.,72.999999984068,0.));
#389 = DIRECTION('',(0.,0.,-1.));
#390 = DIRECTION('',(-1.,0.,0.));
#391 = PCURVE('',#137,#392);
#392 = DEFINITIONAL_REPRESENTATION('',(#393),#397);
#393 = CIRCLE('',#394,11.);
#394 = AXIS2_PLACEMENT_2D('',#395,#396);
#395 = CARTESIAN_POINT('',(-208.,145.99999998407));
#396 = DIRECTION('',(1.,0.));
#397 = ( GEOMETRIC_REPRESENTATION_CONTEXT(2) 
PARAMETRIC_REPRESENTATION_CONTEXT() REPRESENTATION_CONTEXT('2D SPACE',''
  ) );
#398 = PCURVE('',#399,#418);
#399 = B_SPLINE_SURFACE_WITH_KNOTS('',8,1,(
    (#400,#401)
    ,(#402,#403)
    ,(#404,#405)
    ,(#406,#407)
    ,(#408,#409)
    ,(#410,#411)
    ,(#412,#413)
    ,(#414,#415)
    ,(#416,#417
    )),.UNSPECIFIED.,.F.,.F.,.F.,(9,9),(2,2),(3.14159265359,
    4.712388980385),(0.,1.),.PIECEWISE_BEZIER_KNOTS.);
#400 = CARTESIAN_POINT('',(115.,72.999999984068,0.));
#401 = CARTESIAN_POINT('',(128.,77.999999987992,62.));
#402 = CARTESIAN_POINT('',(114.99999999999,75.15984493341,0.));
#403 = CARTESIAN_POINT('',(128.,81.73064126413,62.));
#404 = CARTESIAN_POINT('',(114.51533132143,77.31969056262,0.));
#405 = CARTESIAN_POINT('',(127.16284500973,85.461283714571,62.));
#406 = CARTESIAN_POINT('',(113.54599872457,79.352645561745,0.));
#407 = CARTESIAN_POINT('',(125.48854325155,88.97275144036,
    62.000000000001));
#408 = CARTESIAN_POINT('',(112.13184631358,81.131846297656,0.));
#409 = CARTESIAN_POINT('',(123.04591635981,92.045916347808,
    61.999999999999));
#410 = CARTESIAN_POINT('',(110.35264557768,82.545998708647,0.));
#411 = CARTESIAN_POINT('',(119.97275145236,94.488543239551,62.));
#412 = CARTESIAN_POINT('',(108.31969057854,83.515331305498,0.));
#413 = CARTESIAN_POINT('',(116.46128372657,96.162844997728,62.));
#414 = CARTESIAN_POINT('',(106.15984494934,83.999999984067,0.));
#415 = CARTESIAN_POINT('',(112.73064127613,96.999999987992,62.));
#416 = CARTESIAN_POINT('',(104.,83.999999984068,0.));
#417 = CARTESIAN_POINT('',(109.,96.999999987992,62.));
#418 = DEFINITIONAL_REPRESENTATION('',(#419),#423);
#419 = LINE('',#420,#421);
#420 = CARTESIAN_POINT('',(6.28318530718,0.));
#421 = VECTOR('',#422,1.);
#422 = DIRECTION('',(-1.,0.));
#423 = ( GEOMETRIC_REPRESENTATION_CONTEXT(2) 
PARAMETRIC_REPRESENTATION_CONTEXT() REPRESENTATION_CONTEXT('2D SPACE',''
  ) );
#424 = ORIENTED_EDGE('',*,*,#425,.F.);
#425 = EDGE_CURVE('',#426,#383,#428,.T.);
#426 = VERTEX_POINT('',#427);
#427 = CARTESIAN_POINT('',(-104.,83.999999992035,0.));
#428 = SURFACE_CURVE('',#429,(#433,#440),.PCURVE_S1.);
#429 = LINE('',#430,#431);
#430 = CARTESIAN_POINT('',(0.,84.000000000002,0.));
#431 = VECTOR('',#432,1.);
#432 = DIRECTION('',(1.,0.,0.));
#433 = PCURVE('',#137,#434);
#434 = DEFINITIONAL_REPRESENTATION('',(#435),#439);
#435 = LINE('',#436,#437);
#436 = CARTESIAN_POINT('',(-104.,157.));
#437 = VECTOR('',#438,1.);
#438 = DIRECTION('',(-1.,0.));
#439 = ( GEOMETRIC_REPRESENTATION_CONTEXT(2) 
PARAMETRIC_REPRESENTATION_CONTEXT() REPRESENTATION_CONTEXT('2D SPACE',''
  ) );
#440 = PCURVE('',#441,#446);
#441 = B_SPLINE_SURFACE_WITH_KNOTS('',1,1,(
    (#442,#443)
    ,(#444,#445
    )),.UNSPECIFIED.,.F.,.F.,.F.,(2,2),(2,2),(-109.,109.),(0.,1.),
  .PIECEWISE_BEZIER_KNOTS.);
#442 = CARTESIAN_POINT('',(104.,84.000000000002,0.));
#443 = CARTESIAN_POINT('',(109.,97.000000000001,62.));
#444 = CARTESIAN_POINT('',(-104.,84.000000000002,0.));
#445 = CARTESIAN_POINT('',(-109.,97.000000000001,62.));
#446 = DEFINITIONAL_REPRESENTATION('',(#447),#450);
#447 = B_SPLINE_CURVE_WITH_KNOTS('',1,(#448,#449),.UNSPECIFIED.,.F.,.F.,
  (2,2),(-104.,104.),.PIECEWISE_BEZIER_KNOTS.);
#448 = CARTESIAN_POINT('',(109.,0.));
#449 = CARTESIAN_POINT('',(-109.,0.));
#450 = ( GEOMETRIC_REPRESENTATION_CONTEXT(2) 
PARAMETRIC_REPRESENTATION_CONTEXT() REPRESENTATION_CONTEXT('2D SPACE',''
  ) );
#451 = ORIENTED_EDGE('',*,*,#452,.F.);
#452 = EDGE_CURVE('',#118,#426,#453,.T.);
#453 = SURFACE_CURVE('',#454,(#459,#466),.PCURVE_S1.);
#454 = CIRCLE('',#455,11.);
#455 = AXIS2_PLACEMENT_3D('',#456,#457,#458);
#456 = CARTESIAN_POINT('',(-104.,72.999999984068,0.));
#457 = DIRECTION('',(0.,0.,-1.));
#458 = DIRECTION('',(-1.,0.,0.));
#459 = PCURVE('',#137,#460);
#460 = DEFINITIONAL_REPRESENTATION('',(#461),#465);
#461 = CIRCLE('',#462,11.);
#462 = AXIS2_PLACEMENT_2D('',#463,#464);
#463 = CARTESIAN_POINT('',(0.,145.99999998407));
#464 = DIRECTION('',(1.,0.));
#465 = ( GEOMETRIC_REPRESENTATION_CONTEXT(2) 
PARAMETRIC_REPRESENTATION_CONTEXT() REPRESENTATION_CONTEXT('2D SPACE',''
  ) );
#466 = PCURVE('',#231,#467);
#467 = DEFINITIONAL_REPRESENTATION('',(#468),#472);
#468 = LINE('',#469,#470);
#469 = CARTESIAN_POINT('',(6.28318530718,0.));
#470 = VECTOR('',#471,1.);
#471 = DIRECTION('',(-1.,0.));
#472 = ( GEOMETRIC_REPRESENTATION_CONTEXT(2) 
PARAMETRIC_REPRESENTATION_CONTEXT() REPRESENTATION_CONTEXT('2D SPACE',''
  ) );
#473 = ADVANCED_FACE('',(#474),#164,.T.);
#474 = FACE_BOUND('',#475,.T.);
#475 = EDGE_LOOP('',(#476,#477,#499,#521));
#476 = ORIENTED_EDGE('',*,*,#261,.F.);
#477 = ORIENTED_EDGE('',*,*,#478,.T.);
#478 = EDGE_CURVE('',#262,#479,#481,.T.);
#479 = VERTEX_POINT('',#480);
#480 = CARTESIAN_POINT('',(-109.,-97.,62.));
#481 = SURFACE_CURVE('',#482,(#485,#492),.PCURVE_S1.);
#482 = B_SPLINE_CURVE_WITH_KNOTS('',1,(#483,#484),.UNSPECIFIED.,.F.,.F.,
  (2,2),(0.,1.),.PIECEWISE_BEZIER_KNOTS.);
#483 = CARTESIAN_POINT('',(-104.,-84.,0.));
#484 = CARTESIAN_POINT('',(-109.,-97.,62.));
#485 = PCURVE('',#164,#486);
#486 = DEFINITIONAL_REPRESENTATION('',(#487),#491);
#487 = LINE('',#488,#489);
#488 = CARTESIAN_POINT('',(1.570796326795,0.));
#489 = VECTOR('',#490,1.);
#490 = DIRECTION('',(0.,1.));
#491 = ( GEOMETRIC_REPRESENTATION_CONTEXT(2) 
PARAMETRIC_REPRESENTATION_CONTEXT() REPRESENTATION_CONTEXT('2D SPACE',''
  ) );
#492 = PCURVE('',#301,#493);
#493 = DEFINITIONAL_REPRESENTATION('',(#494),#498);
#494 = LINE('',#495,#496);
#495 = CARTESIAN_POINT('',(-109.,0.));
#496 = VECTOR('',#497,1.);
#497 = DIRECTION('',(0.,1.));
#498 = ( GEOMETRIC_REPRESENTATION_CONTEXT(2) 
PARAMETRIC_REPRESENTATION_CONTEXT() REPRESENTATION_CONTEXT('2D SPACE',''
  ) );
#499 = ORIENTED_EDGE('',*,*,#500,.F.);
#500 = EDGE_CURVE('',#150,#479,#501,.T.);
#501 = SURFACE_CURVE('',#502,(#507,#514),.PCURVE_S1.);
#502 = CIRCLE('',#503,19.);
#503 = AXIS2_PLACEMENT_3D('',#504,#505,#506);
#504 = CARTESIAN_POINT('',(-109.,-78.,62.));
#505 = DIRECTION('',(0.,0.,1.));
#506 = DIRECTION('',(1.,0.,0.));
#507 = PCURVE('',#164,#508);
#508 = DEFINITIONAL_REPRESENTATION('',(#509),#513);
#509 = LINE('',#510,#511);
#510 = CARTESIAN_POINT('',(-3.14159265359,1.));
#511 = VECTOR('',#512,1.);
#512 = DIRECTION('',(1.,0.));
#513 = ( GEOMETRIC_REPRESENTATION_CONTEXT(2) 
PARAMETRIC_REPRESENTATION_CONTEXT() REPRESENTATION_CONTEXT('2D SPACE',''
  ) );
#514 = PCURVE('',#206,#515);
#515 = DEFINITIONAL_REPRESENTATION('',(#516),#520);
#516 = CIRCLE('',#517,19.);
#517 = AXIS2_PLACEMENT_2D('',#518,#519);
#518 = CARTESIAN_POINT('',(0.,0.));
#519 = DIRECTION('',(1.,0.));
#520 = ( GEOMETRIC_REPRESENTATION_CONTEXT(2) 
PARAMETRIC_REPRESENTATION_CONTEXT() REPRESENTATION_CONTEXT('2D SPACE',''
  ) );
#521 = ORIENTED_EDGE('',*,*,#149,.F.);
#522 = ADVANCED_FACE('',(#523,#666),#206,.T.);
#523 = FACE_BOUND('',#524,.T.);
#524 = EDGE_LOOP('',(#525,#526,#527,#550,#574,#597,#621,#644));
#525 = ORIENTED_EDGE('',*,*,#190,.F.);
#526 = ORIENTED_EDGE('',*,*,#500,.T.);
#527 = ORIENTED_EDGE('',*,*,#528,.T.);
#528 = EDGE_CURVE('',#479,#529,#531,.T.);
#529 = VERTEX_POINT('',#530);
#530 = CARTESIAN_POINT('',(109.,-97.,62.));
#531 = SURFACE_CURVE('',#532,(#536,#543),.PCURVE_S1.);
#532 = LINE('',#533,#534);
#533 = CARTESIAN_POINT('',(0.,-96.99999999999,62.));
#534 = VECTOR('',#535,1.);
#535 = DIRECTION('',(1.,0.,0.));
#536 = PCURVE('',#206,#537);
#537 = DEFINITIONAL_REPRESENTATION('',(#538),#542);
#538 = LINE('',#539,#540);
#539 = CARTESIAN_POINT('',(109.,-18.99999999999));
#540 = VECTOR('',#541,1.);
#541 = DIRECTION('',(1.,0.));
#542 = ( GEOMETRIC_REPRESENTATION_CONTEXT(2) 
PARAMETRIC_REPRESENTATION_CONTEXT() REPRESENTATION_CONTEXT('2D SPACE',''
  ) );
#543 = PCURVE('',#301,#544);
#544 = DEFINITIONAL_REPRESENTATION('',(#545),#549);
#545 = LINE('',#546,#547);
#546 = CARTESIAN_POINT('',(0.,1.));
#547 = VECTOR('',#548,1.);
#548 = DIRECTION('',(1.,0.));
#549 = ( GEOMETRIC_REPRESENTATION_CONTEXT(2) 
PARAMETRIC_REPRESENTATION_CONTEXT() REPRESENTATION_CONTEXT('2D SPACE',''
  ) );
#550 = ORIENTED_EDGE('',*,*,#551,.T.);
#551 = EDGE_CURVE('',#529,#552,#554,.T.);
#552 = VERTEX_POINT('',#553);
#553 = CARTESIAN_POINT('',(128.,-78.,62.));
#554 = SURFACE_CURVE('',#555,(#560,#567),.PCURVE_S1.);
#555 = CIRCLE('',#556,19.);
#556 = AXIS2_PLACEMENT_3D('',#557,#558,#559);
#557 = CARTESIAN_POINT('',(109.,-78.,62.));
#558 = DIRECTION('',(0.,0.,1.));
#559 = DIRECTION('',(1.,0.,0.));
#560 = PCURVE('',#206,#561);
#561 = DEFINITIONAL_REPRESENTATION('',(#562),#566);
#562 = CIRCLE('',#563,19.);
#563 = AXIS2_PLACEMENT_2D('',#564,#565);
#564 = CARTESIAN_POINT('',(218.,0.));
#565 = DIRECTION('',(1.,0.));
#566 = ( GEOMETRIC_REPRESENTATION_CONTEXT(2) 
PARAMETRIC_REPRESENTATION_CONTEXT() REPRESENTATION_CONTEXT('2D SPACE',''
  ) );
#567 = PCURVE('',#329,#568);
#568 = DEFINITIONAL_REPRESENTATION('',(#569),#573);
#569 = LINE('',#570,#571);
#570 = CARTESIAN_POINT('',(-3.14159265359,1.));
#571 = VECTOR('',#572,1.);
#572 = DIRECTION('',(1.,0.));
#573 = ( GEOMETRIC_REPRESENTATION_CONTEXT(2) 
PARAMETRIC_REPRESENTATION_CONTEXT() REPRESENTATION_CONTEXT('2D SPACE',''
  ) );
#574 = ORIENTED_EDGE('',*,*,#575,.T.);
#575 = EDGE_CURVE('',#552,#576,#578,.T.);
#576 = VERTEX_POINT('',#577);
#577 = CARTESIAN_POINT('',(128.,77.999999987992,62.));
#578 = SURFACE_CURVE('',#579,(#583,#590),.PCURVE_S1.);
#579 = LINE('',#580,#581);
#580 = CARTESIAN_POINT('',(128.,7.247535904753E-13,62.));
#581 = VECTOR('',#582,1.);
#582 = DIRECTION('',(0.,1.,0.));
#583 = PCURVE('',#206,#584);
#584 = DEFINITIONAL_REPRESENTATION('',(#585),#589);
#585 = LINE('',#586,#587);
#586 = CARTESIAN_POINT('',(237.,78.000000000001));
#587 = VECTOR('',#588,1.);
#588 = DIRECTION('',(0.,1.));
#589 = ( GEOMETRIC_REPRESENTATION_CONTEXT(2) 
PARAMETRIC_REPRESENTATION_CONTEXT() REPRESENTATION_CONTEXT('2D SPACE',''
  ) );
#590 = PCURVE('',#371,#591);
#591 = DEFINITIONAL_REPRESENTATION('',(#592),#596);
#592 = LINE('',#593,#594);
#593 = CARTESIAN_POINT('',(0.,1.));
#594 = VECTOR('',#595,1.);
#595 = DIRECTION('',(1.,0.));
#596 = ( GEOMETRIC_REPRESENTATION_CONTEXT(2) 
PARAMETRIC_REPRESENTATION_CONTEXT() REPRESENTATION_CONTEXT('2D SPACE',''
  ) );
#597 = ORIENTED_EDGE('',*,*,#598,.T.);
#598 = EDGE_CURVE('',#576,#599,#601,.T.);
#599 = VERTEX_POINT('',#600);
#600 = CARTESIAN_POINT('',(109.,96.999999993996,62.));
#601 = SURFACE_CURVE('',#602,(#607,#614),.PCURVE_S1.);
#602 = CIRCLE('',#603,19.);
#603 = AXIS2_PLACEMENT_3D('',#604,#605,#606);
#604 = CARTESIAN_POINT('',(109.,77.999999987992,62.));
#605 = DIRECTION('',(0.,0.,1.));
#606 = DIRECTION('',(1.,0.,0.));
#607 = PCURVE('',#206,#608);
#608 = DEFINITIONAL_REPRESENTATION('',(#609),#613);
#609 = CIRCLE('',#610,19.);
#610 = AXIS2_PLACEMENT_2D('',#611,#612);
#611 = CARTESIAN_POINT('',(218.,155.99999998799));
#612 = DIRECTION('',(1.,0.));
#613 = ( GEOMETRIC_REPRESENTATION_CONTEXT(2) 
PARAMETRIC_REPRESENTATION_CONTEXT() REPRESENTATION_CONTEXT('2D SPACE',''
  ) );
#614 = PCURVE('',#399,#615);
#615 = DEFINITIONAL_REPRESENTATION('',(#616),#620);
#616 = LINE('',#617,#618);
#617 = CARTESIAN_POINT('',(3.14159265359,1.));
#618 = VECTOR('',#619,1.);
#619 = DIRECTION('',(1.,0.));
#620 = ( GEOMETRIC_REPRESENTATION_CONTEXT(2) 
PARAMETRIC_REPRESENTATION_CONTEXT() REPRESENTATION_CONTEXT('2D SPACE',''
  ) );
#621 = ORIENTED_EDGE('',*,*,#622,.F.);
#622 = EDGE_CURVE('',#623,#599,#625,.T.);
#623 = VERTEX_POINT('',#624);
#624 = CARTESIAN_POINT('',(-109.,96.999999993996,62.));
#625 = SURFACE_CURVE('',#626,(#630,#637),.PCURVE_S1.);
#626 = LINE('',#627,#628);
#627 = CARTESIAN_POINT('',(0.,97.000000000001,62.));
#628 = VECTOR('',#629,1.);
#629 = DIRECTION('',(1.,0.,0.));
#630 = PCURVE('',#206,#631);
#631 = DEFINITIONAL_REPRESENTATION('',(#632),#636);
#632 = LINE('',#633,#634);
#633 = CARTESIAN_POINT('',(109.,175.));
#634 = VECTOR('',#635,1.);
#635 = DIRECTION('',(1.,0.));
#636 = ( GEOMETRIC_REPRESENTATION_CONTEXT(2) 
PARAMETRIC_REPRESENTATION_CONTEXT() REPRESENTATION_CONTEXT('2D SPACE',''
  ) );
#637 = PCURVE('',#441,#638);
#638 = DEFINITIONAL_REPRESENTATION('',(#639),#643);
#639 = LINE('',#640,#641);
#640 = CARTESIAN_POINT('',(0.,1.));
#641 = VECTOR('',#642,1.);
#642 = DIRECTION('',(-1.,0.));
#643 = ( GEOMETRIC_REPRESENTATION_CONTEXT(2) 
PARAMETRIC_REPRESENTATION_CONTEXT() REPRESENTATION_CONTEXT('2D SPACE',''
  ) );
#644 = ORIENTED_EDGE('',*,*,#645,.T.);
#645 = EDGE_CURVE('',#623,#191,#646,.T.);
#646 = SURFACE_CURVE('',#647,(#652,#659),.PCURVE_S1.);
#647 = CIRCLE('',#648,19.);
#648 = AXIS2_PLACEMENT_3D('',#649,#650,#651);
#649 = CARTESIAN_POINT('',(-109.,77.999999987992,62.));
#650 = DIRECTION('',(0.,0.,1.));
#651 = DIRECTION('',(1.,0.,0.));
#652 = PCURVE('',#206,#653);
#653 = DEFINITIONAL_REPRESENTATION('',(#654),#658);
#654 = CIRCLE('',#655,19.);
#655 = AXIS2_PLACEMENT_2D('',#656,#657);
#656 = CARTESIAN_POINT('',(0.,155.99999998799));
#657 = DIRECTION('',(1.,0.));
#658 = ( GEOMETRIC_REPRESENTATION_CONTEXT(2) 
PARAMETRIC_REPRESENTATION_CONTEXT() REPRESENTATION_CONTEXT('2D SPACE',''
  ) );
#659 = PCURVE('',#231,#660);
#660 = DEFINITIONAL_REPRESENTATION('',(#661),#665);
#661 = LINE('',#662,#663);
#662 = CARTESIAN_POINT('',(3.14159265359,1.));
#663 = VECTOR('',#664,1.);
#664 = DIRECTION('',(1.,0.));
#665 = ( GEOMETRIC_REPRESENTATION_CONTEXT(2) 
PARAMETRIC_REPRESENTATION_CONTEXT() REPRESENTATION_CONTEXT('2D SPACE',''
  ) );
#666 = FACE_BOUND('',#667,.T.);
#667 = EDGE_LOOP('',(#668,#769,#794,#893,#918,#1017,#1042,#1141));
#668 = ORIENTED_EDGE('',*,*,#669,.T.);
#669 = EDGE_CURVE('',#670,#672,#674,.T.);
#670 = VERTEX_POINT('',#671);
#671 = CARTESIAN_POINT('',(-108.9185667752,-95.18827361563,62.));
#672 = VERTEX_POINT('',#673);
#673 = CARTESIAN_POINT('',(-126.1882736156,-77.91856677524,62.));
#674 = SURFACE_CURVE('',#675,(#698,#724),.PCURVE_S1.);
#675 = B_SPLINE_CURVE_WITH_KNOTS('',6,(#676,#677,#678,#679,#680,#681,
    #682,#683,#684,#685,#686,#687,#688,#689,#690,#691,#692,#693,#694,
    #695,#696,#697),.UNSPECIFIED.,.F.,.F.,(7,5,5,5,7),(0.,0.251999871499
    ,0.500999935354,0.74999999927,1.),.UNSPECIFIED.);
#676 = CARTESIAN_POINT('',(-108.9185667752,-95.18827361563,62.));
#677 = CARTESIAN_POINT('',(-110.0578899699,-95.18827361563,62.));
#678 = CARTESIAN_POINT('',(-111.1972817286,-95.09807684441,62.));
#679 = CARTESIAN_POINT('',(-112.3276647349,-94.91766389273,62.));
#680 = CARTESIAN_POINT('',(-113.4402026913,-94.64826852287,62.));
#681 = CARTESIAN_POINT('',(-114.5262667838,-94.29215932597,62.));
#682 = CARTESIAN_POINT('',(-116.6161979728,-93.4187792185,62.));
#683 = CARTESIAN_POINT('',(-117.6210109583,-92.90342655193,62.));
#684 = CARTESIAN_POINT('',(-118.5838445216,-92.31015479489,62.));
#685 = CARTESIAN_POINT('',(-119.4972844518,-91.64333597704,62.));
#686 = CARTESIAN_POINT('',(-120.354478694,-90.90817916627,62.));
#687 = CARTESIAN_POINT('',(-121.9440419822,-89.31361425707,62.));
#688 = CARTESIAN_POINT('',(-122.6765022145,-88.45411468528,62.));
#689 = CARTESIAN_POINT('',(-123.3404480906,-87.53858439289,62.));
#690 = CARTESIAN_POINT('',(-123.9306920948,-86.57389176601,62.));
#691 = CARTESIAN_POINT('',(-124.4428855105,-85.56746471336,62.));
#692 = CARTESIAN_POINT('',(-125.3062355091,-83.48315344918,62.));
#693 = CARTESIAN_POINT('',(-125.6567872495,-82.4048775167,62.));
#694 = CARTESIAN_POINT('',(-125.9219425695,-81.30074849887,62.));
#695 = CARTESIAN_POINT('',(-126.0995027695,-80.17919573029,62.));
#696 = CARTESIAN_POINT('',(-126.1882736156,-79.04884830246,62.));
#697 = CARTESIAN_POINT('',(-126.1882736156,-77.91856677524,62.));
#698 = PCURVE('',#206,#699);
#699 = DEFINITIONAL_REPRESENTATION('',(#700),#723);
#700 = B_SPLINE_CURVE_WITH_KNOTS('',6,(#701,#702,#703,#704,#705,#706,
    #707,#708,#709,#710,#711,#712,#713,#714,#715,#716,#717,#718,#719,
    #720,#721,#722),.UNSPECIFIED.,.F.,.F.,(7,5,5,5,7),(0.,0.251999871499
    ,0.500999935354,0.74999999927,1.),.UNSPECIFIED.);
#701 = CARTESIAN_POINT('',(8.143322475568E-02,-17.18827361563));
#702 = CARTESIAN_POINT('',(-1.0578899699,-17.18827361563));
#703 = CARTESIAN_POINT('',(-2.197281728615,-17.09807684441));
#704 = CARTESIAN_POINT('',(-3.327664734971,-16.91766389273));
#705 = CARTESIAN_POINT('',(-4.440202691338,-16.64826852287));
#706 = CARTESIAN_POINT('',(-5.526266783891,-16.29215932597));
#707 = CARTESIAN_POINT('',(-7.616197972885,-15.4187792185));
#708 = CARTESIAN_POINT('',(-8.621010958394,-14.90342655193));
#709 = CARTESIAN_POINT('',(-9.583844521646,-14.31015479489));
#710 = CARTESIAN_POINT('',(-10.49728445186,-13.64333597704));
#711 = CARTESIAN_POINT('',(-11.35447869406,-12.90817916627));
#712 = CARTESIAN_POINT('',(-12.94404198221,-11.31361425707));
#713 = CARTESIAN_POINT('',(-13.67650221454,-10.45411468528));
#714 = CARTESIAN_POINT('',(-14.34044809065,-9.538584392894));
#715 = CARTESIAN_POINT('',(-14.93069209485,-8.573891766015));
#716 = CARTESIAN_POINT('',(-15.44288551052,-7.56746471336));
#717 = CARTESIAN_POINT('',(-16.30623550919,-5.483153449182));
#718 = CARTESIAN_POINT('',(-16.65678724951,-4.404877516699));
#719 = CARTESIAN_POINT('',(-16.92194256954,-3.300748498869));
#720 = CARTESIAN_POINT('',(-17.09950276959,-2.179195730294));
#721 = CARTESIAN_POINT('',(-17.18827361563,-1.048848302461));
#722 = CARTESIAN_POINT('',(-17.18827361563,8.143322475556E-02));
#723 = ( GEOMETRIC_REPRESENTATION_CONTEXT(2) 
PARAMETRIC_REPRESENTATION_CONTEXT() REPRESENTATION_CONTEXT('2D SPACE',''
  ) );
#724 = PCURVE('',#725,#744);
#725 = B_SPLINE_SURFACE_WITH_KNOTS('',8,1,(
    (#726,#727)
    ,(#728,#729)
    ,(#730,#731)
    ,(#732,#733)
    ,(#734,#735)
    ,(#736,#737)
    ,(#738,#739)
    ,(#740,#741)
    ,(#742,#743
    )),.UNSPECIFIED.,.F.,.F.,.F.,(9,9),(2,2),(0.,1.570796326795),(0.,1.)
  ,.PIECEWISE_BEZIER_KNOTS.);
#726 = CARTESIAN_POINT('',(-113.4,-73.,1.6));
#727 = CARTESIAN_POINT('',(-126.4,-78.,63.));
#728 = CARTESIAN_POINT('',(-113.4,-74.84568568398,1.6));
#729 = CARTESIAN_POINT('',(-126.3999999999,-81.41648201077,
    62.999999999999));
#730 = CARTESIAN_POINT('',(-112.9858285837,-76.69137194894,1.6));
#731 = CARTESIAN_POINT('',(-125.633342272,-84.83296509697,
    63.000000000003));
#732 = CARTESIAN_POINT('',(-112.1574898191,-78.42862440275,1.6));
#733 = CARTESIAN_POINT('',(-124.1000343461,-88.04873027742,
    62.999999999995));
#734 = CARTESIAN_POINT('',(-110.9490323043,-79.94903230433,1.6));
#735 = CARTESIAN_POINT('',(-121.8631023505,-90.86310235057,
    63.000000000006));
#736 = CARTESIAN_POINT('',(-109.4286244027,-81.15748981919,1.6));
#737 = CARTESIAN_POINT('',(-119.0487302774,-93.10003434616,
    62.999999999996));
#738 = CARTESIAN_POINT('',(-107.6913719489,-81.98582858376,1.6));
#739 = CARTESIAN_POINT('',(-115.8329650969,-94.63334227207,
    63.000000000002));
#740 = CARTESIAN_POINT('',(-105.8456856839,-82.4,1.6));
#741 = CARTESIAN_POINT('',(-112.4164820107,-95.4,62.999999999999));
#742 = CARTESIAN_POINT('',(-104.,-82.4,1.6));
#743 = CARTESIAN_POINT('',(-109.,-95.4,63.));
#744 = DEFINITIONAL_REPRESENTATION('',(#745),#768);
#745 = B_SPLINE_CURVE_WITH_KNOTS('',6,(#746,#747,#748,#749,#750,#751,
    #752,#753,#754,#755,#756,#757,#758,#759,#760,#761,#762,#763,#764,
    #765,#766,#767),.UNSPECIFIED.,.F.,.F.,(7,5,5,5,7),(0.,0.251999871499
    ,0.500999935354,0.74999999927,1.),.UNSPECIFIED.);
#746 = CARTESIAN_POINT('',(1.570796326795,0.983713355049));
#747 = CARTESIAN_POINT('',(1.504823973866,0.983713355049));
#748 = CARTESIAN_POINT('',(1.438847695056,0.983713355049));
#749 = CARTESIAN_POINT('',(1.372875990798,0.983713355049));
#750 = CARTESIAN_POINT('',(1.306904292025,0.983713355049));
#751 = CARTESIAN_POINT('',(1.240928006095,0.983713355049));
#752 = CARTESIAN_POINT('',(1.109768633996,0.983713355049));
#753 = CARTESIAN_POINT('',(1.044577911762,0.983713355049));
#754 = CARTESIAN_POINT('',(0.979391513917,0.983713355049));
#755 = CARTESIAN_POINT('',(0.914205113415,0.983713355049));
#756 = CARTESIAN_POINT('',(0.849014387637,0.983713355049));
#757 = CARTESIAN_POINT('',(0.718640346488,0.983713355049));
#758 = CARTESIAN_POINT('',(0.653449620738,0.983713355049));
#759 = CARTESIAN_POINT('',(0.588263220305,0.983713355049));
#760 = CARTESIAN_POINT('',(0.523076822504,0.983713355049));
#761 = CARTESIAN_POINT('',(0.457886100225,0.983713355049));
#762 = CARTESIAN_POINT('',(0.327250284527,0.983713355049));
#763 = CARTESIAN_POINT('',(0.261797707231,0.983713355049));
#764 = CARTESIAN_POINT('',(0.196349539507,0.983713355049));
#765 = CARTESIAN_POINT('',(0.1309013666,0.983713355049));
#766 = CARTESIAN_POINT('',(6.544879641925E-02,0.983713355049));
#767 = CARTESIAN_POINT('',(0.,0.983713355049));
#768 = ( GEOMETRIC_REPRESENTATION_CONTEXT(2) 
PARAMETRIC_REPRESENTATION_CONTEXT() REPRESENTATION_CONTEXT('2D SPACE',''
  ) );
#769 = ORIENTED_EDGE('',*,*,#770,.T.);
#770 = EDGE_CURVE('',#672,#771,#773,.T.);
#771 = VERTEX_POINT('',#772);
#772 = CARTESIAN_POINT('',(-126.1882736156,77.918566762302,62.));
#773 = SURFACE_CURVE('',#774,(#777,#783),.PCURVE_S1.);
#774 = B_SPLINE_CURVE_WITH_KNOTS('',1,(#775,#776),.UNSPECIFIED.,.F.,.F.,
  (2,2),(0.,1.),.PIECEWISE_BEZIER_KNOTS.);
#775 = CARTESIAN_POINT('',(-126.1882736156,-77.91856677524,62.));
#776 = CARTESIAN_POINT('',(-126.1882736156,77.918566762302,62.));
#777 = PCURVE('',#206,#778);
#778 = DEFINITIONAL_REPRESENTATION('',(#779),#782);
#779 = B_SPLINE_CURVE_WITH_KNOTS('',1,(#780,#781),.UNSPECIFIED.,.F.,.F.,
  (2,2),(0.,1.),.PIECEWISE_BEZIER_KNOTS.);
#780 = CARTESIAN_POINT('',(-17.18827361563,8.143322475556E-02));
#781 = CARTESIAN_POINT('',(-17.18827361563,155.9185667623));
#782 = ( GEOMETRIC_REPRESENTATION_CONTEXT(2) 
PARAMETRIC_REPRESENTATION_CONTEXT() REPRESENTATION_CONTEXT('2D SPACE',''
  ) );
#783 = PCURVE('',#784,#789);
#784 = B_SPLINE_SURFACE_WITH_KNOTS('',1,1,(
    (#785,#786)
    ,(#787,#788
    )),.UNSPECIFIED.,.F.,.F.,.F.,(2,2),(2,2),(-77.99999998713,
    78.000000000002),(0.,1.),.PIECEWISE_BEZIER_KNOTS.);
#785 = CARTESIAN_POINT('',(-113.4,72.99999998235,1.6));
#786 = CARTESIAN_POINT('',(-126.4,77.999999987136,63.));
#787 = CARTESIAN_POINT('',(-113.4,-73.,1.6));
#788 = CARTESIAN_POINT('',(-126.4,-78.,63.));
#789 = DEFINITIONAL_REPRESENTATION('',(#790),#793);
#790 = B_SPLINE_CURVE_WITH_KNOTS('',1,(#791,#792),.UNSPECIFIED.,.F.,.F.,
  (2,2),(0.,1.),.PIECEWISE_BEZIER_KNOTS.);
#791 = CARTESIAN_POINT('',(78.000000000002,0.983713355049));
#792 = CARTESIAN_POINT('',(-77.99999998713,0.983713355049));
#793 = ( GEOMETRIC_REPRESENTATION_CONTEXT(2) 
PARAMETRIC_REPRESENTATION_CONTEXT() REPRESENTATION_CONTEXT('2D SPACE',''
  ) );
#794 = ORIENTED_EDGE('',*,*,#795,.T.);
#795 = EDGE_CURVE('',#771,#796,#798,.T.);
#796 = VERTEX_POINT('',#797);
#797 = CARTESIAN_POINT('',(-108.9185667752,95.188273615636,62.));
#798 = SURFACE_CURVE('',#799,(#822,#848),.PCURVE_S1.);
#799 = B_SPLINE_CURVE_WITH_KNOTS('',6,(#800,#801,#802,#803,#804,#805,
    #806,#807,#808,#809,#810,#811,#812,#813,#814,#815,#816,#817,#818,
    #819,#820,#821),.UNSPECIFIED.,.F.,.F.,(7,5,5,5,7),(0.,0.25099993612,
    0.499999999385,0.749999999889,1.),.UNSPECIFIED.);
#800 = CARTESIAN_POINT('',(-126.1882736156,77.918566762302,62.));
#801 = CARTESIAN_POINT('',(-126.1882736156,79.053369126099,62.));
#802 = CARTESIAN_POINT('',(-126.0987912267,80.18823871172,62.));
#803 = CARTESIAN_POINT('',(-125.9198074947,81.314207024635,62.));
#804 = CARTESIAN_POINT('',(-125.6525362947,82.422541774898,62.));
#805 = CARTESIAN_POINT('',(-125.299211071,83.504714264725,62.));
#806 = CARTESIAN_POINT('',(-124.430851502,85.591840796696,62.));
#807 = CARTESIAN_POINT('',(-123.917077827,86.597462056413,62.));
#808 = CARTESIAN_POINT('',(-123.3253192163,87.561226340476,62.));
#809 = CARTESIAN_POINT('',(-122.6599360485,88.475712579985,62.));
#810 = CARTESIAN_POINT('',(-121.9261266216,89.334060545926,62.));
#811 = CARTESIAN_POINT('',(-120.3308638405,90.929323327083,62.));
#812 = CARTESIAN_POINT('',(-119.4688171085,91.665829262989,62.));
#813 = CARTESIAN_POINT('',(-118.5502054399,92.333332722634,62.));
#814 = CARTESIAN_POINT('',(-117.5819751855,92.926576725548,62.));
#815 = CARTESIAN_POINT('',(-116.571641427,93.441155446131,62.));
#816 = CARTESIAN_POINT('',(-114.4831534491,94.306235496256,62.));
#817 = CARTESIAN_POINT('',(-113.4048775166,94.656787236568,62.));
#818 = CARTESIAN_POINT('',(-112.3007484988,94.921942556599,62.));
#819 = CARTESIAN_POINT('',(-111.1791957302,95.099502756656,62.));
#820 = CARTESIAN_POINT('',(-110.0488483024,95.188273602693,62.));
#821 = CARTESIAN_POINT('',(-108.9185667752,95.188273602693,62.));
#822 = PCURVE('',#206,#823);
#823 = DEFINITIONAL_REPRESENTATION('',(#824),#847);
#824 = B_SPLINE_CURVE_WITH_KNOTS('',6,(#825,#826,#827,#828,#829,#830,
    #831,#832,#833,#834,#835,#836,#837,#838,#839,#840,#841,#842,#843,
    #844,#845,#846),.UNSPECIFIED.,.F.,.F.,(7,5,5,5,7),(0.,0.25099993612,
    0.499999999385,0.749999999889,1.),.UNSPECIFIED.);
#825 = CARTESIAN_POINT('',(-17.18827361563,155.9185667623));
#826 = CARTESIAN_POINT('',(-17.18827361563,157.0533691261));
#827 = CARTESIAN_POINT('',(-17.09879122673,158.18823871172));
#828 = CARTESIAN_POINT('',(-16.91980749472,159.31420702463));
#829 = CARTESIAN_POINT('',(-16.65253629477,160.42254177489));
#830 = CARTESIAN_POINT('',(-16.29921107102,161.50471426472));
#831 = CARTESIAN_POINT('',(-15.43085150202,163.59184079669));
#832 = CARTESIAN_POINT('',(-14.91707782706,164.59746205641));
#833 = CARTESIAN_POINT('',(-14.32531921638,165.56122634047));
#834 = CARTESIAN_POINT('',(-13.65993604852,166.47571257998));
#835 = CARTESIAN_POINT('',(-12.92612662167,167.33406054592));
#836 = CARTESIAN_POINT('',(-11.33086384051,168.92932332708));
#837 = CARTESIAN_POINT('',(-10.46881710852,169.66582926298));
#838 = CARTESIAN_POINT('',(-9.550205439982,170.33333272263));
#839 = CARTESIAN_POINT('',(-8.581975185535,170.92657672554));
#840 = CARTESIAN_POINT('',(-7.571641427013,171.44115544613));
#841 = CARTESIAN_POINT('',(-5.483153449184,172.30623549625));
#842 = CARTESIAN_POINT('',(-4.404877516699,172.65678723656));
#843 = CARTESIAN_POINT('',(-3.300748498867,172.9219425566));
#844 = CARTESIAN_POINT('',(-2.179195730296,173.09950275665));
#845 = CARTESIAN_POINT('',(-1.04884830246,173.18827360269));
#846 = CARTESIAN_POINT('',(8.14332247557E-02,173.18827360269));
#847 = ( GEOMETRIC_REPRESENTATION_CONTEXT(2) 
PARAMETRIC_REPRESENTATION_CONTEXT() REPRESENTATION_CONTEXT('2D SPACE',''
  ) );
#848 = PCURVE('',#849,#868);
#849 = B_SPLINE_SURFACE_WITH_KNOTS('',8,1,(
    (#850,#851)
    ,(#852,#853)
    ,(#854,#855)
    ,(#856,#857)
    ,(#858,#859)
    ,(#860,#861)
    ,(#862,#863)
    ,(#864,#865)
    ,(#866,#867
    )),.UNSPECIFIED.,.F.,.F.,.F.,(9,9),(2,2),(4.712388980385,
    6.28318530718),(0.,1.),.PIECEWISE_BEZIER_KNOTS.);
#850 = CARTESIAN_POINT('',(-104.,82.39999998235,1.6));
#851 = CARTESIAN_POINT('',(-109.,95.399999987136,63.));
#852 = CARTESIAN_POINT('',(-105.8456856839,82.399999982349,1.6));
#853 = CARTESIAN_POINT('',(-112.4164820107,95.399999987135,63.));
#854 = CARTESIAN_POINT('',(-107.6913719489,81.985828566118,1.6));
#855 = CARTESIAN_POINT('',(-115.8329650969,94.633342259213,
    63.000000000001));
#856 = CARTESIAN_POINT('',(-109.4286244027,81.157489801535,1.6));
#857 = CARTESIAN_POINT('',(-119.0487302774,93.100034333294,
    62.999999999998));
#858 = CARTESIAN_POINT('',(-110.9490323043,79.949032286688,1.6));
#859 = CARTESIAN_POINT('',(-121.8631023505,90.863102337711,
    63.000000000002));
#860 = CARTESIAN_POINT('',(-112.1574898191,78.428624385094,1.6));
#861 = CARTESIAN_POINT('',(-124.1000343461,88.048730264562,
    62.999999999999));
#862 = CARTESIAN_POINT('',(-112.9858285837,76.691371931292,1.6));
#863 = CARTESIAN_POINT('',(-125.633342272,84.832965084111,
    63.000000000001));
#864 = CARTESIAN_POINT('',(-113.3999999999,74.845685666333,1.6));
#865 = CARTESIAN_POINT('',(-126.4,81.416481997914,63.));
#866 = CARTESIAN_POINT('',(-113.4,72.99999998235,1.6));
#867 = CARTESIAN_POINT('',(-126.4,77.999999987136,63.));
#868 = DEFINITIONAL_REPRESENTATION('',(#869),#892);
#869 = B_SPLINE_CURVE_WITH_KNOTS('',6,(#870,#871,#872,#873,#874,#875,
    #876,#877,#878,#879,#880,#881,#882,#883,#884,#885,#886,#887,#888,
    #889,#890,#891),.UNSPECIFIED.,.F.,.F.,(7,5,5,5,7),(0.,0.25099993612,
    0.499999999385,0.749999999889,1.),.UNSPECIFIED.);
#870 = CARTESIAN_POINT('',(6.28318530718,0.983713355049));
#871 = CARTESIAN_POINT('',(6.21747473234,0.983713355049));
#872 = CARTESIAN_POINT('',(6.151760308276,0.983713355049));
#873 = CARTESIAN_POINT('',(6.086050369428,0.983713355049));
#874 = CARTESIAN_POINT('',(6.020340435913,0.983713355049));
#875 = CARTESIAN_POINT('',(5.954626004732,0.983713355049));
#876 = CARTESIAN_POINT('',(5.823728410668,0.983713355049));
#877 = CARTESIAN_POINT('',(5.758537688412,0.983713355049));
#878 = CARTESIAN_POINT('',(5.693351290589,0.983713355049));
#879 = CARTESIAN_POINT('',(5.628164890121,0.983713355049));
#880 = CARTESIAN_POINT('',(5.562974164357,0.983713355049));
#881 = CARTESIAN_POINT('',(5.432338344441,0.983713355049));
#882 = CARTESIAN_POINT('',(5.366885765604,0.983713355049));
#883 = CARTESIAN_POINT('',(5.301437598806,0.983713355049));
#884 = CARTESIAN_POINT('',(5.235989434682,0.983713355049));
#885 = CARTESIAN_POINT('',(5.170536859358,0.983713355049));
#886 = CARTESIAN_POINT('',(5.039639264911,0.983713355049));
#887 = CARTESIAN_POINT('',(4.974186687616,0.983713355049));
#888 = CARTESIAN_POINT('',(4.908738519892,0.983713355049));
#889 = CARTESIAN_POINT('',(4.843290346985,0.983713355049));
#890 = CARTESIAN_POINT('',(4.777837776804,0.983713355049));
#891 = CARTESIAN_POINT('',(4.712388980385,0.983713355049));
#892 = ( GEOMETRIC_REPRESENTATION_CONTEXT(2) 
PARAMETRIC_REPRESENTATION_CONTEXT() REPRESENTATION_CONTEXT('2D SPACE',''
  ) );
#893 = ORIENTED_EDGE('',*,*,#894,.T.);
#894 = EDGE_CURVE('',#796,#895,#897,.T.);
#895 = VERTEX_POINT('',#896);
#896 = CARTESIAN_POINT('',(108.91856677524,95.188273602693,62.));
#897 = SURFACE_CURVE('',#898,(#901,#907),.PCURVE_S1.);
#898 = B_SPLINE_CURVE_WITH_KNOTS('',1,(#899,#900),.UNSPECIFIED.,.F.,.F.,
  (2,2),(0.,1.),.PIECEWISE_BEZIER_KNOTS.);
#899 = CARTESIAN_POINT('',(-108.9185667752,95.188273615636,62.));
#900 = CARTESIAN_POINT('',(108.91856677524,95.188273615636,62.));
#901 = PCURVE('',#206,#902);
#902 = DEFINITIONAL_REPRESENTATION('',(#903),#906);
#903 = B_SPLINE_CURVE_WITH_KNOTS('',1,(#904,#905),.UNSPECIFIED.,.F.,.F.,
  (2,2),(0.,1.),.PIECEWISE_BEZIER_KNOTS.);
#904 = CARTESIAN_POINT('',(8.14332247557E-02,173.18827361563));
#905 = CARTESIAN_POINT('',(217.91856677524,173.18827361563));
#906 = ( GEOMETRIC_REPRESENTATION_CONTEXT(2) 
PARAMETRIC_REPRESENTATION_CONTEXT() REPRESENTATION_CONTEXT('2D SPACE',''
  ) );
#907 = PCURVE('',#908,#913);
#908 = B_SPLINE_SURFACE_WITH_KNOTS('',1,1,(
    (#909,#910)
    ,(#911,#912
    )),.UNSPECIFIED.,.F.,.F.,.F.,(2,2),(2,2),(-109.,109.),(0.,1.),
  .PIECEWISE_BEZIER_KNOTS.);
#909 = CARTESIAN_POINT('',(104.,82.400000000002,1.6));
#910 = CARTESIAN_POINT('',(109.,95.400000000001,63.));
#911 = CARTESIAN_POINT('',(-104.,82.400000000002,1.6));
#912 = CARTESIAN_POINT('',(-109.,95.400000000001,63.));
#913 = DEFINITIONAL_REPRESENTATION('',(#914),#917);
#914 = B_SPLINE_CURVE_WITH_KNOTS('',1,(#915,#916),.UNSPECIFIED.,.F.,.F.,
  (2,2),(0.,1.),.PIECEWISE_BEZIER_KNOTS.);
#915 = CARTESIAN_POINT('',(109.,0.983713355049));
#916 = CARTESIAN_POINT('',(-109.,0.983713355049));
#917 = ( GEOMETRIC_REPRESENTATION_CONTEXT(2) 
PARAMETRIC_REPRESENTATION_CONTEXT() REPRESENTATION_CONTEXT('2D SPACE',''
  ) );
#918 = ORIENTED_EDGE('',*,*,#919,.T.);
#919 = EDGE_CURVE('',#895,#920,#922,.T.);
#920 = VERTEX_POINT('',#921);
#921 = CARTESIAN_POINT('',(126.18827361563,77.918566762302,62.));
#922 = SURFACE_CURVE('',#923,(#946,#972),.PCURVE_S1.);
#923 = B_SPLINE_CURVE_WITH_KNOTS('',6,(#924,#925,#926,#927,#928,#929,
    #930,#931,#932,#933,#934,#935,#936,#937,#938,#939,#940,#941,#942,
    #943,#944,#945),.UNSPECIFIED.,.F.,.F.,(7,5,5,5,7),(0.,0.251999871499
    ,0.500999935354,0.74999999927,1.),.UNSPECIFIED.);
#924 = CARTESIAN_POINT('',(108.91856677524,95.188273602693,62.));
#925 = CARTESIAN_POINT('',(110.0578899699,95.188273602693,62.));
#926 = CARTESIAN_POINT('',(111.19728172861,95.098076831475,62.));
#927 = CARTESIAN_POINT('',(112.32766473497,94.917663879794,62.));
#928 = CARTESIAN_POINT('',(113.44020269133,94.64826850993,62.));
#929 = CARTESIAN_POINT('',(114.52626678389,94.292159313036,62.));
#930 = CARTESIAN_POINT('',(116.61619797288,93.418779205565,62.));
#931 = CARTESIAN_POINT('',(117.62101095839,92.903426538997,62.));
#932 = CARTESIAN_POINT('',(118.58384452164,92.310154781949,62.));
#933 = CARTESIAN_POINT('',(119.49728445186,91.643335964104,62.));
#934 = CARTESIAN_POINT('',(120.35447869406,90.908179153328,62.));
#935 = CARTESIAN_POINT('',(121.94404198221,89.313614244136,62.));
#936 = CARTESIAN_POINT('',(122.67650221454,88.454114672343,62.));
#937 = CARTESIAN_POINT('',(123.34044809064,87.538584379954,62.));
#938 = CARTESIAN_POINT('',(123.93069209485,86.573891753072,62.));
#939 = CARTESIAN_POINT('',(124.44288551052,85.567464700418,62.));
#940 = CARTESIAN_POINT('',(125.30623550919,83.48315343624,62.));
#941 = CARTESIAN_POINT('',(125.65678724951,82.404877503758,62.));
#942 = CARTESIAN_POINT('',(125.92194256954,81.300748485924,62.));
#943 = CARTESIAN_POINT('',(126.09950276959,80.179195717354,62.));
#944 = CARTESIAN_POINT('',(126.18827361563,79.048848289518,62.));
#945 = CARTESIAN_POINT('',(126.18827361563,77.918566762302,62.));
#946 = PCURVE('',#206,#947);
#947 = DEFINITIONAL_REPRESENTATION('',(#948),#971);
#948 = B_SPLINE_CURVE_WITH_KNOTS('',6,(#949,#950,#951,#952,#953,#954,
    #955,#956,#957,#958,#959,#960,#961,#962,#963,#964,#965,#966,#967,
    #968,#969,#970),.UNSPECIFIED.,.F.,.F.,(7,5,5,5,7),(0.,0.251999871499
    ,0.500999935354,0.74999999927,1.),.UNSPECIFIED.);
#949 = CARTESIAN_POINT('',(217.91856677524,173.18827360269));
#950 = CARTESIAN_POINT('',(219.0578899699,173.18827360269));
#951 = CARTESIAN_POINT('',(220.19728172861,173.09807683147));
#952 = CARTESIAN_POINT('',(221.32766473497,172.91766387979));
#953 = CARTESIAN_POINT('',(222.44020269133,172.64826850993));
#954 = CARTESIAN_POINT('',(223.52626678389,172.29215931303));
#955 = CARTESIAN_POINT('',(225.61619797288,171.41877920556));
#956 = CARTESIAN_POINT('',(226.62101095839,170.90342653899));
#957 = CARTESIAN_POINT('',(227.58384452164,170.31015478195));
#958 = CARTESIAN_POINT('',(228.49728445186,169.6433359641));
#959 = CARTESIAN_POINT('',(229.35447869406,168.90817915332));
#960 = CARTESIAN_POINT('',(230.94404198221,167.31361424413));
#961 = CARTESIAN_POINT('',(231.67650221454,166.45411467234));
#962 = CARTESIAN_POINT('',(232.34044809064,165.53858437995));
#963 = CARTESIAN_POINT('',(232.93069209485,164.57389175307));
#964 = CARTESIAN_POINT('',(233.44288551052,163.56746470041));
#965 = CARTESIAN_POINT('',(234.30623550919,161.48315343624));
#966 = CARTESIAN_POINT('',(234.65678724951,160.40487750375));
#967 = CARTESIAN_POINT('',(234.92194256954,159.30074848592));
#968 = CARTESIAN_POINT('',(235.09950276959,158.17919571735));
#969 = CARTESIAN_POINT('',(235.18827361563,157.04884828951));
#970 = CARTESIAN_POINT('',(235.18827361563,155.9185667623));
#971 = ( GEOMETRIC_REPRESENTATION_CONTEXT(2) 
PARAMETRIC_REPRESENTATION_CONTEXT() REPRESENTATION_CONTEXT('2D SPACE',''
  ) );
#972 = PCURVE('',#973,#992);
#973 = B_SPLINE_SURFACE_WITH_KNOTS('',8,1,(
    (#974,#975)
    ,(#976,#977)
    ,(#978,#979)
    ,(#980,#981)
    ,(#982,#983)
    ,(#984,#985)
    ,(#986,#987)
    ,(#988,#989)
    ,(#990,#991
    )),.UNSPECIFIED.,.F.,.F.,.F.,(9,9),(2,2),(0.,1.570796326795),(0.,1.)
  ,.PIECEWISE_BEZIER_KNOTS.);
#974 = CARTESIAN_POINT('',(113.4,72.99999998235,1.6));
#975 = CARTESIAN_POINT('',(126.4,77.999999987136,63.));
#976 = CARTESIAN_POINT('',(113.39999999999,74.845685666332,1.6));
#977 = CARTESIAN_POINT('',(126.4,81.416481997914,63.));
#978 = CARTESIAN_POINT('',(112.98582858376,76.691371931293,1.6));
#979 = CARTESIAN_POINT('',(125.63334227207,84.832965084111,
    63.000000000001));
#980 = CARTESIAN_POINT('',(112.15748981918,78.428624385093,1.6));
#981 = CARTESIAN_POINT('',(124.10003434616,88.048730264562,
    62.999999999998));
#982 = CARTESIAN_POINT('',(110.94903230433,79.949032286687,1.6));
#983 = CARTESIAN_POINT('',(121.86310235057,90.863102337709,
    63.000000000002));
#984 = CARTESIAN_POINT('',(109.42862440274,81.157489801537,1.6));
#985 = CARTESIAN_POINT('',(119.04873027743,93.100034333297,
    62.999999999999));
#986 = CARTESIAN_POINT('',(107.69137194894,81.985828566116,1.6));
#987 = CARTESIAN_POINT('',(115.83296509697,94.633342259211,63.));
#988 = CARTESIAN_POINT('',(105.84568568398,82.399999982349,1.6));
#989 = CARTESIAN_POINT('',(112.41648201077,95.399999987136,63.));
#990 = CARTESIAN_POINT('',(104.,82.39999998235,1.6));
#991 = CARTESIAN_POINT('',(109.,95.399999987136,63.));
#992 = DEFINITIONAL_REPRESENTATION('',(#993),#1016);
#993 = B_SPLINE_CURVE_WITH_KNOTS('',6,(#994,#995,#996,#997,#998,#999,
    #1000,#1001,#1002,#1003,#1004,#1005,#1006,#1007,#1008,#1009,#1010,
    #1011,#1012,#1013,#1014,#1015),.UNSPECIFIED.,.F.,.F.,(7,5,5,5,7),(0.
    ,0.251999871499,0.500999935354,0.74999999927,1.),.UNSPECIFIED.);
#994 = CARTESIAN_POINT('',(1.570796326795,0.983713355049));
#995 = CARTESIAN_POINT('',(1.504823973866,0.983713355049));
#996 = CARTESIAN_POINT('',(1.438847695056,0.983713355049));
#997 = CARTESIAN_POINT('',(1.372875990797,0.983713355049));
#998 = CARTESIAN_POINT('',(1.306904292025,0.983713355049));
#999 = CARTESIAN_POINT('',(1.240928006095,0.983713355049));
#1000 = CARTESIAN_POINT('',(1.109768633996,0.983713355049));
#1001 = CARTESIAN_POINT('',(1.044577911762,0.983713355049));
#1002 = CARTESIAN_POINT('',(0.979391513917,0.983713355049));
#1003 = CARTESIAN_POINT('',(0.914205113415,0.983713355049));
#1004 = CARTESIAN_POINT('',(0.849014387637,0.983713355049));
#1005 = CARTESIAN_POINT('',(0.718640346488,0.983713355049));
#1006 = CARTESIAN_POINT('',(0.653449620738,0.983713355049));
#1007 = CARTESIAN_POINT('',(0.588263220306,0.983713355049));
#1008 = CARTESIAN_POINT('',(0.523076822504,0.983713355049));
#1009 = CARTESIAN_POINT('',(0.457886100225,0.983713355049));
#1010 = CARTESIAN_POINT('',(0.327250284527,0.983713355049));
#1011 = CARTESIAN_POINT('',(0.261797707231,0.983713355049));
#1012 = CARTESIAN_POINT('',(0.196349539507,0.983713355049));
#1013 = CARTESIAN_POINT('',(0.1309013666,0.983713355049));
#1014 = CARTESIAN_POINT('',(6.544879641921E-02,0.983713355049));
#1015 = CARTESIAN_POINT('',(0.,0.983713355049));
#1016 = ( GEOMETRIC_REPRESENTATION_CONTEXT(2) 
PARAMETRIC_REPRESENTATION_CONTEXT() REPRESENTATION_CONTEXT('2D SPACE',''
  ) );
#1017 = ORIENTED_EDGE('',*,*,#1018,.T.);
#1018 = EDGE_CURVE('',#920,#1019,#1021,.T.);
#1019 = VERTEX_POINT('',#1020);
#1020 = CARTESIAN_POINT('',(126.18827361563,-77.91856677524,62.));
#1021 = SURFACE_CURVE('',#1022,(#1025,#1031),.PCURVE_S1.);
#1022 = B_SPLINE_CURVE_WITH_KNOTS('',1,(#1023,#1024),.UNSPECIFIED.,.F.,
  .F.,(2,2),(0.,1.),.PIECEWISE_BEZIER_KNOTS.);
#1023 = CARTESIAN_POINT('',(126.18827361563,77.918566762302,62.));
#1024 = CARTESIAN_POINT('',(126.18827361563,-77.91856677524,62.));
#1025 = PCURVE('',#206,#1026);
#1026 = DEFINITIONAL_REPRESENTATION('',(#1027),#1030);
#1027 = B_SPLINE_CURVE_WITH_KNOTS('',1,(#1028,#1029),.UNSPECIFIED.,.F.,
  .F.,(2,2),(0.,1.),.PIECEWISE_BEZIER_KNOTS.);
#1028 = CARTESIAN_POINT('',(235.18827361563,155.9185667623));
#1029 = CARTESIAN_POINT('',(235.18827361563,8.143322475554E-02));
#1030 = ( GEOMETRIC_REPRESENTATION_CONTEXT(2) 
PARAMETRIC_REPRESENTATION_CONTEXT() REPRESENTATION_CONTEXT('2D SPACE',''
  ) );
#1031 = PCURVE('',#1032,#1037);
#1032 = B_SPLINE_SURFACE_WITH_KNOTS('',1,1,(
    (#1033,#1034)
    ,(#1035,#1036
    )),.UNSPECIFIED.,.F.,.F.,.F.,(2,2),(2,2),(-78.,77.999999987135),(0.,
    1.),.PIECEWISE_BEZIER_KNOTS.);
#1033 = CARTESIAN_POINT('',(113.4,-73.,1.6));
#1034 = CARTESIAN_POINT('',(126.4,-78.,63.));
#1035 = CARTESIAN_POINT('',(113.4,72.99999998235,1.6));
#1036 = CARTESIAN_POINT('',(126.4,77.999999987136,63.));
#1037 = DEFINITIONAL_REPRESENTATION('',(#1038),#1041);
#1038 = B_SPLINE_CURVE_WITH_KNOTS('',1,(#1039,#1040),.UNSPECIFIED.,.F.,
  .F.,(2,2),(0.,1.),.PIECEWISE_BEZIER_KNOTS.);
#1039 = CARTESIAN_POINT('',(77.999999987135,0.983713355049));
#1040 = CARTESIAN_POINT('',(-78.,0.983713355049));
#1041 = ( GEOMETRIC_REPRESENTATION_CONTEXT(2) 
PARAMETRIC_REPRESENTATION_CONTEXT() REPRESENTATION_CONTEXT('2D SPACE',''
  ) );
#1042 = ORIENTED_EDGE('',*,*,#1043,.T.);
#1043 = EDGE_CURVE('',#1019,#1044,#1046,.T.);
#1044 = VERTEX_POINT('',#1045);
#1045 = CARTESIAN_POINT('',(108.91856677524,-95.18827361563,62.));
#1046 = SURFACE_CURVE('',#1047,(#1070,#1096),.PCURVE_S1.);
#1047 = B_SPLINE_CURVE_WITH_KNOTS('',6,(#1048,#1049,#1050,#1051,#1052,
    #1053,#1054,#1055,#1056,#1057,#1058,#1059,#1060,#1061,#1062,#1063,
    #1064,#1065,#1066,#1067,#1068,#1069),.UNSPECIFIED.,.F.,.F.,(7,5,5,5,
    7),(0.,0.25099993612,0.499999999384,0.749999999888,1.),
  .UNSPECIFIED.);
#1048 = CARTESIAN_POINT('',(126.18827361563,-77.91856677524,62.));
#1049 = CARTESIAN_POINT('',(126.18827361563,-79.05336913904,62.));
#1050 = CARTESIAN_POINT('',(126.09879122673,-80.18823872465,62.));
#1051 = CARTESIAN_POINT('',(125.91980749472,-81.31420703758,62.));
#1052 = CARTESIAN_POINT('',(125.65253629477,-82.42254178783,62.));
#1053 = CARTESIAN_POINT('',(125.29921107102,-83.50471427767,62.));
#1054 = CARTESIAN_POINT('',(124.43085150202,-85.59184080963,62.));
#1055 = CARTESIAN_POINT('',(123.91707782706,-86.59746206935,62.));
#1056 = CARTESIAN_POINT('',(123.32531921638,-87.56122635341,62.));
#1057 = CARTESIAN_POINT('',(122.65993604852,-88.47571259293,62.));
#1058 = CARTESIAN_POINT('',(121.92612662167,-89.33406055886,62.));
#1059 = CARTESIAN_POINT('',(120.33086384051,-90.92932334002,62.));
#1060 = CARTESIAN_POINT('',(119.46881710852,-91.66582927592,62.));
#1061 = CARTESIAN_POINT('',(118.55020543997,-92.33333273558,62.));
#1062 = CARTESIAN_POINT('',(117.58197518553,-92.92657673848,62.));
#1063 = CARTESIAN_POINT('',(116.57164142701,-93.44115545907,62.));
#1064 = CARTESIAN_POINT('',(114.48315344918,-94.3062355092,62.));
#1065 = CARTESIAN_POINT('',(113.4048775167,-94.65678724951,62.));
#1066 = CARTESIAN_POINT('',(112.30074849886,-94.92194256954,62.));
#1067 = CARTESIAN_POINT('',(111.17919573029,-95.09950276959,62.));
#1068 = CARTESIAN_POINT('',(110.04884830246,-95.18827361563,62.));
#1069 = CARTESIAN_POINT('',(108.91856677524,-95.18827361563,62.));
#1070 = PCURVE('',#206,#1071);
#1071 = DEFINITIONAL_REPRESENTATION('',(#1072),#1095);
#1072 = B_SPLINE_CURVE_WITH_KNOTS('',6,(#1073,#1074,#1075,#1076,#1077,
    #1078,#1079,#1080,#1081,#1082,#1083,#1084,#1085,#1086,#1087,#1088,
    #1089,#1090,#1091,#1092,#1093,#1094),.UNSPECIFIED.,.F.,.F.,(7,5,5,5,
    7),(0.,0.25099993612,0.499999999384,0.749999999888,1.),
  .UNSPECIFIED.);
#1073 = CARTESIAN_POINT('',(235.18827361563,8.143322475554E-02));
#1074 = CARTESIAN_POINT('',(235.18827361563,-1.053369139044));
#1075 = CARTESIAN_POINT('',(235.09879122673,-2.188238724654));
#1076 = CARTESIAN_POINT('',(234.91980749472,-3.314207037587));
#1077 = CARTESIAN_POINT('',(234.65253629477,-4.422541787834));
#1078 = CARTESIAN_POINT('',(234.29921107102,-5.50471427767));
#1079 = CARTESIAN_POINT('',(233.43085150202,-7.591840809638));
#1080 = CARTESIAN_POINT('',(232.91707782706,-8.597462069356));
#1081 = CARTESIAN_POINT('',(232.32531921638,-9.561226353416));
#1082 = CARTESIAN_POINT('',(231.65993604852,-10.47571259292));
#1083 = CARTESIAN_POINT('',(230.92612662167,-11.33406055886));
#1084 = CARTESIAN_POINT('',(229.33086384051,-12.92932334002));
#1085 = CARTESIAN_POINT('',(228.46881710852,-13.66582927592));
#1086 = CARTESIAN_POINT('',(227.55020543997,-14.33333273558));
#1087 = CARTESIAN_POINT('',(226.58197518553,-14.92657673848));
#1088 = CARTESIAN_POINT('',(225.57164142701,-15.44115545907));
#1089 = CARTESIAN_POINT('',(223.48315344918,-16.30623550919));
#1090 = CARTESIAN_POINT('',(222.4048775167,-16.6567872495));
#1091 = CARTESIAN_POINT('',(221.30074849886,-16.92194256954));
#1092 = CARTESIAN_POINT('',(220.17919573029,-17.09950276959));
#1093 = CARTESIAN_POINT('',(219.04884830246,-17.18827361563));
#1094 = CARTESIAN_POINT('',(217.91856677524,-17.18827361563));
#1095 = ( GEOMETRIC_REPRESENTATION_CONTEXT(2) 
PARAMETRIC_REPRESENTATION_CONTEXT() REPRESENTATION_CONTEXT('2D SPACE',''
  ) );
#1096 = PCURVE('',#1097,#1116);
#1097 = B_SPLINE_SURFACE_WITH_KNOTS('',8,1,(
    (#1098,#1099)
    ,(#1100,#1101)
    ,(#1102,#1103)
    ,(#1104,#1105)
    ,(#1106,#1107)
    ,(#1108,#1109)
    ,(#1110,#1111)
    ,(#1112,#1113)
    ,(#1114,#1115
    )),.UNSPECIFIED.,.F.,.F.,.F.,(9,9),(2,2),(1.570796326795,
    3.14159265359),(0.,1.),.PIECEWISE_BEZIER_KNOTS.);
#1098 = CARTESIAN_POINT('',(104.,-82.4,1.6));
#1099 = CARTESIAN_POINT('',(109.,-95.4,63.));
#1100 = CARTESIAN_POINT('',(105.84568568398,-82.4,1.6));
#1101 = CARTESIAN_POINT('',(112.41648201077,-95.4,62.999999999999));
#1102 = CARTESIAN_POINT('',(107.69137194894,-81.98582858376,1.6));
#1103 = CARTESIAN_POINT('',(115.83296509697,-94.63334227207,
    63.000000000002));
#1104 = CARTESIAN_POINT('',(109.42862440274,-81.15748981918,1.6));
#1105 = CARTESIAN_POINT('',(119.04873027742,-93.10003434615,
    62.999999999996));
#1106 = CARTESIAN_POINT('',(110.94903230433,-79.94903230433,1.6));
#1107 = CARTESIAN_POINT('',(121.86310235058,-90.86310235057,
    63.000000000004));
#1108 = CARTESIAN_POINT('',(112.15748981918,-78.42862440274,1.6));
#1109 = CARTESIAN_POINT('',(124.10003434615,-88.04873027742,
    62.999999999996));
#1110 = CARTESIAN_POINT('',(112.98582858376,-76.69137194894,1.6));
#1111 = CARTESIAN_POINT('',(125.63334227207,-84.83296509697,
    63.000000000002));
#1112 = CARTESIAN_POINT('',(113.4,-74.84568568398,1.6));
#1113 = CARTESIAN_POINT('',(126.39999999999,-81.41648201077,
    62.999999999999));
#1114 = CARTESIAN_POINT('',(113.4,-73.,1.6));
#1115 = CARTESIAN_POINT('',(126.4,-78.,63.));
#1116 = DEFINITIONAL_REPRESENTATION('',(#1117),#1140);
#1117 = B_SPLINE_CURVE_WITH_KNOTS('',6,(#1118,#1119,#1120,#1121,#1122,
    #1123,#1124,#1125,#1126,#1127,#1128,#1129,#1130,#1131,#1132,#1133,
    #1134,#1135,#1136,#1137,#1138,#1139),.UNSPECIFIED.,.F.,.F.,(7,5,5,5,
    7),(0.,0.25099993612,0.499999999384,0.749999999888,1.),
  .UNSPECIFIED.);
#1118 = CARTESIAN_POINT('',(3.14159265359,0.983713355049));
#1119 = CARTESIAN_POINT('',(3.07588207875,0.983713355049));
#1120 = CARTESIAN_POINT('',(3.010167654686,0.983713355049));
#1121 = CARTESIAN_POINT('',(2.944457715838,0.983713355049));
#1122 = CARTESIAN_POINT('',(2.878747782324,0.983713355049));
#1123 = CARTESIAN_POINT('',(2.813033351142,0.983713355049));
#1124 = CARTESIAN_POINT('',(2.682135757078,0.983713355049));
#1125 = CARTESIAN_POINT('',(2.616945034822,0.983713355049));
#1126 = CARTESIAN_POINT('',(2.551758636999,0.983713355049));
#1127 = CARTESIAN_POINT('',(2.486572236531,0.983713355049));
#1128 = CARTESIAN_POINT('',(2.421381510767,0.983713355049));
#1129 = CARTESIAN_POINT('',(2.290745690851,0.983713355049));
#1130 = CARTESIAN_POINT('',(2.225293112015,0.983713355049));
#1131 = CARTESIAN_POINT('',(2.159844945216,0.983713355049));
#1132 = CARTESIAN_POINT('',(2.094396781093,0.983713355049));
#1133 = CARTESIAN_POINT('',(2.028944205768,0.983713355049));
#1134 = CARTESIAN_POINT('',(1.898046611322,0.983713355049));
#1135 = CARTESIAN_POINT('',(1.832594034026,0.983713355049));
#1136 = CARTESIAN_POINT('',(1.767145866302,0.983713355049));
#1137 = CARTESIAN_POINT('',(1.701697693395,0.983713355049));
#1138 = CARTESIAN_POINT('',(1.636245123214,0.983713355049));
#1139 = CARTESIAN_POINT('',(1.570796326795,0.983713355049));
#1140 = ( GEOMETRIC_REPRESENTATION_CONTEXT(2) 
PARAMETRIC_REPRESENTATION_CONTEXT() REPRESENTATION_CONTEXT('2D SPACE',''
  ) );
#1141 = ORIENTED_EDGE('',*,*,#1142,.T.);
#1142 = EDGE_CURVE('',#1044,#670,#1143,.T.);
#1143 = SURFACE_CURVE('',#1144,(#1147,#1153),.PCURVE_S1.);
#1144 = B_SPLINE_CURVE_WITH_KNOTS('',1,(#1145,#1146),.UNSPECIFIED.,.F.,
  .F.,(2,2),(0.,1.),.PIECEWISE_BEZIER_KNOTS.);
#1145 = CARTESIAN_POINT('',(108.91856677524,-95.18827361563,62.));
#1146 = CARTESIAN_POINT('',(-108.9185667752,-95.18827361563,62.));
#1147 = PCURVE('',#206,#1148);
#1148 = DEFINITIONAL_REPRESENTATION('',(#1149),#1152);
#1149 = B_SPLINE_CURVE_WITH_KNOTS('',1,(#1150,#1151),.UNSPECIFIED.,.F.,
  .F.,(2,2),(0.,1.),.PIECEWISE_BEZIER_KNOTS.);
#1150 = CARTESIAN_POINT('',(217.91856677524,-17.18827361563));
#1151 = CARTESIAN_POINT('',(8.14332247557E-02,-17.18827361563));
#1152 = ( GEOMETRIC_REPRESENTATION_CONTEXT(2) 
PARAMETRIC_REPRESENTATION_CONTEXT() REPRESENTATION_CONTEXT('2D SPACE',''
  ) );
#1153 = PCURVE('',#1154,#1159);
#1154 = B_SPLINE_SURFACE_WITH_KNOTS('',1,1,(
    (#1155,#1156)
    ,(#1157,#1158
    )),.UNSPECIFIED.,.F.,.F.,.F.,(2,2),(2,2),(-109.,109.),(0.,1.),
  .PIECEWISE_BEZIER_KNOTS.);
#1155 = CARTESIAN_POINT('',(-104.,-82.39999999999,1.6));
#1156 = CARTESIAN_POINT('',(-109.,-95.39999999999,63.));
#1157 = CARTESIAN_POINT('',(104.,-82.39999999999,1.6));
#1158 = CARTESIAN_POINT('',(109.,-95.39999999999,63.));
#1159 = DEFINITIONAL_REPRESENTATION('',(#1160),#1163);
#1160 = B_SPLINE_CURVE_WITH_KNOTS('',1,(#1161,#1162),.UNSPECIFIED.,.F.,
  .F.,(2,2),(0.,1.),.PIECEWISE_BEZIER_KNOTS.);
#1161 = CARTESIAN_POINT('',(109.,0.983713355049));
#1162 = CARTESIAN_POINT('',(-109.,0.983713355049));
#1163 = ( GEOMETRIC_REPRESENTATION_CONTEXT(2) 
PARAMETRIC_REPRESENTATION_CONTEXT() REPRESENTATION_CONTEXT('2D SPACE',''
  ) );
#1164 = ADVANCED_FACE('',(#1165),#231,.T.);
#1165 = FACE_BOUND('',#1166,.T.);
#1166 = EDGE_LOOP('',(#1167,#1168,#1169,#1170));
#1167 = ORIENTED_EDGE('',*,*,#452,.F.);
#1168 = ORIENTED_EDGE('',*,*,#218,.T.);
#1169 = ORIENTED_EDGE('',*,*,#645,.F.);
#1170 = ORIENTED_EDGE('',*,*,#1171,.F.);
#1171 = EDGE_CURVE('',#426,#623,#1172,.T.);
#1172 = SURFACE_CURVE('',#1173,(#1176,#1183),.PCURVE_S1.);
#1173 = B_SPLINE_CURVE_WITH_KNOTS('',1,(#1174,#1175),.UNSPECIFIED.,.F.,
  .F.,(2,2),(0.,1.),.PIECEWISE_BEZIER_KNOTS.);
#1174 = CARTESIAN_POINT('',(-104.,84.000000000002,0.));
#1175 = CARTESIAN_POINT('',(-109.,97.000000000001,62.));
#1176 = PCURVE('',#231,#1177);
#1177 = DEFINITIONAL_REPRESENTATION('',(#1178),#1182);
#1178 = LINE('',#1179,#1180);
#1179 = CARTESIAN_POINT('',(4.712388980385,0.));
#1180 = VECTOR('',#1181,1.);
#1181 = DIRECTION('',(0.,1.));
#1182 = ( GEOMETRIC_REPRESENTATION_CONTEXT(2) 
PARAMETRIC_REPRESENTATION_CONTEXT() REPRESENTATION_CONTEXT('2D SPACE',''
  ) );
#1183 = PCURVE('',#441,#1184);
#1184 = DEFINITIONAL_REPRESENTATION('',(#1185),#1189);
#1185 = LINE('',#1186,#1187);
#1186 = CARTESIAN_POINT('',(109.,0.));
#1187 = VECTOR('',#1188,1.);
#1188 = DIRECTION('',(0.,1.));
#1189 = ( GEOMETRIC_REPRESENTATION_CONTEXT(2) 
PARAMETRIC_REPRESENTATION_CONTEXT() REPRESENTATION_CONTEXT('2D SPACE',''
  ) );
#1190 = ADVANCED_FACE('',(#1191),#301,.T.);
#1191 = FACE_BOUND('',#1192,.T.);
#1192 = EDGE_LOOP('',(#1193,#1194,#1214,#1215));
#1193 = ORIENTED_EDGE('',*,*,#285,.T.);
#1194 = ORIENTED_EDGE('',*,*,#1195,.T.);
#1195 = EDGE_CURVE('',#286,#529,#1196,.T.);
#1196 = SURFACE_CURVE('',#1197,(#1200,#1207),.PCURVE_S1.);
#1197 = B_SPLINE_CURVE_WITH_KNOTS('',1,(#1198,#1199),.UNSPECIFIED.,.F.,
  .F.,(2,2),(0.,1.),.PIECEWISE_BEZIER_KNOTS.);
#1198 = CARTESIAN_POINT('',(104.,-83.99999999999,0.));
#1199 = CARTESIAN_POINT('',(109.,-96.99999999999,62.));
#1200 = PCURVE('',#301,#1201);
#1201 = DEFINITIONAL_REPRESENTATION('',(#1202),#1206);
#1202 = LINE('',#1203,#1204);
#1203 = CARTESIAN_POINT('',(109.,0.));
#1204 = VECTOR('',#1205,1.);
#1205 = DIRECTION('',(0.,1.));
#1206 = ( GEOMETRIC_REPRESENTATION_CONTEXT(2) 
PARAMETRIC_REPRESENTATION_CONTEXT() REPRESENTATION_CONTEXT('2D SPACE',''
  ) );
#1207 = PCURVE('',#329,#1208);
#1208 = DEFINITIONAL_REPRESENTATION('',(#1209),#1213);
#1209 = LINE('',#1210,#1211);
#1210 = CARTESIAN_POINT('',(1.570796326795,0.));
#1211 = VECTOR('',#1212,1.);
#1212 = DIRECTION('',(0.,1.));
#1213 = ( GEOMETRIC_REPRESENTATION_CONTEXT(2) 
PARAMETRIC_REPRESENTATION_CONTEXT() REPRESENTATION_CONTEXT('2D SPACE',''
  ) );
#1214 = ORIENTED_EDGE('',*,*,#528,.F.);
#1215 = ORIENTED_EDGE('',*,*,#478,.F.);
#1216 = ADVANCED_FACE('',(#1217),#329,.T.);
#1217 = FACE_BOUND('',#1218,.T.);
#1218 = EDGE_LOOP('',(#1219,#1220,#1240,#1241));
#1219 = ORIENTED_EDGE('',*,*,#312,.F.);
#1220 = ORIENTED_EDGE('',*,*,#1221,.T.);
#1221 = EDGE_CURVE('',#313,#552,#1222,.T.);
#1222 = SURFACE_CURVE('',#1223,(#1226,#1233),.PCURVE_S1.);
#1223 = B_SPLINE_CURVE_WITH_KNOTS('',1,(#1224,#1225),.UNSPECIFIED.,.F.,
  .F.,(2,2),(0.,1.),.PIECEWISE_BEZIER_KNOTS.);
#1224 = CARTESIAN_POINT('',(115.,-73.,0.));
#1225 = CARTESIAN_POINT('',(128.,-78.,62.));
#1226 = PCURVE('',#329,#1227);
#1227 = DEFINITIONAL_REPRESENTATION('',(#1228),#1232);
#1228 = LINE('',#1229,#1230);
#1229 = CARTESIAN_POINT('',(3.14159265359,0.));
#1230 = VECTOR('',#1231,1.);
#1231 = DIRECTION('',(0.,1.));
#1232 = ( GEOMETRIC_REPRESENTATION_CONTEXT(2) 
PARAMETRIC_REPRESENTATION_CONTEXT() REPRESENTATION_CONTEXT('2D SPACE',''
  ) );
#1233 = PCURVE('',#371,#1234);
#1234 = DEFINITIONAL_REPRESENTATION('',(#1235),#1239);
#1235 = LINE('',#1236,#1237);
#1236 = CARTESIAN_POINT('',(-78.,0.));
#1237 = VECTOR('',#1238,1.);
#1238 = DIRECTION('',(0.,1.));
#1239 = ( GEOMETRIC_REPRESENTATION_CONTEXT(2) 
PARAMETRIC_REPRESENTATION_CONTEXT() REPRESENTATION_CONTEXT('2D SPACE',''
  ) );
#1240 = ORIENTED_EDGE('',*,*,#551,.F.);
#1241 = ORIENTED_EDGE('',*,*,#1195,.F.);
#1242 = ADVANCED_FACE('',(#1243),#371,.T.);
#1243 = FACE_BOUND('',#1244,.T.);
#1244 = EDGE_LOOP('',(#1245,#1246,#1266,#1267));
#1245 = ORIENTED_EDGE('',*,*,#355,.T.);
#1246 = ORIENTED_EDGE('',*,*,#1247,.T.);
#1247 = EDGE_CURVE('',#356,#576,#1248,.T.);
#1248 = SURFACE_CURVE('',#1249,(#1252,#1259),.PCURVE_S1.);
#1249 = B_SPLINE_CURVE_WITH_KNOTS('',1,(#1250,#1251),.UNSPECIFIED.,.F.,
  .F.,(2,2),(0.,1.),.PIECEWISE_BEZIER_KNOTS.);
#1250 = CARTESIAN_POINT('',(115.,72.999999984068,0.));
#1251 = CARTESIAN_POINT('',(128.,77.999999987992,62.));
#1252 = PCURVE('',#371,#1253);
#1253 = DEFINITIONAL_REPRESENTATION('',(#1254),#1258);
#1254 = LINE('',#1255,#1256);
#1255 = CARTESIAN_POINT('',(77.999999987991,0.));
#1256 = VECTOR('',#1257,1.);
#1257 = DIRECTION('',(0.,1.));
#1258 = ( GEOMETRIC_REPRESENTATION_CONTEXT(2) 
PARAMETRIC_REPRESENTATION_CONTEXT() REPRESENTATION_CONTEXT('2D SPACE',''
  ) );
#1259 = PCURVE('',#399,#1260);
#1260 = DEFINITIONAL_REPRESENTATION('',(#1261),#1265);
#1261 = LINE('',#1262,#1263);
#1262 = CARTESIAN_POINT('',(3.14159265359,0.));
#1263 = VECTOR('',#1264,1.);
#1264 = DIRECTION('',(0.,1.));
#1265 = ( GEOMETRIC_REPRESENTATION_CONTEXT(2) 
PARAMETRIC_REPRESENTATION_CONTEXT() REPRESENTATION_CONTEXT('2D SPACE',''
  ) );
#1266 = ORIENTED_EDGE('',*,*,#575,.F.);
#1267 = ORIENTED_EDGE('',*,*,#1221,.F.);
#1268 = ADVANCED_FACE('',(#1269),#399,.T.);
#1269 = FACE_BOUND('',#1270,.T.);
#1270 = EDGE_LOOP('',(#1271,#1272,#1292,#1293));
#1271 = ORIENTED_EDGE('',*,*,#382,.F.);
#1272 = ORIENTED_EDGE('',*,*,#1273,.T.);
#1273 = EDGE_CURVE('',#383,#599,#1274,.T.);
#1274 = SURFACE_CURVE('',#1275,(#1278,#1285),.PCURVE_S1.);
#1275 = B_SPLINE_CURVE_WITH_KNOTS('',1,(#1276,#1277),.UNSPECIFIED.,.F.,
  .F.,(2,2),(0.,1.),.PIECEWISE_BEZIER_KNOTS.);
#1276 = CARTESIAN_POINT('',(104.,83.999999984068,0.));
#1277 = CARTESIAN_POINT('',(109.,96.999999987992,62.));
#1278 = PCURVE('',#399,#1279);
#1279 = DEFINITIONAL_REPRESENTATION('',(#1280),#1284);
#1280 = LINE('',#1281,#1282);
#1281 = CARTESIAN_POINT('',(4.712388980385,0.));
#1282 = VECTOR('',#1283,1.);
#1283 = DIRECTION('',(0.,1.));
#1284 = ( GEOMETRIC_REPRESENTATION_CONTEXT(2) 
PARAMETRIC_REPRESENTATION_CONTEXT() REPRESENTATION_CONTEXT('2D SPACE',''
  ) );
#1285 = PCURVE('',#441,#1286);
#1286 = DEFINITIONAL_REPRESENTATION('',(#1287),#1291);
#1287 = LINE('',#1288,#1289);
#1288 = CARTESIAN_POINT('',(-109.,0.));
#1289 = VECTOR('',#1290,1.);
#1290 = DIRECTION('',(0.,1.));
#1291 = ( GEOMETRIC_REPRESENTATION_CONTEXT(2) 
PARAMETRIC_REPRESENTATION_CONTEXT() REPRESENTATION_CONTEXT('2D SPACE',''
  ) );
#1292 = ORIENTED_EDGE('',*,*,#598,.F.);
#1293 = ORIENTED_EDGE('',*,*,#1247,.F.);
#1294 = ADVANCED_FACE('',(#1295),#441,.T.);
#1295 = FACE_BOUND('',#1296,.T.);
#1296 = EDGE_LOOP('',(#1297,#1298,#1299,#1300));
#1297 = ORIENTED_EDGE('',*,*,#425,.F.);
#1298 = ORIENTED_EDGE('',*,*,#1171,.T.);
#1299 = ORIENTED_EDGE('',*,*,#622,.T.);
#1300 = ORIENTED_EDGE('',*,*,#1273,.F.);
#1301 = ADVANCED_FACE('',(#1302),#725,.F.);
#1302 = FACE_BOUND('',#1303,.F.);
#1303 = EDGE_LOOP('',(#1304,#1335,#1355,#1356));
#1304 = ORIENTED_EDGE('',*,*,#1305,.F.);
#1305 = EDGE_CURVE('',#1306,#1308,#1310,.T.);
#1306 = VERTEX_POINT('',#1307);
#1307 = CARTESIAN_POINT('',(-104.,-82.4,1.6));
#1308 = VERTEX_POINT('',#1309);
#1309 = CARTESIAN_POINT('',(-113.4,-73.,1.6));
#1310 = SURFACE_CURVE('',#1311,(#1316,#1323),.PCURVE_S1.);
#1311 = CIRCLE('',#1312,9.4);
#1312 = AXIS2_PLACEMENT_3D('',#1313,#1314,#1315);
#1313 = CARTESIAN_POINT('',(-104.,-73.,1.6));
#1314 = DIRECTION('',(0.,0.,-1.));
#1315 = DIRECTION('',(-1.,0.,0.));
#1316 = PCURVE('',#725,#1317);
#1317 = DEFINITIONAL_REPRESENTATION('',(#1318),#1322);
#1318 = LINE('',#1319,#1320);
#1319 = CARTESIAN_POINT('',(6.28318530718,0.));
#1320 = VECTOR('',#1321,1.);
#1321 = DIRECTION('',(-1.,0.));
#1322 = ( GEOMETRIC_REPRESENTATION_CONTEXT(2) 
PARAMETRIC_REPRESENTATION_CONTEXT() REPRESENTATION_CONTEXT('2D SPACE',''
  ) );
#1323 = PCURVE('',#1324,#1329);
#1324 = PLANE('',#1325);
#1325 = AXIS2_PLACEMENT_3D('',#1326,#1327,#1328);
#1326 = CARTESIAN_POINT('',(-104.,-73.,1.6));
#1327 = DIRECTION('',(0.,0.,-1.));
#1328 = DIRECTION('',(-1.,0.,0.));
#1329 = DEFINITIONAL_REPRESENTATION('',(#1330),#1334);
#1330 = CIRCLE('',#1331,9.4);
#1331 = AXIS2_PLACEMENT_2D('',#1332,#1333);
#1332 = CARTESIAN_POINT('',(0.,0.));
#1333 = DIRECTION('',(1.,0.));
#1334 = ( GEOMETRIC_REPRESENTATION_CONTEXT(2) 
PARAMETRIC_REPRESENTATION_CONTEXT() REPRESENTATION_CONTEXT('2D SPACE',''
  ) );
#1335 = ORIENTED_EDGE('',*,*,#1336,.T.);
#1336 = EDGE_CURVE('',#1306,#670,#1337,.T.);
#1337 = SURFACE_CURVE('',#1338,(#1341,#1348),.PCURVE_S1.);
#1338 = B_SPLINE_CURVE_WITH_KNOTS('',1,(#1339,#1340),.UNSPECIFIED.,.F.,
  .F.,(2,2),(0.,1.),.PIECEWISE_BEZIER_KNOTS.);
#1339 = CARTESIAN_POINT('',(-104.,-82.4,1.6));
#1340 = CARTESIAN_POINT('',(-109.,-95.4,63.));
#1341 = PCURVE('',#725,#1342);
#1342 = DEFINITIONAL_REPRESENTATION('',(#1343),#1347);
#1343 = LINE('',#1344,#1345);
#1344 = CARTESIAN_POINT('',(1.570796326795,0.));
#1345 = VECTOR('',#1346,1.);
#1346 = DIRECTION('',(0.,1.));
#1347 = ( GEOMETRIC_REPRESENTATION_CONTEXT(2) 
PARAMETRIC_REPRESENTATION_CONTEXT() REPRESENTATION_CONTEXT('2D SPACE',''
  ) );
#1348 = PCURVE('',#1154,#1349);
#1349 = DEFINITIONAL_REPRESENTATION('',(#1350),#1354);
#1350 = LINE('',#1351,#1352);
#1351 = CARTESIAN_POINT('',(-109.,0.));
#1352 = VECTOR('',#1353,1.);
#1353 = DIRECTION('',(0.,1.));
#1354 = ( GEOMETRIC_REPRESENTATION_CONTEXT(2) 
PARAMETRIC_REPRESENTATION_CONTEXT() REPRESENTATION_CONTEXT('2D SPACE',''
  ) );
#1355 = ORIENTED_EDGE('',*,*,#669,.T.);
#1356 = ORIENTED_EDGE('',*,*,#1357,.F.);
#1357 = EDGE_CURVE('',#1308,#672,#1358,.T.);
#1358 = SURFACE_CURVE('',#1359,(#1362,#1369),.PCURVE_S1.);
#1359 = B_SPLINE_CURVE_WITH_KNOTS('',1,(#1360,#1361),.UNSPECIFIED.,.F.,
  .F.,(2,2),(0.,1.),.PIECEWISE_BEZIER_KNOTS.);
#1360 = CARTESIAN_POINT('',(-113.4,-73.,1.6));
#1361 = CARTESIAN_POINT('',(-126.4,-78.,63.));
#1362 = PCURVE('',#725,#1363);
#1363 = DEFINITIONAL_REPRESENTATION('',(#1364),#1368);
#1364 = LINE('',#1365,#1366);
#1365 = CARTESIAN_POINT('',(0.,0.));
#1366 = VECTOR('',#1367,1.);
#1367 = DIRECTION('',(0.,1.));
#1368 = ( GEOMETRIC_REPRESENTATION_CONTEXT(2) 
PARAMETRIC_REPRESENTATION_CONTEXT() REPRESENTATION_CONTEXT('2D SPACE',''
  ) );
#1369 = PCURVE('',#784,#1370);
#1370 = DEFINITIONAL_REPRESENTATION('',(#1371),#1375);
#1371 = LINE('',#1372,#1373);
#1372 = CARTESIAN_POINT('',(78.000000000002,0.));
#1373 = VECTOR('',#1374,1.);
#1374 = DIRECTION('',(0.,1.));
#1375 = ( GEOMETRIC_REPRESENTATION_CONTEXT(2) 
PARAMETRIC_REPRESENTATION_CONTEXT() REPRESENTATION_CONTEXT('2D SPACE',''
  ) );
#1376 = ADVANCED_FACE('',(#1377),#1154,.F.);
#1377 = FACE_BOUND('',#1378,.F.);
#1378 = EDGE_LOOP('',(#1379,#1380,#1402,#1422));
#1379 = ORIENTED_EDGE('',*,*,#1336,.F.);
#1380 = ORIENTED_EDGE('',*,*,#1381,.T.);
#1381 = EDGE_CURVE('',#1306,#1382,#1384,.T.);
#1382 = VERTEX_POINT('',#1383);
#1383 = CARTESIAN_POINT('',(104.,-82.4,1.6));
#1384 = SURFACE_CURVE('',#1385,(#1389,#1395),.PCURVE_S1.);
#1385 = LINE('',#1386,#1387);
#1386 = CARTESIAN_POINT('',(0.,-82.39999999999,1.6));
#1387 = VECTOR('',#1388,1.);
#1388 = DIRECTION('',(1.,0.,0.));
#1389 = PCURVE('',#1154,#1390);
#1390 = DEFINITIONAL_REPRESENTATION('',(#1391),#1394);
#1391 = B_SPLINE_CURVE_WITH_KNOTS('',1,(#1392,#1393),.UNSPECIFIED.,.F.,
  .F.,(2,2),(-104.,104.),.PIECEWISE_BEZIER_KNOTS.);
#1392 = CARTESIAN_POINT('',(-109.,0.));
#1393 = CARTESIAN_POINT('',(109.,0.));
#1394 = ( GEOMETRIC_REPRESENTATION_CONTEXT(2) 
PARAMETRIC_REPRESENTATION_CONTEXT() REPRESENTATION_CONTEXT('2D SPACE',''
  ) );
#1395 = PCURVE('',#1324,#1396);
#1396 = DEFINITIONAL_REPRESENTATION('',(#1397),#1401);
#1397 = LINE('',#1398,#1399);
#1398 = CARTESIAN_POINT('',(-104.,-9.399999999996));
#1399 = VECTOR('',#1400,1.);
#1400 = DIRECTION('',(-1.,0.));
#1401 = ( GEOMETRIC_REPRESENTATION_CONTEXT(2) 
PARAMETRIC_REPRESENTATION_CONTEXT() REPRESENTATION_CONTEXT('2D SPACE',''
  ) );
#1402 = ORIENTED_EDGE('',*,*,#1403,.T.);
#1403 = EDGE_CURVE('',#1382,#1044,#1404,.T.);
#1404 = SURFACE_CURVE('',#1405,(#1408,#1415),.PCURVE_S1.);
#1405 = B_SPLINE_CURVE_WITH_KNOTS('',1,(#1406,#1407),.UNSPECIFIED.,.F.,
  .F.,(2,2),(0.,1.),.PIECEWISE_BEZIER_KNOTS.);
#1406 = CARTESIAN_POINT('',(104.,-82.39999999999,1.6));
#1407 = CARTESIAN_POINT('',(109.,-95.39999999999,63.));
#1408 = PCURVE('',#1154,#1409);
#1409 = DEFINITIONAL_REPRESENTATION('',(#1410),#1414);
#1410 = LINE('',#1411,#1412);
#1411 = CARTESIAN_POINT('',(109.,0.));
#1412 = VECTOR('',#1413,1.);
#1413 = DIRECTION('',(0.,1.));
#1414 = ( GEOMETRIC_REPRESENTATION_CONTEXT(2) 
PARAMETRIC_REPRESENTATION_CONTEXT() REPRESENTATION_CONTEXT('2D SPACE',''
  ) );
#1415 = PCURVE('',#1097,#1416);
#1416 = DEFINITIONAL_REPRESENTATION('',(#1417),#1421);
#1417 = LINE('',#1418,#1419);
#1418 = CARTESIAN_POINT('',(1.570796326795,0.));
#1419 = VECTOR('',#1420,1.);
#1420 = DIRECTION('',(0.,1.));
#1421 = ( GEOMETRIC_REPRESENTATION_CONTEXT(2) 
PARAMETRIC_REPRESENTATION_CONTEXT() REPRESENTATION_CONTEXT('2D SPACE',''
  ) );
#1422 = ORIENTED_EDGE('',*,*,#1142,.T.);
#1423 = ADVANCED_FACE('',(#1424),#1097,.F.);
#1424 = FACE_BOUND('',#1425,.F.);
#1425 = EDGE_LOOP('',(#1426,#1450,#1470,#1471));
#1426 = ORIENTED_EDGE('',*,*,#1427,.F.);
#1427 = EDGE_CURVE('',#1428,#1382,#1430,.T.);
#1428 = VERTEX_POINT('',#1429);
#1429 = CARTESIAN_POINT('',(113.4,-73.,1.6));
#1430 = SURFACE_CURVE('',#1431,(#1436,#1443),.PCURVE_S1.);
#1431 = CIRCLE('',#1432,9.4);
#1432 = AXIS2_PLACEMENT_3D('',#1433,#1434,#1435);
#1433 = CARTESIAN_POINT('',(104.,-73.,1.6));
#1434 = DIRECTION('',(0.,0.,-1.));
#1435 = DIRECTION('',(-1.,0.,0.));
#1436 = PCURVE('',#1097,#1437);
#1437 = DEFINITIONAL_REPRESENTATION('',(#1438),#1442);
#1438 = LINE('',#1439,#1440);
#1439 = CARTESIAN_POINT('',(6.28318530718,0.));
#1440 = VECTOR('',#1441,1.);
#1441 = DIRECTION('',(-1.,0.));
#1442 = ( GEOMETRIC_REPRESENTATION_CONTEXT(2) 
PARAMETRIC_REPRESENTATION_CONTEXT() REPRESENTATION_CONTEXT('2D SPACE',''
  ) );
#1443 = PCURVE('',#1324,#1444);
#1444 = DEFINITIONAL_REPRESENTATION('',(#1445),#1449);
#1445 = CIRCLE('',#1446,9.4);
#1446 = AXIS2_PLACEMENT_2D('',#1447,#1448);
#1447 = CARTESIAN_POINT('',(-208.,0.));
#1448 = DIRECTION('',(1.,0.));
#1449 = ( GEOMETRIC_REPRESENTATION_CONTEXT(2) 
PARAMETRIC_REPRESENTATION_CONTEXT() REPRESENTATION_CONTEXT('2D SPACE',''
  ) );
#1450 = ORIENTED_EDGE('',*,*,#1451,.T.);
#1451 = EDGE_CURVE('',#1428,#1019,#1452,.T.);
#1452 = SURFACE_CURVE('',#1453,(#1456,#1463),.PCURVE_S1.);
#1453 = B_SPLINE_CURVE_WITH_KNOTS('',1,(#1454,#1455),.UNSPECIFIED.,.F.,
  .F.,(2,2),(0.,1.),.PIECEWISE_BEZIER_KNOTS.);
#1454 = CARTESIAN_POINT('',(113.4,-73.,1.6));
#1455 = CARTESIAN_POINT('',(126.4,-78.,63.));
#1456 = PCURVE('',#1097,#1457);
#1457 = DEFINITIONAL_REPRESENTATION('',(#1458),#1462);
#1458 = LINE('',#1459,#1460);
#1459 = CARTESIAN_POINT('',(3.14159265359,0.));
#1460 = VECTOR('',#1461,1.);
#1461 = DIRECTION('',(0.,1.));
#1462 = ( GEOMETRIC_REPRESENTATION_CONTEXT(2) 
PARAMETRIC_REPRESENTATION_CONTEXT() REPRESENTATION_CONTEXT('2D SPACE',''
  ) );
#1463 = PCURVE('',#1032,#1464);
#1464 = DEFINITIONAL_REPRESENTATION('',(#1465),#1469);
#1465 = LINE('',#1466,#1467);
#1466 = CARTESIAN_POINT('',(-78.,0.));
#1467 = VECTOR('',#1468,1.);
#1468 = DIRECTION('',(0.,1.));
#1469 = ( GEOMETRIC_REPRESENTATION_CONTEXT(2) 
PARAMETRIC_REPRESENTATION_CONTEXT() REPRESENTATION_CONTEXT('2D SPACE',''
  ) );
#1470 = ORIENTED_EDGE('',*,*,#1043,.T.);
#1471 = ORIENTED_EDGE('',*,*,#1403,.F.);
#1472 = ADVANCED_FACE('',(#1473),#1032,.F.);
#1473 = FACE_BOUND('',#1474,.F.);
#1474 = EDGE_LOOP('',(#1475,#1476,#1498,#1518));
#1475 = ORIENTED_EDGE('',*,*,#1451,.F.);
#1476 = ORIENTED_EDGE('',*,*,#1477,.T.);
#1477 = EDGE_CURVE('',#1428,#1478,#1480,.T.);
#1478 = VERTEX_POINT('',#1479);
#1479 = CARTESIAN_POINT('',(113.4,72.99999998235,1.6));
#1480 = SURFACE_CURVE('',#1481,(#1485,#1491),.PCURVE_S1.);
#1481 = LINE('',#1482,#1483);
#1482 = CARTESIAN_POINT('',(113.4,2.167155344068E-12,1.6));
#1483 = VECTOR('',#1484,1.);
#1484 = DIRECTION('',(0.,1.,0.));
#1485 = PCURVE('',#1032,#1486);
#1486 = DEFINITIONAL_REPRESENTATION('',(#1487),#1490);
#1487 = B_SPLINE_CURVE_WITH_KNOTS('',1,(#1488,#1489),.UNSPECIFIED.,.F.,
  .F.,(2,2),(-73.,72.999999982347),.PIECEWISE_BEZIER_KNOTS.);
#1488 = CARTESIAN_POINT('',(-78.,0.));
#1489 = CARTESIAN_POINT('',(77.999999987135,0.));
#1490 = ( GEOMETRIC_REPRESENTATION_CONTEXT(2) 
PARAMETRIC_REPRESENTATION_CONTEXT() REPRESENTATION_CONTEXT('2D SPACE',''
  ) );
#1491 = PCURVE('',#1324,#1492);
#1492 = DEFINITIONAL_REPRESENTATION('',(#1493),#1497);
#1493 = LINE('',#1494,#1495);
#1494 = CARTESIAN_POINT('',(-217.4,73.000000000004));
#1495 = VECTOR('',#1496,1.);
#1496 = DIRECTION('',(0.,1.));
#1497 = ( GEOMETRIC_REPRESENTATION_CONTEXT(2) 
PARAMETRIC_REPRESENTATION_CONTEXT() REPRESENTATION_CONTEXT('2D SPACE',''
  ) );
#1498 = ORIENTED_EDGE('',*,*,#1499,.T.);
#1499 = EDGE_CURVE('',#1478,#920,#1500,.T.);
#1500 = SURFACE_CURVE('',#1501,(#1504,#1511),.PCURVE_S1.);
#1501 = B_SPLINE_CURVE_WITH_KNOTS('',1,(#1502,#1503),.UNSPECIFIED.,.F.,
  .F.,(2,2),(0.,1.),.PIECEWISE_BEZIER_KNOTS.);
#1502 = CARTESIAN_POINT('',(113.4,72.99999998235,1.6));
#1503 = CARTESIAN_POINT('',(126.4,77.999999987136,63.));
#1504 = PCURVE('',#1032,#1505);
#1505 = DEFINITIONAL_REPRESENTATION('',(#1506),#1510);
#1506 = LINE('',#1507,#1508);
#1507 = CARTESIAN_POINT('',(77.999999987135,0.));
#1508 = VECTOR('',#1509,1.);
#1509 = DIRECTION('',(0.,1.));
#1510 = ( GEOMETRIC_REPRESENTATION_CONTEXT(2) 
PARAMETRIC_REPRESENTATION_CONTEXT() REPRESENTATION_CONTEXT('2D SPACE',''
  ) );
#1511 = PCURVE('',#973,#1512);
#1512 = DEFINITIONAL_REPRESENTATION('',(#1513),#1517);
#1513 = LINE('',#1514,#1515);
#1514 = CARTESIAN_POINT('',(0.,0.));
#1515 = VECTOR('',#1516,1.);
#1516 = DIRECTION('',(0.,1.));
#1517 = ( GEOMETRIC_REPRESENTATION_CONTEXT(2) 
PARAMETRIC_REPRESENTATION_CONTEXT() REPRESENTATION_CONTEXT('2D SPACE',''
  ) );
#1518 = ORIENTED_EDGE('',*,*,#1018,.T.);
#1519 = ADVANCED_FACE('',(#1520),#973,.F.);
#1520 = FACE_BOUND('',#1521,.F.);
#1521 = EDGE_LOOP('',(#1522,#1546,#1566,#1567));
#1522 = ORIENTED_EDGE('',*,*,#1523,.F.);
#1523 = EDGE_CURVE('',#1524,#1478,#1526,.T.);
#1524 = VERTEX_POINT('',#1525);
#1525 = CARTESIAN_POINT('',(104.,82.399999991176,1.6));
#1526 = SURFACE_CURVE('',#1527,(#1532,#1539),.PCURVE_S1.);
#1527 = CIRCLE('',#1528,9.4);
#1528 = AXIS2_PLACEMENT_3D('',#1529,#1530,#1531);
#1529 = CARTESIAN_POINT('',(104.,72.99999998235,1.6));
#1530 = DIRECTION('',(0.,0.,-1.));
#1531 = DIRECTION('',(-1.,0.,0.));
#1532 = PCURVE('',#973,#1533);
#1533 = DEFINITIONAL_REPRESENTATION('',(#1534),#1538);
#1534 = LINE('',#1535,#1536);
#1535 = CARTESIAN_POINT('',(3.14159265359,0.));
#1536 = VECTOR('',#1537,1.);
#1537 = DIRECTION('',(-1.,0.));
#1538 = ( GEOMETRIC_REPRESENTATION_CONTEXT(2) 
PARAMETRIC_REPRESENTATION_CONTEXT() REPRESENTATION_CONTEXT('2D SPACE',''
  ) );
#1539 = PCURVE('',#1324,#1540);
#1540 = DEFINITIONAL_REPRESENTATION('',(#1541),#1545);
#1541 = CIRCLE('',#1542,9.4);
#1542 = AXIS2_PLACEMENT_2D('',#1543,#1544);
#1543 = CARTESIAN_POINT('',(-208.,145.99999998235));
#1544 = DIRECTION('',(1.,0.));
#1545 = ( GEOMETRIC_REPRESENTATION_CONTEXT(2) 
PARAMETRIC_REPRESENTATION_CONTEXT() REPRESENTATION_CONTEXT('2D SPACE',''
  ) );
#1546 = ORIENTED_EDGE('',*,*,#1547,.T.);
#1547 = EDGE_CURVE('',#1524,#895,#1548,.T.);
#1548 = SURFACE_CURVE('',#1549,(#1552,#1559),.PCURVE_S1.);
#1549 = B_SPLINE_CURVE_WITH_KNOTS('',1,(#1550,#1551),.UNSPECIFIED.,.F.,
  .F.,(2,2),(0.,1.),.PIECEWISE_BEZIER_KNOTS.);
#1550 = CARTESIAN_POINT('',(104.,82.39999998235,1.6));
#1551 = CARTESIAN_POINT('',(109.,95.399999987136,63.));
#1552 = PCURVE('',#973,#1553);
#1553 = DEFINITIONAL_REPRESENTATION('',(#1554),#1558);
#1554 = LINE('',#1555,#1556);
#1555 = CARTESIAN_POINT('',(1.570796326795,0.));
#1556 = VECTOR('',#1557,1.);
#1557 = DIRECTION('',(0.,1.));
#1558 = ( GEOMETRIC_REPRESENTATION_CONTEXT(2) 
PARAMETRIC_REPRESENTATION_CONTEXT() REPRESENTATION_CONTEXT('2D SPACE',''
  ) );
#1559 = PCURVE('',#908,#1560);
#1560 = DEFINITIONAL_REPRESENTATION('',(#1561),#1565);
#1561 = LINE('',#1562,#1563);
#1562 = CARTESIAN_POINT('',(-109.,0.));
#1563 = VECTOR('',#1564,1.);
#1564 = DIRECTION('',(0.,1.));
#1565 = ( GEOMETRIC_REPRESENTATION_CONTEXT(2) 
PARAMETRIC_REPRESENTATION_CONTEXT() REPRESENTATION_CONTEXT('2D SPACE',''
  ) );
#1566 = ORIENTED_EDGE('',*,*,#919,.T.);
#1567 = ORIENTED_EDGE('',*,*,#1499,.F.);
#1568 = ADVANCED_FACE('',(#1569),#908,.F.);
#1569 = FACE_BOUND('',#1570,.F.);
#1570 = EDGE_LOOP('',(#1571,#1593,#1613,#1614));
#1571 = ORIENTED_EDGE('',*,*,#1572,.F.);
#1572 = EDGE_CURVE('',#1573,#1524,#1575,.T.);
#1573 = VERTEX_POINT('',#1574);
#1574 = CARTESIAN_POINT('',(-104.,82.399999991176,1.6));
#1575 = SURFACE_CURVE('',#1576,(#1580,#1586),.PCURVE_S1.);
#1576 = LINE('',#1577,#1578);
#1577 = CARTESIAN_POINT('',(0.,82.400000000002,1.6));
#1578 = VECTOR('',#1579,1.);
#1579 = DIRECTION('',(1.,0.,0.));
#1580 = PCURVE('',#908,#1581);
#1581 = DEFINITIONAL_REPRESENTATION('',(#1582),#1585);
#1582 = B_SPLINE_CURVE_WITH_KNOTS('',1,(#1583,#1584),.UNSPECIFIED.,.F.,
  .F.,(2,2),(-104.,104.),.PIECEWISE_BEZIER_KNOTS.);
#1583 = CARTESIAN_POINT('',(109.,0.));
#1584 = CARTESIAN_POINT('',(-109.,0.));
#1585 = ( GEOMETRIC_REPRESENTATION_CONTEXT(2) 
PARAMETRIC_REPRESENTATION_CONTEXT() REPRESENTATION_CONTEXT('2D SPACE',''
  ) );
#1586 = PCURVE('',#1324,#1587);
#1587 = DEFINITIONAL_REPRESENTATION('',(#1588),#1592);
#1588 = LINE('',#1589,#1590);
#1589 = CARTESIAN_POINT('',(-104.,155.4));
#1590 = VECTOR('',#1591,1.);
#1591 = DIRECTION('',(-1.,0.));
#1592 = ( GEOMETRIC_REPRESENTATION_CONTEXT(2) 
PARAMETRIC_REPRESENTATION_CONTEXT() REPRESENTATION_CONTEXT('2D SPACE',''
  ) );
#1593 = ORIENTED_EDGE('',*,*,#1594,.T.);
#1594 = EDGE_CURVE('',#1573,#796,#1595,.T.);
#1595 = SURFACE_CURVE('',#1596,(#1599,#1606),.PCURVE_S1.);
#1596 = B_SPLINE_CURVE_WITH_KNOTS('',1,(#1597,#1598),.UNSPECIFIED.,.F.,
  .F.,(2,2),(0.,1.),.PIECEWISE_BEZIER_KNOTS.);
#1597 = CARTESIAN_POINT('',(-104.,82.400000000002,1.6));
#1598 = CARTESIAN_POINT('',(-109.,95.400000000001,63.));
#1599 = PCURVE('',#908,#1600);
#1600 = DEFINITIONAL_REPRESENTATION('',(#1601),#1605);
#1601 = LINE('',#1602,#1603);
#1602 = CARTESIAN_POINT('',(109.,0.));
#1603 = VECTOR('',#1604,1.);
#1604 = DIRECTION('',(0.,1.));
#1605 = ( GEOMETRIC_REPRESENTATION_CONTEXT(2) 
PARAMETRIC_REPRESENTATION_CONTEXT() REPRESENTATION_CONTEXT('2D SPACE',''
  ) );
#1606 = PCURVE('',#849,#1607);
#1607 = DEFINITIONAL_REPRESENTATION('',(#1608),#1612);
#1608 = LINE('',#1609,#1610);
#1609 = CARTESIAN_POINT('',(4.712388980385,0.));
#1610 = VECTOR('',#1611,1.);
#1611 = DIRECTION('',(0.,1.));
#1612 = ( GEOMETRIC_REPRESENTATION_CONTEXT(2) 
PARAMETRIC_REPRESENTATION_CONTEXT() REPRESENTATION_CONTEXT('2D SPACE',''
  ) );
#1613 = ORIENTED_EDGE('',*,*,#894,.T.);
#1614 = ORIENTED_EDGE('',*,*,#1547,.F.);
#1615 = ADVANCED_FACE('',(#1616),#849,.F.);
#1616 = FACE_BOUND('',#1617,.F.);
#1617 = EDGE_LOOP('',(#1618,#1642,#1662,#1663));
#1618 = ORIENTED_EDGE('',*,*,#1619,.F.);
#1619 = EDGE_CURVE('',#1620,#1573,#1622,.T.);
#1620 = VERTEX_POINT('',#1621);
#1621 = CARTESIAN_POINT('',(-113.4,72.99999998235,1.6));
#1622 = SURFACE_CURVE('',#1623,(#1628,#1635),.PCURVE_S1.);
#1623 = CIRCLE('',#1624,9.4);
#1624 = AXIS2_PLACEMENT_3D('',#1625,#1626,#1627);
#1625 = CARTESIAN_POINT('',(-104.,72.99999998235,1.6));
#1626 = DIRECTION('',(0.,0.,-1.));
#1627 = DIRECTION('',(-1.,0.,0.));
#1628 = PCURVE('',#849,#1629);
#1629 = DEFINITIONAL_REPRESENTATION('',(#1630),#1634);
#1630 = LINE('',#1631,#1632);
#1631 = CARTESIAN_POINT('',(6.28318530718,0.));
#1632 = VECTOR('',#1633,1.);
#1633 = DIRECTION('',(-1.,0.));
#1634 = ( GEOMETRIC_REPRESENTATION_CONTEXT(2) 
PARAMETRIC_REPRESENTATION_CONTEXT() REPRESENTATION_CONTEXT('2D SPACE',''
  ) );
#1635 = PCURVE('',#1324,#1636);
#1636 = DEFINITIONAL_REPRESENTATION('',(#1637),#1641);
#1637 = CIRCLE('',#1638,9.4);
#1638 = AXIS2_PLACEMENT_2D('',#1639,#1640);
#1639 = CARTESIAN_POINT('',(0.,145.99999998235));
#1640 = DIRECTION('',(1.,0.));
#1641 = ( GEOMETRIC_REPRESENTATION_CONTEXT(2) 
PARAMETRIC_REPRESENTATION_CONTEXT() REPRESENTATION_CONTEXT('2D SPACE',''
  ) );
#1642 = ORIENTED_EDGE('',*,*,#1643,.T.);
#1643 = EDGE_CURVE('',#1620,#771,#1644,.T.);
#1644 = SURFACE_CURVE('',#1645,(#1648,#1655),.PCURVE_S1.);
#1645 = B_SPLINE_CURVE_WITH_KNOTS('',1,(#1646,#1647),.UNSPECIFIED.,.F.,
  .F.,(2,2),(0.,1.),.PIECEWISE_BEZIER_KNOTS.);
#1646 = CARTESIAN_POINT('',(-113.4,72.99999998235,1.6));
#1647 = CARTESIAN_POINT('',(-126.4,77.999999987136,63.));
#1648 = PCURVE('',#849,#1649);
#1649 = DEFINITIONAL_REPRESENTATION('',(#1650),#1654);
#1650 = LINE('',#1651,#1652);
#1651 = CARTESIAN_POINT('',(6.28318530718,0.));
#1652 = VECTOR('',#1653,1.);
#1653 = DIRECTION('',(0.,1.));
#1654 = ( GEOMETRIC_REPRESENTATION_CONTEXT(2) 
PARAMETRIC_REPRESENTATION_CONTEXT() REPRESENTATION_CONTEXT('2D SPACE',''
  ) );
#1655 = PCURVE('',#784,#1656);
#1656 = DEFINITIONAL_REPRESENTATION('',(#1657),#1661);
#1657 = LINE('',#1658,#1659);
#1658 = CARTESIAN_POINT('',(-77.99999998713,0.));
#1659 = VECTOR('',#1660,1.);
#1660 = DIRECTION('',(0.,1.));
#1661 = ( GEOMETRIC_REPRESENTATION_CONTEXT(2) 
PARAMETRIC_REPRESENTATION_CONTEXT() REPRESENTATION_CONTEXT('2D SPACE',''
  ) );
#1662 = ORIENTED_EDGE('',*,*,#795,.T.);
#1663 = ORIENTED_EDGE('',*,*,#1594,.F.);
#1664 = ADVANCED_FACE('',(#1665),#784,.F.);
#1665 = FACE_BOUND('',#1666,.F.);
#1666 = EDGE_LOOP('',(#1667,#1687,#1688,#1689));
#1667 = ORIENTED_EDGE('',*,*,#1668,.F.);
#1668 = EDGE_CURVE('',#1308,#1620,#1669,.T.);
#1669 = SURFACE_CURVE('',#1670,(#1674,#1680),.PCURVE_S1.);
#1670 = LINE('',#1671,#1672);
#1671 = CARTESIAN_POINT('',(-113.4,2.167155344068E-12,1.6));
#1672 = VECTOR('',#1673,1.);
#1673 = DIRECTION('',(0.,1.,0.));
#1674 = PCURVE('',#784,#1675);
#1675 = DEFINITIONAL_REPRESENTATION('',(#1676),#1679);
#1676 = B_SPLINE_CURVE_WITH_KNOTS('',1,(#1677,#1678),.UNSPECIFIED.,.F.,
  .F.,(2,2),(-73.,72.999999982347),.PIECEWISE_BEZIER_KNOTS.);
#1677 = CARTESIAN_POINT('',(78.000000000002,0.));
#1678 = CARTESIAN_POINT('',(-77.99999998713,0.));
#1679 = ( GEOMETRIC_REPRESENTATION_CONTEXT(2) 
PARAMETRIC_REPRESENTATION_CONTEXT() REPRESENTATION_CONTEXT('2D SPACE',''
  ) );
#1680 = PCURVE('',#1324,#1681);
#1681 = DEFINITIONAL_REPRESENTATION('',(#1682),#1686);
#1682 = LINE('',#1683,#1684);
#1683 = CARTESIAN_POINT('',(9.4,73.000000000004));
#1684 = VECTOR('',#1685,1.);
#1685 = DIRECTION('',(0.,1.));
#1686 = ( GEOMETRIC_REPRESENTATION_CONTEXT(2) 
PARAMETRIC_REPRESENTATION_CONTEXT() REPRESENTATION_CONTEXT('2D SPACE',''
  ) );
#1687 = ORIENTED_EDGE('',*,*,#1357,.T.);
#1688 = ORIENTED_EDGE('',*,*,#770,.T.);
#1689 = ORIENTED_EDGE('',*,*,#1643,.F.);
#1690 = ADVANCED_FACE('',(#1691),#1324,.F.);
#1691 = FACE_BOUND('',#1692,.T.);
#1692 = EDGE_LOOP('',(#1693,#1694,#1695,#1696,#1697,#1698,#1699,#1700));
#1693 = ORIENTED_EDGE('',*,*,#1668,.F.);
#1694 = ORIENTED_EDGE('',*,*,#1305,.F.);
#1695 = ORIENTED_EDGE('',*,*,#1381,.T.);
#1696 = ORIENTED_EDGE('',*,*,#1427,.F.);
#1697 = ORIENTED_EDGE('',*,*,#1477,.T.);
#1698 = ORIENTED_EDGE('',*,*,#1523,.F.);
#1699 = ORIENTED_EDGE('',*,*,#1572,.F.);
#1700 = ORIENTED_EDGE('',*,*,#1619,.F.);
#1701 = ( GEOMETRIC_REPRESENTATION_CONTEXT(3) 
GLOBAL_UNCERTAINTY_ASSIGNED_CONTEXT((#1705)) 
GLOBAL_UNIT_ASSIGNED_CONTEXT((#1702,#1703,#1704)) REPRESENTATION_CONTEXT
('Context #1','3D Context with UNIT and UNCERTAINTY') );
#1702 = ( LENGTH_UNIT() NAMED_UNIT(*) SI_UNIT(.MILLI.,.METRE.) );
#1703 = ( NAMED_UNIT(*) PLANE_ANGLE_UNIT() SI_UNIT($,.RADIAN.) );
#1704 = ( NAMED_UNIT(*) SI_UNIT($,.STERADIAN.) SOLID_ANGLE_UNIT() );
#1705 = UNCERTAINTY_MEASURE_WITH_UNIT(LENGTH_MEASURE(1.E-06),#1702,
  'distance_accuracy_value','confusion accuracy');
#1706 = CONTEXT_DEPENDENT_SHAPE_REPRESENTATION(#1707,#1709);
#1707 = ( REPRESENTATION_RELATIONSHIP('','',#108,#10) 
REPRESENTATION_RELATIONSHIP_WITH_TRANSFORMATION(#1708) 
SHAPE_REPRESENTATION_RELATIONSHIP() );
#1708 = ITEM_DEFINED_TRANSFORMATION('','',#11,#15);
#1709 = PRODUCT_DEFINITION_SHAPE('Placement','Placement of an item',
  #1710);
#1710 = NEXT_ASSEMBLY_USAGE_OCCURRENCE('1','box_base','',#5,#103,$);
#1711 = PRODUCT_RELATED_PRODUCT_CATEGORY('part',$,(#105));
#1712 = SHAPE_DEFINITION_REPRESENTATION(#1713,#1719);
#1713 = PRODUCT_DEFINITION_SHAPE('','',#1714);
#1714 = PRODUCT_DEFINITION('design','',#1715,#1718);
#1715 = PRODUCT_DEFINITION_FORMATION('','',#1716);
#1716 = PRODUCT('box_lid','box_lid','',(#1717));
#1717 = PRODUCT_CONTEXT('',#2,'mechanical');
#1718 = PRODUCT_DEFINITION_CONTEXT('part definition',#2,'design');
#1719 = ADVANCED_BREP_SHAPE_REPRESENTATION('',(#11,#1720),#3312);
#1720 = MANIFOLD_SOLID_BREP('',#1721);
#1721 = CLOSED_SHELL('',(#1722,#1867,#2084,#2133,#2775,#2801,#2827,#2853
    ,#2879,#2905,#2912,#2987,#3034,#3083,#3130,#3179,#3226,#3275,#3301)
  );
#1722 = ADVANCED_FACE('',(#1723),#1737,.T.);
#1723 = FACE_BOUND('',#1724,.T.);
#1724 = EDGE_LOOP('',(#1725,#1759,#1800,#1828));
#1725 = ORIENTED_EDGE('',*,*,#1726,.F.);
#1726 = EDGE_CURVE('',#1727,#1729,#1731,.T.);
#1727 = VERTEX_POINT('',#1728);
#1728 = CARTESIAN_POINT('',(-115.,-73.,0.));
#1729 = VERTEX_POINT('',#1730);
#1730 = CARTESIAN_POINT('',(-115.,72.999999984068,0.));
#1731 = SURFACE_CURVE('',#1732,(#1736,#1747),.PCURVE_S1.);
#1732 = LINE('',#1733,#1734);
#1733 = CARTESIAN_POINT('',(-115.,1.59872115546E-12,0.));
#1734 = VECTOR('',#1735,1.);
#1735 = DIRECTION('',(0.,1.,0.));
#1736 = PCURVE('',#1737,#1742);
#1737 = B_SPLINE_SURFACE_WITH_KNOTS('',1,1,(
    (#1738,#1739)
    ,(#1740,#1741
    )),.UNSPECIFIED.,.F.,.F.,.F.,(2,2),(2,2),(-77.99999998799,
    78.000000000001),(0.,1.),.PIECEWISE_BEZIER_KNOTS.);
#1738 = CARTESIAN_POINT('',(-115.,72.999999984068,0.));
#1739 = CARTESIAN_POINT('',(-128.,77.999999987992,54.));
#1740 = CARTESIAN_POINT('',(-115.,-73.,0.));
#1741 = CARTESIAN_POINT('',(-128.,-78.,54.));
#1742 = DEFINITIONAL_REPRESENTATION('',(#1743),#1746);
#1743 = B_SPLINE_CURVE_WITH_KNOTS('',1,(#1744,#1745),.UNSPECIFIED.,.F.,
  .F.,(2,2),(-73.,72.999999984067),.PIECEWISE_BEZIER_KNOTS.);
#1744 = CARTESIAN_POINT('',(78.000000000001,0.));
#1745 = CARTESIAN_POINT('',(-77.99999998799,0.));
#1746 = ( GEOMETRIC_REPRESENTATION_CONTEXT(2) 
PARAMETRIC_REPRESENTATION_CONTEXT() REPRESENTATION_CONTEXT('2D SPACE',''
  ) );
#1747 = PCURVE('',#1748,#1753);
#1748 = PLANE('',#1749);
#1749 = AXIS2_PLACEMENT_3D('',#1750,#1751,#1752);
#1750 = CARTESIAN_POINT('',(-104.,-73.,0.));
#1751 = DIRECTION('',(0.,0.,-1.));
#1752 = DIRECTION('',(-1.,0.,0.));
#1753 = DEFINITIONAL_REPRESENTATION('',(#1754),#1758);
#1754 = LINE('',#1755,#1756);
#1755 = CARTESIAN_POINT('',(11.,73.000000000003));
#1756 = VECTOR('',#1757,1.);
#1757 = DIRECTION('',(0.,1.));
#1758 = ( GEOMETRIC_REPRESENTATION_CONTEXT(2) 
PARAMETRIC_REPRESENTATION_CONTEXT() REPRESENTATION_CONTEXT('2D SPACE',''
  ) );
#1759 = ORIENTED_EDGE('',*,*,#1760,.T.);
#1760 = EDGE_CURVE('',#1727,#1761,#1763,.T.);
#1761 = VERTEX_POINT('',#1762);
#1762 = CARTESIAN_POINT('',(-128.,-78.,54.));
#1763 = SURFACE_CURVE('',#1764,(#1767,#1774),.PCURVE_S1.);
#1764 = B_SPLINE_CURVE_WITH_KNOTS('',1,(#1765,#1766),.UNSPECIFIED.,.F.,
  .F.,(2,2),(0.,1.),.PIECEWISE_BEZIER_KNOTS.);
#1765 = CARTESIAN_POINT('',(-115.,-73.,0.));
#1766 = CARTESIAN_POINT('',(-128.,-78.,54.));
#1767 = PCURVE('',#1737,#1768);
#1768 = DEFINITIONAL_REPRESENTATION('',(#1769),#1773);
#1769 = LINE('',#1770,#1771);
#1770 = CARTESIAN_POINT('',(78.000000000001,0.));
#1771 = VECTOR('',#1772,1.);
#1772 = DIRECTION('',(0.,1.));
#1773 = ( GEOMETRIC_REPRESENTATION_CONTEXT(2) 
PARAMETRIC_REPRESENTATION_CONTEXT() REPRESENTATION_CONTEXT('2D SPACE',''
  ) );
#1774 = PCURVE('',#1775,#1794);
#1775 = B_SPLINE_SURFACE_WITH_KNOTS('',8,1,(
    (#1776,#1777)
    ,(#1778,#1779)
    ,(#1780,#1781)
    ,(#1782,#1783)
    ,(#1784,#1785)
    ,(#1786,#1787)
    ,(#1788,#1789)
    ,(#1790,#1791)
    ,(#1792,#1793
    )),.UNSPECIFIED.,.F.,.F.,.F.,(9,9),(2,2),(0.,1.570796326795),(0.,1.)
  ,.PIECEWISE_BEZIER_KNOTS.);
#1776 = CARTESIAN_POINT('',(-115.,-73.,0.));
#1777 = CARTESIAN_POINT('',(-128.,-78.,54.));
#1778 = CARTESIAN_POINT('',(-115.,-75.15984494934,0.));
#1779 = CARTESIAN_POINT('',(-127.9999999999,-81.73064127613,
    53.999999999999));
#1780 = CARTESIAN_POINT('',(-114.5153313214,-77.31969057854,0.));
#1781 = CARTESIAN_POINT('',(-127.1628450097,-85.46128372658,
    54.000000000002));
#1782 = CARTESIAN_POINT('',(-113.5459987245,-79.35264557768,0.));
#1783 = CARTESIAN_POINT('',(-125.4885432515,-88.97275145235,
    53.999999999996));
#1784 = CARTESIAN_POINT('',(-112.1318463135,-81.13184631358,0.));
#1785 = CARTESIAN_POINT('',(-123.0459163598,-92.04591635982,
    54.000000000004));
#1786 = CARTESIAN_POINT('',(-110.3526455776,-82.54599872458,0.));
#1787 = CARTESIAN_POINT('',(-119.9727514523,-94.48854325155,
    53.999999999997));
#1788 = CARTESIAN_POINT('',(-108.3196905785,-83.51533132142,0.));
#1789 = CARTESIAN_POINT('',(-116.4612837265,-96.16284500974,
    54.000000000001));
#1790 = CARTESIAN_POINT('',(-106.1598449493,-84.,0.));
#1791 = CARTESIAN_POINT('',(-112.7306412761,-97.,54.));
#1792 = CARTESIAN_POINT('',(-104.,-84.,0.));
#1793 = CARTESIAN_POINT('',(-109.,-97.,54.));
#1794 = DEFINITIONAL_REPRESENTATION('',(#1795),#1799);
#1795 = LINE('',#1796,#1797);
#1796 = CARTESIAN_POINT('',(0.,0.));
#1797 = VECTOR('',#1798,1.);
#1798 = DIRECTION('',(0.,1.));
#1799 = ( GEOMETRIC_REPRESENTATION_CONTEXT(2) 
PARAMETRIC_REPRESENTATION_CONTEXT() REPRESENTATION_CONTEXT('2D SPACE',''
  ) );
#1800 = ORIENTED_EDGE('',*,*,#1801,.T.);
#1801 = EDGE_CURVE('',#1761,#1802,#1804,.T.);
#1802 = VERTEX_POINT('',#1803);
#1803 = CARTESIAN_POINT('',(-128.,77.999999987992,54.));
#1804 = SURFACE_CURVE('',#1805,(#1809,#1816),.PCURVE_S1.);
#1805 = LINE('',#1806,#1807);
#1806 = CARTESIAN_POINT('',(-128.,7.247535904753E-13,54.));
#1807 = VECTOR('',#1808,1.);
#1808 = DIRECTION('',(0.,1.,0.));
#1809 = PCURVE('',#1737,#1810);
#1810 = DEFINITIONAL_REPRESENTATION('',(#1811),#1815);
#1811 = LINE('',#1812,#1813);
#1812 = CARTESIAN_POINT('',(0.,1.));
#1813 = VECTOR('',#1814,1.);
#1814 = DIRECTION('',(-1.,0.));
#1815 = ( GEOMETRIC_REPRESENTATION_CONTEXT(2) 
PARAMETRIC_REPRESENTATION_CONTEXT() REPRESENTATION_CONTEXT('2D SPACE',''
  ) );
#1816 = PCURVE('',#1817,#1822);
#1817 = PLANE('',#1818);
#1818 = AXIS2_PLACEMENT_3D('',#1819,#1820,#1821);
#1819 = CARTESIAN_POINT('',(-109.,-78.,54.));
#1820 = DIRECTION('',(0.,0.,1.));
#1821 = DIRECTION('',(1.,0.,0.));
#1822 = DEFINITIONAL_REPRESENTATION('',(#1823),#1827);
#1823 = LINE('',#1824,#1825);
#1824 = CARTESIAN_POINT('',(-19.,78.000000000001));
#1825 = VECTOR('',#1826,1.);
#1826 = DIRECTION('',(0.,1.));
#1827 = ( GEOMETRIC_REPRESENTATION_CONTEXT(2) 
PARAMETRIC_REPRESENTATION_CONTEXT() REPRESENTATION_CONTEXT('2D SPACE',''
  ) );
#1828 = ORIENTED_EDGE('',*,*,#1829,.F.);
#1829 = EDGE_CURVE('',#1729,#1802,#1830,.T.);
#1830 = SURFACE_CURVE('',#1831,(#1834,#1841),.PCURVE_S1.);
#1831 = B_SPLINE_CURVE_WITH_KNOTS('',1,(#1832,#1833),.UNSPECIFIED.,.F.,
  .F.,(2,2),(0.,1.),.PIECEWISE_BEZIER_KNOTS.);
#1832 = CARTESIAN_POINT('',(-115.,72.999999984068,0.));
#1833 = CARTESIAN_POINT('',(-128.,77.999999987992,54.));
#1834 = PCURVE('',#1737,#1835);
#1835 = DEFINITIONAL_REPRESENTATION('',(#1836),#1840);
#1836 = LINE('',#1837,#1838);
#1837 = CARTESIAN_POINT('',(-77.99999998799,0.));
#1838 = VECTOR('',#1839,1.);
#1839 = DIRECTION('',(0.,1.));
#1840 = ( GEOMETRIC_REPRESENTATION_CONTEXT(2) 
PARAMETRIC_REPRESENTATION_CONTEXT() REPRESENTATION_CONTEXT('2D SPACE',''
  ) );
#1841 = PCURVE('',#1842,#1861);
#1842 = B_SPLINE_SURFACE_WITH_KNOTS('',8,1,(
    (#1843,#1844)
    ,(#1845,#1846)
    ,(#1847,#1848)
    ,(#1849,#1850)
    ,(#1851,#1852)
    ,(#1853,#1854)
    ,(#1855,#1856)
    ,(#1857,#1858)
    ,(#1859,#1860
    )),.UNSPECIFIED.,.F.,.F.,.F.,(9,9),(2,2),(4.712388980385,
    6.28318530718),(0.,1.),.PIECEWISE_BEZIER_KNOTS.);
#1843 = CARTESIAN_POINT('',(-104.,83.999999984068,0.));
#1844 = CARTESIAN_POINT('',(-109.,96.999999987992,54.));
#1845 = CARTESIAN_POINT('',(-106.1598449493,83.999999984068,0.));
#1846 = CARTESIAN_POINT('',(-112.7306412761,96.999999987992,54.));
#1847 = CARTESIAN_POINT('',(-108.3196905785,83.515331305497,0.));
#1848 = CARTESIAN_POINT('',(-116.4612837265,96.162844997731,
    54.000000000001));
#1849 = CARTESIAN_POINT('',(-110.3526455776,82.54599870865,0.));
#1850 = CARTESIAN_POINT('',(-119.9727514523,94.488543239546,
    53.999999999999));
#1851 = CARTESIAN_POINT('',(-112.1318463135,81.131846297652,0.));
#1852 = CARTESIAN_POINT('',(-123.0459163598,92.045916347813,
    54.000000000001));
#1853 = CARTESIAN_POINT('',(-113.5459987245,79.35264556175,0.));
#1854 = CARTESIAN_POINT('',(-125.4885432515,88.972751440356,
    53.999999999999));
#1855 = CARTESIAN_POINT('',(-114.5153313214,77.319690562616,0.));
#1856 = CARTESIAN_POINT('',(-127.1628450097,85.461283714573,54.));
#1857 = CARTESIAN_POINT('',(-114.9999999999,75.159844933411,0.));
#1858 = CARTESIAN_POINT('',(-128.,81.73064126413,54.));
#1859 = CARTESIAN_POINT('',(-115.,72.999999984068,0.));
#1860 = CARTESIAN_POINT('',(-128.,77.999999987992,54.));
#1861 = DEFINITIONAL_REPRESENTATION('',(#1862),#1866);
#1862 = LINE('',#1863,#1864);
#1863 = CARTESIAN_POINT('',(6.28318530718,0.));
#1864 = VECTOR('',#1865,1.);
#1865 = DIRECTION('',(0.,1.));
#1866 = ( GEOMETRIC_REPRESENTATION_CONTEXT(2) 
PARAMETRIC_REPRESENTATION_CONTEXT() REPRESENTATION_CONTEXT('2D SPACE',''
  ) );
#1867 = ADVANCED_FACE('',(#1868),#1748,.T.);
#1868 = FACE_BOUND('',#1869,.F.);
#1869 = EDGE_LOOP('',(#1870,#1871,#1895,#1922,#1965,#1992,#2035,#2062));
#1870 = ORIENTED_EDGE('',*,*,#1726,.F.);
#1871 = ORIENTED_EDGE('',*,*,#1872,.F.);
#1872 = EDGE_CURVE('',#1873,#1727,#1875,.T.);
#1873 = VERTEX_POINT('',#1874);
#1874 = CARTESIAN_POINT('',(-104.,-84.,0.));
#1875 = SURFACE_CURVE('',#1876,(#1881,#1888),.PCURVE_S1.);
#1876 = CIRCLE('',#1877,11.);
#1877 = AXIS2_PLACEMENT_3D('',#1878,#1879,#1880);
#1878 = CARTESIAN_POINT('',(-104.,-73.,0.));
#1879 = DIRECTION('',(0.,0.,-1.));
#1880 = DIRECTION('',(-1.,0.,0.));
#1881 = PCURVE('',#1748,#1882);
#1882 = DEFINITIONAL_REPRESENTATION('',(#1883),#1887);
#1883 = CIRCLE('',#1884,11.);
#1884 = AXIS2_PLACEMENT_2D('',#1885,#1886);
#1885 = CARTESIAN_POINT('',(0.,0.));
#1886 = DIRECTION('',(1.,0.));
#1887 = ( GEOMETRIC_REPRESENTATION_CONTEXT(2) 
PARAMETRIC_REPRESENTATION_CONTEXT() REPRESENTATION_CONTEXT('2D SPACE',''
  ) );
#1888 = PCURVE('',#1775,#1889);
#1889 = DEFINITIONAL_REPRESENTATION('',(#1890),#1894);
#1890 = LINE('',#1891,#1892);
#1891 = CARTESIAN_POINT('',(6.28318530718,0.));
#1892 = VECTOR('',#1893,1.);
#1893 = DIRECTION('',(-1.,0.));
#1894 = ( GEOMETRIC_REPRESENTATION_CONTEXT(2) 
PARAMETRIC_REPRESENTATION_CONTEXT() REPRESENTATION_CONTEXT('2D SPACE',''
  ) );
#1895 = ORIENTED_EDGE('',*,*,#1896,.T.);
#1896 = EDGE_CURVE('',#1873,#1897,#1899,.T.);
#1897 = VERTEX_POINT('',#1898);
#1898 = CARTESIAN_POINT('',(104.,-84.,0.));
#1899 = SURFACE_CURVE('',#1900,(#1904,#1911),.PCURVE_S1.);
#1900 = LINE('',#1901,#1902);
#1901 = CARTESIAN_POINT('',(0.,-83.99999999999,0.));
#1902 = VECTOR('',#1903,1.);
#1903 = DIRECTION('',(1.,0.,0.));
#1904 = PCURVE('',#1748,#1905);
#1905 = DEFINITIONAL_REPRESENTATION('',(#1906),#1910);
#1906 = LINE('',#1907,#1908);
#1907 = CARTESIAN_POINT('',(-104.,-10.99999999999));
#1908 = VECTOR('',#1909,1.);
#1909 = DIRECTION('',(-1.,0.));
#1910 = ( GEOMETRIC_REPRESENTATION_CONTEXT(2) 
PARAMETRIC_REPRESENTATION_CONTEXT() REPRESENTATION_CONTEXT('2D SPACE',''
  ) );
#1911 = PCURVE('',#1912,#1917);
#1912 = B_SPLINE_SURFACE_WITH_KNOTS('',1,1,(
    (#1913,#1914)
    ,(#1915,#1916
    )),.UNSPECIFIED.,.F.,.F.,.F.,(2,2),(2,2),(-109.,109.),(0.,1.),
  .PIECEWISE_BEZIER_KNOTS.);
#1913 = CARTESIAN_POINT('',(-104.,-83.99999999999,0.));
#1914 = CARTESIAN_POINT('',(-109.,-96.99999999999,54.));
#1915 = CARTESIAN_POINT('',(104.,-83.99999999999,0.));
#1916 = CARTESIAN_POINT('',(109.,-96.99999999999,54.));
#1917 = DEFINITIONAL_REPRESENTATION('',(#1918),#1921);
#1918 = B_SPLINE_CURVE_WITH_KNOTS('',1,(#1919,#1920),.UNSPECIFIED.,.F.,
  .F.,(2,2),(-104.,104.),.PIECEWISE_BEZIER_KNOTS.);
#1919 = CARTESIAN_POINT('',(-109.,0.));
#1920 = CARTESIAN_POINT('',(109.,0.));
#1921 = ( GEOMETRIC_REPRESENTATION_CONTEXT(2) 
PARAMETRIC_REPRESENTATION_CONTEXT() REPRESENTATION_CONTEXT('2D SPACE',''
  ) );
#1922 = ORIENTED_EDGE('',*,*,#1923,.F.);
#1923 = EDGE_CURVE('',#1924,#1897,#1926,.T.);
#1924 = VERTEX_POINT('',#1925);
#1925 = CARTESIAN_POINT('',(115.,-73.,0.));
#1926 = SURFACE_CURVE('',#1927,(#1932,#1939),.PCURVE_S1.);
#1927 = CIRCLE('',#1928,11.);
#1928 = AXIS2_PLACEMENT_3D('',#1929,#1930,#1931);
#1929 = CARTESIAN_POINT('',(104.,-73.,0.));
#1930 = DIRECTION('',(0.,0.,-1.));
#1931 = DIRECTION('',(-1.,0.,0.));
#1932 = PCURVE('',#1748,#1933);
#1933 = DEFINITIONAL_REPRESENTATION('',(#1934),#1938);
#1934 = CIRCLE('',#1935,11.);
#1935 = AXIS2_PLACEMENT_2D('',#1936,#1937);
#1936 = CARTESIAN_POINT('',(-208.,0.));
#1937 = DIRECTION('',(1.,0.));
#1938 = ( GEOMETRIC_REPRESENTATION_CONTEXT(2) 
PARAMETRIC_REPRESENTATION_CONTEXT() REPRESENTATION_CONTEXT('2D SPACE',''
  ) );
#1939 = PCURVE('',#1940,#1959);
#1940 = B_SPLINE_SURFACE_WITH_KNOTS('',8,1,(
    (#1941,#1942)
    ,(#1943,#1944)
    ,(#1945,#1946)
    ,(#1947,#1948)
    ,(#1949,#1950)
    ,(#1951,#1952)
    ,(#1953,#1954)
    ,(#1955,#1956)
    ,(#1957,#1958
    )),.UNSPECIFIED.,.F.,.F.,.F.,(9,9),(2,2),(1.570796326795,
    3.14159265359),(0.,1.),.PIECEWISE_BEZIER_KNOTS.);
#1941 = CARTESIAN_POINT('',(104.,-84.,0.));
#1942 = CARTESIAN_POINT('',(109.,-97.,54.));
#1943 = CARTESIAN_POINT('',(106.15984494934,-84.,0.));
#1944 = CARTESIAN_POINT('',(112.73064127613,-97.,53.999999999999));
#1945 = CARTESIAN_POINT('',(108.31969057854,-83.51533132143,0.));
#1946 = CARTESIAN_POINT('',(116.46128372658,-96.16284500974,
    54.000000000003));
#1947 = CARTESIAN_POINT('',(110.35264557768,-82.54599872458,0.));
#1948 = CARTESIAN_POINT('',(119.97275145235,-94.48854325155,
    53.999999999995));
#1949 = CARTESIAN_POINT('',(112.13184631358,-81.13184631358,0.));
#1950 = CARTESIAN_POINT('',(123.04591635982,-92.04591635982,
    54.000000000005));
#1951 = CARTESIAN_POINT('',(113.54599872458,-79.35264557768,0.));
#1952 = CARTESIAN_POINT('',(125.48854325155,-88.97275145236,
    53.999999999996));
#1953 = CARTESIAN_POINT('',(114.51533132142,-77.31969057854,0.));
#1954 = CARTESIAN_POINT('',(127.16284500974,-85.46128372658,
    54.000000000002));
#1955 = CARTESIAN_POINT('',(115.,-75.15984494934,0.));
#1956 = CARTESIAN_POINT('',(127.99999999999,-81.73064127613,
    53.999999999999));
#1957 = CARTESIAN_POINT('',(115.,-73.,0.));
#1958 = CARTESIAN_POINT('',(128.,-78.,54.));
#1959 = DEFINITIONAL_REPRESENTATION('',(#1960),#1964);
#1960 = LINE('',#1961,#1962);
#1961 = CARTESIAN_POINT('',(6.28318530718,0.));
#1962 = VECTOR('',#1963,1.);
#1963 = DIRECTION('',(-1.,0.));
#1964 = ( GEOMETRIC_REPRESENTATION_CONTEXT(2) 
PARAMETRIC_REPRESENTATION_CONTEXT() REPRESENTATION_CONTEXT('2D SPACE',''
  ) );
#1965 = ORIENTED_EDGE('',*,*,#1966,.T.);
#1966 = EDGE_CURVE('',#1924,#1967,#1969,.T.);
#1967 = VERTEX_POINT('',#1968);
#1968 = CARTESIAN_POINT('',(115.,72.999999984068,0.));
#1969 = SURFACE_CURVE('',#1970,(#1974,#1981),.PCURVE_S1.);
#1970 = LINE('',#1971,#1972);
#1971 = CARTESIAN_POINT('',(115.,1.59872115546E-12,0.));
#1972 = VECTOR('',#1973,1.);
#1973 = DIRECTION('',(0.,1.,0.));
#1974 = PCURVE('',#1748,#1975);
#1975 = DEFINITIONAL_REPRESENTATION('',(#1976),#1980);
#1976 = LINE('',#1977,#1978);
#1977 = CARTESIAN_POINT('',(-219.,73.000000000003));
#1978 = VECTOR('',#1979,1.);
#1979 = DIRECTION('',(0.,1.));
#1980 = ( GEOMETRIC_REPRESENTATION_CONTEXT(2) 
PARAMETRIC_REPRESENTATION_CONTEXT() REPRESENTATION_CONTEXT('2D SPACE',''
  ) );
#1981 = PCURVE('',#1982,#1987);
#1982 = B_SPLINE_SURFACE_WITH_KNOTS('',1,1,(
    (#1983,#1984)
    ,(#1985,#1986
    )),.UNSPECIFIED.,.F.,.F.,.F.,(2,2),(2,2),(-78.,77.999999987991),(0.,
    1.),.PIECEWISE_BEZIER_KNOTS.);
#1983 = CARTESIAN_POINT('',(115.,-73.,0.));
#1984 = CARTESIAN_POINT('',(128.,-78.,54.));
#1985 = CARTESIAN_POINT('',(115.,72.999999984068,0.));
#1986 = CARTESIAN_POINT('',(128.,77.999999987992,54.));
#1987 = DEFINITIONAL_REPRESENTATION('',(#1988),#1991);
#1988 = B_SPLINE_CURVE_WITH_KNOTS('',1,(#1989,#1990),.UNSPECIFIED.,.F.,
  .F.,(2,2),(-73.,72.999999984067),.PIECEWISE_BEZIER_KNOTS.);
#1989 = CARTESIAN_POINT('',(-78.,0.));
#1990 = CARTESIAN_POINT('',(77.999999987991,0.));
#1991 = ( GEOMETRIC_REPRESENTATION_CONTEXT(2) 
PARAMETRIC_REPRESENTATION_CONTEXT() REPRESENTATION_CONTEXT('2D SPACE',''
  ) );
#1992 = ORIENTED_EDGE('',*,*,#1993,.F.);
#1993 = EDGE_CURVE('',#1994,#1967,#1996,.T.);
#1994 = VERTEX_POINT('',#1995);
#1995 = CARTESIAN_POINT('',(104.,83.999999992035,0.));
#1996 = SURFACE_CURVE('',#1997,(#2002,#2009),.PCURVE_S1.);
#1997 = CIRCLE('',#1998,11.);
#1998 = AXIS2_PLACEMENT_3D('',#1999,#2000,#2001);
#1999 = CARTESIAN_POINT('',(104.,72.999999984068,0.));
#2000 = DIRECTION('',(0.,0.,-1.));
#2001 = DIRECTION('',(-1.,0.,0.));
#2002 = PCURVE('',#1748,#2003);
#2003 = DEFINITIONAL_REPRESENTATION('',(#2004),#2008);
#2004 = CIRCLE('',#2005,11.);
#2005 = AXIS2_PLACEMENT_2D('',#2006,#2007);
#2006 = CARTESIAN_POINT('',(-208.,145.99999998407));
#2007 = DIRECTION('',(1.,0.));
#2008 = ( GEOMETRIC_REPRESENTATION_CONTEXT(2) 
PARAMETRIC_REPRESENTATION_CONTEXT() REPRESENTATION_CONTEXT('2D SPACE',''
  ) );
#2009 = PCURVE('',#2010,#2029);
#2010 = B_SPLINE_SURFACE_WITH_KNOTS('',8,1,(
    (#2011,#2012)
    ,(#2013,#2014)
    ,(#2015,#2016)
    ,(#2017,#2018)
    ,(#2019,#2020)
    ,(#2021,#2022)
    ,(#2023,#2024)
    ,(#2025,#2026)
    ,(#2027,#2028
    )),.UNSPECIFIED.,.F.,.F.,.F.,(9,9),(2,2),(3.14159265359,
    4.712388980385),(0.,1.),.PIECEWISE_BEZIER_KNOTS.);
#2011 = CARTESIAN_POINT('',(115.,72.999999984068,0.));
#2012 = CARTESIAN_POINT('',(128.,77.999999987992,54.));
#2013 = CARTESIAN_POINT('',(114.99999999999,75.15984493341,0.));
#2014 = CARTESIAN_POINT('',(128.,81.73064126413,54.));
#2015 = CARTESIAN_POINT('',(114.51533132143,77.31969056262,0.));
#2016 = CARTESIAN_POINT('',(127.16284500973,85.461283714571,54.));
#2017 = CARTESIAN_POINT('',(113.54599872457,79.352645561745,0.));
#2018 = CARTESIAN_POINT('',(125.48854325155,88.97275144036,54.));
#2019 = CARTESIAN_POINT('',(112.13184631358,81.131846297656,0.));
#2020 = CARTESIAN_POINT('',(123.04591635981,92.045916347808,54.));
#2021 = CARTESIAN_POINT('',(110.35264557768,82.545998708647,0.));
#2022 = CARTESIAN_POINT('',(119.97275145236,94.488543239551,54.));
#2023 = CARTESIAN_POINT('',(108.31969057854,83.515331305498,0.));
#2024 = CARTESIAN_POINT('',(116.46128372657,96.162844997728,54.));
#2025 = CARTESIAN_POINT('',(106.15984494934,83.999999984067,0.));
#2026 = CARTESIAN_POINT('',(112.73064127613,96.999999987992,54.));
#2027 = CARTESIAN_POINT('',(104.,83.999999984068,0.));
#2028 = CARTESIAN_POINT('',(109.,96.999999987992,54.));
#2029 = DEFINITIONAL_REPRESENTATION('',(#2030),#2034);
#2030 = LINE('',#2031,#2032);
#2031 = CARTESIAN_POINT('',(6.28318530718,0.));
#2032 = VECTOR('',#2033,1.);
#2033 = DIRECTION('',(-1.,0.));
#2034 = ( GEOMETRIC_REPRESENTATION_CONTEXT(2) 
PARAMETRIC_REPRESENTATION_CONTEXT() REPRESENTATION_CONTEXT('2D SPACE',''
  ) );
#2035 = ORIENTED_EDGE('',*,*,#2036,.F.);
#2036 = EDGE_CURVE('',#2037,#1994,#2039,.T.);
#2037 = VERTEX_POINT('',#2038);
#2038 = CARTESIAN_POINT('',(-104.,83.999999992035,0.));
#2039 = SURFACE_CURVE('',#2040,(#2044,#2051),.PCURVE_S1.);
#2040 = LINE('',#2041,#2042);
#2041 = CARTESIAN_POINT('',(0.,84.000000000002,0.));
#2042 = VECTOR('',#2043,1.);
#2043 = DIRECTION('',(1.,0.,0.));
#2044 = PCURVE('',#1748,#2045);
#2045 = DEFINITIONAL_REPRESENTATION('',(#2046),#2050);
#2046 = LINE('',#2047,#2048);
#2047 = CARTESIAN_POINT('',(-104.,157.));
#2048 = VECTOR('',#2049,1.);
#2049 = DIRECTION('',(-1.,0.));
#2050 = ( GEOMETRIC_REPRESENTATION_CONTEXT(2) 
PARAMETRIC_REPRESENTATION_CONTEXT() REPRESENTATION_CONTEXT('2D SPACE',''
  ) );
#2051 = PCURVE('',#2052,#2057);
#2052 = B_SPLINE_SURFACE_WITH_KNOTS('',1,1,(
    (#2053,#2054)
    ,(#2055,#2056
    )),.UNSPECIFIED.,.F.,.F.,.F.,(2,2),(2,2),(-109.,109.),(0.,1.),
  .PIECEWISE_BEZIER_KNOTS.);
#2053 = CARTESIAN_POINT('',(104.,84.000000000002,0.));
#2054 = CARTESIAN_POINT('',(109.,97.000000000001,54.));
#2055 = CARTESIAN_POINT('',(-104.,84.000000000002,0.));
#2056 = CARTESIAN_POINT('',(-109.,97.000000000001,54.));
#2057 = DEFINITIONAL_REPRESENTATION('',(#2058),#2061);
#2058 = B_SPLINE_CURVE_WITH_KNOTS('',1,(#2059,#2060),.UNSPECIFIED.,.F.,
  .F.,(2,2),(-104.,104.),.PIECEWISE_BEZIER_KNOTS.);
#2059 = CARTESIAN_POINT('',(109.,0.));
#2060 = CARTESIAN_POINT('',(-109.,0.));
#2061 = ( GEOMETRIC_REPRESENTATION_CONTEXT(2) 
PARAMETRIC_REPRESENTATION_CONTEXT() REPRESENTATION_CONTEXT('2D SPACE',''
  ) );
#2062 = ORIENTED_EDGE('',*,*,#2063,.F.);
#2063 = EDGE_CURVE('',#1729,#2037,#2064,.T.);
#2064 = SURFACE_CURVE('',#2065,(#2070,#2077),.PCURVE_S1.);
#2065 = CIRCLE('',#2066,11.);
#2066 = AXIS2_PLACEMENT_3D('',#2067,#2068,#2069);
#2067 = CARTESIAN_POINT('',(-104.,72.999999984068,0.));
#2068 = DIRECTION('',(0.,0.,-1.));
#2069 = DIRECTION('',(-1.,0.,0.));
#2070 = PCURVE('',#1748,#2071);
#2071 = DEFINITIONAL_REPRESENTATION('',(#2072),#2076);
#2072 = CIRCLE('',#2073,11.);
#2073 = AXIS2_PLACEMENT_2D('',#2074,#2075);
#2074 = CARTESIAN_POINT('',(0.,145.99999998407));
#2075 = DIRECTION('',(1.,0.));
#2076 = ( GEOMETRIC_REPRESENTATION_CONTEXT(2) 
PARAMETRIC_REPRESENTATION_CONTEXT() REPRESENTATION_CONTEXT('2D SPACE',''
  ) );
#2077 = PCURVE('',#1842,#2078);
#2078 = DEFINITIONAL_REPRESENTATION('',(#2079),#2083);
#2079 = LINE('',#2080,#2081);
#2080 = CARTESIAN_POINT('',(6.28318530718,0.));
#2081 = VECTOR('',#2082,1.);
#2082 = DIRECTION('',(-1.,0.));
#2083 = ( GEOMETRIC_REPRESENTATION_CONTEXT(2) 
PARAMETRIC_REPRESENTATION_CONTEXT() REPRESENTATION_CONTEXT('2D SPACE',''
  ) );
#2084 = ADVANCED_FACE('',(#2085),#1775,.T.);
#2085 = FACE_BOUND('',#2086,.T.);
#2086 = EDGE_LOOP('',(#2087,#2088,#2110,#2132));
#2087 = ORIENTED_EDGE('',*,*,#1872,.F.);
#2088 = ORIENTED_EDGE('',*,*,#2089,.T.);
#2089 = EDGE_CURVE('',#1873,#2090,#2092,.T.);
#2090 = VERTEX_POINT('',#2091);
#2091 = CARTESIAN_POINT('',(-109.,-97.,54.));
#2092 = SURFACE_CURVE('',#2093,(#2096,#2103),.PCURVE_S1.);
#2093 = B_SPLINE_CURVE_WITH_KNOTS('',1,(#2094,#2095),.UNSPECIFIED.,.F.,
  .F.,(2,2),(0.,1.),.PIECEWISE_BEZIER_KNOTS.);
#2094 = CARTESIAN_POINT('',(-104.,-84.,0.));
#2095 = CARTESIAN_POINT('',(-109.,-97.,54.));
#2096 = PCURVE('',#1775,#2097);
#2097 = DEFINITIONAL_REPRESENTATION('',(#2098),#2102);
#2098 = LINE('',#2099,#2100);
#2099 = CARTESIAN_POINT('',(1.570796326795,0.));
#2100 = VECTOR('',#2101,1.);
#2101 = DIRECTION('',(0.,1.));
#2102 = ( GEOMETRIC_REPRESENTATION_CONTEXT(2) 
PARAMETRIC_REPRESENTATION_CONTEXT() REPRESENTATION_CONTEXT('2D SPACE',''
  ) );
#2103 = PCURVE('',#1912,#2104);
#2104 = DEFINITIONAL_REPRESENTATION('',(#2105),#2109);
#2105 = LINE('',#2106,#2107);
#2106 = CARTESIAN_POINT('',(-109.,0.));
#2107 = VECTOR('',#2108,1.);
#2108 = DIRECTION('',(0.,1.));
#2109 = ( GEOMETRIC_REPRESENTATION_CONTEXT(2) 
PARAMETRIC_REPRESENTATION_CONTEXT() REPRESENTATION_CONTEXT('2D SPACE',''
  ) );
#2110 = ORIENTED_EDGE('',*,*,#2111,.F.);
#2111 = EDGE_CURVE('',#1761,#2090,#2112,.T.);
#2112 = SURFACE_CURVE('',#2113,(#2118,#2125),.PCURVE_S1.);
#2113 = CIRCLE('',#2114,19.);
#2114 = AXIS2_PLACEMENT_3D('',#2115,#2116,#2117);
#2115 = CARTESIAN_POINT('',(-109.,-78.,54.));
#2116 = DIRECTION('',(0.,0.,1.));
#2117 = DIRECTION('',(1.,0.,0.));
#2118 = PCURVE('',#1775,#2119);
#2119 = DEFINITIONAL_REPRESENTATION('',(#2120),#2124);
#2120 = LINE('',#2121,#2122);
#2121 = CARTESIAN_POINT('',(-3.14159265359,1.));
#2122 = VECTOR('',#2123,1.);
#2123 = DIRECTION('',(1.,0.));
#2124 = ( GEOMETRIC_REPRESENTATION_CONTEXT(2) 
PARAMETRIC_REPRESENTATION_CONTEXT() REPRESENTATION_CONTEXT('2D SPACE',''
  ) );
#2125 = PCURVE('',#1817,#2126);
#2126 = DEFINITIONAL_REPRESENTATION('',(#2127),#2131);
#2127 = CIRCLE('',#2128,19.);
#2128 = AXIS2_PLACEMENT_2D('',#2129,#2130);
#2129 = CARTESIAN_POINT('',(0.,0.));
#2130 = DIRECTION('',(1.,0.));
#2131 = ( GEOMETRIC_REPRESENTATION_CONTEXT(2) 
PARAMETRIC_REPRESENTATION_CONTEXT() REPRESENTATION_CONTEXT('2D SPACE',''
  ) );
#2132 = ORIENTED_EDGE('',*,*,#1760,.F.);
#2133 = ADVANCED_FACE('',(#2134,#2277),#1817,.T.);
#2134 = FACE_BOUND('',#2135,.T.);
#2135 = EDGE_LOOP('',(#2136,#2137,#2138,#2161,#2185,#2208,#2232,#2255));
#2136 = ORIENTED_EDGE('',*,*,#1801,.F.);
#2137 = ORIENTED_EDGE('',*,*,#2111,.T.);
#2138 = ORIENTED_EDGE('',*,*,#2139,.T.);
#2139 = EDGE_CURVE('',#2090,#2140,#2142,.T.);
#2140 = VERTEX_POINT('',#2141);
#2141 = CARTESIAN_POINT('',(109.,-97.,54.));
#2142 = SURFACE_CURVE('',#2143,(#2147,#2154),.PCURVE_S1.);
#2143 = LINE('',#2144,#2145);
#2144 = CARTESIAN_POINT('',(0.,-96.99999999999,54.));
#2145 = VECTOR('',#2146,1.);
#2146 = DIRECTION('',(1.,0.,0.));
#2147 = PCURVE('',#1817,#2148);
#2148 = DEFINITIONAL_REPRESENTATION('',(#2149),#2153);
#2149 = LINE('',#2150,#2151);
#2150 = CARTESIAN_POINT('',(109.,-18.99999999999));
#2151 = VECTOR('',#2152,1.);
#2152 = DIRECTION('',(1.,0.));
#2153 = ( GEOMETRIC_REPRESENTATION_CONTEXT(2) 
PARAMETRIC_REPRESENTATION_CONTEXT() REPRESENTATION_CONTEXT('2D SPACE',''
  ) );
#2154 = PCURVE('',#1912,#2155);
#2155 = DEFINITIONAL_REPRESENTATION('',(#2156),#2160);
#2156 = LINE('',#2157,#2158);
#2157 = CARTESIAN_POINT('',(0.,1.));
#2158 = VECTOR('',#2159,1.);
#2159 = DIRECTION('',(1.,0.));
#2160 = ( GEOMETRIC_REPRESENTATION_CONTEXT(2) 
PARAMETRIC_REPRESENTATION_CONTEXT() REPRESENTATION_CONTEXT('2D SPACE',''
  ) );
#2161 = ORIENTED_EDGE('',*,*,#2162,.T.);
#2162 = EDGE_CURVE('',#2140,#2163,#2165,.T.);
#2163 = VERTEX_POINT('',#2164);
#2164 = CARTESIAN_POINT('',(128.,-78.,54.));
#2165 = SURFACE_CURVE('',#2166,(#2171,#2178),.PCURVE_S1.);
#2166 = CIRCLE('',#2167,19.);
#2167 = AXIS2_PLACEMENT_3D('',#2168,#2169,#2170);
#2168 = CARTESIAN_POINT('',(109.,-78.,54.));
#2169 = DIRECTION('',(0.,0.,1.));
#2170 = DIRECTION('',(1.,0.,0.));
#2171 = PCURVE('',#1817,#2172);
#2172 = DEFINITIONAL_REPRESENTATION('',(#2173),#2177);
#2173 = CIRCLE('',#2174,19.);
#2174 = AXIS2_PLACEMENT_2D('',#2175,#2176);
#2175 = CARTESIAN_POINT('',(218.,0.));
#2176 = DIRECTION('',(1.,0.));
#2177 = ( GEOMETRIC_REPRESENTATION_CONTEXT(2) 
PARAMETRIC_REPRESENTATION_CONTEXT() REPRESENTATION_CONTEXT('2D SPACE',''
  ) );
#2178 = PCURVE('',#1940,#2179);
#2179 = DEFINITIONAL_REPRESENTATION('',(#2180),#2184);
#2180 = LINE('',#2181,#2182);
#2181 = CARTESIAN_POINT('',(-3.14159265359,1.));
#2182 = VECTOR('',#2183,1.);
#2183 = DIRECTION('',(1.,0.));
#2184 = ( GEOMETRIC_REPRESENTATION_CONTEXT(2) 
PARAMETRIC_REPRESENTATION_CONTEXT() REPRESENTATION_CONTEXT('2D SPACE',''
  ) );
#2185 = ORIENTED_EDGE('',*,*,#2186,.T.);
#2186 = EDGE_CURVE('',#2163,#2187,#2189,.T.);
#2187 = VERTEX_POINT('',#2188);
#2188 = CARTESIAN_POINT('',(128.,77.999999987992,54.));
#2189 = SURFACE_CURVE('',#2190,(#2194,#2201),.PCURVE_S1.);
#2190 = LINE('',#2191,#2192);
#2191 = CARTESIAN_POINT('',(128.,7.247535904753E-13,54.));
#2192 = VECTOR('',#2193,1.);
#2193 = DIRECTION('',(0.,1.,0.));
#2194 = PCURVE('',#1817,#2195);
#2195 = DEFINITIONAL_REPRESENTATION('',(#2196),#2200);
#2196 = LINE('',#2197,#2198);
#2197 = CARTESIAN_POINT('',(237.,78.000000000001));
#2198 = VECTOR('',#2199,1.);
#2199 = DIRECTION('',(0.,1.));
#2200 = ( GEOMETRIC_REPRESENTATION_CONTEXT(2) 
PARAMETRIC_REPRESENTATION_CONTEXT() REPRESENTATION_CONTEXT('2D SPACE',''
  ) );
#2201 = PCURVE('',#1982,#2202);
#2202 = DEFINITIONAL_REPRESENTATION('',(#2203),#2207);
#2203 = LINE('',#2204,#2205);
#2204 = CARTESIAN_POINT('',(0.,1.));
#2205 = VECTOR('',#2206,1.);
#2206 = DIRECTION('',(1.,0.));
#2207 = ( GEOMETRIC_REPRESENTATION_CONTEXT(2) 
PARAMETRIC_REPRESENTATION_CONTEXT() REPRESENTATION_CONTEXT('2D SPACE',''
  ) );
#2208 = ORIENTED_EDGE('',*,*,#2209,.T.);
#2209 = EDGE_CURVE('',#2187,#2210,#2212,.T.);
#2210 = VERTEX_POINT('',#2211);
#2211 = CARTESIAN_POINT('',(109.,96.999999993996,54.));
#2212 = SURFACE_CURVE('',#2213,(#2218,#2225),.PCURVE_S1.);
#2213 = CIRCLE('',#2214,19.);
#2214 = AXIS2_PLACEMENT_3D('',#2215,#2216,#2217);
#2215 = CARTESIAN_POINT('',(109.,77.999999987992,54.));
#2216 = DIRECTION('',(0.,0.,1.));
#2217 = DIRECTION('',(1.,0.,0.));
#2218 = PCURVE('',#1817,#2219);
#2219 = DEFINITIONAL_REPRESENTATION('',(#2220),#2224);
#2220 = CIRCLE('',#2221,19.);
#2221 = AXIS2_PLACEMENT_2D('',#2222,#2223);
#2222 = CARTESIAN_POINT('',(218.,155.99999998799));
#2223 = DIRECTION('',(1.,0.));
#2224 = ( GEOMETRIC_REPRESENTATION_CONTEXT(2) 
PARAMETRIC_REPRESENTATION_CONTEXT() REPRESENTATION_CONTEXT('2D SPACE',''
  ) );
#2225 = PCURVE('',#2010,#2226);
#2226 = DEFINITIONAL_REPRESENTATION('',(#2227),#2231);
#2227 = LINE('',#2228,#2229);
#2228 = CARTESIAN_POINT('',(3.14159265359,1.));
#2229 = VECTOR('',#2230,1.);
#2230 = DIRECTION('',(1.,0.));
#2231 = ( GEOMETRIC_REPRESENTATION_CONTEXT(2) 
PARAMETRIC_REPRESENTATION_CONTEXT() REPRESENTATION_CONTEXT('2D SPACE',''
  ) );
#2232 = ORIENTED_EDGE('',*,*,#2233,.F.);
#2233 = EDGE_CURVE('',#2234,#2210,#2236,.T.);
#2234 = VERTEX_POINT('',#2235);
#2235 = CARTESIAN_POINT('',(-109.,96.999999993996,54.));
#2236 = SURFACE_CURVE('',#2237,(#2241,#2248),.PCURVE_S1.);
#2237 = LINE('',#2238,#2239);
#2238 = CARTESIAN_POINT('',(0.,97.000000000001,54.));
#2239 = VECTOR('',#2240,1.);
#2240 = DIRECTION('',(1.,0.,0.));
#2241 = PCURVE('',#1817,#2242);
#2242 = DEFINITIONAL_REPRESENTATION('',(#2243),#2247);
#2243 = LINE('',#2244,#2245);
#2244 = CARTESIAN_POINT('',(109.,175.));
#2245 = VECTOR('',#2246,1.);
#2246 = DIRECTION('',(1.,0.));
#2247 = ( GEOMETRIC_REPRESENTATION_CONTEXT(2) 
PARAMETRIC_REPRESENTATION_CONTEXT() REPRESENTATION_CONTEXT('2D SPACE',''
  ) );
#2248 = PCURVE('',#2052,#2249);
#2249 = DEFINITIONAL_REPRESENTATION('',(#2250),#2254);
#2250 = LINE('',#2251,#2252);
#2251 = CARTESIAN_POINT('',(0.,1.));
#2252 = VECTOR('',#2253,1.);
#2253 = DIRECTION('',(-1.,0.));
#2254 = ( GEOMETRIC_REPRESENTATION_CONTEXT(2) 
PARAMETRIC_REPRESENTATION_CONTEXT() REPRESENTATION_CONTEXT('2D SPACE',''
  ) );
#2255 = ORIENTED_EDGE('',*,*,#2256,.T.);
#2256 = EDGE_CURVE('',#2234,#1802,#2257,.T.);
#2257 = SURFACE_CURVE('',#2258,(#2263,#2270),.PCURVE_S1.);
#2258 = CIRCLE('',#2259,19.);
#2259 = AXIS2_PLACEMENT_3D('',#2260,#2261,#2262);
#2260 = CARTESIAN_POINT('',(-109.,77.999999987992,54.));
#2261 = DIRECTION('',(0.,0.,1.));
#2262 = DIRECTION('',(1.,0.,0.));
#2263 = PCURVE('',#1817,#2264);
#2264 = DEFINITIONAL_REPRESENTATION('',(#2265),#2269);
#2265 = CIRCLE('',#2266,19.);
#2266 = AXIS2_PLACEMENT_2D('',#2267,#2268);
#2267 = CARTESIAN_POINT('',(0.,155.99999998799));
#2268 = DIRECTION('',(1.,0.));
#2269 = ( GEOMETRIC_REPRESENTATION_CONTEXT(2) 
PARAMETRIC_REPRESENTATION_CONTEXT() REPRESENTATION_CONTEXT('2D SPACE',''
  ) );
#2270 = PCURVE('',#1842,#2271);
#2271 = DEFINITIONAL_REPRESENTATION('',(#2272),#2276);
#2272 = LINE('',#2273,#2274);
#2273 = CARTESIAN_POINT('',(3.14159265359,1.));
#2274 = VECTOR('',#2275,1.);
#2275 = DIRECTION('',(1.,0.));
#2276 = ( GEOMETRIC_REPRESENTATION_CONTEXT(2) 
PARAMETRIC_REPRESENTATION_CONTEXT() REPRESENTATION_CONTEXT('2D SPACE',''
  ) );
#2277 = FACE_BOUND('',#2278,.T.);
#2278 = EDGE_LOOP('',(#2279,#2380,#2405,#2504,#2529,#2628,#2653,#2752));
#2279 = ORIENTED_EDGE('',*,*,#2280,.T.);
#2280 = EDGE_CURVE('',#2281,#2283,#2285,.T.);
#2281 = VERTEX_POINT('',#2282);
#2282 = CARTESIAN_POINT('',(-108.9063670411,-95.15655430711,54.));
#2283 = VERTEX_POINT('',#2284);
#2284 = CARTESIAN_POINT('',(-126.1565543071,-77.90636704119,54.));
#2285 = SURFACE_CURVE('',#2286,(#2309,#2335),.PCURVE_S1.);
#2286 = B_SPLINE_CURVE_WITH_KNOTS('',6,(#2287,#2288,#2289,#2290,#2291,
    #2292,#2293,#2294,#2295,#2296,#2297,#2298,#2299,#2300,#2301,#2302,
    #2303,#2304,#2305,#2306,#2307,#2308),.UNSPECIFIED.,.F.,.F.,(7,5,5,5,
    7),(0.,0.2519998715,0.500999935354,0.74999999927,1.),.UNSPECIFIED.);
#2287 = CARTESIAN_POINT('',(-108.9063670411,-95.15655430711,54.));
#2288 = CARTESIAN_POINT('',(-110.0444024837,-95.15655430711,54.));
#2289 = CARTESIAN_POINT('',(-111.1825064123,-95.06645948332,54.));
#2290 = CARTESIAN_POINT('',(-112.3116117715,-94.88625044858,54.));
#2291 = CARTESIAN_POINT('',(-113.4228922506,-94.61715957027,54.));
#2292 = CARTESIAN_POINT('',(-114.5077287882,-94.26145287602,54.));
#2293 = CARTESIAN_POINT('',(-116.5952977736,-93.38905993101,54.));
#2294 = CARTESIAN_POINT('',(-117.5989750405,-92.87428975648,54.));
#2295 = CARTESIAN_POINT('',(-118.5607203341,-92.28168856161,54.));
#2296 = CARTESIAN_POINT('',(-119.4731278231,-91.61562343436,54.));
#2297 = CARTESIAN_POINT('',(-120.3293531971,-90.88129755562,54.));
#2298 = CARTESIAN_POINT('',(-121.9171198365,-89.28853494831,54.));
#2299 = CARTESIAN_POINT('',(-122.6487521847,-88.43000685044,54.));
#2300 = CARTESIAN_POINT('',(-123.3119476175,-87.51551136196,54.));
#2301 = CARTESIAN_POINT('',(-123.9015244817,-86.55190910595,54.));
#2302 = CARTESIAN_POINT('',(-124.4131389762,-85.54661959626,54.));
#2303 = CARTESIAN_POINT('',(-125.2755131492,-83.46466418357,54.));
#2304 = CARTESIAN_POINT('',(-125.6256686683,-82.38760700328,54.));
#2305 = CARTESIAN_POINT('',(-125.8905242892,-81.2847259583,54.));
#2306 = CARTESIAN_POINT('',(-126.0678837968,-80.16444085624,54.));
#2307 = CARTESIAN_POINT('',(-126.1565543071,-79.03537103589,54.));
#2308 = CARTESIAN_POINT('',(-126.1565543071,-77.90636704119,54.));
#2309 = PCURVE('',#1817,#2310);
#2310 = DEFINITIONAL_REPRESENTATION('',(#2311),#2334);
#2311 = B_SPLINE_CURVE_WITH_KNOTS('',6,(#2312,#2313,#2314,#2315,#2316,
    #2317,#2318,#2319,#2320,#2321,#2322,#2323,#2324,#2325,#2326,#2327,
    #2328,#2329,#2330,#2331,#2332,#2333),.UNSPECIFIED.,.F.,.F.,(7,5,5,5,
    7),(0.,0.2519998715,0.500999935354,0.74999999927,1.),.UNSPECIFIED.);
#2312 = CARTESIAN_POINT('',(9.363295880149E-02,-17.15655430711));
#2313 = CARTESIAN_POINT('',(-1.044402483739,-17.15655430711));
#2314 = CARTESIAN_POINT('',(-2.182506412336,-17.06645948332));
#2315 = CARTESIAN_POINT('',(-3.311611771579,-16.88625044858));
#2316 = CARTESIAN_POINT('',(-4.422892250642,-16.61715957027));
#2317 = CARTESIAN_POINT('',(-5.507728788219,-16.26145287602));
#2318 = CARTESIAN_POINT('',(-7.595297773642,-15.38905993101));
#2319 = CARTESIAN_POINT('',(-8.598975040538,-14.87428975648));
#2320 = CARTESIAN_POINT('',(-9.560720334175,-14.28168856161));
#2321 = CARTESIAN_POINT('',(-10.47312782318,-13.61562343436));
#2322 = CARTESIAN_POINT('',(-11.32935319712,-12.88129755562));
#2323 = CARTESIAN_POINT('',(-12.91711983659,-11.28853494831));
#2324 = CARTESIAN_POINT('',(-13.64875218479,-10.43000685044));
#2325 = CARTESIAN_POINT('',(-14.31194761751,-9.515511361967));
#2326 = CARTESIAN_POINT('',(-14.90152448174,-8.551909105957));
#2327 = CARTESIAN_POINT('',(-15.41313897621,-7.546619596262));
#2328 = CARTESIAN_POINT('',(-16.27551314924,-5.464664183578));
#2329 = CARTESIAN_POINT('',(-16.62566866838,-4.387607003281));
#2330 = CARTESIAN_POINT('',(-16.89052428929,-3.284725958301));
#2331 = CARTESIAN_POINT('',(-17.06788379681,-2.164440856244));
#2332 = CARTESIAN_POINT('',(-17.15655430711,-1.035371035892));
#2333 = CARTESIAN_POINT('',(-17.15655430711,9.363295880135E-02));
#2334 = ( GEOMETRIC_REPRESENTATION_CONTEXT(2) 
PARAMETRIC_REPRESENTATION_CONTEXT() REPRESENTATION_CONTEXT('2D SPACE',''
  ) );
#2335 = PCURVE('',#2336,#2355);
#2336 = B_SPLINE_SURFACE_WITH_KNOTS('',8,1,(
    (#2337,#2338)
    ,(#2339,#2340)
    ,(#2341,#2342)
    ,(#2343,#2344)
    ,(#2345,#2346)
    ,(#2347,#2348)
    ,(#2349,#2350)
    ,(#2351,#2352)
    ,(#2353,#2354
    )),.UNSPECIFIED.,.F.,.F.,.F.,(9,9),(2,2),(0.,1.570796326795),(0.,1.)
  ,.PIECEWISE_BEZIER_KNOTS.);
#2337 = CARTESIAN_POINT('',(-113.4,-73.,1.6));
#2338 = CARTESIAN_POINT('',(-126.4,-78.,55.));
#2339 = CARTESIAN_POINT('',(-113.4,-74.84568568398,1.6));
#2340 = CARTESIAN_POINT('',(-126.3999999999,-81.41648201077,
    54.999999999999));
#2341 = CARTESIAN_POINT('',(-112.9858285837,-76.69137194894,1.6));
#2342 = CARTESIAN_POINT('',(-125.633342272,-84.83296509697,
    55.000000000002));
#2343 = CARTESIAN_POINT('',(-112.1574898191,-78.42862440275,1.6));
#2344 = CARTESIAN_POINT('',(-124.1000343461,-88.04873027742,
    54.999999999996));
#2345 = CARTESIAN_POINT('',(-110.9490323043,-79.94903230433,1.6));
#2346 = CARTESIAN_POINT('',(-121.8631023505,-90.86310235057,
    55.000000000004));
#2347 = CARTESIAN_POINT('',(-109.4286244027,-81.15748981919,1.6));
#2348 = CARTESIAN_POINT('',(-119.0487302774,-93.10003434616,
    54.999999999998));
#2349 = CARTESIAN_POINT('',(-107.6913719489,-81.98582858376,1.6));
#2350 = CARTESIAN_POINT('',(-115.8329650969,-94.63334227207,
    55.000000000001));
#2351 = CARTESIAN_POINT('',(-105.8456856839,-82.4,1.6));
#2352 = CARTESIAN_POINT('',(-112.4164820107,-95.4,55.));
#2353 = CARTESIAN_POINT('',(-104.,-82.4,1.6));
#2354 = CARTESIAN_POINT('',(-109.,-95.4,55.));
#2355 = DEFINITIONAL_REPRESENTATION('',(#2356),#2379);
#2356 = B_SPLINE_CURVE_WITH_KNOTS('',6,(#2357,#2358,#2359,#2360,#2361,
    #2362,#2363,#2364,#2365,#2366,#2367,#2368,#2369,#2370,#2371,#2372,
    #2373,#2374,#2375,#2376,#2377,#2378),.UNSPECIFIED.,.F.,.F.,(7,5,5,5,
    7),(0.,0.2519998715,0.500999935354,0.74999999927,1.),.UNSPECIFIED.);
#2357 = CARTESIAN_POINT('',(1.570796326795,0.98127340824));
#2358 = CARTESIAN_POINT('',(1.504823973858,0.98127340824));
#2359 = CARTESIAN_POINT('',(1.438847695068,0.98127340824));
#2360 = CARTESIAN_POINT('',(1.372875990798,0.98127340824));
#2361 = CARTESIAN_POINT('',(1.306904292012,0.98127340824));
#2362 = CARTESIAN_POINT('',(1.240928006103,0.98127340824));
#2363 = CARTESIAN_POINT('',(1.109768633988,0.98127340824));
#2364 = CARTESIAN_POINT('',(1.044577911774,0.98127340824));
#2365 = CARTESIAN_POINT('',(0.979391513917,0.98127340824));
#2366 = CARTESIAN_POINT('',(0.914205113403,0.98127340824));
#2367 = CARTESIAN_POINT('',(0.849014387645,0.98127340824));
#2368 = CARTESIAN_POINT('',(0.718640346481,0.98127340824));
#2369 = CARTESIAN_POINT('',(0.65344962075,0.98127340824));
#2370 = CARTESIAN_POINT('',(0.588263220306,0.98127340824));
#2371 = CARTESIAN_POINT('',(0.523076822492,0.98127340824));
#2372 = CARTESIAN_POINT('',(0.457886100232,0.98127340824));
#2373 = CARTESIAN_POINT('',(0.327250284519,0.98127340824));
#2374 = CARTESIAN_POINT('',(0.261797707244,0.98127340824));
#2375 = CARTESIAN_POINT('',(0.196349539506,0.98127340824));
#2376 = CARTESIAN_POINT('',(0.130901366588,0.98127340824));
#2377 = CARTESIAN_POINT('',(6.544879642692E-02,0.98127340824));
#2378 = CARTESIAN_POINT('',(0.,0.98127340824));
#2379 = ( GEOMETRIC_REPRESENTATION_CONTEXT(2) 
PARAMETRIC_REPRESENTATION_CONTEXT() REPRESENTATION_CONTEXT('2D SPACE',''
  ) );
#2380 = ORIENTED_EDGE('',*,*,#2381,.T.);
#2381 = EDGE_CURVE('',#2283,#2382,#2384,.T.);
#2382 = VERTEX_POINT('',#2383);
#2383 = CARTESIAN_POINT('',(-126.1565543071,77.906367028245,54.));
#2384 = SURFACE_CURVE('',#2385,(#2388,#2394),.PCURVE_S1.);
#2385 = B_SPLINE_CURVE_WITH_KNOTS('',1,(#2386,#2387),.UNSPECIFIED.,.F.,
  .F.,(2,2),(0.,1.),.PIECEWISE_BEZIER_KNOTS.);
#2386 = CARTESIAN_POINT('',(-126.1565543071,-77.90636704119,54.));
#2387 = CARTESIAN_POINT('',(-126.1565543071,77.906367028245,54.));
#2388 = PCURVE('',#1817,#2389);
#2389 = DEFINITIONAL_REPRESENTATION('',(#2390),#2393);
#2390 = B_SPLINE_CURVE_WITH_KNOTS('',1,(#2391,#2392),.UNSPECIFIED.,.F.,
  .F.,(2,2),(0.,1.),.PIECEWISE_BEZIER_KNOTS.);
#2391 = CARTESIAN_POINT('',(-17.15655430711,9.363295880135E-02));
#2392 = CARTESIAN_POINT('',(-17.15655430711,155.90636702824));
#2393 = ( GEOMETRIC_REPRESENTATION_CONTEXT(2) 
PARAMETRIC_REPRESENTATION_CONTEXT() REPRESENTATION_CONTEXT('2D SPACE',''
  ) );
#2394 = PCURVE('',#2395,#2400);
#2395 = B_SPLINE_SURFACE_WITH_KNOTS('',1,1,(
    (#2396,#2397)
    ,(#2398,#2399
    )),.UNSPECIFIED.,.F.,.F.,.F.,(2,2),(2,2),(-77.99999998713,
    78.000000000002),(0.,1.),.PIECEWISE_BEZIER_KNOTS.);
#2396 = CARTESIAN_POINT('',(-113.4,72.99999998235,1.6));
#2397 = CARTESIAN_POINT('',(-126.4,77.999999987136,55.));
#2398 = CARTESIAN_POINT('',(-113.4,-73.,1.6));
#2399 = CARTESIAN_POINT('',(-126.4,-78.,55.));
#2400 = DEFINITIONAL_REPRESENTATION('',(#2401),#2404);
#2401 = B_SPLINE_CURVE_WITH_KNOTS('',1,(#2402,#2403),.UNSPECIFIED.,.F.,
  .F.,(2,2),(0.,1.),.PIECEWISE_BEZIER_KNOTS.);
#2402 = CARTESIAN_POINT('',(78.000000000002,0.98127340824));
#2403 = CARTESIAN_POINT('',(-77.99999998713,0.98127340824));
#2404 = ( GEOMETRIC_REPRESENTATION_CONTEXT(2) 
PARAMETRIC_REPRESENTATION_CONTEXT() REPRESENTATION_CONTEXT('2D SPACE',''
  ) );
#2405 = ORIENTED_EDGE('',*,*,#2406,.T.);
#2406 = EDGE_CURVE('',#2382,#2407,#2409,.T.);
#2407 = VERTEX_POINT('',#2408);
#2408 = CARTESIAN_POINT('',(-108.9063670411,95.156554307117,54.));
#2409 = SURFACE_CURVE('',#2410,(#2433,#2459),.PCURVE_S1.);
#2410 = B_SPLINE_CURVE_WITH_KNOTS('',6,(#2411,#2412,#2413,#2414,#2415,
    #2416,#2417,#2418,#2419,#2420,#2421,#2422,#2423,#2424,#2425,#2426,
    #2427,#2428,#2429,#2430,#2431,#2432),.UNSPECIFIED.,.F.,.F.,(7,5,5,5,
    7),(0.,0.250999936121,0.499999999384,0.749999999888,1.),
  .UNSPECIFIED.);
#2411 = CARTESIAN_POINT('',(-126.1565543071,77.906367028245,54.));
#2412 = CARTESIAN_POINT('',(-126.1565543071,79.03988674972,54.));
#2413 = CARTESIAN_POINT('',(-126.0671730581,80.173473616544,54.));
#2414 = CARTESIAN_POINT('',(-125.8883916277,81.298169272174,54.));
#2415 = CARTESIAN_POINT('',(-125.6214225184,82.405251295922,54.));
#2416 = CARTESIAN_POINT('',(-125.2684966506,83.486200629374,54.));
#2417 = CARTESIAN_POINT('',(-124.4011185694,85.570968127814,54.));
#2418 = CARTESIAN_POINT('',(-123.8879256018,86.575452755342,54.));
#2419 = CARTESIAN_POINT('',(-123.296835843,87.538127717819,54.));
#2420 = CARTESIAN_POINT('',(-122.6322047431,88.451580333489,54.));
#2421 = CARTESIAN_POINT('',(-121.8992247254,89.308958127143,54.));
#2422 = CARTESIAN_POINT('',(-120.3057650349,90.902417817623,54.));
#2423 = CARTESIAN_POINT('',(-119.4446926558,91.638091296605,54.));
#2424 = CARTESIAN_POINT('',(-118.527119274,92.304840291825,54.));
#2425 = CARTESIAN_POINT('',(-117.5599833889,92.897413763926,54.));
#2426 = CARTESIAN_POINT('',(-116.550791589,93.411410867247,54.));
#2427 = CARTESIAN_POINT('',(-114.4646641835,94.275513136287,54.));
#2428 = CARTESIAN_POINT('',(-113.3876070032,94.625668655428,54.));
#2429 = CARTESIAN_POINT('',(-112.2847259583,94.890524276342,54.));
#2430 = CARTESIAN_POINT('',(-111.1644408562,95.067883783862,54.));
#2431 = CARTESIAN_POINT('',(-110.0353710358,95.156554294162,54.));
#2432 = CARTESIAN_POINT('',(-108.9063670411,95.156554294162,54.));
#2433 = PCURVE('',#1817,#2434);
#2434 = DEFINITIONAL_REPRESENTATION('',(#2435),#2458);
#2435 = B_SPLINE_CURVE_WITH_KNOTS('',6,(#2436,#2437,#2438,#2439,#2440,
    #2441,#2442,#2443,#2444,#2445,#2446,#2447,#2448,#2449,#2450,#2451,
    #2452,#2453,#2454,#2455,#2456,#2457),.UNSPECIFIED.,.F.,.F.,(7,5,5,5,
    7),(0.,0.250999936121,0.499999999384,0.749999999888,1.),
  .UNSPECIFIED.);
#2436 = CARTESIAN_POINT('',(-17.15655430711,155.90636702824));
#2437 = CARTESIAN_POINT('',(-17.15655430711,157.03988674972));
#2438 = CARTESIAN_POINT('',(-17.06717305819,158.17347361654));
#2439 = CARTESIAN_POINT('',(-16.8883916277,159.29816927217));
#2440 = CARTESIAN_POINT('',(-16.6214225184,160.40525129592));
#2441 = CARTESIAN_POINT('',(-16.26849665063,161.48620062937));
#2442 = CARTESIAN_POINT('',(-15.40111856949,163.57096812781));
#2443 = CARTESIAN_POINT('',(-14.88792560186,164.57545275534));
#2444 = CARTESIAN_POINT('',(-14.29683584309,165.53812771781));
#2445 = CARTESIAN_POINT('',(-13.63220474314,166.45158033349));
#2446 = CARTESIAN_POINT('',(-12.8992247254,167.30895812714));
#2447 = CARTESIAN_POINT('',(-11.30576503492,168.90241781762));
#2448 = CARTESIAN_POINT('',(-10.44469265585,169.6380912966));
#2449 = CARTESIAN_POINT('',(-9.527119274033,170.30484029182));
#2450 = CARTESIAN_POINT('',(-8.559983388964,170.89741376392));
#2451 = CARTESIAN_POINT('',(-7.550791589068,171.41141086724));
#2452 = CARTESIAN_POINT('',(-5.464664183581,172.27551313628));
#2453 = CARTESIAN_POINT('',(-4.387607003276,172.62566865542));
#2454 = CARTESIAN_POINT('',(-3.284725958309,172.89052427634));
#2455 = CARTESIAN_POINT('',(-2.164440856238,173.06788378386));
#2456 = CARTESIAN_POINT('',(-1.035371035893,173.15655429416));
#2457 = CARTESIAN_POINT('',(9.363295880149E-02,173.15655429416));
#2458 = ( GEOMETRIC_REPRESENTATION_CONTEXT(2) 
PARAMETRIC_REPRESENTATION_CONTEXT() REPRESENTATION_CONTEXT('2D SPACE',''
  ) );
#2459 = PCURVE('',#2460,#2479);
#2460 = B_SPLINE_SURFACE_WITH_KNOTS('',8,1,(
    (#2461,#2462)
    ,(#2463,#2464)
    ,(#2465,#2466)
    ,(#2467,#2468)
    ,(#2469,#2470)
    ,(#2471,#2472)
    ,(#2473,#2474)
    ,(#2475,#2476)
    ,(#2477,#2478
    )),.UNSPECIFIED.,.F.,.F.,.F.,(9,9),(2,2),(4.712388980385,
    6.28318530718),(0.,1.),.PIECEWISE_BEZIER_KNOTS.);
#2461 = CARTESIAN_POINT('',(-104.,82.39999998235,1.6));
#2462 = CARTESIAN_POINT('',(-109.,95.399999987136,55.));
#2463 = CARTESIAN_POINT('',(-105.8456856839,82.399999982349,1.6));
#2464 = CARTESIAN_POINT('',(-112.4164820107,95.399999987135,55.));
#2465 = CARTESIAN_POINT('',(-107.6913719489,81.985828566118,1.6));
#2466 = CARTESIAN_POINT('',(-115.8329650969,94.633342259213,
    55.000000000001));
#2467 = CARTESIAN_POINT('',(-109.4286244027,81.157489801535,1.6));
#2468 = CARTESIAN_POINT('',(-119.0487302774,93.100034333294,
    54.999999999998));
#2469 = CARTESIAN_POINT('',(-110.9490323043,79.949032286688,1.6));
#2470 = CARTESIAN_POINT('',(-121.8631023505,90.863102337711,
    55.000000000002));
#2471 = CARTESIAN_POINT('',(-112.1574898191,78.428624385094,1.6));
#2472 = CARTESIAN_POINT('',(-124.1000343461,88.048730264562,
    54.999999999998));
#2473 = CARTESIAN_POINT('',(-112.9858285837,76.691371931292,1.6));
#2474 = CARTESIAN_POINT('',(-125.633342272,84.832965084111,
    55.000000000001));
#2475 = CARTESIAN_POINT('',(-113.3999999999,74.845685666333,1.6));
#2476 = CARTESIAN_POINT('',(-126.4,81.416481997914,55.));
#2477 = CARTESIAN_POINT('',(-113.4,72.99999998235,1.6));
#2478 = CARTESIAN_POINT('',(-126.4,77.999999987136,55.));
#2479 = DEFINITIONAL_REPRESENTATION('',(#2480),#2503);
#2480 = B_SPLINE_CURVE_WITH_KNOTS('',6,(#2481,#2482,#2483,#2484,#2485,
    #2486,#2487,#2488,#2489,#2490,#2491,#2492,#2493,#2494,#2495,#2496,
    #2497,#2498,#2499,#2500,#2501,#2502),.UNSPECIFIED.,.F.,.F.,(7,5,5,5,
    7),(0.,0.250999936121,0.499999999384,0.749999999888,1.),
  .UNSPECIFIED.);
#2481 = CARTESIAN_POINT('',(6.28318530718,0.98127340824));
#2482 = CARTESIAN_POINT('',(6.217474732332,0.98127340824));
#2483 = CARTESIAN_POINT('',(6.151760308288,0.98127340824));
#2484 = CARTESIAN_POINT('',(6.086050369428,0.98127340824));
#2485 = CARTESIAN_POINT('',(6.020340435901,0.98127340824));
#2486 = CARTESIAN_POINT('',(5.95462600474,0.98127340824));
#2487 = CARTESIAN_POINT('',(5.82372841066,0.98127340824));
#2488 = CARTESIAN_POINT('',(5.758537688424,0.98127340824));
#2489 = CARTESIAN_POINT('',(5.693351290589,0.98127340824));
#2490 = CARTESIAN_POINT('',(5.628164890109,0.98127340824));
#2491 = CARTESIAN_POINT('',(5.562974164365,0.98127340824));
#2492 = CARTESIAN_POINT('',(5.432338344433,0.98127340824));
#2493 = CARTESIAN_POINT('',(5.366885765617,0.98127340824));
#2494 = CARTESIAN_POINT('',(5.301437598806,0.98127340824));
#2495 = CARTESIAN_POINT('',(5.23598943467,0.98127340824));
#2496 = CARTESIAN_POINT('',(5.170536859366,0.98127340824));
#2497 = CARTESIAN_POINT('',(5.039639264904,0.98127340824));
#2498 = CARTESIAN_POINT('',(4.974186687628,0.98127340824));
#2499 = CARTESIAN_POINT('',(4.908738519892,0.98127340824));
#2500 = CARTESIAN_POINT('',(4.843290346972,0.98127340824));
#2501 = CARTESIAN_POINT('',(4.777837776812,0.98127340824));
#2502 = CARTESIAN_POINT('',(4.712388980385,0.98127340824));
#2503 = ( GEOMETRIC_REPRESENTATION_CONTEXT(2) 
PARAMETRIC_REPRESENTATION_CONTEXT() REPRESENTATION_CONTEXT('2D SPACE',''
  ) );
#2504 = ORIENTED_EDGE('',*,*,#2505,.T.);
#2505 = EDGE_CURVE('',#2407,#2506,#2508,.T.);
#2506 = VERTEX_POINT('',#2507);
#2507 = CARTESIAN_POINT('',(108.90636704119,95.156554294162,54.));
#2508 = SURFACE_CURVE('',#2509,(#2512,#2518),.PCURVE_S1.);
#2509 = B_SPLINE_CURVE_WITH_KNOTS('',1,(#2510,#2511),.UNSPECIFIED.,.F.,
  .F.,(2,2),(0.,1.),.PIECEWISE_BEZIER_KNOTS.);
#2510 = CARTESIAN_POINT('',(-108.9063670411,95.156554307117,54.));
#2511 = CARTESIAN_POINT('',(108.90636704119,95.156554307117,54.));
#2512 = PCURVE('',#1817,#2513);
#2513 = DEFINITIONAL_REPRESENTATION('',(#2514),#2517);
#2514 = B_SPLINE_CURVE_WITH_KNOTS('',1,(#2515,#2516),.UNSPECIFIED.,.F.,
  .F.,(2,2),(0.,1.),.PIECEWISE_BEZIER_KNOTS.);
#2515 = CARTESIAN_POINT('',(9.363295880151E-02,173.15655430711));
#2516 = CARTESIAN_POINT('',(217.90636704119,173.15655430711));
#2517 = ( GEOMETRIC_REPRESENTATION_CONTEXT(2) 
PARAMETRIC_REPRESENTATION_CONTEXT() REPRESENTATION_CONTEXT('2D SPACE',''
  ) );
#2518 = PCURVE('',#2519,#2524);
#2519 = B_SPLINE_SURFACE_WITH_KNOTS('',1,1,(
    (#2520,#2521)
    ,(#2522,#2523
    )),.UNSPECIFIED.,.F.,.F.,.F.,(2,2),(2,2),(-109.,109.),(0.,1.),
  .PIECEWISE_BEZIER_KNOTS.);
#2520 = CARTESIAN_POINT('',(104.,82.400000000002,1.6));
#2521 = CARTESIAN_POINT('',(109.,95.400000000001,55.));
#2522 = CARTESIAN_POINT('',(-104.,82.400000000002,1.6));
#2523 = CARTESIAN_POINT('',(-109.,95.400000000001,55.));
#2524 = DEFINITIONAL_REPRESENTATION('',(#2525),#2528);
#2525 = B_SPLINE_CURVE_WITH_KNOTS('',1,(#2526,#2527),.UNSPECIFIED.,.F.,
  .F.,(2,2),(0.,1.),.PIECEWISE_BEZIER_KNOTS.);
#2526 = CARTESIAN_POINT('',(109.,0.98127340824));
#2527 = CARTESIAN_POINT('',(-109.,0.98127340824));
#2528 = ( GEOMETRIC_REPRESENTATION_CONTEXT(2) 
PARAMETRIC_REPRESENTATION_CONTEXT() REPRESENTATION_CONTEXT('2D SPACE',''
  ) );
#2529 = ORIENTED_EDGE('',*,*,#2530,.T.);
#2530 = EDGE_CURVE('',#2506,#2531,#2533,.T.);
#2531 = VERTEX_POINT('',#2532);
#2532 = CARTESIAN_POINT('',(126.15655430711,77.906367028245,54.));
#2533 = SURFACE_CURVE('',#2534,(#2557,#2583),.PCURVE_S1.);
#2534 = B_SPLINE_CURVE_WITH_KNOTS('',6,(#2535,#2536,#2537,#2538,#2539,
    #2540,#2541,#2542,#2543,#2544,#2545,#2546,#2547,#2548,#2549,#2550,
    #2551,#2552,#2553,#2554,#2555,#2556),.UNSPECIFIED.,.F.,.F.,(7,5,5,5,
    7),(0.,0.250999936121,0.499999999384,0.749999999888,1.),
  .UNSPECIFIED.);
#2535 = CARTESIAN_POINT('',(108.90636704119,95.156554294162,54.));
#2536 = CARTESIAN_POINT('',(110.03988676267,95.156554294162,54.));
#2537 = CARTESIAN_POINT('',(111.17347362949,95.067173045238,54.));
#2538 = CARTESIAN_POINT('',(112.29816928512,94.888391614751,54.));
#2539 = CARTESIAN_POINT('',(113.40525130887,94.621422505455,54.));
#2540 = CARTESIAN_POINT('',(114.48620064232,94.268496637684,54.));
#2541 = CARTESIAN_POINT('',(116.57096814076,93.401118556542,54.));
#2542 = CARTESIAN_POINT('',(117.57545276829,92.887925588915,54.));
#2543 = CARTESIAN_POINT('',(118.53812773077,92.296835830137,54.));
#2544 = CARTESIAN_POINT('',(119.45158034644,91.632204730195,54.));
#2545 = CARTESIAN_POINT('',(120.30895814009,90.899224712449,54.));
#2546 = CARTESIAN_POINT('',(121.90241783057,89.305765021969,54.));
#2547 = CARTESIAN_POINT('',(122.63809130955,88.444692642903,54.));
#2548 = CARTESIAN_POINT('',(123.30484030478,87.527119261077,54.));
#2549 = CARTESIAN_POINT('',(123.89741377687,86.55998337601,54.));
#2550 = CARTESIAN_POINT('',(124.4114108802,85.550791576113,54.));
#2551 = CARTESIAN_POINT('',(125.27551314924,83.464664170626,54.));
#2552 = CARTESIAN_POINT('',(125.62566866838,82.387606990321,54.));
#2553 = CARTESIAN_POINT('',(125.89052428929,81.284725945354,54.));
#2554 = CARTESIAN_POINT('',(126.06788379681,80.164440843284,54.));
#2555 = CARTESIAN_POINT('',(126.15655430711,79.035371022939,54.));
#2556 = CARTESIAN_POINT('',(126.15655430711,77.906367028245,54.));
#2557 = PCURVE('',#1817,#2558);
#2558 = DEFINITIONAL_REPRESENTATION('',(#2559),#2582);
#2559 = B_SPLINE_CURVE_WITH_KNOTS('',6,(#2560,#2561,#2562,#2563,#2564,
    #2565,#2566,#2567,#2568,#2569,#2570,#2571,#2572,#2573,#2574,#2575,
    #2576,#2577,#2578,#2579,#2580,#2581),.UNSPECIFIED.,.F.,.F.,(7,5,5,5,
    7),(0.,0.250999936121,0.499999999384,0.749999999888,1.),
  .UNSPECIFIED.);
#2560 = CARTESIAN_POINT('',(217.90636704119,173.15655429416));
#2561 = CARTESIAN_POINT('',(219.03988676267,173.15655429416));
#2562 = CARTESIAN_POINT('',(220.17347362949,173.06717304523));
#2563 = CARTESIAN_POINT('',(221.29816928512,172.88839161475));
#2564 = CARTESIAN_POINT('',(222.40525130887,172.62142250545));
#2565 = CARTESIAN_POINT('',(223.48620064232,172.26849663768));
#2566 = CARTESIAN_POINT('',(225.57096814076,171.40111855654));
#2567 = CARTESIAN_POINT('',(226.57545276829,170.88792558891));
#2568 = CARTESIAN_POINT('',(227.53812773077,170.29683583013));
#2569 = CARTESIAN_POINT('',(228.45158034644,169.63220473019));
#2570 = CARTESIAN_POINT('',(229.30895814009,168.89922471244));
#2571 = CARTESIAN_POINT('',(230.90241783057,167.30576502197));
#2572 = CARTESIAN_POINT('',(231.63809130955,166.4446926429));
#2573 = CARTESIAN_POINT('',(232.30484030478,165.52711926107));
#2574 = CARTESIAN_POINT('',(232.89741377687,164.55998337601));
#2575 = CARTESIAN_POINT('',(233.4114108802,163.55079157611));
#2576 = CARTESIAN_POINT('',(234.27551314924,161.46466417062));
#2577 = CARTESIAN_POINT('',(234.62566866838,160.38760699032));
#2578 = CARTESIAN_POINT('',(234.89052428929,159.28472594535));
#2579 = CARTESIAN_POINT('',(235.06788379681,158.16444084328));
#2580 = CARTESIAN_POINT('',(235.15655430711,157.03537102294));
#2581 = CARTESIAN_POINT('',(235.15655430711,155.90636702824));
#2582 = ( GEOMETRIC_REPRESENTATION_CONTEXT(2) 
PARAMETRIC_REPRESENTATION_CONTEXT() REPRESENTATION_CONTEXT('2D SPACE',''
  ) );
#2583 = PCURVE('',#2584,#2603);
#2584 = B_SPLINE_SURFACE_WITH_KNOTS('',8,1,(
    (#2585,#2586)
    ,(#2587,#2588)
    ,(#2589,#2590)
    ,(#2591,#2592)
    ,(#2593,#2594)
    ,(#2595,#2596)
    ,(#2597,#2598)
    ,(#2599,#2600)
    ,(#2601,#2602
    )),.UNSPECIFIED.,.F.,.F.,.F.,(9,9),(2,2),(0.,1.570796326795),(0.,1.)
  ,.PIECEWISE_BEZIER_KNOTS.);
#2585 = CARTESIAN_POINT('',(113.4,72.99999998235,1.6));
#2586 = CARTESIAN_POINT('',(126.4,77.999999987136,55.));
#2587 = CARTESIAN_POINT('',(113.39999999999,74.845685666332,1.6));
#2588 = CARTESIAN_POINT('',(126.4,81.416481997914,55.));
#2589 = CARTESIAN_POINT('',(112.98582858376,76.691371931293,1.6));
#2590 = CARTESIAN_POINT('',(125.63334227207,84.832965084111,
    55.000000000001));
#2591 = CARTESIAN_POINT('',(112.15748981918,78.428624385093,1.6));
#2592 = CARTESIAN_POINT('',(124.10003434616,88.048730264562,
    54.999999999998));
#2593 = CARTESIAN_POINT('',(110.94903230433,79.949032286687,1.6));
#2594 = CARTESIAN_POINT('',(121.86310235057,90.863102337709,
    55.000000000002));
#2595 = CARTESIAN_POINT('',(109.42862440274,81.157489801537,1.6));
#2596 = CARTESIAN_POINT('',(119.04873027743,93.100034333297,
    54.999999999998));
#2597 = CARTESIAN_POINT('',(107.69137194894,81.985828566116,1.6));
#2598 = CARTESIAN_POINT('',(115.83296509697,94.633342259211,
    55.000000000001));
#2599 = CARTESIAN_POINT('',(105.84568568398,82.399999982349,1.6));
#2600 = CARTESIAN_POINT('',(112.41648201077,95.399999987136,55.));
#2601 = CARTESIAN_POINT('',(104.,82.39999998235,1.6));
#2602 = CARTESIAN_POINT('',(109.,95.399999987136,55.));
#2603 = DEFINITIONAL_REPRESENTATION('',(#2604),#2627);
#2604 = B_SPLINE_CURVE_WITH_KNOTS('',6,(#2605,#2606,#2607,#2608,#2609,
    #2610,#2611,#2612,#2613,#2614,#2615,#2616,#2617,#2618,#2619,#2620,
    #2621,#2622,#2623,#2624,#2625,#2626),.UNSPECIFIED.,.F.,.F.,(7,5,5,5,
    7),(0.,0.250999936121,0.499999999384,0.749999999888,1.),
  .UNSPECIFIED.);
#2605 = CARTESIAN_POINT('',(1.570796326795,0.98127340824));
#2606 = CARTESIAN_POINT('',(1.505085751947,0.98127340824));
#2607 = CARTESIAN_POINT('',(1.439371327903,0.98127340824));
#2608 = CARTESIAN_POINT('',(1.373661389044,0.98127340824));
#2609 = CARTESIAN_POINT('',(1.307951455516,0.98127340824));
#2610 = CARTESIAN_POINT('',(1.242237024355,0.98127340824));
#2611 = CARTESIAN_POINT('',(1.111339430275,0.98127340824));
#2612 = CARTESIAN_POINT('',(1.046148708039,0.98127340824));
#2613 = CARTESIAN_POINT('',(0.980962310204,0.98127340824));
#2614 = CARTESIAN_POINT('',(0.915775909725,0.98127340824));
#2615 = CARTESIAN_POINT('',(0.85058518398,0.98127340824));
#2616 = CARTESIAN_POINT('',(0.719949364048,0.98127340824));
#2617 = CARTESIAN_POINT('',(0.654496785232,0.98127340824));
#2618 = CARTESIAN_POINT('',(0.589048618421,0.98127340824));
#2619 = CARTESIAN_POINT('',(0.523600454285,0.98127340824));
#2620 = CARTESIAN_POINT('',(0.458147878981,0.98127340824));
#2621 = CARTESIAN_POINT('',(0.327250284519,0.98127340824));
#2622 = CARTESIAN_POINT('',(0.261797707243,0.98127340824));
#2623 = CARTESIAN_POINT('',(0.196349539507,0.98127340824));
#2624 = CARTESIAN_POINT('',(0.130901366588,0.98127340824));
#2625 = CARTESIAN_POINT('',(6.544879642701E-02,0.98127340824));
#2626 = CARTESIAN_POINT('',(0.,0.98127340824));
#2627 = ( GEOMETRIC_REPRESENTATION_CONTEXT(2) 
PARAMETRIC_REPRESENTATION_CONTEXT() REPRESENTATION_CONTEXT('2D SPACE',''
  ) );
#2628 = ORIENTED_EDGE('',*,*,#2629,.T.);
#2629 = EDGE_CURVE('',#2531,#2630,#2632,.T.);
#2630 = VERTEX_POINT('',#2631);
#2631 = CARTESIAN_POINT('',(126.15655430711,-77.90636704119,54.));
#2632 = SURFACE_CURVE('',#2633,(#2636,#2642),.PCURVE_S1.);
#2633 = B_SPLINE_CURVE_WITH_KNOTS('',1,(#2634,#2635),.UNSPECIFIED.,.F.,
  .F.,(2,2),(0.,1.),.PIECEWISE_BEZIER_KNOTS.);
#2634 = CARTESIAN_POINT('',(126.15655430711,77.906367028245,54.));
#2635 = CARTESIAN_POINT('',(126.15655430711,-77.90636704119,54.));
#2636 = PCURVE('',#1817,#2637);
#2637 = DEFINITIONAL_REPRESENTATION('',(#2638),#2641);
#2638 = B_SPLINE_CURVE_WITH_KNOTS('',1,(#2639,#2640),.UNSPECIFIED.,.F.,
  .F.,(2,2),(0.,1.),.PIECEWISE_BEZIER_KNOTS.);
#2639 = CARTESIAN_POINT('',(235.15655430711,155.90636702824));
#2640 = CARTESIAN_POINT('',(235.15655430711,9.363295880134E-02));
#2641 = ( GEOMETRIC_REPRESENTATION_CONTEXT(2) 
PARAMETRIC_REPRESENTATION_CONTEXT() REPRESENTATION_CONTEXT('2D SPACE',''
  ) );
#2642 = PCURVE('',#2643,#2648);
#2643 = B_SPLINE_SURFACE_WITH_KNOTS('',1,1,(
    (#2644,#2645)
    ,(#2646,#2647
    )),.UNSPECIFIED.,.F.,.F.,.F.,(2,2),(2,2),(-78.,77.999999987135),(0.,
    1.),.PIECEWISE_BEZIER_KNOTS.);
#2644 = CARTESIAN_POINT('',(113.4,-73.,1.6));
#2645 = CARTESIAN_POINT('',(126.4,-78.,55.));
#2646 = CARTESIAN_POINT('',(113.4,72.99999998235,1.6));
#2647 = CARTESIAN_POINT('',(126.4,77.999999987136,55.));
#2648 = DEFINITIONAL_REPRESENTATION('',(#2649),#2652);
#2649 = B_SPLINE_CURVE_WITH_KNOTS('',1,(#2650,#2651),.UNSPECIFIED.,.F.,
  .F.,(2,2),(0.,1.),.PIECEWISE_BEZIER_KNOTS.);
#2650 = CARTESIAN_POINT('',(77.999999987135,0.98127340824));
#2651 = CARTESIAN_POINT('',(-78.,0.98127340824));
#2652 = ( GEOMETRIC_REPRESENTATION_CONTEXT(2) 
PARAMETRIC_REPRESENTATION_CONTEXT() REPRESENTATION_CONTEXT('2D SPACE',''
  ) );
#2653 = ORIENTED_EDGE('',*,*,#2654,.T.);
#2654 = EDGE_CURVE('',#2630,#2655,#2657,.T.);
#2655 = VERTEX_POINT('',#2656);
#2656 = CARTESIAN_POINT('',(108.90636704119,-95.15655430711,54.));
#2657 = SURFACE_CURVE('',#2658,(#2681,#2707),.PCURVE_S1.);
#2658 = B_SPLINE_CURVE_WITH_KNOTS('',6,(#2659,#2660,#2661,#2662,#2663,
    #2664,#2665,#2666,#2667,#2668,#2669,#2670,#2671,#2672,#2673,#2674,
    #2675,#2676,#2677,#2678,#2679,#2680),.UNSPECIFIED.,.F.,.F.,(7,5,5,5,
    7),(0.,0.2519998715,0.500999935355,0.74999999927,1.),.UNSPECIFIED.);
#2659 = CARTESIAN_POINT('',(126.15655430711,-77.90636704119,54.));
#2660 = CARTESIAN_POINT('',(126.15655430711,-79.04440248373,54.));
#2661 = CARTESIAN_POINT('',(126.06645948332,-80.18250641233,54.));
#2662 = CARTESIAN_POINT('',(125.88625044858,-81.31161177157,54.));
#2663 = CARTESIAN_POINT('',(125.61715957027,-82.42289225064,54.));
#2664 = CARTESIAN_POINT('',(125.26145287602,-83.50772878822,54.));
#2665 = CARTESIAN_POINT('',(124.38905993101,-85.59529777364,54.));
#2666 = CARTESIAN_POINT('',(123.87428975648,-86.59897504054,54.));
#2667 = CARTESIAN_POINT('',(123.28168856161,-87.56072033417,54.));
#2668 = CARTESIAN_POINT('',(122.61562343436,-88.47312782318,54.));
#2669 = CARTESIAN_POINT('',(121.88129755562,-89.32935319712,54.));
#2670 = CARTESIAN_POINT('',(120.28853494831,-90.91711983659,54.));
#2671 = CARTESIAN_POINT('',(119.43000685044,-91.64875218479,54.));
#2672 = CARTESIAN_POINT('',(118.51551136196,-92.31194761751,54.));
#2673 = CARTESIAN_POINT('',(117.55190910595,-92.90152448174,54.));
#2674 = CARTESIAN_POINT('',(116.54661959626,-93.41313897621,54.));
#2675 = CARTESIAN_POINT('',(114.46466418358,-94.27551314924,54.));
#2676 = CARTESIAN_POINT('',(113.38760700327,-94.62566866838,54.));
#2677 = CARTESIAN_POINT('',(112.2847259583,-94.89052428929,54.));
#2678 = CARTESIAN_POINT('',(111.16444085623,-95.06788379681,54.));
#2679 = CARTESIAN_POINT('',(110.03537103589,-95.15655430711,54.));
#2680 = CARTESIAN_POINT('',(108.90636704119,-95.15655430711,54.));
#2681 = PCURVE('',#1817,#2682);
#2682 = DEFINITIONAL_REPRESENTATION('',(#2683),#2706);
#2683 = B_SPLINE_CURVE_WITH_KNOTS('',6,(#2684,#2685,#2686,#2687,#2688,
    #2689,#2690,#2691,#2692,#2693,#2694,#2695,#2696,#2697,#2698,#2699,
    #2700,#2701,#2702,#2703,#2704,#2705),.UNSPECIFIED.,.F.,.F.,(7,5,5,5,
    7),(0.,0.2519998715,0.500999935355,0.74999999927,1.),.UNSPECIFIED.);
#2684 = CARTESIAN_POINT('',(235.15655430711,9.363295880134E-02));
#2685 = CARTESIAN_POINT('',(235.15655430711,-1.044402483738));
#2686 = CARTESIAN_POINT('',(235.06645948332,-2.182506412337));
#2687 = CARTESIAN_POINT('',(234.88625044858,-3.311611771578));
#2688 = CARTESIAN_POINT('',(234.61715957027,-4.422892250642));
#2689 = CARTESIAN_POINT('',(234.26145287602,-5.507728788219));
#2690 = CARTESIAN_POINT('',(233.38905993101,-7.595297773642));
#2691 = CARTESIAN_POINT('',(232.87428975648,-8.59897504054));
#2692 = CARTESIAN_POINT('',(232.28168856161,-9.560720334171));
#2693 = CARTESIAN_POINT('',(231.61562343436,-10.47312782318));
#2694 = CARTESIAN_POINT('',(230.88129755562,-11.32935319711));
#2695 = CARTESIAN_POINT('',(229.28853494831,-12.91711983659));
#2696 = CARTESIAN_POINT('',(228.43000685044,-13.64875218479));
#2697 = CARTESIAN_POINT('',(227.51551136196,-14.31194761751));
#2698 = CARTESIAN_POINT('',(226.55190910595,-14.90152448174));
#2699 = CARTESIAN_POINT('',(225.54661959626,-15.41313897621));
#2700 = CARTESIAN_POINT('',(223.46466418358,-16.27551314924));
#2701 = CARTESIAN_POINT('',(222.38760700327,-16.62566866838));
#2702 = CARTESIAN_POINT('',(221.2847259583,-16.89052428929));
#2703 = CARTESIAN_POINT('',(220.16444085623,-17.06788379681));
#2704 = CARTESIAN_POINT('',(219.03537103589,-17.15655430711));
#2705 = CARTESIAN_POINT('',(217.90636704119,-17.15655430711));
#2706 = ( GEOMETRIC_REPRESENTATION_CONTEXT(2) 
PARAMETRIC_REPRESENTATION_CONTEXT() REPRESENTATION_CONTEXT('2D SPACE',''
  ) );
#2707 = PCURVE('',#2708,#2727);
#2708 = B_SPLINE_SURFACE_WITH_KNOTS('',8,1,(
    (#2709,#2710)
    ,(#2711,#2712)
    ,(#2713,#2714)
    ,(#2715,#2716)
    ,(#2717,#2718)
    ,(#2719,#2720)
    ,(#2721,#2722)
    ,(#2723,#2724)
    ,(#2725,#2726
    )),.UNSPECIFIED.,.F.,.F.,.F.,(9,9),(2,2),(1.570796326795,
    3.14159265359),(0.,1.),.PIECEWISE_BEZIER_KNOTS.);
#2709 = CARTESIAN_POINT('',(104.,-82.4,1.6));
#2710 = CARTESIAN_POINT('',(109.,-95.4,55.));
#2711 = CARTESIAN_POINT('',(105.84568568398,-82.4,1.6));
#2712 = CARTESIAN_POINT('',(112.41648201077,-95.4,54.999999999999));
#2713 = CARTESIAN_POINT('',(107.69137194894,-81.98582858376,1.6));
#2714 = CARTESIAN_POINT('',(115.83296509697,-94.63334227207,
    55.000000000002));
#2715 = CARTESIAN_POINT('',(109.42862440274,-81.15748981918,1.6));
#2716 = CARTESIAN_POINT('',(119.04873027742,-93.10003434615,
    54.999999999997));
#2717 = CARTESIAN_POINT('',(110.94903230433,-79.94903230433,1.6));
#2718 = CARTESIAN_POINT('',(121.86310235058,-90.86310235057,
    55.000000000003));
#2719 = CARTESIAN_POINT('',(112.15748981918,-78.42862440274,1.6));
#2720 = CARTESIAN_POINT('',(124.10003434615,-88.04873027742,
    54.999999999997));
#2721 = CARTESIAN_POINT('',(112.98582858376,-76.69137194894,1.6));
#2722 = CARTESIAN_POINT('',(125.63334227207,-84.83296509697,
    55.000000000001));
#2723 = CARTESIAN_POINT('',(113.4,-74.84568568398,1.6));
#2724 = CARTESIAN_POINT('',(126.39999999999,-81.41648201077,55.));
#2725 = CARTESIAN_POINT('',(113.4,-73.,1.6));
#2726 = CARTESIAN_POINT('',(126.4,-78.,55.));
#2727 = DEFINITIONAL_REPRESENTATION('',(#2728),#2751);
#2728 = B_SPLINE_CURVE_WITH_KNOTS('',6,(#2729,#2730,#2731,#2732,#2733,
    #2734,#2735,#2736,#2737,#2738,#2739,#2740,#2741,#2742,#2743,#2744,
    #2745,#2746,#2747,#2748,#2749,#2750),.UNSPECIFIED.,.F.,.F.,(7,5,5,5,
    7),(0.,0.2519998715,0.500999935355,0.74999999927,1.),.UNSPECIFIED.);
#2729 = CARTESIAN_POINT('',(3.14159265359,0.98127340824));
#2730 = CARTESIAN_POINT('',(3.075620300653,0.98127340824));
#2731 = CARTESIAN_POINT('',(3.009644021863,0.98127340824));
#2732 = CARTESIAN_POINT('',(2.943672317592,0.98127340824));
#2733 = CARTESIAN_POINT('',(2.877700618807,0.98127340824));
#2734 = CARTESIAN_POINT('',(2.811724332898,0.98127340824));
#2735 = CARTESIAN_POINT('',(2.680564960783,0.98127340824));
#2736 = CARTESIAN_POINT('',(2.615374238569,0.98127340824));
#2737 = CARTESIAN_POINT('',(2.550187840712,0.98127340824));
#2738 = CARTESIAN_POINT('',(2.485001440198,0.98127340824));
#2739 = CARTESIAN_POINT('',(2.41981071444,0.98127340824));
#2740 = CARTESIAN_POINT('',(2.289436673276,0.98127340824));
#2741 = CARTESIAN_POINT('',(2.224245947545,0.98127340824));
#2742 = CARTESIAN_POINT('',(2.1590595471,0.98127340824));
#2743 = CARTESIAN_POINT('',(2.093873149287,0.98127340824));
#2744 = CARTESIAN_POINT('',(2.028682427027,0.98127340824));
#2745 = CARTESIAN_POINT('',(1.898046611314,0.98127340824));
#2746 = CARTESIAN_POINT('',(1.832594034038,0.98127340824));
#2747 = CARTESIAN_POINT('',(1.767145866302,0.98127340824));
#2748 = CARTESIAN_POINT('',(1.701697693383,0.98127340824));
#2749 = CARTESIAN_POINT('',(1.636245123222,0.98127340824));
#2750 = CARTESIAN_POINT('',(1.570796326795,0.98127340824));
#2751 = ( GEOMETRIC_REPRESENTATION_CONTEXT(2) 
PARAMETRIC_REPRESENTATION_CONTEXT() REPRESENTATION_CONTEXT('2D SPACE',''
  ) );
#2752 = ORIENTED_EDGE('',*,*,#2753,.T.);
#2753 = EDGE_CURVE('',#2655,#2281,#2754,.T.);
#2754 = SURFACE_CURVE('',#2755,(#2758,#2764),.PCURVE_S1.);
#2755 = B_SPLINE_CURVE_WITH_KNOTS('',1,(#2756,#2757),.UNSPECIFIED.,.F.,
  .F.,(2,2),(0.,1.),.PIECEWISE_BEZIER_KNOTS.);
#2756 = CARTESIAN_POINT('',(108.90636704119,-95.15655430711,54.));
#2757 = CARTESIAN_POINT('',(-108.9063670411,-95.15655430711,54.));
#2758 = PCURVE('',#1817,#2759);
#2759 = DEFINITIONAL_REPRESENTATION('',(#2760),#2763);
#2760 = B_SPLINE_CURVE_WITH_KNOTS('',1,(#2761,#2762),.UNSPECIFIED.,.F.,
  .F.,(2,2),(0.,1.),.PIECEWISE_BEZIER_KNOTS.);
#2761 = CARTESIAN_POINT('',(217.90636704119,-17.15655430711));
#2762 = CARTESIAN_POINT('',(9.363295880151E-02,-17.15655430711));
#2763 = ( GEOMETRIC_REPRESENTATION_CONTEXT(2) 
PARAMETRIC_REPRESENTATION_CONTEXT() REPRESENTATION_CONTEXT('2D SPACE',''
  ) );
#2764 = PCURVE('',#2765,#2770);
#2765 = B_SPLINE_SURFACE_WITH_KNOTS('',1,1,(
    (#2766,#2767)
    ,(#2768,#2769
    )),.UNSPECIFIED.,.F.,.F.,.F.,(2,2),(2,2),(-109.,109.),(0.,1.),
  .PIECEWISE_BEZIER_KNOTS.);
#2766 = CARTESIAN_POINT('',(-104.,-82.39999999999,1.6));
#2767 = CARTESIAN_POINT('',(-109.,-95.39999999999,55.));
#2768 = CARTESIAN_POINT('',(104.,-82.39999999999,1.6));
#2769 = CARTESIAN_POINT('',(109.,-95.39999999999,55.));
#2770 = DEFINITIONAL_REPRESENTATION('',(#2771),#2774);
#2771 = B_SPLINE_CURVE_WITH_KNOTS('',1,(#2772,#2773),.UNSPECIFIED.,.F.,
  .F.,(2,2),(0.,1.),.PIECEWISE_BEZIER_KNOTS.);
#2772 = CARTESIAN_POINT('',(109.,0.98127340824));
#2773 = CARTESIAN_POINT('',(-109.,0.98127340824));
#2774 = ( GEOMETRIC_REPRESENTATION_CONTEXT(2) 
PARAMETRIC_REPRESENTATION_CONTEXT() REPRESENTATION_CONTEXT('2D SPACE',''
  ) );
#2775 = ADVANCED_FACE('',(#2776),#1842,.T.);
#2776 = FACE_BOUND('',#2777,.T.);
#2777 = EDGE_LOOP('',(#2778,#2779,#2780,#2781));
#2778 = ORIENTED_EDGE('',*,*,#2063,.F.);
#2779 = ORIENTED_EDGE('',*,*,#1829,.T.);
#2780 = ORIENTED_EDGE('',*,*,#2256,.F.);
#2781 = ORIENTED_EDGE('',*,*,#2782,.F.);
#2782 = EDGE_CURVE('',#2037,#2234,#2783,.T.);
#2783 = SURFACE_CURVE('',#2784,(#2787,#2794),.PCURVE_S1.);
#2784 = B_SPLINE_CURVE_WITH_KNOTS('',1,(#2785,#2786),.UNSPECIFIED.,.F.,
  .F.,(2,2),(0.,1.),.PIECEWISE_BEZIER_KNOTS.);
#2785 = CARTESIAN_POINT('',(-104.,84.000000000002,0.));
#2786 = CARTESIAN_POINT('',(-109.,97.000000000001,54.));
#2787 = PCURVE('',#1842,#2788);
#2788 = DEFINITIONAL_REPRESENTATION('',(#2789),#2793);
#2789 = LINE('',#2790,#2791);
#2790 = CARTESIAN_POINT('',(4.712388980385,0.));
#2791 = VECTOR('',#2792,1.);
#2792 = DIRECTION('',(0.,1.));
#2793 = ( GEOMETRIC_REPRESENTATION_CONTEXT(2) 
PARAMETRIC_REPRESENTATION_CONTEXT() REPRESENTATION_CONTEXT('2D SPACE',''
  ) );
#2794 = PCURVE('',#2052,#2795);
#2795 = DEFINITIONAL_REPRESENTATION('',(#2796),#2800);
#2796 = LINE('',#2797,#2798);
#2797 = CARTESIAN_POINT('',(109.,0.));
#2798 = VECTOR('',#2799,1.);
#2799 = DIRECTION('',(0.,1.));
#2800 = ( GEOMETRIC_REPRESENTATION_CONTEXT(2) 
PARAMETRIC_REPRESENTATION_CONTEXT() REPRESENTATION_CONTEXT('2D SPACE',''
  ) );
#2801 = ADVANCED_FACE('',(#2802),#1912,.T.);
#2802 = FACE_BOUND('',#2803,.T.);
#2803 = EDGE_LOOP('',(#2804,#2805,#2825,#2826));
#2804 = ORIENTED_EDGE('',*,*,#1896,.T.);
#2805 = ORIENTED_EDGE('',*,*,#2806,.T.);
#2806 = EDGE_CURVE('',#1897,#2140,#2807,.T.);
#2807 = SURFACE_CURVE('',#2808,(#2811,#2818),.PCURVE_S1.);
#2808 = B_SPLINE_CURVE_WITH_KNOTS('',1,(#2809,#2810),.UNSPECIFIED.,.F.,
  .F.,(2,2),(0.,1.),.PIECEWISE_BEZIER_KNOTS.);
#2809 = CARTESIAN_POINT('',(104.,-83.99999999999,0.));
#2810 = CARTESIAN_POINT('',(109.,-96.99999999999,54.));
#2811 = PCURVE('',#1912,#2812);
#2812 = DEFINITIONAL_REPRESENTATION('',(#2813),#2817);
#2813 = LINE('',#2814,#2815);
#2814 = CARTESIAN_POINT('',(109.,0.));
#2815 = VECTOR('',#2816,1.);
#2816 = DIRECTION('',(0.,1.));
#2817 = ( GEOMETRIC_REPRESENTATION_CONTEXT(2) 
PARAMETRIC_REPRESENTATION_CONTEXT() REPRESENTATION_CONTEXT('2D SPACE',''
  ) );
#2818 = PCURVE('',#1940,#2819);
#2819 = DEFINITIONAL_REPRESENTATION('',(#2820),#2824);
#2820 = LINE('',#2821,#2822);
#2821 = CARTESIAN_POINT('',(1.570796326795,0.));
#2822 = VECTOR('',#2823,1.);
#2823 = DIRECTION('',(0.,1.));
#2824 = ( GEOMETRIC_REPRESENTATION_CONTEXT(2) 
PARAMETRIC_REPRESENTATION_CONTEXT() REPRESENTATION_CONTEXT('2D SPACE',''
  ) );
#2825 = ORIENTED_EDGE('',*,*,#2139,.F.);
#2826 = ORIENTED_EDGE('',*,*,#2089,.F.);
#2827 = ADVANCED_FACE('',(#2828),#1940,.T.);
#2828 = FACE_BOUND('',#2829,.T.);
#2829 = EDGE_LOOP('',(#2830,#2831,#2851,#2852));
#2830 = ORIENTED_EDGE('',*,*,#1923,.F.);
#2831 = ORIENTED_EDGE('',*,*,#2832,.T.);
#2832 = EDGE_CURVE('',#1924,#2163,#2833,.T.);
#2833 = SURFACE_CURVE('',#2834,(#2837,#2844),.PCURVE_S1.);
#2834 = B_SPLINE_CURVE_WITH_KNOTS('',1,(#2835,#2836),.UNSPECIFIED.,.F.,
  .F.,(2,2),(0.,1.),.PIECEWISE_BEZIER_KNOTS.);
#2835 = CARTESIAN_POINT('',(115.,-73.,0.));
#2836 = CARTESIAN_POINT('',(128.,-78.,54.));
#2837 = PCURVE('',#1940,#2838);
#2838 = DEFINITIONAL_REPRESENTATION('',(#2839),#2843);
#2839 = LINE('',#2840,#2841);
#2840 = CARTESIAN_POINT('',(3.14159265359,0.));
#2841 = VECTOR('',#2842,1.);
#2842 = DIRECTION('',(0.,1.));
#2843 = ( GEOMETRIC_REPRESENTATION_CONTEXT(2) 
PARAMETRIC_REPRESENTATION_CONTEXT() REPRESENTATION_CONTEXT('2D SPACE',''
  ) );
#2844 = PCURVE('',#1982,#2845);
#2845 = DEFINITIONAL_REPRESENTATION('',(#2846),#2850);
#2846 = LINE('',#2847,#2848);
#2847 = CARTESIAN_POINT('',(-78.,0.));
#2848 = VECTOR('',#2849,1.);
#2849 = DIRECTION('',(0.,1.));
#2850 = ( GEOMETRIC_REPRESENTATION_CONTEXT(2) 
PARAMETRIC_REPRESENTATION_CONTEXT() REPRESENTATION_CONTEXT('2D SPACE',''
  ) );
#2851 = ORIENTED_EDGE('',*,*,#2162,.F.);
#2852 = ORIENTED_EDGE('',*,*,#2806,.F.);
#2853 = ADVANCED_FACE('',(#2854),#1982,.T.);
#2854 = FACE_BOUND('',#2855,.T.);
#2855 = EDGE_LOOP('',(#2856,#2857,#2877,#2878));
#2856 = ORIENTED_EDGE('',*,*,#1966,.T.);
#2857 = ORIENTED_EDGE('',*,*,#2858,.T.);
#2858 = EDGE_CURVE('',#1967,#2187,#2859,.T.);
#2859 = SURFACE_CURVE('',#2860,(#2863,#2870),.PCURVE_S1.);
#2860 = B_SPLINE_CURVE_WITH_KNOTS('',1,(#2861,#2862),.UNSPECIFIED.,.F.,
  .F.,(2,2),(0.,1.),.PIECEWISE_BEZIER_KNOTS.);
#2861 = CARTESIAN_POINT('',(115.,72.999999984068,0.));
#2862 = CARTESIAN_POINT('',(128.,77.999999987992,54.));
#2863 = PCURVE('',#1982,#2864);
#2864 = DEFINITIONAL_REPRESENTATION('',(#2865),#2869);
#2865 = LINE('',#2866,#2867);
#2866 = CARTESIAN_POINT('',(77.999999987991,0.));
#2867 = VECTOR('',#2868,1.);
#2868 = DIRECTION('',(0.,1.));
#2869 = ( GEOMETRIC_REPRESENTATION_CONTEXT(2) 
PARAMETRIC_REPRESENTATION_CONTEXT() REPRESENTATION_CONTEXT('2D SPACE',''
  ) );
#2870 = PCURVE('',#2010,#2871);
#2871 = DEFINITIONAL_REPRESENTATION('',(#2872),#2876);
#2872 = LINE('',#2873,#2874);
#2873 = CARTESIAN_POINT('',(3.14159265359,0.));
#2874 = VECTOR('',#2875,1.);
#2875 = DIRECTION('',(0.,1.));
#2876 = ( GEOMETRIC_REPRESENTATION_CONTEXT(2) 
PARAMETRIC_REPRESENTATION_CONTEXT() REPRESENTATION_CONTEXT('2D SPACE',''
  ) );
#2877 = ORIENTED_EDGE('',*,*,#2186,.F.);
#2878 = ORIENTED_EDGE('',*,*,#2832,.F.);
#2879 = ADVANCED_FACE('',(#2880),#2010,.T.);
#2880 = FACE_BOUND('',#2881,.T.);
#2881 = EDGE_LOOP('',(#2882,#2883,#2903,#2904));
#2882 = ORIENTED_EDGE('',*,*,#1993,.F.);
#2883 = ORIENTED_EDGE('',*,*,#2884,.T.);
#2884 = EDGE_CURVE('',#1994,#2210,#2885,.T.);
#2885 = SURFACE_CURVE('',#2886,(#2889,#2896),.PCURVE_S1.);
#2886 = B_SPLINE_CURVE_WITH_KNOTS('',1,(#2887,#2888),.UNSPECIFIED.,.F.,
  .F.,(2,2),(0.,1.),.PIECEWISE_BEZIER_KNOTS.);
#2887 = CARTESIAN_POINT('',(104.,83.999999984068,0.));
#2888 = CARTESIAN_POINT('',(109.,96.999999987992,54.));
#2889 = PCURVE('',#2010,#2890);
#2890 = DEFINITIONAL_REPRESENTATION('',(#2891),#2895);
#2891 = LINE('',#2892,#2893);
#2892 = CARTESIAN_POINT('',(4.712388980385,0.));
#2893 = VECTOR('',#2894,1.);
#2894 = DIRECTION('',(0.,1.));
#2895 = ( GEOMETRIC_REPRESENTATION_CONTEXT(2) 
PARAMETRIC_REPRESENTATION_CONTEXT() REPRESENTATION_CONTEXT('2D SPACE',''
  ) );
#2896 = PCURVE('',#2052,#2897);
#2897 = DEFINITIONAL_REPRESENTATION('',(#2898),#2902);
#2898 = LINE('',#2899,#2900);
#2899 = CARTESIAN_POINT('',(-109.,0.));
#2900 = VECTOR('',#2901,1.);
#2901 = DIRECTION('',(0.,1.));
#2902 = ( GEOMETRIC_REPRESENTATION_CONTEXT(2) 
PARAMETRIC_REPRESENTATION_CONTEXT() REPRESENTATION_CONTEXT('2D SPACE',''
  ) );
#2903 = ORIENTED_EDGE('',*,*,#2209,.F.);
#2904 = ORIENTED_EDGE('',*,*,#2858,.F.);
#2905 = ADVANCED_FACE('',(#2906),#2052,.T.);
#2906 = FACE_BOUND('',#2907,.T.);
#2907 = EDGE_LOOP('',(#2908,#2909,#2910,#2911));
#2908 = ORIENTED_EDGE('',*,*,#2036,.F.);
#2909 = ORIENTED_EDGE('',*,*,#2782,.T.);
#2910 = ORIENTED_EDGE('',*,*,#2233,.T.);
#2911 = ORIENTED_EDGE('',*,*,#2884,.F.);
#2912 = ADVANCED_FACE('',(#2913),#2336,.F.);
#2913 = FACE_BOUND('',#2914,.F.);
#2914 = EDGE_LOOP('',(#2915,#2946,#2966,#2967));
#2915 = ORIENTED_EDGE('',*,*,#2916,.F.);
#2916 = EDGE_CURVE('',#2917,#2919,#2921,.T.);
#2917 = VERTEX_POINT('',#2918);
#2918 = CARTESIAN_POINT('',(-104.,-82.4,1.6));
#2919 = VERTEX_POINT('',#2920);
#2920 = CARTESIAN_POINT('',(-113.4,-73.,1.6));
#2921 = SURFACE_CURVE('',#2922,(#2927,#2934),.PCURVE_S1.);
#2922 = CIRCLE('',#2923,9.4);
#2923 = AXIS2_PLACEMENT_3D('',#2924,#2925,#2926);
#2924 = CARTESIAN_POINT('',(-104.,-73.,1.6));
#2925 = DIRECTION('',(0.,0.,-1.));
#2926 = DIRECTION('',(-1.,0.,0.));
#2927 = PCURVE('',#2336,#2928);
#2928 = DEFINITIONAL_REPRESENTATION('',(#2929),#2933);
#2929 = LINE('',#2930,#2931);
#2930 = CARTESIAN_POINT('',(6.28318530718,0.));
#2931 = VECTOR('',#2932,1.);
#2932 = DIRECTION('',(-1.,0.));
#2933 = ( GEOMETRIC_REPRESENTATION_CONTEXT(2) 
PARAMETRIC_REPRESENTATION_CONTEXT() REPRESENTATION_CONTEXT('2D SPACE',''
  ) );
#2934 = PCURVE('',#2935,#2940);
#2935 = PLANE('',#2936);
#2936 = AXIS2_PLACEMENT_3D('',#2937,#2938,#2939);
#2937 = CARTESIAN_POINT('',(-104.,-73.,1.6));
#2938 = DIRECTION('',(0.,0.,-1.));
#2939 = DIRECTION('',(-1.,0.,0.));
#2940 = DEFINITIONAL_REPRESENTATION('',(#2941),#2945);
#2941 = CIRCLE('',#2942,9.4);
#2942 = AXIS2_PLACEMENT_2D('',#2943,#2944);
#2943 = CARTESIAN_POINT('',(0.,0.));
#2944 = DIRECTION('',(1.,0.));
#2945 = ( GEOMETRIC_REPRESENTATION_CONTEXT(2) 
PARAMETRIC_REPRESENTATION_CONTEXT() REPRESENTATION_CONTEXT('2D SPACE',''
  ) );
#2946 = ORIENTED_EDGE('',*,*,#2947,.T.);
#2947 = EDGE_CURVE('',#2917,#2281,#2948,.T.);
#2948 = SURFACE_CURVE('',#2949,(#2952,#2959),.PCURVE_S1.);
#2949 = B_SPLINE_CURVE_WITH_KNOTS('',1,(#2950,#2951),.UNSPECIFIED.,.F.,
  .F.,(2,2),(0.,1.),.PIECEWISE_BEZIER_KNOTS.);
#2950 = CARTESIAN_POINT('',(-104.,-82.4,1.6));
#2951 = CARTESIAN_POINT('',(-109.,-95.4,55.));
#2952 = PCURVE('',#2336,#2953);
#2953 = DEFINITIONAL_REPRESENTATION('',(#2954),#2958);
#2954 = LINE('',#2955,#2956);
#2955 = CARTESIAN_POINT('',(1.570796326795,0.));
#2956 = VECTOR('',#2957,1.);
#2957 = DIRECTION('',(0.,1.));
#2958 = ( GEOMETRIC_REPRESENTATION_CONTEXT(2) 
PARAMETRIC_REPRESENTATION_CONTEXT() REPRESENTATION_CONTEXT('2D SPACE',''
  ) );
#2959 = PCURVE('',#2765,#2960);
#2960 = DEFINITIONAL_REPRESENTATION('',(#2961),#2965);
#2961 = LINE('',#2962,#2963);
#2962 = CARTESIAN_POINT('',(-109.,0.));
#2963 = VECTOR('',#2964,1.);
#2964 = DIRECTION('',(0.,1.));
#2965 = ( GEOMETRIC_REPRESENTATION_CONTEXT(2) 
PARAMETRIC_REPRESENTATION_CONTEXT() REPRESENTATION_CONTEXT('2D SPACE',''
  ) );
#2966 = ORIENTED_EDGE('',*,*,#2280,.T.);
#2967 = ORIENTED_EDGE('',*,*,#2968,.F.);
#2968 = EDGE_CURVE('',#2919,#2283,#2969,.T.);
#2969 = SURFACE_CURVE('',#2970,(#2973,#2980),.PCURVE_S1.);
#2970 = B_SPLINE_CURVE_WITH_KNOTS('',1,(#2971,#2972),.UNSPECIFIED.,.F.,
  .F.,(2,2),(0.,1.),.PIECEWISE_BEZIER_KNOTS.);
#2971 = CARTESIAN_POINT('',(-113.4,-73.,1.6));
#2972 = CARTESIAN_POINT('',(-126.4,-78.,55.));
#2973 = PCURVE('',#2336,#2974);
#2974 = DEFINITIONAL_REPRESENTATION('',(#2975),#2979);
#2975 = LINE('',#2976,#2977);
#2976 = CARTESIAN_POINT('',(0.,0.));
#2977 = VECTOR('',#2978,1.);
#2978 = DIRECTION('',(0.,1.));
#2979 = ( GEOMETRIC_REPRESENTATION_CONTEXT(2) 
PARAMETRIC_REPRESENTATION_CONTEXT() REPRESENTATION_CONTEXT('2D SPACE',''
  ) );
#2980 = PCURVE('',#2395,#2981);
#2981 = DEFINITIONAL_REPRESENTATION('',(#2982),#2986);
#2982 = LINE('',#2983,#2984);
#2983 = CARTESIAN_POINT('',(78.000000000002,0.));
#2984 = VECTOR('',#2985,1.);
#2985 = DIRECTION('',(0.,1.));
#2986 = ( GEOMETRIC_REPRESENTATION_CONTEXT(2) 
PARAMETRIC_REPRESENTATION_CONTEXT() REPRESENTATION_CONTEXT('2D SPACE',''
  ) );
#2987 = ADVANCED_FACE('',(#2988),#2765,.F.);
#2988 = FACE_BOUND('',#2989,.F.);
#2989 = EDGE_LOOP('',(#2990,#2991,#3013,#3033));
#2990 = ORIENTED_EDGE('',*,*,#2947,.F.);
#2991 = ORIENTED_EDGE('',*,*,#2992,.T.);
#2992 = EDGE_CURVE('',#2917,#2993,#2995,.T.);
#2993 = VERTEX_POINT('',#2994);
#2994 = CARTESIAN_POINT('',(104.,-82.4,1.6));
#2995 = SURFACE_CURVE('',#2996,(#3000,#3006),.PCURVE_S1.);
#2996 = LINE('',#2997,#2998);
#2997 = CARTESIAN_POINT('',(0.,-82.39999999999,1.6));
#2998 = VECTOR('',#2999,1.);
#2999 = DIRECTION('',(1.,0.,0.));
#3000 = PCURVE('',#2765,#3001);
#3001 = DEFINITIONAL_REPRESENTATION('',(#3002),#3005);
#3002 = B_SPLINE_CURVE_WITH_KNOTS('',1,(#3003,#3004),.UNSPECIFIED.,.F.,
  .F.,(2,2),(-104.,104.),.PIECEWISE_BEZIER_KNOTS.);
#3003 = CARTESIAN_POINT('',(-109.,0.));
#3004 = CARTESIAN_POINT('',(109.,0.));
#3005 = ( GEOMETRIC_REPRESENTATION_CONTEXT(2) 
PARAMETRIC_REPRESENTATION_CONTEXT() REPRESENTATION_CONTEXT('2D SPACE',''
  ) );
#3006 = PCURVE('',#2935,#3007);
#3007 = DEFINITIONAL_REPRESENTATION('',(#3008),#3012);
#3008 = LINE('',#3009,#3010);
#3009 = CARTESIAN_POINT('',(-104.,-9.399999999996));
#3010 = VECTOR('',#3011,1.);
#3011 = DIRECTION('',(-1.,0.));
#3012 = ( GEOMETRIC_REPRESENTATION_CONTEXT(2) 
PARAMETRIC_REPRESENTATION_CONTEXT() REPRESENTATION_CONTEXT('2D SPACE',''
  ) );
#3013 = ORIENTED_EDGE('',*,*,#3014,.T.);
#3014 = EDGE_CURVE('',#2993,#2655,#3015,.T.);
#3015 = SURFACE_CURVE('',#3016,(#3019,#3026),.PCURVE_S1.);
#3016 = B_SPLINE_CURVE_WITH_KNOTS('',1,(#3017,#3018),.UNSPECIFIED.,.F.,
  .F.,(2,2),(0.,1.),.PIECEWISE_BEZIER_KNOTS.);
#3017 = CARTESIAN_POINT('',(104.,-82.39999999999,1.6));
#3018 = CARTESIAN_POINT('',(109.,-95.39999999999,55.));
#3019 = PCURVE('',#2765,#3020);
#3020 = DEFINITIONAL_REPRESENTATION('',(#3021),#3025);
#3021 = LINE('',#3022,#3023);
#3022 = CARTESIAN_POINT('',(109.,0.));
#3023 = VECTOR('',#3024,1.);
#3024 = DIRECTION('',(0.,1.));
#3025 = ( GEOMETRIC_REPRESENTATION_CONTEXT(2) 
PARAMETRIC_REPRESENTATION_CONTEXT() REPRESENTATION_CONTEXT('2D SPACE',''
  ) );
#3026 = PCURVE('',#2708,#3027);
#3027 = DEFINITIONAL_REPRESENTATION('',(#3028),#3032);
#3028 = LINE('',#3029,#3030);
#3029 = CARTESIAN_POINT('',(1.570796326795,0.));
#3030 = VECTOR('',#3031,1.);
#3031 = DIRECTION('',(0.,1.));
#3032 = ( GEOMETRIC_REPRESENTATION_CONTEXT(2) 
PARAMETRIC_REPRESENTATION_CONTEXT() REPRESENTATION_CONTEXT('2D SPACE',''
  ) );
#3033 = ORIENTED_EDGE('',*,*,#2753,.T.);
#3034 = ADVANCED_FACE('',(#3035),#2708,.F.);
#3035 = FACE_BOUND('',#3036,.F.);
#3036 = EDGE_LOOP('',(#3037,#3061,#3081,#3082));
#3037 = ORIENTED_EDGE('',*,*,#3038,.F.);
#3038 = EDGE_CURVE('',#3039,#2993,#3041,.T.);
#3039 = VERTEX_POINT('',#3040);
#3040 = CARTESIAN_POINT('',(113.4,-73.,1.6));
#3041 = SURFACE_CURVE('',#3042,(#3047,#3054),.PCURVE_S1.);
#3042 = CIRCLE('',#3043,9.4);
#3043 = AXIS2_PLACEMENT_3D('',#3044,#3045,#3046);
#3044 = CARTESIAN_POINT('',(104.,-73.,1.6));
#3045 = DIRECTION('',(0.,0.,-1.));
#3046 = DIRECTION('',(-1.,0.,0.));
#3047 = PCURVE('',#2708,#3048);
#3048 = DEFINITIONAL_REPRESENTATION('',(#3049),#3053);
#3049 = LINE('',#3050,#3051);
#3050 = CARTESIAN_POINT('',(6.28318530718,0.));
#3051 = VECTOR('',#3052,1.);
#3052 = DIRECTION('',(-1.,0.));
#3053 = ( GEOMETRIC_REPRESENTATION_CONTEXT(2) 
PARAMETRIC_REPRESENTATION_CONTEXT() REPRESENTATION_CONTEXT('2D SPACE',''
  ) );
#3054 = PCURVE('',#2935,#3055);
#3055 = DEFINITIONAL_REPRESENTATION('',(#3056),#3060);
#3056 = CIRCLE('',#3057,9.4);
#3057 = AXIS2_PLACEMENT_2D('',#3058,#3059);
#3058 = CARTESIAN_POINT('',(-208.,0.));
#3059 = DIRECTION('',(1.,0.));
#3060 = ( GEOMETRIC_REPRESENTATION_CONTEXT(2) 
PARAMETRIC_REPRESENTATION_CONTEXT() REPRESENTATION_CONTEXT('2D SPACE',''
  ) );
#3061 = ORIENTED_EDGE('',*,*,#3062,.T.);
#3062 = EDGE_CURVE('',#3039,#2630,#3063,.T.);
#3063 = SURFACE_CURVE('',#3064,(#3067,#3074),.PCURVE_S1.);
#3064 = B_SPLINE_CURVE_WITH_KNOTS('',1,(#3065,#3066),.UNSPECIFIED.,.F.,
  .F.,(2,2),(0.,1.),.PIECEWISE_BEZIER_KNOTS.);
#3065 = CARTESIAN_POINT('',(113.4,-73.,1.6));
#3066 = CARTESIAN_POINT('',(126.4,-78.,55.));
#3067 = PCURVE('',#2708,#3068);
#3068 = DEFINITIONAL_REPRESENTATION('',(#3069),#3073);
#3069 = LINE('',#3070,#3071);
#3070 = CARTESIAN_POINT('',(3.14159265359,0.));
#3071 = VECTOR('',#3072,1.);
#3072 = DIRECTION('',(0.,1.));
#3073 = ( GEOMETRIC_REPRESENTATION_CONTEXT(2) 
PARAMETRIC_REPRESENTATION_CONTEXT() REPRESENTATION_CONTEXT('2D SPACE',''
  ) );
#3074 = PCURVE('',#2643,#3075);
#3075 = DEFINITIONAL_REPRESENTATION('',(#3076),#3080);
#3076 = LINE('',#3077,#3078);
#3077 = CARTESIAN_POINT('',(-78.,0.));
#3078 = VECTOR('',#3079,1.);
#3079 = DIRECTION('',(0.,1.));
#3080 = ( GEOMETRIC_REPRESENTATION_CONTEXT(2) 
PARAMETRIC_REPRESENTATION_CONTEXT() REPRESENTATION_CONTEXT('2D SPACE',''
  ) );
#3081 = ORIENTED_EDGE('',*,*,#2654,.T.);
#3082 = ORIENTED_EDGE('',*,*,#3014,.F.);
#3083 = ADVANCED_FACE('',(#3084),#2643,.F.);
#3084 = FACE_BOUND('',#3085,.F.);
#3085 = EDGE_LOOP('',(#3086,#3087,#3109,#3129));
#3086 = ORIENTED_EDGE('',*,*,#3062,.F.);
#3087 = ORIENTED_EDGE('',*,*,#3088,.T.);
#3088 = EDGE_CURVE('',#3039,#3089,#3091,.T.);
#3089 = VERTEX_POINT('',#3090);
#3090 = CARTESIAN_POINT('',(113.4,72.99999998235,1.6));
#3091 = SURFACE_CURVE('',#3092,(#3096,#3102),.PCURVE_S1.);
#3092 = LINE('',#3093,#3094);
#3093 = CARTESIAN_POINT('',(113.4,2.167155344068E-12,1.6));
#3094 = VECTOR('',#3095,1.);
#3095 = DIRECTION('',(0.,1.,0.));
#3096 = PCURVE('',#2643,#3097);
#3097 = DEFINITIONAL_REPRESENTATION('',(#3098),#3101);
#3098 = B_SPLINE_CURVE_WITH_KNOTS('',1,(#3099,#3100),.UNSPECIFIED.,.F.,
  .F.,(2,2),(-73.,72.999999982347),.PIECEWISE_BEZIER_KNOTS.);
#3099 = CARTESIAN_POINT('',(-78.,0.));
#3100 = CARTESIAN_POINT('',(77.999999987135,0.));
#3101 = ( GEOMETRIC_REPRESENTATION_CONTEXT(2) 
PARAMETRIC_REPRESENTATION_CONTEXT() REPRESENTATION_CONTEXT('2D SPACE',''
  ) );
#3102 = PCURVE('',#2935,#3103);
#3103 = DEFINITIONAL_REPRESENTATION('',(#3104),#3108);
#3104 = LINE('',#3105,#3106);
#3105 = CARTESIAN_POINT('',(-217.4,73.000000000004));
#3106 = VECTOR('',#3107,1.);
#3107 = DIRECTION('',(0.,1.));
#3108 = ( GEOMETRIC_REPRESENTATION_CONTEXT(2) 
PARAMETRIC_REPRESENTATION_CONTEXT() REPRESENTATION_CONTEXT('2D SPACE',''
  ) );
#3109 = ORIENTED_EDGE('',*,*,#3110,.T.);
#3110 = EDGE_CURVE('',#3089,#2531,#3111,.T.);
#3111 = SURFACE_CURVE('',#3112,(#3115,#3122),.PCURVE_S1.);
#3112 = B_SPLINE_CURVE_WITH_KNOTS('',1,(#3113,#3114),.UNSPECIFIED.,.F.,
  .F.,(2,2),(0.,1.),.PIECEWISE_BEZIER_KNOTS.);
#3113 = CARTESIAN_POINT('',(113.4,72.99999998235,1.6));
#3114 = CARTESIAN_POINT('',(126.4,77.999999987136,55.));
#3115 = PCURVE('',#2643,#3116);
#3116 = DEFINITIONAL_REPRESENTATION('',(#3117),#3121);
#3117 = LINE('',#3118,#3119);
#3118 = CARTESIAN_POINT('',(77.999999987135,0.));
#3119 = VECTOR('',#3120,1.);
#3120 = DIRECTION('',(0.,1.));
#3121 = ( GEOMETRIC_REPRESENTATION_CONTEXT(2) 
PARAMETRIC_REPRESENTATION_CONTEXT() REPRESENTATION_CONTEXT('2D SPACE',''
  ) );
#3122 = PCURVE('',#2584,#3123);
#3123 = DEFINITIONAL_REPRESENTATION('',(#3124),#3128);
#3124 = LINE('',#3125,#3126);
#3125 = CARTESIAN_POINT('',(0.,0.));
#3126 = VECTOR('',#3127,1.);
#3127 = DIRECTION('',(0.,1.));
#3128 = ( GEOMETRIC_REPRESENTATION_CONTEXT(2) 
PARAMETRIC_REPRESENTATION_CONTEXT() REPRESENTATION_CONTEXT('2D SPACE',''
  ) );
#3129 = ORIENTED_EDGE('',*,*,#2629,.T.);
#3130 = ADVANCED_FACE('',(#3131),#2584,.F.);
#3131 = FACE_BOUND('',#3132,.F.);
#3132 = EDGE_LOOP('',(#3133,#3157,#3177,#3178));
#3133 = ORIENTED_EDGE('',*,*,#3134,.F.);
#3134 = EDGE_CURVE('',#3135,#3089,#3137,.T.);
#3135 = VERTEX_POINT('',#3136);
#3136 = CARTESIAN_POINT('',(104.,82.399999991176,1.6));
#3137 = SURFACE_CURVE('',#3138,(#3143,#3150),.PCURVE_S1.);
#3138 = CIRCLE('',#3139,9.4);
#3139 = AXIS2_PLACEMENT_3D('',#3140,#3141,#3142);
#3140 = CARTESIAN_POINT('',(104.,72.99999998235,1.6));
#3141 = DIRECTION('',(0.,0.,-1.));
#3142 = DIRECTION('',(-1.,0.,0.));
#3143 = PCURVE('',#2584,#3144);
#3144 = DEFINITIONAL_REPRESENTATION('',(#3145),#3149);
#3145 = LINE('',#3146,#3147);
#3146 = CARTESIAN_POINT('',(3.14159265359,0.));
#3147 = VECTOR('',#3148,1.);
#3148 = DIRECTION('',(-1.,0.));
#3149 = ( GEOMETRIC_REPRESENTATION_CONTEXT(2) 
PARAMETRIC_REPRESENTATION_CONTEXT() REPRESENTATION_CONTEXT('2D SPACE',''
  ) );
#3150 = PCURVE('',#2935,#3151);
#3151 = DEFINITIONAL_REPRESENTATION('',(#3152),#3156);
#3152 = CIRCLE('',#3153,9.4);
#3153 = AXIS2_PLACEMENT_2D('',#3154,#3155);
#3154 = CARTESIAN_POINT('',(-208.,145.99999998235));
#3155 = DIRECTION('',(1.,0.));
#3156 = ( GEOMETRIC_REPRESENTATION_CONTEXT(2) 
PARAMETRIC_REPRESENTATION_CONTEXT() REPRESENTATION_CONTEXT('2D SPACE',''
  ) );
#3157 = ORIENTED_EDGE('',*,*,#3158,.T.);
#3158 = EDGE_CURVE('',#3135,#2506,#3159,.T.);
#3159 = SURFACE_CURVE('',#3160,(#3163,#3170),.PCURVE_S1.);
#3160 = B_SPLINE_CURVE_WITH_KNOTS('',1,(#3161,#3162),.UNSPECIFIED.,.F.,
  .F.,(2,2),(0.,1.),.PIECEWISE_BEZIER_KNOTS.);
#3161 = CARTESIAN_POINT('',(104.,82.39999998235,1.6));
#3162 = CARTESIAN_POINT('',(109.,95.399999987136,55.));
#3163 = PCURVE('',#2584,#3164);
#3164 = DEFINITIONAL_REPRESENTATION('',(#3165),#3169);
#3165 = LINE('',#3166,#3167);
#3166 = CARTESIAN_POINT('',(1.570796326795,0.));
#3167 = VECTOR('',#3168,1.);
#3168 = DIRECTION('',(0.,1.));
#3169 = ( GEOMETRIC_REPRESENTATION_CONTEXT(2) 
PARAMETRIC_REPRESENTATION_CONTEXT() REPRESENTATION_CONTEXT('2D SPACE',''
  ) );
#3170 = PCURVE('',#2519,#3171);
#3171 = DEFINITIONAL_REPRESENTATION('',(#3172),#3176);
#3172 = LINE('',#3173,#3174);
#3173 = CARTESIAN_POINT('',(-109.,0.));
#3174 = VECTOR('',#3175,1.);
#3175 = DIRECTION('',(0.,1.));
#3176 = ( GEOMETRIC_REPRESENTATION_CONTEXT(2) 
PARAMETRIC_REPRESENTATION_CONTEXT() REPRESENTATION_CONTEXT('2D SPACE',''
  ) );
#3177 = ORIENTED_EDGE('',*,*,#2530,.T.);
#3178 = ORIENTED_EDGE('',*,*,#3110,.F.);
#3179 = ADVANCED_FACE('',(#3180),#2519,.F.);
#3180 = FACE_BOUND('',#3181,.F.);
#3181 = EDGE_LOOP('',(#3182,#3204,#3224,#3225));
#3182 = ORIENTED_EDGE('',*,*,#3183,.F.);
#3183 = EDGE_CURVE('',#3184,#3135,#3186,.T.);
#3184 = VERTEX_POINT('',#3185);
#3185 = CARTESIAN_POINT('',(-104.,82.399999991176,1.6));
#3186 = SURFACE_CURVE('',#3187,(#3191,#3197),.PCURVE_S1.);
#3187 = LINE('',#3188,#3189);
#3188 = CARTESIAN_POINT('',(0.,82.400000000002,1.6));
#3189 = VECTOR('',#3190,1.);
#3190 = DIRECTION('',(1.,0.,0.));
#3191 = PCURVE('',#2519,#3192);
#3192 = DEFINITIONAL_REPRESENTATION('',(#3193),#3196);
#3193 = B_SPLINE_CURVE_WITH_KNOTS('',1,(#3194,#3195),.UNSPECIFIED.,.F.,
  .F.,(2,2),(-104.,104.),.PIECEWISE_BEZIER_KNOTS.);
#3194 = CARTESIAN_POINT('',(109.,0.));
#3195 = CARTESIAN_POINT('',(-109.,0.));
#3196 = ( GEOMETRIC_REPRESENTATION_CONTEXT(2) 
PARAMETRIC_REPRESENTATION_CONTEXT() REPRESENTATION_CONTEXT('2D SPACE',''
  ) );
#3197 = PCURVE('',#2935,#3198);
#3198 = DEFINITIONAL_REPRESENTATION('',(#3199),#3203);
#3199 = LINE('',#3200,#3201);
#3200 = CARTESIAN_POINT('',(-104.,155.4));
#3201 = VECTOR('',#3202,1.);
#3202 = DIRECTION('',(-1.,0.));
#3203 = ( GEOMETRIC_REPRESENTATION_CONTEXT(2) 
PARAMETRIC_REPRESENTATION_CONTEXT() REPRESENTATION_CONTEXT('2D SPACE',''
  ) );
#3204 = ORIENTED_EDGE('',*,*,#3205,.T.);
#3205 = EDGE_CURVE('',#3184,#2407,#3206,.T.);
#3206 = SURFACE_CURVE('',#3207,(#3210,#3217),.PCURVE_S1.);
#3207 = B_SPLINE_CURVE_WITH_KNOTS('',1,(#3208,#3209),.UNSPECIFIED.,.F.,
  .F.,(2,2),(0.,1.),.PIECEWISE_BEZIER_KNOTS.);
#3208 = CARTESIAN_POINT('',(-104.,82.400000000002,1.6));
#3209 = CARTESIAN_POINT('',(-109.,95.400000000001,55.));
#3210 = PCURVE('',#2519,#3211);
#3211 = DEFINITIONAL_REPRESENTATION('',(#3212),#3216);
#3212 = LINE('',#3213,#3214);
#3213 = CARTESIAN_POINT('',(109.,0.));
#3214 = VECTOR('',#3215,1.);
#3215 = DIRECTION('',(0.,1.));
#3216 = ( GEOMETRIC_REPRESENTATION_CONTEXT(2) 
PARAMETRIC_REPRESENTATION_CONTEXT() REPRESENTATION_CONTEXT('2D SPACE',''
  ) );
#3217 = PCURVE('',#2460,#3218);
#3218 = DEFINITIONAL_REPRESENTATION('',(#3219),#3223);
#3219 = LINE('',#3220,#3221);
#3220 = CARTESIAN_POINT('',(4.712388980385,0.));
#3221 = VECTOR('',#3222,1.);
#3222 = DIRECTION('',(0.,1.));
#3223 = ( GEOMETRIC_REPRESENTATION_CONTEXT(2) 
PARAMETRIC_REPRESENTATION_CONTEXT() REPRESENTATION_CONTEXT('2D SPACE',''
  ) );
#3224 = ORIENTED_EDGE('',*,*,#2505,.T.);
#3225 = ORIENTED_EDGE('',*,*,#3158,.F.);
#3226 = ADVANCED_FACE('',(#3227),#2460,.F.);
#3227 = FACE_BOUND('',#3228,.F.);
#3228 = EDGE_LOOP('',(#3229,#3253,#3273,#3274));
#3229 = ORIENTED_EDGE('',*,*,#3230,.F.);
#3230 = EDGE_CURVE('',#3231,#3184,#3233,.T.);
#3231 = VERTEX_POINT('',#3232);
#3232 = CARTESIAN_POINT('',(-113.4,72.99999998235,1.6));
#3233 = SURFACE_CURVE('',#3234,(#3239,#3246),.PCURVE_S1.);
#3234 = CIRCLE('',#3235,9.4);
#3235 = AXIS2_PLACEMENT_3D('',#3236,#3237,#3238);
#3236 = CARTESIAN_POINT('',(-104.,72.99999998235,1.6));
#3237 = DIRECTION('',(0.,0.,-1.));
#3238 = DIRECTION('',(-1.,0.,0.));
#3239 = PCURVE('',#2460,#3240);
#3240 = DEFINITIONAL_REPRESENTATION('',(#3241),#3245);
#3241 = LINE('',#3242,#3243);
#3242 = CARTESIAN_POINT('',(6.28318530718,0.));
#3243 = VECTOR('',#3244,1.);
#3244 = DIRECTION('',(-1.,0.));
#3245 = ( GEOMETRIC_REPRESENTATION_CONTEXT(2) 
PARAMETRIC_REPRESENTATION_CONTEXT() REPRESENTATION_CONTEXT('2D SPACE',''
  ) );
#3246 = PCURVE('',#2935,#3247);
#3247 = DEFINITIONAL_REPRESENTATION('',(#3248),#3252);
#3248 = CIRCLE('',#3249,9.4);
#3249 = AXIS2_PLACEMENT_2D('',#3250,#3251);
#3250 = CARTESIAN_POINT('',(0.,145.99999998235));
#3251 = DIRECTION('',(1.,0.));
#3252 = ( GEOMETRIC_REPRESENTATION_CONTEXT(2) 
PARAMETRIC_REPRESENTATION_CONTEXT() REPRESENTATION_CONTEXT('2D SPACE',''
  ) );
#3253 = ORIENTED_EDGE('',*,*,#3254,.T.);
#3254 = EDGE_CURVE('',#3231,#2382,#3255,.T.);
#3255 = SURFACE_CURVE('',#3256,(#3259,#3266),.PCURVE_S1.);
#3256 = B_SPLINE_CURVE_WITH_KNOTS('',1,(#3257,#3258),.UNSPECIFIED.,.F.,
  .F.,(2,2),(0.,1.),.PIECEWISE_BEZIER_KNOTS.);
#3257 = CARTESIAN_POINT('',(-113.4,72.99999998235,1.6));
#3258 = CARTESIAN_POINT('',(-126.4,77.999999987136,55.));
#3259 = PCURVE('',#2460,#3260);
#3260 = DEFINITIONAL_REPRESENTATION('',(#3261),#3265);
#3261 = LINE('',#3262,#3263);
#3262 = CARTESIAN_POINT('',(6.28318530718,0.));
#3263 = VECTOR('',#3264,1.);
#3264 = DIRECTION('',(0.,1.));
#3265 = ( GEOMETRIC_REPRESENTATION_CONTEXT(2) 
PARAMETRIC_REPRESENTATION_CONTEXT() REPRESENTATION_CONTEXT('2D SPACE',''
  ) );
#3266 = PCURVE('',#2395,#3267);
#3267 = DEFINITIONAL_REPRESENTATION('',(#3268),#3272);
#3268 = LINE('',#3269,#3270);
#3269 = CARTESIAN_POINT('',(-77.99999998713,0.));
#3270 = VECTOR('',#3271,1.);
#3271 = DIRECTION('',(0.,1.));
#3272 = ( GEOMETRIC_REPRESENTATION_CONTEXT(2) 
PARAMETRIC_REPRESENTATION_CONTEXT() REPRESENTATION_CONTEXT('2D SPACE',''
  ) );
#3273 = ORIENTED_EDGE('',*,*,#2406,.T.);
#3274 = ORIENTED_EDGE('',*,*,#3205,.F.);
#3275 = ADVANCED_FACE('',(#3276),#2395,.F.);
#3276 = FACE_BOUND('',#3277,.F.);
#3277 = EDGE_LOOP('',(#3278,#3298,#3299,#3300));
#3278 = ORIENTED_EDGE('',*,*,#3279,.F.);
#3279 = EDGE_CURVE('',#2919,#3231,#3280,.T.);
#3280 = SURFACE_CURVE('',#3281,(#3285,#3291),.PCURVE_S1.);
#3281 = LINE('',#3282,#3283);
#3282 = CARTESIAN_POINT('',(-113.4,2.167155344068E-12,1.6));
#3283 = VECTOR('',#3284,1.);
#3284 = DIRECTION('',(0.,1.,0.));
#3285 = PCURVE('',#2395,#3286);
#3286 = DEFINITIONAL_REPRESENTATION('',(#3287),#3290);
#3287 = B_SPLINE_CURVE_WITH_KNOTS('',1,(#3288,#3289),.UNSPECIFIED.,.F.,
  .F.,(2,2),(-73.,72.999999982347),.PIECEWISE_BEZIER_KNOTS.);
#3288 = CARTESIAN_POINT('',(78.000000000002,0.));
#3289 = CARTESIAN_POINT('',(-77.99999998713,0.));
#3290 = ( GEOMETRIC_REPRESENTATION_CONTEXT(2) 
PARAMETRIC_REPRESENTATION_CONTEXT() REPRESENTATION_CONTEXT('2D SPACE',''
  ) );
#3291 = PCURVE('',#2935,#3292);
#3292 = DEFINITIONAL_REPRESENTATION('',(#3293),#3297);
#3293 = LINE('',#3294,#3295);
#3294 = CARTESIAN_POINT('',(9.4,73.000000000004));
#3295 = VECTOR('',#3296,1.);
#3296 = DIRECTION('',(0.,1.));
#3297 = ( GEOMETRIC_REPRESENTATION_CONTEXT(2) 
PARAMETRIC_REPRESENTATION_CONTEXT() REPRESENTATION_CONTEXT('2D SPACE',''
  ) );
#3298 = ORIENTED_EDGE('',*,*,#2968,.T.);
#3299 = ORIENTED_EDGE('',*,*,#2381,.T.);
#3300 = ORIENTED_EDGE('',*,*,#3254,.F.);
#3301 = ADVANCED_FACE('',(#3302),#2935,.F.);
#3302 = FACE_BOUND('',#3303,.T.);
#3303 = EDGE_LOOP('',(#3304,#3305,#3306,#3307,#3308,#3309,#3310,#3311));
#3304 = ORIENTED_EDGE('',*,*,#3279,.F.);
#3305 = ORIENTED_EDGE('',*,*,#2916,.F.);
#3306 = ORIENTED_EDGE('',*,*,#2992,.T.);
#3307 = ORIENTED_EDGE('',*,*,#3038,.F.);
#3308 = ORIENTED_EDGE('',*,*,#3088,.T.);
#3309 = ORIENTED_EDGE('',*,*,#3134,.F.);
#3310 = ORIENTED_EDGE('',*,*,#3183,.F.);
#3311 = ORIENTED_EDGE('',*,*,#3230,.F.);
#3312 = ( GEOMETRIC_REPRESENTATION_CONTEXT(3) 
GLOBAL_UNCERTAINTY_ASSIGNED_CONTEXT((#3316)) 
GLOBAL_UNIT_ASSIGNED_CONTEXT((#3313,#3314,#3315)) REPRESENTATION_CONTEXT
('Context #1','3D Context with UNIT and UNCERTAINTY') );
#3313 = ( LENGTH_UNIT() NAMED_UNIT(*) SI_UNIT(.MILLI.,.METRE.) );
#3314 = ( NAMED_UNIT(*) PLANE_ANGLE_UNIT() SI_UNIT($,.RADIAN.) );
#3315 = ( NAMED_UNIT(*) SI_UNIT($,.STERADIAN.) SOLID_ANGLE_UNIT() );
#3316 = UNCERTAINTY_MEASURE_WITH_UNIT(LENGTH_MEASURE(1.E-06),#3313,
  'distance_accuracy_value','confusion accuracy');
#3317 = CONTEXT_DEPENDENT_SHAPE_REPRESENTATION(#3318,#3320);
#3318 = ( REPRESENTATION_RELATIONSHIP('','',#1719,#10) 
REPRESENTATION_RELATIONSHIP_WITH_TRANSFORMATION(#3319) 
SHAPE_REPRESENTATION_RELATIONSHIP() );
#3319 = ITEM_DEFINED_TRANSFORMATION('','',#11,#19);
#3320 = PRODUCT_DEFINITION_SHAPE('Placement','Placement of an item',
  #3321);
#3321 = NEXT_ASSEMBLY_USAGE_OCCURRENCE('2','box_lid','',#5,#1714,$);
#3322 = PRODUCT_RELATED_PRODUCT_CATEGORY('part',$,(#1716));
#3323 = SHAPE_DEFINITION_REPRESENTATION(#3324,#3330);
#3324 = PRODUCT_DEFINITION_SHAPE('','',#3325);
#3325 = PRODUCT_DEFINITION('design','',#3326,#3329);
#3326 = PRODUCT_DEFINITION_FORMATION('','',#3327);
#3327 = PRODUCT('chicken_thigh','chicken_thigh','',(#3328));
#3328 = PRODUCT_CONTEXT('',#2,'mechanical');
#3329 = PRODUCT_DEFINITION_CONTEXT('part definition',#2,'design');
#3330 = ADVANCED_BREP_SHAPE_REPRESENTATION('',(#11,#3331),#3580);
#3331 = MANIFOLD_SOLID_BREP('',#3332);
#3332 = CLOSED_SHELL('',(#3333,#3572,#3576));
#3333 = ADVANCED_FACE('',(#3334),#3358,.T.);
#3334 = FACE_BOUND('',#3335,.T.);
#3335 = EDGE_LOOP('',(#3336,#3494,#3521,#3571));
#3336 = ORIENTED_EDGE('',*,*,#3337,.T.);
#3337 = EDGE_CURVE('',#3338,#3338,#3340,.T.);
#3338 = VERTEX_POINT('',#3339);
#3339 = CARTESIAN_POINT('',(12.,0.,0.));
#3340 = SURFACE_CURVE('',#3341,(#3357,#3470),.PCURVE_S1.);
#3341 = B_SPLINE_CURVE_WITH_KNOTS('',14,(#3342,#3343,#3344,#3345,#3346,
    #3347,#3348,#3349,#3350,#3351,#3352,#3353,#3354,#3355,#3356),
  .UNSPECIFIED.,.T.,.F.,(15,15),(0.,1.),.PIECEWISE_BEZIER_KNOTS.);
#3342 = CARTESIAN_POINT('',(12.,-5.509076825803E-15,0.));
#3343 = CARTESIAN_POINT('',(12.000000000004,4.487989505132,0.));
#3344 = CARTESIAN_POINT('',(9.39702766559,8.975980666874,0.));
#3345 = CARTESIAN_POINT('',(4.191079669208,12.328193465738,0.));
#3346 = CARTESIAN_POINT('',(-2.839327376931,13.408975958248,0.));
#3347 = CARTESIAN_POINT('',(-10.13730792472,11.489768610123,0.));
#3348 = CARTESIAN_POINT('',(-15.70850042005,6.658852452614,0.));
#3349 = CARTESIAN_POINT('',(-17.80594322441,1.661533133301E-10,0.));
#3350 = CARTESIAN_POINT('',(-15.70850042006,-6.658852452918,0.));
#3351 = CARTESIAN_POINT('',(-10.13730792471,-11.48976860989,0.));
#3352 = CARTESIAN_POINT('',(-2.839327376943,-13.40897595839,0.));
#3353 = CARTESIAN_POINT('',(4.191079669215,-12.32819346566,0.));
#3354 = CARTESIAN_POINT('',(9.397027665587,-8.975980666899,0.));
#3355 = CARTESIAN_POINT('',(12.000000000005,-4.487989505126,0.));
#3356 = CARTESIAN_POINT('',(12.,1.855731254973E-15,0.));
#3357 = PCURVE('',#3358,#3464);
#3358 = ( BOUNDED_SURFACE() B_SPLINE_SURFACE(14,6,(
    (#3359,#3360,#3361,#3362,#3363,#3364,#3365)
    ,(#3366,#3367,#3368,#3369,#3370,#3371,#3372)
    ,(#3373,#3374,#3375,#3376,#3377,#3378,#3379)
    ,(#3380,#3381,#3382,#3383,#3384,#3385,#3386)
    ,(#3387,#3388,#3389,#3390,#3391,#3392,#3393)
    ,(#3394,#3395,#3396,#3397,#3398,#3399,#3400)
    ,(#3401,#3402,#3403,#3404,#3405,#3406,#3407)
    ,(#3408,#3409,#3410,#3411,#3412,#3413,#3414)
    ,(#3415,#3416,#3417,#3418,#3419,#3420,#3421)
    ,(#3422,#3423,#3424,#3425,#3426,#3427,#3428)
    ,(#3429,#3430,#3431,#3432,#3433,#3434,#3435)
    ,(#3436,#3437,#3438,#3439,#3440,#3441,#3442)
    ,(#3443,#3444,#3445,#3446,#3447,#3448,#3449)
    ,(#3450,#3451,#3452,#3453,#3454,#3455,#3456)
    ,(#3457,#3458,#3459,#3460,#3461,#3462,#3463
)),.UNSPECIFIED.,.T.,.F.,.F.) B_SPLINE_SURFACE_WITH_KNOTS((15,15),(7,7),
  (0.,1.),(0.,1.),.PIECEWISE_BEZIER_KNOTS.) 
GEOMETRIC_REPRESENTATION_ITEM() RATIONAL_B_SPLINE_SURFACE((
    (1.,1.,1.,1.,1.,1.,1.)
    ,(1.,1.,1.,1.,1.,1.,1.)
    ,(1.,1.,1.,1.,1.,1.,1.)
    ,(1.,1.,1.,1.,1.,1.,1.)
    ,(1.,1.,1.,1.,1.,1.,1.)
    ,(1.,1.,1.,1.,1.,1.,1.)
    ,(1.,1.,1.,1.,1.,1.,1.)
    ,(1.,1.,1.,1.,1.,1.,1.)
    ,(1.,1.,1.,1.,1.,1.,1.)
    ,(1.,1.,1.,1.,1.,1.,1.)
    ,(1.,1.,1.,1.,1.,1.,1.)
    ,(1.,1.,1.,1.,1.,1.,1.)
    ,(1.,1.,1.,1.,1.,1.,1.)
    ,(1.,1.,1.,1.,1.,1.,1.)
,(1.,1.,1.,1.,1.,1.,1.))) REPRESENTATION_ITEM('') SURFACE() );
#3359 = CARTESIAN_POINT('',(12.,-5.509076825803E-15,0.));
#3360 = CARTESIAN_POINT('',(29.093710454525,2.490492356945,
    13.456240696658));
#3361 = CARTESIAN_POINT('',(38.799032313977,-0.943140363103,
    33.901217580344));
#3362 = CARTESIAN_POINT('',(49.291056503291,0.36691931359,
    63.159372852169));
#3363 = CARTESIAN_POINT('',(26.772746011091,-3.370066266264,
    80.661083142407));
#3364 = CARTESIAN_POINT('',(22.862081873029,-1.441336865362,
    104.61168340985));
#3365 = CARTESIAN_POINT('',(5.,9.113559473481E-16,118.));
#3366 = CARTESIAN_POINT('',(12.000000000004,4.487989505132,0.));
#3367 = CARTESIAN_POINT('',(29.093710454537,13.343957782665,
    13.456240696658));
#3368 = CARTESIAN_POINT('',(38.799032313964,11.998532749795,
    33.901217580344));
#3369 = CARTESIAN_POINT('',(49.291056503324,15.878032140978,
    63.159372852169));
#3370 = CARTESIAN_POINT('',(26.772746011084,7.16506447454,
    80.661083142407));
#3371 = CARTESIAN_POINT('',(22.862081873042,7.576031719753,
    104.61168340985));
#3372 = CARTESIAN_POINT('',(5.000000000003,3.141592653593,118.));
#3373 = CARTESIAN_POINT('',(9.39702766559,8.975980666874,0.));
#3374 = CARTESIAN_POINT('',(22.832883457348,24.19742721466,
    13.456240696658));
#3375 = CARTESIAN_POINT('',(31.715307186303,24.94021063958,
    33.901217580344));
#3376 = CARTESIAN_POINT('',(39.334856103454,31.389150694076,
    63.159372852169));
#3377 = CARTESIAN_POINT('',(20.2641389833,17.700199103854,
    80.661083142407));
#3378 = CARTESIAN_POINT('',(17.42095773132,16.593403633451,
    104.61168340985));
#3379 = CARTESIAN_POINT('',(3.047770749193,6.283186466809,118.));
#3380 = CARTESIAN_POINT('',(4.191079669208,12.328193465738,0.));
#3381 = CARTESIAN_POINT('',(10.311221459422,32.30420323767,
    13.456240696658));
#3382 = CARTESIAN_POINT('',(17.547847874606,34.606731071466,
    33.901217580344));
#3383 = CARTESIAN_POINT('',(19.4224425767,42.974862042695,
    63.159372852169));
#3384 = CARTESIAN_POINT('',(7.246916606724,25.569201486563,
    80.661083142407));
#3385 = CARTESIAN_POINT('',(6.538702492278,23.328744335028,
    104.61168340985));
#3386 = CARTESIAN_POINT('',(-0.856690248097,8.629735426023,118.));
#3387 = CARTESIAN_POINT('',(-2.839327376931,13.408975958248,0.));
#3388 = CARTESIAN_POINT('',(-6.598740146334,34.917898167836,
    13.456240696658));
#3389 = CARTESIAN_POINT('',(-1.584691641963,37.72330113124,
    33.901217580344));
#3390 = CARTESIAN_POINT('',(-7.468408516991,46.710195908731,
    63.159372852169));
#3391 = CARTESIAN_POINT('',(-10.3322778019,28.106236130333,
    80.661083142407));
#3392 = CARTESIAN_POINT('',(-8.157311368323,25.500276618326,
    104.61168340985));
#3393 = CARTESIAN_POINT('',(-6.129495532691,9.38628317076,118.));
#3394 = CARTESIAN_POINT('',(-10.13730792472,11.489768610123,0.));
#3395 = CARTESIAN_POINT('',(-24.1522857735,30.276610442948,
    13.456240696658));
#3396 = CARTESIAN_POINT('',(-21.44540529981,32.18902924849,
    33.901217580344));
#3397 = CARTESIAN_POINT('',(-35.38271090217,40.077149710255,
    63.159372852169));
#3398 = CARTESIAN_POINT('',(-28.58052687447,23.601078464863,
    80.661083142407));
#3399 = CARTESIAN_POINT('',(-23.41264759226,21.64416241989,
    104.61168340985));
#3400 = CARTESIAN_POINT('',(-11.60298094356,8.042838027108,118.));
#3401 = CARTESIAN_POINT('',(-15.70850042005,6.658852452614,0.));
#3402 = CARTESIAN_POINT('',(-37.55245600183,18.593833237883,
    13.456240696658));
#3403 = CARTESIAN_POINT('',(-36.60684045754,18.258484695134,
    33.901217580344));
#3404 = CARTESIAN_POINT('',(-56.69216095702,23.380834917323,
    63.159372852169));
#3405 = CARTESIAN_POINT('',(-42.51102553674,12.260959849977,
    80.661083142407));
#3406 = CARTESIAN_POINT('',(-35.05839179979,11.937777959601,
    104.61168340985));
#3407 = CARTESIAN_POINT('',(-15.78137531501,4.6611967168,118.));
#3408 = CARTESIAN_POINT('',(-17.80594322441,1.661533133301E-10,0.));
#3409 = CARTESIAN_POINT('',(-42.59735270014,2.490492356877,
    13.456240696658));
#3410 = CARTESIAN_POINT('',(-42.31481825895,-0.943140361178,
    33.901217580344));
#3411 = CARTESIAN_POINT('',(-64.71474368141,0.366919312226,
    63.159372852169));
#3412 = CARTESIAN_POINT('',(-47.75558031116,-3.370066263995,
    80.661083142407));
#3413 = CARTESIAN_POINT('',(-39.44278210858,-1.441336865824,
    104.61168340985));
#3414 = CARTESIAN_POINT('',(-17.35445741833,1.487094891672E-10,118.));
#3415 = CARTESIAN_POINT('',(-15.70850042006,-6.658852452918,0.));
#3416 = CARTESIAN_POINT('',(-37.5524560016,-13.61284852387,
    13.456240696658));
#3417 = CARTESIAN_POINT('',(-36.6068404581,-20.14476542487,
    33.901217580344));
#3418 = CARTESIAN_POINT('',(-56.6921609565,-22.64699628763,
    63.159372852169));
#3419 = CARTESIAN_POINT('',(-42.51102553703,-19.00109238666,
    80.661083142407));
#3420 = CARTESIAN_POINT('',(-35.05839179968,-14.82045168947,
    104.61168340985));
#3421 = CARTESIAN_POINT('',(-15.78137531501,-4.661196717073,118.));
#3422 = CARTESIAN_POINT('',(-10.13730792471,-11.48976860989,0.));
#3423 = CARTESIAN_POINT('',(-24.15228577383,-25.29562572915,
    13.456240696658));
#3424 = CARTESIAN_POINT('',(-21.44540529902,-34.07530997199,
    33.901217580344));
#3425 = CARTESIAN_POINT('',(-35.38271090288,-39.34331108501,
    63.159372852169));
#3426 = CARTESIAN_POINT('',(-28.58052687406,-30.34121099419,
    80.661083142407));
#3427 = CARTESIAN_POINT('',(-23.41264759241,-24.52683615126,
    104.61168340985));
#3428 = CARTESIAN_POINT('',(-11.60298094356,-8.0428380269,118.));
#3429 = CARTESIAN_POINT('',(-2.839327376943,-13.40897595839,0.));
#3430 = CARTESIAN_POINT('',(-6.598740146051,-29.93691345389,
    13.456240696658));
#3431 = CARTESIAN_POINT('',(-1.584691642628,-39.60958185912,
    33.901217580344));
#3432 = CARTESIAN_POINT('',(-7.468408516404,-45.97635728033,
    63.159372852169));
#3433 = CARTESIAN_POINT('',(-10.33227780223,-34.84636866486,
    80.661083142407));
#3434 = CARTESIAN_POINT('',(-8.157311368204,-28.38295034864,
    104.61168340985));
#3435 = CARTESIAN_POINT('',(-6.129495532691,-9.38628317089,118.));
#3436 = CARTESIAN_POINT('',(4.191079669215,-12.32819346566,0.));
#3437 = CARTESIAN_POINT('',(10.311221459257,-27.3232185238,
    13.456240696658));
#3438 = CARTESIAN_POINT('',(17.547847874988,-36.49301179684,
    33.901217580344));
#3439 = CARTESIAN_POINT('',(19.422442576374,-42.24102341612,
    63.159372852169));
#3440 = CARTESIAN_POINT('',(7.246916606901,-32.30933401809,
    80.661083142407));
#3441 = CARTESIAN_POINT('',(6.538702492212,-26.21141806595,
    104.61168340985));
#3442 = CARTESIAN_POINT('',(-0.856690248097,-8.629735425959,118.));
#3443 = CARTESIAN_POINT('',(9.397027665587,-8.975980666899,0.));
#3444 = CARTESIAN_POINT('',(22.832883457413,-19.21644250076,
    13.456240696658));
#3445 = CARTESIAN_POINT('',(31.715307186157,-26.82649136608,
    33.901217580344));
#3446 = CARTESIAN_POINT('',(39.334856103573,-30.65531206667,
    63.159372852169));
#3447 = CARTESIAN_POINT('',(20.264138983238,-24.44033163674,
    80.661083142407));
#3448 = CARTESIAN_POINT('',(17.420957731344,-19.4760773641,
    104.61168340985));
#3449 = CARTESIAN_POINT('',(3.047770749193,-6.283186466832,118.));
#3450 = CARTESIAN_POINT('',(12.000000000005,-4.487989505126,0.));
#3451 = CARTESIAN_POINT('',(29.093710454522,-8.362973068776,
    13.456240696658));
#3452 = CARTESIAN_POINT('',(38.799032313997,-13.88481347593,
    33.901217580344));
#3453 = CARTESIAN_POINT('',(49.291056503299,-15.14419351384,
    63.159372852169));
#3454 = CARTESIAN_POINT('',(26.772746011097,-13.90519700698,
    80.661083142407));
#3455 = CARTESIAN_POINT('',(22.862081873037,-10.45870545049,
    104.61168340985));
#3456 = CARTESIAN_POINT('',(5.000000000003,-3.141592653588,118.));
#3457 = CARTESIAN_POINT('',(12.,1.855731254973E-15,0.));
#3458 = CARTESIAN_POINT('',(29.093710454526,2.490492356945,
    13.456240696658));
#3459 = CARTESIAN_POINT('',(38.799032313976,-0.943140363104,
    33.901217580344));
#3460 = CARTESIAN_POINT('',(49.291056503294,0.366919313591,
    63.159372852169));
#3461 = CARTESIAN_POINT('',(26.772746011089,-3.370066266264,
    80.661083142407));
#3462 = CARTESIAN_POINT('',(22.86208187303,-1.441336865362,
    104.61168340985));
#3463 = CARTESIAN_POINT('',(5.,-5.301962168269E-15,118.));
#3464 = DEFINITIONAL_REPRESENTATION('',(#3465),#3469);
#3465 = LINE('',#3466,#3467);
#3466 = CARTESIAN_POINT('',(0.,0.));
#3467 = VECTOR('',#3468,1.);
#3468 = DIRECTION('',(1.,0.));
#3469 = ( GEOMETRIC_REPRESENTATION_CONTEXT(2) 
PARAMETRIC_REPRESENTATION_CONTEXT() REPRESENTATION_CONTEXT('2D SPACE',''
  ) );
#3470 = PCURVE('',#3471,#3476);
#3471 = PLANE('',#3472);
#3472 = AXIS2_PLACEMENT_3D('',#3473,#3474,#3475);
#3473 = CARTESIAN_POINT('',(12.,-5.509076825803E-15,0.));
#3474 = DIRECTION('',(0.,0.,-1.));
#3475 = DIRECTION('',(-1.,3.220634531486E-16,0.));
#3476 = DEFINITIONAL_REPRESENTATION('',(#3477),#3493);
#3477 = B_SPLINE_CURVE_WITH_KNOTS('',14,(#3478,#3479,#3480,#3481,#3482,
    #3483,#3484,#3485,#3486,#3487,#3488,#3489,#3490,#3491,#3492),
  .UNSPECIFIED.,.F.,.F.,(15,15),(0.,1.),.PIECEWISE_BEZIER_KNOTS.);
#3478 = CARTESIAN_POINT('',(0.,0.));
#3479 = CARTESIAN_POINT('',(-3.918643187717E-12,4.487989505132));
#3480 = CARTESIAN_POINT('',(2.60297233441,8.975980666874));
#3481 = CARTESIAN_POINT('',(7.808920330792,12.328193465738));
#3482 = CARTESIAN_POINT('',(14.839327376931,13.408975958248));
#3483 = CARTESIAN_POINT('',(22.137307924729,11.489768610123));
#3484 = CARTESIAN_POINT('',(27.708500420053,6.658852452614));
#3485 = CARTESIAN_POINT('',(29.805943224414,1.66149223002E-10));
#3486 = CARTESIAN_POINT('',(27.708500420062,-6.658852452918));
#3487 = CARTESIAN_POINT('',(22.137307924715,-11.48976860989));
#3488 = CARTESIAN_POINT('',(14.839327376943,-13.40897595839));
#3489 = CARTESIAN_POINT('',(7.808920330785,-12.32819346566));
#3490 = CARTESIAN_POINT('',(2.602972334413,-8.975980666899));
#3491 = CARTESIAN_POINT('',(-4.661160346586E-12,-4.487989505126));
#3492 = CARTESIAN_POINT('',(8.881784197001E-15,7.364808080776E-15));
#3493 = ( GEOMETRIC_REPRESENTATION_CONTEXT(2) 
PARAMETRIC_REPRESENTATION_CONTEXT() REPRESENTATION_CONTEXT('2D SPACE',''
  ) );
#3494 = ORIENTED_EDGE('',*,*,#3495,.T.);
#3495 = EDGE_CURVE('',#3338,#3496,#3498,.T.);
#3496 = VERTEX_POINT('',#3497);
#3497 = CARTESIAN_POINT('',(5.,0.,118.));
#3498 = SEAM_CURVE('',#3499,(#3507,#3514),.PCURVE_S1.);
#3499 = ( BOUNDED_CURVE() B_SPLINE_CURVE(6,(#3500,#3501,#3502,#3503,
#3504,#3505,#3506),.UNSPECIFIED.,.F.,.F.) B_SPLINE_CURVE_WITH_KNOTS((7,7
),(0.,1.),.PIECEWISE_BEZIER_KNOTS.) CURVE() 
GEOMETRIC_REPRESENTATION_ITEM() RATIONAL_B_SPLINE_CURVE((1.,1.,1.,1.,1.,
1.,1.)) REPRESENTATION_ITEM('') );
#3500 = CARTESIAN_POINT('',(12.,-5.509076825803E-15,0.));
#3501 = CARTESIAN_POINT('',(29.093710454525,2.490492356945,
    13.456240696658));
#3502 = CARTESIAN_POINT('',(38.799032313977,-0.943140363103,
    33.901217580344));
#3503 = CARTESIAN_POINT('',(49.291056503291,0.36691931359,
    63.159372852169));
#3504 = CARTESIAN_POINT('',(26.772746011091,-3.370066266264,
    80.661083142407));
#3505 = CARTESIAN_POINT('',(22.862081873029,-1.441336865362,
    104.61168340985));
#3506 = CARTESIAN_POINT('',(5.,9.113559473481E-16,118.));
#3507 = PCURVE('',#3358,#3508);
#3508 = DEFINITIONAL_REPRESENTATION('',(#3509),#3513);
#3509 = LINE('',#3510,#3511);
#3510 = CARTESIAN_POINT('',(1.,0.));
#3511 = VECTOR('',#3512,1.);
#3512 = DIRECTION('',(0.,1.));
#3513 = ( GEOMETRIC_REPRESENTATION_CONTEXT(2) 
PARAMETRIC_REPRESENTATION_CONTEXT() REPRESENTATION_CONTEXT('2D SPACE',''
  ) );
#3514 = PCURVE('',#3358,#3515);
#3515 = DEFINITIONAL_REPRESENTATION('',(#3516),#3520);
#3516 = LINE('',#3517,#3518);
#3517 = CARTESIAN_POINT('',(0.,0.));
#3518 = VECTOR('',#3519,1.);
#3519 = DIRECTION('',(0.,1.));
#3520 = ( GEOMETRIC_REPRESENTATION_CONTEXT(2) 
PARAMETRIC_REPRESENTATION_CONTEXT() REPRESENTATION_CONTEXT('2D SPACE',''
  ) );
#3521 = ORIENTED_EDGE('',*,*,#3522,.F.);
#3522 = EDGE_CURVE('',#3496,#3496,#3523,.T.);
#3523 = SURFACE_CURVE('',#3524,(#3540,#3547),.PCURVE_S1.);
#3524 = B_SPLINE_CURVE_WITH_KNOTS('',14,(#3525,#3526,#3527,#3528,#3529,
    #3530,#3531,#3532,#3533,#3534,#3535,#3536,#3537,#3538,#3539),
  .UNSPECIFIED.,.T.,.F.,(15,15),(0.,1.),.PIECEWISE_BEZIER_KNOTS.);
#3525 = CARTESIAN_POINT('',(5.,9.113559473481E-16,118.));
#3526 = CARTESIAN_POINT('',(5.000000000003,3.141592653593,118.));
#3527 = CARTESIAN_POINT('',(3.047770749193,6.283186466809,118.));
#3528 = CARTESIAN_POINT('',(-0.856690248097,8.629735426023,118.));
#3529 = CARTESIAN_POINT('',(-6.129495532691,9.38628317076,118.));
#3530 = CARTESIAN_POINT('',(-11.60298094356,8.042838027108,118.));
#3531 = CARTESIAN_POINT('',(-15.78137531501,4.6611967168,118.));
#3532 = CARTESIAN_POINT('',(-17.35445741833,1.487094891672E-10,118.));
#3533 = CARTESIAN_POINT('',(-15.78137531501,-4.661196717073,118.));
#3534 = CARTESIAN_POINT('',(-11.60298094356,-8.0428380269,118.));
#3535 = CARTESIAN_POINT('',(-6.129495532691,-9.38628317089,118.));
#3536 = CARTESIAN_POINT('',(-0.856690248097,-8.629735425959,118.));
#3537 = CARTESIAN_POINT('',(3.047770749193,-6.283186466832,118.));
#3538 = CARTESIAN_POINT('',(5.000000000003,-3.141592653588,118.));
#3539 = CARTESIAN_POINT('',(5.,-5.301962168269E-15,118.));
#3540 = PCURVE('',#3358,#3541);
#3541 = DEFINITIONAL_REPRESENTATION('',(#3542),#3546);
#3542 = LINE('',#3543,#3544);
#3543 = CARTESIAN_POINT('',(0.,1.));
#3544 = VECTOR('',#3545,1.);
#3545 = DIRECTION('',(1.,0.));
#3546 = ( GEOMETRIC_REPRESENTATION_CONTEXT(2) 
PARAMETRIC_REPRESENTATION_CONTEXT() REPRESENTATION_CONTEXT('2D SPACE',''
  ) );
#3547 = PCURVE('',#3548,#3553);
#3548 = PLANE('',#3549);
#3549 = AXIS2_PLACEMENT_3D('',#3550,#3551,#3552);
#3550 = CARTESIAN_POINT('',(5.,9.113559473481E-16,118.));
#3551 = DIRECTION('',(0.,0.,1.));
#3552 = DIRECTION('',(-1.,1.721607665334E-17,0.));
#3553 = DEFINITIONAL_REPRESENTATION('',(#3554),#3570);
#3554 = B_SPLINE_CURVE_WITH_KNOTS('',14,(#3555,#3556,#3557,#3558,#3559,
    #3560,#3561,#3562,#3563,#3564,#3565,#3566,#3567,#3568,#3569),
  .UNSPECIFIED.,.F.,.F.,(15,15),(0.,1.),.PIECEWISE_BEZIER_KNOTS.);
#3555 = CARTESIAN_POINT('',(0.,0.));
#3556 = CARTESIAN_POINT('',(-2.810196519931E-12,-3.141592653593));
#3557 = CARTESIAN_POINT('',(1.952229250807,-6.283186466809));
#3558 = CARTESIAN_POINT('',(5.856690248097,-8.629735426023));
#3559 = CARTESIAN_POINT('',(11.129495532691,-9.38628317076));
#3560 = CARTESIAN_POINT('',(16.60298094356,-8.042838027108));
#3561 = CARTESIAN_POINT('',(20.781375315019,-4.6611967168));
#3562 = CARTESIAN_POINT('',(22.354457418337,-1.487081929552E-10));
#3563 = CARTESIAN_POINT('',(20.781375315019,4.661196717073));
#3564 = CARTESIAN_POINT('',(16.60298094356,8.0428380269));
#3565 = CARTESIAN_POINT('',(11.129495532691,9.38628317089));
#3566 = CARTESIAN_POINT('',(5.856690248097,8.629735425959));
#3567 = CARTESIAN_POINT('',(1.952229250807,6.283186466832));
#3568 = CARTESIAN_POINT('',(-2.815525590449E-12,3.141592653588));
#3569 = CARTESIAN_POINT('',(-5.329070518201E-15,6.213318115617E-15));
#3570 = ( GEOMETRIC_REPRESENTATION_CONTEXT(2) 
PARAMETRIC_REPRESENTATION_CONTEXT() REPRESENTATION_CONTEXT('2D SPACE',''
  ) );
#3571 = ORIENTED_EDGE('',*,*,#3495,.F.);
#3572 = ADVANCED_FACE('',(#3573),#3471,.T.);
#3573 = FACE_BOUND('',#3574,.T.);
#3574 = EDGE_LOOP('',(#3575));
#3575 = ORIENTED_EDGE('',*,*,#3337,.F.);
#3576 = ADVANCED_FACE('',(#3577),#3548,.T.);
#3577 = FACE_BOUND('',#3578,.T.);
#3578 = EDGE_LOOP('',(#3579));
#3579 = ORIENTED_EDGE('',*,*,#3522,.T.);
#3580 = ( GEOMETRIC_REPRESENTATION_CONTEXT(3) 
GLOBAL_UNCERTAINTY_ASSIGNED_CONTEXT((#3584)) 
GLOBAL_UNIT_ASSIGNED_CONTEXT((#3581,#3582,#3583)) REPRESENTATION_CONTEXT
('Context #1','3D Context with UNIT and UNCERTAINTY') );
#3581 = ( LENGTH_UNIT() NAMED_UNIT(*) SI_UNIT(.MILLI.,.METRE.) );
#3582 = ( NAMED_UNIT(*) PLANE_ANGLE_UNIT() SI_UNIT($,.RADIAN.) );
#3583 = ( NAMED_UNIT(*) SI_UNIT($,.STERADIAN.) SOLID_ANGLE_UNIT() );
#3584 = UNCERTAINTY_MEASURE_WITH_UNIT(LENGTH_MEASURE(1.E-07),#3581,
  'distance_accuracy_value','confusion accuracy');
#3585 = CONTEXT_DEPENDENT_SHAPE_REPRESENTATION(#3586,#3588);
#3586 = ( REPRESENTATION_RELATIONSHIP('','',#3330,#10) 
REPRESENTATION_RELATIONSHIP_WITH_TRANSFORMATION(#3587) 
SHAPE_REPRESENTATION_RELATIONSHIP() );
#3587 = ITEM_DEFINED_TRANSFORMATION('','',#11,#23);
#3588 = PRODUCT_DEFINITION_SHAPE('Placement','Placement of an item',
  #3589);
#3589 = NEXT_ASSEMBLY_USAGE_OCCURRENCE('3','chicken_thigh','',#5,#3325,$
  );
#3590 = PRODUCT_RELATED_PRODUCT_CATEGORY('part',$,(#3327));
#3591 = SHAPE_DEFINITION_REPRESENTATION(#3592,#3598);
#3592 = PRODUCT_DEFINITION_SHAPE('','',#3593);
#3593 = PRODUCT_DEFINITION('design','',#3594,#3597);
#3594 = PRODUCT_DEFINITION_FORMATION('','',#3595);
#3595 = PRODUCT('chicken_tender','chicken_tender','',(#3596));
#3596 = PRODUCT_CONTEXT('',#2,'mechanical');
#3597 = PRODUCT_DEFINITION_CONTEXT('part definition',#2,'design');
#3598 = ADVANCED_BREP_SHAPE_REPRESENTATION('',(#11,#3599),#3832);
#3599 = MANIFOLD_SOLID_BREP('',#3600);
#3600 = CLOSED_SHELL('',(#3601,#3824,#3828));
#3601 = ADVANCED_FACE('',(#3602),#3626,.T.);
#3602 = FACE_BOUND('',#3603,.T.);
#3603 = EDGE_LOOP('',(#3604,#3747,#3773,#3823));
#3604 = ORIENTED_EDGE('',*,*,#3605,.T.);
#3605 = EDGE_CURVE('',#3606,#3606,#3608,.T.);
#3606 = VERTEX_POINT('',#3607);
#3607 = CARTESIAN_POINT('',(8.,0.,0.));
#3608 = SURFACE_CURVE('',#3609,(#3625,#3723),.PCURVE_S1.);
#3609 = B_SPLINE_CURVE_WITH_KNOTS('',14,(#3610,#3611,#3612,#3613,#3614,
    #3615,#3616,#3617,#3618,#3619,#3620,#3621,#3622,#3623,#3624),
  .UNSPECIFIED.,.T.,.F.,(15,15),(0.,1.),.PIECEWISE_BEZIER_KNOTS.);
#3610 = CARTESIAN_POINT('',(8.,-1.323282930642E-14,0.));
#3611 = CARTESIAN_POINT('',(8.000000000002,2.917193178335,0.));
#3612 = CARTESIAN_POINT('',(6.264685110395,5.834387433469,0.));
#3613 = CARTESIAN_POINT('',(2.7940531128,8.013325752727,0.));
#3614 = CARTESIAN_POINT('',(-1.892884917942,8.715834372865,0.));
#3615 = CARTESIAN_POINT('',(-6.758205283175,7.468349596573,0.));
#3616 = CARTESIAN_POINT('',(-10.47233361333,4.328254094208,0.));
#3617 = CARTESIAN_POINT('',(-11.87062881631,9.852918481102E-11,0.));
#3618 = CARTESIAN_POINT('',(-10.47233361333,-4.328254094388,0.));
#3619 = CARTESIAN_POINT('',(-6.758205283175,-7.468349596436,0.));
#3620 = CARTESIAN_POINT('',(-1.892884917942,-8.715834372951,0.));
#3621 = CARTESIAN_POINT('',(2.7940531128,-8.013325752685,0.));
#3622 = CARTESIAN_POINT('',(6.264685110395,-5.834387433484,0.));
#3623 = CARTESIAN_POINT('',(8.000000000002,-2.917193178332,0.));
#3624 = CARTESIAN_POINT('',(8.,1.322584938676E-14,0.));
#3625 = PCURVE('',#3626,#3717);
#3626 = ( BOUNDED_SURFACE() B_SPLINE_SURFACE(14,5,(
    (#3627,#3628,#3629,#3630,#3631,#3632)
    ,(#3633,#3634,#3635,#3636,#3637,#3638)
    ,(#3639,#3640,#3641,#3642,#3643,#3644)
    ,(#3645,#3646,#3647,#3648,#3649,#3650)
    ,(#3651,#3652,#3653,#3654,#3655,#3656)
    ,(#3657,#3658,#3659,#3660,#3661,#3662)
    ,(#3663,#3664,#3665,#3666,#3667,#3668)
    ,(#3669,#3670,#3671,#3672,#3673,#3674)
    ,(#3675,#3676,#3677,#3678,#3679,#3680)
    ,(#3681,#3682,#3683,#3684,#3685,#3686)
    ,(#3687,#3688,#3689,#3690,#3691,#3692)
    ,(#3693,#3694,#3695,#3696,#3697,#3698)
    ,(#3699,#3700,#3701,#3702,#3703,#3704)
    ,(#3705,#3706,#3707,#3708,#3709,#3710)
    ,(#3711,#3712,#3713,#3714,#3715,#3716
)),.UNSPECIFIED.,.T.,.F.,.F.) B_SPLINE_SURFACE_WITH_KNOTS((15,15),(6,6),
  (0.,1.),(0.,1.),.PIECEWISE_BEZIER_KNOTS.) 
GEOMETRIC_REPRESENTATION_ITEM() RATIONAL_B_SPLINE_SURFACE((
    (1.,1.,1.,1.,1.,1.)
    ,(1.,1.,1.,1.,1.,1.)
    ,(1.,1.,1.,1.,1.,1.)
    ,(1.,1.,1.,1.,1.,1.)
    ,(1.,1.,1.,1.,1.,1.)
    ,(1.,1.,1.,1.,1.,1.)
    ,(1.,1.,1.,1.,1.,1.)
    ,(1.,1.,1.,1.,1.,1.)
    ,(1.,1.,1.,1.,1.,1.)
    ,(1.,1.,1.,1.,1.,1.)
    ,(1.,1.,1.,1.,1.,1.)
    ,(1.,1.,1.,1.,1.,1.)
    ,(1.,1.,1.,1.,1.,1.)
    ,(1.,1.,1.,1.,1.,1.)
,(1.,1.,1.,1.,1.,1.))) REPRESENTATION_ITEM('') SURFACE() );
#3627 = CARTESIAN_POINT('',(8.,-1.323282930642E-14,0.));
#3628 = CARTESIAN_POINT('',(19.497146952208,1.12991146473,
    15.695283913676));
#3629 = CARTESIAN_POINT('',(23.420203995748,0.382580505471,
    36.998645983372));
#3630 = CARTESIAN_POINT('',(23.007923985063,-0.528423480801,
    56.171370913138));
#3631 = CARTESIAN_POINT('',(15.762931826756,-1.867824994424,
    76.608487290135));
#3632 = CARTESIAN_POINT('',(4.,-0.5,92.));
#3633 = CARTESIAN_POINT('',(8.000000000002,2.917193178335,0.));
#3634 = CARTESIAN_POINT('',(19.497146952208,8.084353270046,
    15.695283913676));
#3635 = CARTESIAN_POINT('',(23.420203995768,6.664147338892,
    36.998645983372));
#3636 = CARTESIAN_POINT('',(23.007923985056,7.34958811193,
    56.171370913138));
#3637 = CARTESIAN_POINT('',(15.762931826765,3.492177222619,
    76.608487290135));
#3638 = CARTESIAN_POINT('',(4.000000000002,1.519595277309,92.));
#3639 = CARTESIAN_POINT('',(6.264685110395,5.834387433469,0.));
#3640 = CARTESIAN_POINT('',(15.438963700488,15.038797642438,
    15.695283913676));
#3641 = CARTESIAN_POINT('',(18.891833477485,12.945716490884,
    36.998645983372));
#3642 = CARTESIAN_POINT('',(18.501006409008,15.227602612658,
    56.171370913138));
#3643 = CARTESIAN_POINT('',(12.15438742693,8.852181418132,
    76.608487290135));
#3644 = CARTESIAN_POINT('',(2.698513832795,3.539191300092,92.));
#3645 = CARTESIAN_POINT('',(2.7940531128,8.013325752727,0.));
#3646 = CARTESIAN_POINT('',(7.322592009005,20.233276997058,
    15.695283913676));
#3647 = CARTESIAN_POINT('',(9.835086652396,17.637605523344,
    36.998645983372));
#3648 = CARTESIAN_POINT('',(9.48716549499,21.111923701162,
    56.171370913138));
#3649 = CARTESIAN_POINT('',(4.937294014328,12.855726438366,
    76.608487290135));
#3650 = CARTESIAN_POINT('',(9.553983460401E-02,5.047687059584,92.));
#3651 = CARTESIAN_POINT('',(-1.892884917942,8.715834372865,0.));
#3652 = CARTESIAN_POINT('',(-3.638216044817,21.908022212308,
    15.695283913676));
#3653 = CARTESIAN_POINT('',(-2.395657247297,19.150311256903,
    36.998645983372));
#3654 = CARTESIAN_POINT('',(-2.685635830282,23.009079877056,
    56.171370913138));
#3655 = CARTESIAN_POINT('',(-4.809077716086,14.146504090324,
    76.608487290135));
#3656 = CARTESIAN_POINT('',(-3.419663688466,5.534039181207,92.));
#3657 = CARTESIAN_POINT('',(-6.758205283175,7.468349596573,0.));
#3658 = CARTESIAN_POINT('',(-15.01618654437,18.934081252256,
    15.695283913676));
#3659 = CARTESIAN_POINT('',(-15.09189666386,16.464113081552,
    36.998645983372));
#3660 = CARTESIAN_POINT('',(-15.32172741266,19.640191040874,
    56.171370913138));
#3661 = CARTESIAN_POINT('',(-14.92639109923,11.854396315091,
    76.608487290135));
#3662 = CARTESIAN_POINT('',(-7.068653962364,4.670395874563,92.));
#3663 = CARTESIAN_POINT('',(-10.47233361333,4.328254094208,0.));
#3664 = CARTESIAN_POINT('',(-23.70199536986,11.448251519097,
    15.695283913676));
#3665 = CARTESIAN_POINT('',(-24.78405647571,9.702572600556,
    36.998645983372));
#3666 = CARTESIAN_POINT('',(-24.96797107066,11.16022168181,
    56.171370913138));
#3667 = CARTESIAN_POINT('',(-22.64982911456,6.084837075578,
    76.608487290135));
#3668 = CARTESIAN_POINT('',(-9.854250210027,2.496483603665,92.));
#3669 = CARTESIAN_POINT('',(-11.87062881631,9.852918481102E-11,0.));
#3670 = CARTESIAN_POINT('',(-26.9720290733,1.129911464356,
    15.695283913676));
#3671 = CARTESIAN_POINT('',(-28.43296124076,0.382580506799,
    36.998645983372));
#3672 = CARTESIAN_POINT('',(-28.59958932502,-0.528423481272,
    56.171370913138));
#3673 = CARTESIAN_POINT('',(-25.55754940958,-1.867824993987,
    76.608487290135));
#3674 = CARTESIAN_POINT('',(-10.9029716122,-0.499999999912,92.));
#3675 = CARTESIAN_POINT('',(-10.47233361333,-4.328254094388,0.));
#3676 = CARTESIAN_POINT('',(-23.7019953699,-9.18842858896,
    15.695283913676));
#3677 = CARTESIAN_POINT('',(-24.78405647563,-8.937411592032,
    36.998645983372));
#3678 = CARTESIAN_POINT('',(-24.96797107068,-12.21706864255,
    56.171370913138));
#3679 = CARTESIAN_POINT('',(-22.64982911457,-9.820487065225,
    76.608487290135));
#3680 = CARTESIAN_POINT('',(-9.854250210031,-3.496483603826,92.));
#3681 = CARTESIAN_POINT('',(-6.758205283175,-7.468349596436,0.));
#3682 = CARTESIAN_POINT('',(-15.01618654431,-16.67425832329,
    15.695283913676));
#3683 = CARTESIAN_POINT('',(-15.09189666398,-15.69895206879,
    36.998645983372));
#3684 = CARTESIAN_POINT('',(-15.32172741263,-20.6970380031,
    56.171370913138));
#3685 = CARTESIAN_POINT('',(-14.9263910992,-15.59004630333,
    76.608487290135));
#3686 = CARTESIAN_POINT('',(-7.068653962358,-5.670395874441,92.));
#3687 = CARTESIAN_POINT('',(-1.892884917942,-8.715834372951,0.));
#3688 = CARTESIAN_POINT('',(-3.638216044866,-19.64819928255,
    15.695283913676));
#3689 = CARTESIAN_POINT('',(-2.395657247198,-18.38515024707,
    36.998645983372));
#3690 = CARTESIAN_POINT('',(-2.685635830303,-24.06592683827,
    56.171370913138));
#3691 = CARTESIAN_POINT('',(-4.809077716108,-17.88215407954,
    76.608487290135));
#3692 = CARTESIAN_POINT('',(-3.419663688472,-6.534039181283,92.));
#3693 = CARTESIAN_POINT('',(2.7940531128,-8.013325752685,0.));
#3694 = CARTESIAN_POINT('',(7.322592009034,-17.97345406773,
    15.695283913676));
#3695 = CARTESIAN_POINT('',(9.835086652337,-16.87244451186,
    36.998645983372));
#3696 = CARTESIAN_POINT('',(9.487165495003,-22.16877066294,
    56.171370913138));
#3697 = CARTESIAN_POINT('',(4.937294014341,-16.59137642703,
    76.608487290135));
#3698 = CARTESIAN_POINT('',(9.553983460765E-02,-6.047687059547,92.));
#3699 = CARTESIAN_POINT('',(6.264685110395,-5.834387433484,0.));
#3700 = CARTESIAN_POINT('',(15.438963700476,-12.77897471293,
    15.695283913676));
#3701 = CARTESIAN_POINT('',(18.891833477509,-12.18055548013,
    36.998645983372));
#3702 = CARTESIAN_POINT('',(18.501006409002,-16.28444957419,
    56.171370913138));
#3703 = CARTESIAN_POINT('',(12.154387426925,-12.58783140704,
    76.608487290135));
#3704 = CARTESIAN_POINT('',(2.698513832793,-4.539191300106,92.));
#3705 = CARTESIAN_POINT('',(8.000000000002,-2.917193178332,0.));
#3706 = CARTESIAN_POINT('',(19.49714695221,-5.824530340595,
    15.695283913676));
#3707 = CARTESIAN_POINT('',(23.420203995763,-5.898986327907,
    36.998645983372));
#3708 = CARTESIAN_POINT('',(23.007923985057,-8.406435073545,
    56.171370913138));
#3709 = CARTESIAN_POINT('',(15.762931826767,-7.227827211454,
    76.608487290135));
#3710 = CARTESIAN_POINT('',(4.000000000002,-2.519595277306,92.));
#3711 = CARTESIAN_POINT('',(8.,1.322584938676E-14,0.));
#3712 = CARTESIAN_POINT('',(19.497146952208,1.12991146473,
    15.695283913676));
#3713 = CARTESIAN_POINT('',(23.420203995748,0.382580505471,
    36.998645983372));
#3714 = CARTESIAN_POINT('',(23.007923985063,-0.5284234808,
    56.171370913138));
#3715 = CARTESIAN_POINT('',(15.762931826756,-1.867824994425,
    76.608487290135));
#3716 = CARTESIAN_POINT('',(4.,-0.5,92.));
#3717 = DEFINITIONAL_REPRESENTATION('',(#3718),#3722);
#3718 = LINE('',#3719,#3720);
#3719 = CARTESIAN_POINT('',(0.,0.));
#3720 = VECTOR('',#3721,1.);
#3721 = DIRECTION('',(1.,0.));
#3722 = ( GEOMETRIC_REPRESENTATION_CONTEXT(2) 
PARAMETRIC_REPRESENTATION_CONTEXT() REPRESENTATION_CONTEXT('2D SPACE',''
  ) );
#3723 = PCURVE('',#3724,#3729);
#3724 = PLANE('',#3725);
#3725 = AXIS2_PLACEMENT_3D('',#3726,#3727,#3728);
#3726 = CARTESIAN_POINT('',(8.,-1.323282930642E-14,0.));
#3727 = DIRECTION('',(0.,0.,-1.));
#3728 = DIRECTION('',(-1.,8.61746301228E-16,0.));
#3729 = DEFINITIONAL_REPRESENTATION('',(#3730),#3746);
#3730 = B_SPLINE_CURVE_WITH_KNOTS('',14,(#3731,#3732,#3733,#3734,#3735,
    #3736,#3737,#3738,#3739,#3740,#3741,#3742,#3743,#3744,#3745),
  .UNSPECIFIED.,.F.,.F.,(15,15),(0.,1.),.PIECEWISE_BEZIER_KNOTS.);
#3731 = CARTESIAN_POINT('',(0.,0.));
#3732 = CARTESIAN_POINT('',(-2.324362924355E-12,2.917193178335));
#3733 = CARTESIAN_POINT('',(1.735314889605,5.834387433469));
#3734 = CARTESIAN_POINT('',(5.2059468872,8.013325752727));
#3735 = CARTESIAN_POINT('',(9.892884917942,8.715834372865));
#3736 = CARTESIAN_POINT('',(14.758205283175,7.468349596573));
#3737 = CARTESIAN_POINT('',(18.472333613335,4.328254094208));
#3738 = CARTESIAN_POINT('',(19.870628816316,9.852529419944E-11));
#3739 = CARTESIAN_POINT('',(18.472333613335,-4.328254094388));
#3740 = CARTESIAN_POINT('',(14.758205283175,-7.468349596436));
#3741 = CARTESIAN_POINT('',(9.892884917942,-8.715834372951));
#3742 = CARTESIAN_POINT('',(5.2059468872,-8.013325752685));
#3743 = CARTESIAN_POINT('',(1.735314889605,-5.834387433484));
#3744 = CARTESIAN_POINT('',(-2.319033853837E-12,-2.917193178332));
#3745 = CARTESIAN_POINT('',(-2.6645352591E-15,2.645867869319E-14));
#3746 = ( GEOMETRIC_REPRESENTATION_CONTEXT(2) 
PARAMETRIC_REPRESENTATION_CONTEXT() REPRESENTATION_CONTEXT('2D SPACE',''
  ) );
#3747 = ORIENTED_EDGE('',*,*,#3748,.T.);
#3748 = EDGE_CURVE('',#3606,#3749,#3751,.T.);
#3749 = VERTEX_POINT('',#3750);
#3750 = CARTESIAN_POINT('',(4.,-0.5,92.));
#3751 = SEAM_CURVE('',#3752,(#3759,#3766),.PCURVE_S1.);
#3752 = ( BOUNDED_CURVE() B_SPLINE_CURVE(5,(#3753,#3754,#3755,#3756,
#3757,#3758),.UNSPECIFIED.,.F.,.F.) B_SPLINE_CURVE_WITH_KNOTS((6,6),(0.,
1.),.PIECEWISE_BEZIER_KNOTS.) CURVE() GEOMETRIC_REPRESENTATION_ITEM() 
RATIONAL_B_SPLINE_CURVE((1.,1.,1.,1.,1.,1.)) REPRESENTATION_ITEM('') );
#3753 = CARTESIAN_POINT('',(8.,-1.323282930642E-14,0.));
#3754 = CARTESIAN_POINT('',(19.497146952208,1.12991146473,
    15.695283913676));
#3755 = CARTESIAN_POINT('',(23.420203995748,0.382580505471,
    36.998645983372));
#3756 = CARTESIAN_POINT('',(23.007923985063,-0.528423480801,
    56.171370913138));
#3757 = CARTESIAN_POINT('',(15.762931826756,-1.867824994424,
    76.608487290135));
#3758 = CARTESIAN_POINT('',(4.,-0.5,92.));
#3759 = PCURVE('',#3626,#3760);
#3760 = DEFINITIONAL_REPRESENTATION('',(#3761),#3765);
#3761 = LINE('',#3762,#3763);
#3762 = CARTESIAN_POINT('',(1.,0.));
#3763 = VECTOR('',#3764,1.);
#3764 = DIRECTION('',(0.,1.));
#3765 = ( GEOMETRIC_REPRESENTATION_CONTEXT(2) 
PARAMETRIC_REPRESENTATION_CONTEXT() REPRESENTATION_CONTEXT('2D SPACE',''
  ) );
#3766 = PCURVE('',#3626,#3767);
#3767 = DEFINITIONAL_REPRESENTATION('',(#3768),#3772);
#3768 = LINE('',#3769,#3770);
#3769 = CARTESIAN_POINT('',(0.,0.));
#3770 = VECTOR('',#3771,1.);
#3771 = DIRECTION('',(0.,1.));
#3772 = ( GEOMETRIC_REPRESENTATION_CONTEXT(2) 
PARAMETRIC_REPRESENTATION_CONTEXT() REPRESENTATION_CONTEXT('2D SPACE',''
  ) );
#3773 = ORIENTED_EDGE('',*,*,#3774,.F.);
#3774 = EDGE_CURVE('',#3749,#3749,#3775,.T.);
#3775 = SURFACE_CURVE('',#3776,(#3792,#3799),.PCURVE_S1.);
#3776 = B_SPLINE_CURVE_WITH_KNOTS('',14,(#3777,#3778,#3779,#3780,#3781,
    #3782,#3783,#3784,#3785,#3786,#3787,#3788,#3789,#3790,#3791),
  .UNSPECIFIED.,.T.,.F.,(15,15),(0.,1.),.PIECEWISE_BEZIER_KNOTS.);
#3777 = CARTESIAN_POINT('',(4.,-0.5,92.));
#3778 = CARTESIAN_POINT('',(4.000000000002,1.519595277309,92.));
#3779 = CARTESIAN_POINT('',(2.698513832795,3.539191300092,92.));
#3780 = CARTESIAN_POINT('',(9.553983460401E-02,5.047687059584,92.));
#3781 = CARTESIAN_POINT('',(-3.419663688466,5.534039181207,92.));
#3782 = CARTESIAN_POINT('',(-7.068653962364,4.670395874563,92.));
#3783 = CARTESIAN_POINT('',(-9.854250210027,2.496483603665,92.));
#3784 = CARTESIAN_POINT('',(-10.9029716122,-0.499999999912,92.));
#3785 = CARTESIAN_POINT('',(-9.854250210031,-3.496483603826,92.));
#3786 = CARTESIAN_POINT('',(-7.068653962358,-5.670395874441,92.));
#3787 = CARTESIAN_POINT('',(-3.419663688472,-6.534039181283,92.));
#3788 = CARTESIAN_POINT('',(9.553983460765E-02,-6.047687059547,92.));
#3789 = CARTESIAN_POINT('',(2.698513832793,-4.539191300106,92.));
#3790 = CARTESIAN_POINT('',(4.000000000002,-2.519595277306,92.));
#3791 = CARTESIAN_POINT('',(4.,-0.5,92.));
#3792 = PCURVE('',#3626,#3793);
#3793 = DEFINITIONAL_REPRESENTATION('',(#3794),#3798);
#3794 = LINE('',#3795,#3796);
#3795 = CARTESIAN_POINT('',(0.,1.));
#3796 = VECTOR('',#3797,1.);
#3797 = DIRECTION('',(1.,0.));
#3798 = ( GEOMETRIC_REPRESENTATION_CONTEXT(2) 
PARAMETRIC_REPRESENTATION_CONTEXT() REPRESENTATION_CONTEXT('2D SPACE',''
  ) );
#3799 = PCURVE('',#3800,#3805);
#3800 = PLANE('',#3801);
#3801 = AXIS2_PLACEMENT_3D('',#3802,#3803,#3804);
#3802 = CARTESIAN_POINT('',(4.,-0.5,92.));
#3803 = DIRECTION('',(0.,0.,1.));
#3804 = DIRECTION('',(-1.,-4.440892098795E-16,0.));
#3805 = DEFINITIONAL_REPRESENTATION('',(#3806),#3822);
#3806 = B_SPLINE_CURVE_WITH_KNOTS('',14,(#3807,#3808,#3809,#3810,#3811,
    #3812,#3813,#3814,#3815,#3816,#3817,#3818,#3819,#3820,#3821),
  .UNSPECIFIED.,.F.,.F.,(15,15),(0.,1.),.PIECEWISE_BEZIER_KNOTS.);
#3807 = CARTESIAN_POINT('',(0.,0.));
#3808 = CARTESIAN_POINT('',(-1.961542039908E-12,-2.019595277309));
#3809 = CARTESIAN_POINT('',(1.301486167205,-4.039191300092));
#3810 = CARTESIAN_POINT('',(3.904460165396,-5.547687059584));
#3811 = CARTESIAN_POINT('',(7.419663688466,-6.034039181207));
#3812 = CARTESIAN_POINT('',(11.068653962364,-5.170395874563));
#3813 = CARTESIAN_POINT('',(13.854250210027,-2.996483603665));
#3814 = CARTESIAN_POINT('',(14.902971612207,-8.826595010447E-11));
#3815 = CARTESIAN_POINT('',(13.854250210031,2.996483603826));
#3816 = CARTESIAN_POINT('',(11.068653962358,5.170395874441));
#3817 = CARTESIAN_POINT('',(7.419663688472,6.034039181283));
#3818 = CARTESIAN_POINT('',(3.904460165392,5.547687059547));
#3819 = CARTESIAN_POINT('',(1.301486167207,4.039191300106));
#3820 = CARTESIAN_POINT('',(-2.329247905664E-12,2.019595277306));
#3821 = CARTESIAN_POINT('',(4.440892098501E-15,8.049116928532E-15));
#3822 = ( GEOMETRIC_REPRESENTATION_CONTEXT(2) 
PARAMETRIC_REPRESENTATION_CONTEXT() REPRESENTATION_CONTEXT('2D SPACE',''
  ) );
#3823 = ORIENTED_EDGE('',*,*,#3748,.F.);
#3824 = ADVANCED_FACE('',(#3825),#3724,.T.);
#3825 = FACE_BOUND('',#3826,.T.);
#3826 = EDGE_LOOP('',(#3827));
#3827 = ORIENTED_EDGE('',*,*,#3605,.F.);
#3828 = ADVANCED_FACE('',(#3829),#3800,.T.);
#3829 = FACE_BOUND('',#3830,.T.);
#3830 = EDGE_LOOP('',(#3831));
#3831 = ORIENTED_EDGE('',*,*,#3774,.T.);
#3832 = ( GEOMETRIC_REPRESENTATION_CONTEXT(3) 
GLOBAL_UNCERTAINTY_ASSIGNED_CONTEXT((#3836)) 
GLOBAL_UNIT_ASSIGNED_CONTEXT((#3833,#3834,#3835)) REPRESENTATION_CONTEXT
('Context #1','3D Context with UNIT and UNCERTAINTY') );
#3833 = ( LENGTH_UNIT() NAMED_UNIT(*) SI_UNIT(.MILLI.,.METRE.) );
#3834 = ( NAMED_UNIT(*) PLANE_ANGLE_UNIT() SI_UNIT($,.RADIAN.) );
#3835 = ( NAMED_UNIT(*) SI_UNIT($,.STERADIAN.) SOLID_ANGLE_UNIT() );
#3836 = UNCERTAINTY_MEASURE_WITH_UNIT(LENGTH_MEASURE(1.E-07),#3833,
  'distance_accuracy_value','confusion accuracy');
#3837 = CONTEXT_DEPENDENT_SHAPE_REPRESENTATION(#3838,#3840);
#3838 = ( REPRESENTATION_RELATIONSHIP('','',#3598,#10) 
REPRESENTATION_RELATIONSHIP_WITH_TRANSFORMATION(#3839) 
SHAPE_REPRESENTATION_RELATIONSHIP() );
#3839 = ITEM_DEFINED_TRANSFORMATION('','',#11,#27);
#3840 = PRODUCT_DEFINITION_SHAPE('Placement','Placement of an item',
  #3841);
#3841 = NEXT_ASSEMBLY_USAGE_OCCURRENCE('4','chicken_tender','',#5,#3593,
  $);
#3842 = PRODUCT_RELATED_PRODUCT_CATEGORY('part',$,(#3595));
#3843 = SHAPE_DEFINITION_REPRESENTATION(#3844,#3850);
#3844 = PRODUCT_DEFINITION_SHAPE('','',#3845);
#3845 = PRODUCT_DEFINITION('design','',#3846,#3849);
#3846 = PRODUCT_DEFINITION_FORMATION('','',#3847);
#3847 = PRODUCT('chicken_wing','chicken_wing','',(#3848));
#3848 = PRODUCT_CONTEXT('',#2,'mechanical');
#3849 = PRODUCT_DEFINITION_CONTEXT('part definition',#2,'design');
#3850 = ADVANCED_BREP_SHAPE_REPRESENTATION('',(#11,#3851),#4068);
#3851 = MANIFOLD_SOLID_BREP('',#3852);
#3852 = CLOSED_SHELL('',(#3853,#4060,#4064));
#3853 = ADVANCED_FACE('',(#3854),#3878,.T.);
#3854 = FACE_BOUND('',#3855,.T.);
#3855 = EDGE_LOOP('',(#3856,#3984,#4009,#4059));
#3856 = ORIENTED_EDGE('',*,*,#3857,.T.);
#3857 = EDGE_CURVE('',#3858,#3858,#3860,.T.);
#3858 = VERTEX_POINT('',#3859);
#3859 = CARTESIAN_POINT('',(7.,0.,0.));
#3860 = SURFACE_CURVE('',#3861,(#3877,#3960),.PCURVE_S1.);
#3861 = B_SPLINE_CURVE_WITH_KNOTS('',14,(#3862,#3863,#3864,#3865,#3866,
    #3867,#3868,#3869,#3870,#3871,#3872,#3873,#3874,#3875,#3876),
  .UNSPECIFIED.,.T.,.F.,(15,15),(0.,1.),.PIECEWISE_BEZIER_KNOTS.);
#3862 = CARTESIAN_POINT('',(7.,-2.713202185719E-15,0.));
#3863 = CARTESIAN_POINT('',(7.000000000002,2.692793703079,0.));
#3864 = CARTESIAN_POINT('',(5.481599471597,5.385588400124,0.));
#3865 = CARTESIAN_POINT('',(2.444796473696,7.396916079444,0.));
#3866 = CARTESIAN_POINT('',(-1.65627430319,8.045385574946,0.));
#3867 = CARTESIAN_POINT('',(-5.913429622794,6.893861166078,0.));
#3868 = CARTESIAN_POINT('',(-9.163291911646,3.995311471565,0.));
#3869 = CARTESIAN_POINT('',(-10.3868002143,1.020747930625E-10,0.));
#3870 = CARTESIAN_POINT('',(-9.163291911646,-3.995311471751,0.));
#3871 = CARTESIAN_POINT('',(-5.913429622795,-6.893861165936,0.));
#3872 = CARTESIAN_POINT('',(-1.656274303189,-8.045385575034,0.));
#3873 = CARTESIAN_POINT('',(2.444796473695,-7.396916079401,0.));
#3874 = CARTESIAN_POINT('',(5.481599471597,-5.385588400139,0.));
#3875 = CARTESIAN_POINT('',(7.000000000002,-2.692793703076,0.));
#3876 = CARTESIAN_POINT('',(7.,-4.259455445344E-16,0.));
#3877 = PCURVE('',#3878,#3954);
#3878 = ( BOUNDED_SURFACE() B_SPLINE_SURFACE(14,4,(
    (#3879,#3880,#3881,#3882,#3883)
    ,(#3884,#3885,#3886,#3887,#3888)
    ,(#3889,#3890,#3891,#3892,#3893)
    ,(#3894,#3895,#3896,#3897,#3898)
    ,(#3899,#3900,#3901,#3902,#3903)
    ,(#3904,#3905,#3906,#3907,#3908)
    ,(#3909,#3910,#3911,#3912,#3913)
    ,(#3914,#3915,#3916,#3917,#3918)
    ,(#3919,#3920,#3921,#3922,#3923)
    ,(#3924,#3925,#3926,#3927,#3928)
    ,(#3929,#3930,#3931,#3932,#3933)
    ,(#3934,#3935,#3936,#3937,#3938)
    ,(#3939,#3940,#3941,#3942,#3943)
    ,(#3944,#3945,#3946,#3947,#3948)
    ,(#3949,#3950,#3951,#3952,#3953
)),.UNSPECIFIED.,.T.,.F.,.F.) B_SPLINE_SURFACE_WITH_KNOTS((15,15),(5,5),
  (0.,1.),(0.,1.),.PIECEWISE_BEZIER_KNOTS.) 
GEOMETRIC_REPRESENTATION_ITEM() RATIONAL_B_SPLINE_SURFACE((
    (1.,1.,1.,1.,1.)
    ,(1.,1.,1.,1.,1.)
    ,(1.,1.,1.,1.,1.)
    ,(1.,1.,1.,1.,1.)
    ,(1.,1.,1.,1.,1.)
    ,(1.,1.,1.,1.,1.)
    ,(1.,1.,1.,1.,1.)
    ,(1.,1.,1.,1.,1.)
    ,(1.,1.,1.,1.,1.)
    ,(1.,1.,1.,1.,1.)
    ,(1.,1.,1.,1.,1.)
    ,(1.,1.,1.,1.,1.)
    ,(1.,1.,1.,1.,1.)
    ,(1.,1.,1.,1.,1.)
,(1.,1.,1.,1.,1.))) REPRESENTATION_ITEM('') SURFACE() );
#3879 = CARTESIAN_POINT('',(7.,-2.713202185719E-15,0.));
#3880 = CARTESIAN_POINT('',(14.435363358077,2.810839741211,
    15.646795631423));
#3881 = CARTESIAN_POINT('',(30.927290260715,-0.604098246536,
    37.703743408607));
#3882 = CARTESIAN_POINT('',(13.807908180932,-1.61105296046,
    56.606304129701));
#3883 = CARTESIAN_POINT('',(6.5,-1.,74.));
#3884 = CARTESIAN_POINT('',(7.000000000002,2.692793703079,0.));
#3885 = CARTESIAN_POINT('',(14.435363358091,9.035578228459,
    15.646795631423));
#3886 = CARTESIAN_POINT('',(30.927290260697,7.936155278826,
    37.703743408607));
#3887 = CARTESIAN_POINT('',(13.807908180947,3.153466153258,
    56.606304129701));
#3888 = CARTESIAN_POINT('',(6.500000000001,1.692793703079,74.));
#3889 = CARTESIAN_POINT('',(5.481599471597,5.385588400124,0.));
#3890 = CARTESIAN_POINT('',(11.3056648228,15.260319013392,
    15.646795631423));
#3891 = CARTESIAN_POINT('',(25.316612344744,16.476411956556,
    37.703743408607));
#3892 = CARTESIAN_POINT('',(10.953732381462,7.917987025653,
    56.606304129701));
#3893 = CARTESIAN_POINT('',(4.873142291,4.385588400124,74.));
#3894 = CARTESIAN_POINT('',(2.444796473696,7.396916079444,0.));
#3895 = CARTESIAN_POINT('',(5.046263751569,19.909761264228,
    15.646795631423));
#3896 = CARTESIAN_POINT('',(14.095249339562,22.855381234613,
    37.703743408607));
#3897 = CARTESIAN_POINT('',(5.245377134103,11.476748010996,
    56.606304129701));
#3898 = CARTESIAN_POINT('',(1.619424793237,6.396916079444,74.));
#3899 = CARTESIAN_POINT('',(-1.65627430319,8.045385574946,0.));
#3900 = CARTESIAN_POINT('',(-3.406785996379,21.408781787774,
    15.646795631423));
#3901 = CARTESIAN_POINT('',(-1.058714853866,24.912016278145,
    37.703743408607));
#3902 = CARTESIAN_POINT('',(-2.463509121409,12.624123430961,
    56.606304129701));
#3903 = CARTESIAN_POINT('',(-2.774579610543,7.045385574946,74.));
#3904 = CARTESIAN_POINT('',(-5.913429622794,6.893861166078,0.));
#3905 = CARTESIAN_POINT('',(-12.18155425923,18.746885223268,
    15.646795631423));
#3906 = CARTESIAN_POINT('',(-16.78943075711,21.259931686384,
    37.703743408607));
#3907 = CARTESIAN_POINT('',(-10.46579143037,10.58666320901,
    56.606304129701));
#3908 = CARTESIAN_POINT('',(-7.335817453022,5.893861166078,74.));
#3909 = CARTESIAN_POINT('',(-9.163291911646,3.995311471565,0.));
#3910 = CARTESIAN_POINT('',(-18.88010912432,12.046515336188,
    15.646795631423));
#3911 = CARTESIAN_POINT('',(-28.79807421415,12.067118579466,
    37.703743408607));
#3912 = CARTESIAN_POINT('',(-16.57463960616,5.458087854069,
    56.606304129701));
#3913 = CARTESIAN_POINT('',(-10.81781276244,2.995311471565,74.));
#3914 = CARTESIAN_POINT('',(-10.3868002143,1.020747930625E-10,0.));
#3915 = CARTESIAN_POINT('',(-21.40198136364,2.810839741339,
    15.646795631423));
#3916 = CARTESIAN_POINT('',(-33.31908885426,-0.604098245973,
    37.703743408607));
#3917 = CARTESIAN_POINT('',(-18.874499044,-1.611052960294,
    56.606304129701));
#3918 = CARTESIAN_POINT('',(-12.12871451536,-0.999999999898,74.));
#3919 = CARTESIAN_POINT('',(-9.163291911646,-3.995311471751,0.));
#3920 = CARTESIAN_POINT('',(-18.88010912434,-6.424835853999,
    15.646795631423));
#3921 = CARTESIAN_POINT('',(-28.79807421411,-13.27531507357,
    37.703743408607));
#3922 = CARTESIAN_POINT('',(-16.57463960617,-8.680193775292,
    56.606304129701));
#3923 = CARTESIAN_POINT('',(-10.81781276244,-4.995311471751,74.));
#3924 = CARTESIAN_POINT('',(-5.913429622795,-6.893861165936,0.));
#3925 = CARTESIAN_POINT('',(-12.18155425921,-13.12520574067,
    15.646795631423));
#3926 = CARTESIAN_POINT('',(-16.78943075717,-22.46812817866,
    37.703743408607));
#3927 = CARTESIAN_POINT('',(-10.46579143034,-13.80876912969,
    56.606304129701));
#3928 = CARTESIAN_POINT('',(-7.335817453022,-7.893861165936,74.));
#3929 = CARTESIAN_POINT('',(-1.656274303189,-8.045385575034,0.));
#3930 = CARTESIAN_POINT('',(-3.406785996396,-15.78710230545,
    15.646795631423));
#3931 = CARTESIAN_POINT('',(-1.058714853822,-26.12021277171,
    37.703743408607));
#3932 = CARTESIAN_POINT('',(-2.463509121427,-15.84622935202,
    56.606304129701));
#3933 = CARTESIAN_POINT('',(-2.774579610543,-9.045385575034,74.));
#3934 = CARTESIAN_POINT('',(2.444796473695,-7.396916079401,0.));
#3935 = CARTESIAN_POINT('',(5.046263751577,-14.28808178175,
    15.646795631423));
#3936 = CARTESIAN_POINT('',(14.095249339539,-24.06357772743,
    37.703743408607));
#3937 = CARTESIAN_POINT('',(5.245377134111,-14.69885393184,
    56.606304129701));
#3938 = CARTESIAN_POINT('',(1.619424793237,-8.396916079401,74.));
#3939 = CARTESIAN_POINT('',(5.481599471597,-5.385588400139,0.));
#3940 = CARTESIAN_POINT('',(11.305664822798,-9.638639530988,
    15.646795631423));
#3941 = CARTESIAN_POINT('',(25.316612344752,-17.68460844971,
    37.703743408607));
#3942 = CARTESIAN_POINT('',(10.953732381459,-11.1400929466,
    56.606304129701));
#3943 = CARTESIAN_POINT('',(4.873142291,-6.385588400139,74.));
#3944 = CARTESIAN_POINT('',(7.000000000002,-2.692793703076,0.));
#3945 = CARTESIAN_POINT('',(14.435363358091,-3.413898746033,
    15.646795631423));
#3946 = CARTESIAN_POINT('',(30.927290260695,-9.144351771879,
    37.703743408607));
#3947 = CARTESIAN_POINT('',(13.807908180947,-6.375572074172,
    56.606304129701));
#3948 = CARTESIAN_POINT('',(6.500000000001,-3.692793703076,74.));
#3949 = CARTESIAN_POINT('',(7.,-4.259455445344E-16,0.));
#3950 = CARTESIAN_POINT('',(14.435363358077,2.810839741211,
    15.646795631423));
#3951 = CARTESIAN_POINT('',(30.927290260715,-0.604098246536,
    37.703743408607));
#3952 = CARTESIAN_POINT('',(13.807908180932,-1.61105296046,
    56.606304129701));
#3953 = CARTESIAN_POINT('',(6.5,-1.,74.));
#3954 = DEFINITIONAL_REPRESENTATION('',(#3955),#3959);
#3955 = LINE('',#3956,#3957);
#3956 = CARTESIAN_POINT('',(0.,0.));
#3957 = VECTOR('',#3958,1.);
#3958 = DIRECTION('',(1.,0.));
#3959 = ( GEOMETRIC_REPRESENTATION_CONTEXT(2) 
PARAMETRIC_REPRESENTATION_CONTEXT() REPRESENTATION_CONTEXT('2D SPACE',''
  ) );
#3960 = PCURVE('',#3961,#3966);
#3961 = PLANE('',#3962);
#3962 = AXIS2_PLACEMENT_3D('',#3963,#3964,#3965);
#3963 = CARTESIAN_POINT('',(7.,-2.713202185719E-15,0.));
#3964 = DIRECTION('',(0.,0.,-1.));
#3965 = DIRECTION('',(-1.,2.572414718327E-16,0.));
#3966 = DEFINITIONAL_REPRESENTATION('',(#3967),#3983);
#3967 = B_SPLINE_CURVE_WITH_KNOTS('',14,(#3968,#3969,#3970,#3971,#3972,
    #3973,#3974,#3975,#3976,#3977,#3978,#3979,#3980,#3981,#3982),
  .UNSPECIFIED.,.F.,.F.,(15,15),(0.,1.),.PIECEWISE_BEZIER_KNOTS.);
#3968 = CARTESIAN_POINT('',(0.,0.));
#3969 = CARTESIAN_POINT('',(-1.741717881032E-12,2.692793703079));
#3970 = CARTESIAN_POINT('',(1.518400528403,5.385588400124));
#3971 = CARTESIAN_POINT('',(4.555203526304,7.396916079444));
#3972 = CARTESIAN_POINT('',(8.65627430319,8.045385574946));
#3973 = CARTESIAN_POINT('',(12.913429622794,6.893861166078));
#3974 = CARTESIAN_POINT('',(16.163291911646,3.995311471565));
#3975 = CARTESIAN_POINT('',(17.386800214301,1.020730336586E-10));
#3976 = CARTESIAN_POINT('',(16.163291911646,-3.995311471751));
#3977 = CARTESIAN_POINT('',(12.913429622795,-6.893861165936));
#3978 = CARTESIAN_POINT('',(8.656274303189,-8.045385575034));
#3979 = CARTESIAN_POINT('',(4.555203526305,-7.396916079401));
#3980 = CARTESIAN_POINT('',(1.518400528403,-5.385588400139));
#3981 = CARTESIAN_POINT('',(-1.667110893777E-12,-2.692793703076));
#3982 = CARTESIAN_POINT('',(4.440892098501E-15,2.287256641185E-15));
#3983 = ( GEOMETRIC_REPRESENTATION_CONTEXT(2) 
PARAMETRIC_REPRESENTATION_CONTEXT() REPRESENTATION_CONTEXT('2D SPACE',''
  ) );
#3984 = ORIENTED_EDGE('',*,*,#3985,.T.);
#3985 = EDGE_CURVE('',#3858,#3986,#3988,.T.);
#3986 = VERTEX_POINT('',#3987);
#3987 = CARTESIAN_POINT('',(6.5,-1.,74.));
#3988 = SEAM_CURVE('',#3989,(#3995,#4002),.PCURVE_S1.);
#3989 = ( BOUNDED_CURVE() B_SPLINE_CURVE(4,(#3990,#3991,#3992,#3993,
#3994),.UNSPECIFIED.,.F.,.F.) B_SPLINE_CURVE_WITH_KNOTS((5,5),(0.,1.),
.PIECEWISE_BEZIER_KNOTS.) CURVE() GEOMETRIC_REPRESENTATION_ITEM() 
RATIONAL_B_SPLINE_CURVE((1.,1.,1.,1.,1.)) REPRESENTATION_ITEM('') );
#3990 = CARTESIAN_POINT('',(7.,-2.713202185719E-15,0.));
#3991 = CARTESIAN_POINT('',(14.435363358077,2.810839741211,
    15.646795631423));
#3992 = CARTESIAN_POINT('',(30.927290260715,-0.604098246536,
    37.703743408607));
#3993 = CARTESIAN_POINT('',(13.807908180932,-1.61105296046,
    56.606304129701));
#3994 = CARTESIAN_POINT('',(6.5,-1.,74.));
#3995 = PCURVE('',#3878,#3996);
#3996 = DEFINITIONAL_REPRESENTATION('',(#3997),#4001);
#3997 = LINE('',#3998,#3999);
#3998 = CARTESIAN_POINT('',(1.,0.));
#3999 = VECTOR('',#4000,1.);
#4000 = DIRECTION('',(0.,1.));
#4001 = ( GEOMETRIC_REPRESENTATION_CONTEXT(2) 
PARAMETRIC_REPRESENTATION_CONTEXT() REPRESENTATION_CONTEXT('2D SPACE',''
  ) );
#4002 = PCURVE('',#3878,#4003);
#4003 = DEFINITIONAL_REPRESENTATION('',(#4004),#4008);
#4004 = LINE('',#4005,#4006);
#4005 = CARTESIAN_POINT('',(0.,0.));
#4006 = VECTOR('',#4007,1.);
#4007 = DIRECTION('',(0.,1.));
#4008 = ( GEOMETRIC_REPRESENTATION_CONTEXT(2) 
PARAMETRIC_REPRESENTATION_CONTEXT() REPRESENTATION_CONTEXT('2D SPACE',''
  ) );
#4009 = ORIENTED_EDGE('',*,*,#4010,.F.);
#4010 = EDGE_CURVE('',#3986,#3986,#4011,.T.);
#4011 = SURFACE_CURVE('',#4012,(#4028,#4035),.PCURVE_S1.);
#4012 = B_SPLINE_CURVE_WITH_KNOTS('',14,(#4013,#4014,#4015,#4016,#4017,
    #4018,#4019,#4020,#4021,#4022,#4023,#4024,#4025,#4026,#4027),
  .UNSPECIFIED.,.T.,.F.,(15,15),(0.,1.),.PIECEWISE_BEZIER_KNOTS.);
#4013 = CARTESIAN_POINT('',(6.5,-1.,74.));
#4014 = CARTESIAN_POINT('',(6.500000000001,1.692793703079,74.));
#4015 = CARTESIAN_POINT('',(4.873142291,4.385588400124,74.));
#4016 = CARTESIAN_POINT('',(1.619424793237,6.396916079444,74.));
#4017 = CARTESIAN_POINT('',(-2.774579610543,7.045385574946,74.));
#4018 = CARTESIAN_POINT('',(-7.335817453022,5.893861166078,74.));
#4019 = CARTESIAN_POINT('',(-10.81781276244,2.995311471565,74.));
#4020 = CARTESIAN_POINT('',(-12.12871451536,-0.999999999898,74.));
#4021 = CARTESIAN_POINT('',(-10.81781276244,-4.995311471751,74.));
#4022 = CARTESIAN_POINT('',(-7.335817453022,-7.893861165936,74.));
#4023 = CARTESIAN_POINT('',(-2.774579610543,-9.045385575034,74.));
#4024 = CARTESIAN_POINT('',(1.619424793237,-8.396916079401,74.));
#4025 = CARTESIAN_POINT('',(4.873142291,-6.385588400139,74.));
#4026 = CARTESIAN_POINT('',(6.500000000001,-3.692793703076,74.));
#4027 = CARTESIAN_POINT('',(6.5,-1.,74.));
#4028 = PCURVE('',#3878,#4029);
#4029 = DEFINITIONAL_REPRESENTATION('',(#4030),#4034);
#4030 = LINE('',#4031,#4032);
#4031 = CARTESIAN_POINT('',(0.,1.));
#4032 = VECTOR('',#4033,1.);
#4033 = DIRECTION('',(1.,0.));
#4034 = ( GEOMETRIC_REPRESENTATION_CONTEXT(2) 
PARAMETRIC_REPRESENTATION_CONTEXT() REPRESENTATION_CONTEXT('2D SPACE',''
  ) );
#4035 = PCURVE('',#4036,#4041);
#4036 = PLANE('',#4037);
#4037 = AXIS2_PLACEMENT_3D('',#4038,#4039,#4040);
#4038 = CARTESIAN_POINT('',(6.5,-1.,74.));
#4039 = DIRECTION('',(0.,0.,-1.));
#4040 = DIRECTION('',(-1.,2.442490654337E-16,0.));
#4041 = DEFINITIONAL_REPRESENTATION('',(#4042),#4058);
#4042 = B_SPLINE_CURVE_WITH_KNOTS('',14,(#4043,#4044,#4045,#4046,#4047,
    #4048,#4049,#4050,#4051,#4052,#4053,#4054,#4055,#4056,#4057),
  .UNSPECIFIED.,.F.,.F.,(15,15),(0.,1.),.PIECEWISE_BEZIER_KNOTS.);
#4043 = CARTESIAN_POINT('',(0.,0.));
#4044 = CARTESIAN_POINT('',(-1.206146293953E-12,2.692793703079));
#4045 = CARTESIAN_POINT('',(1.626857709,5.385588400124));
#4046 = CARTESIAN_POINT('',(4.880575206763,7.396916079444));
#4047 = CARTESIAN_POINT('',(9.274579610543,8.045385574946));
#4048 = CARTESIAN_POINT('',(13.835817453022,6.893861166078));
#4049 = CARTESIAN_POINT('',(17.31781276244,3.995311471565));
#4050 = CARTESIAN_POINT('',(18.628714515365,1.020729056833E-10));
#4051 = CARTESIAN_POINT('',(17.31781276244,-3.995311471751));
#4052 = CARTESIAN_POINT('',(13.835817453022,-6.893861165936));
#4053 = CARTESIAN_POINT('',(9.274579610543,-8.045385575034));
#4054 = CARTESIAN_POINT('',(4.880575206763,-7.396916079401));
#4055 = CARTESIAN_POINT('',(1.626857709,-5.385588400139));
#4056 = CARTESIAN_POINT('',(-1.237232538642E-12,-2.692793703076));
#4057 = CARTESIAN_POINT('',(4.440892098501E-15,2.22044604925E-15));
#4058 = ( GEOMETRIC_REPRESENTATION_CONTEXT(2) 
PARAMETRIC_REPRESENTATION_CONTEXT() REPRESENTATION_CONTEXT('2D SPACE',''
  ) );
#4059 = ORIENTED_EDGE('',*,*,#3985,.F.);
#4060 = ADVANCED_FACE('',(#4061),#3961,.T.);
#4061 = FACE_BOUND('',#4062,.T.);
#4062 = EDGE_LOOP('',(#4063));
#4063 = ORIENTED_EDGE('',*,*,#3857,.F.);
#4064 = ADVANCED_FACE('',(#4065),#4036,.F.);
#4065 = FACE_BOUND('',#4066,.T.);
#4066 = EDGE_LOOP('',(#4067));
#4067 = ORIENTED_EDGE('',*,*,#4010,.T.);
#4068 = ( GEOMETRIC_REPRESENTATION_CONTEXT(3) 
GLOBAL_UNCERTAINTY_ASSIGNED_CONTEXT((#4072)) 
GLOBAL_UNIT_ASSIGNED_CONTEXT((#4069,#4070,#4071)) REPRESENTATION_CONTEXT
('Context #1','3D Context with UNIT and UNCERTAINTY') );
#4069 = ( LENGTH_UNIT() NAMED_UNIT(*) SI_UNIT(.MILLI.,.METRE.) );
#4070 = ( NAMED_UNIT(*) PLANE_ANGLE_UNIT() SI_UNIT($,.RADIAN.) );
#4071 = ( NAMED_UNIT(*) SI_UNIT($,.STERADIAN.) SOLID_ANGLE_UNIT() );
#4072 = UNCERTAINTY_MEASURE_WITH_UNIT(LENGTH_MEASURE(1.E-07),#4069,
  'distance_accuracy_value','confusion accuracy');
#4073 = CONTEXT_DEPENDENT_SHAPE_REPRESENTATION(#4074,#4076);
#4074 = ( REPRESENTATION_RELATIONSHIP('','',#3850,#10) 
REPRESENTATION_RELATIONSHIP_WITH_TRANSFORMATION(#4075) 
SHAPE_REPRESENTATION_RELATIONSHIP() );
#4075 = ITEM_DEFINED_TRANSFORMATION('','',#11,#31);
#4076 = PRODUCT_DEFINITION_SHAPE('Placement','Placement of an item',
  #4077);
#4077 = NEXT_ASSEMBLY_USAGE_OCCURRENCE('5','chicken_wing','',#5,#3845,$
  );
#4078 = PRODUCT_RELATED_PRODUCT_CATEGORY('part',$,(#3847));
#4079 = SHAPE_DEFINITION_REPRESENTATION(#4080,#4086);
#4080 = PRODUCT_DEFINITION_SHAPE('','',#4081);
#4081 = PRODUCT_DEFINITION('design','',#4082,#4085);
#4082 = PRODUCT_DEFINITION_FORMATION('','',#4083);
#4083 = PRODUCT('fries_carton','fries_carton','',(#4084));
#4084 = PRODUCT_CONTEXT('',#2,'mechanical');
#4085 = PRODUCT_DEFINITION_CONTEXT('part definition',#2,'design');
#4086 = ADVANCED_BREP_SHAPE_REPRESENTATION('',(#11,#4087),#6275);
#4087 = MANIFOLD_SOLID_BREP('',#4088);
#4088 = CLOSED_SHELL('',(#4089,#4267,#4484,#4619,#5738,#5764,#5790,#5816
    ,#5842,#5868,#5875,#5950,#5997,#6046,#6093,#6142,#6189,#6238,#6264)
  );
#4089 = ADVANCED_FACE('',(#4090),#4104,.T.);
#4090 = FACE_BOUND('',#4091,.T.);
#4091 = EDGE_LOOP('',(#4092,#4126,#4167,#4228));
#4092 = ORIENTED_EDGE('',*,*,#4093,.F.);
#4093 = EDGE_CURVE('',#4094,#4096,#4098,.T.);
#4094 = VERTEX_POINT('',#4095);
#4095 = CARTESIAN_POINT('',(-28.,-10.,0.));
#4096 = VERTEX_POINT('',#4097);
#4097 = CARTESIAN_POINT('',(-28.,9.999999917837,0.));
#4098 = SURFACE_CURVE('',#4099,(#4103,#4114),.PCURVE_S1.);
#4099 = LINE('',#4100,#4101);
#4100 = CARTESIAN_POINT('',(-28.,2.75335310107E-14,0.));
#4101 = VECTOR('',#4102,1.);
#4102 = DIRECTION('',(0.,1.,0.));
#4103 = PCURVE('',#4104,#4109);
#4104 = B_SPLINE_SURFACE_WITH_KNOTS('',1,1,(
    (#4105,#4106)
    ,(#4107,#4108
    )),.UNSPECIFIED.,.F.,.F.,.F.,(2,2),(2,2),(-14.999999999,15.),(0.,1.)
  ,.PIECEWISE_BEZIER_KNOTS.);
#4105 = CARTESIAN_POINT('',(-28.,9.999999917837,0.));
#4106 = CARTESIAN_POINT('',(-47.,14.999999999007,108.));
#4107 = CARTESIAN_POINT('',(-28.,-10.,0.));
#4108 = CARTESIAN_POINT('',(-47.,-15.,108.));
#4109 = DEFINITIONAL_REPRESENTATION('',(#4110),#4113);
#4110 = B_SPLINE_CURVE_WITH_KNOTS('',1,(#4111,#4112),.UNSPECIFIED.,.F.,
  .F.,(2,2),(-10.,9.999999917837),.PIECEWISE_BEZIER_KNOTS.);
#4111 = CARTESIAN_POINT('',(15.,0.));
#4112 = CARTESIAN_POINT('',(-14.999999999,0.));
#4113 = ( GEOMETRIC_REPRESENTATION_CONTEXT(2) 
PARAMETRIC_REPRESENTATION_CONTEXT() REPRESENTATION_CONTEXT('2D SPACE',''
  ) );
#4114 = PCURVE('',#4115,#4120);
#4115 = PLANE('',#4116);
#4116 = AXIS2_PLACEMENT_3D('',#4117,#4118,#4119);
#4117 = CARTESIAN_POINT('',(-23.,-10.,0.));
#4118 = DIRECTION('',(0.,0.,-1.));
#4119 = DIRECTION('',(-1.,0.,0.));
#4120 = DEFINITIONAL_REPRESENTATION('',(#4121),#4125);
#4121 = LINE('',#4122,#4123);
#4122 = CARTESIAN_POINT('',(5.,10.));
#4123 = VECTOR('',#4124,1.);
#4124 = DIRECTION('',(0.,1.));
#4125 = ( GEOMETRIC_REPRESENTATION_CONTEXT(2) 
PARAMETRIC_REPRESENTATION_CONTEXT() REPRESENTATION_CONTEXT('2D SPACE',''
  ) );
#4126 = ORIENTED_EDGE('',*,*,#4127,.T.);
#4127 = EDGE_CURVE('',#4094,#4128,#4130,.T.);
#4128 = VERTEX_POINT('',#4129);
#4129 = CARTESIAN_POINT('',(-42.98868932367,-13.94439192728,
    85.198865629329));
#4130 = SURFACE_CURVE('',#4131,(#4134,#4141),.PCURVE_S1.);
#4131 = B_SPLINE_CURVE_WITH_KNOTS('',1,(#4132,#4133),.UNSPECIFIED.,.F.,
  .F.,(2,2),(0.,1.),.PIECEWISE_BEZIER_KNOTS.);
#4132 = CARTESIAN_POINT('',(-28.,-10.,0.));
#4133 = CARTESIAN_POINT('',(-47.,-15.,108.));
#4134 = PCURVE('',#4104,#4135);
#4135 = DEFINITIONAL_REPRESENTATION('',(#4136),#4140);
#4136 = LINE('',#4137,#4138);
#4137 = CARTESIAN_POINT('',(15.,0.));
#4138 = VECTOR('',#4139,1.);
#4139 = DIRECTION('',(0.,1.));
#4140 = ( GEOMETRIC_REPRESENTATION_CONTEXT(2) 
PARAMETRIC_REPRESENTATION_CONTEXT() REPRESENTATION_CONTEXT('2D SPACE',''
  ) );
#4141 = PCURVE('',#4142,#4161);
#4142 = B_SPLINE_SURFACE_WITH_KNOTS('',8,1,(
    (#4143,#4144)
    ,(#4145,#4146)
    ,(#4147,#4148)
    ,(#4149,#4150)
    ,(#4151,#4152)
    ,(#4153,#4154)
    ,(#4155,#4156)
    ,(#4157,#4158)
    ,(#4159,#4160
    )),.UNSPECIFIED.,.F.,.F.,.F.,(9,9),(2,2),(0.,1.570796326795),(0.,1.)
  ,.PIECEWISE_BEZIER_KNOTS.);
#4143 = CARTESIAN_POINT('',(-28.,-10.,0.));
#4144 = CARTESIAN_POINT('',(-47.,-15.,108.));
#4145 = CARTESIAN_POINT('',(-28.,-10.98174770424,0.));
#4146 = CARTESIAN_POINT('',(-47.,-16.76714586764,108.));
#4147 = CARTESIAN_POINT('',(-27.77969605519,-11.96349571752,0.));
#4148 = CARTESIAN_POINT('',(-46.60345289934,-18.53429229153,108.));
#4149 = CARTESIAN_POINT('',(-27.33909032935,-12.88756617167,0.));
#4150 = CARTESIAN_POINT('',(-45.81036259284,-20.19761910901,108.));
#4151 = CARTESIAN_POINT('',(-26.6962937789,-13.6962937789,0.));
#4152 = CARTESIAN_POINT('',(-44.65332880202,-21.65332880201,108.));
#4153 = CARTESIAN_POINT('',(-25.88756617167,-14.33909032935,0.));
#4154 = CARTESIAN_POINT('',(-43.19761910901,-22.81036259284,108.));
#4155 = CARTESIAN_POINT('',(-24.96349571752,-14.77969605519,0.));
#4156 = CARTESIAN_POINT('',(-41.53429229153,-23.60345289934,108.));
#4157 = CARTESIAN_POINT('',(-23.98174770424,-15.,0.));
#4158 = CARTESIAN_POINT('',(-39.76714586764,-24.,108.));
#4159 = CARTESIAN_POINT('',(-23.,-15.,0.));
#4160 = CARTESIAN_POINT('',(-38.,-24.,108.));
#4161 = DEFINITIONAL_REPRESENTATION('',(#4162),#4166);
#4162 = LINE('',#4163,#4164);
#4163 = CARTESIAN_POINT('',(0.,0.));
#4164 = VECTOR('',#4165,1.);
#4165 = DIRECTION('',(0.,1.));
#4166 = ( GEOMETRIC_REPRESENTATION_CONTEXT(2) 
PARAMETRIC_REPRESENTATION_CONTEXT() REPRESENTATION_CONTEXT('2D SPACE',''
  ) );
#4167 = ORIENTED_EDGE('',*,*,#4168,.T.);
#4168 = EDGE_CURVE('',#4128,#4169,#4171,.T.);
#4169 = VERTEX_POINT('',#4170);
#4170 = CARTESIAN_POINT('',(-45.43696359927,14.588674623717,
    99.115372037971));
#4171 = SURFACE_CURVE('',#4172,(#4187,#4205),.PCURVE_S1.);
#4172 = B_SPLINE_CURVE_WITH_KNOTS('',4,(#4173,#4174,#4175,#4176,#4177,
    #4178,#4179,#4180,#4181,#4182,#4183,#4184,#4185,#4186),
  .UNSPECIFIED.,.F.,.F.,(5,3,3,3,5),(0.,0.245580522459,0.49401978102,
    0.745447483544,1.),.UNSPECIFIED.);
#4173 = CARTESIAN_POINT('',(-42.98868932367,-13.94439192728,
    85.198865629329));
#4174 = CARTESIAN_POINT('',(-43.13577991581,-12.23014540825,
    86.034959521494));
#4175 = CARTESIAN_POINT('',(-43.28340709318,-10.50964533254,
    86.874103477047));
#4176 = CARTESIAN_POINT('',(-43.43156770441,-8.78292842721,
    87.716279583008));
#4177 = CARTESIAN_POINT('',(-43.73067991566,-5.296967432245,
    89.416496362722));
#4178 = CARTESIAN_POINT('',(-43.88164392862,-3.537578677659,
    90.27460759429));
#4179 = CARTESIAN_POINT('',(-44.03314692248,-1.771908446392,
    91.135782506739));
#4180 = CARTESIAN_POINT('',(-44.33905229358,1.793222470047,
    92.87461303719));
#4181 = CARTESIAN_POINT('',(-44.4934676262,3.592834141869,
    93.752342296302));
#4182 = CARTESIAN_POINT('',(-44.64842733223,5.398790136712,
    94.633165888503));
#4183 = CARTESIAN_POINT('',(-44.96135995312,9.04581914269,
    96.411940786163));
#4184 = CARTESIAN_POINT('',(-45.11934638224,10.887049653964,
    97.309968909573));
#4185 = CARTESIAN_POINT('',(-45.27788240966,12.734685381049,
    98.211121065471));
#4186 = CARTESIAN_POINT('',(-45.43696359927,14.588674623718,
    99.115372037971));
#4187 = PCURVE('',#4104,#4188);
#4188 = DEFINITIONAL_REPRESENTATION('',(#4189),#4204);
#4189 = B_SPLINE_CURVE_WITH_KNOTS('',4,(#4190,#4191,#4192,#4193,#4194,
    #4195,#4196,#4197,#4198,#4199,#4200,#4201,#4202,#4203),
  .UNSPECIFIED.,.F.,.F.,(5,3,3,3,5),(0.,0.245580522459,0.49401978102,
    0.745447483544,1.),.UNSPECIFIED.);
#4190 = CARTESIAN_POINT('',(15.,0.788878385457));
#4191 = CARTESIAN_POINT('',(13.114344555345,0.796619995569));
#4192 = CARTESIAN_POINT('',(11.235768564738,0.80438984701));
#4193 = CARTESIAN_POINT('',(9.36430908379,0.812187773917));
#4194 = CARTESIAN_POINT('',(5.613989013018,0.827930521877));
#4195 = CARTESIAN_POINT('',(3.73529585858,0.835875996243));
#4196 = CARTESIAN_POINT('',(1.863955632595,0.843849838025));
#4197 = CARTESIAN_POINT('',(-1.886376890965,0.859950120715));
#4198 = CARTESIAN_POINT('',(-3.765190468104,0.868077243484));
#4199 = CARTESIAN_POINT('',(-5.636407886181,0.876233017486));
#4200 = CARTESIAN_POINT('',(-9.386753320557,0.892703155427));
#4201 = CARTESIAN_POINT('',(-11.26569062433,0.901018230644));
#4202 = CARTESIAN_POINT('',(-13.13678162868,0.909362232088));
#4203 = CARTESIAN_POINT('',(-14.999999999,0.917734926278));
#4204 = ( GEOMETRIC_REPRESENTATION_CONTEXT(2) 
PARAMETRIC_REPRESENTATION_CONTEXT() REPRESENTATION_CONTEXT('2D SPACE',''
  ) );
#4205 = PCURVE('',#4206,#4211);
#4206 = PLANE('',#4207);
#4207 = AXIS2_PLACEMENT_3D('',#4208,#4209,#4210);
#4208 = CARTESIAN_POINT('',(-200.,-179.7588092598,4.325770642185));
#4209 = DIRECTION('',(0.,-0.438371146789,0.898794046299));
#4210 = DIRECTION('',(1.,0.,0.));
#4211 = DEFINITIONAL_REPRESENTATION('',(#4212),#4227);
#4212 = B_SPLINE_CURVE_WITH_KNOTS('',4,(#4213,#4214,#4215,#4216,#4217,
    #4218,#4219,#4220,#4221,#4222,#4223,#4224,#4225,#4226),
  .UNSPECIFIED.,.F.,.F.,(5,3,3,3,5),(0.,0.245580522459,0.49401978102,
    0.745447483544,1.),.UNSPECIFIED.);
#4213 = CARTESIAN_POINT('',(157.01131067632,184.48544248295));
#4214 = CARTESIAN_POINT('',(156.86422008418,186.39271648648));
#4215 = CARTESIAN_POINT('',(156.71659290681,188.3069482093));
#4216 = CARTESIAN_POINT('',(156.56843229558,190.22809678883));
#4217 = CARTESIAN_POINT('',(156.26932008433,194.10658375625));
#4218 = CARTESIAN_POINT('',(156.11835607137,196.06408309865));
#4219 = CARTESIAN_POINT('',(155.96685307751,198.02857122419));
#4220 = CARTESIAN_POINT('',(155.66094770642,201.99514279987));
#4221 = CARTESIAN_POINT('',(155.50653237379,203.99739423804));
#4222 = CARTESIAN_POINT('',(155.35157266776,206.00670438232));
#4223 = CARTESIAN_POINT('',(155.03864004687,210.06439593134));
#4224 = CARTESIAN_POINT('',(154.88065361776,212.11295257105));
#4225 = CARTESIAN_POINT('',(154.72211759033,214.16863566629));
#4226 = CARTESIAN_POINT('',(154.56303640072,216.2313876953));
#4227 = ( GEOMETRIC_REPRESENTATION_CONTEXT(2) 
PARAMETRIC_REPRESENTATION_CONTEXT() REPRESENTATION_CONTEXT('2D SPACE',''
  ) );
#4228 = ORIENTED_EDGE('',*,*,#4229,.F.);
#4229 = EDGE_CURVE('',#4096,#4169,#4230,.T.);
#4230 = SURFACE_CURVE('',#4231,(#4234,#4241),.PCURVE_S1.);
#4231 = B_SPLINE_CURVE_WITH_KNOTS('',1,(#4232,#4233),.UNSPECIFIED.,.F.,
  .F.,(2,2),(0.,1.),.PIECEWISE_BEZIER_KNOTS.);
#4232 = CARTESIAN_POINT('',(-28.,9.999999917837,0.));
#4233 = CARTESIAN_POINT('',(-47.,14.999999999007,108.));
#4234 = PCURVE('',#4104,#4235);
#4235 = DEFINITIONAL_REPRESENTATION('',(#4236),#4240);
#4236 = LINE('',#4237,#4238);
#4237 = CARTESIAN_POINT('',(-14.999999999,0.));
#4238 = VECTOR('',#4239,1.);
#4239 = DIRECTION('',(0.,1.));
#4240 = ( GEOMETRIC_REPRESENTATION_CONTEXT(2) 
PARAMETRIC_REPRESENTATION_CONTEXT() REPRESENTATION_CONTEXT('2D SPACE',''
  ) );
#4241 = PCURVE('',#4242,#4261);
#4242 = B_SPLINE_SURFACE_WITH_KNOTS('',8,1,(
    (#4243,#4244)
    ,(#4245,#4246)
    ,(#4247,#4248)
    ,(#4249,#4250)
    ,(#4251,#4252)
    ,(#4253,#4254)
    ,(#4255,#4256)
    ,(#4257,#4258)
    ,(#4259,#4260
    )),.UNSPECIFIED.,.F.,.F.,.F.,(9,9),(2,2),(4.712388980385,
    6.28318530718),(0.,1.),.PIECEWISE_BEZIER_KNOTS.);
#4243 = CARTESIAN_POINT('',(-23.,14.999999917837,0.));
#4244 = CARTESIAN_POINT('',(-38.,23.999999999007,108.));
#4245 = CARTESIAN_POINT('',(-23.98174770424,14.999999917837,0.));
#4246 = CARTESIAN_POINT('',(-39.76714586764,23.999999999007,
    107.99999999999));
#4247 = CARTESIAN_POINT('',(-24.96349571752,14.779695973031,0.));
#4248 = CARTESIAN_POINT('',(-41.53429229154,23.603452898358,108.));
#4249 = CARTESIAN_POINT('',(-25.88756617167,14.339090247193,0.));
#4250 = CARTESIAN_POINT('',(-43.19761910901,22.810362591849,
    107.99999999999));
#4251 = CARTESIAN_POINT('',(-26.6962937789,13.696293696737,0.));
#4252 = CARTESIAN_POINT('',(-44.65332880202,21.653328801028,
    108.00000000001));
#4253 = CARTESIAN_POINT('',(-27.33909032935,12.887566089511,0.));
#4254 = CARTESIAN_POINT('',(-45.81036259284,20.197619108021,
    107.99999999999));
#4255 = CARTESIAN_POINT('',(-27.77969605519,11.963495635358,0.));
#4256 = CARTESIAN_POINT('',(-46.60345289935,18.534292290546,108.));
#4257 = CARTESIAN_POINT('',(-28.,10.981747622084,0.));
#4258 = CARTESIAN_POINT('',(-47.,16.767145866652,107.99999999999));
#4259 = CARTESIAN_POINT('',(-28.,9.999999917837,0.));
#4260 = CARTESIAN_POINT('',(-47.,14.999999999007,108.));
#4261 = DEFINITIONAL_REPRESENTATION('',(#4262),#4266);
#4262 = LINE('',#4263,#4264);
#4263 = CARTESIAN_POINT('',(6.28318530718,0.));
#4264 = VECTOR('',#4265,1.);
#4265 = DIRECTION('',(0.,1.));
#4266 = ( GEOMETRIC_REPRESENTATION_CONTEXT(2) 
PARAMETRIC_REPRESENTATION_CONTEXT() REPRESENTATION_CONTEXT('2D SPACE',''
  ) );
#4267 = ADVANCED_FACE('',(#4268),#4115,.T.);
#4268 = FACE_BOUND('',#4269,.F.);
#4269 = EDGE_LOOP('',(#4270,#4271,#4295,#4322,#4365,#4392,#4435,#4462));
#4270 = ORIENTED_EDGE('',*,*,#4093,.F.);
#4271 = ORIENTED_EDGE('',*,*,#4272,.F.);
#4272 = EDGE_CURVE('',#4273,#4094,#4275,.T.);
#4273 = VERTEX_POINT('',#4274);
#4274 = CARTESIAN_POINT('',(-23.,-15.,0.));
#4275 = SURFACE_CURVE('',#4276,(#4281,#4288),.PCURVE_S1.);
#4276 = CIRCLE('',#4277,5.);
#4277 = AXIS2_PLACEMENT_3D('',#4278,#4279,#4280);
#4278 = CARTESIAN_POINT('',(-23.,-10.,0.));
#4279 = DIRECTION('',(0.,0.,-1.));
#4280 = DIRECTION('',(-1.,0.,0.));
#4281 = PCURVE('',#4115,#4282);
#4282 = DEFINITIONAL_REPRESENTATION('',(#4283),#4287);
#4283 = CIRCLE('',#4284,5.);
#4284 = AXIS2_PLACEMENT_2D('',#4285,#4286);
#4285 = CARTESIAN_POINT('',(0.,0.));
#4286 = DIRECTION('',(1.,0.));
#4287 = ( GEOMETRIC_REPRESENTATION_CONTEXT(2) 
PARAMETRIC_REPRESENTATION_CONTEXT() REPRESENTATION_CONTEXT('2D SPACE',''
  ) );
#4288 = PCURVE('',#4142,#4289);
#4289 = DEFINITIONAL_REPRESENTATION('',(#4290),#4294);
#4290 = LINE('',#4291,#4292);
#4291 = CARTESIAN_POINT('',(6.28318530718,0.));
#4292 = VECTOR('',#4293,1.);
#4293 = DIRECTION('',(-1.,0.));
#4294 = ( GEOMETRIC_REPRESENTATION_CONTEXT(2) 
PARAMETRIC_REPRESENTATION_CONTEXT() REPRESENTATION_CONTEXT('2D SPACE',''
  ) );
#4295 = ORIENTED_EDGE('',*,*,#4296,.T.);
#4296 = EDGE_CURVE('',#4273,#4297,#4299,.T.);
#4297 = VERTEX_POINT('',#4298);
#4298 = CARTESIAN_POINT('',(23.,-15.,0.));
#4299 = SURFACE_CURVE('',#4300,(#4304,#4311),.PCURVE_S1.);
#4300 = LINE('',#4301,#4302);
#4301 = CARTESIAN_POINT('',(0.,-15.,0.));
#4302 = VECTOR('',#4303,1.);
#4303 = DIRECTION('',(1.,0.,0.));
#4304 = PCURVE('',#4115,#4305);
#4305 = DEFINITIONAL_REPRESENTATION('',(#4306),#4310);
#4306 = LINE('',#4307,#4308);
#4307 = CARTESIAN_POINT('',(-23.,-5.));
#4308 = VECTOR('',#4309,1.);
#4309 = DIRECTION('',(-1.,0.));
#4310 = ( GEOMETRIC_REPRESENTATION_CONTEXT(2) 
PARAMETRIC_REPRESENTATION_CONTEXT() REPRESENTATION_CONTEXT('2D SPACE',''
  ) );
#4311 = PCURVE('',#4312,#4317);
#4312 = B_SPLINE_SURFACE_WITH_KNOTS('',1,1,(
    (#4313,#4314)
    ,(#4315,#4316
    )),.UNSPECIFIED.,.F.,.F.,.F.,(2,2),(2,2),(-38.,38.),(0.,1.),
  .PIECEWISE_BEZIER_KNOTS.);
#4313 = CARTESIAN_POINT('',(-23.,-15.,0.));
#4314 = CARTESIAN_POINT('',(-38.,-24.,108.));
#4315 = CARTESIAN_POINT('',(23.,-15.,0.));
#4316 = CARTESIAN_POINT('',(38.,-24.,108.));
#4317 = DEFINITIONAL_REPRESENTATION('',(#4318),#4321);
#4318 = B_SPLINE_CURVE_WITH_KNOTS('',1,(#4319,#4320),.UNSPECIFIED.,.F.,
  .F.,(2,2),(-23.,23.),.PIECEWISE_BEZIER_KNOTS.);
#4319 = CARTESIAN_POINT('',(-38.,0.));
#4320 = CARTESIAN_POINT('',(38.,0.));
#4321 = ( GEOMETRIC_REPRESENTATION_CONTEXT(2) 
PARAMETRIC_REPRESENTATION_CONTEXT() REPRESENTATION_CONTEXT('2D SPACE',''
  ) );
#4322 = ORIENTED_EDGE('',*,*,#4323,.F.);
#4323 = EDGE_CURVE('',#4324,#4297,#4326,.T.);
#4324 = VERTEX_POINT('',#4325);
#4325 = CARTESIAN_POINT('',(28.,-10.,0.));
#4326 = SURFACE_CURVE('',#4327,(#4332,#4339),.PCURVE_S1.);
#4327 = CIRCLE('',#4328,5.);
#4328 = AXIS2_PLACEMENT_3D('',#4329,#4330,#4331);
#4329 = CARTESIAN_POINT('',(23.,-10.,0.));
#4330 = DIRECTION('',(0.,0.,-1.));
#4331 = DIRECTION('',(-1.,0.,0.));
#4332 = PCURVE('',#4115,#4333);
#4333 = DEFINITIONAL_REPRESENTATION('',(#4334),#4338);
#4334 = CIRCLE('',#4335,5.);
#4335 = AXIS2_PLACEMENT_2D('',#4336,#4337);
#4336 = CARTESIAN_POINT('',(-46.,0.));
#4337 = DIRECTION('',(1.,0.));
#4338 = ( GEOMETRIC_REPRESENTATION_CONTEXT(2) 
PARAMETRIC_REPRESENTATION_CONTEXT() REPRESENTATION_CONTEXT('2D SPACE',''
  ) );
#4339 = PCURVE('',#4340,#4359);
#4340 = B_SPLINE_SURFACE_WITH_KNOTS('',8,1,(
    (#4341,#4342)
    ,(#4343,#4344)
    ,(#4345,#4346)
    ,(#4347,#4348)
    ,(#4349,#4350)
    ,(#4351,#4352)
    ,(#4353,#4354)
    ,(#4355,#4356)
    ,(#4357,#4358
    )),.UNSPECIFIED.,.F.,.F.,.F.,(9,9),(2,2),(1.570796326795,
    3.14159265359),(0.,1.),.PIECEWISE_BEZIER_KNOTS.);
#4341 = CARTESIAN_POINT('',(23.,-15.,0.));
#4342 = CARTESIAN_POINT('',(38.,-24.,108.));
#4343 = CARTESIAN_POINT('',(23.981747704247,-15.,0.));
#4344 = CARTESIAN_POINT('',(39.767145867644,-24.,107.99999999999));
#4345 = CARTESIAN_POINT('',(24.963495717522,-14.77969605519,0.));
#4346 = CARTESIAN_POINT('',(41.534292291539,-23.60345289935,108.));
#4347 = CARTESIAN_POINT('',(25.887566171675,-14.33909032935,0.));
#4348 = CARTESIAN_POINT('',(43.197619109014,-22.81036259284,
    107.99999999999));
#4349 = CARTESIAN_POINT('',(26.6962937789,-13.6962937789,0.));
#4350 = CARTESIAN_POINT('',(44.653328802021,-21.65332880202,108.));
#4351 = CARTESIAN_POINT('',(27.339090329357,-12.88756617167,0.));
#4352 = CARTESIAN_POINT('',(45.810362592841,-20.19761910901,
    107.99999999999));
#4353 = CARTESIAN_POINT('',(27.779696055194,-11.96349571752,0.));
#4354 = CARTESIAN_POINT('',(46.60345289935,-18.53429229153,108.));
#4355 = CARTESIAN_POINT('',(28.,-10.98174770424,0.));
#4356 = CARTESIAN_POINT('',(47.,-16.76714586764,108.));
#4357 = CARTESIAN_POINT('',(28.,-10.,0.));
#4358 = CARTESIAN_POINT('',(47.,-15.,108.));
#4359 = DEFINITIONAL_REPRESENTATION('',(#4360),#4364);
#4360 = LINE('',#4361,#4362);
#4361 = CARTESIAN_POINT('',(6.28318530718,0.));
#4362 = VECTOR('',#4363,1.);
#4363 = DIRECTION('',(-1.,0.));
#4364 = ( GEOMETRIC_REPRESENTATION_CONTEXT(2) 
PARAMETRIC_REPRESENTATION_CONTEXT() REPRESENTATION_CONTEXT('2D SPACE',''
  ) );
#4365 = ORIENTED_EDGE('',*,*,#4366,.T.);
#4366 = EDGE_CURVE('',#4324,#4367,#4369,.T.);
#4367 = VERTEX_POINT('',#4368);
#4368 = CARTESIAN_POINT('',(28.,9.999999917837,0.));
#4369 = SURFACE_CURVE('',#4370,(#4374,#4381),.PCURVE_S1.);
#4370 = LINE('',#4371,#4372);
#4371 = CARTESIAN_POINT('',(28.,2.75335310107E-14,0.));
#4372 = VECTOR('',#4373,1.);
#4373 = DIRECTION('',(0.,1.,0.));
#4374 = PCURVE('',#4115,#4375);
#4375 = DEFINITIONAL_REPRESENTATION('',(#4376),#4380);
#4376 = LINE('',#4377,#4378);
#4377 = CARTESIAN_POINT('',(-51.,10.));
#4378 = VECTOR('',#4379,1.);
#4379 = DIRECTION('',(0.,1.));
#4380 = ( GEOMETRIC_REPRESENTATION_CONTEXT(2) 
PARAMETRIC_REPRESENTATION_CONTEXT() REPRESENTATION_CONTEXT('2D SPACE',''
  ) );
#4381 = PCURVE('',#4382,#4387);
#4382 = B_SPLINE_SURFACE_WITH_KNOTS('',1,1,(
    (#4383,#4384)
    ,(#4385,#4386
    )),.UNSPECIFIED.,.F.,.F.,.F.,(2,2),(2,2),(-15.,14.999999999007),(0.,
    1.),.PIECEWISE_BEZIER_KNOTS.);
#4383 = CARTESIAN_POINT('',(28.,-10.,0.));
#4384 = CARTESIAN_POINT('',(47.,-15.,108.));
#4385 = CARTESIAN_POINT('',(28.,9.999999917837,0.));
#4386 = CARTESIAN_POINT('',(47.,14.999999999007,108.));
#4387 = DEFINITIONAL_REPRESENTATION('',(#4388),#4391);
#4388 = B_SPLINE_CURVE_WITH_KNOTS('',1,(#4389,#4390),.UNSPECIFIED.,.F.,
  .F.,(2,2),(-10.,9.999999917837),.PIECEWISE_BEZIER_KNOTS.);
#4389 = CARTESIAN_POINT('',(-15.,0.));
#4390 = CARTESIAN_POINT('',(14.999999999007,0.));
#4391 = ( GEOMETRIC_REPRESENTATION_CONTEXT(2) 
PARAMETRIC_REPRESENTATION_CONTEXT() REPRESENTATION_CONTEXT('2D SPACE',''
  ) );
#4392 = ORIENTED_EDGE('',*,*,#4393,.F.);
#4393 = EDGE_CURVE('',#4394,#4367,#4396,.T.);
#4394 = VERTEX_POINT('',#4395);
#4395 = CARTESIAN_POINT('',(23.,14.999999958918,0.));
#4396 = SURFACE_CURVE('',#4397,(#4402,#4409),.PCURVE_S1.);
#4397 = CIRCLE('',#4398,5.);
#4398 = AXIS2_PLACEMENT_3D('',#4399,#4400,#4401);
#4399 = CARTESIAN_POINT('',(23.,9.999999917837,0.));
#4400 = DIRECTION('',(0.,0.,-1.));
#4401 = DIRECTION('',(-1.,0.,0.));
#4402 = PCURVE('',#4115,#4403);
#4403 = DEFINITIONAL_REPRESENTATION('',(#4404),#4408);
#4404 = CIRCLE('',#4405,5.);
#4405 = AXIS2_PLACEMENT_2D('',#4406,#4407);
#4406 = CARTESIAN_POINT('',(-46.,19.999999917837));
#4407 = DIRECTION('',(1.,0.));
#4408 = ( GEOMETRIC_REPRESENTATION_CONTEXT(2) 
PARAMETRIC_REPRESENTATION_CONTEXT() REPRESENTATION_CONTEXT('2D SPACE',''
  ) );
#4409 = PCURVE('',#4410,#4429);
#4410 = B_SPLINE_SURFACE_WITH_KNOTS('',8,1,(
    (#4411,#4412)
    ,(#4413,#4414)
    ,(#4415,#4416)
    ,(#4417,#4418)
    ,(#4419,#4420)
    ,(#4421,#4422)
    ,(#4423,#4424)
    ,(#4425,#4426)
    ,(#4427,#4428
    )),.UNSPECIFIED.,.F.,.F.,.F.,(9,9),(2,2),(3.14159265359,
    4.712388980385),(0.,1.),.PIECEWISE_BEZIER_KNOTS.);
#4411 = CARTESIAN_POINT('',(28.,9.999999917837,0.));
#4412 = CARTESIAN_POINT('',(47.,14.999999999007,108.));
#4413 = CARTESIAN_POINT('',(28.,10.981747622084,0.));
#4414 = CARTESIAN_POINT('',(46.999999999999,16.767145866652,
    107.99999999999));
#4415 = CARTESIAN_POINT('',(27.779696055195,11.963495635359,0.));
#4416 = CARTESIAN_POINT('',(46.603452899351,18.534292290546,108.));
#4417 = CARTESIAN_POINT('',(27.339090329355,12.887566089511,0.));
#4418 = CARTESIAN_POINT('',(45.81036259284,20.197619108022,
    107.99999999999));
#4419 = CARTESIAN_POINT('',(26.696293778902,13.696293696737,0.));
#4420 = CARTESIAN_POINT('',(44.653328802022,21.653328801027,108.));
#4421 = CARTESIAN_POINT('',(25.887566171674,14.339090247193,0.));
#4422 = CARTESIAN_POINT('',(43.197619109013,22.81036259185,
    107.99999999999));
#4423 = CARTESIAN_POINT('',(24.963495717522,14.779695973031,0.));
#4424 = CARTESIAN_POINT('',(41.534292291539,23.603452898357,108.));
#4425 = CARTESIAN_POINT('',(23.981747704247,14.999999917837,0.));
#4426 = CARTESIAN_POINT('',(39.767145867644,23.999999999007,
    107.99999999999));
#4427 = CARTESIAN_POINT('',(23.,14.999999917837,0.));
#4428 = CARTESIAN_POINT('',(38.,23.999999999007,108.));
#4429 = DEFINITIONAL_REPRESENTATION('',(#4430),#4434);
#4430 = LINE('',#4431,#4432);
#4431 = CARTESIAN_POINT('',(6.28318530718,0.));
#4432 = VECTOR('',#4433,1.);
#4433 = DIRECTION('',(-1.,0.));
#4434 = ( GEOMETRIC_REPRESENTATION_CONTEXT(2) 
PARAMETRIC_REPRESENTATION_CONTEXT() REPRESENTATION_CONTEXT('2D SPACE',''
  ) );
#4435 = ORIENTED_EDGE('',*,*,#4436,.F.);
#4436 = EDGE_CURVE('',#4437,#4394,#4439,.T.);
#4437 = VERTEX_POINT('',#4438);
#4438 = CARTESIAN_POINT('',(-23.,14.999999958918,0.));
#4439 = SURFACE_CURVE('',#4440,(#4444,#4451),.PCURVE_S1.);
#4440 = LINE('',#4441,#4442);
#4441 = CARTESIAN_POINT('',(0.,15.,0.));
#4442 = VECTOR('',#4443,1.);
#4443 = DIRECTION('',(1.,0.,0.));
#4444 = PCURVE('',#4115,#4445);
#4445 = DEFINITIONAL_REPRESENTATION('',(#4446),#4450);
#4446 = LINE('',#4447,#4448);
#4447 = CARTESIAN_POINT('',(-23.,25.));
#4448 = VECTOR('',#4449,1.);
#4449 = DIRECTION('',(-1.,0.));
#4450 = ( GEOMETRIC_REPRESENTATION_CONTEXT(2) 
PARAMETRIC_REPRESENTATION_CONTEXT() REPRESENTATION_CONTEXT('2D SPACE',''
  ) );
#4451 = PCURVE('',#4452,#4457);
#4452 = B_SPLINE_SURFACE_WITH_KNOTS('',1,1,(
    (#4453,#4454)
    ,(#4455,#4456
    )),.UNSPECIFIED.,.F.,.F.,.F.,(2,2),(2,2),(-38.,38.),(0.,1.),
  .PIECEWISE_BEZIER_KNOTS.);
#4453 = CARTESIAN_POINT('',(23.,15.,0.));
#4454 = CARTESIAN_POINT('',(38.,24.,108.));
#4455 = CARTESIAN_POINT('',(-23.,15.,0.));
#4456 = CARTESIAN_POINT('',(-38.,24.,108.));
#4457 = DEFINITIONAL_REPRESENTATION('',(#4458),#4461);
#4458 = B_SPLINE_CURVE_WITH_KNOTS('',1,(#4459,#4460),.UNSPECIFIED.,.F.,
  .F.,(2,2),(-23.,23.),.PIECEWISE_BEZIER_KNOTS.);
#4459 = CARTESIAN_POINT('',(38.,0.));
#4460 = CARTESIAN_POINT('',(-38.,0.));
#4461 = ( GEOMETRIC_REPRESENTATION_CONTEXT(2) 
PARAMETRIC_REPRESENTATION_CONTEXT() REPRESENTATION_CONTEXT('2D SPACE',''
  ) );
#4462 = ORIENTED_EDGE('',*,*,#4463,.F.);
#4463 = EDGE_CURVE('',#4096,#4437,#4464,.T.);
#4464 = SURFACE_CURVE('',#4465,(#4470,#4477),.PCURVE_S1.);
#4465 = CIRCLE('',#4466,5.);
#4466 = AXIS2_PLACEMENT_3D('',#4467,#4468,#4469);
#4467 = CARTESIAN_POINT('',(-23.,9.999999917837,0.));
#4468 = DIRECTION('',(0.,0.,-1.));
#4469 = DIRECTION('',(-1.,0.,0.));
#4470 = PCURVE('',#4115,#4471);
#4471 = DEFINITIONAL_REPRESENTATION('',(#4472),#4476);
#4472 = CIRCLE('',#4473,5.);
#4473 = AXIS2_PLACEMENT_2D('',#4474,#4475);
#4474 = CARTESIAN_POINT('',(0.,19.999999917837));
#4475 = DIRECTION('',(1.,0.));
#4476 = ( GEOMETRIC_REPRESENTATION_CONTEXT(2) 
PARAMETRIC_REPRESENTATION_CONTEXT() REPRESENTATION_CONTEXT('2D SPACE',''
  ) );
#4477 = PCURVE('',#4242,#4478);
#4478 = DEFINITIONAL_REPRESENTATION('',(#4479),#4483);
#4479 = LINE('',#4480,#4481);
#4480 = CARTESIAN_POINT('',(6.28318530718,0.));
#4481 = VECTOR('',#4482,1.);
#4482 = DIRECTION('',(-1.,0.));
#4483 = ( GEOMETRIC_REPRESENTATION_CONTEXT(2) 
PARAMETRIC_REPRESENTATION_CONTEXT() REPRESENTATION_CONTEXT('2D SPACE',''
  ) );
#4484 = ADVANCED_FACE('',(#4485),#4242,.T.);
#4485 = FACE_BOUND('',#4486,.T.);
#4486 = EDGE_LOOP('',(#4487,#4488,#4489,#4599));
#4487 = ORIENTED_EDGE('',*,*,#4463,.F.);
#4488 = ORIENTED_EDGE('',*,*,#4229,.T.);
#4489 = ORIENTED_EDGE('',*,*,#4490,.T.);
#4490 = EDGE_CURVE('',#4169,#4491,#4493,.T.);
#4491 = VERTEX_POINT('',#4492);
#4492 = CARTESIAN_POINT('',(-37.37828380211,23.626970281271,
    103.52364337525));
#4493 = SURFACE_CURVE('',#4494,(#4527,#4563),.PCURVE_S1.);
#4494 = B_SPLINE_CURVE_WITH_KNOTS('',6,(#4495,#4496,#4497,#4498,#4499,
    #4500,#4501,#4502,#4503,#4504,#4505,#4506,#4507,#4508,#4509,#4510,
    #4511,#4512,#4513,#4514,#4515,#4516,#4517,#4518,#4519,#4520,#4521,
    #4522,#4523,#4524,#4525,#4526),.UNSPECIFIED.,.F.,.F.,(7,5,5,5,5,5,7)
  ,(0.,0.289876183836,0.456365208225,0.605803930191,0.691036156229,
    0.871359344699,1.),.UNSPECIFIED.);
#4495 = CARTESIAN_POINT('',(-45.43696359927,14.588674623718,
    99.115372037971));
#4496 = CARTESIAN_POINT('',(-45.49084920085,15.216676752159,
    99.421669141701));
#4497 = CARTESIAN_POINT('',(-45.49289243197,15.848184660927,
    99.729676128744));
#4498 = CARTESIAN_POINT('',(-45.44195480813,16.479097647689,
    100.03739295293));
#4499 = CARTESIAN_POINT('',(-45.33678127047,17.104743000533,
    100.3425405804));
#4500 = CARTESIAN_POINT('',(-45.17636926955,17.719901215829,
    100.64257328912));
#4501 = CARTESIAN_POINT('',(-44.83587048006,18.662800505491,
    101.10245600043));
#4502 = CARTESIAN_POINT('',(-44.69323629792,19.001386841108,
    101.26759559035));
#4503 = CARTESIAN_POINT('',(-44.53208973097,19.333451813131,
    101.42955449873));
#4504 = CARTESIAN_POINT('',(-44.35240473745,19.657764544704,
    101.5877323868));
#4505 = CARTESIAN_POINT('',(-44.15427212493,19.973006523236,
    101.74148617302));
#4506 = CARTESIAN_POINT('',(-43.74377226028,20.551362693568,
    102.02356932509));
#4507 = CARTESIAN_POINT('',(-43.53494139624,20.816507968769,
    102.15288931651));
#4508 = CARTESIAN_POINT('',(-43.31164692234,21.072213422702,
    102.27760519946));
#4509 = CARTESIAN_POINT('',(-43.07419480174,21.317418399235,
    102.3971996574));
#4510 = CARTESIAN_POINT('',(-42.82304080649,21.551045139139,
    102.51114703201));
#4511 = CARTESIAN_POINT('',(-42.40813577268,21.898066409076,
    102.68040061428));
#4512 = CARTESIAN_POINT('',(-42.25319455768,22.019991855546,
    102.7398676279));
#4513 = CARTESIAN_POINT('',(-42.09412547945,22.13760728167,
    102.79723250414));
#4514 = CARTESIAN_POINT('',(-41.93106655898,22.250718894951,
    102.85240072408));
#4515 = CARTESIAN_POINT('',(-41.76417570014,22.359139374266,
    102.90528092511));
#4516 = CARTESIAN_POINT('',(-41.23282063582,22.681770120692,
    103.06263845422));
#4517 = CARTESIAN_POINT('',(-40.85560856736,22.879086530352,
    103.15887609747));
#4518 = CARTESIAN_POINT('',(-40.46378318953,23.052884010966,
    103.24364279257));
#4519 = CARTESIAN_POINT('',(-40.05942029867,23.201743074831,
    103.31624620912));
#4520 = CARTESIAN_POINT('',(-39.64488195655,23.324580069351,
    103.37615781443));
#4521 = CARTESIAN_POINT('',(-38.92182710645,23.489421411218,
    103.4565563088));
#4522 = CARTESIAN_POINT('',(-38.616941003,23.544510469049,
    103.48342503758));
#4523 = CARTESIAN_POINT('',(-38.30918417096,23.585834905141,
    103.50358031177));
#4524 = CARTESIAN_POINT('',(-37.99951831228,23.613308873221,
    103.51698026134));
#4525 = CARTESIAN_POINT('',(-37.68890113254,23.62697027673,
    103.52364337303));
#4526 = CARTESIAN_POINT('',(-37.37828380181,23.62697027673,
    103.52364337303));
#4527 = PCURVE('',#4242,#4528);
#4528 = DEFINITIONAL_REPRESENTATION('',(#4529),#4562);
#4529 = B_SPLINE_CURVE_WITH_KNOTS('',6,(#4530,#4531,#4532,#4533,#4534,
    #4535,#4536,#4537,#4538,#4539,#4540,#4541,#4542,#4543,#4544,#4545,
    #4546,#4547,#4548,#4549,#4550,#4551,#4552,#4553,#4554,#4555,#4556,
    #4557,#4558,#4559,#4560,#4561),.UNSPECIFIED.,.F.,.F.,(7,5,5,5,5,5,7)
  ,(0.,0.289876183836,0.456365208225,0.605803930191,0.691036156229,
    0.871359344699,1.),.UNSPECIFIED.);
#4530 = CARTESIAN_POINT('',(6.28318530718,0.917734926278));
#4531 = CARTESIAN_POINT('',(6.212394628474,0.920571010571));
#4532 = CARTESIAN_POINT('',(6.141430993543,0.923422927118));
#4533 = CARTESIAN_POINT('',(6.070121830054,0.926272156972));
#4534 = CARTESIAN_POINT('',(5.998331860137,0.929097597967));
#4535 = CARTESIAN_POINT('',(5.925932653853,0.931875678603));
#4536 = CARTESIAN_POINT('',(5.81077616974,0.936133851856));
#4537 = CARTESIAN_POINT('',(5.768523857361,0.937662922133));
#4538 = CARTESIAN_POINT('',(5.726008720809,0.939162541655));
#4539 = CARTESIAN_POINT('',(5.68321424342,0.94062715173));
#4540 = CARTESIAN_POINT('',(5.640129029277,0.942050797898));
#4541 = CARTESIAN_POINT('',(5.557807914393,0.944662678936));
#4542 = CARTESIAN_POINT('',(5.518629808468,0.945860086264));
#4543 = CARTESIAN_POINT('',(5.47921065127,0.947014862958));
#4544 = CARTESIAN_POINT('',(5.439552269083,0.94812221905));
#4545 = CARTESIAN_POINT('',(5.399662401709,0.949177287333));
#4546 = CARTESIAN_POINT('',(5.336682422827,0.950744450132));
#4547 = CARTESIAN_POINT('',(5.313737884168,0.951295070629));
#4548 = CARTESIAN_POINT('',(5.290726105392,0.95182622689));
#4549 = CARTESIAN_POINT('',(5.267650619345,0.952337043742));
#4550 = CARTESIAN_POINT('',(5.244515684898,0.952826675233));
#4551 = CARTESIAN_POINT('',(5.172265922192,0.954283689391));
#4552 = CARTESIAN_POINT('',(5.122955348097,0.95517477868));
#4553 = CARTESIAN_POINT('',(5.073456436837,0.955959655487));
#4554 = CARTESIAN_POINT('',(5.023826282041,0.956631909344));
#4555 = CARTESIAN_POINT('',(4.974127501366,0.95718664643));
#4556 = CARTESIAN_POINT('',(4.889003546416,0.957931076933));
#4557 = CARTESIAN_POINT('',(4.853565835069,0.958179861459));
#4558 = CARTESIAN_POINT('',(4.81816154763,0.958366484368));
#4559 = CARTESIAN_POINT('',(4.782815210963,0.958490557975));
#4560 = CARTESIAN_POINT('',(4.747549720893,0.958552253454));
#4561 = CARTESIAN_POINT('',(4.712388980385,0.958552253454));
#4562 = ( GEOMETRIC_REPRESENTATION_CONTEXT(2) 
PARAMETRIC_REPRESENTATION_CONTEXT() REPRESENTATION_CONTEXT('2D SPACE',''
  ) );
#4563 = PCURVE('',#4206,#4564);
#4564 = DEFINITIONAL_REPRESENTATION('',(#4565),#4598);
#4565 = B_SPLINE_CURVE_WITH_KNOTS('',6,(#4566,#4567,#4568,#4569,#4570,
    #4571,#4572,#4573,#4574,#4575,#4576,#4577,#4578,#4579,#4580,#4581,
    #4582,#4583,#4584,#4585,#4586,#4587,#4588,#4589,#4590,#4591,#4592,
    #4593,#4594,#4595,#4596,#4597),.UNSPECIFIED.,.F.,.F.,(7,5,5,5,5,5,7)
  ,(0.,0.289876183836,0.456365208225,0.605803930191,0.691036156229,
    0.871359344699,1.),.UNSPECIFIED.);
#4566 = CARTESIAN_POINT('',(154.56303640072,216.2313876953));
#4567 = CARTESIAN_POINT('',(154.50915079914,216.93010408203));
#4568 = CARTESIAN_POINT('',(154.50710756802,217.63272100675));
#4569 = CARTESIAN_POINT('',(154.55804519186,218.33467602009));
#4570 = CARTESIAN_POINT('',(154.66321872952,219.03077025372));
#4571 = CARTESIAN_POINT('',(154.82363073044,219.71519647776));
#4572 = CARTESIAN_POINT('',(155.16412951993,220.76426805711));
#4573 = CARTESIAN_POINT('',(155.30676370207,221.14097987113));
#4574 = CARTESIAN_POINT('',(155.46791026902,221.51043600337));
#4575 = CARTESIAN_POINT('',(155.64759526255,221.87126697784));
#4576 = CARTESIAN_POINT('',(155.84572787506,222.22200581487));
#4577 = CARTESIAN_POINT('',(156.25622773971,222.86548601227));
#4578 = CARTESIAN_POINT('',(156.46505860375,223.16048715997));
#4579 = CARTESIAN_POINT('',(156.68835307765,223.4449855442));
#4580 = CARTESIAN_POINT('',(156.92580519825,223.71780107691));
#4581 = CARTESIAN_POINT('',(157.1769591935,223.97773464107));
#4582 = CARTESIAN_POINT('',(157.59186422732,224.36383117939));
#4583 = CARTESIAN_POINT('',(157.74680544231,224.49948566772));
#4584 = CARTESIAN_POINT('',(157.90587452054,224.63034481906));
#4585 = CARTESIAN_POINT('',(158.06893344101,224.75619301949));
#4586 = CARTESIAN_POINT('',(158.23582429985,224.87682185516));
#4587 = CARTESIAN_POINT('',(158.76717936418,225.23578144969));
#4588 = CARTESIAN_POINT('',(159.14439143263,225.45531606996));
#4589 = CARTESIAN_POINT('',(159.53621681046,225.64868348415));
#4590 = CARTESIAN_POINT('',(159.94057970132,225.81430436746));
#4591 = CARTESIAN_POINT('',(160.35511804344,225.95097304592));
#4592 = CARTESIAN_POINT('',(161.07817289354,226.13437584276));
#4593 = CARTESIAN_POINT('',(161.38305899699,226.1956680354));
#4594 = CARTESIAN_POINT('',(161.69081582903,226.24164568318));
#4595 = CARTESIAN_POINT('',(162.00048168771,226.27221327338));
#4596 = CARTESIAN_POINT('',(162.31109886745,226.28741297743));
#4597 = CARTESIAN_POINT('',(162.62171619818,226.28741297743));
#4598 = ( GEOMETRIC_REPRESENTATION_CONTEXT(2) 
PARAMETRIC_REPRESENTATION_CONTEXT() REPRESENTATION_CONTEXT('2D SPACE',''
  ) );
#4599 = ORIENTED_EDGE('',*,*,#4600,.F.);
#4600 = EDGE_CURVE('',#4437,#4491,#4601,.T.);
#4601 = SURFACE_CURVE('',#4602,(#4605,#4612),.PCURVE_S1.);
#4602 = B_SPLINE_CURVE_WITH_KNOTS('',1,(#4603,#4604),.UNSPECIFIED.,.F.,
  .F.,(2,2),(0.,1.),.PIECEWISE_BEZIER_KNOTS.);
#4603 = CARTESIAN_POINT('',(-23.,15.,0.));
#4604 = CARTESIAN_POINT('',(-38.,24.,108.));
#4605 = PCURVE('',#4242,#4606);
#4606 = DEFINITIONAL_REPRESENTATION('',(#4607),#4611);
#4607 = LINE('',#4608,#4609);
#4608 = CARTESIAN_POINT('',(4.712388980385,0.));
#4609 = VECTOR('',#4610,1.);
#4610 = DIRECTION('',(0.,1.));
#4611 = ( GEOMETRIC_REPRESENTATION_CONTEXT(2) 
PARAMETRIC_REPRESENTATION_CONTEXT() REPRESENTATION_CONTEXT('2D SPACE',''
  ) );
#4612 = PCURVE('',#4452,#4613);
#4613 = DEFINITIONAL_REPRESENTATION('',(#4614),#4618);
#4614 = LINE('',#4615,#4616);
#4615 = CARTESIAN_POINT('',(38.,0.));
#4616 = VECTOR('',#4617,1.);
#4617 = DIRECTION('',(0.,1.));
#4618 = ( GEOMETRIC_REPRESENTATION_CONTEXT(2) 
PARAMETRIC_REPRESENTATION_CONTEXT() REPRESENTATION_CONTEXT('2D SPACE',''
  ) );
#4619 = ADVANCED_FACE('',(#4620,#5048),#4206,.T.);
#4620 = FACE_BOUND('',#4621,.T.);
#4621 = EDGE_LOOP('',(#4622,#4623,#4733,#4753,#4863,#4919,#5029,#5047));
#4622 = ORIENTED_EDGE('',*,*,#4168,.F.);
#4623 = ORIENTED_EDGE('',*,*,#4624,.F.);
#4624 = EDGE_CURVE('',#4625,#4128,#4627,.T.);
#4625 = VERTEX_POINT('',#4626);
#4626 = CARTESIAN_POINT('',(-34.30229348027,-21.78137608816,
    81.376513057992));
#4627 = SURFACE_CURVE('',#4628,(#4661,#4697),.PCURVE_S1.);
#4628 = B_SPLINE_CURVE_WITH_KNOTS('',7,(#4629,#4630,#4631,#4632,#4633,
    #4634,#4635,#4636,#4637,#4638,#4639,#4640,#4641,#4642,#4643,#4644,
    #4645,#4646,#4647,#4648,#4649,#4650,#4651,#4652,#4653,#4654,#4655,
    #4656,#4657,#4658,#4659,#4660),.UNSPECIFIED.,.F.,.F.,(8,6,6,6,6,8),(
    0.,0.291409311214,0.44891606825,0.555098262774,0.808596207308,1.),
  .UNSPECIFIED.);
#4629 = CARTESIAN_POINT('',(-34.30229348027,-21.78137608816,
    81.376513057992));
#4630 = CARTESIAN_POINT('',(-34.86361204619,-21.78137608816,
    81.376513057992));
#4631 = CARTESIAN_POINT('',(-35.42500205241,-21.73729833954,
    81.398011212428));
#4632 = CARTESIAN_POINT('',(-35.98119432167,-21.64996842208,
    81.440604859128));
#4633 = CARTESIAN_POINT('',(-36.52757783361,-21.52111965055,
    81.503448603997));
#4634 = CARTESIAN_POINT('',(-37.06010103561,-21.3529550261,
    81.585467971588));
#4635 = CARTESIAN_POINT('',(-37.5752389245,-21.14802836111,
    81.685417384368));
#4636 = CARTESIAN_POINT('',(-38.33735912627,-20.77996478491,
    81.864933985145));
#4637 = CARTESIAN_POINT('',(-38.59882857798,-20.64087631924,
    81.932771962546));
#4638 = CARTESIAN_POINT('',(-38.8539155833,-20.49225736462,
    82.005258269993));
#4639 = CARTESIAN_POINT('',(-39.10221034597,-20.33453598957,
    82.08218412452));
#4640 = CARTESIAN_POINT('',(-39.34334354248,-20.1681439504,82.1633389445
    ));
#4641 = CARTESIAN_POINT('',(-39.57698229792,-19.99351144733,
    82.248512907269));
#4642 = CARTESIAN_POINT('',(-39.95507738918,-19.68806464696,
    82.397489265882));
#4643 = CARTESIAN_POINT('',(-40.1037857393,-19.56151510065,
    82.45921160369));
#4644 = CARTESIAN_POINT('',(-40.24885927452,-19.43154301113,
    82.522603227351));
#4645 = CARTESIAN_POINT('',(-40.39021188681,-19.29827753842,
    82.587601141321));
#4646 = CARTESIAN_POINT('',(-40.52776287451,-19.16184687294,
    82.654142822958));
#4647 = CARTESIAN_POINT('',(-40.66143651918,-19.02237787536,
    82.722166398169));
#4648 = CARTESIAN_POINT('',(-41.10086572609,-18.54007446377,
    82.957401489578));
#4649 = CARTESIAN_POINT('',(-41.38804597392,-18.18356999445,
    83.131280337237));
#4650 = CARTESIAN_POINT('',(-41.65176463149,-17.81216121672,
    83.312428501813));
#4651 = CARTESIAN_POINT('',(-41.89117529764,-17.42751282831,
    83.500034055981));
#4652 = CARTESIAN_POINT('',(-42.10552015454,-17.03127434162,
    83.693292478786));
#4653 = CARTESIAN_POINT('',(-42.29411685999,-16.62507423967,
    83.891409505984));
#4654 = CARTESIAN_POINT('',(-42.57881812867,-15.89749169979,
    84.246275221555));
#4655 = CARTESIAN_POINT('',(-42.68625697084,-15.57972047206,
    84.401262605028));
#4656 = CARTESIAN_POINT('',(-42.77837971548,-15.25788979567,
    84.558229913901));
#4657 = CARTESIAN_POINT('',(-42.85492482397,-14.93270874387,
    84.71683131005));
#4658 = CARTESIAN_POINT('',(-42.9156437454,-14.60490196145,
    84.876713360587));
#4659 = CARTESIAN_POINT('',(-42.96030351019,-14.27521037904,
    85.037514689509));
#4660 = CARTESIAN_POINT('',(-42.98868932367,-13.94439192728,
    85.198865629329));
#4661 = PCURVE('',#4206,#4662);
#4662 = DEFINITIONAL_REPRESENTATION('',(#4663),#4696);
#4663 = B_SPLINE_CURVE_WITH_KNOTS('',7,(#4664,#4665,#4666,#4667,#4668,
    #4669,#4670,#4671,#4672,#4673,#4674,#4675,#4676,#4677,#4678,#4679,
    #4680,#4681,#4682,#4683,#4684,#4685,#4686,#4687,#4688,#4689,#4690,
    #4691,#4692,#4693,#4694,#4695),.UNSPECIFIED.,.F.,.F.,(8,6,6,6,6,8),(
    0.,0.291409311214,0.44891606825,0.555098262774,0.808596207308,1.),
  .UNSPECIFIED.);
#4664 = CARTESIAN_POINT('',(165.69770651972,175.76599869808));
#4665 = CARTESIAN_POINT('',(165.1363879538,175.76599869808));
#4666 = CARTESIAN_POINT('',(164.57499794758,175.81503968673));
#4667 = CARTESIAN_POINT('',(164.01880567832,175.91220312236));
#4668 = CARTESIAN_POINT('',(163.47242216638,176.05556051558));
#4669 = CARTESIAN_POINT('',(162.93989896438,176.24266080307));
#4670 = CARTESIAN_POINT('',(162.42476107549,176.47066260819));
#4671 = CARTESIAN_POINT('',(161.66264087372,176.88017085729));
#4672 = CARTESIAN_POINT('',(161.40117142201,177.03492095409));
#4673 = CARTESIAN_POINT('',(161.14608441669,177.2002746914));
#4674 = CARTESIAN_POINT('',(160.89778965402,177.37575579933));
#4675 = CARTESIAN_POINT('',(160.65665645751,177.56088390499));
#4676 = CARTESIAN_POINT('',(160.42301770207,177.75518036678));
#4677 = CARTESIAN_POINT('',(160.04492261081,178.09502106958));
#4678 = CARTESIAN_POINT('',(159.89621426069,178.23582034038));
#4679 = CARTESIAN_POINT('',(159.75114072547,178.38042753938));
#4680 = CARTESIAN_POINT('',(159.60978811319,178.52869896291));
#4681 = CARTESIAN_POINT('',(159.47223712548,178.68049198607));
#4682 = CARTESIAN_POINT('',(159.33856348081,178.83566546341));
#4683 = CARTESIAN_POINT('',(158.8991342739,179.37227717504));
#4684 = CARTESIAN_POINT('',(158.61195402608,179.7689247394));
#4685 = CARTESIAN_POINT('',(158.3482353685,180.18215486621));
#4686 = CARTESIAN_POINT('',(158.10882470235,180.61011540955));
#4687 = CARTESIAN_POINT('',(157.89447984545,181.05097111874));
#4688 = CARTESIAN_POINT('',(157.70588314001,181.50291014039));
#4689 = CARTESIAN_POINT('',(157.42118187132,182.31241988612));
#4690 = CARTESIAN_POINT('',(157.31374302915,182.66597277072));
#4691 = CARTESIAN_POINT('',(157.22162028451,183.02404220577));
#4692 = CARTESIAN_POINT('',(157.14507517602,183.38583927501));
#4693 = CARTESIAN_POINT('',(157.08435625459,183.75055773723));
#4694 = CARTESIAN_POINT('',(157.0396964898,184.11737323158));
#4695 = CARTESIAN_POINT('',(157.01131067632,184.48544248295));
#4696 = ( GEOMETRIC_REPRESENTATION_CONTEXT(2) 
PARAMETRIC_REPRESENTATION_CONTEXT() REPRESENTATION_CONTEXT('2D SPACE',''
  ) );
#4697 = PCURVE('',#4142,#4698);
#4698 = DEFINITIONAL_REPRESENTATION('',(#4699),#4732);
#4699 = B_SPLINE_CURVE_WITH_KNOTS('',7,(#4700,#4701,#4702,#4703,#4704,
    #4705,#4706,#4707,#4708,#4709,#4710,#4711,#4712,#4713,#4714,#4715,
    #4716,#4717,#4718,#4719,#4720,#4721,#4722,#4723,#4724,#4725,#4726,
    #4727,#4728,#4729,#4730,#4731),.UNSPECIFIED.,.F.,.F.,(8,6,6,6,6,8),(
    0.,0.291409311214,0.44891606825,0.555098262774,0.808596207308,1.),
  .UNSPECIFIED.);
#4700 = CARTESIAN_POINT('',(1.570796326795,0.753486232018));
#4701 = CARTESIAN_POINT('',(1.500753598656,0.753486232018));
#4702 = CARTESIAN_POINT('',(1.431074567555,0.753685289004));
#4703 = CARTESIAN_POINT('',(1.361877536945,0.754079674622));
#4704 = CARTESIAN_POINT('',(1.293216726207,0.754661561148));
#4705 = CARTESIAN_POINT('',(1.225125104465,0.755420999737));
#4706 = CARTESIAN_POINT('',(1.157619582625,0.756346457263));
#4707 = CARTESIAN_POINT('',(1.054541938786,0.758008648011));
#4708 = CARTESIAN_POINT('',(1.018544691065,0.758636777431));
#4709 = CARTESIAN_POINT('',(0.982713593784,0.759307946944));
#4710 = CARTESIAN_POINT('',(0.947044707468,0.760020223375));
#4711 = CARTESIAN_POINT('',(0.911532680746,0.760771656894));
#4712 = CARTESIAN_POINT('',(0.876170838975,0.761560304697));
#4713 = CARTESIAN_POINT('',(0.81720822278,0.762939715425));
#4714 = CARTESIAN_POINT('',(0.793529880096,0.763511218553));
#4715 = CARTESIAN_POINT('',(0.769913789696,0.764098178031));
#4716 = CARTESIAN_POINT('',(0.74635736017,0.764700010568));
#4717 = CARTESIAN_POINT('',(0.722857847716,0.76531613725));
#4718 = CARTESIAN_POINT('',(0.699412340047,0.765945985168));
#4719 = CARTESIAN_POINT('',(0.620165787217,0.768124087866));
#4720 = CARTESIAN_POINT('',(0.564607370826,0.769734077197));
#4721 = CARTESIAN_POINT('',(0.509295721072,0.771411375017));
#4722 = CARTESIAN_POINT('',(0.454185969286,0.773148463481));
#4723 = CARTESIAN_POINT('',(0.399233121701,0.774937893322));
#4724 = CARTESIAN_POINT('',(0.344389550985,0.776772310241));
#4725 = CARTESIAN_POINT('',(0.248234633156,0.780058103903));
#4726 = CARTESIAN_POINT('',(0.206901185617,0.781493172269));
#4727 = CARTESIAN_POINT('',(0.165579559555,0.782946573277));
#4728 = CARTESIAN_POINT('',(0.124248920029,0.784415104723));
#4729 = CARTESIAN_POINT('',(8.288905309326E-02,0.78589549408));
#4730 = CARTESIAN_POINT('',(4.147971809977E-02,0.787384395273));
#4731 = CARTESIAN_POINT('',(0.,0.788878385457));
#4732 = ( GEOMETRIC_REPRESENTATION_CONTEXT(2) 
PARAMETRIC_REPRESENTATION_CONTEXT() REPRESENTATION_CONTEXT('2D SPACE',''
  ) );
#4733 = ORIENTED_EDGE('',*,*,#4734,.F.);
#4734 = EDGE_CURVE('',#4735,#4625,#4737,.T.);
#4735 = VERTEX_POINT('',#4736);
#4736 = CARTESIAN_POINT('',(34.302293480277,-21.78137608816,
    81.376513057992));
#4737 = SURFACE_CURVE('',#4738,(#4741,#4747),.PCURVE_S1.);
#4738 = B_SPLINE_CURVE_WITH_KNOTS('',1,(#4739,#4740),.UNSPECIFIED.,.F.,
  .F.,(2,2),(0.,1.),.PIECEWISE_BEZIER_KNOTS.);
#4739 = CARTESIAN_POINT('',(34.302293480277,-21.78137608816,
    81.376513057992));
#4740 = CARTESIAN_POINT('',(-34.30229348027,-21.78137608816,
    81.376513057992));
#4741 = PCURVE('',#4206,#4742);
#4742 = DEFINITIONAL_REPRESENTATION('',(#4743),#4746);
#4743 = B_SPLINE_CURVE_WITH_KNOTS('',1,(#4744,#4745),.UNSPECIFIED.,.F.,
  .F.,(2,2),(0.,1.),.PIECEWISE_BEZIER_KNOTS.);
#4744 = CARTESIAN_POINT('',(234.30229348027,175.76599869808));
#4745 = CARTESIAN_POINT('',(165.69770651972,175.76599869808));
#4746 = ( GEOMETRIC_REPRESENTATION_CONTEXT(2) 
PARAMETRIC_REPRESENTATION_CONTEXT() REPRESENTATION_CONTEXT('2D SPACE',''
  ) );
#4747 = PCURVE('',#4312,#4748);
#4748 = DEFINITIONAL_REPRESENTATION('',(#4749),#4752);
#4749 = B_SPLINE_CURVE_WITH_KNOTS('',1,(#4750,#4751),.UNSPECIFIED.,.F.,
  .F.,(2,2),(0.,1.),.PIECEWISE_BEZIER_KNOTS.);
#4750 = CARTESIAN_POINT('',(38.,0.753486232018));
#4751 = CARTESIAN_POINT('',(-38.,0.753486232018));
#4752 = ( GEOMETRIC_REPRESENTATION_CONTEXT(2) 
PARAMETRIC_REPRESENTATION_CONTEXT() REPRESENTATION_CONTEXT('2D SPACE',''
  ) );
#4753 = ORIENTED_EDGE('',*,*,#4754,.F.);
#4754 = EDGE_CURVE('',#4755,#4735,#4757,.T.);
#4755 = VERTEX_POINT('',#4756);
#4756 = CARTESIAN_POINT('',(42.988689323678,-13.94439192728,
    85.198865629329));
#4757 = SURFACE_CURVE('',#4758,(#4791,#4827),.PCURVE_S1.);
#4758 = B_SPLINE_CURVE_WITH_KNOTS('',7,(#4759,#4760,#4761,#4762,#4763,
    #4764,#4765,#4766,#4767,#4768,#4769,#4770,#4771,#4772,#4773,#4774,
    #4775,#4776,#4777,#4778,#4779,#4780,#4781,#4782,#4783,#4784,#4785,
    #4786,#4787,#4788,#4789,#4790),.UNSPECIFIED.,.F.,.F.,(8,6,6,6,6,8),(
    0.,0.192061762757,0.444528859856,0.550716663323,0.708233220534,1.),
  .UNSPECIFIED.);
#4759 = CARTESIAN_POINT('',(42.988689323678,-13.94439192728,
    85.198865629329));
#4760 = CARTESIAN_POINT('',(42.96020593546,-14.27634754995,
    85.036960054192));
#4761 = CARTESIAN_POINT('',(42.915336529548,-14.60716848234,
    84.875607904489));
#4762 = CARTESIAN_POINT('',(42.854298121402,-14.93608901841,
    84.715182639999));
#4763 = CARTESIAN_POINT('',(42.777326145837,-15.26236064951,
    84.556049332787));
#4764 = CARTESIAN_POINT('',(42.684671829527,-15.58525133763,
    84.398565021646));
#4765 = CARTESIAN_POINT('',(42.576599563495,-15.90404478867,
    84.243079066554));
#4766 = CARTESIAN_POINT('',(42.291416554388,-16.63078919291,
    83.888622137047));
#4767 = CARTESIAN_POINT('',(42.103292671467,-17.03522088656,
    83.691367620203));
#4768 = CARTESIAN_POINT('',(41.889635774743,-17.42975732785,
    83.498939340413));
#4769 = CARTESIAN_POINT('',(41.651120375181,-17.81278979761,
    83.312121922428));
#4770 = CARTESIAN_POINT('',(41.38849527483,-18.18268883205,
    83.131710108854));
#4771 = CARTESIAN_POINT('',(41.102596428111,-18.53780996425,
    82.958505959791));
#4772 = CARTESIAN_POINT('',(40.664701003941,-19.01894570766,
    82.723840378209));
#4773 = CARTESIAN_POINT('',(40.531102101309,-19.15848544013,
    82.655782303284));
#4774 = CARTESIAN_POINT('',(40.393624138836,-19.29498873629,
    82.589205197299));
#4775 = CARTESIAN_POINT('',(40.252342781264,-19.42832873312,
    82.524170935484));
#4776 = CARTESIAN_POINT('',(40.107338670537,-19.55837723686,
    82.460742042116));
#4777 = CARTESIAN_POINT('',(39.958697848605,-19.68500508235,
    82.398981515249));
#4778 = CARTESIAN_POINT('',(39.580763443011,-19.99065270552,
    82.249907208816));
#4779 = CARTESIAN_POINT('',(39.3472153386,-20.1654098353,82.164672461536
    ));
#4780 = CARTESIAN_POINT('',(39.106168083378,-20.33193044795,
    82.08345493208));
#4781 = CARTESIAN_POINT('',(38.857954291112,-20.48978428942,
    82.006464469363));
#4782 = CARTESIAN_POINT('',(38.60294299651,-20.63853952203,
    81.933911694697));
#4783 = CARTESIAN_POINT('',(38.341543678766,-20.777767961,
    81.866005447761));
#4784 = CARTESIAN_POINT('',(37.579030573929,-21.14651907253,
    81.686153513597));
#4785 = CARTESIAN_POINT('',(37.063367317962,-21.35192293022,
    81.585971358383));
#4786 = CARTESIAN_POINT('',(36.530259027324,-21.5204869416,
    81.503757196772));
#4787 = CARTESIAN_POINT('',(35.983241544387,-21.6496467534,
    81.440761747426));
#4788 = CARTESIAN_POINT('',(35.42637978966,-21.73719009217,
    81.398064008195));
#4789 = CARTESIAN_POINT('',(34.864300866104,-21.78137608816,
    81.376513057992));
#4790 = CARTESIAN_POINT('',(34.302293480277,-21.78137608816,
    81.376513057992));
#4791 = PCURVE('',#4206,#4792);
#4792 = DEFINITIONAL_REPRESENTATION('',(#4793),#4826);
#4793 = B_SPLINE_CURVE_WITH_KNOTS('',7,(#4794,#4795,#4796,#4797,#4798,
    #4799,#4800,#4801,#4802,#4803,#4804,#4805,#4806,#4807,#4808,#4809,
    #4810,#4811,#4812,#4813,#4814,#4815,#4816,#4817,#4818,#4819,#4820,
    #4821,#4822,#4823,#4824,#4825),.UNSPECIFIED.,.F.,.F.,(8,6,6,6,6,8),(
    0.,0.192061762757,0.444528859856,0.550716663323,0.708233220534,1.),
  .UNSPECIFIED.);
#4794 = CARTESIAN_POINT('',(242.98868932367,184.48544248295));
#4795 = CARTESIAN_POINT('',(242.96020593546,184.11610801301));
#4796 = CARTESIAN_POINT('',(242.91533652954,183.74803600169));
#4797 = CARTESIAN_POINT('',(242.8542981214,183.382078375));
#4798 = CARTESIAN_POINT('',(242.77732614583,183.01906792511));
#4799 = CARTESIAN_POINT('',(242.68467182952,182.65981911895));
#4800 = CARTESIAN_POINT('',(242.57659956349,182.30512890672));
#4801 = CARTESIAN_POINT('',(242.29141655438,181.49655167233));
#4802 = CARTESIAN_POINT('',(242.10329267146,181.04658018518));
#4803 = CARTESIAN_POINT('',(241.88963577474,180.60761817502));
#4804 = CARTESIAN_POINT('',(241.65112037518,180.18145550589));
#4805 = CARTESIAN_POINT('',(241.38849527483,179.76990512239));
#4806 = CARTESIAN_POINT('',(241.10259642811,179.3747966616));
#4807 = CARTESIAN_POINT('',(240.66470100394,178.83948409986));
#4808 = CARTESIAN_POINT('',(240.5311021013,178.68423192274));
#4809 = CARTESIAN_POINT('',(240.39362413883,178.53235809055));
#4810 = CARTESIAN_POINT('',(240.25234278126,178.38400375133));
#4811 = CARTESIAN_POINT('',(240.10733867053,178.23931153371));
#4812 = CARTESIAN_POINT('',(239.9586978486,178.0984251471));
#4813 = CARTESIAN_POINT('',(239.58076344301,177.75836100847));
#4814 = CARTESIAN_POINT('',(239.3472153386,177.56392588676));
#4815 = CARTESIAN_POINT('',(239.10616808337,177.37865473));
#4816 = CARTESIAN_POINT('',(238.85795429111,177.20302623966));
#4817 = CARTESIAN_POINT('',(238.60294299651,177.0375208792));
#4818 = CARTESIAN_POINT('',(238.34154367876,176.88261504784));
#4819 = CARTESIAN_POINT('',(237.57903057392,176.4723418456));
#4820 = CARTESIAN_POINT('',(237.06336731796,176.24380911495));
#4821 = CARTESIAN_POINT('',(236.53025902732,176.05626446879));
#4822 = CARTESIAN_POINT('',(235.98324154438,175.91256101156));
#4823 = CARTESIAN_POINT('',(235.42637978966,175.81516012296));
#4824 = CARTESIAN_POINT('',(234.8643008661,175.76599869808));
#4825 = CARTESIAN_POINT('',(234.30229348027,175.76599869808));
#4826 = ( GEOMETRIC_REPRESENTATION_CONTEXT(2) 
PARAMETRIC_REPRESENTATION_CONTEXT() REPRESENTATION_CONTEXT('2D SPACE',''
  ) );
#4827 = PCURVE('',#4340,#4828);
#4828 = DEFINITIONAL_REPRESENTATION('',(#4829),#4862);
#4829 = B_SPLINE_CURVE_WITH_KNOTS('',7,(#4830,#4831,#4832,#4833,#4834,
    #4835,#4836,#4837,#4838,#4839,#4840,#4841,#4842,#4843,#4844,#4845,
    #4846,#4847,#4848,#4849,#4850,#4851,#4852,#4853,#4854,#4855,#4856,
    #4857,#4858,#4859,#4860,#4861),.UNSPECIFIED.,.F.,.F.,(8,6,6,6,6,8),(
    0.,0.192061762757,0.444528859856,0.550716663323,0.708233220534,1.),
  .UNSPECIFIED.);
#4830 = CARTESIAN_POINT('',(3.14159265359,0.788878385457));
#4831 = CARTESIAN_POINT('',(3.099970351154,0.787379259761));
#4832 = CARTESIAN_POINT('',(3.058418924207,0.785885258375));
#4833 = CARTESIAN_POINT('',(3.016917232677,0.784399839259));
#4834 = CARTESIAN_POINT('',(2.975444825077,0.782926382711));
#4835 = CARTESIAN_POINT('',(2.93398127957,0.781468194645));
#4836 = CARTESIAN_POINT('',(2.892505545031,0.780028509876));
#4837 = CARTESIAN_POINT('',(2.796429628695,0.776746501269));
#4838 = CARTESIAN_POINT('',(2.74180774905,0.774920070557));
#4839 = CARTESIAN_POINT('',(2.687077074818,0.773138327226));
#4840 = CARTESIAN_POINT('',(2.632190556829,0.771408536319));
#4841 = CARTESIAN_POINT('',(2.577103735747,0.769738056563));
#4842 = CARTESIAN_POINT('',(2.52177228429,0.768134314443));
#4843 = CARTESIAN_POINT('',(2.442755265719,0.765961484983));
#4844 = CARTESIAN_POINT('',(2.419309650689,0.765331317623));
#4845 = CARTESIAN_POINT('',(2.395810076812,0.764714862938));
#4846 = CARTESIAN_POINT('',(2.372253629364,0.764112693847));
#4847 = CARTESIAN_POINT('',(2.348637561865,0.763525389279));
#4848 = CARTESIAN_POINT('',(2.324959279931,0.762953532549));
#4849 = CARTESIAN_POINT('',(2.265996569386,0.761573214896));
#4850 = CARTESIAN_POINT('',(2.230634611928,0.760784004273));
#4851 = CARTESIAN_POINT('',(2.195122531514,0.760031990112));
#4852 = CARTESIAN_POINT('',(2.15945364105,0.759319115457));
#4853 = CARTESIAN_POINT('',(2.123622575484,0.758647330506));
#4854 = CARTESIAN_POINT('',(2.087625379712,0.758018568961));
#4855 = CARTESIAN_POINT('',(1.984469977836,0.756353273274));
#4856 = CARTESIAN_POINT('',(1.916885214246,0.755425660726));
#4857 = CARTESIAN_POINT('',(1.848712863884,0.754664418489));
#4858 = CARTESIAN_POINT('',(1.779969817164,0.754081127291));
#4859 = CARTESIAN_POINT('',(1.710689088309,0.753685777854));
#4860 = CARTESIAN_POINT('',(1.640925007597,0.753486232018));
#4861 = CARTESIAN_POINT('',(1.570796326795,0.753486232018));
#4862 = ( GEOMETRIC_REPRESENTATION_CONTEXT(2) 
PARAMETRIC_REPRESENTATION_CONTEXT() REPRESENTATION_CONTEXT('2D SPACE',''
  ) );
#4863 = ORIENTED_EDGE('',*,*,#4864,.F.);
#4864 = EDGE_CURVE('',#4865,#4755,#4867,.T.);
#4865 = VERTEX_POINT('',#4866);
#4866 = CARTESIAN_POINT('',(45.436963599273,14.588674623717,
    99.115372037971));
#4867 = SURFACE_CURVE('',#4868,(#4883,#4901),.PCURVE_S1.);
#4868 = B_SPLINE_CURVE_WITH_KNOTS('',4,(#4869,#4870,#4871,#4872,#4873,
    #4874,#4875,#4876,#4877,#4878,#4879,#4880,#4881,#4882),
  .UNSPECIFIED.,.F.,.F.,(5,3,3,3,5),(0.,0.25455251607,0.505980219027,
    0.754419477987,1.),.UNSPECIFIED.);
#4869 = CARTESIAN_POINT('',(45.436963599273,14.588674623718,
    99.115372037971));
#4870 = CARTESIAN_POINT('',(45.277882409907,12.734685383858,
    98.211121066841));
#4871 = CARTESIAN_POINT('',(45.11934638272,10.887049659562,
    97.309968912303));
#4872 = CARTESIAN_POINT('',(44.961359953839,9.045819151058,
    96.411940790244));
#4873 = CARTESIAN_POINT('',(44.648427332921,5.398790144683,
    94.63316589239));
#4874 = CARTESIAN_POINT('',(44.493467626617,3.592834146714,
    93.752342298665));
#4875 = CARTESIAN_POINT('',(44.339052293729,1.793222471787,
    92.874613038039));
#4876 = CARTESIAN_POINT('',(44.033146922123,-1.771908450578,
    91.135782504698));
#4877 = CARTESIAN_POINT('',(43.881643928024,-3.537578684669,
    90.274607590871));
#4878 = CARTESIAN_POINT('',(43.730679914822,-5.296967442058,
    89.416496357936));
#4879 = CARTESIAN_POINT('',(43.43156770361,-8.782928436623,
    87.716279578417));
#4880 = CARTESIAN_POINT('',(43.283407092648,-10.5096453388,
    86.874103473998));
#4881 = CARTESIAN_POINT('',(43.135779915551,-12.23014541137,
    86.034959519975));
#4882 = CARTESIAN_POINT('',(42.988689323678,-13.94439192728,
    85.198865629329));
#4883 = PCURVE('',#4206,#4884);
#4884 = DEFINITIONAL_REPRESENTATION('',(#4885),#4900);
#4885 = B_SPLINE_CURVE_WITH_KNOTS('',4,(#4886,#4887,#4888,#4889,#4890,
    #4891,#4892,#4893,#4894,#4895,#4896,#4897,#4898,#4899),
  .UNSPECIFIED.,.F.,.F.,(5,3,3,3,5),(0.,0.25455251607,0.505980219027,
    0.754419477987,1.),.UNSPECIFIED.);
#4886 = CARTESIAN_POINT('',(245.43696359927,216.2313876953));
#4887 = CARTESIAN_POINT('',(245.2778824099,214.16863566942));
#4888 = CARTESIAN_POINT('',(245.11934638272,212.11295257727));
#4889 = CARTESIAN_POINT('',(244.96135995383,210.06439594065));
#4890 = CARTESIAN_POINT('',(244.64842733292,206.00670439119));
#4891 = CARTESIAN_POINT('',(244.49346762661,203.99739424344));
#4892 = CARTESIAN_POINT('',(244.33905229372,201.99514280181));
#4893 = CARTESIAN_POINT('',(244.03314692212,198.02857121954));
#4894 = CARTESIAN_POINT('',(243.88164392802,196.06408309085));
#4895 = CARTESIAN_POINT('',(243.73067991482,194.10658374533));
#4896 = CARTESIAN_POINT('',(243.43156770361,190.22809677835));
#4897 = CARTESIAN_POINT('',(243.28340709264,188.30694820234));
#4898 = CARTESIAN_POINT('',(243.13577991555,186.39271648301));
#4899 = CARTESIAN_POINT('',(242.98868932367,184.48544248295));
#4900 = ( GEOMETRIC_REPRESENTATION_CONTEXT(2) 
PARAMETRIC_REPRESENTATION_CONTEXT() REPRESENTATION_CONTEXT('2D SPACE',''
  ) );
#4901 = PCURVE('',#4382,#4902);
#4902 = DEFINITIONAL_REPRESENTATION('',(#4903),#4918);
#4903 = B_SPLINE_CURVE_WITH_KNOTS('',4,(#4904,#4905,#4906,#4907,#4908,
    #4909,#4910,#4911,#4912,#4913,#4914,#4915,#4916,#4917),
  .UNSPECIFIED.,.F.,.F.,(5,3,3,3,5),(0.,0.25455251607,0.505980219027,
    0.754419477987,1.),.UNSPECIFIED.);
#4904 = CARTESIAN_POINT('',(14.999999999007,0.917734926278));
#4905 = CARTESIAN_POINT('',(13.136781631509,0.9093622321));
#4906 = CARTESIAN_POINT('',(11.265690629999,0.901018230669));
#4907 = CARTESIAN_POINT('',(9.386753329096,0.892703155465));
#4908 = CARTESIAN_POINT('',(5.636407894443,0.876233017522));
#4909 = CARTESIAN_POINT('',(3.765190473168,0.868077243506));
#4910 = CARTESIAN_POINT('',(1.886376892804,0.859950120723));
#4911 = CARTESIAN_POINT('',(-1.863955637006,0.843849838006));
#4912 = CARTESIAN_POINT('',(-3.735295866014,0.835875996212));
#4913 = CARTESIAN_POINT('',(-5.6139890235,0.827930521833));
#4914 = CARTESIAN_POINT('',(-9.364309093993,0.812187773874));
#4915 = CARTESIAN_POINT('',(-11.23576857156,0.804389846981));
#4916 = CARTESIAN_POINT('',(-13.11434455877,0.796619995555));
#4917 = CARTESIAN_POINT('',(-15.,0.788878385457));
#4918 = ( GEOMETRIC_REPRESENTATION_CONTEXT(2) 
PARAMETRIC_REPRESENTATION_CONTEXT() REPRESENTATION_CONTEXT('2D SPACE',''
  ) );
#4919 = ORIENTED_EDGE('',*,*,#4920,.F.);
#4920 = EDGE_CURVE('',#4921,#4865,#4923,.T.);
#4921 = VERTEX_POINT('',#4922);
#4922 = CARTESIAN_POINT('',(37.378283801811,23.62697027673,
    103.52364337303));
#4923 = SURFACE_CURVE('',#4924,(#4957,#4993),.PCURVE_S1.);
#4924 = B_SPLINE_CURVE_WITH_KNOTS('',6,(#4925,#4926,#4927,#4928,#4929,
    #4930,#4931,#4932,#4933,#4934,#4935,#4936,#4937,#4938,#4939,#4940,
    #4941,#4942,#4943,#4944,#4945,#4946,#4947,#4948,#4949,#4950,#4951,
    #4952,#4953,#4954,#4955,#4956),.UNSPECIFIED.,.F.,.F.,(7,5,5,5,5,5,7)
  ,(0.,0.128293152182,0.308611767536,0.393839032537,0.543266844002,
    0.709743649434,1.),.UNSPECIFIED.);
#4925 = CARTESIAN_POINT('',(37.378283801811,23.62697027673,
    103.52364337303));
#4926 = CARTESIAN_POINT('',(37.688062088189,23.62697027673,
    103.52364337303));
#4927 = CARTESIAN_POINT('',(37.997840129978,23.613382581417,
    103.51701621123));
#4928 = CARTESIAN_POINT('',(38.306674575488,23.586057256094,
    103.50368875957));
#4929 = CARTESIAN_POINT('',(38.613615512457,23.544956387256,
    103.48364252642));
#4930 = CARTESIAN_POINT('',(38.917708968001,23.490164464006,
    103.45691871986));
#4931 = CARTESIAN_POINT('',(39.640063685009,23.325949933585,
    103.37682594186));
#4932 = CARTESIAN_POINT('',(40.054684086187,23.203368677656,
    103.3170390686));
#4933 = CARTESIAN_POINT('',(40.459148757154,23.054759301426,
    103.24455743284));
#4934 = CARTESIAN_POINT('',(40.851094208058,22.881202890277,
    103.15990831517));
#4935 = CARTESIAN_POINT('',(41.228442696261,22.684116855675,
    103.06378303334));
#4936 = CARTESIAN_POINT('',(41.760013687368,22.361811036531,
    102.90658398186));
#4937 = CARTESIAN_POINT('',(41.926973425481,22.25349478534,
    102.85375461629));
#4938 = CARTESIAN_POINT('',(42.090104387016,22.140484874334,
    102.79863599986));
#4939 = CARTESIAN_POINT('',(42.249248444535,22.022968496604,
    102.74131943275));
#4940 = CARTESIAN_POINT('',(42.404267352174,21.901139347062,
    102.68189938628));
#4941 = CARTESIAN_POINT('',(42.819389240648,21.554378721161,
    102.5127729286));
#4942 = CARTESIAN_POINT('',(43.07068796717,21.32091084269,
    102.39890303588));
#4943 = CARTESIAN_POINT('',(43.308291685238,21.075856031202,
    102.27938181834));
#4944 = CARTESIAN_POINT('',(43.531743545752,20.82029187458,
    102.15473485068));
#4945 = CARTESIAN_POINT('',(43.740736628114,20.555279042023,
    102.02547945585));
#4946 = CARTESIAN_POINT('',(44.151587805986,19.977184605672,
    101.74352395998));
#4947 = CARTESIAN_POINT('',(44.34991050915,19.662069802555,
    101.58983220136));
#4948 = CARTESIAN_POINT('',(44.529789461536,19.337873644163,
    101.43171116982));
#4949 = CARTESIAN_POINT('',(44.691132980271,19.005914958327,
    101.26980410068));
#4950 = CARTESIAN_POINT('',(44.833966438874,18.667424995861,
    101.10471151509));
#4951 = CARTESIAN_POINT('',(45.175316484941,17.723934481784,
    100.64454044437));
#4952 = CARTESIAN_POINT('',(45.33622908641,17.108024637297,
    100.34414114159));
#4953 = CARTESIAN_POINT('',(45.441754183465,16.481579440184,
    100.03860340401));
#4954 = CARTESIAN_POINT('',(45.492897684191,15.849840706189,
    99.730483835986));
#4955 = CARTESIAN_POINT('',(45.490919864378,15.21750029021,
    99.422070808046));
#4956 = CARTESIAN_POINT('',(45.436963599273,14.588674623718,
    99.115372037971));
#4957 = PCURVE('',#4206,#4958);
#4958 = DEFINITIONAL_REPRESENTATION('',(#4959),#4992);
#4959 = B_SPLINE_CURVE_WITH_KNOTS('',6,(#4960,#4961,#4962,#4963,#4964,
    #4965,#4966,#4967,#4968,#4969,#4970,#4971,#4972,#4973,#4974,#4975,
    #4976,#4977,#4978,#4979,#4980,#4981,#4982,#4983,#4984,#4985,#4986,
    #4987,#4988,#4989,#4990,#4991),.UNSPECIFIED.,.F.,.F.,(7,5,5,5,5,5,7)
  ,(0.,0.128293152182,0.308611767536,0.393839032537,0.543266844002,
    0.709743649434,1.),.UNSPECIFIED.);
#4960 = CARTESIAN_POINT('',(237.37828380181,226.28741297743));
#4961 = CARTESIAN_POINT('',(237.68806208818,226.28741297743));
#4962 = CARTESIAN_POINT('',(237.99784012997,226.27229528126));
#4963 = CARTESIAN_POINT('',(238.30667457548,226.24189307128));
#4964 = CARTESIAN_POINT('',(238.61361551245,226.19616416486));
#4965 = CARTESIAN_POINT('',(238.917708968,226.13520256473));
#4966 = CARTESIAN_POINT('',(239.640063685,225.95249715953));
#4967 = CARTESIAN_POINT('',(240.05468408618,225.81611301632));
#4968 = CARTESIAN_POINT('',(240.45914875715,225.65076993595));
#4969 = CARTESIAN_POINT('',(240.85109420805,225.45767073612));
#4970 = CARTESIAN_POINT('',(241.22844269626,225.23839243158));
#4971 = CARTESIAN_POINT('',(241.76001368736,224.87979435178));
#4972 = CARTESIAN_POINT('',(241.92697342548,224.75928148052));
#4973 = CARTESIAN_POINT('',(242.09010438701,224.63354643424));
#4974 = CARTESIAN_POINT('',(242.24924844453,224.50279748434));
#4975 = CARTESIAN_POINT('',(242.40426735217,224.36725013615));
#4976 = CARTESIAN_POINT('',(242.81938924064,223.9814435909));
#4977 = CARTESIAN_POINT('',(243.07068796717,223.72168677627));
#4978 = CARTESIAN_POINT('',(243.30829168523,223.44903831749));
#4979 = CARTESIAN_POINT('',(243.53174354575,223.16469714091));
#4980 = CARTESIAN_POINT('',(243.74073662811,222.86984334916));
#4981 = CARTESIAN_POINT('',(244.15158780598,222.2266543575));
#4982 = CARTESIAN_POINT('',(244.34991050915,221.87605701608));
#4983 = CARTESIAN_POINT('',(244.52978946153,221.51535574115));
#4984 = CARTESIAN_POINT('',(244.69113298027,221.14601786314));
#4985 = CARTESIAN_POINT('',(244.83396643887,220.76941327407));
#4986 = CARTESIAN_POINT('',(245.17531648494,219.71968389728));
#4987 = CARTESIAN_POINT('',(245.33622908641,219.03442140915));
#4988 = CARTESIAN_POINT('',(245.44175418346,218.33743726724));
#4989 = CARTESIAN_POINT('',(245.49289768419,217.63456352592));
#4990 = CARTESIAN_POINT('',(245.49091986437,216.93102035207));
#4991 = CARTESIAN_POINT('',(245.43696359927,216.2313876953));
#4992 = ( GEOMETRIC_REPRESENTATION_CONTEXT(2) 
PARAMETRIC_REPRESENTATION_CONTEXT() REPRESENTATION_CONTEXT('2D SPACE',''
  ) );
#4993 = PCURVE('',#4410,#4994);
#4994 = DEFINITIONAL_REPRESENTATION('',(#4995),#5028);
#4995 = B_SPLINE_CURVE_WITH_KNOTS('',6,(#4996,#4997,#4998,#4999,#5000,
    #5001,#5002,#5003,#5004,#5005,#5006,#5007,#5008,#5009,#5010,#5011,
    #5012,#5013,#5014,#5015,#5016,#5017,#5018,#5019,#5020,#5021,#5022,
    #5023,#5024,#5025,#5026,#5027),.UNSPECIFIED.,.F.,.F.,(7,5,5,5,5,5,7)
  ,(0.,0.128293152182,0.308611767536,0.393839032537,0.543266844002,
    0.709743649434,1.),.UNSPECIFIED.);
#4996 = CARTESIAN_POINT('',(4.712388980385,0.958552253454));
#4997 = CARTESIAN_POINT('',(4.677323216614,0.958552253454));
#4998 = CARTESIAN_POINT('',(4.642153279246,0.958490890845));
#4999 = CARTESIAN_POINT('',(4.606902862906,0.958367488515));
#5000 = CARTESIAN_POINT('',(4.57159467722,0.958181875245));
#5001 = CARTESIAN_POINT('',(4.536253049727,0.957934432591));
#5002 = CARTESIAN_POINT('',(4.451226280052,0.957192832795));
#5003 = CARTESIAN_POINT('',(4.401528304503,0.956639250635));
#5004 = CARTESIAN_POINT('',(4.351898397758,0.955968124378));
#5005 = CARTESIAN_POINT('',(4.302399209605,0.955184336252));
#5006 = CARTESIAN_POINT('',(4.253087885315,0.954294287346));
#5007 = CARTESIAN_POINT('',(4.180837214303,0.952838740573));
#5008 = CARTESIAN_POINT('',(4.157702415302,0.95234957978));
#5009 = CARTESIAN_POINT('',(4.134626982621,0.951839222221));
#5010 = CARTESIAN_POINT('',(4.111615183391,0.951308513266));
#5011 = CARTESIAN_POINT('',(4.08867055908,0.950758327651));
#5012 = CARTESIAN_POINT('',(4.025690784024,0.949192341931));
#5013 = CARTESIAN_POINT('',(3.985801081058,0.948137991073));
#5014 = CARTESIAN_POINT('',(3.946142733996,0.947031313133));
#5015 = CARTESIAN_POINT('',(3.906723526723,0.945877174543));
#5016 = CARTESIAN_POINT('',(3.867545326424,0.944680365332));
#5017 = CARTESIAN_POINT('',(3.785224024208,0.942069666296));
#5018 = CARTESIAN_POINT('',(3.742138712661,0.940646594457));
#5019 = CARTESIAN_POINT('',(3.699344185595,0.939182510832));
#5020 = CARTESIAN_POINT('',(3.656829088698,0.937683371303));
#5021 = CARTESIAN_POINT('',(3.614576939403,0.936154736251));
#5022 = CARTESIAN_POINT('',(3.499320023643,0.931893893003));
#5023 = CARTESIAN_POINT('',(3.4268226637,0.929112417978));
#5024 = CARTESIAN_POINT('',(3.354936637868,0.926283364852));
#5025 = CARTESIAN_POINT('',(3.283533059774,0.923430405889));
#5026 = CARTESIAN_POINT('',(3.212476164493,0.920574729704));
#5027 = CARTESIAN_POINT('',(3.14159265359,0.917734926278));
#5028 = ( GEOMETRIC_REPRESENTATION_CONTEXT(2) 
PARAMETRIC_REPRESENTATION_CONTEXT() REPRESENTATION_CONTEXT('2D SPACE',''
  ) );
#5029 = ORIENTED_EDGE('',*,*,#5030,.F.);
#5030 = EDGE_CURVE('',#4491,#4921,#5031,.T.);
#5031 = SURFACE_CURVE('',#5032,(#5035,#5041),.PCURVE_S1.);
#5032 = B_SPLINE_CURVE_WITH_KNOTS('',1,(#5033,#5034),.UNSPECIFIED.,.F.,
  .F.,(2,2),(0.,1.),.PIECEWISE_BEZIER_KNOTS.);
#5033 = CARTESIAN_POINT('',(-37.37828380211,23.626970281271,
    103.52364337525));
#5034 = CARTESIAN_POINT('',(37.378283802118,23.626970281271,
    103.52364337525));
#5035 = PCURVE('',#4206,#5036);
#5036 = DEFINITIONAL_REPRESENTATION('',(#5037),#5040);
#5037 = B_SPLINE_CURVE_WITH_KNOTS('',1,(#5038,#5039),.UNSPECIFIED.,.F.,
  .F.,(2,2),(0.,1.),.PIECEWISE_BEZIER_KNOTS.);
#5038 = CARTESIAN_POINT('',(162.62171619788,226.28741298249));
#5039 = CARTESIAN_POINT('',(237.37828380211,226.28741298249));
#5040 = ( GEOMETRIC_REPRESENTATION_CONTEXT(2) 
PARAMETRIC_REPRESENTATION_CONTEXT() REPRESENTATION_CONTEXT('2D SPACE',''
  ) );
#5041 = PCURVE('',#4452,#5042);
#5042 = DEFINITIONAL_REPRESENTATION('',(#5043),#5046);
#5043 = B_SPLINE_CURVE_WITH_KNOTS('',1,(#5044,#5045),.UNSPECIFIED.,.F.,
  .F.,(2,2),(0.,1.),.PIECEWISE_BEZIER_KNOTS.);
#5044 = CARTESIAN_POINT('',(38.,0.958552253475));
#5045 = CARTESIAN_POINT('',(-38.,0.958552253475));
#5046 = ( GEOMETRIC_REPRESENTATION_CONTEXT(2) 
PARAMETRIC_REPRESENTATION_CONTEXT() REPRESENTATION_CONTEXT('2D SPACE',''
  ) );
#5047 = ORIENTED_EDGE('',*,*,#4490,.F.);
#5048 = FACE_BOUND('',#5049,.T.);
#5049 = EDGE_LOOP('',(#5050,#5181,#5242,#5371,#5396,#5525,#5586,#5715));
#5050 = ORIENTED_EDGE('',*,*,#5051,.T.);
#5051 = EDGE_CURVE('',#5052,#5054,#5056,.T.);
#5052 = VERTEX_POINT('',#5053);
#5053 = CARTESIAN_POINT('',(-34.24342515642,-20.44605509385,
    82.027792623115));
#5054 = VERTEX_POINT('',#5055);
#5055 = CARTESIAN_POINT('',(-41.50525334703,-13.89611930185,
    85.222409761888));
#5056 = SURFACE_CURVE('',#5057,(#5090,#5126),.PCURVE_S1.);
#5057 = B_SPLINE_CURVE_WITH_KNOTS('',7,(#5058,#5059,#5060,#5061,#5062,
    #5063,#5064,#5065,#5066,#5067,#5068,#5069,#5070,#5071,#5072,#5073,
    #5074,#5075,#5076,#5077,#5078,#5079,#5080,#5081,#5082,#5083,#5084,
    #5085,#5086,#5087,#5088,#5089),.UNSPECIFIED.,.F.,.F.,(8,6,6,6,6,8),(
    0.,0.29148995786,0.449008033135,0.555185293411,0.807603231374,1.),
  .UNSPECIFIED.);
#5058 = CARTESIAN_POINT('',(-34.24342515642,-20.44605509385,
    82.027792623115));
#5059 = CARTESIAN_POINT('',(-34.71254100751,-20.44605509385,
    82.027792623115));
#5060 = CARTESIAN_POINT('',(-35.1817328124,-20.40922534667,
    82.045755691041));
#5061 = CARTESIAN_POINT('',(-35.64660410914,-20.33625287661,
    82.081346742757));
#5062 = CARTESIAN_POINT('',(-36.10330380612,-20.22858036219,
    82.133862136936));
#5063 = CARTESIAN_POINT('',(-36.54844620737,-20.08804309891,
    82.202406740145));
#5064 = CARTESIAN_POINT('',(-36.97908375457,-19.916769509,
    82.285942451503));
#5065 = CARTESIAN_POINT('',(-37.61618470564,-19.60914573243,
    82.435980592353));
#5066 = CARTESIAN_POINT('',(-37.83474198031,-19.49291013686,
    82.492672480264));
#5067 = CARTESIAN_POINT('',(-38.04797279578,-19.36870691051,
    82.55325044136));
#5068 = CARTESIAN_POINT('',(-38.25553407235,-19.23689300969,
    82.617540376415));
#5069 = CARTESIAN_POINT('',(-38.45711643571,-19.09782859227,
    82.685366624705));
#5070 = CARTESIAN_POINT('',(-38.65244087663,-18.9518726569,
    82.756554090877));
#5071 = CARTESIAN_POINT('',(-38.96852848609,-18.69658798739,
    82.881064743556));
#5072 = CARTESIAN_POINT('',(-39.09284343182,-18.59082690567,
    82.932647869717));
#5073 = CARTESIAN_POINT('',(-39.21412316815,-18.48220373686,
    82.985626929017));
#5074 = CARTESIAN_POINT('',(-39.33229548013,-18.37082629612,
    83.039949336499));
#5075 = CARTESIAN_POINT('',(-39.44729266507,-18.25680161482,
    83.095562889466));
#5076 = CARTESIAN_POINT('',(-39.55905118016,-18.14023564142,
    83.152415913412));
#5077 = CARTESIAN_POINT('',(-39.92535630549,-17.7383247576,
    83.348440949151));
#5078 = CARTESIAN_POINT('',(-40.16454450614,-17.44166172785,
    83.493133176581));
#5079 = CARTESIAN_POINT('',(-40.38429793943,-17.13262914035,
    83.643858440435));
#5080 = CARTESIAN_POINT('',(-40.58391438166,-16.812601097,
    83.799946546434));
#5081 = CARTESIAN_POINT('',(-40.76276477292,-16.48293963837,83.960733183
    ));
#5082 = CARTESIAN_POINT('',(-40.92028245249,-16.14499001549,
    84.125562227372));
#5083 = CARTESIAN_POINT('',(-41.15934762571,-15.53717046605,
    84.422015629603));
#5084 = CARTESIAN_POINT('',(-41.25004854384,-15.27023306289,
    84.552209700231));
#5085 = CARTESIAN_POINT('',(-41.3278147839,-14.99984997665,
    84.684084342788));
#5086 = CARTESIAN_POINT('',(-41.39242324012,-14.72662395922,
    84.817345575529));
#5087 = CARTESIAN_POINT('',(-41.44366208562,-14.45117107263,
    84.951692924935));
#5088 = CARTESIAN_POINT('',(-41.48133299166,-14.17412132421,
    85.086819115895));
#5089 = CARTESIAN_POINT('',(-41.50525334703,-13.89611930185,
    85.222409761888));
#5090 = PCURVE('',#4206,#5091);
#5091 = DEFINITIONAL_REPRESENTATION('',(#5092),#5125);
#5092 = B_SPLINE_CURVE_WITH_KNOTS('',7,(#5093,#5094,#5095,#5096,#5097,
    #5098,#5099,#5100,#5101,#5102,#5103,#5104,#5105,#5106,#5107,#5108,
    #5109,#5110,#5111,#5112,#5113,#5114,#5115,#5116,#5117,#5118,#5119,
    #5120,#5121,#5122,#5123,#5124),.UNSPECIFIED.,.F.,.F.,(8,6,6,6,6,8),(
    0.,0.29148995786,0.449008033135,0.555185293411,0.807603231374,1.),
  .UNSPECIFIED.);
#5093 = CARTESIAN_POINT('',(165.75657484357,177.25167942751));
#5094 = CARTESIAN_POINT('',(165.28745899248,177.25167942751));
#5095 = CARTESIAN_POINT('',(164.81826718759,177.29265627569));
#5096 = CARTESIAN_POINT('',(164.35339589085,177.37384558748));
#5097 = CARTESIAN_POINT('',(163.89669619387,177.49364223596));
#5098 = CARTESIAN_POINT('',(163.45155379262,177.6500042678));
#5099 = CARTESIAN_POINT('',(163.02091624542,177.84056359628));
#5100 = CARTESIAN_POINT('',(162.38381529435,178.18282640703));
#5101 = CARTESIAN_POINT('',(162.16525801968,178.31215035621));
#5102 = CARTESIAN_POINT('',(161.95202720421,178.45033910686));
#5103 = CARTESIAN_POINT('',(161.74446592764,178.59699550869));
#5104 = CARTESIAN_POINT('',(161.54288356428,178.75171884937));
#5105 = CARTESIAN_POINT('',(161.34755912337,178.91410970628));
#5106 = CARTESIAN_POINT('',(161.03147151391,179.19813992495));
#5107 = CARTESIAN_POINT('',(160.90715656817,179.31580990971));
#5108 = CARTESIAN_POINT('',(160.78587683185,179.4366642581));
#5109 = CARTESIAN_POINT('',(160.66770451986,179.5605830148));
#5110 = CARTESIAN_POINT('',(160.55270733492,179.68744709647));
#5111 = CARTESIAN_POINT('',(160.44094881984,179.81713862467));
#5112 = CARTESIAN_POINT('',(160.07464369451,180.2643054539));
#5113 = CARTESIAN_POINT('',(159.83545549385,180.59437331647));
#5114 = CARTESIAN_POINT('',(159.61570206056,180.93820357299));
#5115 = CARTESIAN_POINT('',(159.41608561833,181.29426739504));
#5116 = CARTESIAN_POINT('',(159.23723522708,181.6610493736));
#5117 = CARTESIAN_POINT('',(159.0797175475,182.0370527798));
#5118 = CARTESIAN_POINT('',(158.84065237428,182.71331398997));
#5119 = CARTESIAN_POINT('',(158.74995145615,183.01030906271));
#5120 = CARTESIAN_POINT('',(158.67218521609,183.31113780914));
#5121 = CARTESIAN_POINT('',(158.60757675987,183.61512960631));
#5122 = CARTESIAN_POINT('',(158.55633791437,183.92159902244));
#5123 = CARTESIAN_POINT('',(158.51866700833,184.22984511014));
#5124 = CARTESIAN_POINT('',(158.49474665296,184.53915069968));
#5125 = ( GEOMETRIC_REPRESENTATION_CONTEXT(2) 
PARAMETRIC_REPRESENTATION_CONTEXT() REPRESENTATION_CONTEXT('2D SPACE',''
  ) );
#5126 = PCURVE('',#5127,#5146);
#5127 = B_SPLINE_SURFACE_WITH_KNOTS('',8,1,(
    (#5128,#5129)
    ,(#5130,#5131)
    ,(#5132,#5133)
    ,(#5134,#5135)
    ,(#5136,#5137)
    ,(#5138,#5139)
    ,(#5140,#5141)
    ,(#5142,#5143)
    ,(#5144,#5145
    )),.UNSPECIFIED.,.F.,.F.,.F.,(9,9),(2,2),(3.14159265359,
    4.712388980385),(0.,1.),.PIECEWISE_BEZIER_KNOTS.);
#5128 = CARTESIAN_POINT('',(-26.7,-10.,1.3));
#5129 = CARTESIAN_POINT('',(-45.7,-15.,109.));
#5130 = CARTESIAN_POINT('',(-26.7,-10.72649330114,1.3));
#5131 = CARTESIAN_POINT('',(-45.7,-16.51189146454,109.));
#5132 = CARTESIAN_POINT('',(-26.53697508084,-11.45298683096,1.3));
#5133 = CARTESIAN_POINT('',(-45.36073192499,-18.02378340498,109.));
#5134 = CARTESIAN_POINT('',(-26.21092684372,-12.13679896703,1.3));
#5135 = CARTESIAN_POINT('',(-44.68219910721,-19.44685190438,109.));
#5136 = CARTESIAN_POINT('',(-25.73525739638,-12.73525739638,1.3));
#5137 = CARTESIAN_POINT('',(-43.6922924195,-20.6922924195,
    108.99999999999));
#5138 = CARTESIAN_POINT('',(-25.13679896703,-13.21092684372,1.3));
#5139 = CARTESIAN_POINT('',(-42.44685190438,-21.68219910721,109.));
#5140 = CARTESIAN_POINT('',(-24.45298683096,-13.53697508084,1.3));
#5141 = CARTESIAN_POINT('',(-41.02378340498,-22.36073192499,109.));
#5142 = CARTESIAN_POINT('',(-23.72649330114,-13.7,1.3));
#5143 = CARTESIAN_POINT('',(-39.51189146454,-22.7,109.));
#5144 = CARTESIAN_POINT('',(-23.,-13.7,1.3));
#5145 = CARTESIAN_POINT('',(-38.,-22.7,109.));
#5146 = DEFINITIONAL_REPRESENTATION('',(#5147),#5180);
#5147 = B_SPLINE_CURVE_WITH_KNOTS('',7,(#5148,#5149,#5150,#5151,#5152,
    #5153,#5154,#5155,#5156,#5157,#5158,#5159,#5160,#5161,#5162,#5163,
    #5164,#5165,#5166,#5167,#5168,#5169,#5170,#5171,#5172,#5173,#5174,
    #5175,#5176,#5177,#5178,#5179),.UNSPECIFIED.,.F.,.F.,(8,6,6,6,6,8),(
    0.,0.29148995786,0.449008033135,0.555185293411,0.807603231374,1.),
  .UNSPECIFIED.);
#5148 = CARTESIAN_POINT('',(4.712388980385,0.749561677095));
#5149 = CARTESIAN_POINT('',(4.642353361883,0.749561677095));
#5150 = CARTESIAN_POINT('',(4.572679936607,0.749728465098));
#5151 = CARTESIAN_POINT('',(4.503486120588,0.750058929831));
#5152 = CARTESIAN_POINT('',(4.43482583953,0.750546537947));
#5153 = CARTESIAN_POINT('',(4.366731830546,0.751182978089));
#5154 = CARTESIAN_POINT('',(4.299220854913,0.751958611435));
#5155 = CARTESIAN_POINT('',(4.196137295854,0.753351723234));
#5156 = CARTESIAN_POINT('',(4.160141828945,0.753878110309));
#5157 = CARTESIAN_POINT('',(4.124311577673,0.754440579771));
#5158 = CARTESIAN_POINT('',(4.088642626158,0.755037515101));
#5159 = CARTESIAN_POINT('',(4.053129652774,0.75566728528));
#5160 = CARTESIAN_POINT('',(4.01776601968,0.756328264539));
#5161 = CARTESIAN_POINT('',(3.958801874919,0.757484352308));
#5162 = CARTESIAN_POINT('',(3.93512421508,0.757963304268));
#5163 = CARTESIAN_POINT('',(3.911508442292,0.75845521754));
#5164 = CARTESIAN_POINT('',(3.88795197955,0.758959603867));
#5165 = CARTESIAN_POINT('',(3.864452097716,0.759475978547));
#5166 = CARTESIAN_POINT('',(3.841005899843,0.760003861777));
#5167 = CARTESIAN_POINT('',(3.761991355927,0.761823964245));
#5168 = CARTESIAN_POINT('',(3.70666167698,0.763167438965));
#5169 = CARTESIAN_POINT('',(3.651575400902,0.764566930738));
#5170 = CARTESIAN_POINT('',(3.596688444927,0.766016216773));
#5171 = CARTESIAN_POINT('',(3.541956567683,0.767509128904));
#5172 = CARTESIAN_POINT('',(3.487332952676,0.769039574999));
#5173 = CARTESIAN_POINT('',(3.391173043351,0.771792159978));
#5174 = CARTESIAN_POINT('',(3.349615268243,0.773001018572));
#5175 = CARTESIAN_POINT('',(3.308069637354,0.774225481363));
#5176 = CARTESIAN_POINT('',(3.266515079534,0.775462818714));
#5177 = CARTESIAN_POINT('',(3.224931153671,0.776710240714));
#5178 = CARTESIAN_POINT('',(3.183297393697,0.777964894298));
#5179 = CARTESIAN_POINT('',(3.14159265359,0.77922386037));
#5180 = ( GEOMETRIC_REPRESENTATION_CONTEXT(2) 
PARAMETRIC_REPRESENTATION_CONTEXT() REPRESENTATION_CONTEXT('2D SPACE',''
  ) );
#5181 = ORIENTED_EDGE('',*,*,#5182,.T.);
#5182 = EDGE_CURVE('',#5054,#5183,#5185,.T.);
#5183 = VERTEX_POINT('',#5184);
#5184 = CARTESIAN_POINT('',(-43.95200574671,14.540001511128,
    99.091632574774));
#5185 = SURFACE_CURVE('',#5186,(#5201,#5219),.PCURVE_S1.);
#5186 = B_SPLINE_CURVE_WITH_KNOTS('',4,(#5187,#5188,#5189,#5190,#5191,
    #5192,#5193,#5194,#5195,#5196,#5197,#5198,#5199,#5200),
  .UNSPECIFIED.,.F.,.F.,(5,3,3,3,5),(0.,0.245582569191,0.494022230813,
    0.7454491001,1.),.UNSPECIFIED.);
#5187 = CARTESIAN_POINT('',(-41.50525334703,-13.89611930185,
    85.222409761888));
#5188 = CARTESIAN_POINT('',(-41.652233429,-12.18791892633,86.05555475283
    ));
#5189 = CARTESIAN_POINT('',(-41.79975306725,-10.47344783554,
    86.891758175959));
#5190 = CARTESIAN_POINT('',(-41.94780912656,-8.752742466935,
    87.731002259552));
#5191 = CARTESIAN_POINT('',(-42.24671604227,-5.278850638693,
    89.425332513338));
#5192 = CARTESIAN_POINT('',(-42.39757937454,-3.525519184681,
    90.280489402017));
#5193 = CARTESIAN_POINT('',(-42.54898476329,-1.765887958089,
    91.138718895084));
#5194 = CARTESIAN_POINT('',(-42.85469919757,1.787120752072,
    92.871637030488));
#5195 = CARTESIAN_POINT('',(-43.00902126771,3.58064960732,
    93.746399501726));
#5196 = CARTESIAN_POINT('',(-43.16389087473,5.380541928266,
    94.624265642561));
#5197 = CARTESIAN_POINT('',(-43.47664807734,9.01540158951,
    96.397105154212));
#5198 = CARTESIAN_POINT('',(-43.63454926308,10.85052687432,
    97.292155559716));
#5199 = CARTESIAN_POINT('',(-43.79300329773,12.692077361023,
    98.19033974557));
#5200 = CARTESIAN_POINT('',(-43.95200574671,14.540001511128,
    99.091632574774));
#5201 = PCURVE('',#4206,#5202);
#5202 = DEFINITIONAL_REPRESENTATION('',(#5203),#5218);
#5203 = B_SPLINE_CURVE_WITH_KNOTS('',4,(#5204,#5205,#5206,#5207,#5208,
    #5209,#5210,#5211,#5212,#5213,#5214,#5215,#5216,#5217),
  .UNSPECIFIED.,.F.,.F.,(5,3,3,3,5),(0.,0.245582569191,0.494022230813,
    0.7454491001,1.),.UNSPECIFIED.);
#5204 = CARTESIAN_POINT('',(158.49474665296,184.53915069968));
#5205 = CARTESIAN_POINT('',(158.34776657099,186.43969775221));
#5206 = CARTESIAN_POINT('',(158.20024693274,188.3472216147));
#5207 = CARTESIAN_POINT('',(158.05219087343,190.2616817468));
#5208 = CARTESIAN_POINT('',(157.75328395772,194.12674053591));
#5209 = CARTESIAN_POINT('',(157.60242062545,196.07750051394));
#5210 = CARTESIAN_POINT('',(157.4510152367,198.03526963116));
#5211 = CARTESIAN_POINT('',(157.14530080242,201.98835401661));
#5212 = CARTESIAN_POINT('',(156.99097873228,203.98383770126));
#5213 = CARTESIAN_POINT('',(156.83610912526,205.98640139019));
#5214 = CARTESIAN_POINT('',(156.52335192265,210.03055330265));
#5215 = CARTESIAN_POINT('',(156.36545073691,212.07231725554));
#5216 = CARTESIAN_POINT('',(156.20699670226,214.12122990053));
#5217 = CARTESIAN_POINT('',(156.04799425329,216.17723389579));
#5218 = ( GEOMETRIC_REPRESENTATION_CONTEXT(2) 
PARAMETRIC_REPRESENTATION_CONTEXT() REPRESENTATION_CONTEXT('2D SPACE',''
  ) );
#5219 = PCURVE('',#5220,#5225);
#5220 = B_SPLINE_SURFACE_WITH_KNOTS('',1,1,(
    (#5221,#5222)
    ,(#5223,#5224
    )),.UNSPECIFIED.,.F.,.F.,.F.,(2,2),(2,2),(-14.99999999882,15.),(0.,
    1.),.PIECEWISE_BEZIER_KNOTS.);
#5221 = CARTESIAN_POINT('',(-26.7,9.999999998924,1.3));
#5222 = CARTESIAN_POINT('',(-45.7,14.999999998827,109.));
#5223 = CARTESIAN_POINT('',(-26.7,-10.,1.3));
#5224 = CARTESIAN_POINT('',(-45.7,-15.,109.));
#5225 = DEFINITIONAL_REPRESENTATION('',(#5226),#5241);
#5226 = B_SPLINE_CURVE_WITH_KNOTS('',4,(#5227,#5228,#5229,#5230,#5231,
    #5232,#5233,#5234,#5235,#5236,#5237,#5238,#5239,#5240),
  .UNSPECIFIED.,.F.,.F.,(5,3,3,3,5),(0.,0.245582569191,0.494022230813,
    0.7454491001,1.),.UNSPECIFIED.);
#5227 = CARTESIAN_POINT('',(15.,0.77922386037));
#5228 = CARTESIAN_POINT('',(13.114351956991,0.786959654158));
#5229 = CARTESIAN_POINT('',(11.235778016667,0.794723845645));
#5230 = CARTESIAN_POINT('',(9.364315860921,0.802516269819));
#5231 = CARTESIAN_POINT('',(5.61399481573,0.818248212752));
#5232 = CARTESIAN_POINT('',(3.735303167294,0.826188388134));
#5233 = CARTESIAN_POINT('',(1.86396079475,0.834157092805));
#5234 = CARTESIAN_POINT('',(-1.886372803085,0.850247326188));
#5235 = CARTESIAN_POINT('',(-3.765185455708,0.858369540406));
#5236 = CARTESIAN_POINT('',(-5.636404452678,0.866520572354));
#5237 = CARTESIAN_POINT('',(-9.386751067152,0.882981477755));
#5238 = CARTESIAN_POINT('',(-11.26568806611,0.891292066478));
#5239 = CARTESIAN_POINT('',(-13.13678004092,0.899631752512));
#5240 = CARTESIAN_POINT('',(-14.99999999882,0.908000302458));
#5241 = ( GEOMETRIC_REPRESENTATION_CONTEXT(2) 
PARAMETRIC_REPRESENTATION_CONTEXT() REPRESENTATION_CONTEXT('2D SPACE',''
  ) );
#5242 = ORIENTED_EDGE('',*,*,#5243,.T.);
#5243 = EDGE_CURVE('',#5183,#5244,#5246,.T.);
#5244 = VERTEX_POINT('',#5245);
#5245 = CARTESIAN_POINT('',(-37.13922462962,22.183534777775,
    102.8196328407));
#5246 = SURFACE_CURVE('',#5247,(#5280,#5316),.PCURVE_S1.);
#5247 = B_SPLINE_CURVE_WITH_KNOTS('',6,(#5248,#5249,#5250,#5251,#5252,
    #5253,#5254,#5255,#5256,#5257,#5258,#5259,#5260,#5261,#5262,#5263,
    #5264,#5265,#5266,#5267,#5268,#5269,#5270,#5271,#5272,#5273,#5274,
    #5275,#5276,#5277,#5278,#5279),.UNSPECIFIED.,.F.,.F.,(7,5,5,5,5,5,7)
  ,(0.,0.289814286153,0.456286354822,0.605727814243,0.690969701044,
    0.871328577353,1.),.UNSPECIFIED.);
#5248 = CARTESIAN_POINT('',(-43.95200574671,14.540001511128,
    99.091632574774));
#5249 = CARTESIAN_POINT('',(-43.99770190439,15.071081591331,
    99.350657637027));
#5250 = CARTESIAN_POINT('',(-43.99955908099,15.605129709778,
    99.611130308256));
#5251 = CARTESIAN_POINT('',(-43.95661295219,16.138672816743,
    99.871356668928));
#5252 = CARTESIAN_POINT('',(-43.86780341909,16.667755736514,
    100.12940765095));
#5253 = CARTESIAN_POINT('',(-43.73228499782,17.187961393182,
    100.38312890246));
#5254 = CARTESIAN_POINT('',(-43.44455636648,17.985333832155,
    100.77203342617));
#5255 = CARTESIAN_POINT('',(-43.32400800804,18.271678929786,
    100.91169326186));
#5256 = CARTESIAN_POINT('',(-43.18780519047,18.552503966203,
    101.04866078381));
#5257 = CARTESIAN_POINT('',(-43.03592706733,18.826767763717,
    101.18242817572));
#5258 = CARTESIAN_POINT('',(-42.86845174779,19.093355405146,
    101.31245165616));
#5259 = CARTESIAN_POINT('',(-42.5214445604,19.582466737729,
    101.55100719249));
#5260 = CARTESIAN_POINT('',(-42.34489936899,19.80670732275,
    101.66037663349));
#5261 = CARTESIAN_POINT('',(-42.15612461548,20.022959469681,
    101.76584985289));
#5262 = CARTESIAN_POINT('',(-41.95538005562,20.230326667088,
    101.86698959287));
#5263 = CARTESIAN_POINT('',(-41.74305199117,20.427898265586,
    101.96335170003));
#5264 = CARTESIAN_POINT('',(-41.39227656333,20.721369651395,
    102.1064872587));
#5265 = CARTESIAN_POINT('',(-41.26127578425,20.824485255183,
    102.15678009906));
#5266 = CARTESIAN_POINT('',(-41.12678504224,20.923954478336,
    102.20529448075));
#5267 = CARTESIAN_POINT('',(-40.98892115535,21.019613623785,
    102.25195056338));
#5268 = CARTESIAN_POINT('',(-40.84781771526,21.111304490657,
    102.29667118723));
#5269 = CARTESIAN_POINT('',(-40.39854107143,21.38416559946,
    102.42975444214));
#5270 = CARTESIAN_POINT('',(-40.07958882836,21.551042798793,
    102.51114589054));
#5271 = CARTESIAN_POINT('',(-39.74828090736,21.69802560781,
    102.58283419646));
#5272 = CARTESIAN_POINT('',(-39.40637229645,21.823915475262,
    102.64423478739));
#5273 = CARTESIAN_POINT('',(-39.05585944583,21.927797842625,
    102.69490160333));
#5274 = CARTESIAN_POINT('',(-38.44446522213,22.067205899505,
    102.76289545578));
#5275 = CARTESIAN_POINT('',(-38.18665481351,22.113796102914,
    102.78561901629));
#5276 = CARTESIAN_POINT('',(-37.92641487018,22.148745216529,
    102.80266483794));
#5277 = CARTESIAN_POINT('',(-37.66455797906,22.171980781003,
    102.81399757995));
#5278 = CARTESIAN_POINT('',(-37.40189336011,22.183534776558,
    102.81963284011));
#5279 = CARTESIAN_POINT('',(-37.13922462954,22.183534776558,
    102.81963284011));
#5280 = PCURVE('',#4206,#5281);
#5281 = DEFINITIONAL_REPRESENTATION('',(#5282),#5315);
#5282 = B_SPLINE_CURVE_WITH_KNOTS('',6,(#5283,#5284,#5285,#5286,#5287,
    #5288,#5289,#5290,#5291,#5292,#5293,#5294,#5295,#5296,#5297,#5298,
    #5299,#5300,#5301,#5302,#5303,#5304,#5305,#5306,#5307,#5308,#5309,
    #5310,#5311,#5312,#5313,#5314),.UNSPECIFIED.,.F.,.F.,(7,5,5,5,5,5,7)
  ,(0.,0.289814286153,0.456286354822,0.605727814243,0.690969701044,
    0.871328577353,1.),.UNSPECIFIED.);
#5283 = CARTESIAN_POINT('',(156.04799425329,216.17723389579));
#5284 = CARTESIAN_POINT('',(156.0022980956,216.76811462357));
#5285 = CARTESIAN_POINT('',(156.000440919,217.36229759646));
#5286 = CARTESIAN_POINT('',(156.04338704781,217.9559186926));
#5287 = CARTESIAN_POINT('',(156.1321965809,218.54457737581));
#5288 = CARTESIAN_POINT('',(156.26771500217,219.12335919886));
#5289 = CARTESIAN_POINT('',(156.55544363351,220.01051732174));
#5290 = CARTESIAN_POINT('',(156.67599199195,220.32910543301));
#5291 = CARTESIAN_POINT('',(156.81219480953,220.64155191347));
#5292 = CARTESIAN_POINT('',(156.96407293266,220.94669834678));
#5293 = CARTESIAN_POINT('',(157.1315482522,221.24330427394));
#5294 = CARTESIAN_POINT('',(157.47855543959,221.78749049168));
#5295 = CARTESIAN_POINT('',(157.655100631,222.03698100171));
#5296 = CARTESIAN_POINT('',(157.84387538451,222.27758356002));
#5297 = CARTESIAN_POINT('',(158.04461994437,222.50830070624));
#5298 = CARTESIAN_POINT('',(158.25694800882,222.72811925012));
#5299 = CARTESIAN_POINT('',(158.60772343666,223.05463608344));
#5300 = CARTESIAN_POINT('',(158.73872421574,223.16936270431));
#5301 = CARTESIAN_POINT('',(158.87321495775,223.28003235501));
#5302 = CARTESIAN_POINT('',(159.01107884464,223.38646290586));
#5303 = CARTESIAN_POINT('',(159.15218228473,223.48847834226));
#5304 = CARTESIAN_POINT('',(159.60145892856,223.7920641414));
#5305 = CARTESIAN_POINT('',(159.92041117163,223.9777320372));
#5306 = CARTESIAN_POINT('',(160.25171909263,224.14126539573));
#5307 = CARTESIAN_POINT('',(160.59362770354,224.28133070654));
#5308 = CARTESIAN_POINT('',(160.94414055416,224.39691043005));
#5309 = CARTESIAN_POINT('',(161.55553477786,224.55201610465));
#5310 = CARTESIAN_POINT('',(161.81334518648,224.60385245537));
#5311 = CARTESIAN_POINT('',(162.07358512981,224.642736907));
#5312 = CARTESIAN_POINT('',(162.33544202093,224.66858884112));
#5313 = CARTESIAN_POINT('',(162.59810663989,224.68144383899));
#5314 = CARTESIAN_POINT('',(162.86077537045,224.68144383899));
#5315 = ( GEOMETRIC_REPRESENTATION_CONTEXT(2) 
PARAMETRIC_REPRESENTATION_CONTEXT() REPRESENTATION_CONTEXT('2D SPACE',''
  ) );
#5316 = PCURVE('',#5317,#5336);
#5317 = B_SPLINE_SURFACE_WITH_KNOTS('',8,1,(
    (#5318,#5319)
    ,(#5320,#5321)
    ,(#5322,#5323)
    ,(#5324,#5325)
    ,(#5326,#5327)
    ,(#5328,#5329)
    ,(#5330,#5331)
    ,(#5332,#5333)
    ,(#5334,#5335
    )),.UNSPECIFIED.,.F.,.F.,.F.,(9,9),(2,2),(1.570796326795,
    3.14159265359),(0.,1.),.PIECEWISE_BEZIER_KNOTS.);
#5318 = CARTESIAN_POINT('',(-23.,13.699999998924,1.3));
#5319 = CARTESIAN_POINT('',(-38.,22.699999998827,109.));
#5320 = CARTESIAN_POINT('',(-23.72649330114,13.699999998924,1.3));
#5321 = CARTESIAN_POINT('',(-39.51189146453,22.699999998827,
    108.99999999999));
#5322 = CARTESIAN_POINT('',(-24.45298683096,13.536975079768,1.3));
#5323 = CARTESIAN_POINT('',(-41.02378340498,22.360731923826,109.));
#5324 = CARTESIAN_POINT('',(-25.13679896703,13.210926842648,1.3));
#5325 = CARTESIAN_POINT('',(-42.44685190437,21.682199106037,
    108.99999999999));
#5326 = CARTESIAN_POINT('',(-25.73525739638,12.73525739531,1.3));
#5327 = CARTESIAN_POINT('',(-43.69229241951,20.692292418333,109.));
#5328 = CARTESIAN_POINT('',(-26.21092684372,12.136798965964,1.3));
#5329 = CARTESIAN_POINT('',(-44.6821991072,19.446851903207,
    108.99999999999));
#5330 = CARTESIAN_POINT('',(-26.53697508084,11.45298682989,1.3));
#5331 = CARTESIAN_POINT('',(-45.360731925,18.02378340381,109.));
#5332 = CARTESIAN_POINT('',(-26.7,10.726493300067,1.3));
#5333 = CARTESIAN_POINT('',(-45.69999999999,16.511891463367,
    108.99999999999));
#5334 = CARTESIAN_POINT('',(-26.7,9.999999998924,1.3));
#5335 = CARTESIAN_POINT('',(-45.7,14.999999998827,109.));
#5336 = DEFINITIONAL_REPRESENTATION('',(#5337),#5370);
#5337 = B_SPLINE_CURVE_WITH_KNOTS('',6,(#5338,#5339,#5340,#5341,#5342,
    #5343,#5344,#5345,#5346,#5347,#5348,#5349,#5350,#5351,#5352,#5353,
    #5354,#5355,#5356,#5357,#5358,#5359,#5360,#5361,#5362,#5363,#5364,
    #5365,#5366,#5367,#5368,#5369),.UNSPECIFIED.,.F.,.F.,(7,5,5,5,5,5,7)
  ,(0.,0.289814286153,0.456286354822,0.605727814243,0.690969701044,
    0.871328577353,1.),.UNSPECIFIED.);
#5338 = CARTESIAN_POINT('',(3.14159265359,0.908000302458));
#5339 = CARTESIAN_POINT('',(3.070799597138,0.910405363389));
#5340 = CARTESIAN_POINT('',(2.99983377826,0.912823865443));
#5341 = CARTESIAN_POINT('',(2.928523276742,0.915240080491));
#5342 = CARTESIAN_POINT('',(2.856733258568,0.917636097038));
#5343 = CARTESIAN_POINT('',(2.78433575881,0.919991911815));
#5344 = CARTESIAN_POINT('',(2.669181300512,0.923602910178));
#5345 = CARTESIAN_POINT('',(2.626927500876,0.924899658885));
#5346 = CARTESIAN_POINT('',(2.584411749799,0.92617140932));
#5347 = CARTESIAN_POINT('',(2.541617630996,0.927413446386));
#5348 = CARTESIAN_POINT('',(2.49853384373,0.928620721041));
#5349 = CARTESIAN_POINT('',(2.416212979184,0.930835721379));
#5350 = CARTESIAN_POINT('',(2.377033405081,0.931851222224));
#5351 = CARTESIAN_POINT('',(2.33761371911,0.932830546452));
#5352 = CARTESIAN_POINT('',(2.297955791983,0.933769634103));
#5353 = CARTESIAN_POINT('',(2.258067387417,0.934664361189));
#5354 = CARTESIAN_POINT('',(2.195089112435,0.935993382161));
#5355 = CARTESIAN_POINT('',(2.172144121415,0.936460353752));
#5356 = CARTESIAN_POINT('',(2.149132201484,0.936910812263));
#5357 = CARTESIAN_POINT('',(2.126056881353,0.937344016373));
#5358 = CARTESIAN_POINT('',(2.102922411967,0.937759249649));
#5359 = CARTESIAN_POINT('',(2.030670841491,0.938994934467));
#5360 = CARTESIAN_POINT('',(1.981358994188,0.939750658222));
#5361 = CARTESIAN_POINT('',(1.931859905555,0.940416287804));
#5362 = CARTESIAN_POINT('',(1.882230500036,0.940986395426));
#5363 = CARTESIAN_POINT('',(1.832533194111,0.9414568394));
#5364 = CARTESIAN_POINT('',(1.747410898529,0.942088165792));
#5365 = CARTESIAN_POINT('',(1.711973226358,0.942299155212));
#5366 = CARTESIAN_POINT('',(1.67656905734,0.942457426536));
#5367 = CARTESIAN_POINT('',(1.641222819205,0.942562651624));
#5368 = CARTESIAN_POINT('',(1.605957312068,0.942614975303));
#5369 = CARTESIAN_POINT('',(1.570796326795,0.942614975303));
#5370 = ( GEOMETRIC_REPRESENTATION_CONTEXT(2) 
PARAMETRIC_REPRESENTATION_CONTEXT() REPRESENTATION_CONTEXT('2D SPACE',''
  ) );
#5371 = ORIENTED_EDGE('',*,*,#5372,.T.);
#5372 = EDGE_CURVE('',#5244,#5373,#5375,.T.);
#5373 = VERTEX_POINT('',#5374);
#5374 = CARTESIAN_POINT('',(37.139224629542,22.183534776558,
    102.81963284011));
#5375 = SURFACE_CURVE('',#5376,(#5379,#5385),.PCURVE_S1.);
#5376 = B_SPLINE_CURVE_WITH_KNOTS('',1,(#5377,#5378),.UNSPECIFIED.,.F.,
  .F.,(2,2),(0.,1.),.PIECEWISE_BEZIER_KNOTS.);
#5377 = CARTESIAN_POINT('',(-37.13922462962,22.183534777775,
    102.8196328407));
#5378 = CARTESIAN_POINT('',(37.139224629625,22.183534777775,
    102.8196328407));
#5379 = PCURVE('',#4206,#5380);
#5380 = DEFINITIONAL_REPRESENTATION('',(#5381),#5384);
#5381 = B_SPLINE_CURVE_WITH_KNOTS('',1,(#5382,#5383),.UNSPECIFIED.,.F.,
  .F.,(2,2),(0.,1.),.PIECEWISE_BEZIER_KNOTS.);
#5382 = CARTESIAN_POINT('',(162.86077537037,224.68144384035));
#5383 = CARTESIAN_POINT('',(237.13922462962,224.68144384035));
#5384 = ( GEOMETRIC_REPRESENTATION_CONTEXT(2) 
PARAMETRIC_REPRESENTATION_CONTEXT() REPRESENTATION_CONTEXT('2D SPACE',''
  ) );
#5385 = PCURVE('',#5386,#5391);
#5386 = B_SPLINE_SURFACE_WITH_KNOTS('',1,1,(
    (#5387,#5388)
    ,(#5389,#5390
    )),.UNSPECIFIED.,.F.,.F.,.F.,(2,2),(2,2),(-38.,38.),(0.,1.),
  .PIECEWISE_BEZIER_KNOTS.);
#5387 = CARTESIAN_POINT('',(23.,13.7,1.3));
#5388 = CARTESIAN_POINT('',(38.,22.7,109.));
#5389 = CARTESIAN_POINT('',(-23.,13.7,1.3));
#5390 = CARTESIAN_POINT('',(-38.,22.7,109.));
#5391 = DEFINITIONAL_REPRESENTATION('',(#5392),#5395);
#5392 = B_SPLINE_CURVE_WITH_KNOTS('',1,(#5393,#5394),.UNSPECIFIED.,.F.,
  .F.,(2,2),(0.,1.),.PIECEWISE_BEZIER_KNOTS.);
#5393 = CARTESIAN_POINT('',(38.,0.942614975308));
#5394 = CARTESIAN_POINT('',(-38.,0.942614975308));
#5395 = ( GEOMETRIC_REPRESENTATION_CONTEXT(2) 
PARAMETRIC_REPRESENTATION_CONTEXT() REPRESENTATION_CONTEXT('2D SPACE',''
  ) );
#5396 = ORIENTED_EDGE('',*,*,#5397,.T.);
#5397 = EDGE_CURVE('',#5373,#5398,#5400,.T.);
#5398 = VERTEX_POINT('',#5399);
#5399 = CARTESIAN_POINT('',(43.95200574671,14.540001511128,
    99.091632574774));
#5400 = SURFACE_CURVE('',#5401,(#5434,#5470),.PCURVE_S1.);
#5401 = B_SPLINE_CURVE_WITH_KNOTS('',6,(#5402,#5403,#5404,#5405,#5406,
    #5407,#5408,#5409,#5410,#5411,#5412,#5413,#5414,#5415,#5416,#5417,
    #5418,#5419,#5420,#5421,#5422,#5423,#5424,#5425,#5426,#5427,#5428,
    #5429,#5430,#5431,#5432,#5433),.UNSPECIFIED.,.F.,.F.,(7,5,5,5,5,5,7)
  ,(0.,0.128323734049,0.309640376169,0.394890576715,0.544350387366,
    0.709805651032,1.),.UNSPECIFIED.);
#5402 = CARTESIAN_POINT('',(37.139224629542,22.183534776558,
    102.81963284011));
#5403 = CARTESIAN_POINT('',(37.401183640988,22.183534776558,
    102.81963284011));
#5404 = CARTESIAN_POINT('',(37.663138483701,22.172043135993,
    102.81402799251));
#5405 = CARTESIAN_POINT('',(37.924292148115,22.148933316789,
    102.80275658057));
#5406 = CARTESIAN_POINT('',(38.183842001132,22.114173330162,
    102.78580300231));
#5407 = CARTESIAN_POINT('',(38.440981988551,22.067834489664,
    102.76320203968));
#5408 = CARTESIAN_POINT('',(39.053688336645,21.928523719302,
    102.69525563704));
#5409 = CARTESIAN_POINT('',(39.406108056593,21.824183601407,
    102.64436556125));
#5410 = CARTESIAN_POINT('',(39.749835560918,21.69759804945,
    102.58262566232));
#5411 = CARTESIAN_POINT('',(40.082842609664,21.549696557585,
    102.51048928484));
#5412 = CARTESIAN_POINT('',(40.403347509823,21.381698183057,
    102.42855100275));
#5413 = CARTESIAN_POINT('',(40.853912343245,21.107383863871,
    102.29475896977));
#5414 = CARTESIAN_POINT('',(40.994914270372,21.015540609099,
    102.24996402138));
#5415 = CARTESIAN_POINT('',(41.132672037944,20.919732801951,
    102.2032354316));
#5416 = CARTESIAN_POINT('',(41.267052382402,20.820118829011,
    102.15465045072));
#5417 = CARTESIAN_POINT('',(41.397938815492,20.716862528531,
    102.104288988));
#5418 = CARTESIAN_POINT('',(41.748395100346,20.423010481942,
    101.96096776866));
#5419 = CARTESIAN_POINT('',(41.960510274468,20.22520700495,
    101.8644925668));
#5420 = CARTESIAN_POINT('',(42.161031978258,20.017620729024,
    101.76324597509));
#5421 = CARTESIAN_POINT('',(42.349575487577,19.801162545615,
    101.65767226498));
#5422 = CARTESIAN_POINT('',(42.525882448206,19.576728939237,
    101.54820868118));
#5423 = CARTESIAN_POINT('',(42.871236330649,19.088843534187,
    101.31025106965));
#5424 = CARTESIAN_POINT('',(43.037486392145,18.823787555742,
    101.18097463117));
#5425 = CARTESIAN_POINT('',(43.188328795425,18.551158938181,
    101.04800476981));
#5426 = CARTESIAN_POINT('',(43.323687303098,18.272051855089,
    100.91187514969));
#5427 = CARTESIAN_POINT('',(43.443582175657,17.987488481127,
    100.77308431869));
#5428 = CARTESIAN_POINT('',(43.731395730989,17.191371562986,
    100.38479215341));
#5429 = CARTESIAN_POINT('',(43.86733722281,16.670530443217,
    100.13076096583));
#5430 = CARTESIAN_POINT('',(43.956443829085,16.140771258073,
    99.87238014715));
#5431 = CARTESIAN_POINT('',(43.99956386109,15.606529958383,
    99.611813255133));
#5432 = CARTESIAN_POINT('',(43.997761819034,15.071777918371,
    99.350997258417));
#5433 = CARTESIAN_POINT('',(43.95200574671,14.540001511128,
    99.091632574774));
#5434 = PCURVE('',#4206,#5435);
#5435 = DEFINITIONAL_REPRESENTATION('',(#5436),#5469);
#5436 = B_SPLINE_CURVE_WITH_KNOTS('',6,(#5437,#5438,#5439,#5440,#5441,
    #5442,#5443,#5444,#5445,#5446,#5447,#5448,#5449,#5450,#5451,#5452,
    #5453,#5454,#5455,#5456,#5457,#5458,#5459,#5460,#5461,#5462,#5463,
    #5464,#5465,#5466,#5467,#5468),.UNSPECIFIED.,.F.,.F.,(7,5,5,5,5,5,7)
  ,(0.,0.128323734049,0.309640376169,0.394890576715,0.544350387366,
    0.709805651032,1.),.UNSPECIFIED.);
#5437 = CARTESIAN_POINT('',(237.13922462954,224.68144383899));
#5438 = CARTESIAN_POINT('',(237.40118364098,224.68144383899));
#5439 = CARTESIAN_POINT('',(237.6631384837,224.6686582174));
#5440 = CARTESIAN_POINT('',(237.92429214811,224.64294618771));
#5441 = CARTESIAN_POINT('',(238.18384200113,224.60427215914));
#5442 = CARTESIAN_POINT('',(238.44098198855,224.55271547528));
#5443 = CARTESIAN_POINT('',(239.05368833664,224.39771804185));
#5444 = CARTESIAN_POINT('',(239.40610805659,224.28162902421));
#5445 = CARTESIAN_POINT('',(239.74983556091,224.14078969346));
#5446 = CARTESIAN_POINT('',(240.08284260966,223.97623420662));
#5447 = CARTESIAN_POINT('',(240.40334750982,223.78931888912));
#5448 = CARTESIAN_POINT('',(240.85391234324,223.48411624529));
#5449 = CARTESIAN_POINT('',(240.99491427037,223.38193126181));
#5450 = CARTESIAN_POINT('',(241.13267203794,223.27533530967));
#5451 = CARTESIAN_POINT('',(241.2670523824,223.16450461008));
#5452 = CARTESIAN_POINT('',(241.39793881549,223.0496214498));
#5453 = CARTESIAN_POINT('',(241.74839510034,222.72268109255));
#5454 = CARTESIAN_POINT('',(241.96051027446,222.50260456022));
#5455 = CARTESIAN_POINT('',(242.16103197825,222.2716436668));
#5456 = CARTESIAN_POINT('',(242.34957548757,222.03081187191));
#5457 = CARTESIAN_POINT('',(242.5258824482,221.78110660595));
#5458 = CARTESIAN_POINT('',(242.87123633064,221.23828435756));
#5459 = CARTESIAN_POINT('',(243.03748639214,220.94338256161));
#5460 = CARTESIAN_POINT('',(243.18832879542,220.64005543268));
#5461 = CARTESIAN_POINT('',(243.32368730309,220.32952035043));
#5462 = CARTESIAN_POINT('',(243.44358217565,220.01291458837));
#5463 = CARTESIAN_POINT('',(243.73139573098,219.1271533604));
#5464 = CARTESIAN_POINT('',(243.86733722281,218.54766451987));
#5465 = CARTESIAN_POINT('',(243.95644382908,217.95825342249));
#5466 = CARTESIAN_POINT('',(243.99956386109,217.36385551578));
#5467 = CARTESIAN_POINT('',(243.99776181903,216.76888935839));
#5468 = CARTESIAN_POINT('',(243.95200574671,216.17723389579));
#5469 = ( GEOMETRIC_REPRESENTATION_CONTEXT(2) 
PARAMETRIC_REPRESENTATION_CONTEXT() REPRESENTATION_CONTEXT('2D SPACE',''
  ) );
#5470 = PCURVE('',#5471,#5490);
#5471 = B_SPLINE_SURFACE_WITH_KNOTS('',8,1,(
    (#5472,#5473)
    ,(#5474,#5475)
    ,(#5476,#5477)
    ,(#5478,#5479)
    ,(#5480,#5481)
    ,(#5482,#5483)
    ,(#5484,#5485)
    ,(#5486,#5487)
    ,(#5488,#5489
    )),.UNSPECIFIED.,.F.,.F.,.F.,(9,9),(2,2),(3.14159265359,
    4.712388980385),(0.,1.),.PIECEWISE_BEZIER_KNOTS.);
#5472 = CARTESIAN_POINT('',(26.7,9.999999998924,1.3));
#5473 = CARTESIAN_POINT('',(45.7,14.999999998827,109.));
#5474 = CARTESIAN_POINT('',(26.7,10.726493300067,1.3));
#5475 = CARTESIAN_POINT('',(45.7,16.511891463367,108.99999999999));
#5476 = CARTESIAN_POINT('',(26.536975080843,11.45298682989,1.3));
#5477 = CARTESIAN_POINT('',(45.360731925,18.02378340381,109.));
#5478 = CARTESIAN_POINT('',(26.210926843725,12.136798965964,1.3));
#5479 = CARTESIAN_POINT('',(44.682199107209,19.446851903206,
    108.99999999999));
#5480 = CARTESIAN_POINT('',(25.735257396385,12.73525739531,1.3));
#5481 = CARTESIAN_POINT('',(43.692292419506,20.692292418334,109.));
#5482 = CARTESIAN_POINT('',(25.13679896704,13.210926842649,1.3));
#5483 = CARTESIAN_POINT('',(42.44685190438,21.682199106036,
    108.99999999999));
#5484 = CARTESIAN_POINT('',(24.452986830965,13.536975079768,1.3));
#5485 = CARTESIAN_POINT('',(41.023783404983,22.360731923826,109.));
#5486 = CARTESIAN_POINT('',(23.726493301143,13.699999998924,1.3));
#5487 = CARTESIAN_POINT('',(39.51189146454,22.699999998827,
    108.99999999999));
#5488 = CARTESIAN_POINT('',(23.,13.699999998924,1.3));
#5489 = CARTESIAN_POINT('',(38.,22.699999998827,109.));
#5490 = DEFINITIONAL_REPRESENTATION('',(#5491),#5524);
#5491 = B_SPLINE_CURVE_WITH_KNOTS('',6,(#5492,#5493,#5494,#5495,#5496,
    #5497,#5498,#5499,#5500,#5501,#5502,#5503,#5504,#5505,#5506,#5507,
    #5508,#5509,#5510,#5511,#5512,#5513,#5514,#5515,#5516,#5517,#5518,
    #5519,#5520,#5521,#5522,#5523),.UNSPECIFIED.,.F.,.F.,(7,5,5,5,5,5,7)
  ,(0.,0.128323734049,0.309640376169,0.394890576715,0.544350387366,
    0.709805651032,1.),.UNSPECIFIED.);
#5492 = CARTESIAN_POINT('',(4.712388980385,0.942614975303));
#5493 = CARTESIAN_POINT('',(4.677322998516,0.942614975303));
#5494 = CARTESIAN_POINT('',(4.642153069602,0.942562934007));
#5495 = CARTESIAN_POINT('',(4.606902777122,0.942458278371));
#5496 = CARTESIAN_POINT('',(4.571594735699,0.942300863531));
#5497 = CARTESIAN_POINT('',(4.536253174451,0.942091012439));
#5498 = CARTESIAN_POINT('',(4.450963018629,0.941460126621));
#5499 = CARTESIAN_POINT('',(4.401001174114,0.940987609668));
#5500 = CARTESIAN_POINT('',(4.351107905177,0.940414351554));
#5501 = CARTESIAN_POINT('',(4.301346555941,0.939744561605));
#5502 = CARTESIAN_POINT('',(4.251774882763,0.938983760471));
#5503 = CARTESIAN_POINT('',(4.179266578811,0.937741494613));
#5504 = CARTESIAN_POINT('',(4.156131944369,0.937325571229));
#5505 = CARTESIAN_POINT('',(4.133056600395,0.936891693887));
#5506 = CARTESIAN_POINT('',(4.11004478354,0.936440579858));
#5507 = CARTESIAN_POINT('',(4.087100007617,0.935972971105));
#5508 = CARTESIAN_POINT('',(4.024121576132,0.934642226264));
#5509 = CARTESIAN_POINT('',(3.984233014525,0.933746449088));
#5510 = CARTESIAN_POINT('',(3.94457515161,0.932806369314));
#5511 = CARTESIAN_POINT('',(3.905155675017,0.931826112024));
#5512 = CARTESIAN_POINT('',(3.86597638491,0.930809737058));
#5513 = CARTESIAN_POINT('',(3.783926375821,0.928600288483));
#5514 = CARTESIAN_POINT('',(3.741109475584,0.92739995015));
#5515 = CARTESIAN_POINT('',(3.698578605022,0.926165318197));
#5516 = CARTESIAN_POINT('',(3.656322640825,0.924901347722));
#5517 = CARTESIAN_POINT('',(3.614325467749,0.923612667769));
#5518 = CARTESIAN_POINT('',(3.499324178361,0.920007355185));
#5519 = CARTESIAN_POINT('',(3.426828552152,0.917648662635));
#5520 = CARTESIAN_POINT('',(3.354942498504,0.915249583539));
#5521 = CARTESIAN_POINT('',(3.283537597773,0.91283020664));
#5522 = CARTESIAN_POINT('',(3.212478530543,0.910408516791));
#5523 = CARTESIAN_POINT('',(3.14159265359,0.908000302458));
#5524 = ( GEOMETRIC_REPRESENTATION_CONTEXT(2) 
PARAMETRIC_REPRESENTATION_CONTEXT() REPRESENTATION_CONTEXT('2D SPACE',''
  ) );
#5525 = ORIENTED_EDGE('',*,*,#5526,.T.);
#5526 = EDGE_CURVE('',#5398,#5527,#5529,.T.);
#5527 = VERTEX_POINT('',#5528);
#5528 = CARTESIAN_POINT('',(41.505253347037,-13.89611930185,
    85.222409761888));
#5529 = SURFACE_CURVE('',#5530,(#5545,#5563),.PCURVE_S1.);
#5530 = B_SPLINE_CURVE_WITH_KNOTS('',4,(#5531,#5532,#5533,#5534,#5535,
    #5536,#5537,#5538,#5539,#5540,#5541,#5542,#5543,#5544),
  .UNSPECIFIED.,.F.,.F.,(5,3,3,3,5),(0.,0.254550899514,0.505977769234,
    0.754417431256,1.),.UNSPECIFIED.);
#5531 = CARTESIAN_POINT('',(43.95200574671,14.540001511128,
    99.091632574774));
#5532 = CARTESIAN_POINT('',(43.793003297974,12.692077363826,
    98.190339746937));
#5533 = CARTESIAN_POINT('',(43.634549263569,10.850526879908,
    97.292155562441));
#5534 = CARTESIAN_POINT('',(43.476648078063,9.015401597861,
    96.397105158285));
#5535 = CARTESIAN_POINT('',(43.163890875416,5.38054193622,94.62426564644
    ));
#5536 = CARTESIAN_POINT('',(43.00902126813,3.580649612153,
    93.746399504083));
#5537 = CARTESIAN_POINT('',(42.854699197728,1.787120753806,
    92.871637031334));
#5538 = CARTESIAN_POINT('',(42.548984762933,-1.76588796227,
    91.138718893045));
#5539 = CARTESIAN_POINT('',(42.397579373941,-3.52551919168,
    90.280489398603));
#5540 = CARTESIAN_POINT('',(42.246716041436,-5.27885064849,
    89.425332508559));
#5541 = CARTESIAN_POINT('',(41.94780912576,-8.752742476331,
    87.731002254969));
#5542 = CARTESIAN_POINT('',(41.799753066717,-10.47344784178,
    86.891758172915));
#5543 = CARTESIAN_POINT('',(41.652233428737,-12.18791892944,
    86.055554751313));
#5544 = CARTESIAN_POINT('',(41.505253347037,-13.89611930185,
    85.222409761888));
#5545 = PCURVE('',#4206,#5546);
#5546 = DEFINITIONAL_REPRESENTATION('',(#5547),#5562);
#5547 = B_SPLINE_CURVE_WITH_KNOTS('',4,(#5548,#5549,#5550,#5551,#5552,
    #5553,#5554,#5555,#5556,#5557,#5558,#5559,#5560,#5561),
  .UNSPECIFIED.,.F.,.F.,(5,3,3,3,5),(0.,0.254550899514,0.505977769234,
    0.754417431256,1.),.UNSPECIFIED.);
#5548 = CARTESIAN_POINT('',(243.95200574671,216.17723389579));
#5549 = CARTESIAN_POINT('',(243.79300329797,214.12122990365));
#5550 = CARTESIAN_POINT('',(243.63454926356,212.07231726176));
#5551 = CARTESIAN_POINT('',(243.47664807806,210.03055331194));
#5552 = CARTESIAN_POINT('',(243.16389087541,205.98640139904));
#5553 = CARTESIAN_POINT('',(243.00902126813,203.98383770664));
#5554 = CARTESIAN_POINT('',(242.85469919772,201.98835401854));
#5555 = CARTESIAN_POINT('',(242.54898476293,198.03526962651));
#5556 = CARTESIAN_POINT('',(242.39757937394,196.07750050615));
#5557 = CARTESIAN_POINT('',(242.24671604143,194.12674052501));
#5558 = CARTESIAN_POINT('',(241.94780912576,190.26168173635));
#5559 = CARTESIAN_POINT('',(241.79975306671,188.34722160776));
#5560 = CARTESIAN_POINT('',(241.65223342873,186.43969774875));
#5561 = CARTESIAN_POINT('',(241.50525334703,184.53915069968));
#5562 = ( GEOMETRIC_REPRESENTATION_CONTEXT(2) 
PARAMETRIC_REPRESENTATION_CONTEXT() REPRESENTATION_CONTEXT('2D SPACE',''
  ) );
#5563 = PCURVE('',#5564,#5569);
#5564 = B_SPLINE_SURFACE_WITH_KNOTS('',1,1,(
    (#5565,#5566)
    ,(#5567,#5568
    )),.UNSPECIFIED.,.F.,.F.,.F.,(2,2),(2,2),(-15.,14.999999998827),(0.,
    1.),.PIECEWISE_BEZIER_KNOTS.);
#5565 = CARTESIAN_POINT('',(26.7,-10.,1.3));
#5566 = CARTESIAN_POINT('',(45.7,-15.,109.));
#5567 = CARTESIAN_POINT('',(26.7,9.999999998924,1.3));
#5568 = CARTESIAN_POINT('',(45.7,14.999999998827,109.));
#5569 = DEFINITIONAL_REPRESENTATION('',(#5570),#5585);
#5570 = B_SPLINE_CURVE_WITH_KNOTS('',4,(#5571,#5572,#5573,#5574,#5575,
    #5576,#5577,#5578,#5579,#5580,#5581,#5582,#5583,#5584),
  .UNSPECIFIED.,.F.,.F.,(5,3,3,3,5),(0.,0.254550899514,0.505977769234,
    0.754417431256,1.),.UNSPECIFIED.);
#5571 = CARTESIAN_POINT('',(14.999999998827,0.908000302458));
#5572 = CARTESIAN_POINT('',(13.13678004375,0.899631752525));
#5573 = CARTESIAN_POINT('',(11.265688071795,0.891292066504));
#5574 = CARTESIAN_POINT('',(9.386751075702,0.882981477793));
#5575 = CARTESIAN_POINT('',(5.636404460949,0.86652057239));
#5576 = CARTESIAN_POINT('',(3.765185460776,0.858369540428));
#5577 = CARTESIAN_POINT('',(1.886372804923,0.850247326196));
#5578 = CARTESIAN_POINT('',(-1.863960799172,0.834157092786));
#5579 = CARTESIAN_POINT('',(-3.735303174743,0.826188388102));
#5580 = CARTESIAN_POINT('',(-5.613994826231,0.818248212707));
#5581 = CARTESIAN_POINT('',(-9.364315871141,0.802516269777));
#5582 = CARTESIAN_POINT('',(-11.2357780235,0.794723845617));
#5583 = CARTESIAN_POINT('',(-13.11435196042,0.786959654144));
#5584 = CARTESIAN_POINT('',(-15.,0.77922386037));
#5585 = ( GEOMETRIC_REPRESENTATION_CONTEXT(2) 
PARAMETRIC_REPRESENTATION_CONTEXT() REPRESENTATION_CONTEXT('2D SPACE',''
  ) );
#5586 = ORIENTED_EDGE('',*,*,#5587,.T.);
#5587 = EDGE_CURVE('',#5527,#5588,#5590,.T.);
#5588 = VERTEX_POINT('',#5589);
#5589 = CARTESIAN_POINT('',(34.243425156423,-20.44605509385,
    82.027792623115));
#5590 = SURFACE_CURVE('',#5591,(#5624,#5660),.PCURVE_S1.);
#5591 = B_SPLINE_CURVE_WITH_KNOTS('',7,(#5592,#5593,#5594,#5595,#5596,
    #5597,#5598,#5599,#5600,#5601,#5602,#5603,#5604,#5605,#5606,#5607,
    #5608,#5609,#5610,#5611,#5612,#5613,#5614,#5615,#5616,#5617,#5618,
    #5619,#5620,#5621,#5622,#5623),.UNSPECIFIED.,.F.,.F.,(8,6,6,6,6,8),(
    0.,0.192016518329,0.445460153899,0.551628013181,0.70912955609,1.),
  .UNSPECIFIED.);
#5592 = CARTESIAN_POINT('',(41.505253347037,-13.89611930185,
    85.222409761888));
#5593 = CARTESIAN_POINT('',(41.481380260243,-14.17357196945,
    85.087087054114));
#5594 = CARTESIAN_POINT('',(41.443810909947,-14.45007615125,
    84.952226953773));
#5595 = CARTESIAN_POINT('',(41.392726827846,-14.72499104132,
    84.818142002807));
#5596 = CARTESIAN_POINT('',(41.32832514247,-14.99769031705,
    84.685137679153));
#5597 = CARTESIAN_POINT('',(41.250816376476,-15.26756151033,
    84.553512703474));
#5598 = CARTESIAN_POINT('',(41.160422243954,-15.53400537862,
    84.423559345889));
#5599 = CARTESIAN_POINT('',(40.921358787182,-16.14281790945,
    84.126621634275));
#5600 = CARTESIAN_POINT('',(40.76330621963,-16.48218557755,
    83.961100963034));
#5601 = CARTESIAN_POINT('',(40.583745099499,-16.8132024017,
    83.799653270536));
#5602 = CARTESIAN_POINT('',(40.383248846423,-17.13450665414,
    83.642942715777));
#5603 = CARTESIAN_POINT('',(40.162454334212,-17.44471953134,
    83.49164178617));
#5604 = CARTESIAN_POINT('',(39.922072883687,-17.74244998274,
    83.346428942416));
#5605 = CARTESIAN_POINT('',(39.554322019603,-18.14519888047,
    83.149995179986));
#5606 = CARTESIAN_POINT('',(39.4424551795,-18.26166268287,
    83.093191988167));
#5607 = CARTESIAN_POINT('',(39.327352144561,-18.37558243837,
    83.037629610925));
#5608 = CARTESIAN_POINT('',(39.209076535891,-18.48685220165,
    82.983359721255));
#5609 = CARTESIAN_POINT('',(39.087696143121,-18.59536494592,
    82.930434519596));
#5610 = CARTESIAN_POINT('',(38.963283277333,-18.70101286328,
    82.878906587385));
#5611 = CARTESIAN_POINT('',(38.646962640542,-18.9560072067,
    82.754537536203));
#5612 = CARTESIAN_POINT('',(38.451506713659,-19.10178292306,
    82.683437968709));
#5613 = CARTESIAN_POINT('',(38.249799668217,-19.24066138352,
    82.615702417692));
#5614 = CARTESIAN_POINT('',(38.04212089277,-19.37228366686,
    82.551505940729));
#5615 = CARTESIAN_POINT('',(37.828780180773,-19.49628973252,
    82.491024141327));
#5616 = CARTESIAN_POINT('',(37.61012107183,-19.61232279202,
    82.434431036859));
#5617 = CARTESIAN_POINT('',(36.973590311675,-19.91895181988,
    82.284878067369));
#5618 = CARTESIAN_POINT('',(36.543714736019,-20.08953521524,
    82.201678986383));
#5619 = CARTESIAN_POINT('',(36.099420452045,-20.22949496125,
    82.133416057169));
#5620 = CARTESIAN_POINT('',(35.64363933243,-20.33671780648,
    82.08111998131));
#5621 = CARTESIAN_POINT('',(35.179737753964,-20.40938179493,
    82.045679386128));
#5622 = CARTESIAN_POINT('',(34.711543585394,-20.44605509385,
    82.027792623115));
#5623 = CARTESIAN_POINT('',(34.243425156423,-20.44605509385,
    82.027792623115));
#5624 = PCURVE('',#4206,#5625);
#5625 = DEFINITIONAL_REPRESENTATION('',(#5626),#5659);
#5626 = B_SPLINE_CURVE_WITH_KNOTS('',7,(#5627,#5628,#5629,#5630,#5631,
    #5632,#5633,#5634,#5635,#5636,#5637,#5638,#5639,#5640,#5641,#5642,
    #5643,#5644,#5645,#5646,#5647,#5648,#5649,#5650,#5651,#5652,#5653,
    #5654,#5655,#5656,#5657,#5658),.UNSPECIFIED.,.F.,.F.,(8,6,6,6,6,8),(
    0.,0.192016518329,0.445460153899,0.551628013181,0.70912955609,1.),
  .UNSPECIFIED.);
#5627 = CARTESIAN_POINT('',(241.50525334703,184.53915069968));
#5628 = CARTESIAN_POINT('',(241.48138026024,184.23045632332));
#5629 = CARTESIAN_POINT('',(241.44381090994,183.92281723409));
#5630 = CARTESIAN_POINT('',(241.39272682784,183.61694639394));
#5631 = CARTESIAN_POINT('',(241.32832514247,183.31354065059));
#5632 = CARTESIAN_POINT('',(241.25081637647,183.01328143727));
#5633 = CARTESIAN_POINT('',(241.16042224395,182.71683547239));
#5634 = CARTESIAN_POINT('',(240.92135878718,182.0394694692));
#5635 = CARTESIAN_POINT('',(240.76330621963,181.66188834313));
#5636 = CARTESIAN_POINT('',(240.58374509949,181.29359838226));
#5637 = CARTESIAN_POINT('',(240.38324884642,180.93611464751));
#5638 = CARTESIAN_POINT('',(240.16245433421,180.59097119837));
#5639 = CARTESIAN_POINT('',(239.92207288368,180.25971572041));
#5640 = CARTESIAN_POINT('',(239.5543220196,179.81161651528));
#5641 = CARTESIAN_POINT('',(239.4424551795,179.68203866273));
#5642 = CARTESIAN_POINT('',(239.32735214456,179.5552913217));
#5643 = CARTESIAN_POINT('',(239.20907653589,179.43149236716));
#5644 = CARTESIAN_POINT('',(239.08769614312,179.31076087731));
#5645 = CARTESIAN_POINT('',(238.96328327733,179.19321679945));
#5646 = CARTESIAN_POINT('',(238.64696264054,178.90950959816));
#5647 = CARTESIAN_POINT('',(238.45150671365,178.74731925325));
#5648 = CARTESIAN_POINT('',(238.24979966821,178.59280280866));
#5649 = CARTESIAN_POINT('',(238.04212089277,178.44635960081));
#5650 = CARTESIAN_POINT('',(237.82878018077,178.30839021152));
#5651 = CARTESIAN_POINT('',(237.61012107183,178.17929160437));
#5652 = CARTESIAN_POINT('',(236.97359031167,177.83813555296));
#5653 = CARTESIAN_POINT('',(236.54371473601,177.64834413627));
#5654 = CARTESIAN_POINT('',(236.09942045204,177.49262465127));
#5655 = CARTESIAN_POINT('',(235.64363933243,177.3733283056));
#5656 = CARTESIAN_POINT('',(235.17973775396,177.29248221105));
#5657 = CARTESIAN_POINT('',(234.71154358539,177.25167942751));
#5658 = CARTESIAN_POINT('',(234.24342515642,177.25167942751));
#5659 = ( GEOMETRIC_REPRESENTATION_CONTEXT(2) 
PARAMETRIC_REPRESENTATION_CONTEXT() REPRESENTATION_CONTEXT('2D SPACE',''
  ) );
#5660 = PCURVE('',#5661,#5680);
#5661 = B_SPLINE_SURFACE_WITH_KNOTS('',8,1,(
    (#5662,#5663)
    ,(#5664,#5665)
    ,(#5666,#5667)
    ,(#5668,#5669)
    ,(#5670,#5671)
    ,(#5672,#5673)
    ,(#5674,#5675)
    ,(#5676,#5677)
    ,(#5678,#5679
    )),.UNSPECIFIED.,.F.,.F.,.F.,(9,9),(2,2),(4.712388980385,
    6.28318530718),(0.,1.),.PIECEWISE_BEZIER_KNOTS.);
#5662 = CARTESIAN_POINT('',(23.,-13.7,1.3));
#5663 = CARTESIAN_POINT('',(38.,-22.7,109.));
#5664 = CARTESIAN_POINT('',(23.726493301142,-13.7,1.3));
#5665 = CARTESIAN_POINT('',(39.51189146454,-22.7,108.99999999999));
#5666 = CARTESIAN_POINT('',(24.452986830967,-13.53697508084,1.3));
#5667 = CARTESIAN_POINT('',(41.023783404983,-22.360731925,109.));
#5668 = CARTESIAN_POINT('',(25.136798967038,-13.21092684372,1.3));
#5669 = CARTESIAN_POINT('',(42.446851904379,-21.6821991072,
    108.99999999999));
#5670 = CARTESIAN_POINT('',(25.735257396388,-12.73525739638,1.3));
#5671 = CARTESIAN_POINT('',(43.692292419507,-20.6922924195,109.));
#5672 = CARTESIAN_POINT('',(26.210926843723,-12.13679896703,1.3));
#5673 = CARTESIAN_POINT('',(44.682199107209,-19.44685190437,
    108.99999999999));
#5674 = CARTESIAN_POINT('',(26.536975080844,-11.45298683096,1.3));
#5675 = CARTESIAN_POINT('',(45.360731924999,-18.02378340498,109.));
#5676 = CARTESIAN_POINT('',(26.7,-10.72649330114,1.3));
#5677 = CARTESIAN_POINT('',(45.7,-16.51189146454,109.));
#5678 = CARTESIAN_POINT('',(26.7,-10.,1.3));
#5679 = CARTESIAN_POINT('',(45.7,-15.,109.));
#5680 = DEFINITIONAL_REPRESENTATION('',(#5681),#5714);
#5681 = B_SPLINE_CURVE_WITH_KNOTS('',7,(#5682,#5683,#5684,#5685,#5686,
    #5687,#5688,#5689,#5690,#5691,#5692,#5693,#5694,#5695,#5696,#5697,
    #5698,#5699,#5700,#5701,#5702,#5703,#5704,#5705,#5706,#5707,#5708,
    #5709,#5710,#5711,#5712,#5713),.UNSPECIFIED.,.F.,.F.,(8,6,6,6,6,8),(
    0.,0.192016518329,0.445460153899,0.551628013181,0.70912955609,1.),
  .UNSPECIFIED.);
#5682 = CARTESIAN_POINT('',(6.28318530718,0.77922386037));
#5683 = CARTESIAN_POINT('',(6.241562979054,0.777967382118));
#5684 = CARTESIAN_POINT('',(6.200011346515,0.776715199199));
#5685 = CARTESIAN_POINT('',(6.158509393497,0.775470213582));
#5686 = CARTESIAN_POINT('',(6.117036775782,0.774235261645));
#5687 = CARTESIAN_POINT('',(6.075573172468,0.773013117024));
#5688 = CARTESIAN_POINT('',(6.034097637442,0.771806493462));
#5689 = CARTESIAN_POINT('',(5.937799092193,0.769049411646));
#5690 = CARTESIAN_POINT('',(5.882954186943,0.767512543761));
#5691 = CARTESIAN_POINT('',(5.828000279573,0.766013493691));
#5692 = CARTESIAN_POINT('',(5.772889985287,0.764558428187));
#5693 = CARTESIAN_POINT('',(5.717578540225,0.763153591329));
#5694 = CARTESIAN_POINT('',(5.662021336315,0.761805282659));
#5695 = CARTESIAN_POINT('',(5.582776558377,0.759981385144));
#5696 = CARTESIAN_POINT('',(5.559330489252,0.759453964607));
#5697 = CARTESIAN_POINT('',(5.535830656842,0.758938065097));
#5698 = CARTESIAN_POINT('',(5.512274168393,0.7584341664));
#5699 = CARTESIAN_POINT('',(5.48865829937,0.7579427532));
#5700 = CARTESIAN_POINT('',(5.464980477887,0.757464313718));
#5701 = CARTESIAN_POINT('',(5.406016361695,0.756309540726));
#5702 = CARTESIAN_POINT('',(5.370652850677,0.755649377611));
#5703 = CARTESIAN_POINT('',(5.33513989211,0.755020449561));
#5704 = CARTESIAN_POINT('',(5.299470869601,0.754424381994));
#5705 = CARTESIAN_POINT('',(5.263640485094,0.753862805398));
#5706 = CARTESIAN_POINT('',(5.22764484963,0.753337335533));
#5707 = CARTESIAN_POINT('',(5.124696018841,0.751948728574));
#5708 = CARTESIAN_POINT('',(5.057322404322,0.751176220858));
#5709 = CARTESIAN_POINT('',(4.989368315659,0.750542396074));
#5710 = CARTESIAN_POINT('',(4.920850548961,0.750056824339));
#5711 = CARTESIAN_POINT('',(4.85180176326,0.749727756603));
#5712 = CARTESIAN_POINT('',(4.782275690945,0.749561677095));
#5713 = CARTESIAN_POINT('',(4.712388980385,0.749561677095));
#5714 = ( GEOMETRIC_REPRESENTATION_CONTEXT(2) 
PARAMETRIC_REPRESENTATION_CONTEXT() REPRESENTATION_CONTEXT('2D SPACE',''
  ) );
#5715 = ORIENTED_EDGE('',*,*,#5716,.T.);
#5716 = EDGE_CURVE('',#5588,#5052,#5717,.T.);
#5717 = SURFACE_CURVE('',#5718,(#5721,#5727),.PCURVE_S1.);
#5718 = B_SPLINE_CURVE_WITH_KNOTS('',1,(#5719,#5720),.UNSPECIFIED.,.F.,
  .F.,(2,2),(0.,1.),.PIECEWISE_BEZIER_KNOTS.);
#5719 = CARTESIAN_POINT('',(34.243425156423,-20.44605509385,
    82.027792623115));
#5720 = CARTESIAN_POINT('',(-34.24342515642,-20.44605509385,
    82.027792623115));
#5721 = PCURVE('',#4206,#5722);
#5722 = DEFINITIONAL_REPRESENTATION('',(#5723),#5726);
#5723 = B_SPLINE_CURVE_WITH_KNOTS('',1,(#5724,#5725),.UNSPECIFIED.,.F.,
  .F.,(2,2),(0.,1.),.PIECEWISE_BEZIER_KNOTS.);
#5724 = CARTESIAN_POINT('',(234.24342515642,177.25167942751));
#5725 = CARTESIAN_POINT('',(165.75657484357,177.25167942751));
#5726 = ( GEOMETRIC_REPRESENTATION_CONTEXT(2) 
PARAMETRIC_REPRESENTATION_CONTEXT() REPRESENTATION_CONTEXT('2D SPACE',''
  ) );
#5727 = PCURVE('',#5728,#5733);
#5728 = B_SPLINE_SURFACE_WITH_KNOTS('',1,1,(
    (#5729,#5730)
    ,(#5731,#5732
    )),.UNSPECIFIED.,.F.,.F.,.F.,(2,2),(2,2),(-38.,38.),(0.,1.),
  .PIECEWISE_BEZIER_KNOTS.);
#5729 = CARTESIAN_POINT('',(-23.,-13.7,1.3));
#5730 = CARTESIAN_POINT('',(-38.,-22.7,109.));
#5731 = CARTESIAN_POINT('',(23.,-13.7,1.3));
#5732 = CARTESIAN_POINT('',(38.,-22.7,109.));
#5733 = DEFINITIONAL_REPRESENTATION('',(#5734),#5737);
#5734 = B_SPLINE_CURVE_WITH_KNOTS('',1,(#5735,#5736),.UNSPECIFIED.,.F.,
  .F.,(2,2),(0.,1.),.PIECEWISE_BEZIER_KNOTS.);
#5735 = CARTESIAN_POINT('',(38.,0.749561677095));
#5736 = CARTESIAN_POINT('',(-38.,0.749561677095));
#5737 = ( GEOMETRIC_REPRESENTATION_CONTEXT(2) 
PARAMETRIC_REPRESENTATION_CONTEXT() REPRESENTATION_CONTEXT('2D SPACE',''
  ) );
#5738 = ADVANCED_FACE('',(#5739),#4142,.T.);
#5739 = FACE_BOUND('',#5740,.T.);
#5740 = EDGE_LOOP('',(#5741,#5742,#5762,#5763));
#5741 = ORIENTED_EDGE('',*,*,#4272,.F.);
#5742 = ORIENTED_EDGE('',*,*,#5743,.T.);
#5743 = EDGE_CURVE('',#4273,#4625,#5744,.T.);
#5744 = SURFACE_CURVE('',#5745,(#5748,#5755),.PCURVE_S1.);
#5745 = B_SPLINE_CURVE_WITH_KNOTS('',1,(#5746,#5747),.UNSPECIFIED.,.F.,
  .F.,(2,2),(0.,1.),.PIECEWISE_BEZIER_KNOTS.);
#5746 = CARTESIAN_POINT('',(-23.,-15.,0.));
#5747 = CARTESIAN_POINT('',(-38.,-24.,108.));
#5748 = PCURVE('',#4142,#5749);
#5749 = DEFINITIONAL_REPRESENTATION('',(#5750),#5754);
#5750 = LINE('',#5751,#5752);
#5751 = CARTESIAN_POINT('',(1.570796326795,0.));
#5752 = VECTOR('',#5753,1.);
#5753 = DIRECTION('',(0.,1.));
#5754 = ( GEOMETRIC_REPRESENTATION_CONTEXT(2) 
PARAMETRIC_REPRESENTATION_CONTEXT() REPRESENTATION_CONTEXT('2D SPACE',''
  ) );
#5755 = PCURVE('',#4312,#5756);
#5756 = DEFINITIONAL_REPRESENTATION('',(#5757),#5761);
#5757 = LINE('',#5758,#5759);
#5758 = CARTESIAN_POINT('',(-38.,0.));
#5759 = VECTOR('',#5760,1.);
#5760 = DIRECTION('',(0.,1.));
#5761 = ( GEOMETRIC_REPRESENTATION_CONTEXT(2) 
PARAMETRIC_REPRESENTATION_CONTEXT() REPRESENTATION_CONTEXT('2D SPACE',''
  ) );
#5762 = ORIENTED_EDGE('',*,*,#4624,.T.);
#5763 = ORIENTED_EDGE('',*,*,#4127,.F.);
#5764 = ADVANCED_FACE('',(#5765),#4312,.T.);
#5765 = FACE_BOUND('',#5766,.T.);
#5766 = EDGE_LOOP('',(#5767,#5768,#5769,#5789));
#5767 = ORIENTED_EDGE('',*,*,#5743,.F.);
#5768 = ORIENTED_EDGE('',*,*,#4296,.T.);
#5769 = ORIENTED_EDGE('',*,*,#5770,.T.);
#5770 = EDGE_CURVE('',#4297,#4735,#5771,.T.);
#5771 = SURFACE_CURVE('',#5772,(#5775,#5782),.PCURVE_S1.);
#5772 = B_SPLINE_CURVE_WITH_KNOTS('',1,(#5773,#5774),.UNSPECIFIED.,.F.,
  .F.,(2,2),(0.,1.),.PIECEWISE_BEZIER_KNOTS.);
#5773 = CARTESIAN_POINT('',(23.,-15.,0.));
#5774 = CARTESIAN_POINT('',(38.,-24.,108.));
#5775 = PCURVE('',#4312,#5776);
#5776 = DEFINITIONAL_REPRESENTATION('',(#5777),#5781);
#5777 = LINE('',#5778,#5779);
#5778 = CARTESIAN_POINT('',(38.,0.));
#5779 = VECTOR('',#5780,1.);
#5780 = DIRECTION('',(0.,1.));
#5781 = ( GEOMETRIC_REPRESENTATION_CONTEXT(2) 
PARAMETRIC_REPRESENTATION_CONTEXT() REPRESENTATION_CONTEXT('2D SPACE',''
  ) );
#5782 = PCURVE('',#4340,#5783);
#5783 = DEFINITIONAL_REPRESENTATION('',(#5784),#5788);
#5784 = LINE('',#5785,#5786);
#5785 = CARTESIAN_POINT('',(1.570796326795,0.));
#5786 = VECTOR('',#5787,1.);
#5787 = DIRECTION('',(0.,1.));
#5788 = ( GEOMETRIC_REPRESENTATION_CONTEXT(2) 
PARAMETRIC_REPRESENTATION_CONTEXT() REPRESENTATION_CONTEXT('2D SPACE',''
  ) );
#5789 = ORIENTED_EDGE('',*,*,#4734,.T.);
#5790 = ADVANCED_FACE('',(#5791),#4340,.T.);
#5791 = FACE_BOUND('',#5792,.T.);
#5792 = EDGE_LOOP('',(#5793,#5794,#5814,#5815));
#5793 = ORIENTED_EDGE('',*,*,#4323,.F.);
#5794 = ORIENTED_EDGE('',*,*,#5795,.T.);
#5795 = EDGE_CURVE('',#4324,#4755,#5796,.T.);
#5796 = SURFACE_CURVE('',#5797,(#5800,#5807),.PCURVE_S1.);
#5797 = B_SPLINE_CURVE_WITH_KNOTS('',1,(#5798,#5799),.UNSPECIFIED.,.F.,
  .F.,(2,2),(0.,1.),.PIECEWISE_BEZIER_KNOTS.);
#5798 = CARTESIAN_POINT('',(28.,-10.,0.));
#5799 = CARTESIAN_POINT('',(47.,-15.,108.));
#5800 = PCURVE('',#4340,#5801);
#5801 = DEFINITIONAL_REPRESENTATION('',(#5802),#5806);
#5802 = LINE('',#5803,#5804);
#5803 = CARTESIAN_POINT('',(3.14159265359,0.));
#5804 = VECTOR('',#5805,1.);
#5805 = DIRECTION('',(0.,1.));
#5806 = ( GEOMETRIC_REPRESENTATION_CONTEXT(2) 
PARAMETRIC_REPRESENTATION_CONTEXT() REPRESENTATION_CONTEXT('2D SPACE',''
  ) );
#5807 = PCURVE('',#4382,#5808);
#5808 = DEFINITIONAL_REPRESENTATION('',(#5809),#5813);
#5809 = LINE('',#5810,#5811);
#5810 = CARTESIAN_POINT('',(-15.,0.));
#5811 = VECTOR('',#5812,1.);
#5812 = DIRECTION('',(0.,1.));
#5813 = ( GEOMETRIC_REPRESENTATION_CONTEXT(2) 
PARAMETRIC_REPRESENTATION_CONTEXT() REPRESENTATION_CONTEXT('2D SPACE',''
  ) );
#5814 = ORIENTED_EDGE('',*,*,#4754,.T.);
#5815 = ORIENTED_EDGE('',*,*,#5770,.F.);
#5816 = ADVANCED_FACE('',(#5817),#4382,.T.);
#5817 = FACE_BOUND('',#5818,.T.);
#5818 = EDGE_LOOP('',(#5819,#5820,#5821,#5841));
#5819 = ORIENTED_EDGE('',*,*,#5795,.F.);
#5820 = ORIENTED_EDGE('',*,*,#4366,.T.);
#5821 = ORIENTED_EDGE('',*,*,#5822,.T.);
#5822 = EDGE_CURVE('',#4367,#4865,#5823,.T.);
#5823 = SURFACE_CURVE('',#5824,(#5827,#5834),.PCURVE_S1.);
#5824 = B_SPLINE_CURVE_WITH_KNOTS('',1,(#5825,#5826),.UNSPECIFIED.,.F.,
  .F.,(2,2),(0.,1.),.PIECEWISE_BEZIER_KNOTS.);
#5825 = CARTESIAN_POINT('',(28.,9.999999917837,0.));
#5826 = CARTESIAN_POINT('',(47.,14.999999999007,108.));
#5827 = PCURVE('',#4382,#5828);
#5828 = DEFINITIONAL_REPRESENTATION('',(#5829),#5833);
#5829 = LINE('',#5830,#5831);
#5830 = CARTESIAN_POINT('',(14.999999999007,0.));
#5831 = VECTOR('',#5832,1.);
#5832 = DIRECTION('',(0.,1.));
#5833 = ( GEOMETRIC_REPRESENTATION_CONTEXT(2) 
PARAMETRIC_REPRESENTATION_CONTEXT() REPRESENTATION_CONTEXT('2D SPACE',''
  ) );
#5834 = PCURVE('',#4410,#5835);
#5835 = DEFINITIONAL_REPRESENTATION('',(#5836),#5840);
#5836 = LINE('',#5837,#5838);
#5837 = CARTESIAN_POINT('',(3.14159265359,0.));
#5838 = VECTOR('',#5839,1.);
#5839 = DIRECTION('',(0.,1.));
#5840 = ( GEOMETRIC_REPRESENTATION_CONTEXT(2) 
PARAMETRIC_REPRESENTATION_CONTEXT() REPRESENTATION_CONTEXT('2D SPACE',''
  ) );
#5841 = ORIENTED_EDGE('',*,*,#4864,.T.);
#5842 = ADVANCED_FACE('',(#5843),#4410,.T.);
#5843 = FACE_BOUND('',#5844,.T.);
#5844 = EDGE_LOOP('',(#5845,#5846,#5866,#5867));
#5845 = ORIENTED_EDGE('',*,*,#4393,.F.);
#5846 = ORIENTED_EDGE('',*,*,#5847,.T.);
#5847 = EDGE_CURVE('',#4394,#4921,#5848,.T.);
#5848 = SURFACE_CURVE('',#5849,(#5852,#5859),.PCURVE_S1.);
#5849 = B_SPLINE_CURVE_WITH_KNOTS('',1,(#5850,#5851),.UNSPECIFIED.,.F.,
  .F.,(2,2),(0.,1.),.PIECEWISE_BEZIER_KNOTS.);
#5850 = CARTESIAN_POINT('',(23.,14.999999917837,0.));
#5851 = CARTESIAN_POINT('',(38.,23.999999999007,108.));
#5852 = PCURVE('',#4410,#5853);
#5853 = DEFINITIONAL_REPRESENTATION('',(#5854),#5858);
#5854 = LINE('',#5855,#5856);
#5855 = CARTESIAN_POINT('',(4.712388980385,0.));
#5856 = VECTOR('',#5857,1.);
#5857 = DIRECTION('',(0.,1.));
#5858 = ( GEOMETRIC_REPRESENTATION_CONTEXT(2) 
PARAMETRIC_REPRESENTATION_CONTEXT() REPRESENTATION_CONTEXT('2D SPACE',''
  ) );
#5859 = PCURVE('',#4452,#5860);
#5860 = DEFINITIONAL_REPRESENTATION('',(#5861),#5865);
#5861 = LINE('',#5862,#5863);
#5862 = CARTESIAN_POINT('',(-38.,0.));
#5863 = VECTOR('',#5864,1.);
#5864 = DIRECTION('',(0.,1.));
#5865 = ( GEOMETRIC_REPRESENTATION_CONTEXT(2) 
PARAMETRIC_REPRESENTATION_CONTEXT() REPRESENTATION_CONTEXT('2D SPACE',''
  ) );
#5866 = ORIENTED_EDGE('',*,*,#4920,.T.);
#5867 = ORIENTED_EDGE('',*,*,#5822,.F.);
#5868 = ADVANCED_FACE('',(#5869),#4452,.T.);
#5869 = FACE_BOUND('',#5870,.T.);
#5870 = EDGE_LOOP('',(#5871,#5872,#5873,#5874));
#5871 = ORIENTED_EDGE('',*,*,#4436,.F.);
#5872 = ORIENTED_EDGE('',*,*,#4600,.T.);
#5873 = ORIENTED_EDGE('',*,*,#5030,.T.);
#5874 = ORIENTED_EDGE('',*,*,#5847,.F.);
#5875 = ADVANCED_FACE('',(#5876),#5127,.F.);
#5876 = FACE_BOUND('',#5877,.F.);
#5877 = EDGE_LOOP('',(#5878,#5900,#5929,#5949));
#5878 = ORIENTED_EDGE('',*,*,#5879,.F.);
#5879 = EDGE_CURVE('',#5880,#5054,#5882,.T.);
#5880 = VERTEX_POINT('',#5881);
#5881 = CARTESIAN_POINT('',(-26.7,-10.,1.3));
#5882 = SURFACE_CURVE('',#5883,(#5886,#5893),.PCURVE_S1.);
#5883 = B_SPLINE_CURVE_WITH_KNOTS('',1,(#5884,#5885),.UNSPECIFIED.,.F.,
  .F.,(2,2),(0.,1.),.PIECEWISE_BEZIER_KNOTS.);
#5884 = CARTESIAN_POINT('',(-26.7,-10.,1.3));
#5885 = CARTESIAN_POINT('',(-45.7,-15.,109.));
#5886 = PCURVE('',#5127,#5887);
#5887 = DEFINITIONAL_REPRESENTATION('',(#5888),#5892);
#5888 = LINE('',#5889,#5890);
#5889 = CARTESIAN_POINT('',(3.14159265359,0.));
#5890 = VECTOR('',#5891,1.);
#5891 = DIRECTION('',(0.,1.));
#5892 = ( GEOMETRIC_REPRESENTATION_CONTEXT(2) 
PARAMETRIC_REPRESENTATION_CONTEXT() REPRESENTATION_CONTEXT('2D SPACE',''
  ) );
#5893 = PCURVE('',#5220,#5894);
#5894 = DEFINITIONAL_REPRESENTATION('',(#5895),#5899);
#5895 = LINE('',#5896,#5897);
#5896 = CARTESIAN_POINT('',(15.,0.));
#5897 = VECTOR('',#5898,1.);
#5898 = DIRECTION('',(0.,1.));
#5899 = ( GEOMETRIC_REPRESENTATION_CONTEXT(2) 
PARAMETRIC_REPRESENTATION_CONTEXT() REPRESENTATION_CONTEXT('2D SPACE',''
  ) );
#5900 = ORIENTED_EDGE('',*,*,#5901,.T.);
#5901 = EDGE_CURVE('',#5880,#5902,#5904,.T.);
#5902 = VERTEX_POINT('',#5903);
#5903 = CARTESIAN_POINT('',(-23.,-13.7,1.3));
#5904 = SURFACE_CURVE('',#5905,(#5910,#5917),.PCURVE_S1.);
#5905 = CIRCLE('',#5906,3.7);
#5906 = AXIS2_PLACEMENT_3D('',#5907,#5908,#5909);
#5907 = CARTESIAN_POINT('',(-23.,-10.,1.3));
#5908 = DIRECTION('',(0.,0.,1.));
#5909 = DIRECTION('',(1.,0.,0.));
#5910 = PCURVE('',#5127,#5911);
#5911 = DEFINITIONAL_REPRESENTATION('',(#5912),#5916);
#5912 = LINE('',#5913,#5914);
#5913 = CARTESIAN_POINT('',(0.,0.));
#5914 = VECTOR('',#5915,1.);
#5915 = DIRECTION('',(1.,0.));
#5916 = ( GEOMETRIC_REPRESENTATION_CONTEXT(2) 
PARAMETRIC_REPRESENTATION_CONTEXT() REPRESENTATION_CONTEXT('2D SPACE',''
  ) );
#5917 = PCURVE('',#5918,#5923);
#5918 = PLANE('',#5919);
#5919 = AXIS2_PLACEMENT_3D('',#5920,#5921,#5922);
#5920 = CARTESIAN_POINT('',(-23.,-10.,1.3));
#5921 = DIRECTION('',(0.,0.,1.));
#5922 = DIRECTION('',(1.,0.,0.));
#5923 = DEFINITIONAL_REPRESENTATION('',(#5924),#5928);
#5924 = CIRCLE('',#5925,3.7);
#5925 = AXIS2_PLACEMENT_2D('',#5926,#5927);
#5926 = CARTESIAN_POINT('',(0.,0.));
#5927 = DIRECTION('',(1.,0.));
#5928 = ( GEOMETRIC_REPRESENTATION_CONTEXT(2) 
PARAMETRIC_REPRESENTATION_CONTEXT() REPRESENTATION_CONTEXT('2D SPACE',''
  ) );
#5929 = ORIENTED_EDGE('',*,*,#5930,.T.);
#5930 = EDGE_CURVE('',#5902,#5052,#5931,.T.);
#5931 = SURFACE_CURVE('',#5932,(#5935,#5942),.PCURVE_S1.);
#5932 = B_SPLINE_CURVE_WITH_KNOTS('',1,(#5933,#5934),.UNSPECIFIED.,.F.,
  .F.,(2,2),(0.,1.),.PIECEWISE_BEZIER_KNOTS.);
#5933 = CARTESIAN_POINT('',(-23.,-13.7,1.3));
#5934 = CARTESIAN_POINT('',(-38.,-22.7,109.));
#5935 = PCURVE('',#5127,#5936);
#5936 = DEFINITIONAL_REPRESENTATION('',(#5937),#5941);
#5937 = LINE('',#5938,#5939);
#5938 = CARTESIAN_POINT('',(4.712388980385,0.));
#5939 = VECTOR('',#5940,1.);
#5940 = DIRECTION('',(0.,1.));
#5941 = ( GEOMETRIC_REPRESENTATION_CONTEXT(2) 
PARAMETRIC_REPRESENTATION_CONTEXT() REPRESENTATION_CONTEXT('2D SPACE',''
  ) );
#5942 = PCURVE('',#5728,#5943);
#5943 = DEFINITIONAL_REPRESENTATION('',(#5944),#5948);
#5944 = LINE('',#5945,#5946);
#5945 = CARTESIAN_POINT('',(-38.,0.));
#5946 = VECTOR('',#5947,1.);
#5947 = DIRECTION('',(0.,1.));
#5948 = ( GEOMETRIC_REPRESENTATION_CONTEXT(2) 
PARAMETRIC_REPRESENTATION_CONTEXT() REPRESENTATION_CONTEXT('2D SPACE',''
  ) );
#5949 = ORIENTED_EDGE('',*,*,#5051,.T.);
#5950 = ADVANCED_FACE('',(#5951),#5728,.F.);
#5951 = FACE_BOUND('',#5952,.F.);
#5952 = EDGE_LOOP('',(#5953,#5954,#5976,#5996));
#5953 = ORIENTED_EDGE('',*,*,#5930,.F.);
#5954 = ORIENTED_EDGE('',*,*,#5955,.T.);
#5955 = EDGE_CURVE('',#5902,#5956,#5958,.T.);
#5956 = VERTEX_POINT('',#5957);
#5957 = CARTESIAN_POINT('',(23.,-13.7,1.3));
#5958 = SURFACE_CURVE('',#5959,(#5963,#5969),.PCURVE_S1.);
#5959 = LINE('',#5960,#5961);
#5960 = CARTESIAN_POINT('',(0.,-13.7,1.3));
#5961 = VECTOR('',#5962,1.);
#5962 = DIRECTION('',(1.,0.,0.));
#5963 = PCURVE('',#5728,#5964);
#5964 = DEFINITIONAL_REPRESENTATION('',(#5965),#5968);
#5965 = B_SPLINE_CURVE_WITH_KNOTS('',1,(#5966,#5967),.UNSPECIFIED.,.F.,
  .F.,(2,2),(-23.,23.),.PIECEWISE_BEZIER_KNOTS.);
#5966 = CARTESIAN_POINT('',(-38.,0.));
#5967 = CARTESIAN_POINT('',(38.,0.));
#5968 = ( GEOMETRIC_REPRESENTATION_CONTEXT(2) 
PARAMETRIC_REPRESENTATION_CONTEXT() REPRESENTATION_CONTEXT('2D SPACE',''
  ) );
#5969 = PCURVE('',#5918,#5970);
#5970 = DEFINITIONAL_REPRESENTATION('',(#5971),#5975);
#5971 = LINE('',#5972,#5973);
#5972 = CARTESIAN_POINT('',(23.,-3.7));
#5973 = VECTOR('',#5974,1.);
#5974 = DIRECTION('',(1.,0.));
#5975 = ( GEOMETRIC_REPRESENTATION_CONTEXT(2) 
PARAMETRIC_REPRESENTATION_CONTEXT() REPRESENTATION_CONTEXT('2D SPACE',''
  ) );
#5976 = ORIENTED_EDGE('',*,*,#5977,.T.);
#5977 = EDGE_CURVE('',#5956,#5588,#5978,.T.);
#5978 = SURFACE_CURVE('',#5979,(#5982,#5989),.PCURVE_S1.);
#5979 = B_SPLINE_CURVE_WITH_KNOTS('',1,(#5980,#5981),.UNSPECIFIED.,.F.,
  .F.,(2,2),(0.,1.),.PIECEWISE_BEZIER_KNOTS.);
#5980 = CARTESIAN_POINT('',(23.,-13.7,1.3));
#5981 = CARTESIAN_POINT('',(38.,-22.7,109.));
#5982 = PCURVE('',#5728,#5983);
#5983 = DEFINITIONAL_REPRESENTATION('',(#5984),#5988);
#5984 = LINE('',#5985,#5986);
#5985 = CARTESIAN_POINT('',(38.,0.));
#5986 = VECTOR('',#5987,1.);
#5987 = DIRECTION('',(0.,1.));
#5988 = ( GEOMETRIC_REPRESENTATION_CONTEXT(2) 
PARAMETRIC_REPRESENTATION_CONTEXT() REPRESENTATION_CONTEXT('2D SPACE',''
  ) );
#5989 = PCURVE('',#5661,#5990);
#5990 = DEFINITIONAL_REPRESENTATION('',(#5991),#5995);
#5991 = LINE('',#5992,#5993);
#5992 = CARTESIAN_POINT('',(4.712388980385,0.));
#5993 = VECTOR('',#5994,1.);
#5994 = DIRECTION('',(0.,1.));
#5995 = ( GEOMETRIC_REPRESENTATION_CONTEXT(2) 
PARAMETRIC_REPRESENTATION_CONTEXT() REPRESENTATION_CONTEXT('2D SPACE',''
  ) );
#5996 = ORIENTED_EDGE('',*,*,#5716,.T.);
#5997 = ADVANCED_FACE('',(#5998),#5661,.F.);
#5998 = FACE_BOUND('',#5999,.F.);
#5999 = EDGE_LOOP('',(#6000,#6001,#6025,#6045));
#6000 = ORIENTED_EDGE('',*,*,#5977,.F.);
#6001 = ORIENTED_EDGE('',*,*,#6002,.T.);
#6002 = EDGE_CURVE('',#5956,#6003,#6005,.T.);
#6003 = VERTEX_POINT('',#6004);
#6004 = CARTESIAN_POINT('',(26.7,-10.,1.3));
#6005 = SURFACE_CURVE('',#6006,(#6011,#6018),.PCURVE_S1.);
#6006 = CIRCLE('',#6007,3.7);
#6007 = AXIS2_PLACEMENT_3D('',#6008,#6009,#6010);
#6008 = CARTESIAN_POINT('',(23.,-10.,1.3));
#6009 = DIRECTION('',(0.,0.,1.));
#6010 = DIRECTION('',(1.,0.,0.));
#6011 = PCURVE('',#5661,#6012);
#6012 = DEFINITIONAL_REPRESENTATION('',(#6013),#6017);
#6013 = LINE('',#6014,#6015);
#6014 = CARTESIAN_POINT('',(0.,0.));
#6015 = VECTOR('',#6016,1.);
#6016 = DIRECTION('',(1.,0.));
#6017 = ( GEOMETRIC_REPRESENTATION_CONTEXT(2) 
PARAMETRIC_REPRESENTATION_CONTEXT() REPRESENTATION_CONTEXT('2D SPACE',''
  ) );
#6018 = PCURVE('',#5918,#6019);
#6019 = DEFINITIONAL_REPRESENTATION('',(#6020),#6024);
#6020 = CIRCLE('',#6021,3.7);
#6021 = AXIS2_PLACEMENT_2D('',#6022,#6023);
#6022 = CARTESIAN_POINT('',(46.,0.));
#6023 = DIRECTION('',(1.,0.));
#6024 = ( GEOMETRIC_REPRESENTATION_CONTEXT(2) 
PARAMETRIC_REPRESENTATION_CONTEXT() REPRESENTATION_CONTEXT('2D SPACE',''
  ) );
#6025 = ORIENTED_EDGE('',*,*,#6026,.T.);
#6026 = EDGE_CURVE('',#6003,#5527,#6027,.T.);
#6027 = SURFACE_CURVE('',#6028,(#6031,#6038),.PCURVE_S1.);
#6028 = B_SPLINE_CURVE_WITH_KNOTS('',1,(#6029,#6030),.UNSPECIFIED.,.F.,
  .F.,(2,2),(0.,1.),.PIECEWISE_BEZIER_KNOTS.);
#6029 = CARTESIAN_POINT('',(26.7,-10.,1.3));
#6030 = CARTESIAN_POINT('',(45.7,-15.,109.));
#6031 = PCURVE('',#5661,#6032);
#6032 = DEFINITIONAL_REPRESENTATION('',(#6033),#6037);
#6033 = LINE('',#6034,#6035);
#6034 = CARTESIAN_POINT('',(6.28318530718,0.));
#6035 = VECTOR('',#6036,1.);
#6036 = DIRECTION('',(0.,1.));
#6037 = ( GEOMETRIC_REPRESENTATION_CONTEXT(2) 
PARAMETRIC_REPRESENTATION_CONTEXT() REPRESENTATION_CONTEXT('2D SPACE',''
  ) );
#6038 = PCURVE('',#5564,#6039);
#6039 = DEFINITIONAL_REPRESENTATION('',(#6040),#6044);
#6040 = LINE('',#6041,#6042);
#6041 = CARTESIAN_POINT('',(-15.,0.));
#6042 = VECTOR('',#6043,1.);
#6043 = DIRECTION('',(0.,1.));
#6044 = ( GEOMETRIC_REPRESENTATION_CONTEXT(2) 
PARAMETRIC_REPRESENTATION_CONTEXT() REPRESENTATION_CONTEXT('2D SPACE',''
  ) );
#6045 = ORIENTED_EDGE('',*,*,#5587,.T.);
#6046 = ADVANCED_FACE('',(#6047),#5564,.F.);
#6047 = FACE_BOUND('',#6048,.F.);
#6048 = EDGE_LOOP('',(#6049,#6050,#6072,#6092));
#6049 = ORIENTED_EDGE('',*,*,#6026,.F.);
#6050 = ORIENTED_EDGE('',*,*,#6051,.T.);
#6051 = EDGE_CURVE('',#6003,#6052,#6054,.T.);
#6052 = VERTEX_POINT('',#6053);
#6053 = CARTESIAN_POINT('',(26.7,9.999999998924,1.3));
#6054 = SURFACE_CURVE('',#6055,(#6059,#6065),.PCURVE_S1.);
#6055 = LINE('',#6056,#6057);
#6056 = CARTESIAN_POINT('',(26.7,4.440892098501E-14,1.3));
#6057 = VECTOR('',#6058,1.);
#6058 = DIRECTION('',(0.,1.,0.));
#6059 = PCURVE('',#5564,#6060);
#6060 = DEFINITIONAL_REPRESENTATION('',(#6061),#6064);
#6061 = B_SPLINE_CURVE_WITH_KNOTS('',1,(#6062,#6063),.UNSPECIFIED.,.F.,
  .F.,(2,2),(-10.,9.999999998924),.PIECEWISE_BEZIER_KNOTS.);
#6062 = CARTESIAN_POINT('',(-15.,0.));
#6063 = CARTESIAN_POINT('',(14.999999998827,0.));
#6064 = ( GEOMETRIC_REPRESENTATION_CONTEXT(2) 
PARAMETRIC_REPRESENTATION_CONTEXT() REPRESENTATION_CONTEXT('2D SPACE',''
  ) );
#6065 = PCURVE('',#5918,#6066);
#6066 = DEFINITIONAL_REPRESENTATION('',(#6067),#6071);
#6067 = LINE('',#6068,#6069);
#6068 = CARTESIAN_POINT('',(49.7,10.));
#6069 = VECTOR('',#6070,1.);
#6070 = DIRECTION('',(0.,1.));
#6071 = ( GEOMETRIC_REPRESENTATION_CONTEXT(2) 
PARAMETRIC_REPRESENTATION_CONTEXT() REPRESENTATION_CONTEXT('2D SPACE',''
  ) );
#6072 = ORIENTED_EDGE('',*,*,#6073,.T.);
#6073 = EDGE_CURVE('',#6052,#5398,#6074,.T.);
#6074 = SURFACE_CURVE('',#6075,(#6078,#6085),.PCURVE_S1.);
#6075 = B_SPLINE_CURVE_WITH_KNOTS('',1,(#6076,#6077),.UNSPECIFIED.,.F.,
  .F.,(2,2),(0.,1.),.PIECEWISE_BEZIER_KNOTS.);
#6076 = CARTESIAN_POINT('',(26.7,9.999999998924,1.3));
#6077 = CARTESIAN_POINT('',(45.7,14.999999998827,109.));
#6078 = PCURVE('',#5564,#6079);
#6079 = DEFINITIONAL_REPRESENTATION('',(#6080),#6084);
#6080 = LINE('',#6081,#6082);
#6081 = CARTESIAN_POINT('',(14.999999998827,0.));
#6082 = VECTOR('',#6083,1.);
#6083 = DIRECTION('',(0.,1.));
#6084 = ( GEOMETRIC_REPRESENTATION_CONTEXT(2) 
PARAMETRIC_REPRESENTATION_CONTEXT() REPRESENTATION_CONTEXT('2D SPACE',''
  ) );
#6085 = PCURVE('',#5471,#6086);
#6086 = DEFINITIONAL_REPRESENTATION('',(#6087),#6091);
#6087 = LINE('',#6088,#6089);
#6088 = CARTESIAN_POINT('',(3.14159265359,0.));
#6089 = VECTOR('',#6090,1.);
#6090 = DIRECTION('',(0.,1.));
#6091 = ( GEOMETRIC_REPRESENTATION_CONTEXT(2) 
PARAMETRIC_REPRESENTATION_CONTEXT() REPRESENTATION_CONTEXT('2D SPACE',''
  ) );
#6092 = ORIENTED_EDGE('',*,*,#5526,.T.);
#6093 = ADVANCED_FACE('',(#6094),#5471,.F.);
#6094 = FACE_BOUND('',#6095,.F.);
#6095 = EDGE_LOOP('',(#6096,#6097,#6121,#6141));
#6096 = ORIENTED_EDGE('',*,*,#6073,.F.);
#6097 = ORIENTED_EDGE('',*,*,#6098,.T.);
#6098 = EDGE_CURVE('',#6052,#6099,#6101,.T.);
#6099 = VERTEX_POINT('',#6100);
#6100 = CARTESIAN_POINT('',(23.,13.699999999462,1.3));
#6101 = SURFACE_CURVE('',#6102,(#6107,#6114),.PCURVE_S1.);
#6102 = CIRCLE('',#6103,3.7);
#6103 = AXIS2_PLACEMENT_3D('',#6104,#6105,#6106);
#6104 = CARTESIAN_POINT('',(23.,9.999999998924,1.3));
#6105 = DIRECTION('',(0.,0.,1.));
#6106 = DIRECTION('',(1.,0.,0.));
#6107 = PCURVE('',#5471,#6108);
#6108 = DEFINITIONAL_REPRESENTATION('',(#6109),#6113);
#6109 = LINE('',#6110,#6111);
#6110 = CARTESIAN_POINT('',(3.14159265359,0.));
#6111 = VECTOR('',#6112,1.);
#6112 = DIRECTION('',(1.,0.));
#6113 = ( GEOMETRIC_REPRESENTATION_CONTEXT(2) 
PARAMETRIC_REPRESENTATION_CONTEXT() REPRESENTATION_CONTEXT('2D SPACE',''
  ) );
#6114 = PCURVE('',#5918,#6115);
#6115 = DEFINITIONAL_REPRESENTATION('',(#6116),#6120);
#6116 = CIRCLE('',#6117,3.7);
#6117 = AXIS2_PLACEMENT_2D('',#6118,#6119);
#6118 = CARTESIAN_POINT('',(46.,19.999999998924));
#6119 = DIRECTION('',(1.,0.));
#6120 = ( GEOMETRIC_REPRESENTATION_CONTEXT(2) 
PARAMETRIC_REPRESENTATION_CONTEXT() REPRESENTATION_CONTEXT('2D SPACE',''
  ) );
#6121 = ORIENTED_EDGE('',*,*,#6122,.T.);
#6122 = EDGE_CURVE('',#6099,#5373,#6123,.T.);
#6123 = SURFACE_CURVE('',#6124,(#6127,#6134),.PCURVE_S1.);
#6124 = B_SPLINE_CURVE_WITH_KNOTS('',1,(#6125,#6126),.UNSPECIFIED.,.F.,
  .F.,(2,2),(0.,1.),.PIECEWISE_BEZIER_KNOTS.);
#6125 = CARTESIAN_POINT('',(23.,13.699999998924,1.3));
#6126 = CARTESIAN_POINT('',(38.,22.699999998827,109.));
#6127 = PCURVE('',#5471,#6128);
#6128 = DEFINITIONAL_REPRESENTATION('',(#6129),#6133);
#6129 = LINE('',#6130,#6131);
#6130 = CARTESIAN_POINT('',(4.712388980385,0.));
#6131 = VECTOR('',#6132,1.);
#6132 = DIRECTION('',(0.,1.));
#6133 = ( GEOMETRIC_REPRESENTATION_CONTEXT(2) 
PARAMETRIC_REPRESENTATION_CONTEXT() REPRESENTATION_CONTEXT('2D SPACE',''
  ) );
#6134 = PCURVE('',#5386,#6135);
#6135 = DEFINITIONAL_REPRESENTATION('',(#6136),#6140);
#6136 = LINE('',#6137,#6138);
#6137 = CARTESIAN_POINT('',(-38.,0.));
#6138 = VECTOR('',#6139,1.);
#6139 = DIRECTION('',(0.,1.));
#6140 = ( GEOMETRIC_REPRESENTATION_CONTEXT(2) 
PARAMETRIC_REPRESENTATION_CONTEXT() REPRESENTATION_CONTEXT('2D SPACE',''
  ) );
#6141 = ORIENTED_EDGE('',*,*,#5397,.T.);
#6142 = ADVANCED_FACE('',(#6143),#5386,.F.);
#6143 = FACE_BOUND('',#6144,.F.);
#6144 = EDGE_LOOP('',(#6145,#6167,#6187,#6188));
#6145 = ORIENTED_EDGE('',*,*,#6146,.F.);
#6146 = EDGE_CURVE('',#6147,#6099,#6149,.T.);
#6147 = VERTEX_POINT('',#6148);
#6148 = CARTESIAN_POINT('',(-23.,13.699999999462,1.3));
#6149 = SURFACE_CURVE('',#6150,(#6154,#6160),.PCURVE_S1.);
#6150 = LINE('',#6151,#6152);
#6151 = CARTESIAN_POINT('',(0.,13.7,1.3));
#6152 = VECTOR('',#6153,1.);
#6153 = DIRECTION('',(1.,0.,0.));
#6154 = PCURVE('',#5386,#6155);
#6155 = DEFINITIONAL_REPRESENTATION('',(#6156),#6159);
#6156 = B_SPLINE_CURVE_WITH_KNOTS('',1,(#6157,#6158),.UNSPECIFIED.,.F.,
  .F.,(2,2),(-23.,23.),.PIECEWISE_BEZIER_KNOTS.);
#6157 = CARTESIAN_POINT('',(38.,0.));
#6158 = CARTESIAN_POINT('',(-38.,0.));
#6159 = ( GEOMETRIC_REPRESENTATION_CONTEXT(2) 
PARAMETRIC_REPRESENTATION_CONTEXT() REPRESENTATION_CONTEXT('2D SPACE',''
  ) );
#6160 = PCURVE('',#5918,#6161);
#6161 = DEFINITIONAL_REPRESENTATION('',(#6162),#6166);
#6162 = LINE('',#6163,#6164);
#6163 = CARTESIAN_POINT('',(23.,23.7));
#6164 = VECTOR('',#6165,1.);
#6165 = DIRECTION('',(1.,0.));
#6166 = ( GEOMETRIC_REPRESENTATION_CONTEXT(2) 
PARAMETRIC_REPRESENTATION_CONTEXT() REPRESENTATION_CONTEXT('2D SPACE',''
  ) );
#6167 = ORIENTED_EDGE('',*,*,#6168,.T.);
#6168 = EDGE_CURVE('',#6147,#5244,#6169,.T.);
#6169 = SURFACE_CURVE('',#6170,(#6173,#6180),.PCURVE_S1.);
#6170 = B_SPLINE_CURVE_WITH_KNOTS('',1,(#6171,#6172),.UNSPECIFIED.,.F.,
  .F.,(2,2),(0.,1.),.PIECEWISE_BEZIER_KNOTS.);
#6171 = CARTESIAN_POINT('',(-23.,13.7,1.3));
#6172 = CARTESIAN_POINT('',(-38.,22.7,109.));
#6173 = PCURVE('',#5386,#6174);
#6174 = DEFINITIONAL_REPRESENTATION('',(#6175),#6179);
#6175 = LINE('',#6176,#6177);
#6176 = CARTESIAN_POINT('',(38.,0.));
#6177 = VECTOR('',#6178,1.);
#6178 = DIRECTION('',(0.,1.));
#6179 = ( GEOMETRIC_REPRESENTATION_CONTEXT(2) 
PARAMETRIC_REPRESENTATION_CONTEXT() REPRESENTATION_CONTEXT('2D SPACE',''
  ) );
#6180 = PCURVE('',#5317,#6181);
#6181 = DEFINITIONAL_REPRESENTATION('',(#6182),#6186);
#6182 = LINE('',#6183,#6184);
#6183 = CARTESIAN_POINT('',(1.570796326795,0.));
#6184 = VECTOR('',#6185,1.);
#6185 = DIRECTION('',(0.,1.));
#6186 = ( GEOMETRIC_REPRESENTATION_CONTEXT(2) 
PARAMETRIC_REPRESENTATION_CONTEXT() REPRESENTATION_CONTEXT('2D SPACE',''
  ) );
#6187 = ORIENTED_EDGE('',*,*,#5372,.T.);
#6188 = ORIENTED_EDGE('',*,*,#6122,.F.);
#6189 = ADVANCED_FACE('',(#6190),#5317,.F.);
#6190 = FACE_BOUND('',#6191,.F.);
#6191 = EDGE_LOOP('',(#6192,#6193,#6217,#6237));
#6192 = ORIENTED_EDGE('',*,*,#6168,.F.);
#6193 = ORIENTED_EDGE('',*,*,#6194,.T.);
#6194 = EDGE_CURVE('',#6147,#6195,#6197,.T.);
#6195 = VERTEX_POINT('',#6196);
#6196 = CARTESIAN_POINT('',(-26.7,9.999999998924,1.3));
#6197 = SURFACE_CURVE('',#6198,(#6203,#6210),.PCURVE_S1.);
#6198 = CIRCLE('',#6199,3.7);
#6199 = AXIS2_PLACEMENT_3D('',#6200,#6201,#6202);
#6200 = CARTESIAN_POINT('',(-23.,9.999999998924,1.3));
#6201 = DIRECTION('',(0.,0.,1.));
#6202 = DIRECTION('',(1.,0.,0.));
#6203 = PCURVE('',#5317,#6204);
#6204 = DEFINITIONAL_REPRESENTATION('',(#6205),#6209);
#6205 = LINE('',#6206,#6207);
#6206 = CARTESIAN_POINT('',(0.,0.));
#6207 = VECTOR('',#6208,1.);
#6208 = DIRECTION('',(1.,0.));
#6209 = ( GEOMETRIC_REPRESENTATION_CONTEXT(2) 
PARAMETRIC_REPRESENTATION_CONTEXT() REPRESENTATION_CONTEXT('2D SPACE',''
  ) );
#6210 = PCURVE('',#5918,#6211);
#6211 = DEFINITIONAL_REPRESENTATION('',(#6212),#6216);
#6212 = CIRCLE('',#6213,3.7);
#6213 = AXIS2_PLACEMENT_2D('',#6214,#6215);
#6214 = CARTESIAN_POINT('',(0.,19.999999998924));
#6215 = DIRECTION('',(1.,0.));
#6216 = ( GEOMETRIC_REPRESENTATION_CONTEXT(2) 
PARAMETRIC_REPRESENTATION_CONTEXT() REPRESENTATION_CONTEXT('2D SPACE',''
  ) );
#6217 = ORIENTED_EDGE('',*,*,#6218,.T.);
#6218 = EDGE_CURVE('',#6195,#5183,#6219,.T.);
#6219 = SURFACE_CURVE('',#6220,(#6223,#6230),.PCURVE_S1.);
#6220 = B_SPLINE_CURVE_WITH_KNOTS('',1,(#6221,#6222),.UNSPECIFIED.,.F.,
  .F.,(2,2),(0.,1.),.PIECEWISE_BEZIER_KNOTS.);
#6221 = CARTESIAN_POINT('',(-26.7,9.999999998924,1.3));
#6222 = CARTESIAN_POINT('',(-45.7,14.999999998827,109.));
#6223 = PCURVE('',#5317,#6224);
#6224 = DEFINITIONAL_REPRESENTATION('',(#6225),#6229);
#6225 = LINE('',#6226,#6227);
#6226 = CARTESIAN_POINT('',(3.14159265359,0.));
#6227 = VECTOR('',#6228,1.);
#6228 = DIRECTION('',(0.,1.));
#6229 = ( GEOMETRIC_REPRESENTATION_CONTEXT(2) 
PARAMETRIC_REPRESENTATION_CONTEXT() REPRESENTATION_CONTEXT('2D SPACE',''
  ) );
#6230 = PCURVE('',#5220,#6231);
#6231 = DEFINITIONAL_REPRESENTATION('',(#6232),#6236);
#6232 = LINE('',#6233,#6234);
#6233 = CARTESIAN_POINT('',(-14.99999999882,0.));
#6234 = VECTOR('',#6235,1.);
#6235 = DIRECTION('',(0.,1.));
#6236 = ( GEOMETRIC_REPRESENTATION_CONTEXT(2) 
PARAMETRIC_REPRESENTATION_CONTEXT() REPRESENTATION_CONTEXT('2D SPACE',''
  ) );
#6237 = ORIENTED_EDGE('',*,*,#5243,.T.);
#6238 = ADVANCED_FACE('',(#6239),#5220,.F.);
#6239 = FACE_BOUND('',#6240,.F.);
#6240 = EDGE_LOOP('',(#6241,#6261,#6262,#6263));
#6241 = ORIENTED_EDGE('',*,*,#6242,.F.);
#6242 = EDGE_CURVE('',#5880,#6195,#6243,.T.);
#6243 = SURFACE_CURVE('',#6244,(#6248,#6254),.PCURVE_S1.);
#6244 = LINE('',#6245,#6246);
#6245 = CARTESIAN_POINT('',(-26.7,4.440892098501E-14,1.3));
#6246 = VECTOR('',#6247,1.);
#6247 = DIRECTION('',(0.,1.,0.));
#6248 = PCURVE('',#5220,#6249);
#6249 = DEFINITIONAL_REPRESENTATION('',(#6250),#6253);
#6250 = B_SPLINE_CURVE_WITH_KNOTS('',1,(#6251,#6252),.UNSPECIFIED.,.F.,
  .F.,(2,2),(-10.,9.999999998924),.PIECEWISE_BEZIER_KNOTS.);
#6251 = CARTESIAN_POINT('',(15.,0.));
#6252 = CARTESIAN_POINT('',(-14.99999999882,0.));
#6253 = ( GEOMETRIC_REPRESENTATION_CONTEXT(2) 
PARAMETRIC_REPRESENTATION_CONTEXT() REPRESENTATION_CONTEXT('2D SPACE',''
  ) );
#6254 = PCURVE('',#5918,#6255);
#6255 = DEFINITIONAL_REPRESENTATION('',(#6256),#6260);
#6256 = LINE('',#6257,#6258);
#6257 = CARTESIAN_POINT('',(-3.7,10.));
#6258 = VECTOR('',#6259,1.);
#6259 = DIRECTION('',(0.,1.));
#6260 = ( GEOMETRIC_REPRESENTATION_CONTEXT(2) 
PARAMETRIC_REPRESENTATION_CONTEXT() REPRESENTATION_CONTEXT('2D SPACE',''
  ) );
#6261 = ORIENTED_EDGE('',*,*,#5879,.T.);
#6262 = ORIENTED_EDGE('',*,*,#5182,.T.);
#6263 = ORIENTED_EDGE('',*,*,#6218,.F.);
#6264 = ADVANCED_FACE('',(#6265),#5918,.T.);
#6265 = FACE_BOUND('',#6266,.T.);
#6266 = EDGE_LOOP('',(#6267,#6268,#6269,#6270,#6271,#6272,#6273,#6274));
#6267 = ORIENTED_EDGE('',*,*,#6242,.F.);
#6268 = ORIENTED_EDGE('',*,*,#5901,.T.);
#6269 = ORIENTED_EDGE('',*,*,#5955,.T.);
#6270 = ORIENTED_EDGE('',*,*,#6002,.T.);
#6271 = ORIENTED_EDGE('',*,*,#6051,.T.);
#6272 = ORIENTED_EDGE('',*,*,#6098,.T.);
#6273 = ORIENTED_EDGE('',*,*,#6146,.F.);
#6274 = ORIENTED_EDGE('',*,*,#6194,.T.);
#6275 = ( GEOMETRIC_REPRESENTATION_CONTEXT(3) 
GLOBAL_UNCERTAINTY_ASSIGNED_CONTEXT((#6279)) 
GLOBAL_UNIT_ASSIGNED_CONTEXT((#6276,#6277,#6278)) REPRESENTATION_CONTEXT
('Context #1','3D Context with UNIT and UNCERTAINTY') );
#6276 = ( LENGTH_UNIT() NAMED_UNIT(*) SI_UNIT(.MILLI.,.METRE.) );
#6277 = ( NAMED_UNIT(*) PLANE_ANGLE_UNIT() SI_UNIT($,.RADIAN.) );
#6278 = ( NAMED_UNIT(*) SI_UNIT($,.STERADIAN.) SOLID_ANGLE_UNIT() );
#6279 = UNCERTAINTY_MEASURE_WITH_UNIT(LENGTH_MEASURE(2.E-06),#6276,
  'distance_accuracy_value','confusion accuracy');
#6280 = CONTEXT_DEPENDENT_SHAPE_REPRESENTATION(#6281,#6283);
#6281 = ( REPRESENTATION_RELATIONSHIP('','',#4086,#10) 
REPRESENTATION_RELATIONSHIP_WITH_TRANSFORMATION(#6282) 
SHAPE_REPRESENTATION_RELATIONSHIP() );
#6282 = ITEM_DEFINED_TRANSFORMATION('','',#11,#35);
#6283 = PRODUCT_DEFINITION_SHAPE('Placement','Placement of an item',
  #6284);
#6284 = NEXT_ASSEMBLY_USAGE_OCCURRENCE('6','fries_carton','',#5,#4081,$
  );
#6285 = PRODUCT_RELATED_PRODUCT_CATEGORY('part',$,(#4083));
#6286 = SHAPE_DEFINITION_REPRESENTATION(#6287,#6293);
#6287 = PRODUCT_DEFINITION_SHAPE('','',#6288);
#6288 = PRODUCT_DEFINITION('design','',#6289,#6292);
#6289 = PRODUCT_DEFINITION_FORMATION('','',#6290);
#6290 = PRODUCT('fry_01','fry_01','',(#6291));
#6291 = PRODUCT_CONTEXT('',#2,'mechanical');
#6292 = PRODUCT_DEFINITION_CONTEXT('part definition',#2,'design');
#6293 = ADVANCED_BREP_SHAPE_REPRESENTATION('',(#11,#6294),#6980);
#6294 = MANIFOLD_SOLID_BREP('',#6295);
#6295 = CLOSED_SHELL('',(#6296,#6437,#6514,#6600,#6677,#6763,#6840,#6909
    ,#6958,#6969));
#6296 = ADVANCED_FACE('',(#6297),#6311,.T.);
#6297 = FACE_BOUND('',#6298,.T.);
#6298 = EDGE_LOOP('',(#6299,#6334,#6373,#6400));
#6299 = ORIENTED_EDGE('',*,*,#6300,.F.);
#6300 = EDGE_CURVE('',#6301,#6303,#6305,.T.);
#6301 = VERTEX_POINT('',#6302);
#6302 = CARTESIAN_POINT('',(-4.838501784965,-3.638501784965,0.));
#6303 = VERTEX_POINT('',#6304);
#6304 = CARTESIAN_POINT('',(-4.838501784965,3.638501740579,0.));
#6305 = SURFACE_CURVE('',#6306,(#6310,#6322),.PCURVE_S1.);
#6306 = LINE('',#6307,#6308);
#6307 = CARTESIAN_POINT('',(-4.838501784965,1.998401444325E-14,0.));
#6308 = VECTOR('',#6309,1.);
#6309 = DIRECTION('',(0.,1.,0.));
#6310 = PCURVE('',#6311,#6316);
#6311 = B_SPLINE_SURFACE_WITH_KNOTS('',1,1,(
    (#6312,#6313)
    ,(#6314,#6315
    )),.UNSPECIFIED.,.F.,.F.,.F.,(2,2),(2,2),(-3.638501740579,
    3.638501784965),(0.,1.),.PIECEWISE_BEZIER_KNOTS.);
#6312 = CARTESIAN_POINT('',(-4.838501784965,3.638501740579,0.));
#6313 = CARTESIAN_POINT('',(-3.967571463671,2.967571428154,
    80.687050846691));
#6314 = CARTESIAN_POINT('',(-4.838501784965,-3.638501784965,0.));
#6315 = CARTESIAN_POINT('',(-3.967571463671,-2.967571463671,
    80.687050846691));
#6316 = DEFINITIONAL_REPRESENTATION('',(#6317),#6321);
#6317 = LINE('',#6318,#6319);
#6318 = CARTESIAN_POINT('',(0.,0.));
#6319 = VECTOR('',#6320,1.);
#6320 = DIRECTION('',(-1.,0.));
#6321 = ( GEOMETRIC_REPRESENTATION_CONTEXT(2) 
PARAMETRIC_REPRESENTATION_CONTEXT() REPRESENTATION_CONTEXT('2D SPACE',''
  ) );
#6322 = PCURVE('',#6323,#6328);
#6323 = PLANE('',#6324);
#6324 = AXIS2_PLACEMENT_3D('',#6325,#6326,#6327);
#6325 = CARTESIAN_POINT('',(-3.638501784965,-3.638501784965,0.));
#6326 = DIRECTION('',(0.,0.,1.));
#6327 = DIRECTION('',(1.,0.,0.));
#6328 = DEFINITIONAL_REPRESENTATION('',(#6329),#6333);
#6329 = LINE('',#6330,#6331);
#6330 = CARTESIAN_POINT('',(-1.2,3.638501784965));
#6331 = VECTOR('',#6332,1.);
#6332 = DIRECTION('',(0.,1.));
#6333 = ( GEOMETRIC_REPRESENTATION_CONTEXT(2) 
PARAMETRIC_REPRESENTATION_CONTEXT() REPRESENTATION_CONTEXT('2D SPACE',''
  ) );
#6334 = ORIENTED_EDGE('',*,*,#6335,.T.);
#6335 = EDGE_CURVE('',#6301,#6336,#6338,.T.);
#6336 = VERTEX_POINT('',#6337);
#6337 = CARTESIAN_POINT('',(-3.967571463671,-2.967571463671,
    80.687050846691));
#6338 = SURFACE_CURVE('',#6339,(#6342,#6349),.PCURVE_S1.);
#6339 = B_SPLINE_CURVE_WITH_KNOTS('',1,(#6340,#6341),.UNSPECIFIED.,.F.,
  .F.,(2,2),(0.,1.),.PIECEWISE_BEZIER_KNOTS.);
#6340 = CARTESIAN_POINT('',(-4.838501784965,-3.638501784965,0.));
#6341 = CARTESIAN_POINT('',(-3.967571463671,-2.967571463671,
    80.687050846691));
#6342 = PCURVE('',#6311,#6343);
#6343 = DEFINITIONAL_REPRESENTATION('',(#6344),#6348);
#6344 = LINE('',#6345,#6346);
#6345 = CARTESIAN_POINT('',(3.638501784965,0.));
#6346 = VECTOR('',#6347,1.);
#6347 = DIRECTION('',(0.,1.));
#6348 = ( GEOMETRIC_REPRESENTATION_CONTEXT(2) 
PARAMETRIC_REPRESENTATION_CONTEXT() REPRESENTATION_CONTEXT('2D SPACE',''
  ) );
#6349 = PCURVE('',#6350,#6367);
#6350 = B_SPLINE_SURFACE_WITH_KNOTS('',7,1,(
    (#6351,#6352)
    ,(#6353,#6354)
    ,(#6355,#6356)
    ,(#6357,#6358)
    ,(#6359,#6360)
    ,(#6361,#6362)
    ,(#6363,#6364)
    ,(#6365,#6366
    )),.UNSPECIFIED.,.F.,.F.,.F.,(8,8),(2,2),(3.14159265359,
    4.712388980385),(0.,1.),.PIECEWISE_BEZIER_KNOTS.);
#6351 = CARTESIAN_POINT('',(-4.838501784965,-3.638501784965,0.));
#6352 = CARTESIAN_POINT('',(-3.967571463671,-2.967571463671,
    80.687050846691));
#6353 = CARTESIAN_POINT('',(-4.838501784965,-3.907781155273,0.));
#6354 = CARTESIAN_POINT('',(-3.967571463671,-3.191970938928,
    80.687050846691));
#6355 = CARTESIAN_POINT('',(-4.768003121103,-4.177059222945,0.));
#6356 = CARTESIAN_POINT('',(-3.90882257712,-3.416369328655,
    80.687050846693));
#6357 = CARTESIAN_POINT('',(-4.627017051607,-4.424198113952,0.));
#6358 = CARTESIAN_POINT('',(-3.791334185873,-3.622318404494,
    80.687050846688));
#6359 = CARTESIAN_POINT('',(-4.424198113953,-4.627017051608,0.));
#6360 = CARTESIAN_POINT('',(-3.622318404494,-3.791334185874,
    80.687050846694));
#6361 = CARTESIAN_POINT('',(-4.177059222945,-4.768003121103,0.));
#6362 = CARTESIAN_POINT('',(-3.416369328655,-3.90882257712,
    80.68705084669));
#6363 = CARTESIAN_POINT('',(-3.907781155273,-4.838501784965,0.));
#6364 = CARTESIAN_POINT('',(-3.191970938928,-3.967571463671,
    80.687050846691));
#6365 = CARTESIAN_POINT('',(-3.638501784965,-4.838501784965,0.));
#6366 = CARTESIAN_POINT('',(-2.967571463671,-3.967571463671,
    80.687050846691));
#6367 = DEFINITIONAL_REPRESENTATION('',(#6368),#6372);
#6368 = LINE('',#6369,#6370);
#6369 = CARTESIAN_POINT('',(3.14159265359,0.));
#6370 = VECTOR('',#6371,1.);
#6371 = DIRECTION('',(0.,1.));
#6372 = ( GEOMETRIC_REPRESENTATION_CONTEXT(2) 
PARAMETRIC_REPRESENTATION_CONTEXT() REPRESENTATION_CONTEXT('2D SPACE',''
  ) );
#6373 = ORIENTED_EDGE('',*,*,#6374,.T.);
#6374 = EDGE_CURVE('',#6336,#6375,#6377,.T.);
#6375 = VERTEX_POINT('',#6376);
#6376 = CARTESIAN_POINT('',(-3.967571463671,2.967571428154,
    80.687050846691));
#6377 = SURFACE_CURVE('',#6378,(#6382,#6388),.PCURVE_S1.);
#6378 = LINE('',#6379,#6380);
#6379 = CARTESIAN_POINT('',(-3.967571463671,1.665334536938E-14,
    80.687050846691));
#6380 = VECTOR('',#6381,1.);
#6381 = DIRECTION('',(0.,1.,0.));
#6382 = PCURVE('',#6311,#6383);
#6383 = DEFINITIONAL_REPRESENTATION('',(#6384),#6387);
#6384 = B_SPLINE_CURVE_WITH_KNOTS('',1,(#6385,#6386),.UNSPECIFIED.,.F.,
  .F.,(2,2),(-2.967571463671,2.967571428154),.PIECEWISE_BEZIER_KNOTS.);
#6385 = CARTESIAN_POINT('',(3.638501784965,1.));
#6386 = CARTESIAN_POINT('',(-3.638501740579,1.));
#6387 = ( GEOMETRIC_REPRESENTATION_CONTEXT(2) 
PARAMETRIC_REPRESENTATION_CONTEXT() REPRESENTATION_CONTEXT('2D SPACE',''
  ) );
#6388 = PCURVE('',#6389,#6394);
#6389 = PLANE('',#6390);
#6390 = AXIS2_PLACEMENT_3D('',#6391,#6392,#6393);
#6391 = CARTESIAN_POINT('',(-2.967571463671,-2.967571463671,
    80.687050846691));
#6392 = DIRECTION('',(0.,0.,1.));
#6393 = DIRECTION('',(1.,0.,0.));
#6394 = DEFINITIONAL_REPRESENTATION('',(#6395),#6399);
#6395 = LINE('',#6396,#6397);
#6396 = CARTESIAN_POINT('',(-1.,2.967571463671));
#6397 = VECTOR('',#6398,1.);
#6398 = DIRECTION('',(0.,1.));
#6399 = ( GEOMETRIC_REPRESENTATION_CONTEXT(2) 
PARAMETRIC_REPRESENTATION_CONTEXT() REPRESENTATION_CONTEXT('2D SPACE',''
  ) );
#6400 = ORIENTED_EDGE('',*,*,#6401,.F.);
#6401 = EDGE_CURVE('',#6303,#6375,#6402,.T.);
#6402 = SURFACE_CURVE('',#6403,(#6406,#6413),.PCURVE_S1.);
#6403 = B_SPLINE_CURVE_WITH_KNOTS('',1,(#6404,#6405),.UNSPECIFIED.,.F.,
  .F.,(2,2),(0.,1.),.PIECEWISE_BEZIER_KNOTS.);
#6404 = CARTESIAN_POINT('',(-4.838501784965,3.638501740579,0.));
#6405 = CARTESIAN_POINT('',(-3.967571463671,2.967571428154,
    80.687050846691));
#6406 = PCURVE('',#6311,#6407);
#6407 = DEFINITIONAL_REPRESENTATION('',(#6408),#6412);
#6408 = LINE('',#6409,#6410);
#6409 = CARTESIAN_POINT('',(-3.638501740579,0.));
#6410 = VECTOR('',#6411,1.);
#6411 = DIRECTION('',(0.,1.));
#6412 = ( GEOMETRIC_REPRESENTATION_CONTEXT(2) 
PARAMETRIC_REPRESENTATION_CONTEXT() REPRESENTATION_CONTEXT('2D SPACE',''
  ) );
#6413 = PCURVE('',#6414,#6431);
#6414 = B_SPLINE_SURFACE_WITH_KNOTS('',7,1,(
    (#6415,#6416)
    ,(#6417,#6418)
    ,(#6419,#6420)
    ,(#6421,#6422)
    ,(#6423,#6424)
    ,(#6425,#6426)
    ,(#6427,#6428)
    ,(#6429,#6430
    )),.UNSPECIFIED.,.F.,.F.,.F.,(8,8),(2,2),(1.570796326795,
    3.14159265359),(0.,1.),.PIECEWISE_BEZIER_KNOTS.);
#6415 = CARTESIAN_POINT('',(-3.638501784965,4.838501740579,0.));
#6416 = CARTESIAN_POINT('',(-2.967571463671,3.967571428154,
    80.687050846691));
#6417 = CARTESIAN_POINT('',(-3.907781155273,4.838501740579,0.));
#6418 = CARTESIAN_POINT('',(-3.191970938928,3.967571428154,
    80.687050846692));
#6419 = CARTESIAN_POINT('',(-4.177059222945,4.768003076717,0.));
#6420 = CARTESIAN_POINT('',(-3.416369328655,3.908822541603,
    80.687050846689));
#6421 = CARTESIAN_POINT('',(-4.424198113953,4.627017007222,0.));
#6422 = CARTESIAN_POINT('',(-3.622318404494,3.791334150357,
    80.687050846694));
#6423 = CARTESIAN_POINT('',(-4.627017051608,4.424198069566,0.));
#6424 = CARTESIAN_POINT('',(-3.791334185873,3.622318368977,
    80.687050846688));
#6425 = CARTESIAN_POINT('',(-4.768003121103,4.177059178559,0.));
#6426 = CARTESIAN_POINT('',(-3.90882257712,3.416369293138,
    80.687050846693));
#6427 = CARTESIAN_POINT('',(-4.838501784965,3.907781110887,0.));
#6428 = CARTESIAN_POINT('',(-3.967571463671,3.191970903411,
    80.68705084669));
#6429 = CARTESIAN_POINT('',(-4.838501784965,3.638501740579,0.));
#6430 = CARTESIAN_POINT('',(-3.967571463671,2.967571428154,
    80.687050846691));
#6431 = DEFINITIONAL_REPRESENTATION('',(#6432),#6436);
#6432 = LINE('',#6433,#6434);
#6433 = CARTESIAN_POINT('',(3.14159265359,0.));
#6434 = VECTOR('',#6435,1.);
#6435 = DIRECTION('',(0.,1.));
#6436 = ( GEOMETRIC_REPRESENTATION_CONTEXT(2) 
PARAMETRIC_REPRESENTATION_CONTEXT() REPRESENTATION_CONTEXT('2D SPACE',''
  ) );
#6437 = ADVANCED_FACE('',(#6438),#6350,.T.);
#6438 = FACE_BOUND('',#6439,.T.);
#6439 = EDGE_LOOP('',(#6440,#6464,#6491,#6513));
#6440 = ORIENTED_EDGE('',*,*,#6441,.T.);
#6441 = EDGE_CURVE('',#6301,#6442,#6444,.T.);
#6442 = VERTEX_POINT('',#6443);
#6443 = CARTESIAN_POINT('',(-3.638501784965,-4.838501784965,0.));
#6444 = SURFACE_CURVE('',#6445,(#6450,#6457),.PCURVE_S1.);
#6445 = CIRCLE('',#6446,1.2);
#6446 = AXIS2_PLACEMENT_3D('',#6447,#6448,#6449);
#6447 = CARTESIAN_POINT('',(-3.638501784965,-3.638501784965,0.));
#6448 = DIRECTION('',(0.,0.,1.));
#6449 = DIRECTION('',(1.,0.,0.));
#6450 = PCURVE('',#6350,#6451);
#6451 = DEFINITIONAL_REPRESENTATION('',(#6452),#6456);
#6452 = LINE('',#6453,#6454);
#6453 = CARTESIAN_POINT('',(0.,0.));
#6454 = VECTOR('',#6455,1.);
#6455 = DIRECTION('',(1.,0.));
#6456 = ( GEOMETRIC_REPRESENTATION_CONTEXT(2) 
PARAMETRIC_REPRESENTATION_CONTEXT() REPRESENTATION_CONTEXT('2D SPACE',''
  ) );
#6457 = PCURVE('',#6323,#6458);
#6458 = DEFINITIONAL_REPRESENTATION('',(#6459),#6463);
#6459 = CIRCLE('',#6460,1.2);
#6460 = AXIS2_PLACEMENT_2D('',#6461,#6462);
#6461 = CARTESIAN_POINT('',(0.,0.));
#6462 = DIRECTION('',(1.,0.));
#6463 = ( GEOMETRIC_REPRESENTATION_CONTEXT(2) 
PARAMETRIC_REPRESENTATION_CONTEXT() REPRESENTATION_CONTEXT('2D SPACE',''
  ) );
#6464 = ORIENTED_EDGE('',*,*,#6465,.T.);
#6465 = EDGE_CURVE('',#6442,#6466,#6468,.T.);
#6466 = VERTEX_POINT('',#6467);
#6467 = CARTESIAN_POINT('',(-2.967571463671,-3.967571463671,
    80.687050846691));
#6468 = SURFACE_CURVE('',#6469,(#6472,#6479),.PCURVE_S1.);
#6469 = B_SPLINE_CURVE_WITH_KNOTS('',1,(#6470,#6471),.UNSPECIFIED.,.F.,
  .F.,(2,2),(0.,1.),.PIECEWISE_BEZIER_KNOTS.);
#6470 = CARTESIAN_POINT('',(-3.638501784965,-4.838501784965,0.));
#6471 = CARTESIAN_POINT('',(-2.967571463671,-3.967571463671,
    80.687050846691));
#6472 = PCURVE('',#6350,#6473);
#6473 = DEFINITIONAL_REPRESENTATION('',(#6474),#6478);
#6474 = LINE('',#6475,#6476);
#6475 = CARTESIAN_POINT('',(4.712388980385,0.));
#6476 = VECTOR('',#6477,1.);
#6477 = DIRECTION('',(0.,1.));
#6478 = ( GEOMETRIC_REPRESENTATION_CONTEXT(2) 
PARAMETRIC_REPRESENTATION_CONTEXT() REPRESENTATION_CONTEXT('2D SPACE',''
  ) );
#6479 = PCURVE('',#6480,#6485);
#6480 = B_SPLINE_SURFACE_WITH_KNOTS('',1,1,(
    (#6481,#6482)
    ,(#6483,#6484
    )),.UNSPECIFIED.,.F.,.F.,.F.,(2,2),(2,2),(-3.638501784965,
    3.638501740579),(0.,1.),.PIECEWISE_BEZIER_KNOTS.);
#6481 = CARTESIAN_POINT('',(-3.638501784965,-4.838501784965,0.));
#6482 = CARTESIAN_POINT('',(-2.967571463671,-3.967571463671,
    80.687050846691));
#6483 = CARTESIAN_POINT('',(3.638501740579,-4.838501784965,0.));
#6484 = CARTESIAN_POINT('',(2.967571428154,-3.967571463671,
    80.687050846691));
#6485 = DEFINITIONAL_REPRESENTATION('',(#6486),#6490);
#6486 = LINE('',#6487,#6488);
#6487 = CARTESIAN_POINT('',(-3.638501784965,0.));
#6488 = VECTOR('',#6489,1.);
#6489 = DIRECTION('',(0.,1.));
#6490 = ( GEOMETRIC_REPRESENTATION_CONTEXT(2) 
PARAMETRIC_REPRESENTATION_CONTEXT() REPRESENTATION_CONTEXT('2D SPACE',''
  ) );
#6491 = ORIENTED_EDGE('',*,*,#6492,.F.);
#6492 = EDGE_CURVE('',#6336,#6466,#6493,.T.);
#6493 = SURFACE_CURVE('',#6494,(#6499,#6506),.PCURVE_S1.);
#6494 = CIRCLE('',#6495,1.);
#6495 = AXIS2_PLACEMENT_3D('',#6496,#6497,#6498);
#6496 = CARTESIAN_POINT('',(-2.967571463671,-2.967571463671,
    80.687050846691));
#6497 = DIRECTION('',(0.,0.,1.));
#6498 = DIRECTION('',(1.,0.,0.));
#6499 = PCURVE('',#6350,#6500);
#6500 = DEFINITIONAL_REPRESENTATION('',(#6501),#6505);
#6501 = LINE('',#6502,#6503);
#6502 = CARTESIAN_POINT('',(0.,1.));
#6503 = VECTOR('',#6504,1.);
#6504 = DIRECTION('',(1.,0.));
#6505 = ( GEOMETRIC_REPRESENTATION_CONTEXT(2) 
PARAMETRIC_REPRESENTATION_CONTEXT() REPRESENTATION_CONTEXT('2D SPACE',''
  ) );
#6506 = PCURVE('',#6389,#6507);
#6507 = DEFINITIONAL_REPRESENTATION('',(#6508),#6512);
#6508 = CIRCLE('',#6509,1.);
#6509 = AXIS2_PLACEMENT_2D('',#6510,#6511);
#6510 = CARTESIAN_POINT('',(0.,0.));
#6511 = DIRECTION('',(1.,0.));
#6512 = ( GEOMETRIC_REPRESENTATION_CONTEXT(2) 
PARAMETRIC_REPRESENTATION_CONTEXT() REPRESENTATION_CONTEXT('2D SPACE',''
  ) );
#6513 = ORIENTED_EDGE('',*,*,#6335,.F.);
#6514 = ADVANCED_FACE('',(#6515),#6480,.T.);
#6515 = FACE_BOUND('',#6516,.T.);
#6516 = EDGE_LOOP('',(#6517,#6540,#6579,#6599));
#6517 = ORIENTED_EDGE('',*,*,#6518,.T.);
#6518 = EDGE_CURVE('',#6442,#6519,#6521,.T.);
#6519 = VERTEX_POINT('',#6520);
#6520 = CARTESIAN_POINT('',(3.638501740579,-4.838501784965,0.));
#6521 = SURFACE_CURVE('',#6522,(#6526,#6533),.PCURVE_S1.);
#6522 = LINE('',#6523,#6524);
#6523 = CARTESIAN_POINT('',(4.440892098501E-16,-4.838501784965,0.));
#6524 = VECTOR('',#6525,1.);
#6525 = DIRECTION('',(1.,0.,0.));
#6526 = PCURVE('',#6480,#6527);
#6527 = DEFINITIONAL_REPRESENTATION('',(#6528),#6532);
#6528 = LINE('',#6529,#6530);
#6529 = CARTESIAN_POINT('',(0.,0.));
#6530 = VECTOR('',#6531,1.);
#6531 = DIRECTION('',(1.,0.));
#6532 = ( GEOMETRIC_REPRESENTATION_CONTEXT(2) 
PARAMETRIC_REPRESENTATION_CONTEXT() REPRESENTATION_CONTEXT('2D SPACE',''
  ) );
#6533 = PCURVE('',#6323,#6534);
#6534 = DEFINITIONAL_REPRESENTATION('',(#6535),#6539);
#6535 = LINE('',#6536,#6537);
#6536 = CARTESIAN_POINT('',(3.638501784965,-1.2));
#6537 = VECTOR('',#6538,1.);
#6538 = DIRECTION('',(1.,0.));
#6539 = ( GEOMETRIC_REPRESENTATION_CONTEXT(2) 
PARAMETRIC_REPRESENTATION_CONTEXT() REPRESENTATION_CONTEXT('2D SPACE',''
  ) );
#6540 = ORIENTED_EDGE('',*,*,#6541,.T.);
#6541 = EDGE_CURVE('',#6519,#6542,#6544,.T.);
#6542 = VERTEX_POINT('',#6543);
#6543 = CARTESIAN_POINT('',(2.967571428154,-3.967571463671,
    80.687050846691));
#6544 = SURFACE_CURVE('',#6545,(#6548,#6555),.PCURVE_S1.);
#6545 = B_SPLINE_CURVE_WITH_KNOTS('',1,(#6546,#6547),.UNSPECIFIED.,.F.,
  .F.,(2,2),(0.,1.),.PIECEWISE_BEZIER_KNOTS.);
#6546 = CARTESIAN_POINT('',(3.638501740579,-4.838501784965,0.));
#6547 = CARTESIAN_POINT('',(2.967571428154,-3.967571463671,
    80.687050846691));
#6548 = PCURVE('',#6480,#6549);
#6549 = DEFINITIONAL_REPRESENTATION('',(#6550),#6554);
#6550 = LINE('',#6551,#6552);
#6551 = CARTESIAN_POINT('',(3.638501740579,0.));
#6552 = VECTOR('',#6553,1.);
#6553 = DIRECTION('',(0.,1.));
#6554 = ( GEOMETRIC_REPRESENTATION_CONTEXT(2) 
PARAMETRIC_REPRESENTATION_CONTEXT() REPRESENTATION_CONTEXT('2D SPACE',''
  ) );
#6555 = PCURVE('',#6556,#6573);
#6556 = B_SPLINE_SURFACE_WITH_KNOTS('',7,1,(
    (#6557,#6558)
    ,(#6559,#6560)
    ,(#6561,#6562)
    ,(#6563,#6564)
    ,(#6565,#6566)
    ,(#6567,#6568)
    ,(#6569,#6570)
    ,(#6571,#6572
    )),.UNSPECIFIED.,.F.,.F.,.F.,(8,8),(2,2),(4.712388980385,
    6.28318530718),(0.,1.),.PIECEWISE_BEZIER_KNOTS.);
#6557 = CARTESIAN_POINT('',(3.638501740579,-4.838501784965,0.));
#6558 = CARTESIAN_POINT('',(2.967571428154,-3.967571463671,
    80.687050846691));
#6559 = CARTESIAN_POINT('',(3.907781110887,-4.838501784965,0.));
#6560 = CARTESIAN_POINT('',(3.191970903411,-3.967571463671,
    80.687050846692));
#6561 = CARTESIAN_POINT('',(4.177059178559,-4.768003121103,0.));
#6562 = CARTESIAN_POINT('',(3.416369293138,-3.90882257712,80.68705084669
    ));
#6563 = CARTESIAN_POINT('',(4.424198069567,-4.627017051608,0.));
#6564 = CARTESIAN_POINT('',(3.622318368977,-3.791334185874,
    80.687050846693));
#6565 = CARTESIAN_POINT('',(4.627017007221,-4.424198113952,0.));
#6566 = CARTESIAN_POINT('',(3.791334150356,-3.622318404494,
    80.68705084669));
#6567 = CARTESIAN_POINT('',(4.768003076717,-4.177059222945,0.));
#6568 = CARTESIAN_POINT('',(3.908822541603,-3.416369328655,
    80.687050846692));
#6569 = CARTESIAN_POINT('',(4.838501740579,-3.907781155273,0.));
#6570 = CARTESIAN_POINT('',(3.967571428154,-3.191970938928,
    80.687050846691));
#6571 = CARTESIAN_POINT('',(4.838501740579,-3.638501784965,0.));
#6572 = CARTESIAN_POINT('',(3.967571428154,-2.967571463671,
    80.687050846691));
#6573 = DEFINITIONAL_REPRESENTATION('',(#6574),#6578);
#6574 = LINE('',#6575,#6576);
#6575 = CARTESIAN_POINT('',(4.712388980385,0.));
#6576 = VECTOR('',#6577,1.);
#6577 = DIRECTION('',(0.,1.));
#6578 = ( GEOMETRIC_REPRESENTATION_CONTEXT(2) 
PARAMETRIC_REPRESENTATION_CONTEXT() REPRESENTATION_CONTEXT('2D SPACE',''
  ) );
#6579 = ORIENTED_EDGE('',*,*,#6580,.F.);
#6580 = EDGE_CURVE('',#6466,#6542,#6581,.T.);
#6581 = SURFACE_CURVE('',#6582,(#6586,#6592),.PCURVE_S1.);
#6582 = LINE('',#6583,#6584);
#6583 = CARTESIAN_POINT('',(0.,-3.967571463671,80.687050846691));
#6584 = VECTOR('',#6585,1.);
#6585 = DIRECTION('',(1.,0.,0.));
#6586 = PCURVE('',#6480,#6587);
#6587 = DEFINITIONAL_REPRESENTATION('',(#6588),#6591);
#6588 = B_SPLINE_CURVE_WITH_KNOTS('',1,(#6589,#6590),.UNSPECIFIED.,.F.,
  .F.,(2,2),(-2.967571463671,2.967571428154),.PIECEWISE_BEZIER_KNOTS.);
#6589 = CARTESIAN_POINT('',(-3.638501784965,1.));
#6590 = CARTESIAN_POINT('',(3.638501740579,1.));
#6591 = ( GEOMETRIC_REPRESENTATION_CONTEXT(2) 
PARAMETRIC_REPRESENTATION_CONTEXT() REPRESENTATION_CONTEXT('2D SPACE',''
  ) );
#6592 = PCURVE('',#6389,#6593);
#6593 = DEFINITIONAL_REPRESENTATION('',(#6594),#6598);
#6594 = LINE('',#6595,#6596);
#6595 = CARTESIAN_POINT('',(2.967571463671,-1.));
#6596 = VECTOR('',#6597,1.);
#6597 = DIRECTION('',(1.,0.));
#6598 = ( GEOMETRIC_REPRESENTATION_CONTEXT(2) 
PARAMETRIC_REPRESENTATION_CONTEXT() REPRESENTATION_CONTEXT('2D SPACE',''
  ) );
#6599 = ORIENTED_EDGE('',*,*,#6465,.F.);
#6600 = ADVANCED_FACE('',(#6601),#6556,.T.);
#6601 = FACE_BOUND('',#6602,.T.);
#6602 = EDGE_LOOP('',(#6603,#6627,#6654,#6676));
#6603 = ORIENTED_EDGE('',*,*,#6604,.T.);
#6604 = EDGE_CURVE('',#6519,#6605,#6607,.T.);
#6605 = VERTEX_POINT('',#6606);
#6606 = CARTESIAN_POINT('',(4.838501762772,-3.638501784965,0.));
#6607 = SURFACE_CURVE('',#6608,(#6613,#6620),.PCURVE_S1.);
#6608 = CIRCLE('',#6609,1.2);
#6609 = AXIS2_PLACEMENT_3D('',#6610,#6611,#6612);
#6610 = CARTESIAN_POINT('',(3.638501740579,-3.638501784965,0.));
#6611 = DIRECTION('',(0.,0.,1.));
#6612 = DIRECTION('',(1.,0.,0.));
#6613 = PCURVE('',#6556,#6614);
#6614 = DEFINITIONAL_REPRESENTATION('',(#6615),#6619);
#6615 = LINE('',#6616,#6617);
#6616 = CARTESIAN_POINT('',(0.,0.));
#6617 = VECTOR('',#6618,1.);
#6618 = DIRECTION('',(1.,0.));
#6619 = ( GEOMETRIC_REPRESENTATION_CONTEXT(2) 
PARAMETRIC_REPRESENTATION_CONTEXT() REPRESENTATION_CONTEXT('2D SPACE',''
  ) );
#6620 = PCURVE('',#6323,#6621);
#6621 = DEFINITIONAL_REPRESENTATION('',(#6622),#6626);
#6622 = CIRCLE('',#6623,1.2);
#6623 = AXIS2_PLACEMENT_2D('',#6624,#6625);
#6624 = CARTESIAN_POINT('',(7.277003525544,4.041211809636E-14));
#6625 = DIRECTION('',(1.,0.));
#6626 = ( GEOMETRIC_REPRESENTATION_CONTEXT(2) 
PARAMETRIC_REPRESENTATION_CONTEXT() REPRESENTATION_CONTEXT('2D SPACE',''
  ) );
#6627 = ORIENTED_EDGE('',*,*,#6628,.T.);
#6628 = EDGE_CURVE('',#6605,#6629,#6631,.T.);
#6629 = VERTEX_POINT('',#6630);
#6630 = CARTESIAN_POINT('',(3.967571445913,-2.967571463671,
    80.687050846691));
#6631 = SURFACE_CURVE('',#6632,(#6635,#6642),.PCURVE_S1.);
#6632 = B_SPLINE_CURVE_WITH_KNOTS('',1,(#6633,#6634),.UNSPECIFIED.,.F.,
  .F.,(2,2),(0.,1.),.PIECEWISE_BEZIER_KNOTS.);
#6633 = CARTESIAN_POINT('',(4.838501740579,-3.638501784965,0.));
#6634 = CARTESIAN_POINT('',(3.967571428154,-2.967571463671,
    80.687050846691));
#6635 = PCURVE('',#6556,#6636);
#6636 = DEFINITIONAL_REPRESENTATION('',(#6637),#6641);
#6637 = LINE('',#6638,#6639);
#6638 = CARTESIAN_POINT('',(6.28318530718,0.));
#6639 = VECTOR('',#6640,1.);
#6640 = DIRECTION('',(0.,1.));
#6641 = ( GEOMETRIC_REPRESENTATION_CONTEXT(2) 
PARAMETRIC_REPRESENTATION_CONTEXT() REPRESENTATION_CONTEXT('2D SPACE',''
  ) );
#6642 = PCURVE('',#6643,#6648);
#6643 = B_SPLINE_SURFACE_WITH_KNOTS('',1,1,(
    (#6644,#6645)
    ,(#6646,#6647
    )),.UNSPECIFIED.,.F.,.F.,.F.,(2,2),(2,2),(-3.638501784965,
    3.638501740579),(0.,1.),.PIECEWISE_BEZIER_KNOTS.);
#6644 = CARTESIAN_POINT('',(4.838501784965,-3.638501784965,0.));
#6645 = CARTESIAN_POINT('',(3.967571463671,-2.967571463671,
    80.687050846691));
#6646 = CARTESIAN_POINT('',(4.838501784965,3.638501740579,0.));
#6647 = CARTESIAN_POINT('',(3.967571463671,2.967571428154,
    80.687050846691));
#6648 = DEFINITIONAL_REPRESENTATION('',(#6649),#6653);
#6649 = LINE('',#6650,#6651);
#6650 = CARTESIAN_POINT('',(-3.638501784965,0.));
#6651 = VECTOR('',#6652,1.);
#6652 = DIRECTION('',(0.,1.));
#6653 = ( GEOMETRIC_REPRESENTATION_CONTEXT(2) 
PARAMETRIC_REPRESENTATION_CONTEXT() REPRESENTATION_CONTEXT('2D SPACE',''
  ) );
#6654 = ORIENTED_EDGE('',*,*,#6655,.F.);
#6655 = EDGE_CURVE('',#6542,#6629,#6656,.T.);
#6656 = SURFACE_CURVE('',#6657,(#6662,#6669),.PCURVE_S1.);
#6657 = CIRCLE('',#6658,1.);
#6658 = AXIS2_PLACEMENT_3D('',#6659,#6660,#6661);
#6659 = CARTESIAN_POINT('',(2.967571428154,-2.967571463671,
    80.687050846691));
#6660 = DIRECTION('',(0.,0.,1.));
#6661 = DIRECTION('',(1.,0.,0.));
#6662 = PCURVE('',#6556,#6663);
#6663 = DEFINITIONAL_REPRESENTATION('',(#6664),#6668);
#6664 = LINE('',#6665,#6666);
#6665 = CARTESIAN_POINT('',(0.,1.));
#6666 = VECTOR('',#6667,1.);
#6667 = DIRECTION('',(1.,0.));
#6668 = ( GEOMETRIC_REPRESENTATION_CONTEXT(2) 
PARAMETRIC_REPRESENTATION_CONTEXT() REPRESENTATION_CONTEXT('2D SPACE',''
  ) );
#6669 = PCURVE('',#6389,#6670);
#6670 = DEFINITIONAL_REPRESENTATION('',(#6671),#6675);
#6671 = CIRCLE('',#6672,1.);
#6672 = AXIS2_PLACEMENT_2D('',#6673,#6674);
#6673 = CARTESIAN_POINT('',(5.935142891826,3.37507799486E-14));
#6674 = DIRECTION('',(1.,0.));
#6675 = ( GEOMETRIC_REPRESENTATION_CONTEXT(2) 
PARAMETRIC_REPRESENTATION_CONTEXT() REPRESENTATION_CONTEXT('2D SPACE',''
  ) );
#6676 = ORIENTED_EDGE('',*,*,#6541,.F.);
#6677 = ADVANCED_FACE('',(#6678),#6643,.T.);
#6678 = FACE_BOUND('',#6679,.T.);
#6679 = EDGE_LOOP('',(#6680,#6703,#6742,#6762));
#6680 = ORIENTED_EDGE('',*,*,#6681,.T.);
#6681 = EDGE_CURVE('',#6605,#6682,#6684,.T.);
#6682 = VERTEX_POINT('',#6683);
#6683 = CARTESIAN_POINT('',(4.838501784965,3.638501740579,0.));
#6684 = SURFACE_CURVE('',#6685,(#6689,#6696),.PCURVE_S1.);
#6685 = LINE('',#6686,#6687);
#6686 = CARTESIAN_POINT('',(4.838501784965,1.998401444325E-14,0.));
#6687 = VECTOR('',#6688,1.);
#6688 = DIRECTION('',(0.,1.,0.));
#6689 = PCURVE('',#6643,#6690);
#6690 = DEFINITIONAL_REPRESENTATION('',(#6691),#6695);
#6691 = LINE('',#6692,#6693);
#6692 = CARTESIAN_POINT('',(0.,0.));
#6693 = VECTOR('',#6694,1.);
#6694 = DIRECTION('',(1.,0.));
#6695 = ( GEOMETRIC_REPRESENTATION_CONTEXT(2) 
PARAMETRIC_REPRESENTATION_CONTEXT() REPRESENTATION_CONTEXT('2D SPACE',''
  ) );
#6696 = PCURVE('',#6323,#6697);
#6697 = DEFINITIONAL_REPRESENTATION('',(#6698),#6702);
#6698 = LINE('',#6699,#6700);
#6699 = CARTESIAN_POINT('',(8.47700356993,3.638501784965));
#6700 = VECTOR('',#6701,1.);
#6701 = DIRECTION('',(0.,1.));
#6702 = ( GEOMETRIC_REPRESENTATION_CONTEXT(2) 
PARAMETRIC_REPRESENTATION_CONTEXT() REPRESENTATION_CONTEXT('2D SPACE',''
  ) );
#6703 = ORIENTED_EDGE('',*,*,#6704,.T.);
#6704 = EDGE_CURVE('',#6682,#6705,#6707,.T.);
#6705 = VERTEX_POINT('',#6706);
#6706 = CARTESIAN_POINT('',(3.967571463671,2.967571428154,
    80.687050846691));
#6707 = SURFACE_CURVE('',#6708,(#6711,#6718),.PCURVE_S1.);
#6708 = B_SPLINE_CURVE_WITH_KNOTS('',1,(#6709,#6710),.UNSPECIFIED.,.F.,
  .F.,(2,2),(0.,1.),.PIECEWISE_BEZIER_KNOTS.);
#6709 = CARTESIAN_POINT('',(4.838501784965,3.638501740579,0.));
#6710 = CARTESIAN_POINT('',(3.967571463671,2.967571428154,
    80.687050846691));
#6711 = PCURVE('',#6643,#6712);
#6712 = DEFINITIONAL_REPRESENTATION('',(#6713),#6717);
#6713 = LINE('',#6714,#6715);
#6714 = CARTESIAN_POINT('',(3.638501740579,0.));
#6715 = VECTOR('',#6716,1.);
#6716 = DIRECTION('',(0.,1.));
#6717 = ( GEOMETRIC_REPRESENTATION_CONTEXT(2) 
PARAMETRIC_REPRESENTATION_CONTEXT() REPRESENTATION_CONTEXT('2D SPACE',''
  ) );
#6718 = PCURVE('',#6719,#6736);
#6719 = B_SPLINE_SURFACE_WITH_KNOTS('',7,1,(
    (#6720,#6721)
    ,(#6722,#6723)
    ,(#6724,#6725)
    ,(#6726,#6727)
    ,(#6728,#6729)
    ,(#6730,#6731)
    ,(#6732,#6733)
    ,(#6734,#6735
    )),.UNSPECIFIED.,.F.,.F.,.F.,(8,8),(2,2),(0.,1.570796326795),(0.,1.)
  ,.PIECEWISE_BEZIER_KNOTS.);
#6720 = CARTESIAN_POINT('',(4.838501784965,3.638501740579,0.));
#6721 = CARTESIAN_POINT('',(3.967571463671,2.967571428154,
    80.687050846691));
#6722 = CARTESIAN_POINT('',(4.838501784965,3.907781110887,0.));
#6723 = CARTESIAN_POINT('',(3.967571463671,3.191970903411,
    80.687050846691));
#6724 = CARTESIAN_POINT('',(4.768003121103,4.177059178559,0.));
#6725 = CARTESIAN_POINT('',(3.90882257712,3.416369293138,80.68705084669)
  );
#6726 = CARTESIAN_POINT('',(4.627017051608,4.424198069566,0.));
#6727 = CARTESIAN_POINT('',(3.791334185874,3.622318368977,
    80.687050846694));
#6728 = CARTESIAN_POINT('',(4.424198113953,4.627017007222,0.));
#6729 = CARTESIAN_POINT('',(3.622318404494,3.791334150356,
    80.687050846689));
#6730 = CARTESIAN_POINT('',(4.177059222945,4.768003076717,0.));
#6731 = CARTESIAN_POINT('',(3.416369328655,3.908822541603,
    80.687050846692));
#6732 = CARTESIAN_POINT('',(3.907781155273,4.838501740579,0.));
#6733 = CARTESIAN_POINT('',(3.191970938928,3.967571428154,
    80.687050846691));
#6734 = CARTESIAN_POINT('',(3.638501784965,4.838501740579,0.));
#6735 = CARTESIAN_POINT('',(2.967571463671,3.967571428154,
    80.687050846691));
#6736 = DEFINITIONAL_REPRESENTATION('',(#6737),#6741);
#6737 = LINE('',#6738,#6739);
#6738 = CARTESIAN_POINT('',(0.,0.));
#6739 = VECTOR('',#6740,1.);
#6740 = DIRECTION('',(0.,1.));
#6741 = ( GEOMETRIC_REPRESENTATION_CONTEXT(2) 
PARAMETRIC_REPRESENTATION_CONTEXT() REPRESENTATION_CONTEXT('2D SPACE',''
  ) );
#6742 = ORIENTED_EDGE('',*,*,#6743,.F.);
#6743 = EDGE_CURVE('',#6629,#6705,#6744,.T.);
#6744 = SURFACE_CURVE('',#6745,(#6749,#6755),.PCURVE_S1.);
#6745 = LINE('',#6746,#6747);
#6746 = CARTESIAN_POINT('',(3.967571463671,1.665334536938E-14,
    80.687050846691));
#6747 = VECTOR('',#6748,1.);
#6748 = DIRECTION('',(0.,1.,0.));
#6749 = PCURVE('',#6643,#6750);
#6750 = DEFINITIONAL_REPRESENTATION('',(#6751),#6754);
#6751 = B_SPLINE_CURVE_WITH_KNOTS('',1,(#6752,#6753),.UNSPECIFIED.,.F.,
  .F.,(2,2),(-2.967571463671,2.967571428154),.PIECEWISE_BEZIER_KNOTS.);
#6752 = CARTESIAN_POINT('',(-3.638501784965,1.));
#6753 = CARTESIAN_POINT('',(3.638501740579,1.));
#6754 = ( GEOMETRIC_REPRESENTATION_CONTEXT(2) 
PARAMETRIC_REPRESENTATION_CONTEXT() REPRESENTATION_CONTEXT('2D SPACE',''
  ) );
#6755 = PCURVE('',#6389,#6756);
#6756 = DEFINITIONAL_REPRESENTATION('',(#6757),#6761);
#6757 = LINE('',#6758,#6759);
#6758 = CARTESIAN_POINT('',(6.935142927343,2.967571463671));
#6759 = VECTOR('',#6760,1.);
#6760 = DIRECTION('',(0.,1.));
#6761 = ( GEOMETRIC_REPRESENTATION_CONTEXT(2) 
PARAMETRIC_REPRESENTATION_CONTEXT() REPRESENTATION_CONTEXT('2D SPACE',''
  ) );
#6762 = ORIENTED_EDGE('',*,*,#6628,.F.);
#6763 = ADVANCED_FACE('',(#6764),#6719,.T.);
#6764 = FACE_BOUND('',#6765,.T.);
#6765 = EDGE_LOOP('',(#6766,#6790,#6817,#6839));
#6766 = ORIENTED_EDGE('',*,*,#6767,.T.);
#6767 = EDGE_CURVE('',#6682,#6768,#6770,.T.);
#6768 = VERTEX_POINT('',#6769);
#6769 = CARTESIAN_POINT('',(3.638501784965,4.838501762772,0.));
#6770 = SURFACE_CURVE('',#6771,(#6776,#6783),.PCURVE_S1.);
#6771 = CIRCLE('',#6772,1.2);
#6772 = AXIS2_PLACEMENT_3D('',#6773,#6774,#6775);
#6773 = CARTESIAN_POINT('',(3.638501784965,3.638501740579,0.));
#6774 = DIRECTION('',(0.,0.,1.));
#6775 = DIRECTION('',(1.,0.,0.));
#6776 = PCURVE('',#6719,#6777);
#6777 = DEFINITIONAL_REPRESENTATION('',(#6778),#6782);
#6778 = LINE('',#6779,#6780);
#6779 = CARTESIAN_POINT('',(0.,0.));
#6780 = VECTOR('',#6781,1.);
#6781 = DIRECTION('',(1.,0.));
#6782 = ( GEOMETRIC_REPRESENTATION_CONTEXT(2) 
PARAMETRIC_REPRESENTATION_CONTEXT() REPRESENTATION_CONTEXT('2D SPACE',''
  ) );
#6783 = PCURVE('',#6323,#6784);
#6784 = DEFINITIONAL_REPRESENTATION('',(#6785),#6789);
#6785 = CIRCLE('',#6786,1.2);
#6786 = AXIS2_PLACEMENT_2D('',#6787,#6788);
#6787 = CARTESIAN_POINT('',(7.27700356993,7.277003525544));
#6788 = DIRECTION('',(1.,0.));
#6789 = ( GEOMETRIC_REPRESENTATION_CONTEXT(2) 
PARAMETRIC_REPRESENTATION_CONTEXT() REPRESENTATION_CONTEXT('2D SPACE',''
  ) );
#6790 = ORIENTED_EDGE('',*,*,#6791,.T.);
#6791 = EDGE_CURVE('',#6768,#6792,#6794,.T.);
#6792 = VERTEX_POINT('',#6793);
#6793 = CARTESIAN_POINT('',(2.967571463671,3.967571445913,
    80.687050846691));
#6794 = SURFACE_CURVE('',#6795,(#6798,#6805),.PCURVE_S1.);
#6795 = B_SPLINE_CURVE_WITH_KNOTS('',1,(#6796,#6797),.UNSPECIFIED.,.F.,
  .F.,(2,2),(0.,1.),.PIECEWISE_BEZIER_KNOTS.);
#6796 = CARTESIAN_POINT('',(3.638501784965,4.838501740579,0.));
#6797 = CARTESIAN_POINT('',(2.967571463671,3.967571428154,
    80.687050846691));
#6798 = PCURVE('',#6719,#6799);
#6799 = DEFINITIONAL_REPRESENTATION('',(#6800),#6804);
#6800 = LINE('',#6801,#6802);
#6801 = CARTESIAN_POINT('',(1.570796326795,0.));
#6802 = VECTOR('',#6803,1.);
#6803 = DIRECTION('',(0.,1.));
#6804 = ( GEOMETRIC_REPRESENTATION_CONTEXT(2) 
PARAMETRIC_REPRESENTATION_CONTEXT() REPRESENTATION_CONTEXT('2D SPACE',''
  ) );
#6805 = PCURVE('',#6806,#6811);
#6806 = B_SPLINE_SURFACE_WITH_KNOTS('',1,1,(
    (#6807,#6808)
    ,(#6809,#6810
    )),.UNSPECIFIED.,.F.,.F.,.F.,(2,2),(2,2),(-3.638501784965,
    3.638501784965),(0.,1.),.PIECEWISE_BEZIER_KNOTS.);
#6807 = CARTESIAN_POINT('',(3.638501784965,4.838501784965,0.));
#6808 = CARTESIAN_POINT('',(2.967571463671,3.967571463671,
    80.687050846691));
#6809 = CARTESIAN_POINT('',(-3.638501784965,4.838501784965,0.));
#6810 = CARTESIAN_POINT('',(-2.967571463671,3.967571463671,
    80.687050846691));
#6811 = DEFINITIONAL_REPRESENTATION('',(#6812),#6816);
#6812 = LINE('',#6813,#6814);
#6813 = CARTESIAN_POINT('',(-3.638501784965,0.));
#6814 = VECTOR('',#6815,1.);
#6815 = DIRECTION('',(0.,1.));
#6816 = ( GEOMETRIC_REPRESENTATION_CONTEXT(2) 
PARAMETRIC_REPRESENTATION_CONTEXT() REPRESENTATION_CONTEXT('2D SPACE',''
  ) );
#6817 = ORIENTED_EDGE('',*,*,#6818,.F.);
#6818 = EDGE_CURVE('',#6705,#6792,#6819,.T.);
#6819 = SURFACE_CURVE('',#6820,(#6825,#6832),.PCURVE_S1.);
#6820 = CIRCLE('',#6821,1.);
#6821 = AXIS2_PLACEMENT_3D('',#6822,#6823,#6824);
#6822 = CARTESIAN_POINT('',(2.967571463671,2.967571428154,
    80.687050846691));
#6823 = DIRECTION('',(0.,0.,1.));
#6824 = DIRECTION('',(1.,0.,0.));
#6825 = PCURVE('',#6719,#6826);
#6826 = DEFINITIONAL_REPRESENTATION('',(#6827),#6831);
#6827 = LINE('',#6828,#6829);
#6828 = CARTESIAN_POINT('',(0.,1.));
#6829 = VECTOR('',#6830,1.);
#6830 = DIRECTION('',(1.,0.));
#6831 = ( GEOMETRIC_REPRESENTATION_CONTEXT(2) 
PARAMETRIC_REPRESENTATION_CONTEXT() REPRESENTATION_CONTEXT('2D SPACE',''
  ) );
#6832 = PCURVE('',#6389,#6833);
#6833 = DEFINITIONAL_REPRESENTATION('',(#6834),#6838);
#6834 = CIRCLE('',#6835,1.);
#6835 = AXIS2_PLACEMENT_2D('',#6836,#6837);
#6836 = CARTESIAN_POINT('',(5.935142927343,5.935142891826));
#6837 = DIRECTION('',(1.,0.));
#6838 = ( GEOMETRIC_REPRESENTATION_CONTEXT(2) 
PARAMETRIC_REPRESENTATION_CONTEXT() REPRESENTATION_CONTEXT('2D SPACE',''
  ) );
#6839 = ORIENTED_EDGE('',*,*,#6704,.F.);
#6840 = ADVANCED_FACE('',(#6841),#6806,.T.);
#6841 = FACE_BOUND('',#6842,.T.);
#6842 = EDGE_LOOP('',(#6843,#6866,#6888,#6908));
#6843 = ORIENTED_EDGE('',*,*,#6844,.F.);
#6844 = EDGE_CURVE('',#6845,#6768,#6847,.T.);
#6845 = VERTEX_POINT('',#6846);
#6846 = CARTESIAN_POINT('',(-3.638501784965,4.838501762772,0.));
#6847 = SURFACE_CURVE('',#6848,(#6852,#6859),.PCURVE_S1.);
#6848 = LINE('',#6849,#6850);
#6849 = CARTESIAN_POINT('',(4.440892098501E-16,4.838501784965,0.));
#6850 = VECTOR('',#6851,1.);
#6851 = DIRECTION('',(1.,0.,0.));
#6852 = PCURVE('',#6806,#6853);
#6853 = DEFINITIONAL_REPRESENTATION('',(#6854),#6858);
#6854 = LINE('',#6855,#6856);
#6855 = CARTESIAN_POINT('',(0.,0.));
#6856 = VECTOR('',#6857,1.);
#6857 = DIRECTION('',(-1.,0.));
#6858 = ( GEOMETRIC_REPRESENTATION_CONTEXT(2) 
PARAMETRIC_REPRESENTATION_CONTEXT() REPRESENTATION_CONTEXT('2D SPACE',''
  ) );
#6859 = PCURVE('',#6323,#6860);
#6860 = DEFINITIONAL_REPRESENTATION('',(#6861),#6865);
#6861 = LINE('',#6862,#6863);
#6862 = CARTESIAN_POINT('',(3.638501784965,8.47700356993));
#6863 = VECTOR('',#6864,1.);
#6864 = DIRECTION('',(1.,0.));
#6865 = ( GEOMETRIC_REPRESENTATION_CONTEXT(2) 
PARAMETRIC_REPRESENTATION_CONTEXT() REPRESENTATION_CONTEXT('2D SPACE',''
  ) );
#6866 = ORIENTED_EDGE('',*,*,#6867,.T.);
#6867 = EDGE_CURVE('',#6845,#6868,#6870,.T.);
#6868 = VERTEX_POINT('',#6869);
#6869 = CARTESIAN_POINT('',(-2.967571463671,3.967571445913,
    80.687050846691));
#6870 = SURFACE_CURVE('',#6871,(#6874,#6881),.PCURVE_S1.);
#6871 = B_SPLINE_CURVE_WITH_KNOTS('',1,(#6872,#6873),.UNSPECIFIED.,.F.,
  .F.,(2,2),(0.,1.),.PIECEWISE_BEZIER_KNOTS.);
#6872 = CARTESIAN_POINT('',(-3.638501784965,4.838501784965,0.));
#6873 = CARTESIAN_POINT('',(-2.967571463671,3.967571463671,
    80.687050846691));
#6874 = PCURVE('',#6806,#6875);
#6875 = DEFINITIONAL_REPRESENTATION('',(#6876),#6880);
#6876 = LINE('',#6877,#6878);
#6877 = CARTESIAN_POINT('',(3.638501784965,0.));
#6878 = VECTOR('',#6879,1.);
#6879 = DIRECTION('',(0.,1.));
#6880 = ( GEOMETRIC_REPRESENTATION_CONTEXT(2) 
PARAMETRIC_REPRESENTATION_CONTEXT() REPRESENTATION_CONTEXT('2D SPACE',''
  ) );
#6881 = PCURVE('',#6414,#6882);
#6882 = DEFINITIONAL_REPRESENTATION('',(#6883),#6887);
#6883 = LINE('',#6884,#6885);
#6884 = CARTESIAN_POINT('',(1.570796326795,0.));
#6885 = VECTOR('',#6886,1.);
#6886 = DIRECTION('',(0.,1.));
#6887 = ( GEOMETRIC_REPRESENTATION_CONTEXT(2) 
PARAMETRIC_REPRESENTATION_CONTEXT() REPRESENTATION_CONTEXT('2D SPACE',''
  ) );
#6888 = ORIENTED_EDGE('',*,*,#6889,.T.);
#6889 = EDGE_CURVE('',#6868,#6792,#6890,.T.);
#6890 = SURFACE_CURVE('',#6891,(#6895,#6901),.PCURVE_S1.);
#6891 = LINE('',#6892,#6893);
#6892 = CARTESIAN_POINT('',(0.,3.967571463671,80.687050846691));
#6893 = VECTOR('',#6894,1.);
#6894 = DIRECTION('',(1.,0.,0.));
#6895 = PCURVE('',#6806,#6896);
#6896 = DEFINITIONAL_REPRESENTATION('',(#6897),#6900);
#6897 = B_SPLINE_CURVE_WITH_KNOTS('',1,(#6898,#6899),.UNSPECIFIED.,.F.,
  .F.,(2,2),(-2.967571463671,2.967571463671),.PIECEWISE_BEZIER_KNOTS.);
#6898 = CARTESIAN_POINT('',(3.638501784965,1.));
#6899 = CARTESIAN_POINT('',(-3.638501784965,1.));
#6900 = ( GEOMETRIC_REPRESENTATION_CONTEXT(2) 
PARAMETRIC_REPRESENTATION_CONTEXT() REPRESENTATION_CONTEXT('2D SPACE',''
  ) );
#6901 = PCURVE('',#6389,#6902);
#6902 = DEFINITIONAL_REPRESENTATION('',(#6903),#6907);
#6903 = LINE('',#6904,#6905);
#6904 = CARTESIAN_POINT('',(2.967571463671,6.935142927343));
#6905 = VECTOR('',#6906,1.);
#6906 = DIRECTION('',(1.,0.));
#6907 = ( GEOMETRIC_REPRESENTATION_CONTEXT(2) 
PARAMETRIC_REPRESENTATION_CONTEXT() REPRESENTATION_CONTEXT('2D SPACE',''
  ) );
#6908 = ORIENTED_EDGE('',*,*,#6791,.F.);
#6909 = ADVANCED_FACE('',(#6910),#6414,.T.);
#6910 = FACE_BOUND('',#6911,.T.);
#6911 = EDGE_LOOP('',(#6912,#6934,#6935,#6957));
#6912 = ORIENTED_EDGE('',*,*,#6913,.T.);
#6913 = EDGE_CURVE('',#6845,#6303,#6914,.T.);
#6914 = SURFACE_CURVE('',#6915,(#6920,#6927),.PCURVE_S1.);
#6915 = CIRCLE('',#6916,1.2);
#6916 = AXIS2_PLACEMENT_3D('',#6917,#6918,#6919);
#6917 = CARTESIAN_POINT('',(-3.638501784965,3.638501740579,0.));
#6918 = DIRECTION('',(0.,0.,1.));
#6919 = DIRECTION('',(1.,0.,0.));
#6920 = PCURVE('',#6414,#6921);
#6921 = DEFINITIONAL_REPRESENTATION('',(#6922),#6926);
#6922 = LINE('',#6923,#6924);
#6923 = CARTESIAN_POINT('',(0.,0.));
#6924 = VECTOR('',#6925,1.);
#6925 = DIRECTION('',(1.,0.));
#6926 = ( GEOMETRIC_REPRESENTATION_CONTEXT(2) 
PARAMETRIC_REPRESENTATION_CONTEXT() REPRESENTATION_CONTEXT('2D SPACE',''
  ) );
#6927 = PCURVE('',#6323,#6928);
#6928 = DEFINITIONAL_REPRESENTATION('',(#6929),#6933);
#6929 = CIRCLE('',#6930,1.2);
#6930 = AXIS2_PLACEMENT_2D('',#6931,#6932);
#6931 = CARTESIAN_POINT('',(0.,7.277003525544));
#6932 = DIRECTION('',(1.,0.));
#6933 = ( GEOMETRIC_REPRESENTATION_CONTEXT(2) 
PARAMETRIC_REPRESENTATION_CONTEXT() REPRESENTATION_CONTEXT('2D SPACE',''
  ) );
#6934 = ORIENTED_EDGE('',*,*,#6401,.T.);
#6935 = ORIENTED_EDGE('',*,*,#6936,.F.);
#6936 = EDGE_CURVE('',#6868,#6375,#6937,.T.);
#6937 = SURFACE_CURVE('',#6938,(#6943,#6950),.PCURVE_S1.);
#6938 = CIRCLE('',#6939,1.);
#6939 = AXIS2_PLACEMENT_3D('',#6940,#6941,#6942);
#6940 = CARTESIAN_POINT('',(-2.967571463671,2.967571428154,
    80.687050846691));
#6941 = DIRECTION('',(0.,0.,1.));
#6942 = DIRECTION('',(1.,0.,0.));
#6943 = PCURVE('',#6414,#6944);
#6944 = DEFINITIONAL_REPRESENTATION('',(#6945),#6949);
#6945 = LINE('',#6946,#6947);
#6946 = CARTESIAN_POINT('',(0.,1.));
#6947 = VECTOR('',#6948,1.);
#6948 = DIRECTION('',(1.,0.));
#6949 = ( GEOMETRIC_REPRESENTATION_CONTEXT(2) 
PARAMETRIC_REPRESENTATION_CONTEXT() REPRESENTATION_CONTEXT('2D SPACE',''
  ) );
#6950 = PCURVE('',#6389,#6951);
#6951 = DEFINITIONAL_REPRESENTATION('',(#6952),#6956);
#6952 = CIRCLE('',#6953,1.);
#6953 = AXIS2_PLACEMENT_2D('',#6954,#6955);
#6954 = CARTESIAN_POINT('',(0.,5.935142891826));
#6955 = DIRECTION('',(1.,0.));
#6956 = ( GEOMETRIC_REPRESENTATION_CONTEXT(2) 
PARAMETRIC_REPRESENTATION_CONTEXT() REPRESENTATION_CONTEXT('2D SPACE',''
  ) );
#6957 = ORIENTED_EDGE('',*,*,#6867,.F.);
#6958 = ADVANCED_FACE('',(#6959),#6323,.F.);
#6959 = FACE_BOUND('',#6960,.F.);
#6960 = EDGE_LOOP('',(#6961,#6962,#6963,#6964,#6965,#6966,#6967,#6968));
#6961 = ORIENTED_EDGE('',*,*,#6300,.F.);
#6962 = ORIENTED_EDGE('',*,*,#6441,.T.);
#6963 = ORIENTED_EDGE('',*,*,#6518,.T.);
#6964 = ORIENTED_EDGE('',*,*,#6604,.T.);
#6965 = ORIENTED_EDGE('',*,*,#6681,.T.);
#6966 = ORIENTED_EDGE('',*,*,#6767,.T.);
#6967 = ORIENTED_EDGE('',*,*,#6844,.F.);
#6968 = ORIENTED_EDGE('',*,*,#6913,.T.);
#6969 = ADVANCED_FACE('',(#6970),#6389,.T.);
#6970 = FACE_BOUND('',#6971,.T.);
#6971 = EDGE_LOOP('',(#6972,#6973,#6974,#6975,#6976,#6977,#6978,#6979));
#6972 = ORIENTED_EDGE('',*,*,#6374,.F.);
#6973 = ORIENTED_EDGE('',*,*,#6492,.T.);
#6974 = ORIENTED_EDGE('',*,*,#6580,.T.);
#6975 = ORIENTED_EDGE('',*,*,#6655,.T.);
#6976 = ORIENTED_EDGE('',*,*,#6743,.T.);
#6977 = ORIENTED_EDGE('',*,*,#6818,.T.);
#6978 = ORIENTED_EDGE('',*,*,#6889,.F.);
#6979 = ORIENTED_EDGE('',*,*,#6936,.T.);
#6980 = ( GEOMETRIC_REPRESENTATION_CONTEXT(3) 
GLOBAL_UNCERTAINTY_ASSIGNED_CONTEXT((#6984)) 
GLOBAL_UNIT_ASSIGNED_CONTEXT((#6981,#6982,#6983)) REPRESENTATION_CONTEXT
('Context #1','3D Context with UNIT and UNCERTAINTY') );
#6981 = ( LENGTH_UNIT() NAMED_UNIT(*) SI_UNIT(.MILLI.,.METRE.) );
#6982 = ( NAMED_UNIT(*) PLANE_ANGLE_UNIT() SI_UNIT($,.RADIAN.) );
#6983 = ( NAMED_UNIT(*) SI_UNIT($,.STERADIAN.) SOLID_ANGLE_UNIT() );
#6984 = UNCERTAINTY_MEASURE_WITH_UNIT(LENGTH_MEASURE(1.E-07),#6981,
  'distance_accuracy_value','confusion accuracy');
#6985 = CONTEXT_DEPENDENT_SHAPE_REPRESENTATION(#6986,#6988);
#6986 = ( REPRESENTATION_RELATIONSHIP('','',#6293,#10) 
REPRESENTATION_RELATIONSHIP_WITH_TRANSFORMATION(#6987) 
SHAPE_REPRESENTATION_RELATIONSHIP() );
#6987 = ITEM_DEFINED_TRANSFORMATION('','',#11,#39);
#6988 = PRODUCT_DEFINITION_SHAPE('Placement','Placement of an item',
  #6989);
#6989 = NEXT_ASSEMBLY_USAGE_OCCURRENCE('7','fry_01','',#5,#6288,$);
#6990 = PRODUCT_RELATED_PRODUCT_CATEGORY('part',$,(#6290));
#6991 = SHAPE_DEFINITION_REPRESENTATION(#6992,#6998);
#6992 = PRODUCT_DEFINITION_SHAPE('','',#6993);
#6993 = PRODUCT_DEFINITION('design','',#6994,#6997);
#6994 = PRODUCT_DEFINITION_FORMATION('','',#6995);
#6995 = PRODUCT('fry_02','fry_02','',(#6996));
#6996 = PRODUCT_CONTEXT('',#2,'mechanical');
#6997 = PRODUCT_DEFINITION_CONTEXT('part definition',#2,'design');
#6998 = ADVANCED_BREP_SHAPE_REPRESENTATION('',(#11,#6999),#7685);
#6999 = MANIFOLD_SOLID_BREP('',#7000);
#7000 = CLOSED_SHELL('',(#7001,#7142,#7219,#7305,#7382,#7468,#7545,#7614
    ,#7663,#7674));
#7001 = ADVANCED_FACE('',(#7002),#7016,.T.);
#7002 = FACE_BOUND('',#7003,.T.);
#7003 = EDGE_LOOP('',(#7004,#7039,#7078,#7105));
#7004 = ORIENTED_EDGE('',*,*,#7005,.F.);
#7005 = EDGE_CURVE('',#7006,#7008,#7010,.T.);
#7006 = VERTEX_POINT('',#7007);
#7007 = CARTESIAN_POINT('',(-4.708564374392,-3.508564374392,0.));
#7008 = VERTEX_POINT('',#7009);
#7009 = CARTESIAN_POINT('',(-4.708564374392,3.508564332953,0.));
#7010 = SURFACE_CURVE('',#7011,(#7015,#7027),.PCURVE_S1.);
#7011 = LINE('',#7012,#7013);
#7012 = CARTESIAN_POINT('',(-4.708564374392,1.820765760385E-14,0.));
#7013 = VECTOR('',#7014,1.);
#7014 = DIRECTION('',(0.,1.,0.));
#7015 = PCURVE('',#7016,#7021);
#7016 = B_SPLINE_SURFACE_WITH_KNOTS('',1,1,(
    (#7017,#7018)
    ,(#7019,#7020
    )),.UNSPECIFIED.,.F.,.F.,.F.,(2,2),(2,2),(-3.508564332953,
    3.508564374392),(0.,1.),.PIECEWISE_BEZIER_KNOTS.);
#7017 = CARTESIAN_POINT('',(-4.708564374392,3.508564332953,0.));
#7018 = CARTESIAN_POINT('',(-3.861022787001,2.861022753863,
    90.300701509949));
#7019 = CARTESIAN_POINT('',(-4.708564374392,-3.508564374392,0.));
#7020 = CARTESIAN_POINT('',(-3.861022787001,-2.861022787001,
    90.300701509949));
#7021 = DEFINITIONAL_REPRESENTATION('',(#7022),#7026);
#7022 = LINE('',#7023,#7024);
#7023 = CARTESIAN_POINT('',(0.,0.));
#7024 = VECTOR('',#7025,1.);
#7025 = DIRECTION('',(-1.,0.));
#7026 = ( GEOMETRIC_REPRESENTATION_CONTEXT(2) 
PARAMETRIC_REPRESENTATION_CONTEXT() REPRESENTATION_CONTEXT('2D SPACE',''
  ) );
#7027 = PCURVE('',#7028,#7033);
#7028 = PLANE('',#7029);
#7029 = AXIS2_PLACEMENT_3D('',#7030,#7031,#7032);
#7030 = CARTESIAN_POINT('',(-3.508564374392,-3.508564374392,0.));
#7031 = DIRECTION('',(0.,0.,-1.));
#7032 = DIRECTION('',(-1.,0.,0.));
#7033 = DEFINITIONAL_REPRESENTATION('',(#7034),#7038);
#7034 = LINE('',#7035,#7036);
#7035 = CARTESIAN_POINT('',(1.2,3.508564374392));
#7036 = VECTOR('',#7037,1.);
#7037 = DIRECTION('',(0.,1.));
#7038 = ( GEOMETRIC_REPRESENTATION_CONTEXT(2) 
PARAMETRIC_REPRESENTATION_CONTEXT() REPRESENTATION_CONTEXT('2D SPACE',''
  ) );
#7039 = ORIENTED_EDGE('',*,*,#7040,.T.);
#7040 = EDGE_CURVE('',#7006,#7041,#7043,.T.);
#7041 = VERTEX_POINT('',#7042);
#7042 = CARTESIAN_POINT('',(-3.861022787001,-2.861022787001,
    90.300701509949));
#7043 = SURFACE_CURVE('',#7044,(#7047,#7054),.PCURVE_S1.);
#7044 = B_SPLINE_CURVE_WITH_KNOTS('',1,(#7045,#7046),.UNSPECIFIED.,.F.,
  .F.,(2,2),(0.,1.),.PIECEWISE_BEZIER_KNOTS.);
#7045 = CARTESIAN_POINT('',(-4.708564374392,-3.508564374392,0.));
#7046 = CARTESIAN_POINT('',(-3.861022787001,-2.861022787001,
    90.300701509949));
#7047 = PCURVE('',#7016,#7048);
#7048 = DEFINITIONAL_REPRESENTATION('',(#7049),#7053);
#7049 = LINE('',#7050,#7051);
#7050 = CARTESIAN_POINT('',(3.508564374392,0.));
#7051 = VECTOR('',#7052,1.);
#7052 = DIRECTION('',(0.,1.));
#7053 = ( GEOMETRIC_REPRESENTATION_CONTEXT(2) 
PARAMETRIC_REPRESENTATION_CONTEXT() REPRESENTATION_CONTEXT('2D SPACE',''
  ) );
#7054 = PCURVE('',#7055,#7072);
#7055 = B_SPLINE_SURFACE_WITH_KNOTS('',7,1,(
    (#7056,#7057)
    ,(#7058,#7059)
    ,(#7060,#7061)
    ,(#7062,#7063)
    ,(#7064,#7065)
    ,(#7066,#7067)
    ,(#7068,#7069)
    ,(#7070,#7071
    )),.UNSPECIFIED.,.F.,.F.,.F.,(8,8),(2,2),(0.,1.570796326795),(0.,1.)
  ,.PIECEWISE_BEZIER_KNOTS.);
#7056 = CARTESIAN_POINT('',(-4.708564374392,-3.508564374392,0.));
#7057 = CARTESIAN_POINT('',(-3.861022787001,-2.861022787001,
    90.300701509949));
#7058 = CARTESIAN_POINT('',(-4.708564374392,-3.777843744699,0.));
#7059 = CARTESIAN_POINT('',(-3.861022787001,-3.085422262258,
    90.30070150995));
#7060 = CARTESIAN_POINT('',(-4.63806571053,-4.047121812372,0.));
#7061 = CARTESIAN_POINT('',(-3.80227390045,-3.309820651985,
    90.300701509948));
#7062 = CARTESIAN_POINT('',(-4.497079641034,-4.294260703379,0.));
#7063 = CARTESIAN_POINT('',(-3.684785509203,-3.515769727824,
    90.300701509951));
#7064 = CARTESIAN_POINT('',(-4.294260703379,-4.497079641034,0.));
#7065 = CARTESIAN_POINT('',(-3.515769727824,-3.684785509203,
    90.300701509948));
#7066 = CARTESIAN_POINT('',(-4.047121812372,-4.63806571053,0.));
#7067 = CARTESIAN_POINT('',(-3.309820651985,-3.80227390045,
    90.30070150995));
#7068 = CARTESIAN_POINT('',(-3.777843744699,-4.708564374392,0.));
#7069 = CARTESIAN_POINT('',(-3.085422262258,-3.861022787001,
    90.300701509949));
#7070 = CARTESIAN_POINT('',(-3.508564374392,-4.708564374392,0.));
#7071 = CARTESIAN_POINT('',(-2.861022787001,-3.861022787001,
    90.300701509949));
#7072 = DEFINITIONAL_REPRESENTATION('',(#7073),#7077);
#7073 = LINE('',#7074,#7075);
#7074 = CARTESIAN_POINT('',(0.,0.));
#7075 = VECTOR('',#7076,1.);
#7076 = DIRECTION('',(0.,1.));
#7077 = ( GEOMETRIC_REPRESENTATION_CONTEXT(2) 
PARAMETRIC_REPRESENTATION_CONTEXT() REPRESENTATION_CONTEXT('2D SPACE',''
  ) );
#7078 = ORIENTED_EDGE('',*,*,#7079,.T.);
#7079 = EDGE_CURVE('',#7041,#7080,#7082,.T.);
#7080 = VERTEX_POINT('',#7081);
#7081 = CARTESIAN_POINT('',(-3.861022787001,2.861022753863,
    90.300701509949));
#7082 = SURFACE_CURVE('',#7083,(#7087,#7093),.PCURVE_S1.);
#7083 = LINE('',#7084,#7085);
#7084 = CARTESIAN_POINT('',(-3.861022787001,1.42108547152E-14,
    90.300701509949));
#7085 = VECTOR('',#7086,1.);
#7086 = DIRECTION('',(0.,1.,0.));
#7087 = PCURVE('',#7016,#7088);
#7088 = DEFINITIONAL_REPRESENTATION('',(#7089),#7092);
#7089 = B_SPLINE_CURVE_WITH_KNOTS('',1,(#7090,#7091),.UNSPECIFIED.,.F.,
  .F.,(2,2),(-2.861022787001,2.861022753863),.PIECEWISE_BEZIER_KNOTS.);
#7090 = CARTESIAN_POINT('',(3.508564374392,1.));
#7091 = CARTESIAN_POINT('',(-3.508564332953,1.));
#7092 = ( GEOMETRIC_REPRESENTATION_CONTEXT(2) 
PARAMETRIC_REPRESENTATION_CONTEXT() REPRESENTATION_CONTEXT('2D SPACE',''
  ) );
#7093 = PCURVE('',#7094,#7099);
#7094 = PLANE('',#7095);
#7095 = AXIS2_PLACEMENT_3D('',#7096,#7097,#7098);
#7096 = CARTESIAN_POINT('',(-2.861022787001,-2.861022787001,
    90.300701509949));
#7097 = DIRECTION('',(0.,0.,-1.));
#7098 = DIRECTION('',(-1.,0.,0.));
#7099 = DEFINITIONAL_REPRESENTATION('',(#7100),#7104);
#7100 = LINE('',#7101,#7102);
#7101 = CARTESIAN_POINT('',(1.,2.861022787001));
#7102 = VECTOR('',#7103,1.);
#7103 = DIRECTION('',(0.,1.));
#7104 = ( GEOMETRIC_REPRESENTATION_CONTEXT(2) 
PARAMETRIC_REPRESENTATION_CONTEXT() REPRESENTATION_CONTEXT('2D SPACE',''
  ) );
#7105 = ORIENTED_EDGE('',*,*,#7106,.F.);
#7106 = EDGE_CURVE('',#7008,#7080,#7107,.T.);
#7107 = SURFACE_CURVE('',#7108,(#7111,#7118),.PCURVE_S1.);
#7108 = B_SPLINE_CURVE_WITH_KNOTS('',1,(#7109,#7110),.UNSPECIFIED.,.F.,
  .F.,(2,2),(0.,1.),.PIECEWISE_BEZIER_KNOTS.);
#7109 = CARTESIAN_POINT('',(-4.708564374392,3.508564332953,0.));
#7110 = CARTESIAN_POINT('',(-3.861022787001,2.861022753863,
    90.300701509949));
#7111 = PCURVE('',#7016,#7112);
#7112 = DEFINITIONAL_REPRESENTATION('',(#7113),#7117);
#7113 = LINE('',#7114,#7115);
#7114 = CARTESIAN_POINT('',(-3.508564332953,0.));
#7115 = VECTOR('',#7116,1.);
#7116 = DIRECTION('',(0.,1.));
#7117 = ( GEOMETRIC_REPRESENTATION_CONTEXT(2) 
PARAMETRIC_REPRESENTATION_CONTEXT() REPRESENTATION_CONTEXT('2D SPACE',''
  ) );
#7118 = PCURVE('',#7119,#7136);
#7119 = B_SPLINE_SURFACE_WITH_KNOTS('',7,1,(
    (#7120,#7121)
    ,(#7122,#7123)
    ,(#7124,#7125)
    ,(#7126,#7127)
    ,(#7128,#7129)
    ,(#7130,#7131)
    ,(#7132,#7133)
    ,(#7134,#7135
    )),.UNSPECIFIED.,.F.,.F.,.F.,(8,8),(2,2),(4.712388980385,
    6.28318530718),(0.,1.),.PIECEWISE_BEZIER_KNOTS.);
#7120 = CARTESIAN_POINT('',(-3.508564374392,4.708564332953,0.));
#7121 = CARTESIAN_POINT('',(-2.861022787001,3.861022753863,
    90.300701509949));
#7122 = CARTESIAN_POINT('',(-3.777843744699,4.708564332953,0.));
#7123 = CARTESIAN_POINT('',(-3.085422262258,3.861022753863,
    90.30070150995));
#7124 = CARTESIAN_POINT('',(-4.047121812372,4.638065669091,0.));
#7125 = CARTESIAN_POINT('',(-3.309820651985,3.802273867311,
    90.300701509948));
#7126 = CARTESIAN_POINT('',(-4.294260703379,4.497079599596,0.));
#7127 = CARTESIAN_POINT('',(-3.515769727824,3.684785476066,
    90.300701509952));
#7128 = CARTESIAN_POINT('',(-4.497079641034,4.294260661941,0.));
#7129 = CARTESIAN_POINT('',(-3.684785509203,3.515769694686,
    90.300701509948));
#7130 = CARTESIAN_POINT('',(-4.63806571053,4.047121770933,0.));
#7131 = CARTESIAN_POINT('',(-3.80227390045,3.309820618847,90.30070150995
    ));
#7132 = CARTESIAN_POINT('',(-4.708564374392,3.777843703261,0.));
#7133 = CARTESIAN_POINT('',(-3.861022787001,3.08542222912,
    90.300701509949));
#7134 = CARTESIAN_POINT('',(-4.708564374392,3.508564332953,0.));
#7135 = CARTESIAN_POINT('',(-3.861022787001,2.861022753863,
    90.300701509949));
#7136 = DEFINITIONAL_REPRESENTATION('',(#7137),#7141);
#7137 = LINE('',#7138,#7139);
#7138 = CARTESIAN_POINT('',(6.28318530718,0.));
#7139 = VECTOR('',#7140,1.);
#7140 = DIRECTION('',(0.,1.));
#7141 = ( GEOMETRIC_REPRESENTATION_CONTEXT(2) 
PARAMETRIC_REPRESENTATION_CONTEXT() REPRESENTATION_CONTEXT('2D SPACE',''
  ) );
#7142 = ADVANCED_FACE('',(#7143),#7055,.T.);
#7143 = FACE_BOUND('',#7144,.T.);
#7144 = EDGE_LOOP('',(#7145,#7169,#7196,#7218));
#7145 = ORIENTED_EDGE('',*,*,#7146,.F.);
#7146 = EDGE_CURVE('',#7147,#7006,#7149,.T.);
#7147 = VERTEX_POINT('',#7148);
#7148 = CARTESIAN_POINT('',(-3.508564374392,-4.708564374392,0.));
#7149 = SURFACE_CURVE('',#7150,(#7155,#7162),.PCURVE_S1.);
#7150 = CIRCLE('',#7151,1.2);
#7151 = AXIS2_PLACEMENT_3D('',#7152,#7153,#7154);
#7152 = CARTESIAN_POINT('',(-3.508564374392,-3.508564374392,0.));
#7153 = DIRECTION('',(0.,0.,-1.));
#7154 = DIRECTION('',(-1.,0.,0.));
#7155 = PCURVE('',#7055,#7156);
#7156 = DEFINITIONAL_REPRESENTATION('',(#7157),#7161);
#7157 = LINE('',#7158,#7159);
#7158 = CARTESIAN_POINT('',(6.28318530718,0.));
#7159 = VECTOR('',#7160,1.);
#7160 = DIRECTION('',(-1.,0.));
#7161 = ( GEOMETRIC_REPRESENTATION_CONTEXT(2) 
PARAMETRIC_REPRESENTATION_CONTEXT() REPRESENTATION_CONTEXT('2D SPACE',''
  ) );
#7162 = PCURVE('',#7028,#7163);
#7163 = DEFINITIONAL_REPRESENTATION('',(#7164),#7168);
#7164 = CIRCLE('',#7165,1.2);
#7165 = AXIS2_PLACEMENT_2D('',#7166,#7167);
#7166 = CARTESIAN_POINT('',(0.,0.));
#7167 = DIRECTION('',(1.,0.));
#7168 = ( GEOMETRIC_REPRESENTATION_CONTEXT(2) 
PARAMETRIC_REPRESENTATION_CONTEXT() REPRESENTATION_CONTEXT('2D SPACE',''
  ) );
#7169 = ORIENTED_EDGE('',*,*,#7170,.T.);
#7170 = EDGE_CURVE('',#7147,#7171,#7173,.T.);
#7171 = VERTEX_POINT('',#7172);
#7172 = CARTESIAN_POINT('',(-2.861022787001,-3.861022787001,
    90.300701509949));
#7173 = SURFACE_CURVE('',#7174,(#7177,#7184),.PCURVE_S1.);
#7174 = B_SPLINE_CURVE_WITH_KNOTS('',1,(#7175,#7176),.UNSPECIFIED.,.F.,
  .F.,(2,2),(0.,1.),.PIECEWISE_BEZIER_KNOTS.);
#7175 = CARTESIAN_POINT('',(-3.508564374392,-4.708564374392,0.));
#7176 = CARTESIAN_POINT('',(-2.861022787001,-3.861022787001,
    90.300701509949));
#7177 = PCURVE('',#7055,#7178);
#7178 = DEFINITIONAL_REPRESENTATION('',(#7179),#7183);
#7179 = LINE('',#7180,#7181);
#7180 = CARTESIAN_POINT('',(1.570796326795,0.));
#7181 = VECTOR('',#7182,1.);
#7182 = DIRECTION('',(0.,1.));
#7183 = ( GEOMETRIC_REPRESENTATION_CONTEXT(2) 
PARAMETRIC_REPRESENTATION_CONTEXT() REPRESENTATION_CONTEXT('2D SPACE',''
  ) );
#7184 = PCURVE('',#7185,#7190);
#7185 = B_SPLINE_SURFACE_WITH_KNOTS('',1,1,(
    (#7186,#7187)
    ,(#7188,#7189
    )),.UNSPECIFIED.,.F.,.F.,.F.,(2,2),(2,2),(-3.508564374392,
    3.508564332953),(0.,1.),.PIECEWISE_BEZIER_KNOTS.);
#7186 = CARTESIAN_POINT('',(-3.508564374392,-4.708564374392,0.));
#7187 = CARTESIAN_POINT('',(-2.861022787001,-3.861022787001,
    90.300701509949));
#7188 = CARTESIAN_POINT('',(3.508564332953,-4.708564374392,0.));
#7189 = CARTESIAN_POINT('',(2.861022753863,-3.861022787001,
    90.300701509949));
#7190 = DEFINITIONAL_REPRESENTATION('',(#7191),#7195);
#7191 = LINE('',#7192,#7193);
#7192 = CARTESIAN_POINT('',(-3.508564374392,0.));
#7193 = VECTOR('',#7194,1.);
#7194 = DIRECTION('',(0.,1.));
#7195 = ( GEOMETRIC_REPRESENTATION_CONTEXT(2) 
PARAMETRIC_REPRESENTATION_CONTEXT() REPRESENTATION_CONTEXT('2D SPACE',''
  ) );
#7196 = ORIENTED_EDGE('',*,*,#7197,.T.);
#7197 = EDGE_CURVE('',#7171,#7041,#7198,.T.);
#7198 = SURFACE_CURVE('',#7199,(#7204,#7211),.PCURVE_S1.);
#7199 = CIRCLE('',#7200,1.);
#7200 = AXIS2_PLACEMENT_3D('',#7201,#7202,#7203);
#7201 = CARTESIAN_POINT('',(-2.861022787001,-2.861022787001,
    90.300701509949));
#7202 = DIRECTION('',(0.,0.,-1.));
#7203 = DIRECTION('',(-1.,0.,0.));
#7204 = PCURVE('',#7055,#7205);
#7205 = DEFINITIONAL_REPRESENTATION('',(#7206),#7210);
#7206 = LINE('',#7207,#7208);
#7207 = CARTESIAN_POINT('',(6.28318530718,1.));
#7208 = VECTOR('',#7209,1.);
#7209 = DIRECTION('',(-1.,0.));
#7210 = ( GEOMETRIC_REPRESENTATION_CONTEXT(2) 
PARAMETRIC_REPRESENTATION_CONTEXT() REPRESENTATION_CONTEXT('2D SPACE',''
  ) );
#7211 = PCURVE('',#7094,#7212);
#7212 = DEFINITIONAL_REPRESENTATION('',(#7213),#7217);
#7213 = CIRCLE('',#7214,1.);
#7214 = AXIS2_PLACEMENT_2D('',#7215,#7216);
#7215 = CARTESIAN_POINT('',(0.,0.));
#7216 = DIRECTION('',(1.,0.));
#7217 = ( GEOMETRIC_REPRESENTATION_CONTEXT(2) 
PARAMETRIC_REPRESENTATION_CONTEXT() REPRESENTATION_CONTEXT('2D SPACE',''
  ) );
#7218 = ORIENTED_EDGE('',*,*,#7040,.F.);
#7219 = ADVANCED_FACE('',(#7220),#7185,.T.);
#7220 = FACE_BOUND('',#7221,.T.);
#7221 = EDGE_LOOP('',(#7222,#7245,#7284,#7304));
#7222 = ORIENTED_EDGE('',*,*,#7223,.T.);
#7223 = EDGE_CURVE('',#7147,#7224,#7226,.T.);
#7224 = VERTEX_POINT('',#7225);
#7225 = CARTESIAN_POINT('',(3.508564332953,-4.708564374392,0.));
#7226 = SURFACE_CURVE('',#7227,(#7231,#7238),.PCURVE_S1.);
#7227 = LINE('',#7228,#7229);
#7228 = CARTESIAN_POINT('',(4.440892098501E-16,-4.708564374392,0.));
#7229 = VECTOR('',#7230,1.);
#7230 = DIRECTION('',(1.,0.,0.));
#7231 = PCURVE('',#7185,#7232);
#7232 = DEFINITIONAL_REPRESENTATION('',(#7233),#7237);
#7233 = LINE('',#7234,#7235);
#7234 = CARTESIAN_POINT('',(0.,0.));
#7235 = VECTOR('',#7236,1.);
#7236 = DIRECTION('',(1.,0.));
#7237 = ( GEOMETRIC_REPRESENTATION_CONTEXT(2) 
PARAMETRIC_REPRESENTATION_CONTEXT() REPRESENTATION_CONTEXT('2D SPACE',''
  ) );
#7238 = PCURVE('',#7028,#7239);
#7239 = DEFINITIONAL_REPRESENTATION('',(#7240),#7244);
#7240 = LINE('',#7241,#7242);
#7241 = CARTESIAN_POINT('',(-3.508564374392,-1.2));
#7242 = VECTOR('',#7243,1.);
#7243 = DIRECTION('',(-1.,0.));
#7244 = ( GEOMETRIC_REPRESENTATION_CONTEXT(2) 
PARAMETRIC_REPRESENTATION_CONTEXT() REPRESENTATION_CONTEXT('2D SPACE',''
  ) );
#7245 = ORIENTED_EDGE('',*,*,#7246,.T.);
#7246 = EDGE_CURVE('',#7224,#7247,#7249,.T.);
#7247 = VERTEX_POINT('',#7248);
#7248 = CARTESIAN_POINT('',(2.861022753863,-3.861022787001,
    90.300701509949));
#7249 = SURFACE_CURVE('',#7250,(#7253,#7260),.PCURVE_S1.);
#7250 = B_SPLINE_CURVE_WITH_KNOTS('',1,(#7251,#7252),.UNSPECIFIED.,.F.,
  .F.,(2,2),(0.,1.),.PIECEWISE_BEZIER_KNOTS.);
#7251 = CARTESIAN_POINT('',(3.508564332953,-4.708564374392,0.));
#7252 = CARTESIAN_POINT('',(2.861022753863,-3.861022787001,
    90.300701509949));
#7253 = PCURVE('',#7185,#7254);
#7254 = DEFINITIONAL_REPRESENTATION('',(#7255),#7259);
#7255 = LINE('',#7256,#7257);
#7256 = CARTESIAN_POINT('',(3.508564332953,0.));
#7257 = VECTOR('',#7258,1.);
#7258 = DIRECTION('',(0.,1.));
#7259 = ( GEOMETRIC_REPRESENTATION_CONTEXT(2) 
PARAMETRIC_REPRESENTATION_CONTEXT() REPRESENTATION_CONTEXT('2D SPACE',''
  ) );
#7260 = PCURVE('',#7261,#7278);
#7261 = B_SPLINE_SURFACE_WITH_KNOTS('',7,1,(
    (#7262,#7263)
    ,(#7264,#7265)
    ,(#7266,#7267)
    ,(#7268,#7269)
    ,(#7270,#7271)
    ,(#7272,#7273)
    ,(#7274,#7275)
    ,(#7276,#7277
    )),.UNSPECIFIED.,.F.,.F.,.F.,(8,8),(2,2),(1.570796326795,
    3.14159265359),(0.,1.),.PIECEWISE_BEZIER_KNOTS.);
#7262 = CARTESIAN_POINT('',(3.508564332953,-4.708564374392,0.));
#7263 = CARTESIAN_POINT('',(2.861022753863,-3.861022787001,
    90.300701509949));
#7264 = CARTESIAN_POINT('',(3.777843703261,-4.708564374392,0.));
#7265 = CARTESIAN_POINT('',(3.08542222912,-3.861022787001,90.30070150995
    ));
#7266 = CARTESIAN_POINT('',(4.047121770933,-4.63806571053,0.));
#7267 = CARTESIAN_POINT('',(3.309820618847,-3.802273900449,
    90.300701509948));
#7268 = CARTESIAN_POINT('',(4.294260661941,-4.497079641034,0.));
#7269 = CARTESIAN_POINT('',(3.515769694686,-3.684785509204,
    90.300701509953));
#7270 = CARTESIAN_POINT('',(4.497079599596,-4.294260703379,0.));
#7271 = CARTESIAN_POINT('',(3.684785476065,-3.515769727824,
    90.300701509946));
#7272 = CARTESIAN_POINT('',(4.638065669091,-4.047121812372,0.));
#7273 = CARTESIAN_POINT('',(3.802273867312,-3.309820651985,
    90.300701509951));
#7274 = CARTESIAN_POINT('',(4.708564332953,-3.777843744699,0.));
#7275 = CARTESIAN_POINT('',(3.861022753863,-3.085422262258,
    90.300701509949));
#7276 = CARTESIAN_POINT('',(4.708564332953,-3.508564374392,0.));
#7277 = CARTESIAN_POINT('',(3.861022753863,-2.861022787001,
    90.300701509949));
#7278 = DEFINITIONAL_REPRESENTATION('',(#7279),#7283);
#7279 = LINE('',#7280,#7281);
#7280 = CARTESIAN_POINT('',(1.570796326795,0.));
#7281 = VECTOR('',#7282,1.);
#7282 = DIRECTION('',(0.,1.));
#7283 = ( GEOMETRIC_REPRESENTATION_CONTEXT(2) 
PARAMETRIC_REPRESENTATION_CONTEXT() REPRESENTATION_CONTEXT('2D SPACE',''
  ) );
#7284 = ORIENTED_EDGE('',*,*,#7285,.F.);
#7285 = EDGE_CURVE('',#7171,#7247,#7286,.T.);
#7286 = SURFACE_CURVE('',#7287,(#7291,#7297),.PCURVE_S1.);
#7287 = LINE('',#7288,#7289);
#7288 = CARTESIAN_POINT('',(0.,-3.861022787001,90.300701509949));
#7289 = VECTOR('',#7290,1.);
#7290 = DIRECTION('',(1.,0.,0.));
#7291 = PCURVE('',#7185,#7292);
#7292 = DEFINITIONAL_REPRESENTATION('',(#7293),#7296);
#7293 = B_SPLINE_CURVE_WITH_KNOTS('',1,(#7294,#7295),.UNSPECIFIED.,.F.,
  .F.,(2,2),(-2.861022787001,2.861022753863),.PIECEWISE_BEZIER_KNOTS.);
#7294 = CARTESIAN_POINT('',(-3.508564374392,1.));
#7295 = CARTESIAN_POINT('',(3.508564332953,1.));
#7296 = ( GEOMETRIC_REPRESENTATION_CONTEXT(2) 
PARAMETRIC_REPRESENTATION_CONTEXT() REPRESENTATION_CONTEXT('2D SPACE',''
  ) );
#7297 = PCURVE('',#7094,#7298);
#7298 = DEFINITIONAL_REPRESENTATION('',(#7299),#7303);
#7299 = LINE('',#7300,#7301);
#7300 = CARTESIAN_POINT('',(-2.861022787001,-1.));
#7301 = VECTOR('',#7302,1.);
#7302 = DIRECTION('',(-1.,0.));
#7303 = ( GEOMETRIC_REPRESENTATION_CONTEXT(2) 
PARAMETRIC_REPRESENTATION_CONTEXT() REPRESENTATION_CONTEXT('2D SPACE',''
  ) );
#7304 = ORIENTED_EDGE('',*,*,#7170,.F.);
#7305 = ADVANCED_FACE('',(#7306),#7261,.T.);
#7306 = FACE_BOUND('',#7307,.T.);
#7307 = EDGE_LOOP('',(#7308,#7332,#7359,#7381));
#7308 = ORIENTED_EDGE('',*,*,#7309,.F.);
#7309 = EDGE_CURVE('',#7310,#7224,#7312,.T.);
#7310 = VERTEX_POINT('',#7311);
#7311 = CARTESIAN_POINT('',(4.708564353672,-3.508564374392,0.));
#7312 = SURFACE_CURVE('',#7313,(#7318,#7325),.PCURVE_S1.);
#7313 = CIRCLE('',#7314,1.2);
#7314 = AXIS2_PLACEMENT_3D('',#7315,#7316,#7317);
#7315 = CARTESIAN_POINT('',(3.508564332953,-3.508564374392,0.));
#7316 = DIRECTION('',(0.,0.,-1.));
#7317 = DIRECTION('',(-1.,0.,0.));
#7318 = PCURVE('',#7261,#7319);
#7319 = DEFINITIONAL_REPRESENTATION('',(#7320),#7324);
#7320 = LINE('',#7321,#7322);
#7321 = CARTESIAN_POINT('',(6.28318530718,0.));
#7322 = VECTOR('',#7323,1.);
#7323 = DIRECTION('',(-1.,0.));
#7324 = ( GEOMETRIC_REPRESENTATION_CONTEXT(2) 
PARAMETRIC_REPRESENTATION_CONTEXT() REPRESENTATION_CONTEXT('2D SPACE',''
  ) );
#7325 = PCURVE('',#7028,#7326);
#7326 = DEFINITIONAL_REPRESENTATION('',(#7327),#7331);
#7327 = CIRCLE('',#7328,1.2);
#7328 = AXIS2_PLACEMENT_2D('',#7329,#7330);
#7329 = CARTESIAN_POINT('',(-7.017128707345,3.685940441756E-14));
#7330 = DIRECTION('',(1.,0.));
#7331 = ( GEOMETRIC_REPRESENTATION_CONTEXT(2) 
PARAMETRIC_REPRESENTATION_CONTEXT() REPRESENTATION_CONTEXT('2D SPACE',''
  ) );
#7332 = ORIENTED_EDGE('',*,*,#7333,.T.);
#7333 = EDGE_CURVE('',#7310,#7334,#7336,.T.);
#7334 = VERTEX_POINT('',#7335);
#7335 = CARTESIAN_POINT('',(3.861022770432,-2.861022787001,
    90.300701509949));
#7336 = SURFACE_CURVE('',#7337,(#7340,#7347),.PCURVE_S1.);
#7337 = B_SPLINE_CURVE_WITH_KNOTS('',1,(#7338,#7339),.UNSPECIFIED.,.F.,
  .F.,(2,2),(0.,1.),.PIECEWISE_BEZIER_KNOTS.);
#7338 = CARTESIAN_POINT('',(4.708564332953,-3.508564374392,0.));
#7339 = CARTESIAN_POINT('',(3.861022753863,-2.861022787001,
    90.300701509949));
#7340 = PCURVE('',#7261,#7341);
#7341 = DEFINITIONAL_REPRESENTATION('',(#7342),#7346);
#7342 = LINE('',#7343,#7344);
#7343 = CARTESIAN_POINT('',(3.14159265359,0.));
#7344 = VECTOR('',#7345,1.);
#7345 = DIRECTION('',(0.,1.));
#7346 = ( GEOMETRIC_REPRESENTATION_CONTEXT(2) 
PARAMETRIC_REPRESENTATION_CONTEXT() REPRESENTATION_CONTEXT('2D SPACE',''
  ) );
#7347 = PCURVE('',#7348,#7353);
#7348 = B_SPLINE_SURFACE_WITH_KNOTS('',1,1,(
    (#7349,#7350)
    ,(#7351,#7352
    )),.UNSPECIFIED.,.F.,.F.,.F.,(2,2),(2,2),(-3.508564374392,
    3.508564332953),(0.,1.),.PIECEWISE_BEZIER_KNOTS.);
#7349 = CARTESIAN_POINT('',(4.708564374392,-3.508564374392,0.));
#7350 = CARTESIAN_POINT('',(3.861022787001,-2.861022787001,
    90.300701509949));
#7351 = CARTESIAN_POINT('',(4.708564374392,3.508564332953,0.));
#7352 = CARTESIAN_POINT('',(3.861022787001,2.861022753863,
    90.300701509949));
#7353 = DEFINITIONAL_REPRESENTATION('',(#7354),#7358);
#7354 = LINE('',#7355,#7356);
#7355 = CARTESIAN_POINT('',(-3.508564374392,0.));
#7356 = VECTOR('',#7357,1.);
#7357 = DIRECTION('',(0.,1.));
#7358 = ( GEOMETRIC_REPRESENTATION_CONTEXT(2) 
PARAMETRIC_REPRESENTATION_CONTEXT() REPRESENTATION_CONTEXT('2D SPACE',''
  ) );
#7359 = ORIENTED_EDGE('',*,*,#7360,.T.);
#7360 = EDGE_CURVE('',#7334,#7247,#7361,.T.);
#7361 = SURFACE_CURVE('',#7362,(#7367,#7374),.PCURVE_S1.);
#7362 = CIRCLE('',#7363,1.);
#7363 = AXIS2_PLACEMENT_3D('',#7364,#7365,#7366);
#7364 = CARTESIAN_POINT('',(2.861022753863,-2.861022787001,
    90.300701509949));
#7365 = DIRECTION('',(0.,0.,-1.));
#7366 = DIRECTION('',(-1.,0.,0.));
#7367 = PCURVE('',#7261,#7368);
#7368 = DEFINITIONAL_REPRESENTATION('',(#7369),#7373);
#7369 = LINE('',#7370,#7371);
#7370 = CARTESIAN_POINT('',(6.28318530718,1.));
#7371 = VECTOR('',#7372,1.);
#7372 = DIRECTION('',(-1.,0.));
#7373 = ( GEOMETRIC_REPRESENTATION_CONTEXT(2) 
PARAMETRIC_REPRESENTATION_CONTEXT() REPRESENTATION_CONTEXT('2D SPACE',''
  ) );
#7374 = PCURVE('',#7094,#7375);
#7375 = DEFINITIONAL_REPRESENTATION('',(#7376),#7380);
#7376 = CIRCLE('',#7377,1.);
#7377 = AXIS2_PLACEMENT_2D('',#7378,#7379);
#7378 = CARTESIAN_POINT('',(-5.722045540864,2.84217094304E-14));
#7379 = DIRECTION('',(1.,0.));
#7380 = ( GEOMETRIC_REPRESENTATION_CONTEXT(2) 
PARAMETRIC_REPRESENTATION_CONTEXT() REPRESENTATION_CONTEXT('2D SPACE',''
  ) );
#7381 = ORIENTED_EDGE('',*,*,#7246,.F.);
#7382 = ADVANCED_FACE('',(#7383),#7348,.T.);
#7383 = FACE_BOUND('',#7384,.T.);
#7384 = EDGE_LOOP('',(#7385,#7408,#7447,#7467));
#7385 = ORIENTED_EDGE('',*,*,#7386,.T.);
#7386 = EDGE_CURVE('',#7310,#7387,#7389,.T.);
#7387 = VERTEX_POINT('',#7388);
#7388 = CARTESIAN_POINT('',(4.708564374392,3.508564332953,0.));
#7389 = SURFACE_CURVE('',#7390,(#7394,#7401),.PCURVE_S1.);
#7390 = LINE('',#7391,#7392);
#7391 = CARTESIAN_POINT('',(4.708564374392,1.820765760385E-14,0.));
#7392 = VECTOR('',#7393,1.);
#7393 = DIRECTION('',(0.,1.,0.));
#7394 = PCURVE('',#7348,#7395);
#7395 = DEFINITIONAL_REPRESENTATION('',(#7396),#7400);
#7396 = LINE('',#7397,#7398);
#7397 = CARTESIAN_POINT('',(0.,0.));
#7398 = VECTOR('',#7399,1.);
#7399 = DIRECTION('',(1.,0.));
#7400 = ( GEOMETRIC_REPRESENTATION_CONTEXT(2) 
PARAMETRIC_REPRESENTATION_CONTEXT() REPRESENTATION_CONTEXT('2D SPACE',''
  ) );
#7401 = PCURVE('',#7028,#7402);
#7402 = DEFINITIONAL_REPRESENTATION('',(#7403),#7407);
#7403 = LINE('',#7404,#7405);
#7404 = CARTESIAN_POINT('',(-8.217128748783,3.508564374392));
#7405 = VECTOR('',#7406,1.);
#7406 = DIRECTION('',(0.,1.));
#7407 = ( GEOMETRIC_REPRESENTATION_CONTEXT(2) 
PARAMETRIC_REPRESENTATION_CONTEXT() REPRESENTATION_CONTEXT('2D SPACE',''
  ) );
#7408 = ORIENTED_EDGE('',*,*,#7409,.T.);
#7409 = EDGE_CURVE('',#7387,#7410,#7412,.T.);
#7410 = VERTEX_POINT('',#7411);
#7411 = CARTESIAN_POINT('',(3.861022787001,2.861022753863,
    90.300701509949));
#7412 = SURFACE_CURVE('',#7413,(#7416,#7423),.PCURVE_S1.);
#7413 = B_SPLINE_CURVE_WITH_KNOTS('',1,(#7414,#7415),.UNSPECIFIED.,.F.,
  .F.,(2,2),(0.,1.),.PIECEWISE_BEZIER_KNOTS.);
#7414 = CARTESIAN_POINT('',(4.708564374392,3.508564332953,0.));
#7415 = CARTESIAN_POINT('',(3.861022787001,2.861022753863,
    90.300701509949));
#7416 = PCURVE('',#7348,#7417);
#7417 = DEFINITIONAL_REPRESENTATION('',(#7418),#7422);
#7418 = LINE('',#7419,#7420);
#7419 = CARTESIAN_POINT('',(3.508564332953,0.));
#7420 = VECTOR('',#7421,1.);
#7421 = DIRECTION('',(0.,1.));
#7422 = ( GEOMETRIC_REPRESENTATION_CONTEXT(2) 
PARAMETRIC_REPRESENTATION_CONTEXT() REPRESENTATION_CONTEXT('2D SPACE',''
  ) );
#7423 = PCURVE('',#7424,#7441);
#7424 = B_SPLINE_SURFACE_WITH_KNOTS('',7,1,(
    (#7425,#7426)
    ,(#7427,#7428)
    ,(#7429,#7430)
    ,(#7431,#7432)
    ,(#7433,#7434)
    ,(#7435,#7436)
    ,(#7437,#7438)
    ,(#7439,#7440
    )),.UNSPECIFIED.,.F.,.F.,.F.,(8,8),(2,2),(3.14159265359,
    4.712388980385),(0.,1.),.PIECEWISE_BEZIER_KNOTS.);
#7425 = CARTESIAN_POINT('',(4.708564374392,3.508564332953,0.));
#7426 = CARTESIAN_POINT('',(3.861022787001,2.861022753863,
    90.300701509949));
#7427 = CARTESIAN_POINT('',(4.708564374392,3.777843703261,0.));
#7428 = CARTESIAN_POINT('',(3.861022787001,3.08542222912,90.300701509949
    ));
#7429 = CARTESIAN_POINT('',(4.63806571053,4.047121770934,0.));
#7430 = CARTESIAN_POINT('',(3.80227390045,3.309820618847,90.300701509951
    ));
#7431 = CARTESIAN_POINT('',(4.497079641034,4.294260661941,0.));
#7432 = CARTESIAN_POINT('',(3.684785509203,3.515769694686,
    90.300701509946));
#7433 = CARTESIAN_POINT('',(4.294260703379,4.497079599596,0.));
#7434 = CARTESIAN_POINT('',(3.515769727824,3.684785476065,
    90.300701509953));
#7435 = CARTESIAN_POINT('',(4.047121812372,4.638065669091,0.));
#7436 = CARTESIAN_POINT('',(3.309820651985,3.802273867311,
    90.300701509947));
#7437 = CARTESIAN_POINT('',(3.777843744699,4.708564332953,0.));
#7438 = CARTESIAN_POINT('',(3.085422262258,3.861022753863,90.30070150995
    ));
#7439 = CARTESIAN_POINT('',(3.508564374392,4.708564332953,0.));
#7440 = CARTESIAN_POINT('',(2.861022787001,3.861022753863,
    90.300701509949));
#7441 = DEFINITIONAL_REPRESENTATION('',(#7442),#7446);
#7442 = LINE('',#7443,#7444);
#7443 = CARTESIAN_POINT('',(3.14159265359,0.));
#7444 = VECTOR('',#7445,1.);
#7445 = DIRECTION('',(0.,1.));
#7446 = ( GEOMETRIC_REPRESENTATION_CONTEXT(2) 
PARAMETRIC_REPRESENTATION_CONTEXT() REPRESENTATION_CONTEXT('2D SPACE',''
  ) );
#7447 = ORIENTED_EDGE('',*,*,#7448,.F.);
#7448 = EDGE_CURVE('',#7334,#7410,#7449,.T.);
#7449 = SURFACE_CURVE('',#7450,(#7454,#7460),.PCURVE_S1.);
#7450 = LINE('',#7451,#7452);
#7451 = CARTESIAN_POINT('',(3.861022787001,1.42108547152E-14,
    90.300701509949));
#7452 = VECTOR('',#7453,1.);
#7453 = DIRECTION('',(0.,1.,0.));
#7454 = PCURVE('',#7348,#7455);
#7455 = DEFINITIONAL_REPRESENTATION('',(#7456),#7459);
#7456 = B_SPLINE_CURVE_WITH_KNOTS('',1,(#7457,#7458),.UNSPECIFIED.,.F.,
  .F.,(2,2),(-2.861022787001,2.861022753863),.PIECEWISE_BEZIER_KNOTS.);
#7457 = CARTESIAN_POINT('',(-3.508564374392,1.));
#7458 = CARTESIAN_POINT('',(3.508564332953,1.));
#7459 = ( GEOMETRIC_REPRESENTATION_CONTEXT(2) 
PARAMETRIC_REPRESENTATION_CONTEXT() REPRESENTATION_CONTEXT('2D SPACE',''
  ) );
#7460 = PCURVE('',#7094,#7461);
#7461 = DEFINITIONAL_REPRESENTATION('',(#7462),#7466);
#7462 = LINE('',#7463,#7464);
#7463 = CARTESIAN_POINT('',(-6.722045574002,2.861022787001));
#7464 = VECTOR('',#7465,1.);
#7465 = DIRECTION('',(0.,1.));
#7466 = ( GEOMETRIC_REPRESENTATION_CONTEXT(2) 
PARAMETRIC_REPRESENTATION_CONTEXT() REPRESENTATION_CONTEXT('2D SPACE',''
  ) );
#7467 = ORIENTED_EDGE('',*,*,#7333,.F.);
#7468 = ADVANCED_FACE('',(#7469),#7424,.T.);
#7469 = FACE_BOUND('',#7470,.T.);
#7470 = EDGE_LOOP('',(#7471,#7495,#7522,#7544));
#7471 = ORIENTED_EDGE('',*,*,#7472,.F.);
#7472 = EDGE_CURVE('',#7473,#7387,#7475,.T.);
#7473 = VERTEX_POINT('',#7474);
#7474 = CARTESIAN_POINT('',(3.508564374392,4.708564353673,0.));
#7475 = SURFACE_CURVE('',#7476,(#7481,#7488),.PCURVE_S1.);
#7476 = CIRCLE('',#7477,1.2);
#7477 = AXIS2_PLACEMENT_3D('',#7478,#7479,#7480);
#7478 = CARTESIAN_POINT('',(3.508564374392,3.508564332953,0.));
#7479 = DIRECTION('',(0.,0.,-1.));
#7480 = DIRECTION('',(-1.,0.,0.));
#7481 = PCURVE('',#7424,#7482);
#7482 = DEFINITIONAL_REPRESENTATION('',(#7483),#7487);
#7483 = LINE('',#7484,#7485);
#7484 = CARTESIAN_POINT('',(6.28318530718,0.));
#7485 = VECTOR('',#7486,1.);
#7486 = DIRECTION('',(-1.,0.));
#7487 = ( GEOMETRIC_REPRESENTATION_CONTEXT(2) 
PARAMETRIC_REPRESENTATION_CONTEXT() REPRESENTATION_CONTEXT('2D SPACE',''
  ) );
#7488 = PCURVE('',#7028,#7489);
#7489 = DEFINITIONAL_REPRESENTATION('',(#7490),#7494);
#7490 = CIRCLE('',#7491,1.2);
#7491 = AXIS2_PLACEMENT_2D('',#7492,#7493);
#7492 = CARTESIAN_POINT('',(-7.017128748783,7.017128707345));
#7493 = DIRECTION('',(1.,0.));
#7494 = ( GEOMETRIC_REPRESENTATION_CONTEXT(2) 
PARAMETRIC_REPRESENTATION_CONTEXT() REPRESENTATION_CONTEXT('2D SPACE',''
  ) );
#7495 = ORIENTED_EDGE('',*,*,#7496,.T.);
#7496 = EDGE_CURVE('',#7473,#7497,#7499,.T.);
#7497 = VERTEX_POINT('',#7498);
#7498 = CARTESIAN_POINT('',(2.861022787001,3.861022770432,
    90.300701509949));
#7499 = SURFACE_CURVE('',#7500,(#7503,#7510),.PCURVE_S1.);
#7500 = B_SPLINE_CURVE_WITH_KNOTS('',1,(#7501,#7502),.UNSPECIFIED.,.F.,
  .F.,(2,2),(0.,1.),.PIECEWISE_BEZIER_KNOTS.);
#7501 = CARTESIAN_POINT('',(3.508564374392,4.708564332953,0.));
#7502 = CARTESIAN_POINT('',(2.861022787001,3.861022753863,
    90.300701509949));
#7503 = PCURVE('',#7424,#7504);
#7504 = DEFINITIONAL_REPRESENTATION('',(#7505),#7509);
#7505 = LINE('',#7506,#7507);
#7506 = CARTESIAN_POINT('',(4.712388980385,0.));
#7507 = VECTOR('',#7508,1.);
#7508 = DIRECTION('',(0.,1.));
#7509 = ( GEOMETRIC_REPRESENTATION_CONTEXT(2) 
PARAMETRIC_REPRESENTATION_CONTEXT() REPRESENTATION_CONTEXT('2D SPACE',''
  ) );
#7510 = PCURVE('',#7511,#7516);
#7511 = B_SPLINE_SURFACE_WITH_KNOTS('',1,1,(
    (#7512,#7513)
    ,(#7514,#7515
    )),.UNSPECIFIED.,.F.,.F.,.F.,(2,2),(2,2),(-3.508564374392,
    3.508564374392),(0.,1.),.PIECEWISE_BEZIER_KNOTS.);
#7512 = CARTESIAN_POINT('',(3.508564374392,4.708564374392,0.));
#7513 = CARTESIAN_POINT('',(2.861022787001,3.861022787001,
    90.300701509949));
#7514 = CARTESIAN_POINT('',(-3.508564374392,4.708564374392,0.));
#7515 = CARTESIAN_POINT('',(-2.861022787001,3.861022787001,
    90.300701509949));
#7516 = DEFINITIONAL_REPRESENTATION('',(#7517),#7521);
#7517 = LINE('',#7518,#7519);
#7518 = CARTESIAN_POINT('',(-3.508564374392,0.));
#7519 = VECTOR('',#7520,1.);
#7520 = DIRECTION('',(0.,1.));
#7521 = ( GEOMETRIC_REPRESENTATION_CONTEXT(2) 
PARAMETRIC_REPRESENTATION_CONTEXT() REPRESENTATION_CONTEXT('2D SPACE',''
  ) );
#7522 = ORIENTED_EDGE('',*,*,#7523,.T.);
#7523 = EDGE_CURVE('',#7497,#7410,#7524,.T.);
#7524 = SURFACE_CURVE('',#7525,(#7530,#7537),.PCURVE_S1.);
#7525 = CIRCLE('',#7526,1.);
#7526 = AXIS2_PLACEMENT_3D('',#7527,#7528,#7529);
#7527 = CARTESIAN_POINT('',(2.861022787001,2.861022753863,
    90.300701509949));
#7528 = DIRECTION('',(0.,0.,-1.));
#7529 = DIRECTION('',(-1.,0.,0.));
#7530 = PCURVE('',#7424,#7531);
#7531 = DEFINITIONAL_REPRESENTATION('',(#7532),#7536);
#7532 = LINE('',#7533,#7534);
#7533 = CARTESIAN_POINT('',(6.28318530718,1.));
#7534 = VECTOR('',#7535,1.);
#7535 = DIRECTION('',(-1.,0.));
#7536 = ( GEOMETRIC_REPRESENTATION_CONTEXT(2) 
PARAMETRIC_REPRESENTATION_CONTEXT() REPRESENTATION_CONTEXT('2D SPACE',''
  ) );
#7537 = PCURVE('',#7094,#7538);
#7538 = DEFINITIONAL_REPRESENTATION('',(#7539),#7543);
#7539 = CIRCLE('',#7540,1.);
#7540 = AXIS2_PLACEMENT_2D('',#7541,#7542);
#7541 = CARTESIAN_POINT('',(-5.722045574002,5.722045540864));
#7542 = DIRECTION('',(1.,0.));
#7543 = ( GEOMETRIC_REPRESENTATION_CONTEXT(2) 
PARAMETRIC_REPRESENTATION_CONTEXT() REPRESENTATION_CONTEXT('2D SPACE',''
  ) );
#7544 = ORIENTED_EDGE('',*,*,#7409,.F.);
#7545 = ADVANCED_FACE('',(#7546),#7511,.T.);
#7546 = FACE_BOUND('',#7547,.T.);
#7547 = EDGE_LOOP('',(#7548,#7571,#7593,#7613));
#7548 = ORIENTED_EDGE('',*,*,#7549,.F.);
#7549 = EDGE_CURVE('',#7550,#7473,#7552,.T.);
#7550 = VERTEX_POINT('',#7551);
#7551 = CARTESIAN_POINT('',(-3.508564374392,4.708564353673,0.));
#7552 = SURFACE_CURVE('',#7553,(#7557,#7564),.PCURVE_S1.);
#7553 = LINE('',#7554,#7555);
#7554 = CARTESIAN_POINT('',(4.440892098501E-16,4.708564374392,0.));
#7555 = VECTOR('',#7556,1.);
#7556 = DIRECTION('',(1.,0.,0.));
#7557 = PCURVE('',#7511,#7558);
#7558 = DEFINITIONAL_REPRESENTATION('',(#7559),#7563);
#7559 = LINE('',#7560,#7561);
#7560 = CARTESIAN_POINT('',(0.,0.));
#7561 = VECTOR('',#7562,1.);
#7562 = DIRECTION('',(-1.,0.));
#7563 = ( GEOMETRIC_REPRESENTATION_CONTEXT(2) 
PARAMETRIC_REPRESENTATION_CONTEXT() REPRESENTATION_CONTEXT('2D SPACE',''
  ) );
#7564 = PCURVE('',#7028,#7565);
#7565 = DEFINITIONAL_REPRESENTATION('',(#7566),#7570);
#7566 = LINE('',#7567,#7568);
#7567 = CARTESIAN_POINT('',(-3.508564374392,8.217128748783));
#7568 = VECTOR('',#7569,1.);
#7569 = DIRECTION('',(-1.,0.));
#7570 = ( GEOMETRIC_REPRESENTATION_CONTEXT(2) 
PARAMETRIC_REPRESENTATION_CONTEXT() REPRESENTATION_CONTEXT('2D SPACE',''
  ) );
#7571 = ORIENTED_EDGE('',*,*,#7572,.T.);
#7572 = EDGE_CURVE('',#7550,#7573,#7575,.T.);
#7573 = VERTEX_POINT('',#7574);
#7574 = CARTESIAN_POINT('',(-2.861022787001,3.861022770432,
    90.300701509949));
#7575 = SURFACE_CURVE('',#7576,(#7579,#7586),.PCURVE_S1.);
#7576 = B_SPLINE_CURVE_WITH_KNOTS('',1,(#7577,#7578),.UNSPECIFIED.,.F.,
  .F.,(2,2),(0.,1.),.PIECEWISE_BEZIER_KNOTS.);
#7577 = CARTESIAN_POINT('',(-3.508564374392,4.708564374392,0.));
#7578 = CARTESIAN_POINT('',(-2.861022787001,3.861022787001,
    90.300701509949));
#7579 = PCURVE('',#7511,#7580);
#7580 = DEFINITIONAL_REPRESENTATION('',(#7581),#7585);
#7581 = LINE('',#7582,#7583);
#7582 = CARTESIAN_POINT('',(3.508564374392,0.));
#7583 = VECTOR('',#7584,1.);
#7584 = DIRECTION('',(0.,1.));
#7585 = ( GEOMETRIC_REPRESENTATION_CONTEXT(2) 
PARAMETRIC_REPRESENTATION_CONTEXT() REPRESENTATION_CONTEXT('2D SPACE',''
  ) );
#7586 = PCURVE('',#7119,#7587);
#7587 = DEFINITIONAL_REPRESENTATION('',(#7588),#7592);
#7588 = LINE('',#7589,#7590);
#7589 = CARTESIAN_POINT('',(4.712388980385,0.));
#7590 = VECTOR('',#7591,1.);
#7591 = DIRECTION('',(0.,1.));
#7592 = ( GEOMETRIC_REPRESENTATION_CONTEXT(2) 
PARAMETRIC_REPRESENTATION_CONTEXT() REPRESENTATION_CONTEXT('2D SPACE',''
  ) );
#7593 = ORIENTED_EDGE('',*,*,#7594,.T.);
#7594 = EDGE_CURVE('',#7573,#7497,#7595,.T.);
#7595 = SURFACE_CURVE('',#7596,(#7600,#7606),.PCURVE_S1.);
#7596 = LINE('',#7597,#7598);
#7597 = CARTESIAN_POINT('',(0.,3.861022787001,90.300701509949));
#7598 = VECTOR('',#7599,1.);
#7599 = DIRECTION('',(1.,0.,0.));
#7600 = PCURVE('',#7511,#7601);
#7601 = DEFINITIONAL_REPRESENTATION('',(#7602),#7605);
#7602 = B_SPLINE_CURVE_WITH_KNOTS('',1,(#7603,#7604),.UNSPECIFIED.,.F.,
  .F.,(2,2),(-2.861022787001,2.861022787001),.PIECEWISE_BEZIER_KNOTS.);
#7603 = CARTESIAN_POINT('',(3.508564374392,1.));
#7604 = CARTESIAN_POINT('',(-3.508564374392,1.));
#7605 = ( GEOMETRIC_REPRESENTATION_CONTEXT(2) 
PARAMETRIC_REPRESENTATION_CONTEXT() REPRESENTATION_CONTEXT('2D SPACE',''
  ) );
#7606 = PCURVE('',#7094,#7607);
#7607 = DEFINITIONAL_REPRESENTATION('',(#7608),#7612);
#7608 = LINE('',#7609,#7610);
#7609 = CARTESIAN_POINT('',(-2.861022787001,6.722045574002));
#7610 = VECTOR('',#7611,1.);
#7611 = DIRECTION('',(-1.,0.));
#7612 = ( GEOMETRIC_REPRESENTATION_CONTEXT(2) 
PARAMETRIC_REPRESENTATION_CONTEXT() REPRESENTATION_CONTEXT('2D SPACE',''
  ) );
#7613 = ORIENTED_EDGE('',*,*,#7496,.F.);
#7614 = ADVANCED_FACE('',(#7615),#7119,.T.);
#7615 = FACE_BOUND('',#7616,.T.);
#7616 = EDGE_LOOP('',(#7617,#7639,#7640,#7662));
#7617 = ORIENTED_EDGE('',*,*,#7618,.F.);
#7618 = EDGE_CURVE('',#7008,#7550,#7619,.T.);
#7619 = SURFACE_CURVE('',#7620,(#7625,#7632),.PCURVE_S1.);
#7620 = CIRCLE('',#7621,1.2);
#7621 = AXIS2_PLACEMENT_3D('',#7622,#7623,#7624);
#7622 = CARTESIAN_POINT('',(-3.508564374392,3.508564332953,0.));
#7623 = DIRECTION('',(0.,0.,-1.));
#7624 = DIRECTION('',(-1.,0.,0.));
#7625 = PCURVE('',#7119,#7626);
#7626 = DEFINITIONAL_REPRESENTATION('',(#7627),#7631);
#7627 = LINE('',#7628,#7629);
#7628 = CARTESIAN_POINT('',(6.28318530718,0.));
#7629 = VECTOR('',#7630,1.);
#7630 = DIRECTION('',(-1.,0.));
#7631 = ( GEOMETRIC_REPRESENTATION_CONTEXT(2) 
PARAMETRIC_REPRESENTATION_CONTEXT() REPRESENTATION_CONTEXT('2D SPACE',''
  ) );
#7632 = PCURVE('',#7028,#7633);
#7633 = DEFINITIONAL_REPRESENTATION('',(#7634),#7638);
#7634 = CIRCLE('',#7635,1.2);
#7635 = AXIS2_PLACEMENT_2D('',#7636,#7637);
#7636 = CARTESIAN_POINT('',(0.,7.017128707345));
#7637 = DIRECTION('',(1.,0.));
#7638 = ( GEOMETRIC_REPRESENTATION_CONTEXT(2) 
PARAMETRIC_REPRESENTATION_CONTEXT() REPRESENTATION_CONTEXT('2D SPACE',''
  ) );
#7639 = ORIENTED_EDGE('',*,*,#7106,.T.);
#7640 = ORIENTED_EDGE('',*,*,#7641,.T.);
#7641 = EDGE_CURVE('',#7080,#7573,#7642,.T.);
#7642 = SURFACE_CURVE('',#7643,(#7648,#7655),.PCURVE_S1.);
#7643 = CIRCLE('',#7644,1.);
#7644 = AXIS2_PLACEMENT_3D('',#7645,#7646,#7647);
#7645 = CARTESIAN_POINT('',(-2.861022787001,2.861022753863,
    90.300701509949));
#7646 = DIRECTION('',(0.,0.,-1.));
#7647 = DIRECTION('',(-1.,0.,0.));
#7648 = PCURVE('',#7119,#7649);
#7649 = DEFINITIONAL_REPRESENTATION('',(#7650),#7654);
#7650 = LINE('',#7651,#7652);
#7651 = CARTESIAN_POINT('',(6.28318530718,1.));
#7652 = VECTOR('',#7653,1.);
#7653 = DIRECTION('',(-1.,0.));
#7654 = ( GEOMETRIC_REPRESENTATION_CONTEXT(2) 
PARAMETRIC_REPRESENTATION_CONTEXT() REPRESENTATION_CONTEXT('2D SPACE',''
  ) );
#7655 = PCURVE('',#7094,#7656);
#7656 = DEFINITIONAL_REPRESENTATION('',(#7657),#7661);
#7657 = CIRCLE('',#7658,1.);
#7658 = AXIS2_PLACEMENT_2D('',#7659,#7660);
#7659 = CARTESIAN_POINT('',(0.,5.722045540864));
#7660 = DIRECTION('',(1.,0.));
#7661 = ( GEOMETRIC_REPRESENTATION_CONTEXT(2) 
PARAMETRIC_REPRESENTATION_CONTEXT() REPRESENTATION_CONTEXT('2D SPACE',''
  ) );
#7662 = ORIENTED_EDGE('',*,*,#7572,.F.);
#7663 = ADVANCED_FACE('',(#7664),#7028,.T.);
#7664 = FACE_BOUND('',#7665,.F.);
#7665 = EDGE_LOOP('',(#7666,#7667,#7668,#7669,#7670,#7671,#7672,#7673));
#7666 = ORIENTED_EDGE('',*,*,#7005,.F.);
#7667 = ORIENTED_EDGE('',*,*,#7146,.F.);
#7668 = ORIENTED_EDGE('',*,*,#7223,.T.);
#7669 = ORIENTED_EDGE('',*,*,#7309,.F.);
#7670 = ORIENTED_EDGE('',*,*,#7386,.T.);
#7671 = ORIENTED_EDGE('',*,*,#7472,.F.);
#7672 = ORIENTED_EDGE('',*,*,#7549,.F.);
#7673 = ORIENTED_EDGE('',*,*,#7618,.F.);
#7674 = ADVANCED_FACE('',(#7675),#7094,.F.);
#7675 = FACE_BOUND('',#7676,.T.);
#7676 = EDGE_LOOP('',(#7677,#7678,#7679,#7680,#7681,#7682,#7683,#7684));
#7677 = ORIENTED_EDGE('',*,*,#7079,.F.);
#7678 = ORIENTED_EDGE('',*,*,#7197,.F.);
#7679 = ORIENTED_EDGE('',*,*,#7285,.T.);
#7680 = ORIENTED_EDGE('',*,*,#7360,.F.);
#7681 = ORIENTED_EDGE('',*,*,#7448,.T.);
#7682 = ORIENTED_EDGE('',*,*,#7523,.F.);
#7683 = ORIENTED_EDGE('',*,*,#7594,.F.);
#7684 = ORIENTED_EDGE('',*,*,#7641,.F.);
#7685 = ( GEOMETRIC_REPRESENTATION_CONTEXT(3) 
GLOBAL_UNCERTAINTY_ASSIGNED_CONTEXT((#7689)) 
GLOBAL_UNIT_ASSIGNED_CONTEXT((#7686,#7687,#7688)) REPRESENTATION_CONTEXT
('Context #1','3D Context with UNIT and UNCERTAINTY') );
#7686 = ( LENGTH_UNIT() NAMED_UNIT(*) SI_UNIT(.MILLI.,.METRE.) );
#7687 = ( NAMED_UNIT(*) PLANE_ANGLE_UNIT() SI_UNIT($,.RADIAN.) );
#7688 = ( NAMED_UNIT(*) SI_UNIT($,.STERADIAN.) SOLID_ANGLE_UNIT() );
#7689 = UNCERTAINTY_MEASURE_WITH_UNIT(LENGTH_MEASURE(1.E-07),#7686,
  'distance_accuracy_value','confusion accuracy');
#7690 = CONTEXT_DEPENDENT_SHAPE_REPRESENTATION(#7691,#7693);
#7691 = ( REPRESENTATION_RELATIONSHIP('','',#6998,#10) 
REPRESENTATION_RELATIONSHIP_WITH_TRANSFORMATION(#7692) 
SHAPE_REPRESENTATION_RELATIONSHIP() );
#7692 = ITEM_DEFINED_TRANSFORMATION('','',#11,#43);
#7693 = PRODUCT_DEFINITION_SHAPE('Placement','Placement of an item',
  #7694);
#7694 = NEXT_ASSEMBLY_USAGE_OCCURRENCE('8','fry_02','',#5,#6993,$);
#7695 = PRODUCT_RELATED_PRODUCT_CATEGORY('part',$,(#6995));
#7696 = SHAPE_DEFINITION_REPRESENTATION(#7697,#7703);
#7697 = PRODUCT_DEFINITION_SHAPE('','',#7698);
#7698 = PRODUCT_DEFINITION('design','',#7699,#7702);
#7699 = PRODUCT_DEFINITION_FORMATION('','',#7700);
#7700 = PRODUCT('fry_03','fry_03','',(#7701));
#7701 = PRODUCT_CONTEXT('',#2,'mechanical');
#7702 = PRODUCT_DEFINITION_CONTEXT('part definition',#2,'design');
#7703 = ADVANCED_BREP_SHAPE_REPRESENTATION('',(#11,#7704),#8390);
#7704 = MANIFOLD_SOLID_BREP('',#7705);
#7705 = CLOSED_SHELL('',(#7706,#7847,#7924,#8010,#8087,#8173,#8250,#8319
    ,#8368,#8379));
#7706 = ADVANCED_FACE('',(#7707),#7721,.T.);
#7707 = FACE_BOUND('',#7708,.T.);
#7708 = EDGE_LOOP('',(#7709,#7744,#7783,#7810));
#7709 = ORIENTED_EDGE('',*,*,#7710,.F.);
#7710 = EDGE_CURVE('',#7711,#7713,#7715,.T.);
#7711 = VERTEX_POINT('',#7712);
#7712 = CARTESIAN_POINT('',(-4.103421720649,-2.903421720649,0.));
#7713 = VERTEX_POINT('',#7714);
#7714 = CARTESIAN_POINT('',(-4.103421720649,2.903421691861,0.));
#7715 = SURFACE_CURVE('',#7716,(#7720,#7732),.PCURVE_S1.);
#7716 = LINE('',#7717,#7718);
#7717 = CARTESIAN_POINT('',(-4.103421720649,1.06581410364E-14,0.));
#7718 = VECTOR('',#7719,1.);
#7719 = DIRECTION('',(0.,1.,0.));
#7720 = PCURVE('',#7721,#7726);
#7721 = B_SPLINE_SURFACE_WITH_KNOTS('',1,1,(
    (#7722,#7723)
    ,(#7724,#7725
    )),.UNSPECIFIED.,.F.,.F.,.F.,(2,2),(2,2),(-2.903421691861,
    2.903421720649),(0.,1.),.PIECEWISE_BEZIER_KNOTS.);
#7722 = CARTESIAN_POINT('',(-4.103421720649,2.903421691861,0.));
#7723 = CARTESIAN_POINT('',(-3.364805810932,2.364805787993,
    62.393425687667));
#7724 = CARTESIAN_POINT('',(-4.103421720649,-2.903421720649,0.));
#7725 = CARTESIAN_POINT('',(-3.364805810932,-2.364805810933,
    62.393425687667));
#7726 = DEFINITIONAL_REPRESENTATION('',(#7727),#7731);
#7727 = LINE('',#7728,#7729);
#7728 = CARTESIAN_POINT('',(0.,0.));
#7729 = VECTOR('',#7730,1.);
#7730 = DIRECTION('',(-1.,0.));
#7731 = ( GEOMETRIC_REPRESENTATION_CONTEXT(2) 
PARAMETRIC_REPRESENTATION_CONTEXT() REPRESENTATION_CONTEXT('2D SPACE',''
  ) );
#7732 = PCURVE('',#7733,#7738);
#7733 = PLANE('',#7734);
#7734 = AXIS2_PLACEMENT_3D('',#7735,#7736,#7737);
#7735 = CARTESIAN_POINT('',(-2.903421720649,-2.903421720649,0.));
#7736 = DIRECTION('',(0.,0.,1.));
#7737 = DIRECTION('',(1.,0.,0.));
#7738 = DEFINITIONAL_REPRESENTATION('',(#7739),#7743);
#7739 = LINE('',#7740,#7741);
#7740 = CARTESIAN_POINT('',(-1.2,2.903421720649));
#7741 = VECTOR('',#7742,1.);
#7742 = DIRECTION('',(0.,1.));
#7743 = ( GEOMETRIC_REPRESENTATION_CONTEXT(2) 
PARAMETRIC_REPRESENTATION_CONTEXT() REPRESENTATION_CONTEXT('2D SPACE',''
  ) );
#7744 = ORIENTED_EDGE('',*,*,#7745,.T.);
#7745 = EDGE_CURVE('',#7711,#7746,#7748,.T.);
#7746 = VERTEX_POINT('',#7747);
#7747 = CARTESIAN_POINT('',(-3.364805810932,-2.364805810933,
    62.393425687667));
#7748 = SURFACE_CURVE('',#7749,(#7752,#7759),.PCURVE_S1.);
#7749 = B_SPLINE_CURVE_WITH_KNOTS('',1,(#7750,#7751),.UNSPECIFIED.,.F.,
  .F.,(2,2),(0.,1.),.PIECEWISE_BEZIER_KNOTS.);
#7750 = CARTESIAN_POINT('',(-4.103421720649,-2.903421720649,0.));
#7751 = CARTESIAN_POINT('',(-3.364805810932,-2.364805810933,
    62.393425687667));
#7752 = PCURVE('',#7721,#7753);
#7753 = DEFINITIONAL_REPRESENTATION('',(#7754),#7758);
#7754 = LINE('',#7755,#7756);
#7755 = CARTESIAN_POINT('',(2.903421720649,0.));
#7756 = VECTOR('',#7757,1.);
#7757 = DIRECTION('',(0.,1.));
#7758 = ( GEOMETRIC_REPRESENTATION_CONTEXT(2) 
PARAMETRIC_REPRESENTATION_CONTEXT() REPRESENTATION_CONTEXT('2D SPACE',''
  ) );
#7759 = PCURVE('',#7760,#7777);
#7760 = B_SPLINE_SURFACE_WITH_KNOTS('',7,1,(
    (#7761,#7762)
    ,(#7763,#7764)
    ,(#7765,#7766)
    ,(#7767,#7768)
    ,(#7769,#7770)
    ,(#7771,#7772)
    ,(#7773,#7774)
    ,(#7775,#7776
    )),.UNSPECIFIED.,.F.,.F.,.F.,(8,8),(2,2),(3.14159265359,
    4.712388980385),(0.,1.),.PIECEWISE_BEZIER_KNOTS.);
#7761 = CARTESIAN_POINT('',(-4.103421720649,-2.903421720649,0.));
#7762 = CARTESIAN_POINT('',(-3.364805810932,-2.364805810933,
    62.393425687667));
#7763 = CARTESIAN_POINT('',(-4.103421720649,-3.172701090957,0.));
#7764 = CARTESIAN_POINT('',(-3.364805810932,-2.589205286189,
    62.393425687667));
#7765 = CARTESIAN_POINT('',(-4.032923056788,-3.44197915863,0.));
#7766 = CARTESIAN_POINT('',(-3.306056924381,-2.813603675916,
    62.393425687669));
#7767 = CARTESIAN_POINT('',(-3.891936987292,-3.689118049637,0.));
#7768 = CARTESIAN_POINT('',(-3.188568533135,-3.019552751755,
    62.393425687665));
#7769 = CARTESIAN_POINT('',(-3.689118049637,-3.891936987292,0.));
#7770 = CARTESIAN_POINT('',(-3.019552751756,-3.188568533135,
    62.393425687669));
#7771 = CARTESIAN_POINT('',(-3.441979158629,-4.032923056787,0.));
#7772 = CARTESIAN_POINT('',(-2.813603675916,-3.306056924381,
    62.393425687666));
#7773 = CARTESIAN_POINT('',(-3.172701090957,-4.103421720649,0.));
#7774 = CARTESIAN_POINT('',(-2.589205286189,-3.364805810933,
    62.393425687667));
#7775 = CARTESIAN_POINT('',(-2.903421720649,-4.103421720649,0.));
#7776 = CARTESIAN_POINT('',(-2.364805810932,-3.364805810933,
    62.393425687667));
#7777 = DEFINITIONAL_REPRESENTATION('',(#7778),#7782);
#7778 = LINE('',#7779,#7780);
#7779 = CARTESIAN_POINT('',(3.14159265359,0.));
#7780 = VECTOR('',#7781,1.);
#7781 = DIRECTION('',(0.,1.));
#7782 = ( GEOMETRIC_REPRESENTATION_CONTEXT(2) 
PARAMETRIC_REPRESENTATION_CONTEXT() REPRESENTATION_CONTEXT('2D SPACE',''
  ) );
#7783 = ORIENTED_EDGE('',*,*,#7784,.T.);
#7784 = EDGE_CURVE('',#7746,#7785,#7787,.T.);
#7785 = VERTEX_POINT('',#7786);
#7786 = CARTESIAN_POINT('',(-3.364805810932,2.364805787993,
    62.393425687667));
#7787 = SURFACE_CURVE('',#7788,(#7792,#7798),.PCURVE_S1.);
#7788 = LINE('',#7789,#7790);
#7789 = CARTESIAN_POINT('',(-3.364805810932,8.215650382226E-15,
    62.393425687667));
#7790 = VECTOR('',#7791,1.);
#7791 = DIRECTION('',(0.,1.,0.));
#7792 = PCURVE('',#7721,#7793);
#7793 = DEFINITIONAL_REPRESENTATION('',(#7794),#7797);
#7794 = B_SPLINE_CURVE_WITH_KNOTS('',1,(#7795,#7796),.UNSPECIFIED.,.F.,
  .F.,(2,2),(-2.364805810933,2.364805787993),.PIECEWISE_BEZIER_KNOTS.);
#7795 = CARTESIAN_POINT('',(2.903421720649,1.));
#7796 = CARTESIAN_POINT('',(-2.903421691861,1.));
#7797 = ( GEOMETRIC_REPRESENTATION_CONTEXT(2) 
PARAMETRIC_REPRESENTATION_CONTEXT() REPRESENTATION_CONTEXT('2D SPACE',''
  ) );
#7798 = PCURVE('',#7799,#7804);
#7799 = PLANE('',#7800);
#7800 = AXIS2_PLACEMENT_3D('',#7801,#7802,#7803);
#7801 = CARTESIAN_POINT('',(-2.364805810932,-2.364805810933,
    62.393425687667));
#7802 = DIRECTION('',(0.,0.,1.));
#7803 = DIRECTION('',(1.,0.,0.));
#7804 = DEFINITIONAL_REPRESENTATION('',(#7805),#7809);
#7805 = LINE('',#7806,#7807);
#7806 = CARTESIAN_POINT('',(-1.,2.364805810933));
#7807 = VECTOR('',#7808,1.);
#7808 = DIRECTION('',(0.,1.));
#7809 = ( GEOMETRIC_REPRESENTATION_CONTEXT(2) 
PARAMETRIC_REPRESENTATION_CONTEXT() REPRESENTATION_CONTEXT('2D SPACE',''
  ) );
#7810 = ORIENTED_EDGE('',*,*,#7811,.F.);
#7811 = EDGE_CURVE('',#7713,#7785,#7812,.T.);
#7812 = SURFACE_CURVE('',#7813,(#7816,#7823),.PCURVE_S1.);
#7813 = B_SPLINE_CURVE_WITH_KNOTS('',1,(#7814,#7815),.UNSPECIFIED.,.F.,
  .F.,(2,2),(0.,1.),.PIECEWISE_BEZIER_KNOTS.);
#7814 = CARTESIAN_POINT('',(-4.103421720649,2.903421691861,0.));
#7815 = CARTESIAN_POINT('',(-3.364805810932,2.364805787993,
    62.393425687667));
#7816 = PCURVE('',#7721,#7817);
#7817 = DEFINITIONAL_REPRESENTATION('',(#7818),#7822);
#7818 = LINE('',#7819,#7820);
#7819 = CARTESIAN_POINT('',(-2.903421691861,0.));
#7820 = VECTOR('',#7821,1.);
#7821 = DIRECTION('',(0.,1.));
#7822 = ( GEOMETRIC_REPRESENTATION_CONTEXT(2) 
PARAMETRIC_REPRESENTATION_CONTEXT() REPRESENTATION_CONTEXT('2D SPACE',''
  ) );
#7823 = PCURVE('',#7824,#7841);
#7824 = B_SPLINE_SURFACE_WITH_KNOTS('',7,1,(
    (#7825,#7826)
    ,(#7827,#7828)
    ,(#7829,#7830)
    ,(#7831,#7832)
    ,(#7833,#7834)
    ,(#7835,#7836)
    ,(#7837,#7838)
    ,(#7839,#7840
    )),.UNSPECIFIED.,.F.,.F.,.F.,(8,8),(2,2),(1.570796326795,
    3.14159265359),(0.,1.),.PIECEWISE_BEZIER_KNOTS.);
#7825 = CARTESIAN_POINT('',(-2.903421720649,4.103421691861,0.));
#7826 = CARTESIAN_POINT('',(-2.364805810932,3.364805787993,
    62.393425687667));
#7827 = CARTESIAN_POINT('',(-3.172701090957,4.103421691861,0.));
#7828 = CARTESIAN_POINT('',(-2.589205286189,3.364805787993,
    62.393425687667));
#7829 = CARTESIAN_POINT('',(-3.441979158629,4.032923027999,0.));
#7830 = CARTESIAN_POINT('',(-2.813603675916,3.306056901441,
    62.393425687666));
#7831 = CARTESIAN_POINT('',(-3.689118049637,3.891936958504,0.));
#7832 = CARTESIAN_POINT('',(-3.019552751756,3.188568510195,
    62.393425687669));
#7833 = CARTESIAN_POINT('',(-3.891936987292,3.689118020848,0.));
#7834 = CARTESIAN_POINT('',(-3.188568533135,3.019552728816,
    62.393425687666));
#7835 = CARTESIAN_POINT('',(-4.032923056787,3.441979129841,0.));
#7836 = CARTESIAN_POINT('',(-3.306056924381,2.813603652976,
    62.393425687668));
#7837 = CARTESIAN_POINT('',(-4.103421720649,3.172701062169,0.));
#7838 = CARTESIAN_POINT('',(-3.364805810932,2.589205263249,
    62.393425687667));
#7839 = CARTESIAN_POINT('',(-4.103421720649,2.903421691861,0.));
#7840 = CARTESIAN_POINT('',(-3.364805810932,2.364805787993,
    62.393425687667));
#7841 = DEFINITIONAL_REPRESENTATION('',(#7842),#7846);
#7842 = LINE('',#7843,#7844);
#7843 = CARTESIAN_POINT('',(3.14159265359,0.));
#7844 = VECTOR('',#7845,1.);
#7845 = DIRECTION('',(0.,1.));
#7846 = ( GEOMETRIC_REPRESENTATION_CONTEXT(2) 
PARAMETRIC_REPRESENTATION_CONTEXT() REPRESENTATION_CONTEXT('2D SPACE',''
  ) );
#7847 = ADVANCED_FACE('',(#7848),#7760,.T.);
#7848 = FACE_BOUND('',#7849,.T.);
#7849 = EDGE_LOOP('',(#7850,#7874,#7901,#7923));
#7850 = ORIENTED_EDGE('',*,*,#7851,.T.);
#7851 = EDGE_CURVE('',#7711,#7852,#7854,.T.);
#7852 = VERTEX_POINT('',#7853);
#7853 = CARTESIAN_POINT('',(-2.903421720649,-4.103421720649,0.));
#7854 = SURFACE_CURVE('',#7855,(#7860,#7867),.PCURVE_S1.);
#7855 = CIRCLE('',#7856,1.2);
#7856 = AXIS2_PLACEMENT_3D('',#7857,#7858,#7859);
#7857 = CARTESIAN_POINT('',(-2.903421720649,-2.903421720649,0.));
#7858 = DIRECTION('',(0.,0.,1.));
#7859 = DIRECTION('',(1.,0.,0.));
#7860 = PCURVE('',#7760,#7861);
#7861 = DEFINITIONAL_REPRESENTATION('',(#7862),#7866);
#7862 = LINE('',#7863,#7864);
#7863 = CARTESIAN_POINT('',(0.,0.));
#7864 = VECTOR('',#7865,1.);
#7865 = DIRECTION('',(1.,0.));
#7866 = ( GEOMETRIC_REPRESENTATION_CONTEXT(2) 
PARAMETRIC_REPRESENTATION_CONTEXT() REPRESENTATION_CONTEXT('2D SPACE',''
  ) );
#7867 = PCURVE('',#7733,#7868);
#7868 = DEFINITIONAL_REPRESENTATION('',(#7869),#7873);
#7869 = CIRCLE('',#7870,1.2);
#7870 = AXIS2_PLACEMENT_2D('',#7871,#7872);
#7871 = CARTESIAN_POINT('',(0.,0.));
#7872 = DIRECTION('',(1.,0.));
#7873 = ( GEOMETRIC_REPRESENTATION_CONTEXT(2) 
PARAMETRIC_REPRESENTATION_CONTEXT() REPRESENTATION_CONTEXT('2D SPACE',''
  ) );
#7874 = ORIENTED_EDGE('',*,*,#7875,.T.);
#7875 = EDGE_CURVE('',#7852,#7876,#7878,.T.);
#7876 = VERTEX_POINT('',#7877);
#7877 = CARTESIAN_POINT('',(-2.364805810932,-3.364805810932,
    62.393425687667));
#7878 = SURFACE_CURVE('',#7879,(#7882,#7889),.PCURVE_S1.);
#7879 = B_SPLINE_CURVE_WITH_KNOTS('',1,(#7880,#7881),.UNSPECIFIED.,.F.,
  .F.,(2,2),(0.,1.),.PIECEWISE_BEZIER_KNOTS.);
#7880 = CARTESIAN_POINT('',(-2.903421720649,-4.103421720649,0.));
#7881 = CARTESIAN_POINT('',(-2.364805810932,-3.364805810933,
    62.393425687667));
#7882 = PCURVE('',#7760,#7883);
#7883 = DEFINITIONAL_REPRESENTATION('',(#7884),#7888);
#7884 = LINE('',#7885,#7886);
#7885 = CARTESIAN_POINT('',(4.712388980385,0.));
#7886 = VECTOR('',#7887,1.);
#7887 = DIRECTION('',(0.,1.));
#7888 = ( GEOMETRIC_REPRESENTATION_CONTEXT(2) 
PARAMETRIC_REPRESENTATION_CONTEXT() REPRESENTATION_CONTEXT('2D SPACE',''
  ) );
#7889 = PCURVE('',#7890,#7895);
#7890 = B_SPLINE_SURFACE_WITH_KNOTS('',1,1,(
    (#7891,#7892)
    ,(#7893,#7894
    )),.UNSPECIFIED.,.F.,.F.,.F.,(2,2),(2,2),(-2.903421720649,
    2.903421691861),(0.,1.),.PIECEWISE_BEZIER_KNOTS.);
#7891 = CARTESIAN_POINT('',(-2.903421720649,-4.103421720649,0.));
#7892 = CARTESIAN_POINT('',(-2.364805810932,-3.364805810932,
    62.393425687667));
#7893 = CARTESIAN_POINT('',(2.903421691861,-4.103421720649,0.));
#7894 = CARTESIAN_POINT('',(2.364805787993,-3.364805810932,
    62.393425687667));
#7895 = DEFINITIONAL_REPRESENTATION('',(#7896),#7900);
#7896 = LINE('',#7897,#7898);
#7897 = CARTESIAN_POINT('',(-2.903421720649,0.));
#7898 = VECTOR('',#7899,1.);
#7899 = DIRECTION('',(0.,1.));
#7900 = ( GEOMETRIC_REPRESENTATION_CONTEXT(2) 
PARAMETRIC_REPRESENTATION_CONTEXT() REPRESENTATION_CONTEXT('2D SPACE',''
  ) );
#7901 = ORIENTED_EDGE('',*,*,#7902,.F.);
#7902 = EDGE_CURVE('',#7746,#7876,#7903,.T.);
#7903 = SURFACE_CURVE('',#7904,(#7909,#7916),.PCURVE_S1.);
#7904 = CIRCLE('',#7905,1.);
#7905 = AXIS2_PLACEMENT_3D('',#7906,#7907,#7908);
#7906 = CARTESIAN_POINT('',(-2.364805810932,-2.364805810933,
    62.393425687667));
#7907 = DIRECTION('',(0.,0.,1.));
#7908 = DIRECTION('',(1.,0.,0.));
#7909 = PCURVE('',#7760,#7910);
#7910 = DEFINITIONAL_REPRESENTATION('',(#7911),#7915);
#7911 = LINE('',#7912,#7913);
#7912 = CARTESIAN_POINT('',(0.,1.));
#7913 = VECTOR('',#7914,1.);
#7914 = DIRECTION('',(1.,0.));
#7915 = ( GEOMETRIC_REPRESENTATION_CONTEXT(2) 
PARAMETRIC_REPRESENTATION_CONTEXT() REPRESENTATION_CONTEXT('2D SPACE',''
  ) );
#7916 = PCURVE('',#7799,#7917);
#7917 = DEFINITIONAL_REPRESENTATION('',(#7918),#7922);
#7918 = CIRCLE('',#7919,1.);
#7919 = AXIS2_PLACEMENT_2D('',#7920,#7921);
#7920 = CARTESIAN_POINT('',(0.,0.));
#7921 = DIRECTION('',(1.,0.));
#7922 = ( GEOMETRIC_REPRESENTATION_CONTEXT(2) 
PARAMETRIC_REPRESENTATION_CONTEXT() REPRESENTATION_CONTEXT('2D SPACE',''
  ) );
#7923 = ORIENTED_EDGE('',*,*,#7745,.F.);
#7924 = ADVANCED_FACE('',(#7925),#7890,.T.);
#7925 = FACE_BOUND('',#7926,.T.);
#7926 = EDGE_LOOP('',(#7927,#7950,#7989,#8009));
#7927 = ORIENTED_EDGE('',*,*,#7928,.T.);
#7928 = EDGE_CURVE('',#7852,#7929,#7931,.T.);
#7929 = VERTEX_POINT('',#7930);
#7930 = CARTESIAN_POINT('',(2.903421691861,-4.103421720649,0.));
#7931 = SURFACE_CURVE('',#7932,(#7936,#7943),.PCURVE_S1.);
#7932 = LINE('',#7933,#7934);
#7933 = CARTESIAN_POINT('',(0.,-4.103421720649,0.));
#7934 = VECTOR('',#7935,1.);
#7935 = DIRECTION('',(1.,0.,0.));
#7936 = PCURVE('',#7890,#7937);
#7937 = DEFINITIONAL_REPRESENTATION('',(#7938),#7942);
#7938 = LINE('',#7939,#7940);
#7939 = CARTESIAN_POINT('',(0.,0.));
#7940 = VECTOR('',#7941,1.);
#7941 = DIRECTION('',(1.,0.));
#7942 = ( GEOMETRIC_REPRESENTATION_CONTEXT(2) 
PARAMETRIC_REPRESENTATION_CONTEXT() REPRESENTATION_CONTEXT('2D SPACE',''
  ) );
#7943 = PCURVE('',#7733,#7944);
#7944 = DEFINITIONAL_REPRESENTATION('',(#7945),#7949);
#7945 = LINE('',#7946,#7947);
#7946 = CARTESIAN_POINT('',(2.903421720649,-1.2));
#7947 = VECTOR('',#7948,1.);
#7948 = DIRECTION('',(1.,0.));
#7949 = ( GEOMETRIC_REPRESENTATION_CONTEXT(2) 
PARAMETRIC_REPRESENTATION_CONTEXT() REPRESENTATION_CONTEXT('2D SPACE',''
  ) );
#7950 = ORIENTED_EDGE('',*,*,#7951,.T.);
#7951 = EDGE_CURVE('',#7929,#7952,#7954,.T.);
#7952 = VERTEX_POINT('',#7953);
#7953 = CARTESIAN_POINT('',(2.364805787993,-3.364805810932,
    62.393425687667));
#7954 = SURFACE_CURVE('',#7955,(#7958,#7965),.PCURVE_S1.);
#7955 = B_SPLINE_CURVE_WITH_KNOTS('',1,(#7956,#7957),.UNSPECIFIED.,.F.,
  .F.,(2,2),(0.,1.),.PIECEWISE_BEZIER_KNOTS.);
#7956 = CARTESIAN_POINT('',(2.903421691861,-4.103421720649,0.));
#7957 = CARTESIAN_POINT('',(2.364805787993,-3.364805810932,
    62.393425687667));
#7958 = PCURVE('',#7890,#7959);
#7959 = DEFINITIONAL_REPRESENTATION('',(#7960),#7964);
#7960 = LINE('',#7961,#7962);
#7961 = CARTESIAN_POINT('',(2.903421691861,0.));
#7962 = VECTOR('',#7963,1.);
#7963 = DIRECTION('',(0.,1.));
#7964 = ( GEOMETRIC_REPRESENTATION_CONTEXT(2) 
PARAMETRIC_REPRESENTATION_CONTEXT() REPRESENTATION_CONTEXT('2D SPACE',''
  ) );
#7965 = PCURVE('',#7966,#7983);
#7966 = B_SPLINE_SURFACE_WITH_KNOTS('',7,1,(
    (#7967,#7968)
    ,(#7969,#7970)
    ,(#7971,#7972)
    ,(#7973,#7974)
    ,(#7975,#7976)
    ,(#7977,#7978)
    ,(#7979,#7980)
    ,(#7981,#7982
    )),.UNSPECIFIED.,.F.,.F.,.F.,(8,8),(2,2),(4.712388980385,
    6.28318530718),(0.,1.),.PIECEWISE_BEZIER_KNOTS.);
#7967 = CARTESIAN_POINT('',(2.903421691861,-4.103421720649,0.));
#7968 = CARTESIAN_POINT('',(2.364805787993,-3.364805810932,
    62.393425687667));
#7969 = CARTESIAN_POINT('',(3.172701062169,-4.103421720649,0.));
#7970 = CARTESIAN_POINT('',(2.589205263249,-3.364805810933,
    62.393425687668));
#7971 = CARTESIAN_POINT('',(3.441979129841,-4.032923056787,0.));
#7972 = CARTESIAN_POINT('',(2.813603652976,-3.306056924381,
    62.393425687666));
#7973 = CARTESIAN_POINT('',(3.689118020849,-3.891936987292,0.));
#7974 = CARTESIAN_POINT('',(3.019552728816,-3.188568533135,
    62.393425687669));
#7975 = CARTESIAN_POINT('',(3.891936958504,-3.689118049637,0.));
#7976 = CARTESIAN_POINT('',(3.188568510195,-3.019552751755,
    62.393425687666));
#7977 = CARTESIAN_POINT('',(4.032923027999,-3.44197915863,0.));
#7978 = CARTESIAN_POINT('',(3.306056901441,-2.813603675916,
    62.393425687668));
#7979 = CARTESIAN_POINT('',(4.103421691861,-3.172701090957,0.));
#7980 = CARTESIAN_POINT('',(3.364805787993,-2.589205286189,
    62.393425687667));
#7981 = CARTESIAN_POINT('',(4.103421691861,-2.903421720649,0.));
#7982 = CARTESIAN_POINT('',(3.364805787993,-2.364805810932,
    62.393425687667));
#7983 = DEFINITIONAL_REPRESENTATION('',(#7984),#7988);
#7984 = LINE('',#7985,#7986);
#7985 = CARTESIAN_POINT('',(4.712388980385,0.));
#7986 = VECTOR('',#7987,1.);
#7987 = DIRECTION('',(0.,1.));
#7988 = ( GEOMETRIC_REPRESENTATION_CONTEXT(2) 
PARAMETRIC_REPRESENTATION_CONTEXT() REPRESENTATION_CONTEXT('2D SPACE',''
  ) );
#7989 = ORIENTED_EDGE('',*,*,#7990,.F.);
#7990 = EDGE_CURVE('',#7876,#7952,#7991,.T.);
#7991 = SURFACE_CURVE('',#7992,(#7996,#8002),.PCURVE_S1.);
#7992 = LINE('',#7993,#7994);
#7993 = CARTESIAN_POINT('',(0.,-3.364805810932,62.393425687667));
#7994 = VECTOR('',#7995,1.);
#7995 = DIRECTION('',(1.,0.,0.));
#7996 = PCURVE('',#7890,#7997);
#7997 = DEFINITIONAL_REPRESENTATION('',(#7998),#8001);
#7998 = B_SPLINE_CURVE_WITH_KNOTS('',1,(#7999,#8000),.UNSPECIFIED.,.F.,
  .F.,(2,2),(-2.364805810932,2.364805787993),.PIECEWISE_BEZIER_KNOTS.);
#7999 = CARTESIAN_POINT('',(-2.903421720649,1.));
#8000 = CARTESIAN_POINT('',(2.903421691861,1.));
#8001 = ( GEOMETRIC_REPRESENTATION_CONTEXT(2) 
PARAMETRIC_REPRESENTATION_CONTEXT() REPRESENTATION_CONTEXT('2D SPACE',''
  ) );
#8002 = PCURVE('',#7799,#8003);
#8003 = DEFINITIONAL_REPRESENTATION('',(#8004),#8008);
#8004 = LINE('',#8005,#8006);
#8005 = CARTESIAN_POINT('',(2.364805810932,-1.));
#8006 = VECTOR('',#8007,1.);
#8007 = DIRECTION('',(1.,0.));
#8008 = ( GEOMETRIC_REPRESENTATION_CONTEXT(2) 
PARAMETRIC_REPRESENTATION_CONTEXT() REPRESENTATION_CONTEXT('2D SPACE',''
  ) );
#8009 = ORIENTED_EDGE('',*,*,#7875,.F.);
#8010 = ADVANCED_FACE('',(#8011),#7966,.T.);
#8011 = FACE_BOUND('',#8012,.T.);
#8012 = EDGE_LOOP('',(#8013,#8037,#8064,#8086));
#8013 = ORIENTED_EDGE('',*,*,#8014,.T.);
#8014 = EDGE_CURVE('',#7929,#8015,#8017,.T.);
#8015 = VERTEX_POINT('',#8016);
#8016 = CARTESIAN_POINT('',(4.103421706255,-2.903421720649,0.));
#8017 = SURFACE_CURVE('',#8018,(#8023,#8030),.PCURVE_S1.);
#8018 = CIRCLE('',#8019,1.2);
#8019 = AXIS2_PLACEMENT_3D('',#8020,#8021,#8022);
#8020 = CARTESIAN_POINT('',(2.903421691861,-2.903421720649,0.));
#8021 = DIRECTION('',(0.,0.,1.));
#8022 = DIRECTION('',(1.,0.,0.));
#8023 = PCURVE('',#7966,#8024);
#8024 = DEFINITIONAL_REPRESENTATION('',(#8025),#8029);
#8025 = LINE('',#8026,#8027);
#8026 = CARTESIAN_POINT('',(0.,0.));
#8027 = VECTOR('',#8028,1.);
#8028 = DIRECTION('',(1.,0.));
#8029 = ( GEOMETRIC_REPRESENTATION_CONTEXT(2) 
PARAMETRIC_REPRESENTATION_CONTEXT() REPRESENTATION_CONTEXT('2D SPACE',''
  ) );
#8030 = PCURVE('',#7733,#8031);
#8031 = DEFINITIONAL_REPRESENTATION('',(#8032),#8036);
#8032 = CIRCLE('',#8033,1.2);
#8033 = AXIS2_PLACEMENT_2D('',#8034,#8035);
#8034 = CARTESIAN_POINT('',(5.80684341251,2.176037128265E-14));
#8035 = DIRECTION('',(1.,0.));
#8036 = ( GEOMETRIC_REPRESENTATION_CONTEXT(2) 
PARAMETRIC_REPRESENTATION_CONTEXT() REPRESENTATION_CONTEXT('2D SPACE',''
  ) );
#8037 = ORIENTED_EDGE('',*,*,#8038,.T.);
#8038 = EDGE_CURVE('',#8015,#8039,#8041,.T.);
#8039 = VERTEX_POINT('',#8040);
#8040 = CARTESIAN_POINT('',(3.364805799463,-2.364805810932,
    62.393425687667));
#8041 = SURFACE_CURVE('',#8042,(#8045,#8052),.PCURVE_S1.);
#8042 = B_SPLINE_CURVE_WITH_KNOTS('',1,(#8043,#8044),.UNSPECIFIED.,.F.,
  .F.,(2,2),(0.,1.),.PIECEWISE_BEZIER_KNOTS.);
#8043 = CARTESIAN_POINT('',(4.103421691861,-2.903421720649,0.));
#8044 = CARTESIAN_POINT('',(3.364805787993,-2.364805810932,
    62.393425687667));
#8045 = PCURVE('',#7966,#8046);
#8046 = DEFINITIONAL_REPRESENTATION('',(#8047),#8051);
#8047 = LINE('',#8048,#8049);
#8048 = CARTESIAN_POINT('',(6.28318530718,0.));
#8049 = VECTOR('',#8050,1.);
#8050 = DIRECTION('',(0.,1.));
#8051 = ( GEOMETRIC_REPRESENTATION_CONTEXT(2) 
PARAMETRIC_REPRESENTATION_CONTEXT() REPRESENTATION_CONTEXT('2D SPACE',''
  ) );
#8052 = PCURVE('',#8053,#8058);
#8053 = B_SPLINE_SURFACE_WITH_KNOTS('',1,1,(
    (#8054,#8055)
    ,(#8056,#8057
    )),.UNSPECIFIED.,.F.,.F.,.F.,(2,2),(2,2),(-2.903421720649,
    2.903421691861),(0.,1.),.PIECEWISE_BEZIER_KNOTS.);
#8054 = CARTESIAN_POINT('',(4.103421720649,-2.903421720649,0.));
#8055 = CARTESIAN_POINT('',(3.364805810932,-2.364805810932,
    62.393425687667));
#8056 = CARTESIAN_POINT('',(4.103421720649,2.903421691861,0.));
#8057 = CARTESIAN_POINT('',(3.364805810932,2.364805787993,
    62.393425687667));
#8058 = DEFINITIONAL_REPRESENTATION('',(#8059),#8063);
#8059 = LINE('',#8060,#8061);
#8060 = CARTESIAN_POINT('',(-2.903421720649,0.));
#8061 = VECTOR('',#8062,1.);
#8062 = DIRECTION('',(0.,1.));
#8063 = ( GEOMETRIC_REPRESENTATION_CONTEXT(2) 
PARAMETRIC_REPRESENTATION_CONTEXT() REPRESENTATION_CONTEXT('2D SPACE',''
  ) );
#8064 = ORIENTED_EDGE('',*,*,#8065,.F.);
#8065 = EDGE_CURVE('',#7952,#8039,#8066,.T.);
#8066 = SURFACE_CURVE('',#8067,(#8072,#8079),.PCURVE_S1.);
#8067 = CIRCLE('',#8068,1.);
#8068 = AXIS2_PLACEMENT_3D('',#8069,#8070,#8071);
#8069 = CARTESIAN_POINT('',(2.364805787993,-2.364805810932,
    62.393425687667));
#8070 = DIRECTION('',(0.,0.,1.));
#8071 = DIRECTION('',(1.,0.,0.));
#8072 = PCURVE('',#7966,#8073);
#8073 = DEFINITIONAL_REPRESENTATION('',(#8074),#8078);
#8074 = LINE('',#8075,#8076);
#8075 = CARTESIAN_POINT('',(0.,1.));
#8076 = VECTOR('',#8077,1.);
#8077 = DIRECTION('',(1.,0.));
#8078 = ( GEOMETRIC_REPRESENTATION_CONTEXT(2) 
PARAMETRIC_REPRESENTATION_CONTEXT() REPRESENTATION_CONTEXT('2D SPACE',''
  ) );
#8079 = PCURVE('',#7799,#8080);
#8080 = DEFINITIONAL_REPRESENTATION('',(#8081),#8085);
#8081 = CIRCLE('',#8082,1.);
#8082 = AXIS2_PLACEMENT_2D('',#8083,#8084);
#8083 = CARTESIAN_POINT('',(4.729611598925,1.68753899743E-14));
#8084 = DIRECTION('',(1.,0.));
#8085 = ( GEOMETRIC_REPRESENTATION_CONTEXT(2) 
PARAMETRIC_REPRESENTATION_CONTEXT() REPRESENTATION_CONTEXT('2D SPACE',''
  ) );
#8086 = ORIENTED_EDGE('',*,*,#7951,.F.);
#8087 = ADVANCED_FACE('',(#8088),#8053,.T.);
#8088 = FACE_BOUND('',#8089,.T.);
#8089 = EDGE_LOOP('',(#8090,#8113,#8152,#8172));
#8090 = ORIENTED_EDGE('',*,*,#8091,.T.);
#8091 = EDGE_CURVE('',#8015,#8092,#8094,.T.);
#8092 = VERTEX_POINT('',#8093);
#8093 = CARTESIAN_POINT('',(4.103421720649,2.903421691861,0.));
#8094 = SURFACE_CURVE('',#8095,(#8099,#8106),.PCURVE_S1.);
#8095 = LINE('',#8096,#8097);
#8096 = CARTESIAN_POINT('',(4.103421720649,1.06581410364E-14,0.));
#8097 = VECTOR('',#8098,1.);
#8098 = DIRECTION('',(0.,1.,0.));
#8099 = PCURVE('',#8053,#8100);
#8100 = DEFINITIONAL_REPRESENTATION('',(#8101),#8105);
#8101 = LINE('',#8102,#8103);
#8102 = CARTESIAN_POINT('',(0.,0.));
#8103 = VECTOR('',#8104,1.);
#8104 = DIRECTION('',(1.,0.));
#8105 = ( GEOMETRIC_REPRESENTATION_CONTEXT(2) 
PARAMETRIC_REPRESENTATION_CONTEXT() REPRESENTATION_CONTEXT('2D SPACE',''
  ) );
#8106 = PCURVE('',#7733,#8107);
#8107 = DEFINITIONAL_REPRESENTATION('',(#8108),#8112);
#8108 = LINE('',#8109,#8110);
#8109 = CARTESIAN_POINT('',(7.006843441299,2.903421720649));
#8110 = VECTOR('',#8111,1.);
#8111 = DIRECTION('',(0.,1.));
#8112 = ( GEOMETRIC_REPRESENTATION_CONTEXT(2) 
PARAMETRIC_REPRESENTATION_CONTEXT() REPRESENTATION_CONTEXT('2D SPACE',''
  ) );
#8113 = ORIENTED_EDGE('',*,*,#8114,.T.);
#8114 = EDGE_CURVE('',#8092,#8115,#8117,.T.);
#8115 = VERTEX_POINT('',#8116);
#8116 = CARTESIAN_POINT('',(3.364805810932,2.364805787993,
    62.393425687667));
#8117 = SURFACE_CURVE('',#8118,(#8121,#8128),.PCURVE_S1.);
#8118 = B_SPLINE_CURVE_WITH_KNOTS('',1,(#8119,#8120),.UNSPECIFIED.,.F.,
  .F.,(2,2),(0.,1.),.PIECEWISE_BEZIER_KNOTS.);
#8119 = CARTESIAN_POINT('',(4.103421720649,2.903421691861,0.));
#8120 = CARTESIAN_POINT('',(3.364805810932,2.364805787993,
    62.393425687667));
#8121 = PCURVE('',#8053,#8122);
#8122 = DEFINITIONAL_REPRESENTATION('',(#8123),#8127);
#8123 = LINE('',#8124,#8125);
#8124 = CARTESIAN_POINT('',(2.903421691861,0.));
#8125 = VECTOR('',#8126,1.);
#8126 = DIRECTION('',(0.,1.));
#8127 = ( GEOMETRIC_REPRESENTATION_CONTEXT(2) 
PARAMETRIC_REPRESENTATION_CONTEXT() REPRESENTATION_CONTEXT('2D SPACE',''
  ) );
#8128 = PCURVE('',#8129,#8146);
#8129 = B_SPLINE_SURFACE_WITH_KNOTS('',7,1,(
    (#8130,#8131)
    ,(#8132,#8133)
    ,(#8134,#8135)
    ,(#8136,#8137)
    ,(#8138,#8139)
    ,(#8140,#8141)
    ,(#8142,#8143)
    ,(#8144,#8145
    )),.UNSPECIFIED.,.F.,.F.,.F.,(8,8),(2,2),(0.,1.570796326795),(0.,1.)
  ,.PIECEWISE_BEZIER_KNOTS.);
#8130 = CARTESIAN_POINT('',(4.103421720649,2.903421691861,0.));
#8131 = CARTESIAN_POINT('',(3.364805810932,2.364805787993,
    62.393425687667));
#8132 = CARTESIAN_POINT('',(4.103421720649,3.172701062169,0.));
#8133 = CARTESIAN_POINT('',(3.364805810933,2.589205263249,
    62.393425687667));
#8134 = CARTESIAN_POINT('',(4.032923056787,3.441979129841,0.));
#8135 = CARTESIAN_POINT('',(3.306056924381,2.813603652976,
    62.393425687667));
#8136 = CARTESIAN_POINT('',(3.891936987292,3.689118020849,0.));
#8137 = CARTESIAN_POINT('',(3.188568533135,3.019552728816,
    62.393425687668));
#8138 = CARTESIAN_POINT('',(3.689118049637,3.891936958504,0.));
#8139 = CARTESIAN_POINT('',(3.019552751755,3.188568510195,
    62.393425687666));
#8140 = CARTESIAN_POINT('',(3.44197915863,4.032923027999,0.));
#8141 = CARTESIAN_POINT('',(2.813603675916,3.306056901441,
    62.393425687668));
#8142 = CARTESIAN_POINT('',(3.172701090957,4.103421691861,0.));
#8143 = CARTESIAN_POINT('',(2.589205286189,3.364805787993,
    62.393425687667));
#8144 = CARTESIAN_POINT('',(2.903421720649,4.103421691861,0.));
#8145 = CARTESIAN_POINT('',(2.364805810932,3.364805787993,
    62.393425687667));
#8146 = DEFINITIONAL_REPRESENTATION('',(#8147),#8151);
#8147 = LINE('',#8148,#8149);
#8148 = CARTESIAN_POINT('',(0.,0.));
#8149 = VECTOR('',#8150,1.);
#8150 = DIRECTION('',(0.,1.));
#8151 = ( GEOMETRIC_REPRESENTATION_CONTEXT(2) 
PARAMETRIC_REPRESENTATION_CONTEXT() REPRESENTATION_CONTEXT('2D SPACE',''
  ) );
#8152 = ORIENTED_EDGE('',*,*,#8153,.F.);
#8153 = EDGE_CURVE('',#8039,#8115,#8154,.T.);
#8154 = SURFACE_CURVE('',#8155,(#8159,#8165),.PCURVE_S1.);
#8155 = LINE('',#8156,#8157);
#8156 = CARTESIAN_POINT('',(3.364805810932,8.215650382226E-15,
    62.393425687667));
#8157 = VECTOR('',#8158,1.);
#8158 = DIRECTION('',(0.,1.,0.));
#8159 = PCURVE('',#8053,#8160);
#8160 = DEFINITIONAL_REPRESENTATION('',(#8161),#8164);
#8161 = B_SPLINE_CURVE_WITH_KNOTS('',1,(#8162,#8163),.UNSPECIFIED.,.F.,
  .F.,(2,2),(-2.364805810932,2.364805787993),.PIECEWISE_BEZIER_KNOTS.);
#8162 = CARTESIAN_POINT('',(-2.903421720649,1.));
#8163 = CARTESIAN_POINT('',(2.903421691861,1.));
#8164 = ( GEOMETRIC_REPRESENTATION_CONTEXT(2) 
PARAMETRIC_REPRESENTATION_CONTEXT() REPRESENTATION_CONTEXT('2D SPACE',''
  ) );
#8165 = PCURVE('',#7799,#8166);
#8166 = DEFINITIONAL_REPRESENTATION('',(#8167),#8171);
#8167 = LINE('',#8168,#8169);
#8168 = CARTESIAN_POINT('',(5.729611621865,2.364805810933));
#8169 = VECTOR('',#8170,1.);
#8170 = DIRECTION('',(0.,1.));
#8171 = ( GEOMETRIC_REPRESENTATION_CONTEXT(2) 
PARAMETRIC_REPRESENTATION_CONTEXT() REPRESENTATION_CONTEXT('2D SPACE',''
  ) );
#8172 = ORIENTED_EDGE('',*,*,#8038,.F.);
#8173 = ADVANCED_FACE('',(#8174),#8129,.T.);
#8174 = FACE_BOUND('',#8175,.T.);
#8175 = EDGE_LOOP('',(#8176,#8200,#8227,#8249));
#8176 = ORIENTED_EDGE('',*,*,#8177,.T.);
#8177 = EDGE_CURVE('',#8092,#8178,#8180,.T.);
#8178 = VERTEX_POINT('',#8179);
#8179 = CARTESIAN_POINT('',(2.903421720649,4.103421706255,0.));
#8180 = SURFACE_CURVE('',#8181,(#8186,#8193),.PCURVE_S1.);
#8181 = CIRCLE('',#8182,1.2);
#8182 = AXIS2_PLACEMENT_3D('',#8183,#8184,#8185);
#8183 = CARTESIAN_POINT('',(2.903421720649,2.903421691861,0.));
#8184 = DIRECTION('',(0.,0.,1.));
#8185 = DIRECTION('',(1.,0.,0.));
#8186 = PCURVE('',#8129,#8187);
#8187 = DEFINITIONAL_REPRESENTATION('',(#8188),#8192);
#8188 = LINE('',#8189,#8190);
#8189 = CARTESIAN_POINT('',(0.,0.));
#8190 = VECTOR('',#8191,1.);
#8191 = DIRECTION('',(1.,0.));
#8192 = ( GEOMETRIC_REPRESENTATION_CONTEXT(2) 
PARAMETRIC_REPRESENTATION_CONTEXT() REPRESENTATION_CONTEXT('2D SPACE',''
  ) );
#8193 = PCURVE('',#7733,#8194);
#8194 = DEFINITIONAL_REPRESENTATION('',(#8195),#8199);
#8195 = CIRCLE('',#8196,1.2);
#8196 = AXIS2_PLACEMENT_2D('',#8197,#8198);
#8197 = CARTESIAN_POINT('',(5.806843441299,5.80684341251));
#8198 = DIRECTION('',(1.,0.));
#8199 = ( GEOMETRIC_REPRESENTATION_CONTEXT(2) 
PARAMETRIC_REPRESENTATION_CONTEXT() REPRESENTATION_CONTEXT('2D SPACE',''
  ) );
#8200 = ORIENTED_EDGE('',*,*,#8201,.T.);
#8201 = EDGE_CURVE('',#8178,#8202,#8204,.T.);
#8202 = VERTEX_POINT('',#8203);
#8203 = CARTESIAN_POINT('',(2.364805810932,3.364805799463,
    62.393425687667));
#8204 = SURFACE_CURVE('',#8205,(#8208,#8215),.PCURVE_S1.);
#8205 = B_SPLINE_CURVE_WITH_KNOTS('',1,(#8206,#8207),.UNSPECIFIED.,.F.,
  .F.,(2,2),(0.,1.),.PIECEWISE_BEZIER_KNOTS.);
#8206 = CARTESIAN_POINT('',(2.903421720649,4.103421691861,0.));
#8207 = CARTESIAN_POINT('',(2.364805810932,3.364805787993,
    62.393425687667));
#8208 = PCURVE('',#8129,#8209);
#8209 = DEFINITIONAL_REPRESENTATION('',(#8210),#8214);
#8210 = LINE('',#8211,#8212);
#8211 = CARTESIAN_POINT('',(1.570796326795,0.));
#8212 = VECTOR('',#8213,1.);
#8213 = DIRECTION('',(0.,1.));
#8214 = ( GEOMETRIC_REPRESENTATION_CONTEXT(2) 
PARAMETRIC_REPRESENTATION_CONTEXT() REPRESENTATION_CONTEXT('2D SPACE',''
  ) );
#8215 = PCURVE('',#8216,#8221);
#8216 = B_SPLINE_SURFACE_WITH_KNOTS('',1,1,(
    (#8217,#8218)
    ,(#8219,#8220
    )),.UNSPECIFIED.,.F.,.F.,.F.,(2,2),(2,2),(-2.903421720649,
    2.903421720649),(0.,1.),.PIECEWISE_BEZIER_KNOTS.);
#8217 = CARTESIAN_POINT('',(2.903421720649,4.103421720649,0.));
#8218 = CARTESIAN_POINT('',(2.364805810932,3.364805810933,
    62.393425687667));
#8219 = CARTESIAN_POINT('',(-2.903421720649,4.103421720649,0.));
#8220 = CARTESIAN_POINT('',(-2.364805810932,3.364805810933,
    62.393425687667));
#8221 = DEFINITIONAL_REPRESENTATION('',(#8222),#8226);
#8222 = LINE('',#8223,#8224);
#8223 = CARTESIAN_POINT('',(-2.903421720649,0.));
#8224 = VECTOR('',#8225,1.);
#8225 = DIRECTION('',(0.,1.));
#8226 = ( GEOMETRIC_REPRESENTATION_CONTEXT(2) 
PARAMETRIC_REPRESENTATION_CONTEXT() REPRESENTATION_CONTEXT('2D SPACE',''
  ) );
#8227 = ORIENTED_EDGE('',*,*,#8228,.F.);
#8228 = EDGE_CURVE('',#8115,#8202,#8229,.T.);
#8229 = SURFACE_CURVE('',#8230,(#8235,#8242),.PCURVE_S1.);
#8230 = CIRCLE('',#8231,1.);
#8231 = AXIS2_PLACEMENT_3D('',#8232,#8233,#8234);
#8232 = CARTESIAN_POINT('',(2.364805810932,2.364805787993,
    62.393425687667));
#8233 = DIRECTION('',(0.,0.,1.));
#8234 = DIRECTION('',(1.,0.,0.));
#8235 = PCURVE('',#8129,#8236);
#8236 = DEFINITIONAL_REPRESENTATION('',(#8237),#8241);
#8237 = LINE('',#8238,#8239);
#8238 = CARTESIAN_POINT('',(0.,1.));
#8239 = VECTOR('',#8240,1.);
#8240 = DIRECTION('',(1.,0.));
#8241 = ( GEOMETRIC_REPRESENTATION_CONTEXT(2) 
PARAMETRIC_REPRESENTATION_CONTEXT() REPRESENTATION_CONTEXT('2D SPACE',''
  ) );
#8242 = PCURVE('',#7799,#8243);
#8243 = DEFINITIONAL_REPRESENTATION('',(#8244),#8248);
#8244 = CIRCLE('',#8245,1.);
#8245 = AXIS2_PLACEMENT_2D('',#8246,#8247);
#8246 = CARTESIAN_POINT('',(4.729611621865,4.729611598925));
#8247 = DIRECTION('',(1.,0.));
#8248 = ( GEOMETRIC_REPRESENTATION_CONTEXT(2) 
PARAMETRIC_REPRESENTATION_CONTEXT() REPRESENTATION_CONTEXT('2D SPACE',''
  ) );
#8249 = ORIENTED_EDGE('',*,*,#8114,.F.);
#8250 = ADVANCED_FACE('',(#8251),#8216,.T.);
#8251 = FACE_BOUND('',#8252,.T.);
#8252 = EDGE_LOOP('',(#8253,#8276,#8298,#8318));
#8253 = ORIENTED_EDGE('',*,*,#8254,.F.);
#8254 = EDGE_CURVE('',#8255,#8178,#8257,.T.);
#8255 = VERTEX_POINT('',#8256);
#8256 = CARTESIAN_POINT('',(-2.903421720649,4.103421706255,0.));
#8257 = SURFACE_CURVE('',#8258,(#8262,#8269),.PCURVE_S1.);
#8258 = LINE('',#8259,#8260);
#8259 = CARTESIAN_POINT('',(0.,4.103421720649,0.));
#8260 = VECTOR('',#8261,1.);
#8261 = DIRECTION('',(1.,0.,0.));
#8262 = PCURVE('',#8216,#8263);
#8263 = DEFINITIONAL_REPRESENTATION('',(#8264),#8268);
#8264 = LINE('',#8265,#8266);
#8265 = CARTESIAN_POINT('',(0.,0.));
#8266 = VECTOR('',#8267,1.);
#8267 = DIRECTION('',(-1.,0.));
#8268 = ( GEOMETRIC_REPRESENTATION_CONTEXT(2) 
PARAMETRIC_REPRESENTATION_CONTEXT() REPRESENTATION_CONTEXT('2D SPACE',''
  ) );
#8269 = PCURVE('',#7733,#8270);
#8270 = DEFINITIONAL_REPRESENTATION('',(#8271),#8275);
#8271 = LINE('',#8272,#8273);
#8272 = CARTESIAN_POINT('',(2.903421720649,7.006843441299));
#8273 = VECTOR('',#8274,1.);
#8274 = DIRECTION('',(1.,0.));
#8275 = ( GEOMETRIC_REPRESENTATION_CONTEXT(2) 
PARAMETRIC_REPRESENTATION_CONTEXT() REPRESENTATION_CONTEXT('2D SPACE',''
  ) );
#8276 = ORIENTED_EDGE('',*,*,#8277,.T.);
#8277 = EDGE_CURVE('',#8255,#8278,#8280,.T.);
#8278 = VERTEX_POINT('',#8279);
#8279 = CARTESIAN_POINT('',(-2.364805810932,3.364805799463,
    62.393425687667));
#8280 = SURFACE_CURVE('',#8281,(#8284,#8291),.PCURVE_S1.);
#8281 = B_SPLINE_CURVE_WITH_KNOTS('',1,(#8282,#8283),.UNSPECIFIED.,.F.,
  .F.,(2,2),(0.,1.),.PIECEWISE_BEZIER_KNOTS.);
#8282 = CARTESIAN_POINT('',(-2.903421720649,4.103421720649,0.));
#8283 = CARTESIAN_POINT('',(-2.364805810932,3.364805810933,
    62.393425687667));
#8284 = PCURVE('',#8216,#8285);
#8285 = DEFINITIONAL_REPRESENTATION('',(#8286),#8290);
#8286 = LINE('',#8287,#8288);
#8287 = CARTESIAN_POINT('',(2.903421720649,0.));
#8288 = VECTOR('',#8289,1.);
#8289 = DIRECTION('',(0.,1.));
#8290 = ( GEOMETRIC_REPRESENTATION_CONTEXT(2) 
PARAMETRIC_REPRESENTATION_CONTEXT() REPRESENTATION_CONTEXT('2D SPACE',''
  ) );
#8291 = PCURVE('',#7824,#8292);
#8292 = DEFINITIONAL_REPRESENTATION('',(#8293),#8297);
#8293 = LINE('',#8294,#8295);
#8294 = CARTESIAN_POINT('',(1.570796326795,0.));
#8295 = VECTOR('',#8296,1.);
#8296 = DIRECTION('',(0.,1.));
#8297 = ( GEOMETRIC_REPRESENTATION_CONTEXT(2) 
PARAMETRIC_REPRESENTATION_CONTEXT() REPRESENTATION_CONTEXT('2D SPACE',''
  ) );
#8298 = ORIENTED_EDGE('',*,*,#8299,.T.);
#8299 = EDGE_CURVE('',#8278,#8202,#8300,.T.);
#8300 = SURFACE_CURVE('',#8301,(#8305,#8311),.PCURVE_S1.);
#8301 = LINE('',#8302,#8303);
#8302 = CARTESIAN_POINT('',(0.,3.364805810933,62.393425687667));
#8303 = VECTOR('',#8304,1.);
#8304 = DIRECTION('',(1.,0.,0.));
#8305 = PCURVE('',#8216,#8306);
#8306 = DEFINITIONAL_REPRESENTATION('',(#8307),#8310);
#8307 = B_SPLINE_CURVE_WITH_KNOTS('',1,(#8308,#8309),.UNSPECIFIED.,.F.,
  .F.,(2,2),(-2.364805810932,2.364805810932),.PIECEWISE_BEZIER_KNOTS.);
#8308 = CARTESIAN_POINT('',(2.903421720649,1.));
#8309 = CARTESIAN_POINT('',(-2.903421720649,1.));
#8310 = ( GEOMETRIC_REPRESENTATION_CONTEXT(2) 
PARAMETRIC_REPRESENTATION_CONTEXT() REPRESENTATION_CONTEXT('2D SPACE',''
  ) );
#8311 = PCURVE('',#7799,#8312);
#8312 = DEFINITIONAL_REPRESENTATION('',(#8313),#8317);
#8313 = LINE('',#8314,#8315);
#8314 = CARTESIAN_POINT('',(2.364805810932,5.729611621865));
#8315 = VECTOR('',#8316,1.);
#8316 = DIRECTION('',(1.,0.));
#8317 = ( GEOMETRIC_REPRESENTATION_CONTEXT(2) 
PARAMETRIC_REPRESENTATION_CONTEXT() REPRESENTATION_CONTEXT('2D SPACE',''
  ) );
#8318 = ORIENTED_EDGE('',*,*,#8201,.F.);
#8319 = ADVANCED_FACE('',(#8320),#7824,.T.);
#8320 = FACE_BOUND('',#8321,.T.);
#8321 = EDGE_LOOP('',(#8322,#8344,#8345,#8367));
#8322 = ORIENTED_EDGE('',*,*,#8323,.T.);
#8323 = EDGE_CURVE('',#8255,#7713,#8324,.T.);
#8324 = SURFACE_CURVE('',#8325,(#8330,#8337),.PCURVE_S1.);
#8325 = CIRCLE('',#8326,1.2);
#8326 = AXIS2_PLACEMENT_3D('',#8327,#8328,#8329);
#8327 = CARTESIAN_POINT('',(-2.903421720649,2.903421691861,0.));
#8328 = DIRECTION('',(0.,0.,1.));
#8329 = DIRECTION('',(1.,0.,0.));
#8330 = PCURVE('',#7824,#8331);
#8331 = DEFINITIONAL_REPRESENTATION('',(#8332),#8336);
#8332 = LINE('',#8333,#8334);
#8333 = CARTESIAN_POINT('',(0.,0.));
#8334 = VECTOR('',#8335,1.);
#8335 = DIRECTION('',(1.,0.));
#8336 = ( GEOMETRIC_REPRESENTATION_CONTEXT(2) 
PARAMETRIC_REPRESENTATION_CONTEXT() REPRESENTATION_CONTEXT('2D SPACE',''
  ) );
#8337 = PCURVE('',#7733,#8338);
#8338 = DEFINITIONAL_REPRESENTATION('',(#8339),#8343);
#8339 = CIRCLE('',#8340,1.2);
#8340 = AXIS2_PLACEMENT_2D('',#8341,#8342);
#8341 = CARTESIAN_POINT('',(0.,5.80684341251));
#8342 = DIRECTION('',(1.,0.));
#8343 = ( GEOMETRIC_REPRESENTATION_CONTEXT(2) 
PARAMETRIC_REPRESENTATION_CONTEXT() REPRESENTATION_CONTEXT('2D SPACE',''
  ) );
#8344 = ORIENTED_EDGE('',*,*,#7811,.T.);
#8345 = ORIENTED_EDGE('',*,*,#8346,.F.);
#8346 = EDGE_CURVE('',#8278,#7785,#8347,.T.);
#8347 = SURFACE_CURVE('',#8348,(#8353,#8360),.PCURVE_S1.);
#8348 = CIRCLE('',#8349,1.);
#8349 = AXIS2_PLACEMENT_3D('',#8350,#8351,#8352);
#8350 = CARTESIAN_POINT('',(-2.364805810932,2.364805787993,
    62.393425687667));
#8351 = DIRECTION('',(0.,0.,1.));
#8352 = DIRECTION('',(1.,0.,0.));
#8353 = PCURVE('',#7824,#8354);
#8354 = DEFINITIONAL_REPRESENTATION('',(#8355),#8359);
#8355 = LINE('',#8356,#8357);
#8356 = CARTESIAN_POINT('',(0.,1.));
#8357 = VECTOR('',#8358,1.);
#8358 = DIRECTION('',(1.,0.));
#8359 = ( GEOMETRIC_REPRESENTATION_CONTEXT(2) 
PARAMETRIC_REPRESENTATION_CONTEXT() REPRESENTATION_CONTEXT('2D SPACE',''
  ) );
#8360 = PCURVE('',#7799,#8361);
#8361 = DEFINITIONAL_REPRESENTATION('',(#8362),#8366);
#8362 = CIRCLE('',#8363,1.);
#8363 = AXIS2_PLACEMENT_2D('',#8364,#8365);
#8364 = CARTESIAN_POINT('',(0.,4.729611598925));
#8365 = DIRECTION('',(1.,0.));
#8366 = ( GEOMETRIC_REPRESENTATION_CONTEXT(2) 
PARAMETRIC_REPRESENTATION_CONTEXT() REPRESENTATION_CONTEXT('2D SPACE',''
  ) );
#8367 = ORIENTED_EDGE('',*,*,#8277,.F.);
#8368 = ADVANCED_FACE('',(#8369),#7733,.F.);
#8369 = FACE_BOUND('',#8370,.F.);
#8370 = EDGE_LOOP('',(#8371,#8372,#8373,#8374,#8375,#8376,#8377,#8378));
#8371 = ORIENTED_EDGE('',*,*,#7710,.F.);
#8372 = ORIENTED_EDGE('',*,*,#7851,.T.);
#8373 = ORIENTED_EDGE('',*,*,#7928,.T.);
#8374 = ORIENTED_EDGE('',*,*,#8014,.T.);
#8375 = ORIENTED_EDGE('',*,*,#8091,.T.);
#8376 = ORIENTED_EDGE('',*,*,#8177,.T.);
#8377 = ORIENTED_EDGE('',*,*,#8254,.F.);
#8378 = ORIENTED_EDGE('',*,*,#8323,.T.);
#8379 = ADVANCED_FACE('',(#8380),#7799,.T.);
#8380 = FACE_BOUND('',#8381,.T.);
#8381 = EDGE_LOOP('',(#8382,#8383,#8384,#8385,#8386,#8387,#8388,#8389));
#8382 = ORIENTED_EDGE('',*,*,#7784,.F.);
#8383 = ORIENTED_EDGE('',*,*,#7902,.T.);
#8384 = ORIENTED_EDGE('',*,*,#7990,.T.);
#8385 = ORIENTED_EDGE('',*,*,#8065,.T.);
#8386 = ORIENTED_EDGE('',*,*,#8153,.T.);
#8387 = ORIENTED_EDGE('',*,*,#8228,.T.);
#8388 = ORIENTED_EDGE('',*,*,#8299,.F.);
#8389 = ORIENTED_EDGE('',*,*,#8346,.T.);
#8390 = ( GEOMETRIC_REPRESENTATION_CONTEXT(3) 
GLOBAL_UNCERTAINTY_ASSIGNED_CONTEXT((#8394)) 
GLOBAL_UNIT_ASSIGNED_CONTEXT((#8391,#8392,#8393)) REPRESENTATION_CONTEXT
('Context #1','3D Context with UNIT and UNCERTAINTY') );
#8391 = ( LENGTH_UNIT() NAMED_UNIT(*) SI_UNIT(.MILLI.,.METRE.) );
#8392 = ( NAMED_UNIT(*) PLANE_ANGLE_UNIT() SI_UNIT($,.RADIAN.) );
#8393 = ( NAMED_UNIT(*) SI_UNIT($,.STERADIAN.) SOLID_ANGLE_UNIT() );
#8394 = UNCERTAINTY_MEASURE_WITH_UNIT(LENGTH_MEASURE(1.E-07),#8391,
  'distance_accuracy_value','confusion accuracy');
#8395 = CONTEXT_DEPENDENT_SHAPE_REPRESENTATION(#8396,#8398);
#8396 = ( REPRESENTATION_RELATIONSHIP('','',#7703,#10) 
REPRESENTATION_RELATIONSHIP_WITH_TRANSFORMATION(#8397) 
SHAPE_REPRESENTATION_RELATIONSHIP() );
#8397 = ITEM_DEFINED_TRANSFORMATION('','',#11,#47);
#8398 = PRODUCT_DEFINITION_SHAPE('Placement','Placement of an item',
  #8399);
#8399 = NEXT_ASSEMBLY_USAGE_OCCURRENCE('9','fry_03','',#5,#7698,$);
#8400 = PRODUCT_RELATED_PRODUCT_CATEGORY('part',$,(#7700));
#8401 = SHAPE_DEFINITION_REPRESENTATION(#8402,#8408);
#8402 = PRODUCT_DEFINITION_SHAPE('','',#8403);
#8403 = PRODUCT_DEFINITION('design','',#8404,#8407);
#8404 = PRODUCT_DEFINITION_FORMATION('','',#8405);
#8405 = PRODUCT('fry_04','fry_04','',(#8406));
#8406 = PRODUCT_CONTEXT('',#2,'mechanical');
#8407 = PRODUCT_DEFINITION_CONTEXT('part definition',#2,'design');
#8408 = ADVANCED_BREP_SHAPE_REPRESENTATION('',(#11,#8409),#9095);
#8409 = MANIFOLD_SOLID_BREP('',#8410);
#8410 = CLOSED_SHELL('',(#8411,#8552,#8629,#8715,#8792,#8878,#8955,#9024
    ,#9073,#9084));
#8411 = ADVANCED_FACE('',(#8412),#8426,.T.);
#8412 = FACE_BOUND('',#8413,.T.);
#8413 = EDGE_LOOP('',(#8414,#8449,#8488,#8515));
#8414 = ORIENTED_EDGE('',*,*,#8415,.F.);
#8415 = EDGE_CURVE('',#8416,#8418,#8420,.T.);
#8416 = VERTEX_POINT('',#8417);
#8417 = CARTESIAN_POINT('',(-3.97737892557,-2.77737892557,0.));
#8418 = VERTEX_POINT('',#8419);
#8419 = CARTESIAN_POINT('',(-3.97737892557,2.777378899182,0.));
#8420 = SURFACE_CURVE('',#8421,(#8425,#8437),.PCURVE_S1.);
#8421 = LINE('',#8422,#8423);
#8422 = CARTESIAN_POINT('',(-3.97737892557,9.325873406851E-15,0.));
#8423 = VECTOR('',#8424,1.);
#8424 = DIRECTION('',(0.,1.,0.));
#8425 = PCURVE('',#8426,#8431);
#8426 = B_SPLINE_SURFACE_WITH_KNOTS('',1,1,(
    (#8427,#8428)
    ,(#8429,#8430
    )),.UNSPECIFIED.,.F.,.F.,.F.,(2,2),(2,2),(-2.777378899182,
    2.77737892557),(0.,1.),.PIECEWISE_BEZIER_KNOTS.);
#8427 = CARTESIAN_POINT('',(-3.97737892557,2.777378899182,0.));
#8428 = CARTESIAN_POINT('',(-3.261450718968,2.26145069796,
    80.523575613983));
#8429 = CARTESIAN_POINT('',(-3.97737892557,-2.77737892557,0.));
#8430 = CARTESIAN_POINT('',(-3.261450718968,-2.261450718968,
    80.523575613983));
#8431 = DEFINITIONAL_REPRESENTATION('',(#8432),#8436);
#8432 = LINE('',#8433,#8434);
#8433 = CARTESIAN_POINT('',(0.,0.));
#8434 = VECTOR('',#8435,1.);
#8435 = DIRECTION('',(-1.,0.));
#8436 = ( GEOMETRIC_REPRESENTATION_CONTEXT(2) 
PARAMETRIC_REPRESENTATION_CONTEXT() REPRESENTATION_CONTEXT('2D SPACE',''
  ) );
#8437 = PCURVE('',#8438,#8443);
#8438 = PLANE('',#8439);
#8439 = AXIS2_PLACEMENT_3D('',#8440,#8441,#8442);
#8440 = CARTESIAN_POINT('',(-2.77737892557,-2.77737892557,0.));
#8441 = DIRECTION('',(0.,0.,1.));
#8442 = DIRECTION('',(1.,0.,0.));
#8443 = DEFINITIONAL_REPRESENTATION('',(#8444),#8448);
#8444 = LINE('',#8445,#8446);
#8445 = CARTESIAN_POINT('',(-1.2,2.77737892557));
#8446 = VECTOR('',#8447,1.);
#8447 = DIRECTION('',(0.,1.));
#8448 = ( GEOMETRIC_REPRESENTATION_CONTEXT(2) 
PARAMETRIC_REPRESENTATION_CONTEXT() REPRESENTATION_CONTEXT('2D SPACE',''
  ) );
#8449 = ORIENTED_EDGE('',*,*,#8450,.T.);
#8450 = EDGE_CURVE('',#8416,#8451,#8453,.T.);
#8451 = VERTEX_POINT('',#8452);
#8452 = CARTESIAN_POINT('',(-3.261450718968,-2.261450718968,
    80.523575613983));
#8453 = SURFACE_CURVE('',#8454,(#8457,#8464),.PCURVE_S1.);
#8454 = B_SPLINE_CURVE_WITH_KNOTS('',1,(#8455,#8456),.UNSPECIFIED.,.F.,
  .F.,(2,2),(0.,1.),.PIECEWISE_BEZIER_KNOTS.);
#8455 = CARTESIAN_POINT('',(-3.97737892557,-2.77737892557,0.));
#8456 = CARTESIAN_POINT('',(-3.261450718968,-2.261450718968,
    80.523575613983));
#8457 = PCURVE('',#8426,#8458);
#8458 = DEFINITIONAL_REPRESENTATION('',(#8459),#8463);
#8459 = LINE('',#8460,#8461);
#8460 = CARTESIAN_POINT('',(2.77737892557,0.));
#8461 = VECTOR('',#8462,1.);
#8462 = DIRECTION('',(0.,1.));
#8463 = ( GEOMETRIC_REPRESENTATION_CONTEXT(2) 
PARAMETRIC_REPRESENTATION_CONTEXT() REPRESENTATION_CONTEXT('2D SPACE',''
  ) );
#8464 = PCURVE('',#8465,#8482);
#8465 = B_SPLINE_SURFACE_WITH_KNOTS('',7,1,(
    (#8466,#8467)
    ,(#8468,#8469)
    ,(#8470,#8471)
    ,(#8472,#8473)
    ,(#8474,#8475)
    ,(#8476,#8477)
    ,(#8478,#8479)
    ,(#8480,#8481
    )),.UNSPECIFIED.,.F.,.F.,.F.,(8,8),(2,2),(3.14159265359,
    4.712388980385),(0.,1.),.PIECEWISE_BEZIER_KNOTS.);
#8466 = CARTESIAN_POINT('',(-3.97737892557,-2.77737892557,0.));
#8467 = CARTESIAN_POINT('',(-3.261450718968,-2.261450718968,
    80.523575613983));
#8468 = CARTESIAN_POINT('',(-3.97737892557,-3.046658295878,0.));
#8469 = CARTESIAN_POINT('',(-3.261450718968,-2.485850194224,
    80.523575613984));
#8470 = CARTESIAN_POINT('',(-3.906880261708,-3.315936363551,0.));
#8471 = CARTESIAN_POINT('',(-3.202701832416,-2.710248583951,
    80.523575613983));
#8472 = CARTESIAN_POINT('',(-3.765894192213,-3.563075254558,0.));
#8473 = CARTESIAN_POINT('',(-3.08521344117,-2.916197659791,
    80.523575613985));
#8474 = CARTESIAN_POINT('',(-3.563075254558,-3.765894192213,0.));
#8475 = CARTESIAN_POINT('',(-2.916197659791,-3.08521344117,
    80.523575613982));
#8476 = CARTESIAN_POINT('',(-3.31593636355,-3.906880261708,0.));
#8477 = CARTESIAN_POINT('',(-2.710248583951,-3.202701832416,
    80.523575613984));
#8478 = CARTESIAN_POINT('',(-3.046658295878,-3.97737892557,0.));
#8479 = CARTESIAN_POINT('',(-2.485850194224,-3.261450718968,
    80.523575613983));
#8480 = CARTESIAN_POINT('',(-2.77737892557,-3.97737892557,0.));
#8481 = CARTESIAN_POINT('',(-2.261450718968,-3.261450718968,
    80.523575613983));
#8482 = DEFINITIONAL_REPRESENTATION('',(#8483),#8487);
#8483 = LINE('',#8484,#8485);
#8484 = CARTESIAN_POINT('',(3.14159265359,0.));
#8485 = VECTOR('',#8486,1.);
#8486 = DIRECTION('',(0.,1.));
#8487 = ( GEOMETRIC_REPRESENTATION_CONTEXT(2) 
PARAMETRIC_REPRESENTATION_CONTEXT() REPRESENTATION_CONTEXT('2D SPACE',''
  ) );
#8488 = ORIENTED_EDGE('',*,*,#8489,.T.);
#8489 = EDGE_CURVE('',#8451,#8490,#8492,.T.);
#8490 = VERTEX_POINT('',#8491);
#8491 = CARTESIAN_POINT('',(-3.261450718968,2.26145069796,
    80.523575613983));
#8492 = SURFACE_CURVE('',#8493,(#8497,#8503),.PCURVE_S1.);
#8493 = LINE('',#8494,#8495);
#8494 = CARTESIAN_POINT('',(-3.261450718968,7.327471962526E-15,
    80.523575613983));
#8495 = VECTOR('',#8496,1.);
#8496 = DIRECTION('',(0.,1.,0.));
#8497 = PCURVE('',#8426,#8498);
#8498 = DEFINITIONAL_REPRESENTATION('',(#8499),#8502);
#8499 = B_SPLINE_CURVE_WITH_KNOTS('',1,(#8500,#8501),.UNSPECIFIED.,.F.,
  .F.,(2,2),(-2.261450718968,2.26145069796),.PIECEWISE_BEZIER_KNOTS.);
#8500 = CARTESIAN_POINT('',(2.77737892557,1.));
#8501 = CARTESIAN_POINT('',(-2.777378899182,1.));
#8502 = ( GEOMETRIC_REPRESENTATION_CONTEXT(2) 
PARAMETRIC_REPRESENTATION_CONTEXT() REPRESENTATION_CONTEXT('2D SPACE',''
  ) );
#8503 = PCURVE('',#8504,#8509);
#8504 = PLANE('',#8505);
#8505 = AXIS2_PLACEMENT_3D('',#8506,#8507,#8508);
#8506 = CARTESIAN_POINT('',(-2.261450718968,-2.261450718968,
    80.523575613983));
#8507 = DIRECTION('',(0.,0.,-1.));
#8508 = DIRECTION('',(-1.,0.,0.));
#8509 = DEFINITIONAL_REPRESENTATION('',(#8510),#8514);
#8510 = LINE('',#8511,#8512);
#8511 = CARTESIAN_POINT('',(1.,2.261450718968));
#8512 = VECTOR('',#8513,1.);
#8513 = DIRECTION('',(0.,1.));
#8514 = ( GEOMETRIC_REPRESENTATION_CONTEXT(2) 
PARAMETRIC_REPRESENTATION_CONTEXT() REPRESENTATION_CONTEXT('2D SPACE',''
  ) );
#8515 = ORIENTED_EDGE('',*,*,#8516,.F.);
#8516 = EDGE_CURVE('',#8418,#8490,#8517,.T.);
#8517 = SURFACE_CURVE('',#8518,(#8521,#8528),.PCURVE_S1.);
#8518 = B_SPLINE_CURVE_WITH_KNOTS('',1,(#8519,#8520),.UNSPECIFIED.,.F.,
  .F.,(2,2),(0.,1.),.PIECEWISE_BEZIER_KNOTS.);
#8519 = CARTESIAN_POINT('',(-3.97737892557,2.777378899182,0.));
#8520 = CARTESIAN_POINT('',(-3.261450718968,2.26145069796,
    80.523575613983));
#8521 = PCURVE('',#8426,#8522);
#8522 = DEFINITIONAL_REPRESENTATION('',(#8523),#8527);
#8523 = LINE('',#8524,#8525);
#8524 = CARTESIAN_POINT('',(-2.777378899182,0.));
#8525 = VECTOR('',#8526,1.);
#8526 = DIRECTION('',(0.,1.));
#8527 = ( GEOMETRIC_REPRESENTATION_CONTEXT(2) 
PARAMETRIC_REPRESENTATION_CONTEXT() REPRESENTATION_CONTEXT('2D SPACE',''
  ) );
#8528 = PCURVE('',#8529,#8546);
#8529 = B_SPLINE_SURFACE_WITH_KNOTS('',7,1,(
    (#8530,#8531)
    ,(#8532,#8533)
    ,(#8534,#8535)
    ,(#8536,#8537)
    ,(#8538,#8539)
    ,(#8540,#8541)
    ,(#8542,#8543)
    ,(#8544,#8545
    )),.UNSPECIFIED.,.F.,.F.,.F.,(8,8),(2,2),(1.570796326795,
    3.14159265359),(0.,1.),.PIECEWISE_BEZIER_KNOTS.);
#8530 = CARTESIAN_POINT('',(-2.77737892557,3.977378899182,0.));
#8531 = CARTESIAN_POINT('',(-2.261450718968,3.26145069796,
    80.523575613983));
#8532 = CARTESIAN_POINT('',(-3.046658295878,3.977378899182,0.));
#8533 = CARTESIAN_POINT('',(-2.485850194224,3.26145069796,
    80.523575613984));
#8534 = CARTESIAN_POINT('',(-3.31593636355,3.90688023532,0.));
#8535 = CARTESIAN_POINT('',(-2.710248583951,3.202701811408,
    80.523575613981));
#8536 = CARTESIAN_POINT('',(-3.563075254558,3.765894165825,0.));
#8537 = CARTESIAN_POINT('',(-2.916197659791,3.085213420162,
    80.523575613987));
#8538 = CARTESIAN_POINT('',(-3.765894192213,3.563075228169,0.));
#8539 = CARTESIAN_POINT('',(-3.08521344117,2.916197638783,
    80.523575613981));
#8540 = CARTESIAN_POINT('',(-3.906880261708,3.315936337162,0.));
#8541 = CARTESIAN_POINT('',(-3.202701832416,2.710248562944,
    80.523575613985));
#8542 = CARTESIAN_POINT('',(-3.97737892557,3.04665826949,0.));
#8543 = CARTESIAN_POINT('',(-3.261450718968,2.485850173217,
    80.523575613983));
#8544 = CARTESIAN_POINT('',(-3.97737892557,2.777378899182,0.));
#8545 = CARTESIAN_POINT('',(-3.261450718968,2.26145069796,
    80.523575613983));
#8546 = DEFINITIONAL_REPRESENTATION('',(#8547),#8551);
#8547 = LINE('',#8548,#8549);
#8548 = CARTESIAN_POINT('',(3.14159265359,0.));
#8549 = VECTOR('',#8550,1.);
#8550 = DIRECTION('',(0.,1.));
#8551 = ( GEOMETRIC_REPRESENTATION_CONTEXT(2) 
PARAMETRIC_REPRESENTATION_CONTEXT() REPRESENTATION_CONTEXT('2D SPACE',''
  ) );
#8552 = ADVANCED_FACE('',(#8553),#8465,.T.);
#8553 = FACE_BOUND('',#8554,.T.);
#8554 = EDGE_LOOP('',(#8555,#8579,#8606,#8628));
#8555 = ORIENTED_EDGE('',*,*,#8556,.T.);
#8556 = EDGE_CURVE('',#8416,#8557,#8559,.T.);
#8557 = VERTEX_POINT('',#8558);
#8558 = CARTESIAN_POINT('',(-2.77737892557,-3.97737892557,0.));
#8559 = SURFACE_CURVE('',#8560,(#8565,#8572),.PCURVE_S1.);
#8560 = CIRCLE('',#8561,1.2);
#8561 = AXIS2_PLACEMENT_3D('',#8562,#8563,#8564);
#8562 = CARTESIAN_POINT('',(-2.77737892557,-2.77737892557,0.));
#8563 = DIRECTION('',(0.,0.,1.));
#8564 = DIRECTION('',(1.,0.,0.));
#8565 = PCURVE('',#8465,#8566);
#8566 = DEFINITIONAL_REPRESENTATION('',(#8567),#8571);
#8567 = LINE('',#8568,#8569);
#8568 = CARTESIAN_POINT('',(0.,0.));
#8569 = VECTOR('',#8570,1.);
#8570 = DIRECTION('',(1.,0.));
#8571 = ( GEOMETRIC_REPRESENTATION_CONTEXT(2) 
PARAMETRIC_REPRESENTATION_CONTEXT() REPRESENTATION_CONTEXT('2D SPACE',''
  ) );
#8572 = PCURVE('',#8438,#8573);
#8573 = DEFINITIONAL_REPRESENTATION('',(#8574),#8578);
#8574 = CIRCLE('',#8575,1.2);
#8575 = AXIS2_PLACEMENT_2D('',#8576,#8577);
#8576 = CARTESIAN_POINT('',(0.,0.));
#8577 = DIRECTION('',(1.,0.));
#8578 = ( GEOMETRIC_REPRESENTATION_CONTEXT(2) 
PARAMETRIC_REPRESENTATION_CONTEXT() REPRESENTATION_CONTEXT('2D SPACE',''
  ) );
#8579 = ORIENTED_EDGE('',*,*,#8580,.T.);
#8580 = EDGE_CURVE('',#8557,#8581,#8583,.T.);
#8581 = VERTEX_POINT('',#8582);
#8582 = CARTESIAN_POINT('',(-2.261450718968,-3.261450718968,
    80.523575613983));
#8583 = SURFACE_CURVE('',#8584,(#8587,#8594),.PCURVE_S1.);
#8584 = B_SPLINE_CURVE_WITH_KNOTS('',1,(#8585,#8586),.UNSPECIFIED.,.F.,
  .F.,(2,2),(0.,1.),.PIECEWISE_BEZIER_KNOTS.);
#8585 = CARTESIAN_POINT('',(-2.77737892557,-3.97737892557,0.));
#8586 = CARTESIAN_POINT('',(-2.261450718968,-3.261450718968,
    80.523575613983));
#8587 = PCURVE('',#8465,#8588);
#8588 = DEFINITIONAL_REPRESENTATION('',(#8589),#8593);
#8589 = LINE('',#8590,#8591);
#8590 = CARTESIAN_POINT('',(4.712388980385,0.));
#8591 = VECTOR('',#8592,1.);
#8592 = DIRECTION('',(0.,1.));
#8593 = ( GEOMETRIC_REPRESENTATION_CONTEXT(2) 
PARAMETRIC_REPRESENTATION_CONTEXT() REPRESENTATION_CONTEXT('2D SPACE',''
  ) );
#8594 = PCURVE('',#8595,#8600);
#8595 = B_SPLINE_SURFACE_WITH_KNOTS('',1,1,(
    (#8596,#8597)
    ,(#8598,#8599
    )),.UNSPECIFIED.,.F.,.F.,.F.,(2,2),(2,2),(-2.77737892557,
    2.777378899182),(0.,1.),.PIECEWISE_BEZIER_KNOTS.);
#8596 = CARTESIAN_POINT('',(-2.77737892557,-3.97737892557,0.));
#8597 = CARTESIAN_POINT('',(-2.261450718968,-3.261450718968,
    80.523575613983));
#8598 = CARTESIAN_POINT('',(2.777378899182,-3.97737892557,0.));
#8599 = CARTESIAN_POINT('',(2.26145069796,-3.261450718968,
    80.523575613983));
#8600 = DEFINITIONAL_REPRESENTATION('',(#8601),#8605);
#8601 = LINE('',#8602,#8603);
#8602 = CARTESIAN_POINT('',(-2.77737892557,0.));
#8603 = VECTOR('',#8604,1.);
#8604 = DIRECTION('',(0.,1.));
#8605 = ( GEOMETRIC_REPRESENTATION_CONTEXT(2) 
PARAMETRIC_REPRESENTATION_CONTEXT() REPRESENTATION_CONTEXT('2D SPACE',''
  ) );
#8606 = ORIENTED_EDGE('',*,*,#8607,.T.);
#8607 = EDGE_CURVE('',#8581,#8451,#8608,.T.);
#8608 = SURFACE_CURVE('',#8609,(#8614,#8621),.PCURVE_S1.);
#8609 = CIRCLE('',#8610,1.);
#8610 = AXIS2_PLACEMENT_3D('',#8611,#8612,#8613);
#8611 = CARTESIAN_POINT('',(-2.261450718968,-2.261450718968,
    80.523575613983));
#8612 = DIRECTION('',(0.,0.,-1.));
#8613 = DIRECTION('',(-1.,0.,0.));
#8614 = PCURVE('',#8465,#8615);
#8615 = DEFINITIONAL_REPRESENTATION('',(#8616),#8620);
#8616 = LINE('',#8617,#8618);
#8617 = CARTESIAN_POINT('',(9.424777960769,1.));
#8618 = VECTOR('',#8619,1.);
#8619 = DIRECTION('',(-1.,0.));
#8620 = ( GEOMETRIC_REPRESENTATION_CONTEXT(2) 
PARAMETRIC_REPRESENTATION_CONTEXT() REPRESENTATION_CONTEXT('2D SPACE',''
  ) );
#8621 = PCURVE('',#8504,#8622);
#8622 = DEFINITIONAL_REPRESENTATION('',(#8623),#8627);
#8623 = CIRCLE('',#8624,1.);
#8624 = AXIS2_PLACEMENT_2D('',#8625,#8626);
#8625 = CARTESIAN_POINT('',(0.,0.));
#8626 = DIRECTION('',(1.,0.));
#8627 = ( GEOMETRIC_REPRESENTATION_CONTEXT(2) 
PARAMETRIC_REPRESENTATION_CONTEXT() REPRESENTATION_CONTEXT('2D SPACE',''
  ) );
#8628 = ORIENTED_EDGE('',*,*,#8450,.F.);
#8629 = ADVANCED_FACE('',(#8630),#8595,.T.);
#8630 = FACE_BOUND('',#8631,.T.);
#8631 = EDGE_LOOP('',(#8632,#8655,#8694,#8714));
#8632 = ORIENTED_EDGE('',*,*,#8633,.T.);
#8633 = EDGE_CURVE('',#8557,#8634,#8636,.T.);
#8634 = VERTEX_POINT('',#8635);
#8635 = CARTESIAN_POINT('',(2.777378899182,-3.97737892557,0.));
#8636 = SURFACE_CURVE('',#8637,(#8641,#8648),.PCURVE_S1.);
#8637 = LINE('',#8638,#8639);
#8638 = CARTESIAN_POINT('',(0.,-3.97737892557,0.));
#8639 = VECTOR('',#8640,1.);
#8640 = DIRECTION('',(1.,0.,0.));
#8641 = PCURVE('',#8595,#8642);
#8642 = DEFINITIONAL_REPRESENTATION('',(#8643),#8647);
#8643 = LINE('',#8644,#8645);
#8644 = CARTESIAN_POINT('',(0.,0.));
#8645 = VECTOR('',#8646,1.);
#8646 = DIRECTION('',(1.,0.));
#8647 = ( GEOMETRIC_REPRESENTATION_CONTEXT(2) 
PARAMETRIC_REPRESENTATION_CONTEXT() REPRESENTATION_CONTEXT('2D SPACE',''
  ) );
#8648 = PCURVE('',#8438,#8649);
#8649 = DEFINITIONAL_REPRESENTATION('',(#8650),#8654);
#8650 = LINE('',#8651,#8652);
#8651 = CARTESIAN_POINT('',(2.77737892557,-1.2));
#8652 = VECTOR('',#8653,1.);
#8653 = DIRECTION('',(1.,0.));
#8654 = ( GEOMETRIC_REPRESENTATION_CONTEXT(2) 
PARAMETRIC_REPRESENTATION_CONTEXT() REPRESENTATION_CONTEXT('2D SPACE',''
  ) );
#8655 = ORIENTED_EDGE('',*,*,#8656,.T.);
#8656 = EDGE_CURVE('',#8634,#8657,#8659,.T.);
#8657 = VERTEX_POINT('',#8658);
#8658 = CARTESIAN_POINT('',(2.26145069796,-3.261450718968,
    80.523575613983));
#8659 = SURFACE_CURVE('',#8660,(#8663,#8670),.PCURVE_S1.);
#8660 = B_SPLINE_CURVE_WITH_KNOTS('',1,(#8661,#8662),.UNSPECIFIED.,.F.,
  .F.,(2,2),(0.,1.),.PIECEWISE_BEZIER_KNOTS.);
#8661 = CARTESIAN_POINT('',(2.777378899182,-3.97737892557,0.));
#8662 = CARTESIAN_POINT('',(2.26145069796,-3.261450718968,
    80.523575613983));
#8663 = PCURVE('',#8595,#8664);
#8664 = DEFINITIONAL_REPRESENTATION('',(#8665),#8669);
#8665 = LINE('',#8666,#8667);
#8666 = CARTESIAN_POINT('',(2.777378899182,0.));
#8667 = VECTOR('',#8668,1.);
#8668 = DIRECTION('',(0.,1.));
#8669 = ( GEOMETRIC_REPRESENTATION_CONTEXT(2) 
PARAMETRIC_REPRESENTATION_CONTEXT() REPRESENTATION_CONTEXT('2D SPACE',''
  ) );
#8670 = PCURVE('',#8671,#8688);
#8671 = B_SPLINE_SURFACE_WITH_KNOTS('',7,1,(
    (#8672,#8673)
    ,(#8674,#8675)
    ,(#8676,#8677)
    ,(#8678,#8679)
    ,(#8680,#8681)
    ,(#8682,#8683)
    ,(#8684,#8685)
    ,(#8686,#8687
    )),.UNSPECIFIED.,.F.,.F.,.F.,(8,8),(2,2),(4.712388980385,
    6.28318530718),(0.,1.),.PIECEWISE_BEZIER_KNOTS.);
#8672 = CARTESIAN_POINT('',(2.777378899182,-3.97737892557,0.));
#8673 = CARTESIAN_POINT('',(2.26145069796,-3.261450718968,
    80.523575613983));
#8674 = CARTESIAN_POINT('',(3.04665826949,-3.97737892557,0.));
#8675 = CARTESIAN_POINT('',(2.485850173217,-3.261450718968,
    80.523575613984));
#8676 = CARTESIAN_POINT('',(3.315936337162,-3.906880261708,0.));
#8677 = CARTESIAN_POINT('',(2.710248562944,-3.202701832416,
    80.523575613983));
#8678 = CARTESIAN_POINT('',(3.56307522817,-3.765894192213,0.));
#8679 = CARTESIAN_POINT('',(2.916197638783,-3.08521344117,
    80.523575613985));
#8680 = CARTESIAN_POINT('',(3.765894165824,-3.563075254558,0.));
#8681 = CARTESIAN_POINT('',(3.085213420162,-2.916197659791,
    80.523575613982));
#8682 = CARTESIAN_POINT('',(3.90688023532,-3.315936363551,0.));
#8683 = CARTESIAN_POINT('',(3.202701811409,-2.710248583951,
    80.523575613984));
#8684 = CARTESIAN_POINT('',(3.977378899182,-3.046658295878,0.));
#8685 = CARTESIAN_POINT('',(3.26145069796,-2.485850194224,
    80.523575613983));
#8686 = CARTESIAN_POINT('',(3.977378899182,-2.77737892557,0.));
#8687 = CARTESIAN_POINT('',(3.26145069796,-2.261450718968,
    80.523575613983));
#8688 = DEFINITIONAL_REPRESENTATION('',(#8689),#8693);
#8689 = LINE('',#8690,#8691);
#8690 = CARTESIAN_POINT('',(4.712388980385,0.));
#8691 = VECTOR('',#8692,1.);
#8692 = DIRECTION('',(0.,1.));
#8693 = ( GEOMETRIC_REPRESENTATION_CONTEXT(2) 
PARAMETRIC_REPRESENTATION_CONTEXT() REPRESENTATION_CONTEXT('2D SPACE',''
  ) );
#8694 = ORIENTED_EDGE('',*,*,#8695,.F.);
#8695 = EDGE_CURVE('',#8581,#8657,#8696,.T.);
#8696 = SURFACE_CURVE('',#8697,(#8701,#8707),.PCURVE_S1.);
#8697 = LINE('',#8698,#8699);
#8698 = CARTESIAN_POINT('',(0.,-3.261450718968,80.523575613983));
#8699 = VECTOR('',#8700,1.);
#8700 = DIRECTION('',(1.,0.,0.));
#8701 = PCURVE('',#8595,#8702);
#8702 = DEFINITIONAL_REPRESENTATION('',(#8703),#8706);
#8703 = B_SPLINE_CURVE_WITH_KNOTS('',1,(#8704,#8705),.UNSPECIFIED.,.F.,
  .F.,(2,2),(-2.261450718968,2.26145069796),.PIECEWISE_BEZIER_KNOTS.);
#8704 = CARTESIAN_POINT('',(-2.77737892557,1.));
#8705 = CARTESIAN_POINT('',(2.777378899182,1.));
#8706 = ( GEOMETRIC_REPRESENTATION_CONTEXT(2) 
PARAMETRIC_REPRESENTATION_CONTEXT() REPRESENTATION_CONTEXT('2D SPACE',''
  ) );
#8707 = PCURVE('',#8504,#8708);
#8708 = DEFINITIONAL_REPRESENTATION('',(#8709),#8713);
#8709 = LINE('',#8710,#8711);
#8710 = CARTESIAN_POINT('',(-2.261450718968,-1.));
#8711 = VECTOR('',#8712,1.);
#8712 = DIRECTION('',(-1.,0.));
#8713 = ( GEOMETRIC_REPRESENTATION_CONTEXT(2) 
PARAMETRIC_REPRESENTATION_CONTEXT() REPRESENTATION_CONTEXT('2D SPACE',''
  ) );
#8714 = ORIENTED_EDGE('',*,*,#8580,.F.);
#8715 = ADVANCED_FACE('',(#8716),#8671,.T.);
#8716 = FACE_BOUND('',#8717,.T.);
#8717 = EDGE_LOOP('',(#8718,#8742,#8769,#8791));
#8718 = ORIENTED_EDGE('',*,*,#8719,.T.);
#8719 = EDGE_CURVE('',#8634,#8720,#8722,.T.);
#8720 = VERTEX_POINT('',#8721);
#8721 = CARTESIAN_POINT('',(3.977378912376,-2.77737892557,0.));
#8722 = SURFACE_CURVE('',#8723,(#8728,#8735),.PCURVE_S1.);
#8723 = CIRCLE('',#8724,1.2);
#8724 = AXIS2_PLACEMENT_3D('',#8725,#8726,#8727);
#8725 = CARTESIAN_POINT('',(2.777378899182,-2.77737892557,0.));
#8726 = DIRECTION('',(0.,0.,1.));
#8727 = DIRECTION('',(1.,0.,0.));
#8728 = PCURVE('',#8671,#8729);
#8729 = DEFINITIONAL_REPRESENTATION('',(#8730),#8734);
#8730 = LINE('',#8731,#8732);
#8731 = CARTESIAN_POINT('',(0.,0.));
#8732 = VECTOR('',#8733,1.);
#8733 = DIRECTION('',(1.,0.));
#8734 = ( GEOMETRIC_REPRESENTATION_CONTEXT(2) 
PARAMETRIC_REPRESENTATION_CONTEXT() REPRESENTATION_CONTEXT('2D SPACE',''
  ) );
#8735 = PCURVE('',#8438,#8736);
#8736 = DEFINITIONAL_REPRESENTATION('',(#8737),#8741);
#8737 = CIRCLE('',#8738,1.2);
#8738 = AXIS2_PLACEMENT_2D('',#8739,#8740);
#8739 = CARTESIAN_POINT('',(5.554757824752,1.909583602355E-14));
#8740 = DIRECTION('',(1.,0.));
#8741 = ( GEOMETRIC_REPRESENTATION_CONTEXT(2) 
PARAMETRIC_REPRESENTATION_CONTEXT() REPRESENTATION_CONTEXT('2D SPACE',''
  ) );
#8742 = ORIENTED_EDGE('',*,*,#8743,.T.);
#8743 = EDGE_CURVE('',#8720,#8744,#8746,.T.);
#8744 = VERTEX_POINT('',#8745);
#8745 = CARTESIAN_POINT('',(3.261450708464,-2.261450718968,
    80.523575613983));
#8746 = SURFACE_CURVE('',#8747,(#8750,#8757),.PCURVE_S1.);
#8747 = B_SPLINE_CURVE_WITH_KNOTS('',1,(#8748,#8749),.UNSPECIFIED.,.F.,
  .F.,(2,2),(0.,1.),.PIECEWISE_BEZIER_KNOTS.);
#8748 = CARTESIAN_POINT('',(3.977378899182,-2.77737892557,0.));
#8749 = CARTESIAN_POINT('',(3.26145069796,-2.261450718968,
    80.523575613983));
#8750 = PCURVE('',#8671,#8751);
#8751 = DEFINITIONAL_REPRESENTATION('',(#8752),#8756);
#8752 = LINE('',#8753,#8754);
#8753 = CARTESIAN_POINT('',(6.28318530718,0.));
#8754 = VECTOR('',#8755,1.);
#8755 = DIRECTION('',(0.,1.));
#8756 = ( GEOMETRIC_REPRESENTATION_CONTEXT(2) 
PARAMETRIC_REPRESENTATION_CONTEXT() REPRESENTATION_CONTEXT('2D SPACE',''
  ) );
#8757 = PCURVE('',#8758,#8763);
#8758 = B_SPLINE_SURFACE_WITH_KNOTS('',1,1,(
    (#8759,#8760)
    ,(#8761,#8762
    )),.UNSPECIFIED.,.F.,.F.,.F.,(2,2),(2,2),(-2.77737892557,
    2.777378899182),(0.,1.),.PIECEWISE_BEZIER_KNOTS.);
#8759 = CARTESIAN_POINT('',(3.97737892557,-2.77737892557,0.));
#8760 = CARTESIAN_POINT('',(3.261450718968,-2.261450718968,
    80.523575613983));
#8761 = CARTESIAN_POINT('',(3.97737892557,2.777378899182,0.));
#8762 = CARTESIAN_POINT('',(3.261450718968,2.26145069796,80.523575613983
    ));
#8763 = DEFINITIONAL_REPRESENTATION('',(#8764),#8768);
#8764 = LINE('',#8765,#8766);
#8765 = CARTESIAN_POINT('',(-2.77737892557,0.));
#8766 = VECTOR('',#8767,1.);
#8767 = DIRECTION('',(0.,1.));
#8768 = ( GEOMETRIC_REPRESENTATION_CONTEXT(2) 
PARAMETRIC_REPRESENTATION_CONTEXT() REPRESENTATION_CONTEXT('2D SPACE',''
  ) );
#8769 = ORIENTED_EDGE('',*,*,#8770,.T.);
#8770 = EDGE_CURVE('',#8744,#8657,#8771,.T.);
#8771 = SURFACE_CURVE('',#8772,(#8777,#8784),.PCURVE_S1.);
#8772 = CIRCLE('',#8773,1.);
#8773 = AXIS2_PLACEMENT_3D('',#8774,#8775,#8776);
#8774 = CARTESIAN_POINT('',(2.26145069796,-2.261450718968,
    80.523575613983));
#8775 = DIRECTION('',(0.,0.,-1.));
#8776 = DIRECTION('',(-1.,0.,0.));
#8777 = PCURVE('',#8671,#8778);
#8778 = DEFINITIONAL_REPRESENTATION('',(#8779),#8783);
#8779 = LINE('',#8780,#8781);
#8780 = CARTESIAN_POINT('',(9.424777960769,1.));
#8781 = VECTOR('',#8782,1.);
#8782 = DIRECTION('',(-1.,0.));
#8783 = ( GEOMETRIC_REPRESENTATION_CONTEXT(2) 
PARAMETRIC_REPRESENTATION_CONTEXT() REPRESENTATION_CONTEXT('2D SPACE',''
  ) );
#8784 = PCURVE('',#8504,#8785);
#8785 = DEFINITIONAL_REPRESENTATION('',(#8786),#8790);
#8786 = CIRCLE('',#8787,1.);
#8787 = AXIS2_PLACEMENT_2D('',#8788,#8789);
#8788 = CARTESIAN_POINT('',(-4.522901416928,1.42108547152E-14));
#8789 = DIRECTION('',(1.,0.));
#8790 = ( GEOMETRIC_REPRESENTATION_CONTEXT(2) 
PARAMETRIC_REPRESENTATION_CONTEXT() REPRESENTATION_CONTEXT('2D SPACE',''
  ) );
#8791 = ORIENTED_EDGE('',*,*,#8656,.F.);
#8792 = ADVANCED_FACE('',(#8793),#8758,.T.);
#8793 = FACE_BOUND('',#8794,.T.);
#8794 = EDGE_LOOP('',(#8795,#8818,#8857,#8877));
#8795 = ORIENTED_EDGE('',*,*,#8796,.T.);
#8796 = EDGE_CURVE('',#8720,#8797,#8799,.T.);
#8797 = VERTEX_POINT('',#8798);
#8798 = CARTESIAN_POINT('',(3.97737892557,2.777378899182,0.));
#8799 = SURFACE_CURVE('',#8800,(#8804,#8811),.PCURVE_S1.);
#8800 = LINE('',#8801,#8802);
#8801 = CARTESIAN_POINT('',(3.97737892557,9.325873406851E-15,0.));
#8802 = VECTOR('',#8803,1.);
#8803 = DIRECTION('',(0.,1.,0.));
#8804 = PCURVE('',#8758,#8805);
#8805 = DEFINITIONAL_REPRESENTATION('',(#8806),#8810);
#8806 = LINE('',#8807,#8808);
#8807 = CARTESIAN_POINT('',(0.,0.));
#8808 = VECTOR('',#8809,1.);
#8809 = DIRECTION('',(1.,0.));
#8810 = ( GEOMETRIC_REPRESENTATION_CONTEXT(2) 
PARAMETRIC_REPRESENTATION_CONTEXT() REPRESENTATION_CONTEXT('2D SPACE',''
  ) );
#8811 = PCURVE('',#8438,#8812);
#8812 = DEFINITIONAL_REPRESENTATION('',(#8813),#8817);
#8813 = LINE('',#8814,#8815);
#8814 = CARTESIAN_POINT('',(6.754757851141,2.77737892557));
#8815 = VECTOR('',#8816,1.);
#8816 = DIRECTION('',(0.,1.));
#8817 = ( GEOMETRIC_REPRESENTATION_CONTEXT(2) 
PARAMETRIC_REPRESENTATION_CONTEXT() REPRESENTATION_CONTEXT('2D SPACE',''
  ) );
#8818 = ORIENTED_EDGE('',*,*,#8819,.T.);
#8819 = EDGE_CURVE('',#8797,#8820,#8822,.T.);
#8820 = VERTEX_POINT('',#8821);
#8821 = CARTESIAN_POINT('',(3.261450718968,2.26145069796,80.523575613983
    ));
#8822 = SURFACE_CURVE('',#8823,(#8826,#8833),.PCURVE_S1.);
#8823 = B_SPLINE_CURVE_WITH_KNOTS('',1,(#8824,#8825),.UNSPECIFIED.,.F.,
  .F.,(2,2),(0.,1.),.PIECEWISE_BEZIER_KNOTS.);
#8824 = CARTESIAN_POINT('',(3.97737892557,2.777378899182,0.));
#8825 = CARTESIAN_POINT('',(3.261450718968,2.26145069796,80.523575613983
    ));
#8826 = PCURVE('',#8758,#8827);
#8827 = DEFINITIONAL_REPRESENTATION('',(#8828),#8832);
#8828 = LINE('',#8829,#8830);
#8829 = CARTESIAN_POINT('',(2.777378899182,0.));
#8830 = VECTOR('',#8831,1.);
#8831 = DIRECTION('',(0.,1.));
#8832 = ( GEOMETRIC_REPRESENTATION_CONTEXT(2) 
PARAMETRIC_REPRESENTATION_CONTEXT() REPRESENTATION_CONTEXT('2D SPACE',''
  ) );
#8833 = PCURVE('',#8834,#8851);
#8834 = B_SPLINE_SURFACE_WITH_KNOTS('',7,1,(
    (#8835,#8836)
    ,(#8837,#8838)
    ,(#8839,#8840)
    ,(#8841,#8842)
    ,(#8843,#8844)
    ,(#8845,#8846)
    ,(#8847,#8848)
    ,(#8849,#8850
    )),.UNSPECIFIED.,.F.,.F.,.F.,(8,8),(2,2),(0.,1.570796326795),(0.,1.)
  ,.PIECEWISE_BEZIER_KNOTS.);
#8835 = CARTESIAN_POINT('',(3.97737892557,2.777378899182,0.));
#8836 = CARTESIAN_POINT('',(3.261450718968,2.26145069796,80.523575613983
    ));
#8837 = CARTESIAN_POINT('',(3.97737892557,3.04665826949,0.));
#8838 = CARTESIAN_POINT('',(3.261450718968,2.485850173217,
    80.523575613983));
#8839 = CARTESIAN_POINT('',(3.906880261708,3.315936337162,0.));
#8840 = CARTESIAN_POINT('',(3.202701832416,2.710248562944,
    80.523575613986));
#8841 = CARTESIAN_POINT('',(3.765894192213,3.563075228169,0.));
#8842 = CARTESIAN_POINT('',(3.08521344117,2.916197638783,80.523575613979
    ));
#8843 = CARTESIAN_POINT('',(3.563075254558,3.765894165824,0.));
#8844 = CARTESIAN_POINT('',(2.916197659791,3.085213420162,
    80.523575613988));
#8845 = CARTESIAN_POINT('',(3.315936363551,3.90688023532,0.));
#8846 = CARTESIAN_POINT('',(2.710248583951,3.202701811408,
    80.523575613981));
#8847 = CARTESIAN_POINT('',(3.046658295878,3.977378899182,0.));
#8848 = CARTESIAN_POINT('',(2.485850194224,3.26145069796,80.523575613984
    ));
#8849 = CARTESIAN_POINT('',(2.77737892557,3.977378899182,0.));
#8850 = CARTESIAN_POINT('',(2.261450718968,3.26145069796,80.523575613984
    ));
#8851 = DEFINITIONAL_REPRESENTATION('',(#8852),#8856);
#8852 = LINE('',#8853,#8854);
#8853 = CARTESIAN_POINT('',(0.,0.));
#8854 = VECTOR('',#8855,1.);
#8855 = DIRECTION('',(0.,1.));
#8856 = ( GEOMETRIC_REPRESENTATION_CONTEXT(2) 
PARAMETRIC_REPRESENTATION_CONTEXT() REPRESENTATION_CONTEXT('2D SPACE',''
  ) );
#8857 = ORIENTED_EDGE('',*,*,#8858,.F.);
#8858 = EDGE_CURVE('',#8744,#8820,#8859,.T.);
#8859 = SURFACE_CURVE('',#8860,(#8864,#8870),.PCURVE_S1.);
#8860 = LINE('',#8861,#8862);
#8861 = CARTESIAN_POINT('',(3.261450718968,7.327471962526E-15,
    80.523575613983));
#8862 = VECTOR('',#8863,1.);
#8863 = DIRECTION('',(0.,1.,0.));
#8864 = PCURVE('',#8758,#8865);
#8865 = DEFINITIONAL_REPRESENTATION('',(#8866),#8869);
#8866 = B_SPLINE_CURVE_WITH_KNOTS('',1,(#8867,#8868),.UNSPECIFIED.,.F.,
  .F.,(2,2),(-2.261450718968,2.26145069796),.PIECEWISE_BEZIER_KNOTS.);
#8867 = CARTESIAN_POINT('',(-2.77737892557,1.));
#8868 = CARTESIAN_POINT('',(2.777378899182,1.));
#8869 = ( GEOMETRIC_REPRESENTATION_CONTEXT(2) 
PARAMETRIC_REPRESENTATION_CONTEXT() REPRESENTATION_CONTEXT('2D SPACE',''
  ) );
#8870 = PCURVE('',#8504,#8871);
#8871 = DEFINITIONAL_REPRESENTATION('',(#8872),#8876);
#8872 = LINE('',#8873,#8874);
#8873 = CARTESIAN_POINT('',(-5.522901437935,2.261450718968));
#8874 = VECTOR('',#8875,1.);
#8875 = DIRECTION('',(0.,1.));
#8876 = ( GEOMETRIC_REPRESENTATION_CONTEXT(2) 
PARAMETRIC_REPRESENTATION_CONTEXT() REPRESENTATION_CONTEXT('2D SPACE',''
  ) );
#8877 = ORIENTED_EDGE('',*,*,#8743,.F.);
#8878 = ADVANCED_FACE('',(#8879),#8834,.T.);
#8879 = FACE_BOUND('',#8880,.T.);
#8880 = EDGE_LOOP('',(#8881,#8905,#8932,#8954));
#8881 = ORIENTED_EDGE('',*,*,#8882,.T.);
#8882 = EDGE_CURVE('',#8797,#8883,#8885,.T.);
#8883 = VERTEX_POINT('',#8884);
#8884 = CARTESIAN_POINT('',(2.77737892557,3.977378912376,0.));
#8885 = SURFACE_CURVE('',#8886,(#8891,#8898),.PCURVE_S1.);
#8886 = CIRCLE('',#8887,1.2);
#8887 = AXIS2_PLACEMENT_3D('',#8888,#8889,#8890);
#8888 = CARTESIAN_POINT('',(2.77737892557,2.777378899182,0.));
#8889 = DIRECTION('',(0.,0.,1.));
#8890 = DIRECTION('',(1.,0.,0.));
#8891 = PCURVE('',#8834,#8892);
#8892 = DEFINITIONAL_REPRESENTATION('',(#8893),#8897);
#8893 = LINE('',#8894,#8895);
#8894 = CARTESIAN_POINT('',(0.,0.));
#8895 = VECTOR('',#8896,1.);
#8896 = DIRECTION('',(1.,0.));
#8897 = ( GEOMETRIC_REPRESENTATION_CONTEXT(2) 
PARAMETRIC_REPRESENTATION_CONTEXT() REPRESENTATION_CONTEXT('2D SPACE',''
  ) );
#8898 = PCURVE('',#8438,#8899);
#8899 = DEFINITIONAL_REPRESENTATION('',(#8900),#8904);
#8900 = CIRCLE('',#8901,1.2);
#8901 = AXIS2_PLACEMENT_2D('',#8902,#8903);
#8902 = CARTESIAN_POINT('',(5.554757851141,5.554757824752));
#8903 = DIRECTION('',(1.,0.));
#8904 = ( GEOMETRIC_REPRESENTATION_CONTEXT(2) 
PARAMETRIC_REPRESENTATION_CONTEXT() REPRESENTATION_CONTEXT('2D SPACE',''
  ) );
#8905 = ORIENTED_EDGE('',*,*,#8906,.T.);
#8906 = EDGE_CURVE('',#8883,#8907,#8909,.T.);
#8907 = VERTEX_POINT('',#8908);
#8908 = CARTESIAN_POINT('',(2.261450718968,3.261450708464,
    80.523575613983));
#8909 = SURFACE_CURVE('',#8910,(#8913,#8920),.PCURVE_S1.);
#8910 = B_SPLINE_CURVE_WITH_KNOTS('',1,(#8911,#8912),.UNSPECIFIED.,.F.,
  .F.,(2,2),(0.,1.),.PIECEWISE_BEZIER_KNOTS.);
#8911 = CARTESIAN_POINT('',(2.77737892557,3.977378899182,0.));
#8912 = CARTESIAN_POINT('',(2.261450718968,3.26145069796,80.523575613984
    ));
#8913 = PCURVE('',#8834,#8914);
#8914 = DEFINITIONAL_REPRESENTATION('',(#8915),#8919);
#8915 = LINE('',#8916,#8917);
#8916 = CARTESIAN_POINT('',(1.570796326795,0.));
#8917 = VECTOR('',#8918,1.);
#8918 = DIRECTION('',(0.,1.));
#8919 = ( GEOMETRIC_REPRESENTATION_CONTEXT(2) 
PARAMETRIC_REPRESENTATION_CONTEXT() REPRESENTATION_CONTEXT('2D SPACE',''
  ) );
#8920 = PCURVE('',#8921,#8926);
#8921 = B_SPLINE_SURFACE_WITH_KNOTS('',1,1,(
    (#8922,#8923)
    ,(#8924,#8925
    )),.UNSPECIFIED.,.F.,.F.,.F.,(2,2),(2,2),(-2.77737892557,
    2.77737892557),(0.,1.),.PIECEWISE_BEZIER_KNOTS.);
#8922 = CARTESIAN_POINT('',(2.77737892557,3.97737892557,0.));
#8923 = CARTESIAN_POINT('',(2.261450718968,3.261450718968,
    80.523575613983));
#8924 = CARTESIAN_POINT('',(-2.77737892557,3.97737892557,0.));
#8925 = CARTESIAN_POINT('',(-2.261450718968,3.261450718968,
    80.523575613983));
#8926 = DEFINITIONAL_REPRESENTATION('',(#8927),#8931);
#8927 = LINE('',#8928,#8929);
#8928 = CARTESIAN_POINT('',(-2.77737892557,0.));
#8929 = VECTOR('',#8930,1.);
#8930 = DIRECTION('',(0.,1.));
#8931 = ( GEOMETRIC_REPRESENTATION_CONTEXT(2) 
PARAMETRIC_REPRESENTATION_CONTEXT() REPRESENTATION_CONTEXT('2D SPACE',''
  ) );
#8932 = ORIENTED_EDGE('',*,*,#8933,.T.);
#8933 = EDGE_CURVE('',#8907,#8820,#8934,.T.);
#8934 = SURFACE_CURVE('',#8935,(#8940,#8947),.PCURVE_S1.);
#8935 = CIRCLE('',#8936,1.);
#8936 = AXIS2_PLACEMENT_3D('',#8937,#8938,#8939);
#8937 = CARTESIAN_POINT('',(2.261450718968,2.26145069796,80.523575613983
    ));
#8938 = DIRECTION('',(0.,0.,-1.));
#8939 = DIRECTION('',(-1.,0.,0.));
#8940 = PCURVE('',#8834,#8941);
#8941 = DEFINITIONAL_REPRESENTATION('',(#8942),#8946);
#8942 = LINE('',#8943,#8944);
#8943 = CARTESIAN_POINT('',(3.14159265359,1.));
#8944 = VECTOR('',#8945,1.);
#8945 = DIRECTION('',(-1.,0.));
#8946 = ( GEOMETRIC_REPRESENTATION_CONTEXT(2) 
PARAMETRIC_REPRESENTATION_CONTEXT() REPRESENTATION_CONTEXT('2D SPACE',''
  ) );
#8947 = PCURVE('',#8504,#8948);
#8948 = DEFINITIONAL_REPRESENTATION('',(#8949),#8953);
#8949 = CIRCLE('',#8950,1.);
#8950 = AXIS2_PLACEMENT_2D('',#8951,#8952);
#8951 = CARTESIAN_POINT('',(-4.522901437935,4.522901416928));
#8952 = DIRECTION('',(1.,0.));
#8953 = ( GEOMETRIC_REPRESENTATION_CONTEXT(2) 
PARAMETRIC_REPRESENTATION_CONTEXT() REPRESENTATION_CONTEXT('2D SPACE',''
  ) );
#8954 = ORIENTED_EDGE('',*,*,#8819,.F.);
#8955 = ADVANCED_FACE('',(#8956),#8921,.T.);
#8956 = FACE_BOUND('',#8957,.T.);
#8957 = EDGE_LOOP('',(#8958,#8981,#9003,#9023));
#8958 = ORIENTED_EDGE('',*,*,#8959,.F.);
#8959 = EDGE_CURVE('',#8960,#8883,#8962,.T.);
#8960 = VERTEX_POINT('',#8961);
#8961 = CARTESIAN_POINT('',(-2.77737892557,3.977378912376,0.));
#8962 = SURFACE_CURVE('',#8963,(#8967,#8974),.PCURVE_S1.);
#8963 = LINE('',#8964,#8965);
#8964 = CARTESIAN_POINT('',(0.,3.97737892557,0.));
#8965 = VECTOR('',#8966,1.);
#8966 = DIRECTION('',(1.,0.,0.));
#8967 = PCURVE('',#8921,#8968);
#8968 = DEFINITIONAL_REPRESENTATION('',(#8969),#8973);
#8969 = LINE('',#8970,#8971);
#8970 = CARTESIAN_POINT('',(0.,0.));
#8971 = VECTOR('',#8972,1.);
#8972 = DIRECTION('',(-1.,0.));
#8973 = ( GEOMETRIC_REPRESENTATION_CONTEXT(2) 
PARAMETRIC_REPRESENTATION_CONTEXT() REPRESENTATION_CONTEXT('2D SPACE',''
  ) );
#8974 = PCURVE('',#8438,#8975);
#8975 = DEFINITIONAL_REPRESENTATION('',(#8976),#8980);
#8976 = LINE('',#8977,#8978);
#8977 = CARTESIAN_POINT('',(2.77737892557,6.754757851141));
#8978 = VECTOR('',#8979,1.);
#8979 = DIRECTION('',(1.,0.));
#8980 = ( GEOMETRIC_REPRESENTATION_CONTEXT(2) 
PARAMETRIC_REPRESENTATION_CONTEXT() REPRESENTATION_CONTEXT('2D SPACE',''
  ) );
#8981 = ORIENTED_EDGE('',*,*,#8982,.T.);
#8982 = EDGE_CURVE('',#8960,#8983,#8985,.T.);
#8983 = VERTEX_POINT('',#8984);
#8984 = CARTESIAN_POINT('',(-2.261450718968,3.261450708464,
    80.523575613983));
#8985 = SURFACE_CURVE('',#8986,(#8989,#8996),.PCURVE_S1.);
#8986 = B_SPLINE_CURVE_WITH_KNOTS('',1,(#8987,#8988),.UNSPECIFIED.,.F.,
  .F.,(2,2),(0.,1.),.PIECEWISE_BEZIER_KNOTS.);
#8987 = CARTESIAN_POINT('',(-2.77737892557,3.97737892557,0.));
#8988 = CARTESIAN_POINT('',(-2.261450718968,3.261450718968,
    80.523575613983));
#8989 = PCURVE('',#8921,#8990);
#8990 = DEFINITIONAL_REPRESENTATION('',(#8991),#8995);
#8991 = LINE('',#8992,#8993);
#8992 = CARTESIAN_POINT('',(2.77737892557,0.));
#8993 = VECTOR('',#8994,1.);
#8994 = DIRECTION('',(0.,1.));
#8995 = ( GEOMETRIC_REPRESENTATION_CONTEXT(2) 
PARAMETRIC_REPRESENTATION_CONTEXT() REPRESENTATION_CONTEXT('2D SPACE',''
  ) );
#8996 = PCURVE('',#8529,#8997);
#8997 = DEFINITIONAL_REPRESENTATION('',(#8998),#9002);
#8998 = LINE('',#8999,#9000);
#8999 = CARTESIAN_POINT('',(1.570796326795,0.));
#9000 = VECTOR('',#9001,1.);
#9001 = DIRECTION('',(0.,1.));
#9002 = ( GEOMETRIC_REPRESENTATION_CONTEXT(2) 
PARAMETRIC_REPRESENTATION_CONTEXT() REPRESENTATION_CONTEXT('2D SPACE',''
  ) );
#9003 = ORIENTED_EDGE('',*,*,#9004,.T.);
#9004 = EDGE_CURVE('',#8983,#8907,#9005,.T.);
#9005 = SURFACE_CURVE('',#9006,(#9010,#9016),.PCURVE_S1.);
#9006 = LINE('',#9007,#9008);
#9007 = CARTESIAN_POINT('',(0.,3.261450718968,80.523575613983));
#9008 = VECTOR('',#9009,1.);
#9009 = DIRECTION('',(1.,0.,0.));
#9010 = PCURVE('',#8921,#9011);
#9011 = DEFINITIONAL_REPRESENTATION('',(#9012),#9015);
#9012 = B_SPLINE_CURVE_WITH_KNOTS('',1,(#9013,#9014),.UNSPECIFIED.,.F.,
  .F.,(2,2),(-2.261450718968,2.261450718968),.PIECEWISE_BEZIER_KNOTS.);
#9013 = CARTESIAN_POINT('',(2.77737892557,1.));
#9014 = CARTESIAN_POINT('',(-2.77737892557,1.));
#9015 = ( GEOMETRIC_REPRESENTATION_CONTEXT(2) 
PARAMETRIC_REPRESENTATION_CONTEXT() REPRESENTATION_CONTEXT('2D SPACE',''
  ) );
#9016 = PCURVE('',#8504,#9017);
#9017 = DEFINITIONAL_REPRESENTATION('',(#9018),#9022);
#9018 = LINE('',#9019,#9020);
#9019 = CARTESIAN_POINT('',(-2.261450718968,5.522901437935));
#9020 = VECTOR('',#9021,1.);
#9021 = DIRECTION('',(-1.,0.));
#9022 = ( GEOMETRIC_REPRESENTATION_CONTEXT(2) 
PARAMETRIC_REPRESENTATION_CONTEXT() REPRESENTATION_CONTEXT('2D SPACE',''
  ) );
#9023 = ORIENTED_EDGE('',*,*,#8906,.F.);
#9024 = ADVANCED_FACE('',(#9025),#8529,.T.);
#9025 = FACE_BOUND('',#9026,.T.);
#9026 = EDGE_LOOP('',(#9027,#9049,#9050,#9072));
#9027 = ORIENTED_EDGE('',*,*,#9028,.T.);
#9028 = EDGE_CURVE('',#8960,#8418,#9029,.T.);
#9029 = SURFACE_CURVE('',#9030,(#9035,#9042),.PCURVE_S1.);
#9030 = CIRCLE('',#9031,1.2);
#9031 = AXIS2_PLACEMENT_3D('',#9032,#9033,#9034);
#9032 = CARTESIAN_POINT('',(-2.77737892557,2.777378899182,0.));
#9033 = DIRECTION('',(0.,0.,1.));
#9034 = DIRECTION('',(1.,0.,0.));
#9035 = PCURVE('',#8529,#9036);
#9036 = DEFINITIONAL_REPRESENTATION('',(#9037),#9041);
#9037 = LINE('',#9038,#9039);
#9038 = CARTESIAN_POINT('',(0.,0.));
#9039 = VECTOR('',#9040,1.);
#9040 = DIRECTION('',(1.,0.));
#9041 = ( GEOMETRIC_REPRESENTATION_CONTEXT(2) 
PARAMETRIC_REPRESENTATION_CONTEXT() REPRESENTATION_CONTEXT('2D SPACE',''
  ) );
#9042 = PCURVE('',#8438,#9043);
#9043 = DEFINITIONAL_REPRESENTATION('',(#9044),#9048);
#9044 = CIRCLE('',#9045,1.2);
#9045 = AXIS2_PLACEMENT_2D('',#9046,#9047);
#9046 = CARTESIAN_POINT('',(0.,5.554757824752));
#9047 = DIRECTION('',(1.,0.));
#9048 = ( GEOMETRIC_REPRESENTATION_CONTEXT(2) 
PARAMETRIC_REPRESENTATION_CONTEXT() REPRESENTATION_CONTEXT('2D SPACE',''
  ) );
#9049 = ORIENTED_EDGE('',*,*,#8516,.T.);
#9050 = ORIENTED_EDGE('',*,*,#9051,.T.);
#9051 = EDGE_CURVE('',#8490,#8983,#9052,.T.);
#9052 = SURFACE_CURVE('',#9053,(#9058,#9065),.PCURVE_S1.);
#9053 = CIRCLE('',#9054,1.);
#9054 = AXIS2_PLACEMENT_3D('',#9055,#9056,#9057);
#9055 = CARTESIAN_POINT('',(-2.261450718968,2.26145069796,
    80.523575613983));
#9056 = DIRECTION('',(0.,0.,-1.));
#9057 = DIRECTION('',(-1.,0.,0.));
#9058 = PCURVE('',#8529,#9059);
#9059 = DEFINITIONAL_REPRESENTATION('',(#9060),#9064);
#9060 = LINE('',#9061,#9062);
#9061 = CARTESIAN_POINT('',(3.14159265359,1.));
#9062 = VECTOR('',#9063,1.);
#9063 = DIRECTION('',(-1.,0.));
#9064 = ( GEOMETRIC_REPRESENTATION_CONTEXT(2) 
PARAMETRIC_REPRESENTATION_CONTEXT() REPRESENTATION_CONTEXT('2D SPACE',''
  ) );
#9065 = PCURVE('',#8504,#9066);
#9066 = DEFINITIONAL_REPRESENTATION('',(#9067),#9071);
#9067 = CIRCLE('',#9068,1.);
#9068 = AXIS2_PLACEMENT_2D('',#9069,#9070);
#9069 = CARTESIAN_POINT('',(0.,4.522901416928));
#9070 = DIRECTION('',(1.,0.));
#9071 = ( GEOMETRIC_REPRESENTATION_CONTEXT(2) 
PARAMETRIC_REPRESENTATION_CONTEXT() REPRESENTATION_CONTEXT('2D SPACE',''
  ) );
#9072 = ORIENTED_EDGE('',*,*,#8982,.F.);
#9073 = ADVANCED_FACE('',(#9074),#8438,.F.);
#9074 = FACE_BOUND('',#9075,.F.);
#9075 = EDGE_LOOP('',(#9076,#9077,#9078,#9079,#9080,#9081,#9082,#9083));
#9076 = ORIENTED_EDGE('',*,*,#8415,.F.);
#9077 = ORIENTED_EDGE('',*,*,#8556,.T.);
#9078 = ORIENTED_EDGE('',*,*,#8633,.T.);
#9079 = ORIENTED_EDGE('',*,*,#8719,.T.);
#9080 = ORIENTED_EDGE('',*,*,#8796,.T.);
#9081 = ORIENTED_EDGE('',*,*,#8882,.T.);
#9082 = ORIENTED_EDGE('',*,*,#8959,.F.);
#9083 = ORIENTED_EDGE('',*,*,#9028,.T.);
#9084 = ADVANCED_FACE('',(#9085),#8504,.F.);
#9085 = FACE_BOUND('',#9086,.T.);
#9086 = EDGE_LOOP('',(#9087,#9088,#9089,#9090,#9091,#9092,#9093,#9094));
#9087 = ORIENTED_EDGE('',*,*,#8489,.F.);
#9088 = ORIENTED_EDGE('',*,*,#8607,.F.);
#9089 = ORIENTED_EDGE('',*,*,#8695,.T.);
#9090 = ORIENTED_EDGE('',*,*,#8770,.F.);
#9091 = ORIENTED_EDGE('',*,*,#8858,.T.);
#9092 = ORIENTED_EDGE('',*,*,#8933,.F.);
#9093 = ORIENTED_EDGE('',*,*,#9004,.F.);
#9094 = ORIENTED_EDGE('',*,*,#9051,.F.);
#9095 = ( GEOMETRIC_REPRESENTATION_CONTEXT(3) 
GLOBAL_UNCERTAINTY_ASSIGNED_CONTEXT((#9099)) 
GLOBAL_UNIT_ASSIGNED_CONTEXT((#9096,#9097,#9098)) REPRESENTATION_CONTEXT
('Context #1','3D Context with UNIT and UNCERTAINTY') );
#9096 = ( LENGTH_UNIT() NAMED_UNIT(*) SI_UNIT(.MILLI.,.METRE.) );
#9097 = ( NAMED_UNIT(*) PLANE_ANGLE_UNIT() SI_UNIT($,.RADIAN.) );
#9098 = ( NAMED_UNIT(*) SI_UNIT($,.STERADIAN.) SOLID_ANGLE_UNIT() );
#9099 = UNCERTAINTY_MEASURE_WITH_UNIT(LENGTH_MEASURE(1.E-07),#9096,
  'distance_accuracy_value','confusion accuracy');
#9100 = CONTEXT_DEPENDENT_SHAPE_REPRESENTATION(#9101,#9103);
#9101 = ( REPRESENTATION_RELATIONSHIP('','',#8408,#10) 
REPRESENTATION_RELATIONSHIP_WITH_TRANSFORMATION(#9102) 
SHAPE_REPRESENTATION_RELATIONSHIP() );
#9102 = ITEM_DEFINED_TRANSFORMATION('','',#11,#51);
#9103 = PRODUCT_DEFINITION_SHAPE('Placement','Placement of an item',
  #9104);
#9104 = NEXT_ASSEMBLY_USAGE_OCCURRENCE('10','fry_04','',#5,#8403,$);
#9105 = PRODUCT_RELATED_PRODUCT_CATEGORY('part',$,(#8405));
#9106 = SHAPE_DEFINITION_REPRESENTATION(#9107,#9113);
#9107 = PRODUCT_DEFINITION_SHAPE('','',#9108);
#9108 = PRODUCT_DEFINITION('design','',#9109,#9112);
#9109 = PRODUCT_DEFINITION_FORMATION('','',#9110);
#9110 = PRODUCT('fry_05','fry_05','',(#9111));
#9111 = PRODUCT_CONTEXT('',#2,'mechanical');
#9112 = PRODUCT_DEFINITION_CONTEXT('part definition',#2,'design');
#9113 = ADVANCED_BREP_SHAPE_REPRESENTATION('',(#11,#9114),#9800);
#9114 = MANIFOLD_SOLID_BREP('',#9115);
#9115 = CLOSED_SHELL('',(#9116,#9257,#9334,#9420,#9497,#9583,#9660,#9729
    ,#9778,#9789));
#9116 = ADVANCED_FACE('',(#9117),#9131,.T.);
#9117 = FACE_BOUND('',#9118,.T.);
#9118 = EDGE_LOOP('',(#9119,#9154,#9193,#9220));
#9119 = ORIENTED_EDGE('',*,*,#9120,.F.);
#9120 = EDGE_CURVE('',#9121,#9123,#9125,.T.);
#9121 = VERTEX_POINT('',#9122);
#9122 = CARTESIAN_POINT('',(-5.14606918453,-3.94606918453,0.));
#9123 = VERTEX_POINT('',#9124);
#9124 = CARTESIAN_POINT('',(-5.14606918453,3.94606913286,0.));
#9125 = SURFACE_CURVE('',#9126,(#9130,#9142),.PCURVE_S1.);
#9126 = LINE('',#9127,#9128);
#9127 = CARTESIAN_POINT('',(-5.14606918453,2.48689957516E-14,0.));
#9128 = VECTOR('',#9129,1.);
#9129 = DIRECTION('',(0.,1.,0.));
#9130 = PCURVE('',#9131,#9136);
#9131 = B_SPLINE_SURFACE_WITH_KNOTS('',1,1,(
    (#9132,#9133)
    ,(#9134,#9135
    )),.UNSPECIFIED.,.F.,.F.,.F.,(2,2),(2,2),(-3.94606913286,
    3.94606918453),(0.,1.),.PIECEWISE_BEZIER_KNOTS.);
#9132 = CARTESIAN_POINT('',(-5.14606918453,3.94606913286,0.));
#9133 = CARTESIAN_POINT('',(-4.219776731315,3.219776689916,
    70.679155032408));
#9134 = CARTESIAN_POINT('',(-5.14606918453,-3.94606918453,0.));
#9135 = CARTESIAN_POINT('',(-4.219776731315,-3.219776731315,
    70.679155032408));
#9136 = DEFINITIONAL_REPRESENTATION('',(#9137),#9141);
#9137 = LINE('',#9138,#9139);
#9138 = CARTESIAN_POINT('',(0.,0.));
#9139 = VECTOR('',#9140,1.);
#9140 = DIRECTION('',(-1.,0.));
#9141 = ( GEOMETRIC_REPRESENTATION_CONTEXT(2) 
PARAMETRIC_REPRESENTATION_CONTEXT() REPRESENTATION_CONTEXT('2D SPACE',''
  ) );
#9142 = PCURVE('',#9143,#9148);
#9143 = PLANE('',#9144);
#9144 = AXIS2_PLACEMENT_3D('',#9145,#9146,#9147);
#9145 = CARTESIAN_POINT('',(-3.94606918453,-3.94606918453,0.));
#9146 = DIRECTION('',(0.,0.,-1.));
#9147 = DIRECTION('',(-1.,0.,0.));
#9148 = DEFINITIONAL_REPRESENTATION('',(#9149),#9153);
#9149 = LINE('',#9150,#9151);
#9150 = CARTESIAN_POINT('',(1.2,3.94606918453));
#9151 = VECTOR('',#9152,1.);
#9152 = DIRECTION('',(0.,1.));
#9153 = ( GEOMETRIC_REPRESENTATION_CONTEXT(2) 
PARAMETRIC_REPRESENTATION_CONTEXT() REPRESENTATION_CONTEXT('2D SPACE',''
  ) );
#9154 = ORIENTED_EDGE('',*,*,#9155,.T.);
#9155 = EDGE_CURVE('',#9121,#9156,#9158,.T.);
#9156 = VERTEX_POINT('',#9157);
#9157 = CARTESIAN_POINT('',(-4.219776731315,-3.219776731315,
    70.679155032408));
#9158 = SURFACE_CURVE('',#9159,(#9162,#9169),.PCURVE_S1.);
#9159 = B_SPLINE_CURVE_WITH_KNOTS('',1,(#9160,#9161),.UNSPECIFIED.,.F.,
  .F.,(2,2),(0.,1.),.PIECEWISE_BEZIER_KNOTS.);
#9160 = CARTESIAN_POINT('',(-5.14606918453,-3.94606918453,0.));
#9161 = CARTESIAN_POINT('',(-4.219776731315,-3.219776731315,
    70.679155032408));
#9162 = PCURVE('',#9131,#9163);
#9163 = DEFINITIONAL_REPRESENTATION('',(#9164),#9168);
#9164 = LINE('',#9165,#9166);
#9165 = CARTESIAN_POINT('',(3.94606918453,0.));
#9166 = VECTOR('',#9167,1.);
#9167 = DIRECTION('',(0.,1.));
#9168 = ( GEOMETRIC_REPRESENTATION_CONTEXT(2) 
PARAMETRIC_REPRESENTATION_CONTEXT() REPRESENTATION_CONTEXT('2D SPACE',''
  ) );
#9169 = PCURVE('',#9170,#9187);
#9170 = B_SPLINE_SURFACE_WITH_KNOTS('',7,1,(
    (#9171,#9172)
    ,(#9173,#9174)
    ,(#9175,#9176)
    ,(#9177,#9178)
    ,(#9179,#9180)
    ,(#9181,#9182)
    ,(#9183,#9184)
    ,(#9185,#9186
    )),.UNSPECIFIED.,.F.,.F.,.F.,(8,8),(2,2),(0.,1.570796326795),(0.,1.)
  ,.PIECEWISE_BEZIER_KNOTS.);
#9171 = CARTESIAN_POINT('',(-5.14606918453,-3.94606918453,0.));
#9172 = CARTESIAN_POINT('',(-4.219776731315,-3.219776731315,
    70.679155032408));
#9173 = CARTESIAN_POINT('',(-5.14606918453,-4.215348554838,0.));
#9174 = CARTESIAN_POINT('',(-4.219776731315,-3.444176206571,
    70.679155032407));
#9175 = CARTESIAN_POINT('',(-5.075570520668,-4.48462662251,0.));
#9176 = CARTESIAN_POINT('',(-4.161027844763,-3.668574596298,
    70.679155032409));
#9177 = CARTESIAN_POINT('',(-4.934584451173,-4.731765513518,0.));
#9178 = CARTESIAN_POINT('',(-4.043539453517,-3.874523672138,
    70.679155032406));
#9179 = CARTESIAN_POINT('',(-4.731765513518,-4.934584451173,0.));
#9180 = CARTESIAN_POINT('',(-3.874523672138,-4.043539453517,
    70.67915503241));
#9181 = CARTESIAN_POINT('',(-4.48462662251,-5.075570520668,0.));
#9182 = CARTESIAN_POINT('',(-3.668574596298,-4.161027844763,
    70.679155032407));
#9183 = CARTESIAN_POINT('',(-4.215348554838,-5.14606918453,0.));
#9184 = CARTESIAN_POINT('',(-3.444176206571,-4.219776731315,
    70.679155032408));
#9185 = CARTESIAN_POINT('',(-3.94606918453,-5.14606918453,0.));
#9186 = CARTESIAN_POINT('',(-3.219776731315,-4.219776731315,
    70.679155032408));
#9187 = DEFINITIONAL_REPRESENTATION('',(#9188),#9192);
#9188 = LINE('',#9189,#9190);
#9189 = CARTESIAN_POINT('',(0.,0.));
#9190 = VECTOR('',#9191,1.);
#9191 = DIRECTION('',(0.,1.));
#9192 = ( GEOMETRIC_REPRESENTATION_CONTEXT(2) 
PARAMETRIC_REPRESENTATION_CONTEXT() REPRESENTATION_CONTEXT('2D SPACE',''
  ) );
#9193 = ORIENTED_EDGE('',*,*,#9194,.T.);
#9194 = EDGE_CURVE('',#9156,#9195,#9197,.T.);
#9195 = VERTEX_POINT('',#9196);
#9196 = CARTESIAN_POINT('',(-4.219776731315,3.219776689916,
    70.679155032408));
#9197 = SURFACE_CURVE('',#9198,(#9202,#9208),.PCURVE_S1.);
#9198 = LINE('',#9199,#9200);
#9199 = CARTESIAN_POINT('',(-4.219776731315,1.909583602355E-14,
    70.679155032408));
#9200 = VECTOR('',#9201,1.);
#9201 = DIRECTION('',(0.,1.,0.));
#9202 = PCURVE('',#9131,#9203);
#9203 = DEFINITIONAL_REPRESENTATION('',(#9204),#9207);
#9204 = B_SPLINE_CURVE_WITH_KNOTS('',1,(#9205,#9206),.UNSPECIFIED.,.F.,
  .F.,(2,2),(-3.219776731315,3.219776689916),.PIECEWISE_BEZIER_KNOTS.);
#9205 = CARTESIAN_POINT('',(3.94606918453,1.));
#9206 = CARTESIAN_POINT('',(-3.94606913286,1.));
#9207 = ( GEOMETRIC_REPRESENTATION_CONTEXT(2) 
PARAMETRIC_REPRESENTATION_CONTEXT() REPRESENTATION_CONTEXT('2D SPACE',''
  ) );
#9208 = PCURVE('',#9209,#9214);
#9209 = PLANE('',#9210);
#9210 = AXIS2_PLACEMENT_3D('',#9211,#9212,#9213);
#9211 = CARTESIAN_POINT('',(-3.219776731315,-3.219776731315,
    70.679155032408));
#9212 = DIRECTION('',(0.,0.,1.));
#9213 = DIRECTION('',(1.,0.,0.));
#9214 = DEFINITIONAL_REPRESENTATION('',(#9215),#9219);
#9215 = LINE('',#9216,#9217);
#9216 = CARTESIAN_POINT('',(-1.,3.219776731315));
#9217 = VECTOR('',#9218,1.);
#9218 = DIRECTION('',(0.,1.));
#9219 = ( GEOMETRIC_REPRESENTATION_CONTEXT(2) 
PARAMETRIC_REPRESENTATION_CONTEXT() REPRESENTATION_CONTEXT('2D SPACE',''
  ) );
#9220 = ORIENTED_EDGE('',*,*,#9221,.F.);
#9221 = EDGE_CURVE('',#9123,#9195,#9222,.T.);
#9222 = SURFACE_CURVE('',#9223,(#9226,#9233),.PCURVE_S1.);
#9223 = B_SPLINE_CURVE_WITH_KNOTS('',1,(#9224,#9225),.UNSPECIFIED.,.F.,
  .F.,(2,2),(0.,1.),.PIECEWISE_BEZIER_KNOTS.);
#9224 = CARTESIAN_POINT('',(-5.14606918453,3.94606913286,0.));
#9225 = CARTESIAN_POINT('',(-4.219776731315,3.219776689916,
    70.679155032408));
#9226 = PCURVE('',#9131,#9227);
#9227 = DEFINITIONAL_REPRESENTATION('',(#9228),#9232);
#9228 = LINE('',#9229,#9230);
#9229 = CARTESIAN_POINT('',(-3.94606913286,0.));
#9230 = VECTOR('',#9231,1.);
#9231 = DIRECTION('',(0.,1.));
#9232 = ( GEOMETRIC_REPRESENTATION_CONTEXT(2) 
PARAMETRIC_REPRESENTATION_CONTEXT() REPRESENTATION_CONTEXT('2D SPACE',''
  ) );
#9233 = PCURVE('',#9234,#9251);
#9234 = B_SPLINE_SURFACE_WITH_KNOTS('',7,1,(
    (#9235,#9236)
    ,(#9237,#9238)
    ,(#9239,#9240)
    ,(#9241,#9242)
    ,(#9243,#9244)
    ,(#9245,#9246)
    ,(#9247,#9248)
    ,(#9249,#9250
    )),.UNSPECIFIED.,.F.,.F.,.F.,(8,8),(2,2),(4.712388980385,
    6.28318530718),(0.,1.),.PIECEWISE_BEZIER_KNOTS.);
#9235 = CARTESIAN_POINT('',(-3.94606918453,5.14606913286,0.));
#9236 = CARTESIAN_POINT('',(-3.219776731315,4.219776689916,
    70.679155032408));
#9237 = CARTESIAN_POINT('',(-4.215348554838,5.14606913286,0.));
#9238 = CARTESIAN_POINT('',(-3.444176206571,4.219776689916,
    70.679155032408));
#9239 = CARTESIAN_POINT('',(-4.48462662251,5.075570468998,0.));
#9240 = CARTESIAN_POINT('',(-3.668574596298,4.161027803364,
    70.679155032407));
#9241 = CARTESIAN_POINT('',(-4.731765513518,4.934584399502,0.));
#9242 = CARTESIAN_POINT('',(-3.874523672138,4.043539412118,
    70.67915503241));
#9243 = CARTESIAN_POINT('',(-4.934584451173,4.731765461847,0.));
#9244 = CARTESIAN_POINT('',(-4.043539453517,3.874523630738,
    70.679155032405));
#9245 = CARTESIAN_POINT('',(-5.075570520668,4.48462657084,0.));
#9246 = CARTESIAN_POINT('',(-4.161027844763,3.668574554899,
    70.679155032409));
#9247 = CARTESIAN_POINT('',(-5.14606918453,4.215348503167,0.));
#9248 = CARTESIAN_POINT('',(-4.219776731315,3.444176165172,
    70.679155032407));
#9249 = CARTESIAN_POINT('',(-5.14606918453,3.94606913286,0.));
#9250 = CARTESIAN_POINT('',(-4.219776731315,3.219776689916,
    70.679155032408));
#9251 = DEFINITIONAL_REPRESENTATION('',(#9252),#9256);
#9252 = LINE('',#9253,#9254);
#9253 = CARTESIAN_POINT('',(6.28318530718,0.));
#9254 = VECTOR('',#9255,1.);
#9255 = DIRECTION('',(0.,1.));
#9256 = ( GEOMETRIC_REPRESENTATION_CONTEXT(2) 
PARAMETRIC_REPRESENTATION_CONTEXT() REPRESENTATION_CONTEXT('2D SPACE',''
  ) );
#9257 = ADVANCED_FACE('',(#9258),#9170,.T.);
#9258 = FACE_BOUND('',#9259,.T.);
#9259 = EDGE_LOOP('',(#9260,#9284,#9311,#9333));
#9260 = ORIENTED_EDGE('',*,*,#9261,.F.);
#9261 = EDGE_CURVE('',#9262,#9121,#9264,.T.);
#9262 = VERTEX_POINT('',#9263);
#9263 = CARTESIAN_POINT('',(-3.94606918453,-5.14606918453,0.));
#9264 = SURFACE_CURVE('',#9265,(#9270,#9277),.PCURVE_S1.);
#9265 = CIRCLE('',#9266,1.2);
#9266 = AXIS2_PLACEMENT_3D('',#9267,#9268,#9269);
#9267 = CARTESIAN_POINT('',(-3.94606918453,-3.94606918453,0.));
#9268 = DIRECTION('',(0.,0.,-1.));
#9269 = DIRECTION('',(-1.,0.,0.));
#9270 = PCURVE('',#9170,#9271);
#9271 = DEFINITIONAL_REPRESENTATION('',(#9272),#9276);
#9272 = LINE('',#9273,#9274);
#9273 = CARTESIAN_POINT('',(6.28318530718,0.));
#9274 = VECTOR('',#9275,1.);
#9275 = DIRECTION('',(-1.,0.));
#9276 = ( GEOMETRIC_REPRESENTATION_CONTEXT(2) 
PARAMETRIC_REPRESENTATION_CONTEXT() REPRESENTATION_CONTEXT('2D SPACE',''
  ) );
#9277 = PCURVE('',#9143,#9278);
#9278 = DEFINITIONAL_REPRESENTATION('',(#9279),#9283);
#9279 = CIRCLE('',#9280,1.2);
#9280 = AXIS2_PLACEMENT_2D('',#9281,#9282);
#9281 = CARTESIAN_POINT('',(0.,0.));
#9282 = DIRECTION('',(1.,0.));
#9283 = ( GEOMETRIC_REPRESENTATION_CONTEXT(2) 
PARAMETRIC_REPRESENTATION_CONTEXT() REPRESENTATION_CONTEXT('2D SPACE',''
  ) );
#9284 = ORIENTED_EDGE('',*,*,#9285,.T.);
#9285 = EDGE_CURVE('',#9262,#9286,#9288,.T.);
#9286 = VERTEX_POINT('',#9287);
#9287 = CARTESIAN_POINT('',(-3.219776731315,-4.219776731315,
    70.679155032408));
#9288 = SURFACE_CURVE('',#9289,(#9292,#9299),.PCURVE_S1.);
#9289 = B_SPLINE_CURVE_WITH_KNOTS('',1,(#9290,#9291),.UNSPECIFIED.,.F.,
  .F.,(2,2),(0.,1.),.PIECEWISE_BEZIER_KNOTS.);
#9290 = CARTESIAN_POINT('',(-3.94606918453,-5.14606918453,0.));
#9291 = CARTESIAN_POINT('',(-3.219776731315,-4.219776731315,
    70.679155032408));
#9292 = PCURVE('',#9170,#9293);
#9293 = DEFINITIONAL_REPRESENTATION('',(#9294),#9298);
#9294 = LINE('',#9295,#9296);
#9295 = CARTESIAN_POINT('',(1.570796326795,0.));
#9296 = VECTOR('',#9297,1.);
#9297 = DIRECTION('',(0.,1.));
#9298 = ( GEOMETRIC_REPRESENTATION_CONTEXT(2) 
PARAMETRIC_REPRESENTATION_CONTEXT() REPRESENTATION_CONTEXT('2D SPACE',''
  ) );
#9299 = PCURVE('',#9300,#9305);
#9300 = B_SPLINE_SURFACE_WITH_KNOTS('',1,1,(
    (#9301,#9302)
    ,(#9303,#9304
    )),.UNSPECIFIED.,.F.,.F.,.F.,(2,2),(2,2),(-3.94606918453,
    3.94606913286),(0.,1.),.PIECEWISE_BEZIER_KNOTS.);
#9301 = CARTESIAN_POINT('',(-3.94606918453,-5.14606918453,0.));
#9302 = CARTESIAN_POINT('',(-3.219776731315,-4.219776731315,
    70.679155032408));
#9303 = CARTESIAN_POINT('',(3.94606913286,-5.14606918453,0.));
#9304 = CARTESIAN_POINT('',(3.219776689916,-4.219776731315,
    70.679155032408));
#9305 = DEFINITIONAL_REPRESENTATION('',(#9306),#9310);
#9306 = LINE('',#9307,#9308);
#9307 = CARTESIAN_POINT('',(-3.94606918453,0.));
#9308 = VECTOR('',#9309,1.);
#9309 = DIRECTION('',(0.,1.));
#9310 = ( GEOMETRIC_REPRESENTATION_CONTEXT(2) 
PARAMETRIC_REPRESENTATION_CONTEXT() REPRESENTATION_CONTEXT('2D SPACE',''
  ) );
#9311 = ORIENTED_EDGE('',*,*,#9312,.F.);
#9312 = EDGE_CURVE('',#9156,#9286,#9313,.T.);
#9313 = SURFACE_CURVE('',#9314,(#9319,#9326),.PCURVE_S1.);
#9314 = CIRCLE('',#9315,1.);
#9315 = AXIS2_PLACEMENT_3D('',#9316,#9317,#9318);
#9316 = CARTESIAN_POINT('',(-3.219776731315,-3.219776731315,
    70.679155032408));
#9317 = DIRECTION('',(0.,0.,1.));
#9318 = DIRECTION('',(1.,0.,0.));
#9319 = PCURVE('',#9170,#9320);
#9320 = DEFINITIONAL_REPRESENTATION('',(#9321),#9325);
#9321 = LINE('',#9322,#9323);
#9322 = CARTESIAN_POINT('',(-3.14159265359,1.));
#9323 = VECTOR('',#9324,1.);
#9324 = DIRECTION('',(1.,0.));
#9325 = ( GEOMETRIC_REPRESENTATION_CONTEXT(2) 
PARAMETRIC_REPRESENTATION_CONTEXT() REPRESENTATION_CONTEXT('2D SPACE',''
  ) );
#9326 = PCURVE('',#9209,#9327);
#9327 = DEFINITIONAL_REPRESENTATION('',(#9328),#9332);
#9328 = CIRCLE('',#9329,1.);
#9329 = AXIS2_PLACEMENT_2D('',#9330,#9331);
#9330 = CARTESIAN_POINT('',(0.,0.));
#9331 = DIRECTION('',(1.,0.));
#9332 = ( GEOMETRIC_REPRESENTATION_CONTEXT(2) 
PARAMETRIC_REPRESENTATION_CONTEXT() REPRESENTATION_CONTEXT('2D SPACE',''
  ) );
#9333 = ORIENTED_EDGE('',*,*,#9155,.F.);
#9334 = ADVANCED_FACE('',(#9335),#9300,.T.);
#9335 = FACE_BOUND('',#9336,.T.);
#9336 = EDGE_LOOP('',(#9337,#9360,#9399,#9419));
#9337 = ORIENTED_EDGE('',*,*,#9338,.T.);
#9338 = EDGE_CURVE('',#9262,#9339,#9341,.T.);
#9339 = VERTEX_POINT('',#9340);
#9340 = CARTESIAN_POINT('',(3.94606913286,-5.14606918453,0.));
#9341 = SURFACE_CURVE('',#9342,(#9346,#9353),.PCURVE_S1.);
#9342 = LINE('',#9343,#9344);
#9343 = CARTESIAN_POINT('',(4.440892098501E-16,-5.14606918453,0.));
#9344 = VECTOR('',#9345,1.);
#9345 = DIRECTION('',(1.,0.,0.));
#9346 = PCURVE('',#9300,#9347);
#9347 = DEFINITIONAL_REPRESENTATION('',(#9348),#9352);
#9348 = LINE('',#9349,#9350);
#9349 = CARTESIAN_POINT('',(0.,0.));
#9350 = VECTOR('',#9351,1.);
#9351 = DIRECTION('',(1.,0.));
#9352 = ( GEOMETRIC_REPRESENTATION_CONTEXT(2) 
PARAMETRIC_REPRESENTATION_CONTEXT() REPRESENTATION_CONTEXT('2D SPACE',''
  ) );
#9353 = PCURVE('',#9143,#9354);
#9354 = DEFINITIONAL_REPRESENTATION('',(#9355),#9359);
#9355 = LINE('',#9356,#9357);
#9356 = CARTESIAN_POINT('',(-3.94606918453,-1.2));
#9357 = VECTOR('',#9358,1.);
#9358 = DIRECTION('',(-1.,0.));
#9359 = ( GEOMETRIC_REPRESENTATION_CONTEXT(2) 
PARAMETRIC_REPRESENTATION_CONTEXT() REPRESENTATION_CONTEXT('2D SPACE',''
  ) );
#9360 = ORIENTED_EDGE('',*,*,#9361,.T.);
#9361 = EDGE_CURVE('',#9339,#9362,#9364,.T.);
#9362 = VERTEX_POINT('',#9363);
#9363 = CARTESIAN_POINT('',(3.219776689916,-4.219776731315,
    70.679155032408));
#9364 = SURFACE_CURVE('',#9365,(#9368,#9375),.PCURVE_S1.);
#9365 = B_SPLINE_CURVE_WITH_KNOTS('',1,(#9366,#9367),.UNSPECIFIED.,.F.,
  .F.,(2,2),(0.,1.),.PIECEWISE_BEZIER_KNOTS.);
#9366 = CARTESIAN_POINT('',(3.94606913286,-5.14606918453,0.));
#9367 = CARTESIAN_POINT('',(3.219776689916,-4.219776731315,
    70.679155032408));
#9368 = PCURVE('',#9300,#9369);
#9369 = DEFINITIONAL_REPRESENTATION('',(#9370),#9374);
#9370 = LINE('',#9371,#9372);
#9371 = CARTESIAN_POINT('',(3.94606913286,0.));
#9372 = VECTOR('',#9373,1.);
#9373 = DIRECTION('',(0.,1.));
#9374 = ( GEOMETRIC_REPRESENTATION_CONTEXT(2) 
PARAMETRIC_REPRESENTATION_CONTEXT() REPRESENTATION_CONTEXT('2D SPACE',''
  ) );
#9375 = PCURVE('',#9376,#9393);
#9376 = B_SPLINE_SURFACE_WITH_KNOTS('',7,1,(
    (#9377,#9378)
    ,(#9379,#9380)
    ,(#9381,#9382)
    ,(#9383,#9384)
    ,(#9385,#9386)
    ,(#9387,#9388)
    ,(#9389,#9390)
    ,(#9391,#9392
    )),.UNSPECIFIED.,.F.,.F.,.F.,(8,8),(2,2),(1.570796326795,
    3.14159265359),(0.,1.),.PIECEWISE_BEZIER_KNOTS.);
#9377 = CARTESIAN_POINT('',(3.94606913286,-5.14606918453,0.));
#9378 = CARTESIAN_POINT('',(3.219776689916,-4.219776731315,
    70.679155032408));
#9379 = CARTESIAN_POINT('',(4.215348503167,-5.14606918453,0.));
#9380 = CARTESIAN_POINT('',(3.444176165172,-4.219776731315,
    70.679155032409));
#9381 = CARTESIAN_POINT('',(4.48462657084,-5.075570520668,0.));
#9382 = CARTESIAN_POINT('',(3.668574554899,-4.161027844763,
    70.679155032406));
#9383 = CARTESIAN_POINT('',(4.731765461847,-4.934584451173,0.));
#9384 = CARTESIAN_POINT('',(3.874523630739,-4.043539453517,
    70.679155032411));
#9385 = CARTESIAN_POINT('',(4.934584399502,-4.731765513518,0.));
#9386 = CARTESIAN_POINT('',(4.043539412118,-3.874523672138,
    70.679155032405));
#9387 = CARTESIAN_POINT('',(5.075570468998,-4.48462662251,0.));
#9388 = CARTESIAN_POINT('',(4.161027803364,-3.668574596298,
    70.679155032409));
#9389 = CARTESIAN_POINT('',(5.14606913286,-4.215348554838,0.));
#9390 = CARTESIAN_POINT('',(4.219776689916,-3.444176206571,
    70.679155032407));
#9391 = CARTESIAN_POINT('',(5.14606913286,-3.94606918453,0.));
#9392 = CARTESIAN_POINT('',(4.219776689916,-3.219776731315,
    70.679155032408));
#9393 = DEFINITIONAL_REPRESENTATION('',(#9394),#9398);
#9394 = LINE('',#9395,#9396);
#9395 = CARTESIAN_POINT('',(1.570796326795,0.));
#9396 = VECTOR('',#9397,1.);
#9397 = DIRECTION('',(0.,1.));
#9398 = ( GEOMETRIC_REPRESENTATION_CONTEXT(2) 
PARAMETRIC_REPRESENTATION_CONTEXT() REPRESENTATION_CONTEXT('2D SPACE',''
  ) );
#9399 = ORIENTED_EDGE('',*,*,#9400,.F.);
#9400 = EDGE_CURVE('',#9286,#9362,#9401,.T.);
#9401 = SURFACE_CURVE('',#9402,(#9406,#9412),.PCURVE_S1.);
#9402 = LINE('',#9403,#9404);
#9403 = CARTESIAN_POINT('',(0.,-4.219776731315,70.679155032408));
#9404 = VECTOR('',#9405,1.);
#9405 = DIRECTION('',(1.,0.,0.));
#9406 = PCURVE('',#9300,#9407);
#9407 = DEFINITIONAL_REPRESENTATION('',(#9408),#9411);
#9408 = B_SPLINE_CURVE_WITH_KNOTS('',1,(#9409,#9410),.UNSPECIFIED.,.F.,
  .F.,(2,2),(-3.219776731315,3.219776689916),.PIECEWISE_BEZIER_KNOTS.);
#9409 = CARTESIAN_POINT('',(-3.94606918453,1.));
#9410 = CARTESIAN_POINT('',(3.94606913286,1.));
#9411 = ( GEOMETRIC_REPRESENTATION_CONTEXT(2) 
PARAMETRIC_REPRESENTATION_CONTEXT() REPRESENTATION_CONTEXT('2D SPACE',''
  ) );
#9412 = PCURVE('',#9209,#9413);
#9413 = DEFINITIONAL_REPRESENTATION('',(#9414),#9418);
#9414 = LINE('',#9415,#9416);
#9415 = CARTESIAN_POINT('',(3.219776731315,-1.));
#9416 = VECTOR('',#9417,1.);
#9417 = DIRECTION('',(1.,0.));
#9418 = ( GEOMETRIC_REPRESENTATION_CONTEXT(2) 
PARAMETRIC_REPRESENTATION_CONTEXT() REPRESENTATION_CONTEXT('2D SPACE',''
  ) );
#9419 = ORIENTED_EDGE('',*,*,#9285,.F.);
#9420 = ADVANCED_FACE('',(#9421),#9376,.T.);
#9421 = FACE_BOUND('',#9422,.T.);
#9422 = EDGE_LOOP('',(#9423,#9447,#9474,#9496));
#9423 = ORIENTED_EDGE('',*,*,#9424,.F.);
#9424 = EDGE_CURVE('',#9425,#9339,#9427,.T.);
#9425 = VERTEX_POINT('',#9426);
#9426 = CARTESIAN_POINT('',(5.146069158695,-3.94606918453,0.));
#9427 = SURFACE_CURVE('',#9428,(#9433,#9440),.PCURVE_S1.);
#9428 = CIRCLE('',#9429,1.2);
#9429 = AXIS2_PLACEMENT_3D('',#9430,#9431,#9432);
#9430 = CARTESIAN_POINT('',(3.94606913286,-3.94606918453,0.));
#9431 = DIRECTION('',(0.,0.,-1.));
#9432 = DIRECTION('',(-1.,0.,0.));
#9433 = PCURVE('',#9376,#9434);
#9434 = DEFINITIONAL_REPRESENTATION('',(#9435),#9439);
#9435 = LINE('',#9436,#9437);
#9436 = CARTESIAN_POINT('',(6.28318530718,0.));
#9437 = VECTOR('',#9438,1.);
#9438 = DIRECTION('',(-1.,0.));
#9439 = ( GEOMETRIC_REPRESENTATION_CONTEXT(2) 
PARAMETRIC_REPRESENTATION_CONTEXT() REPRESENTATION_CONTEXT('2D SPACE',''
  ) );
#9440 = PCURVE('',#9143,#9441);
#9441 = DEFINITIONAL_REPRESENTATION('',(#9442),#9446);
#9442 = CIRCLE('',#9443,1.2);
#9443 = AXIS2_PLACEMENT_2D('',#9444,#9445);
#9444 = CARTESIAN_POINT('',(-7.89213831739,5.018208071306E-14));
#9445 = DIRECTION('',(1.,0.));
#9446 = ( GEOMETRIC_REPRESENTATION_CONTEXT(2) 
PARAMETRIC_REPRESENTATION_CONTEXT() REPRESENTATION_CONTEXT('2D SPACE',''
  ) );
#9447 = ORIENTED_EDGE('',*,*,#9448,.T.);
#9448 = EDGE_CURVE('',#9425,#9449,#9451,.T.);
#9449 = VERTEX_POINT('',#9450);
#9450 = CARTESIAN_POINT('',(4.219776710615,-3.219776731315,
    70.679155032408));
#9451 = SURFACE_CURVE('',#9452,(#9455,#9462),.PCURVE_S1.);
#9452 = B_SPLINE_CURVE_WITH_KNOTS('',1,(#9453,#9454),.UNSPECIFIED.,.F.,
  .F.,(2,2),(0.,1.),.PIECEWISE_BEZIER_KNOTS.);
#9453 = CARTESIAN_POINT('',(5.14606913286,-3.94606918453,0.));
#9454 = CARTESIAN_POINT('',(4.219776689916,-3.219776731315,
    70.679155032408));
#9455 = PCURVE('',#9376,#9456);
#9456 = DEFINITIONAL_REPRESENTATION('',(#9457),#9461);
#9457 = LINE('',#9458,#9459);
#9458 = CARTESIAN_POINT('',(3.14159265359,0.));
#9459 = VECTOR('',#9460,1.);
#9460 = DIRECTION('',(0.,1.));
#9461 = ( GEOMETRIC_REPRESENTATION_CONTEXT(2) 
PARAMETRIC_REPRESENTATION_CONTEXT() REPRESENTATION_CONTEXT('2D SPACE',''
  ) );
#9462 = PCURVE('',#9463,#9468);
#9463 = B_SPLINE_SURFACE_WITH_KNOTS('',1,1,(
    (#9464,#9465)
    ,(#9466,#9467
    )),.UNSPECIFIED.,.F.,.F.,.F.,(2,2),(2,2),(-3.94606918453,
    3.94606913286),(0.,1.),.PIECEWISE_BEZIER_KNOTS.);
#9464 = CARTESIAN_POINT('',(5.14606918453,-3.94606918453,0.));
#9465 = CARTESIAN_POINT('',(4.219776731315,-3.219776731315,
    70.679155032408));
#9466 = CARTESIAN_POINT('',(5.14606918453,3.94606913286,0.));
#9467 = CARTESIAN_POINT('',(4.219776731315,3.219776689916,
    70.679155032408));
#9468 = DEFINITIONAL_REPRESENTATION('',(#9469),#9473);
#9469 = LINE('',#9470,#9471);
#9470 = CARTESIAN_POINT('',(-3.94606918453,0.));
#9471 = VECTOR('',#9472,1.);
#9472 = DIRECTION('',(0.,1.));
#9473 = ( GEOMETRIC_REPRESENTATION_CONTEXT(2) 
PARAMETRIC_REPRESENTATION_CONTEXT() REPRESENTATION_CONTEXT('2D SPACE',''
  ) );
#9474 = ORIENTED_EDGE('',*,*,#9475,.F.);
#9475 = EDGE_CURVE('',#9362,#9449,#9476,.T.);
#9476 = SURFACE_CURVE('',#9477,(#9482,#9489),.PCURVE_S1.);
#9477 = CIRCLE('',#9478,1.);
#9478 = AXIS2_PLACEMENT_3D('',#9479,#9480,#9481);
#9479 = CARTESIAN_POINT('',(3.219776689916,-3.219776731315,
    70.679155032408));
#9480 = DIRECTION('',(0.,0.,1.));
#9481 = DIRECTION('',(1.,0.,0.));
#9482 = PCURVE('',#9376,#9483);
#9483 = DEFINITIONAL_REPRESENTATION('',(#9484),#9488);
#9484 = LINE('',#9485,#9486);
#9485 = CARTESIAN_POINT('',(-3.14159265359,1.));
#9486 = VECTOR('',#9487,1.);
#9487 = DIRECTION('',(1.,0.));
#9488 = ( GEOMETRIC_REPRESENTATION_CONTEXT(2) 
PARAMETRIC_REPRESENTATION_CONTEXT() REPRESENTATION_CONTEXT('2D SPACE',''
  ) );
#9489 = PCURVE('',#9209,#9490);
#9490 = DEFINITIONAL_REPRESENTATION('',(#9491),#9495);
#9491 = CIRCLE('',#9492,1.);
#9492 = AXIS2_PLACEMENT_2D('',#9493,#9494);
#9493 = CARTESIAN_POINT('',(6.43955342123,3.819167204711E-14));
#9494 = DIRECTION('',(1.,0.));
#9495 = ( GEOMETRIC_REPRESENTATION_CONTEXT(2) 
PARAMETRIC_REPRESENTATION_CONTEXT() REPRESENTATION_CONTEXT('2D SPACE',''
  ) );
#9496 = ORIENTED_EDGE('',*,*,#9361,.F.);
#9497 = ADVANCED_FACE('',(#9498),#9463,.T.);
#9498 = FACE_BOUND('',#9499,.T.);
#9499 = EDGE_LOOP('',(#9500,#9523,#9562,#9582));
#9500 = ORIENTED_EDGE('',*,*,#9501,.T.);
#9501 = EDGE_CURVE('',#9425,#9502,#9504,.T.);
#9502 = VERTEX_POINT('',#9503);
#9503 = CARTESIAN_POINT('',(5.14606918453,3.94606913286,0.));
#9504 = SURFACE_CURVE('',#9505,(#9509,#9516),.PCURVE_S1.);
#9505 = LINE('',#9506,#9507);
#9506 = CARTESIAN_POINT('',(5.14606918453,2.48689957516E-14,0.));
#9507 = VECTOR('',#9508,1.);
#9508 = DIRECTION('',(0.,1.,0.));
#9509 = PCURVE('',#9463,#9510);
#9510 = DEFINITIONAL_REPRESENTATION('',(#9511),#9515);
#9511 = LINE('',#9512,#9513);
#9512 = CARTESIAN_POINT('',(0.,0.));
#9513 = VECTOR('',#9514,1.);
#9514 = DIRECTION('',(1.,0.));
#9515 = ( GEOMETRIC_REPRESENTATION_CONTEXT(2) 
PARAMETRIC_REPRESENTATION_CONTEXT() REPRESENTATION_CONTEXT('2D SPACE',''
  ) );
#9516 = PCURVE('',#9143,#9517);
#9517 = DEFINITIONAL_REPRESENTATION('',(#9518),#9522);
#9518 = LINE('',#9519,#9520);
#9519 = CARTESIAN_POINT('',(-9.09213836906,3.94606918453));
#9520 = VECTOR('',#9521,1.);
#9521 = DIRECTION('',(0.,1.));
#9522 = ( GEOMETRIC_REPRESENTATION_CONTEXT(2) 
PARAMETRIC_REPRESENTATION_CONTEXT() REPRESENTATION_CONTEXT('2D SPACE',''
  ) );
#9523 = ORIENTED_EDGE('',*,*,#9524,.T.);
#9524 = EDGE_CURVE('',#9502,#9525,#9527,.T.);
#9525 = VERTEX_POINT('',#9526);
#9526 = CARTESIAN_POINT('',(4.219776731315,3.219776689916,
    70.679155032408));
#9527 = SURFACE_CURVE('',#9528,(#9531,#9538),.PCURVE_S1.);
#9528 = B_SPLINE_CURVE_WITH_KNOTS('',1,(#9529,#9530),.UNSPECIFIED.,.F.,
  .F.,(2,2),(0.,1.),.PIECEWISE_BEZIER_KNOTS.);
#9529 = CARTESIAN_POINT('',(5.14606918453,3.94606913286,0.));
#9530 = CARTESIAN_POINT('',(4.219776731315,3.219776689916,
    70.679155032408));
#9531 = PCURVE('',#9463,#9532);
#9532 = DEFINITIONAL_REPRESENTATION('',(#9533),#9537);
#9533 = LINE('',#9534,#9535);
#9534 = CARTESIAN_POINT('',(3.94606913286,0.));
#9535 = VECTOR('',#9536,1.);
#9536 = DIRECTION('',(0.,1.));
#9537 = ( GEOMETRIC_REPRESENTATION_CONTEXT(2) 
PARAMETRIC_REPRESENTATION_CONTEXT() REPRESENTATION_CONTEXT('2D SPACE',''
  ) );
#9538 = PCURVE('',#9539,#9556);
#9539 = B_SPLINE_SURFACE_WITH_KNOTS('',7,1,(
    (#9540,#9541)
    ,(#9542,#9543)
    ,(#9544,#9545)
    ,(#9546,#9547)
    ,(#9548,#9549)
    ,(#9550,#9551)
    ,(#9552,#9553)
    ,(#9554,#9555
    )),.UNSPECIFIED.,.F.,.F.,.F.,(8,8),(2,2),(3.14159265359,
    4.712388980385),(0.,1.),.PIECEWISE_BEZIER_KNOTS.);
#9540 = CARTESIAN_POINT('',(5.14606918453,3.94606913286,0.));
#9541 = CARTESIAN_POINT('',(4.219776731315,3.219776689916,
    70.679155032408));
#9542 = CARTESIAN_POINT('',(5.14606918453,4.215348503167,0.));
#9543 = CARTESIAN_POINT('',(4.219776731315,3.444176165172,
    70.679155032408));
#9544 = CARTESIAN_POINT('',(5.075570520668,4.48462657084,0.));
#9545 = CARTESIAN_POINT('',(4.161027844763,3.668574554899,
    70.679155032407));
#9546 = CARTESIAN_POINT('',(4.934584451173,4.731765461847,0.));
#9547 = CARTESIAN_POINT('',(4.043539453517,3.874523630739,
    70.679155032409));
#9548 = CARTESIAN_POINT('',(4.731765513518,4.934584399502,0.));
#9549 = CARTESIAN_POINT('',(3.874523672138,4.043539412118,
    70.679155032406));
#9550 = CARTESIAN_POINT('',(4.48462662251,5.075570468998,0.));
#9551 = CARTESIAN_POINT('',(3.668574596298,4.161027803364,
    70.679155032409));
#9552 = CARTESIAN_POINT('',(4.215348554838,5.14606913286,0.));
#9553 = CARTESIAN_POINT('',(3.444176206571,4.219776689916,
    70.679155032408));
#9554 = CARTESIAN_POINT('',(3.94606918453,5.14606913286,0.));
#9555 = CARTESIAN_POINT('',(3.219776731315,4.219776689916,
    70.679155032408));
#9556 = DEFINITIONAL_REPRESENTATION('',(#9557),#9561);
#9557 = LINE('',#9558,#9559);
#9558 = CARTESIAN_POINT('',(3.14159265359,0.));
#9559 = VECTOR('',#9560,1.);
#9560 = DIRECTION('',(0.,1.));
#9561 = ( GEOMETRIC_REPRESENTATION_CONTEXT(2) 
PARAMETRIC_REPRESENTATION_CONTEXT() REPRESENTATION_CONTEXT('2D SPACE',''
  ) );
#9562 = ORIENTED_EDGE('',*,*,#9563,.F.);
#9563 = EDGE_CURVE('',#9449,#9525,#9564,.T.);
#9564 = SURFACE_CURVE('',#9565,(#9569,#9575),.PCURVE_S1.);
#9565 = LINE('',#9566,#9567);
#9566 = CARTESIAN_POINT('',(4.219776731315,1.909583602355E-14,
    70.679155032408));
#9567 = VECTOR('',#9568,1.);
#9568 = DIRECTION('',(0.,1.,0.));
#9569 = PCURVE('',#9463,#9570);
#9570 = DEFINITIONAL_REPRESENTATION('',(#9571),#9574);
#9571 = B_SPLINE_CURVE_WITH_KNOTS('',1,(#9572,#9573),.UNSPECIFIED.,.F.,
  .F.,(2,2),(-3.219776731315,3.219776689916),.PIECEWISE_BEZIER_KNOTS.);
#9572 = CARTESIAN_POINT('',(-3.94606918453,1.));
#9573 = CARTESIAN_POINT('',(3.94606913286,1.));
#9574 = ( GEOMETRIC_REPRESENTATION_CONTEXT(2) 
PARAMETRIC_REPRESENTATION_CONTEXT() REPRESENTATION_CONTEXT('2D SPACE',''
  ) );
#9575 = PCURVE('',#9209,#9576);
#9576 = DEFINITIONAL_REPRESENTATION('',(#9577),#9581);
#9577 = LINE('',#9578,#9579);
#9578 = CARTESIAN_POINT('',(7.439553462629,3.219776731315));
#9579 = VECTOR('',#9580,1.);
#9580 = DIRECTION('',(0.,1.));
#9581 = ( GEOMETRIC_REPRESENTATION_CONTEXT(2) 
PARAMETRIC_REPRESENTATION_CONTEXT() REPRESENTATION_CONTEXT('2D SPACE',''
  ) );
#9582 = ORIENTED_EDGE('',*,*,#9448,.F.);
#9583 = ADVANCED_FACE('',(#9584),#9539,.T.);
#9584 = FACE_BOUND('',#9585,.T.);
#9585 = EDGE_LOOP('',(#9586,#9610,#9637,#9659));
#9586 = ORIENTED_EDGE('',*,*,#9587,.F.);
#9587 = EDGE_CURVE('',#9588,#9502,#9590,.T.);
#9588 = VERTEX_POINT('',#9589);
#9589 = CARTESIAN_POINT('',(3.94606918453,5.146069158695,0.));
#9590 = SURFACE_CURVE('',#9591,(#9596,#9603),.PCURVE_S1.);
#9591 = CIRCLE('',#9592,1.2);
#9592 = AXIS2_PLACEMENT_3D('',#9593,#9594,#9595);
#9593 = CARTESIAN_POINT('',(3.94606918453,3.94606913286,0.));
#9594 = DIRECTION('',(0.,0.,-1.));
#9595 = DIRECTION('',(-1.,0.,0.));
#9596 = PCURVE('',#9539,#9597);
#9597 = DEFINITIONAL_REPRESENTATION('',(#9598),#9602);
#9598 = LINE('',#9599,#9600);
#9599 = CARTESIAN_POINT('',(6.28318530718,0.));
#9600 = VECTOR('',#9601,1.);
#9601 = DIRECTION('',(-1.,0.));
#9602 = ( GEOMETRIC_REPRESENTATION_CONTEXT(2) 
PARAMETRIC_REPRESENTATION_CONTEXT() REPRESENTATION_CONTEXT('2D SPACE',''
  ) );
#9603 = PCURVE('',#9143,#9604);
#9604 = DEFINITIONAL_REPRESENTATION('',(#9605),#9609);
#9605 = CIRCLE('',#9606,1.2);
#9606 = AXIS2_PLACEMENT_2D('',#9607,#9608);
#9607 = CARTESIAN_POINT('',(-7.89213836906,7.89213831739));
#9608 = DIRECTION('',(1.,0.));
#9609 = ( GEOMETRIC_REPRESENTATION_CONTEXT(2) 
PARAMETRIC_REPRESENTATION_CONTEXT() REPRESENTATION_CONTEXT('2D SPACE',''
  ) );
#9610 = ORIENTED_EDGE('',*,*,#9611,.T.);
#9611 = EDGE_CURVE('',#9588,#9612,#9614,.T.);
#9612 = VERTEX_POINT('',#9613);
#9613 = CARTESIAN_POINT('',(3.219776731315,4.219776710615,
    70.679155032408));
#9614 = SURFACE_CURVE('',#9615,(#9618,#9625),.PCURVE_S1.);
#9615 = B_SPLINE_CURVE_WITH_KNOTS('',1,(#9616,#9617),.UNSPECIFIED.,.F.,
  .F.,(2,2),(0.,1.),.PIECEWISE_BEZIER_KNOTS.);
#9616 = CARTESIAN_POINT('',(3.94606918453,5.14606913286,0.));
#9617 = CARTESIAN_POINT('',(3.219776731315,4.219776689916,
    70.679155032408));
#9618 = PCURVE('',#9539,#9619);
#9619 = DEFINITIONAL_REPRESENTATION('',(#9620),#9624);
#9620 = LINE('',#9621,#9622);
#9621 = CARTESIAN_POINT('',(4.712388980385,0.));
#9622 = VECTOR('',#9623,1.);
#9623 = DIRECTION('',(0.,1.));
#9624 = ( GEOMETRIC_REPRESENTATION_CONTEXT(2) 
PARAMETRIC_REPRESENTATION_CONTEXT() REPRESENTATION_CONTEXT('2D SPACE',''
  ) );
#9625 = PCURVE('',#9626,#9631);
#9626 = B_SPLINE_SURFACE_WITH_KNOTS('',1,1,(
    (#9627,#9628)
    ,(#9629,#9630
    )),.UNSPECIFIED.,.F.,.F.,.F.,(2,2),(2,2),(-3.94606918453,
    3.94606918453),(0.,1.),.PIECEWISE_BEZIER_KNOTS.);
#9627 = CARTESIAN_POINT('',(3.94606918453,5.14606918453,0.));
#9628 = CARTESIAN_POINT('',(3.219776731315,4.219776731315,
    70.679155032408));
#9629 = CARTESIAN_POINT('',(-3.94606918453,5.14606918453,0.));
#9630 = CARTESIAN_POINT('',(-3.219776731315,4.219776731315,
    70.679155032408));
#9631 = DEFINITIONAL_REPRESENTATION('',(#9632),#9636);
#9632 = LINE('',#9633,#9634);
#9633 = CARTESIAN_POINT('',(-3.94606918453,0.));
#9634 = VECTOR('',#9635,1.);
#9635 = DIRECTION('',(0.,1.));
#9636 = ( GEOMETRIC_REPRESENTATION_CONTEXT(2) 
PARAMETRIC_REPRESENTATION_CONTEXT() REPRESENTATION_CONTEXT('2D SPACE',''
  ) );
#9637 = ORIENTED_EDGE('',*,*,#9638,.F.);
#9638 = EDGE_CURVE('',#9525,#9612,#9639,.T.);
#9639 = SURFACE_CURVE('',#9640,(#9645,#9652),.PCURVE_S1.);
#9640 = CIRCLE('',#9641,1.);
#9641 = AXIS2_PLACEMENT_3D('',#9642,#9643,#9644);
#9642 = CARTESIAN_POINT('',(3.219776731315,3.219776689916,
    70.679155032408));
#9643 = DIRECTION('',(0.,0.,1.));
#9644 = DIRECTION('',(1.,0.,0.));
#9645 = PCURVE('',#9539,#9646);
#9646 = DEFINITIONAL_REPRESENTATION('',(#9647),#9651);
#9647 = LINE('',#9648,#9649);
#9648 = CARTESIAN_POINT('',(3.14159265359,1.));
#9649 = VECTOR('',#9650,1.);
#9650 = DIRECTION('',(1.,0.));
#9651 = ( GEOMETRIC_REPRESENTATION_CONTEXT(2) 
PARAMETRIC_REPRESENTATION_CONTEXT() REPRESENTATION_CONTEXT('2D SPACE',''
  ) );
#9652 = PCURVE('',#9209,#9653);
#9653 = DEFINITIONAL_REPRESENTATION('',(#9654),#9658);
#9654 = CIRCLE('',#9655,1.);
#9655 = AXIS2_PLACEMENT_2D('',#9656,#9657);
#9656 = CARTESIAN_POINT('',(6.439553462629,6.43955342123));
#9657 = DIRECTION('',(1.,0.));
#9658 = ( GEOMETRIC_REPRESENTATION_CONTEXT(2) 
PARAMETRIC_REPRESENTATION_CONTEXT() REPRESENTATION_CONTEXT('2D SPACE',''
  ) );
#9659 = ORIENTED_EDGE('',*,*,#9524,.F.);
#9660 = ADVANCED_FACE('',(#9661),#9626,.T.);
#9661 = FACE_BOUND('',#9662,.T.);
#9662 = EDGE_LOOP('',(#9663,#9686,#9708,#9728));
#9663 = ORIENTED_EDGE('',*,*,#9664,.F.);
#9664 = EDGE_CURVE('',#9665,#9588,#9667,.T.);
#9665 = VERTEX_POINT('',#9666);
#9666 = CARTESIAN_POINT('',(-3.94606918453,5.146069158695,0.));
#9667 = SURFACE_CURVE('',#9668,(#9672,#9679),.PCURVE_S1.);
#9668 = LINE('',#9669,#9670);
#9669 = CARTESIAN_POINT('',(4.440892098501E-16,5.14606918453,0.));
#9670 = VECTOR('',#9671,1.);
#9671 = DIRECTION('',(1.,0.,0.));
#9672 = PCURVE('',#9626,#9673);
#9673 = DEFINITIONAL_REPRESENTATION('',(#9674),#9678);
#9674 = LINE('',#9675,#9676);
#9675 = CARTESIAN_POINT('',(0.,0.));
#9676 = VECTOR('',#9677,1.);
#9677 = DIRECTION('',(-1.,0.));
#9678 = ( GEOMETRIC_REPRESENTATION_CONTEXT(2) 
PARAMETRIC_REPRESENTATION_CONTEXT() REPRESENTATION_CONTEXT('2D SPACE',''
  ) );
#9679 = PCURVE('',#9143,#9680);
#9680 = DEFINITIONAL_REPRESENTATION('',(#9681),#9685);
#9681 = LINE('',#9682,#9683);
#9682 = CARTESIAN_POINT('',(-3.94606918453,9.09213836906));
#9683 = VECTOR('',#9684,1.);
#9684 = DIRECTION('',(-1.,0.));
#9685 = ( GEOMETRIC_REPRESENTATION_CONTEXT(2) 
PARAMETRIC_REPRESENTATION_CONTEXT() REPRESENTATION_CONTEXT('2D SPACE',''
  ) );
#9686 = ORIENTED_EDGE('',*,*,#9687,.T.);
#9687 = EDGE_CURVE('',#9665,#9688,#9690,.T.);
#9688 = VERTEX_POINT('',#9689);
#9689 = CARTESIAN_POINT('',(-3.219776731315,4.219776710615,
    70.679155032408));
#9690 = SURFACE_CURVE('',#9691,(#9694,#9701),.PCURVE_S1.);
#9691 = B_SPLINE_CURVE_WITH_KNOTS('',1,(#9692,#9693),.UNSPECIFIED.,.F.,
  .F.,(2,2),(0.,1.),.PIECEWISE_BEZIER_KNOTS.);
#9692 = CARTESIAN_POINT('',(-3.94606918453,5.14606918453,0.));
#9693 = CARTESIAN_POINT('',(-3.219776731315,4.219776731315,
    70.679155032408));
#9694 = PCURVE('',#9626,#9695);
#9695 = DEFINITIONAL_REPRESENTATION('',(#9696),#9700);
#9696 = LINE('',#9697,#9698);
#9697 = CARTESIAN_POINT('',(3.94606918453,0.));
#9698 = VECTOR('',#9699,1.);
#9699 = DIRECTION('',(0.,1.));
#9700 = ( GEOMETRIC_REPRESENTATION_CONTEXT(2) 
PARAMETRIC_REPRESENTATION_CONTEXT() REPRESENTATION_CONTEXT('2D SPACE',''
  ) );
#9701 = PCURVE('',#9234,#9702);
#9702 = DEFINITIONAL_REPRESENTATION('',(#9703),#9707);
#9703 = LINE('',#9704,#9705);
#9704 = CARTESIAN_POINT('',(4.712388980385,0.));
#9705 = VECTOR('',#9706,1.);
#9706 = DIRECTION('',(0.,1.));
#9707 = ( GEOMETRIC_REPRESENTATION_CONTEXT(2) 
PARAMETRIC_REPRESENTATION_CONTEXT() REPRESENTATION_CONTEXT('2D SPACE',''
  ) );
#9708 = ORIENTED_EDGE('',*,*,#9709,.T.);
#9709 = EDGE_CURVE('',#9688,#9612,#9710,.T.);
#9710 = SURFACE_CURVE('',#9711,(#9715,#9721),.PCURVE_S1.);
#9711 = LINE('',#9712,#9713);
#9712 = CARTESIAN_POINT('',(0.,4.219776731315,70.679155032408));
#9713 = VECTOR('',#9714,1.);
#9714 = DIRECTION('',(1.,0.,0.));
#9715 = PCURVE('',#9626,#9716);
#9716 = DEFINITIONAL_REPRESENTATION('',(#9717),#9720);
#9717 = B_SPLINE_CURVE_WITH_KNOTS('',1,(#9718,#9719),.UNSPECIFIED.,.F.,
  .F.,(2,2),(-3.219776731315,3.219776731315),.PIECEWISE_BEZIER_KNOTS.);
#9718 = CARTESIAN_POINT('',(3.94606918453,1.));
#9719 = CARTESIAN_POINT('',(-3.94606918453,1.));
#9720 = ( GEOMETRIC_REPRESENTATION_CONTEXT(2) 
PARAMETRIC_REPRESENTATION_CONTEXT() REPRESENTATION_CONTEXT('2D SPACE',''
  ) );
#9721 = PCURVE('',#9209,#9722);
#9722 = DEFINITIONAL_REPRESENTATION('',(#9723),#9727);
#9723 = LINE('',#9724,#9725);
#9724 = CARTESIAN_POINT('',(3.219776731315,7.439553462629));
#9725 = VECTOR('',#9726,1.);
#9726 = DIRECTION('',(1.,0.));
#9727 = ( GEOMETRIC_REPRESENTATION_CONTEXT(2) 
PARAMETRIC_REPRESENTATION_CONTEXT() REPRESENTATION_CONTEXT('2D SPACE',''
  ) );
#9728 = ORIENTED_EDGE('',*,*,#9611,.F.);
#9729 = ADVANCED_FACE('',(#9730),#9234,.T.);
#9730 = FACE_BOUND('',#9731,.T.);
#9731 = EDGE_LOOP('',(#9732,#9754,#9755,#9777));
#9732 = ORIENTED_EDGE('',*,*,#9733,.F.);
#9733 = EDGE_CURVE('',#9123,#9665,#9734,.T.);
#9734 = SURFACE_CURVE('',#9735,(#9740,#9747),.PCURVE_S1.);
#9735 = CIRCLE('',#9736,1.2);
#9736 = AXIS2_PLACEMENT_3D('',#9737,#9738,#9739);
#9737 = CARTESIAN_POINT('',(-3.94606918453,3.94606913286,0.));
#9738 = DIRECTION('',(0.,0.,-1.));
#9739 = DIRECTION('',(-1.,0.,0.));
#9740 = PCURVE('',#9234,#9741);
#9741 = DEFINITIONAL_REPRESENTATION('',(#9742),#9746);
#9742 = LINE('',#9743,#9744);
#9743 = CARTESIAN_POINT('',(6.28318530718,0.));
#9744 = VECTOR('',#9745,1.);
#9745 = DIRECTION('',(-1.,0.));
#9746 = ( GEOMETRIC_REPRESENTATION_CONTEXT(2) 
PARAMETRIC_REPRESENTATION_CONTEXT() REPRESENTATION_CONTEXT('2D SPACE',''
  ) );
#9747 = PCURVE('',#9143,#9748);
#9748 = DEFINITIONAL_REPRESENTATION('',(#9749),#9753);
#9749 = CIRCLE('',#9750,1.2);
#9750 = AXIS2_PLACEMENT_2D('',#9751,#9752);
#9751 = CARTESIAN_POINT('',(0.,7.89213831739));
#9752 = DIRECTION('',(1.,0.));
#9753 = ( GEOMETRIC_REPRESENTATION_CONTEXT(2) 
PARAMETRIC_REPRESENTATION_CONTEXT() REPRESENTATION_CONTEXT('2D SPACE',''
  ) );
#9754 = ORIENTED_EDGE('',*,*,#9221,.T.);
#9755 = ORIENTED_EDGE('',*,*,#9756,.F.);
#9756 = EDGE_CURVE('',#9688,#9195,#9757,.T.);
#9757 = SURFACE_CURVE('',#9758,(#9763,#9770),.PCURVE_S1.);
#9758 = CIRCLE('',#9759,1.);
#9759 = AXIS2_PLACEMENT_3D('',#9760,#9761,#9762);
#9760 = CARTESIAN_POINT('',(-3.219776731315,3.219776689916,
    70.679155032408));
#9761 = DIRECTION('',(0.,0.,1.));
#9762 = DIRECTION('',(1.,0.,0.));
#9763 = PCURVE('',#9234,#9764);
#9764 = DEFINITIONAL_REPRESENTATION('',(#9765),#9769);
#9765 = LINE('',#9766,#9767);
#9766 = CARTESIAN_POINT('',(3.14159265359,1.));
#9767 = VECTOR('',#9768,1.);
#9768 = DIRECTION('',(1.,0.));
#9769 = ( GEOMETRIC_REPRESENTATION_CONTEXT(2) 
PARAMETRIC_REPRESENTATION_CONTEXT() REPRESENTATION_CONTEXT('2D SPACE',''
  ) );
#9770 = PCURVE('',#9209,#9771);
#9771 = DEFINITIONAL_REPRESENTATION('',(#9772),#9776);
#9772 = CIRCLE('',#9773,1.);
#9773 = AXIS2_PLACEMENT_2D('',#9774,#9775);
#9774 = CARTESIAN_POINT('',(0.,6.43955342123));
#9775 = DIRECTION('',(1.,0.));
#9776 = ( GEOMETRIC_REPRESENTATION_CONTEXT(2) 
PARAMETRIC_REPRESENTATION_CONTEXT() REPRESENTATION_CONTEXT('2D SPACE',''
  ) );
#9777 = ORIENTED_EDGE('',*,*,#9687,.F.);
#9778 = ADVANCED_FACE('',(#9779),#9143,.T.);
#9779 = FACE_BOUND('',#9780,.F.);
#9780 = EDGE_LOOP('',(#9781,#9782,#9783,#9784,#9785,#9786,#9787,#9788));
#9781 = ORIENTED_EDGE('',*,*,#9120,.F.);
#9782 = ORIENTED_EDGE('',*,*,#9261,.F.);
#9783 = ORIENTED_EDGE('',*,*,#9338,.T.);
#9784 = ORIENTED_EDGE('',*,*,#9424,.F.);
#9785 = ORIENTED_EDGE('',*,*,#9501,.T.);
#9786 = ORIENTED_EDGE('',*,*,#9587,.F.);
#9787 = ORIENTED_EDGE('',*,*,#9664,.F.);
#9788 = ORIENTED_EDGE('',*,*,#9733,.F.);
#9789 = ADVANCED_FACE('',(#9790),#9209,.T.);
#9790 = FACE_BOUND('',#9791,.T.);
#9791 = EDGE_LOOP('',(#9792,#9793,#9794,#9795,#9796,#9797,#9798,#9799));
#9792 = ORIENTED_EDGE('',*,*,#9194,.F.);
#9793 = ORIENTED_EDGE('',*,*,#9312,.T.);
#9794 = ORIENTED_EDGE('',*,*,#9400,.T.);
#9795 = ORIENTED_EDGE('',*,*,#9475,.T.);
#9796 = ORIENTED_EDGE('',*,*,#9563,.T.);
#9797 = ORIENTED_EDGE('',*,*,#9638,.T.);
#9798 = ORIENTED_EDGE('',*,*,#9709,.F.);
#9799 = ORIENTED_EDGE('',*,*,#9756,.T.);
#9800 = ( GEOMETRIC_REPRESENTATION_CONTEXT(3) 
GLOBAL_UNCERTAINTY_ASSIGNED_CONTEXT((#9804)) 
GLOBAL_UNIT_ASSIGNED_CONTEXT((#9801,#9802,#9803)) REPRESENTATION_CONTEXT
('Context #1','3D Context with UNIT and UNCERTAINTY') );
#9801 = ( LENGTH_UNIT() NAMED_UNIT(*) SI_UNIT(.MILLI.,.METRE.) );
#9802 = ( NAMED_UNIT(*) PLANE_ANGLE_UNIT() SI_UNIT($,.RADIAN.) );
#9803 = ( NAMED_UNIT(*) SI_UNIT($,.STERADIAN.) SOLID_ANGLE_UNIT() );
#9804 = UNCERTAINTY_MEASURE_WITH_UNIT(LENGTH_MEASURE(1.E-07),#9801,
  'distance_accuracy_value','confusion accuracy');
#9805 = CONTEXT_DEPENDENT_SHAPE_REPRESENTATION(#9806,#9808);
#9806 = ( REPRESENTATION_RELATIONSHIP('','',#9113,#10) 
REPRESENTATION_RELATIONSHIP_WITH_TRANSFORMATION(#9807) 
SHAPE_REPRESENTATION_RELATIONSHIP() );
#9807 = ITEM_DEFINED_TRANSFORMATION('','',#11,#55);
#9808 = PRODUCT_DEFINITION_SHAPE('Placement','Placement of an item',
  #9809);
#9809 = NEXT_ASSEMBLY_USAGE_OCCURRENCE('11','fry_05','',#5,#9108,$);
#9810 = PRODUCT_RELATED_PRODUCT_CATEGORY('part',$,(#9110));
#9811 = SHAPE_DEFINITION_REPRESENTATION(#9812,#9818);
#9812 = PRODUCT_DEFINITION_SHAPE('','',#9813);
#9813 = PRODUCT_DEFINITION('design','',#9814,#9817);
#9814 = PRODUCT_DEFINITION_FORMATION('','',#9815);
#9815 = PRODUCT('fry_06','fry_06','',(#9816));
#9816 = PRODUCT_CONTEXT('',#2,'mechanical');
#9817 = PRODUCT_DEFINITION_CONTEXT('part definition',#2,'design');
#9818 = ADVANCED_BREP_SHAPE_REPRESENTATION('',(#11,#9819),#10505);
#9819 = MANIFOLD_SOLID_BREP('',#9820);
#9820 = CLOSED_SHELL('',(#9821,#9962,#10039,#10125,#10202,#10288,#10365,
    #10434,#10483,#10494));
#9821 = ADVANCED_FACE('',(#9822),#9836,.T.);
#9822 = FACE_BOUND('',#9823,.T.);
#9823 = EDGE_LOOP('',(#9824,#9859,#9898,#9925));
#9824 = ORIENTED_EDGE('',*,*,#9825,.F.);
#9825 = EDGE_CURVE('',#9826,#9828,#9830,.T.);
#9826 = VERTEX_POINT('',#9827);
#9827 = CARTESIAN_POINT('',(-4.218304456995,-3.018304456995,0.));
#9828 = VERTEX_POINT('',#9829);
#9829 = CARTESIAN_POINT('',(-4.218304456995,3.018304425947,0.));
#9830 = SURFACE_CURVE('',#9831,(#9835,#9847),.PCURVE_S1.);
#9831 = LINE('',#9832,#9833);
#9832 = CARTESIAN_POINT('',(-4.218304456995,1.24344978758E-14,0.));
#9833 = VECTOR('',#9834,1.);
#9834 = DIRECTION('',(0.,1.,0.));
#9835 = PCURVE('',#9836,#9841);
#9836 = B_SPLINE_SURFACE_WITH_KNOTS('',1,1,(
    (#9837,#9838)
    ,(#9839,#9840
    )),.UNSPECIFIED.,.F.,.F.,.F.,(2,2),(2,2),(-3.018304425947,
    3.018304456995),(0.,1.),.PIECEWISE_BEZIER_KNOTS.);
#9837 = CARTESIAN_POINT('',(-4.218304456995,3.018304425947,0.));
#9838 = CARTESIAN_POINT('',(-3.459009654736,2.459009629976,
    88.812250327294));
#9839 = CARTESIAN_POINT('',(-4.218304456995,-3.018304456995,0.));
#9840 = CARTESIAN_POINT('',(-3.459009654736,-2.459009654736,
    88.812250327294));
#9841 = DEFINITIONAL_REPRESENTATION('',(#9842),#9846);
#9842 = LINE('',#9843,#9844);
#9843 = CARTESIAN_POINT('',(0.,0.));
#9844 = VECTOR('',#9845,1.);
#9845 = DIRECTION('',(-1.,0.));
#9846 = ( GEOMETRIC_REPRESENTATION_CONTEXT(2) 
PARAMETRIC_REPRESENTATION_CONTEXT() REPRESENTATION_CONTEXT('2D SPACE',''
  ) );
#9847 = PCURVE('',#9848,#9853);
#9848 = PLANE('',#9849);
#9849 = AXIS2_PLACEMENT_3D('',#9850,#9851,#9852);
#9850 = CARTESIAN_POINT('',(-3.018304456995,-3.018304456995,0.));
#9851 = DIRECTION('',(0.,0.,1.));
#9852 = DIRECTION('',(1.,0.,0.));
#9853 = DEFINITIONAL_REPRESENTATION('',(#9854),#9858);
#9854 = LINE('',#9855,#9856);
#9855 = CARTESIAN_POINT('',(-1.2,3.018304456995));
#9856 = VECTOR('',#9857,1.);
#9857 = DIRECTION('',(0.,1.));
#9858 = ( GEOMETRIC_REPRESENTATION_CONTEXT(2) 
PARAMETRIC_REPRESENTATION_CONTEXT() REPRESENTATION_CONTEXT('2D SPACE',''
  ) );
#9859 = ORIENTED_EDGE('',*,*,#9860,.T.);
#9860 = EDGE_CURVE('',#9826,#9861,#9863,.T.);
#9861 = VERTEX_POINT('',#9862);
#9862 = CARTESIAN_POINT('',(-3.459009654736,-2.459009654736,
    88.812250327294));
#9863 = SURFACE_CURVE('',#9864,(#9867,#9874),.PCURVE_S1.);
#9864 = B_SPLINE_CURVE_WITH_KNOTS('',1,(#9865,#9866),.UNSPECIFIED.,.F.,
  .F.,(2,2),(0.,1.),.PIECEWISE_BEZIER_KNOTS.);
#9865 = CARTESIAN_POINT('',(-4.218304456995,-3.018304456995,0.));
#9866 = CARTESIAN_POINT('',(-3.459009654736,-2.459009654736,
    88.812250327294));
#9867 = PCURVE('',#9836,#9868);
#9868 = DEFINITIONAL_REPRESENTATION('',(#9869),#9873);
#9869 = LINE('',#9870,#9871);
#9870 = CARTESIAN_POINT('',(3.018304456995,0.));
#9871 = VECTOR('',#9872,1.);
#9872 = DIRECTION('',(0.,1.));
#9873 = ( GEOMETRIC_REPRESENTATION_CONTEXT(2) 
PARAMETRIC_REPRESENTATION_CONTEXT() REPRESENTATION_CONTEXT('2D SPACE',''
  ) );
#9874 = PCURVE('',#9875,#9892);
#9875 = B_SPLINE_SURFACE_WITH_KNOTS('',7,1,(
    (#9876,#9877)
    ,(#9878,#9879)
    ,(#9880,#9881)
    ,(#9882,#9883)
    ,(#9884,#9885)
    ,(#9886,#9887)
    ,(#9888,#9889)
    ,(#9890,#9891
    )),.UNSPECIFIED.,.F.,.F.,.F.,(8,8),(2,2),(3.14159265359,
    4.712388980385),(0.,1.),.PIECEWISE_BEZIER_KNOTS.);
#9876 = CARTESIAN_POINT('',(-4.218304456995,-3.018304456995,0.));
#9877 = CARTESIAN_POINT('',(-3.459009654736,-2.459009654736,
    88.812250327294));
#9878 = CARTESIAN_POINT('',(-4.218304456995,-3.287583827303,0.));
#9879 = CARTESIAN_POINT('',(-3.459009654736,-2.683409129993,
    88.812250327295));
#9880 = CARTESIAN_POINT('',(-4.147805793134,-3.556861894976,0.));
#9881 = CARTESIAN_POINT('',(-3.400260768185,-2.90780751972,
    88.812250327293));
#9882 = CARTESIAN_POINT('',(-4.006819723638,-3.804000785983,0.));
#9883 = CARTESIAN_POINT('',(-3.282772376939,-3.113756595559,
    88.812250327297));
#9884 = CARTESIAN_POINT('',(-3.804000785983,-4.006819723638,0.));
#9885 = CARTESIAN_POINT('',(-3.113756595559,-3.282772376938,
    88.812250327292));
#9886 = CARTESIAN_POINT('',(-3.556861894975,-4.147805793133,0.));
#9887 = CARTESIAN_POINT('',(-2.90780751972,-3.400260768185,
    88.812250327296));
#9888 = CARTESIAN_POINT('',(-3.287583827303,-4.218304456995,0.));
#9889 = CARTESIAN_POINT('',(-2.683409129993,-3.459009654736,
    88.812250327294));
#9890 = CARTESIAN_POINT('',(-3.018304456995,-4.218304456995,0.));
#9891 = CARTESIAN_POINT('',(-2.459009654736,-3.459009654736,
    88.812250327294));
#9892 = DEFINITIONAL_REPRESENTATION('',(#9893),#9897);
#9893 = LINE('',#9894,#9895);
#9894 = CARTESIAN_POINT('',(3.14159265359,0.));
#9895 = VECTOR('',#9896,1.);
#9896 = DIRECTION('',(0.,1.));
#9897 = ( GEOMETRIC_REPRESENTATION_CONTEXT(2) 
PARAMETRIC_REPRESENTATION_CONTEXT() REPRESENTATION_CONTEXT('2D SPACE',''
  ) );
#9898 = ORIENTED_EDGE('',*,*,#9899,.T.);
#9899 = EDGE_CURVE('',#9861,#9900,#9902,.T.);
#9900 = VERTEX_POINT('',#9901);
#9901 = CARTESIAN_POINT('',(-3.459009654736,2.459009629976,
    88.812250327294));
#9902 = SURFACE_CURVE('',#9903,(#9907,#9913),.PCURVE_S1.);
#9903 = LINE('',#9904,#9905);
#9904 = CARTESIAN_POINT('',(-3.459009654736,9.325873406851E-15,
    88.812250327294));
#9905 = VECTOR('',#9906,1.);
#9906 = DIRECTION('',(0.,1.,0.));
#9907 = PCURVE('',#9836,#9908);
#9908 = DEFINITIONAL_REPRESENTATION('',(#9909),#9912);
#9909 = B_SPLINE_CURVE_WITH_KNOTS('',1,(#9910,#9911),.UNSPECIFIED.,.F.,
  .F.,(2,2),(-2.459009654736,2.459009629976),.PIECEWISE_BEZIER_KNOTS.);
#9910 = CARTESIAN_POINT('',(3.018304456995,1.));
#9911 = CARTESIAN_POINT('',(-3.018304425947,1.));
#9912 = ( GEOMETRIC_REPRESENTATION_CONTEXT(2) 
PARAMETRIC_REPRESENTATION_CONTEXT() REPRESENTATION_CONTEXT('2D SPACE',''
  ) );
#9913 = PCURVE('',#9914,#9919);
#9914 = PLANE('',#9915);
#9915 = AXIS2_PLACEMENT_3D('',#9916,#9917,#9918);
#9916 = CARTESIAN_POINT('',(-2.459009654736,-2.459009654736,
    88.812250327294));
#9917 = DIRECTION('',(0.,0.,-1.));
#9918 = DIRECTION('',(-1.,0.,0.));
#9919 = DEFINITIONAL_REPRESENTATION('',(#9920),#9924);
#9920 = LINE('',#9921,#9922);
#9921 = CARTESIAN_POINT('',(1.,2.459009654736));
#9922 = VECTOR('',#9923,1.);
#9923 = DIRECTION('',(0.,1.));
#9924 = ( GEOMETRIC_REPRESENTATION_CONTEXT(2) 
PARAMETRIC_REPRESENTATION_CONTEXT() REPRESENTATION_CONTEXT('2D SPACE',''
  ) );
#9925 = ORIENTED_EDGE('',*,*,#9926,.F.);
#9926 = EDGE_CURVE('',#9828,#9900,#9927,.T.);
#9927 = SURFACE_CURVE('',#9928,(#9931,#9938),.PCURVE_S1.);
#9928 = B_SPLINE_CURVE_WITH_KNOTS('',1,(#9929,#9930),.UNSPECIFIED.,.F.,
  .F.,(2,2),(0.,1.),.PIECEWISE_BEZIER_KNOTS.);
#9929 = CARTESIAN_POINT('',(-4.218304456995,3.018304425947,0.));
#9930 = CARTESIAN_POINT('',(-3.459009654736,2.459009629976,
    88.812250327294));
#9931 = PCURVE('',#9836,#9932);
#9932 = DEFINITIONAL_REPRESENTATION('',(#9933),#9937);
#9933 = LINE('',#9934,#9935);
#9934 = CARTESIAN_POINT('',(-3.018304425947,0.));
#9935 = VECTOR('',#9936,1.);
#9936 = DIRECTION('',(0.,1.));
#9937 = ( GEOMETRIC_REPRESENTATION_CONTEXT(2) 
PARAMETRIC_REPRESENTATION_CONTEXT() REPRESENTATION_CONTEXT('2D SPACE',''
  ) );
#9938 = PCURVE('',#9939,#9956);
#9939 = B_SPLINE_SURFACE_WITH_KNOTS('',7,1,(
    (#9940,#9941)
    ,(#9942,#9943)
    ,(#9944,#9945)
    ,(#9946,#9947)
    ,(#9948,#9949)
    ,(#9950,#9951)
    ,(#9952,#9953)
    ,(#9954,#9955
    )),.UNSPECIFIED.,.F.,.F.,.F.,(8,8),(2,2),(1.570796326795,
    3.14159265359),(0.,1.),.PIECEWISE_BEZIER_KNOTS.);
#9940 = CARTESIAN_POINT('',(-3.018304456995,4.218304425947,0.));
#9941 = CARTESIAN_POINT('',(-2.459009654736,3.459009629976,
    88.812250327294));
#9942 = CARTESIAN_POINT('',(-3.287583827303,4.218304425947,0.));
#9943 = CARTESIAN_POINT('',(-2.683409129993,3.459009629976,
    88.812250327295));
#9944 = CARTESIAN_POINT('',(-3.556861894975,4.147805762085,0.));
#9945 = CARTESIAN_POINT('',(-2.90780751972,3.400260743424,
    88.812250327292));
#9946 = CARTESIAN_POINT('',(-3.804000785983,4.00681969259,0.));
#9947 = CARTESIAN_POINT('',(-3.113756595559,3.282772352178,
    88.812250327297));
#9948 = CARTESIAN_POINT('',(-4.006819723638,3.804000754934,0.));
#9949 = CARTESIAN_POINT('',(-3.282772376938,3.113756570799,
    88.812250327292));
#9950 = CARTESIAN_POINT('',(-4.147805793134,3.556861863927,0.));
#9951 = CARTESIAN_POINT('',(-3.400260768185,2.907807494959,
    88.812250327295));
#9952 = CARTESIAN_POINT('',(-4.218304456995,3.287583796255,0.));
#9953 = CARTESIAN_POINT('',(-3.459009654736,2.683409105232,
    88.812250327294));
#9954 = CARTESIAN_POINT('',(-4.218304456995,3.018304425947,0.));
#9955 = CARTESIAN_POINT('',(-3.459009654736,2.459009629976,
    88.812250327294));
#9956 = DEFINITIONAL_REPRESENTATION('',(#9957),#9961);
#9957 = LINE('',#9958,#9959);
#9958 = CARTESIAN_POINT('',(3.14159265359,0.));
#9959 = VECTOR('',#9960,1.);
#9960 = DIRECTION('',(0.,1.));
#9961 = ( GEOMETRIC_REPRESENTATION_CONTEXT(2) 
PARAMETRIC_REPRESENTATION_CONTEXT() REPRESENTATION_CONTEXT('2D SPACE',''
  ) );
#9962 = ADVANCED_FACE('',(#9963),#9875,.T.);
#9963 = FACE_BOUND('',#9964,.T.);
#9964 = EDGE_LOOP('',(#9965,#9989,#10016,#10038));
#9965 = ORIENTED_EDGE('',*,*,#9966,.T.);
#9966 = EDGE_CURVE('',#9826,#9967,#9969,.T.);
#9967 = VERTEX_POINT('',#9968);
#9968 = CARTESIAN_POINT('',(-3.018304456995,-4.218304456995,0.));
#9969 = SURFACE_CURVE('',#9970,(#9975,#9982),.PCURVE_S1.);
#9970 = CIRCLE('',#9971,1.2);
#9971 = AXIS2_PLACEMENT_3D('',#9972,#9973,#9974);
#9972 = CARTESIAN_POINT('',(-3.018304456995,-3.018304456995,0.));
#9973 = DIRECTION('',(0.,0.,1.));
#9974 = DIRECTION('',(1.,0.,0.));
#9975 = PCURVE('',#9875,#9976);
#9976 = DEFINITIONAL_REPRESENTATION('',(#9977),#9981);
#9977 = LINE('',#9978,#9979);
#9978 = CARTESIAN_POINT('',(0.,0.));
#9979 = VECTOR('',#9980,1.);
#9980 = DIRECTION('',(1.,0.));
#9981 = ( GEOMETRIC_REPRESENTATION_CONTEXT(2) 
PARAMETRIC_REPRESENTATION_CONTEXT() REPRESENTATION_CONTEXT('2D SPACE',''
  ) );
#9982 = PCURVE('',#9848,#9983);
#9983 = DEFINITIONAL_REPRESENTATION('',(#9984),#9988);
#9984 = CIRCLE('',#9985,1.2);
#9985 = AXIS2_PLACEMENT_2D('',#9986,#9987);
#9986 = CARTESIAN_POINT('',(0.,0.));
#9987 = DIRECTION('',(1.,0.));
#9988 = ( GEOMETRIC_REPRESENTATION_CONTEXT(2) 
PARAMETRIC_REPRESENTATION_CONTEXT() REPRESENTATION_CONTEXT('2D SPACE',''
  ) );
#9989 = ORIENTED_EDGE('',*,*,#9990,.T.);
#9990 = EDGE_CURVE('',#9967,#9991,#9993,.T.);
#9991 = VERTEX_POINT('',#9992);
#9992 = CARTESIAN_POINT('',(-2.459009654736,-3.459009654736,
    88.812250327294));
#9993 = SURFACE_CURVE('',#9994,(#9997,#10004),.PCURVE_S1.);
#9994 = B_SPLINE_CURVE_WITH_KNOTS('',1,(#9995,#9996),.UNSPECIFIED.,.F.,
  .F.,(2,2),(0.,1.),.PIECEWISE_BEZIER_KNOTS.);
#9995 = CARTESIAN_POINT('',(-3.018304456995,-4.218304456995,0.));
#9996 = CARTESIAN_POINT('',(-2.459009654736,-3.459009654736,
    88.812250327294));
#9997 = PCURVE('',#9875,#9998);
#9998 = DEFINITIONAL_REPRESENTATION('',(#9999),#10003);
#9999 = LINE('',#10000,#10001);
#10000 = CARTESIAN_POINT('',(4.712388980385,0.));
#10001 = VECTOR('',#10002,1.);
#10002 = DIRECTION('',(0.,1.));
#10003 = ( GEOMETRIC_REPRESENTATION_CONTEXT(2) 
PARAMETRIC_REPRESENTATION_CONTEXT() REPRESENTATION_CONTEXT('2D SPACE',''
  ) );
#10004 = PCURVE('',#10005,#10010);
#10005 = B_SPLINE_SURFACE_WITH_KNOTS('',1,1,(
    (#10006,#10007)
    ,(#10008,#10009
    )),.UNSPECIFIED.,.F.,.F.,.F.,(2,2),(2,2),(-3.018304456995,
    3.018304425947),(0.,1.),.PIECEWISE_BEZIER_KNOTS.);
#10006 = CARTESIAN_POINT('',(-3.018304456995,-4.218304456995,0.));
#10007 = CARTESIAN_POINT('',(-2.459009654736,-3.459009654736,
    88.812250327294));
#10008 = CARTESIAN_POINT('',(3.018304425947,-4.218304456995,0.));
#10009 = CARTESIAN_POINT('',(2.459009629976,-3.459009654736,
    88.812250327294));
#10010 = DEFINITIONAL_REPRESENTATION('',(#10011),#10015);
#10011 = LINE('',#10012,#10013);
#10012 = CARTESIAN_POINT('',(-3.018304456995,0.));
#10013 = VECTOR('',#10014,1.);
#10014 = DIRECTION('',(0.,1.));
#10015 = ( GEOMETRIC_REPRESENTATION_CONTEXT(2) 
PARAMETRIC_REPRESENTATION_CONTEXT() REPRESENTATION_CONTEXT('2D SPACE',''
  ) );
#10016 = ORIENTED_EDGE('',*,*,#10017,.T.);
#10017 = EDGE_CURVE('',#9991,#9861,#10018,.T.);
#10018 = SURFACE_CURVE('',#10019,(#10024,#10031),.PCURVE_S1.);
#10019 = CIRCLE('',#10020,1.);
#10020 = AXIS2_PLACEMENT_3D('',#10021,#10022,#10023);
#10021 = CARTESIAN_POINT('',(-2.459009654736,-2.459009654736,
    88.812250327294));
#10022 = DIRECTION('',(0.,0.,-1.));
#10023 = DIRECTION('',(-1.,0.,0.));
#10024 = PCURVE('',#9875,#10025);
#10025 = DEFINITIONAL_REPRESENTATION('',(#10026),#10030);
#10026 = LINE('',#10027,#10028);
#10027 = CARTESIAN_POINT('',(9.424777960769,1.));
#10028 = VECTOR('',#10029,1.);
#10029 = DIRECTION('',(-1.,0.));
#10030 = ( GEOMETRIC_REPRESENTATION_CONTEXT(2) 
PARAMETRIC_REPRESENTATION_CONTEXT() REPRESENTATION_CONTEXT('2D SPACE',''
  ) );
#10031 = PCURVE('',#9914,#10032);
#10032 = DEFINITIONAL_REPRESENTATION('',(#10033),#10037);
#10033 = CIRCLE('',#10034,1.);
#10034 = AXIS2_PLACEMENT_2D('',#10035,#10036);
#10035 = CARTESIAN_POINT('',(0.,0.));
#10036 = DIRECTION('',(1.,0.));
#10037 = ( GEOMETRIC_REPRESENTATION_CONTEXT(2) 
PARAMETRIC_REPRESENTATION_CONTEXT() REPRESENTATION_CONTEXT('2D SPACE',''
  ) );
#10038 = ORIENTED_EDGE('',*,*,#9860,.F.);
#10039 = ADVANCED_FACE('',(#10040),#10005,.T.);
#10040 = FACE_BOUND('',#10041,.T.);
#10041 = EDGE_LOOP('',(#10042,#10065,#10104,#10124));
#10042 = ORIENTED_EDGE('',*,*,#10043,.T.);
#10043 = EDGE_CURVE('',#9967,#10044,#10046,.T.);
#10044 = VERTEX_POINT('',#10045);
#10045 = CARTESIAN_POINT('',(3.018304425947,-4.218304456995,0.));
#10046 = SURFACE_CURVE('',#10047,(#10051,#10058),.PCURVE_S1.);
#10047 = LINE('',#10048,#10049);
#10048 = CARTESIAN_POINT('',(0.,-4.218304456995,0.));
#10049 = VECTOR('',#10050,1.);
#10050 = DIRECTION('',(1.,0.,0.));
#10051 = PCURVE('',#10005,#10052);
#10052 = DEFINITIONAL_REPRESENTATION('',(#10053),#10057);
#10053 = LINE('',#10054,#10055);
#10054 = CARTESIAN_POINT('',(0.,0.));
#10055 = VECTOR('',#10056,1.);
#10056 = DIRECTION('',(1.,0.));
#10057 = ( GEOMETRIC_REPRESENTATION_CONTEXT(2) 
PARAMETRIC_REPRESENTATION_CONTEXT() REPRESENTATION_CONTEXT('2D SPACE',''
  ) );
#10058 = PCURVE('',#9848,#10059);
#10059 = DEFINITIONAL_REPRESENTATION('',(#10060),#10064);
#10060 = LINE('',#10061,#10062);
#10061 = CARTESIAN_POINT('',(3.018304456995,-1.2));
#10062 = VECTOR('',#10063,1.);
#10063 = DIRECTION('',(1.,0.));
#10064 = ( GEOMETRIC_REPRESENTATION_CONTEXT(2) 
PARAMETRIC_REPRESENTATION_CONTEXT() REPRESENTATION_CONTEXT('2D SPACE',''
  ) );
#10065 = ORIENTED_EDGE('',*,*,#10066,.T.);
#10066 = EDGE_CURVE('',#10044,#10067,#10069,.T.);
#10067 = VERTEX_POINT('',#10068);
#10068 = CARTESIAN_POINT('',(2.459009629976,-3.459009654736,
    88.812250327294));
#10069 = SURFACE_CURVE('',#10070,(#10073,#10080),.PCURVE_S1.);
#10070 = B_SPLINE_CURVE_WITH_KNOTS('',1,(#10071,#10072),.UNSPECIFIED.,
  .F.,.F.,(2,2),(0.,1.),.PIECEWISE_BEZIER_KNOTS.);
#10071 = CARTESIAN_POINT('',(3.018304425947,-4.218304456995,0.));
#10072 = CARTESIAN_POINT('',(2.459009629976,-3.459009654736,
    88.812250327294));
#10073 = PCURVE('',#10005,#10074);
#10074 = DEFINITIONAL_REPRESENTATION('',(#10075),#10079);
#10075 = LINE('',#10076,#10077);
#10076 = CARTESIAN_POINT('',(3.018304425947,0.));
#10077 = VECTOR('',#10078,1.);
#10078 = DIRECTION('',(0.,1.));
#10079 = ( GEOMETRIC_REPRESENTATION_CONTEXT(2) 
PARAMETRIC_REPRESENTATION_CONTEXT() REPRESENTATION_CONTEXT('2D SPACE',''
  ) );
#10080 = PCURVE('',#10081,#10098);
#10081 = B_SPLINE_SURFACE_WITH_KNOTS('',7,1,(
    (#10082,#10083)
    ,(#10084,#10085)
    ,(#10086,#10087)
    ,(#10088,#10089)
    ,(#10090,#10091)
    ,(#10092,#10093)
    ,(#10094,#10095)
    ,(#10096,#10097
    )),.UNSPECIFIED.,.F.,.F.,.F.,(8,8),(2,2),(4.712388980385,
    6.28318530718),(0.,1.),.PIECEWISE_BEZIER_KNOTS.);
#10082 = CARTESIAN_POINT('',(3.018304425947,-4.218304456995,0.));
#10083 = CARTESIAN_POINT('',(2.459009629976,-3.459009654736,
    88.812250327294));
#10084 = CARTESIAN_POINT('',(3.287583796255,-4.218304456995,0.));
#10085 = CARTESIAN_POINT('',(2.683409105232,-3.459009654736,
    88.812250327295));
#10086 = CARTESIAN_POINT('',(3.556861863927,-4.147805793133,0.));
#10087 = CARTESIAN_POINT('',(2.907807494959,-3.400260768185,
    88.812250327293));
#10088 = CARTESIAN_POINT('',(3.804000754935,-4.006819723638,0.));
#10089 = CARTESIAN_POINT('',(3.113756570799,-3.282772376939,
    88.812250327297));
#10090 = CARTESIAN_POINT('',(4.00681969259,-3.804000785983,0.));
#10091 = CARTESIAN_POINT('',(3.282772352178,-3.113756595559,
    88.812250327291));
#10092 = CARTESIAN_POINT('',(4.147805762085,-3.556861894976,0.));
#10093 = CARTESIAN_POINT('',(3.400260743424,-2.90780751972,
    88.812250327296));
#10094 = CARTESIAN_POINT('',(4.218304425947,-3.287583827303,0.));
#10095 = CARTESIAN_POINT('',(3.459009629976,-2.683409129993,
    88.812250327294));
#10096 = CARTESIAN_POINT('',(4.218304425947,-3.018304456995,0.));
#10097 = CARTESIAN_POINT('',(3.459009629976,-2.459009654736,
    88.812250327294));
#10098 = DEFINITIONAL_REPRESENTATION('',(#10099),#10103);
#10099 = LINE('',#10100,#10101);
#10100 = CARTESIAN_POINT('',(4.712388980385,0.));
#10101 = VECTOR('',#10102,1.);
#10102 = DIRECTION('',(0.,1.));
#10103 = ( GEOMETRIC_REPRESENTATION_CONTEXT(2) 
PARAMETRIC_REPRESENTATION_CONTEXT() REPRESENTATION_CONTEXT('2D SPACE',''
  ) );
#10104 = ORIENTED_EDGE('',*,*,#10105,.F.);
#10105 = EDGE_CURVE('',#9991,#10067,#10106,.T.);
#10106 = SURFACE_CURVE('',#10107,(#10111,#10117),.PCURVE_S1.);
#10107 = LINE('',#10108,#10109);
#10108 = CARTESIAN_POINT('',(0.,-3.459009654736,88.812250327294));
#10109 = VECTOR('',#10110,1.);
#10110 = DIRECTION('',(1.,0.,0.));
#10111 = PCURVE('',#10005,#10112);
#10112 = DEFINITIONAL_REPRESENTATION('',(#10113),#10116);
#10113 = B_SPLINE_CURVE_WITH_KNOTS('',1,(#10114,#10115),.UNSPECIFIED.,
  .F.,.F.,(2,2),(-2.459009654736,2.459009629976),
  .PIECEWISE_BEZIER_KNOTS.);
#10114 = CARTESIAN_POINT('',(-3.018304456995,1.));
#10115 = CARTESIAN_POINT('',(3.018304425947,1.));
#10116 = ( GEOMETRIC_REPRESENTATION_CONTEXT(2) 
PARAMETRIC_REPRESENTATION_CONTEXT() REPRESENTATION_CONTEXT('2D SPACE',''
  ) );
#10117 = PCURVE('',#9914,#10118);
#10118 = DEFINITIONAL_REPRESENTATION('',(#10119),#10123);
#10119 = LINE('',#10120,#10121);
#10120 = CARTESIAN_POINT('',(-2.459009654736,-1.));
#10121 = VECTOR('',#10122,1.);
#10122 = DIRECTION('',(-1.,0.));
#10123 = ( GEOMETRIC_REPRESENTATION_CONTEXT(2) 
PARAMETRIC_REPRESENTATION_CONTEXT() REPRESENTATION_CONTEXT('2D SPACE',''
  ) );
#10124 = ORIENTED_EDGE('',*,*,#9990,.F.);
#10125 = ADVANCED_FACE('',(#10126),#10081,.T.);
#10126 = FACE_BOUND('',#10127,.T.);
#10127 = EDGE_LOOP('',(#10128,#10152,#10179,#10201));
#10128 = ORIENTED_EDGE('',*,*,#10129,.T.);
#10129 = EDGE_CURVE('',#10044,#10130,#10132,.T.);
#10130 = VERTEX_POINT('',#10131);
#10131 = CARTESIAN_POINT('',(4.218304441471,-3.018304456995,0.));
#10132 = SURFACE_CURVE('',#10133,(#10138,#10145),.PCURVE_S1.);
#10133 = CIRCLE('',#10134,1.2);
#10134 = AXIS2_PLACEMENT_3D('',#10135,#10136,#10137);
#10135 = CARTESIAN_POINT('',(3.018304425947,-3.018304456995,0.));
#10136 = DIRECTION('',(0.,0.,1.));
#10137 = DIRECTION('',(1.,0.,0.));
#10138 = PCURVE('',#10081,#10139);
#10139 = DEFINITIONAL_REPRESENTATION('',(#10140),#10144);
#10140 = LINE('',#10141,#10142);
#10141 = CARTESIAN_POINT('',(0.,0.));
#10142 = VECTOR('',#10143,1.);
#10143 = DIRECTION('',(1.,0.));
#10144 = ( GEOMETRIC_REPRESENTATION_CONTEXT(2) 
PARAMETRIC_REPRESENTATION_CONTEXT() REPRESENTATION_CONTEXT('2D SPACE',''
  ) );
#10145 = PCURVE('',#9848,#10146);
#10146 = DEFINITIONAL_REPRESENTATION('',(#10147),#10151);
#10147 = CIRCLE('',#10148,1.2);
#10148 = AXIS2_PLACEMENT_2D('',#10149,#10150);
#10149 = CARTESIAN_POINT('',(6.036608882942,2.48689957516E-14));
#10150 = DIRECTION('',(1.,0.));
#10151 = ( GEOMETRIC_REPRESENTATION_CONTEXT(2) 
PARAMETRIC_REPRESENTATION_CONTEXT() REPRESENTATION_CONTEXT('2D SPACE',''
  ) );
#10152 = ORIENTED_EDGE('',*,*,#10153,.T.);
#10153 = EDGE_CURVE('',#10130,#10154,#10156,.T.);
#10154 = VERTEX_POINT('',#10155);
#10155 = CARTESIAN_POINT('',(3.459009642356,-2.459009654736,
    88.812250327294));
#10156 = SURFACE_CURVE('',#10157,(#10160,#10167),.PCURVE_S1.);
#10157 = B_SPLINE_CURVE_WITH_KNOTS('',1,(#10158,#10159),.UNSPECIFIED.,
  .F.,.F.,(2,2),(0.,1.),.PIECEWISE_BEZIER_KNOTS.);
#10158 = CARTESIAN_POINT('',(4.218304425947,-3.018304456995,0.));
#10159 = CARTESIAN_POINT('',(3.459009629976,-2.459009654736,
    88.812250327294));
#10160 = PCURVE('',#10081,#10161);
#10161 = DEFINITIONAL_REPRESENTATION('',(#10162),#10166);
#10162 = LINE('',#10163,#10164);
#10163 = CARTESIAN_POINT('',(6.28318530718,0.));
#10164 = VECTOR('',#10165,1.);
#10165 = DIRECTION('',(0.,1.));
#10166 = ( GEOMETRIC_REPRESENTATION_CONTEXT(2) 
PARAMETRIC_REPRESENTATION_CONTEXT() REPRESENTATION_CONTEXT('2D SPACE',''
  ) );
#10167 = PCURVE('',#10168,#10173);
#10168 = B_SPLINE_SURFACE_WITH_KNOTS('',1,1,(
    (#10169,#10170)
    ,(#10171,#10172
    )),.UNSPECIFIED.,.F.,.F.,.F.,(2,2),(2,2),(-3.018304456995,
    3.018304425947),(0.,1.),.PIECEWISE_BEZIER_KNOTS.);
#10169 = CARTESIAN_POINT('',(4.218304456995,-3.018304456995,0.));
#10170 = CARTESIAN_POINT('',(3.459009654736,-2.459009654736,
    88.812250327294));
#10171 = CARTESIAN_POINT('',(4.218304456995,3.018304425947,0.));
#10172 = CARTESIAN_POINT('',(3.459009654736,2.459009629976,
    88.812250327294));
#10173 = DEFINITIONAL_REPRESENTATION('',(#10174),#10178);
#10174 = LINE('',#10175,#10176);
#10175 = CARTESIAN_POINT('',(-3.018304456995,0.));
#10176 = VECTOR('',#10177,1.);
#10177 = DIRECTION('',(0.,1.));
#10178 = ( GEOMETRIC_REPRESENTATION_CONTEXT(2) 
PARAMETRIC_REPRESENTATION_CONTEXT() REPRESENTATION_CONTEXT('2D SPACE',''
  ) );
#10179 = ORIENTED_EDGE('',*,*,#10180,.T.);
#10180 = EDGE_CURVE('',#10154,#10067,#10181,.T.);
#10181 = SURFACE_CURVE('',#10182,(#10187,#10194),.PCURVE_S1.);
#10182 = CIRCLE('',#10183,1.);
#10183 = AXIS2_PLACEMENT_3D('',#10184,#10185,#10186);
#10184 = CARTESIAN_POINT('',(2.459009629976,-2.459009654736,
    88.812250327294));
#10185 = DIRECTION('',(0.,0.,-1.));
#10186 = DIRECTION('',(-1.,0.,0.));
#10187 = PCURVE('',#10081,#10188);
#10188 = DEFINITIONAL_REPRESENTATION('',(#10189),#10193);
#10189 = LINE('',#10190,#10191);
#10190 = CARTESIAN_POINT('',(9.424777960769,1.));
#10191 = VECTOR('',#10192,1.);
#10192 = DIRECTION('',(-1.,0.));
#10193 = ( GEOMETRIC_REPRESENTATION_CONTEXT(2) 
PARAMETRIC_REPRESENTATION_CONTEXT() REPRESENTATION_CONTEXT('2D SPACE',''
  ) );
#10194 = PCURVE('',#9914,#10195);
#10195 = DEFINITIONAL_REPRESENTATION('',(#10196),#10200);
#10196 = CIRCLE('',#10197,1.);
#10197 = AXIS2_PLACEMENT_2D('',#10198,#10199);
#10198 = CARTESIAN_POINT('',(-4.918019284712,1.86517468137E-14));
#10199 = DIRECTION('',(1.,0.));
#10200 = ( GEOMETRIC_REPRESENTATION_CONTEXT(2) 
PARAMETRIC_REPRESENTATION_CONTEXT() REPRESENTATION_CONTEXT('2D SPACE',''
  ) );
#10201 = ORIENTED_EDGE('',*,*,#10066,.F.);
#10202 = ADVANCED_FACE('',(#10203),#10168,.T.);
#10203 = FACE_BOUND('',#10204,.T.);
#10204 = EDGE_LOOP('',(#10205,#10228,#10267,#10287));
#10205 = ORIENTED_EDGE('',*,*,#10206,.T.);
#10206 = EDGE_CURVE('',#10130,#10207,#10209,.T.);
#10207 = VERTEX_POINT('',#10208);
#10208 = CARTESIAN_POINT('',(4.218304456995,3.018304425947,0.));
#10209 = SURFACE_CURVE('',#10210,(#10214,#10221),.PCURVE_S1.);
#10210 = LINE('',#10211,#10212);
#10211 = CARTESIAN_POINT('',(4.218304456995,1.24344978758E-14,0.));
#10212 = VECTOR('',#10213,1.);
#10213 = DIRECTION('',(0.,1.,0.));
#10214 = PCURVE('',#10168,#10215);
#10215 = DEFINITIONAL_REPRESENTATION('',(#10216),#10220);
#10216 = LINE('',#10217,#10218);
#10217 = CARTESIAN_POINT('',(0.,0.));
#10218 = VECTOR('',#10219,1.);
#10219 = DIRECTION('',(1.,0.));
#10220 = ( GEOMETRIC_REPRESENTATION_CONTEXT(2) 
PARAMETRIC_REPRESENTATION_CONTEXT() REPRESENTATION_CONTEXT('2D SPACE',''
  ) );
#10221 = PCURVE('',#9848,#10222);
#10222 = DEFINITIONAL_REPRESENTATION('',(#10223),#10227);
#10223 = LINE('',#10224,#10225);
#10224 = CARTESIAN_POINT('',(7.236608913991,3.018304456995));
#10225 = VECTOR('',#10226,1.);
#10226 = DIRECTION('',(0.,1.));
#10227 = ( GEOMETRIC_REPRESENTATION_CONTEXT(2) 
PARAMETRIC_REPRESENTATION_CONTEXT() REPRESENTATION_CONTEXT('2D SPACE',''
  ) );
#10228 = ORIENTED_EDGE('',*,*,#10229,.T.);
#10229 = EDGE_CURVE('',#10207,#10230,#10232,.T.);
#10230 = VERTEX_POINT('',#10231);
#10231 = CARTESIAN_POINT('',(3.459009654736,2.459009629976,
    88.812250327294));
#10232 = SURFACE_CURVE('',#10233,(#10236,#10243),.PCURVE_S1.);
#10233 = B_SPLINE_CURVE_WITH_KNOTS('',1,(#10234,#10235),.UNSPECIFIED.,
  .F.,.F.,(2,2),(0.,1.),.PIECEWISE_BEZIER_KNOTS.);
#10234 = CARTESIAN_POINT('',(4.218304456995,3.018304425947,0.));
#10235 = CARTESIAN_POINT('',(3.459009654736,2.459009629976,
    88.812250327294));
#10236 = PCURVE('',#10168,#10237);
#10237 = DEFINITIONAL_REPRESENTATION('',(#10238),#10242);
#10238 = LINE('',#10239,#10240);
#10239 = CARTESIAN_POINT('',(3.018304425947,0.));
#10240 = VECTOR('',#10241,1.);
#10241 = DIRECTION('',(0.,1.));
#10242 = ( GEOMETRIC_REPRESENTATION_CONTEXT(2) 
PARAMETRIC_REPRESENTATION_CONTEXT() REPRESENTATION_CONTEXT('2D SPACE',''
  ) );
#10243 = PCURVE('',#10244,#10261);
#10244 = B_SPLINE_SURFACE_WITH_KNOTS('',7,1,(
    (#10245,#10246)
    ,(#10247,#10248)
    ,(#10249,#10250)
    ,(#10251,#10252)
    ,(#10253,#10254)
    ,(#10255,#10256)
    ,(#10257,#10258)
    ,(#10259,#10260
    )),.UNSPECIFIED.,.F.,.F.,.F.,(8,8),(2,2),(0.,1.570796326795),(0.,1.)
  ,.PIECEWISE_BEZIER_KNOTS.);
#10245 = CARTESIAN_POINT('',(4.218304456995,3.018304425947,0.));
#10246 = CARTESIAN_POINT('',(3.459009654736,2.459009629976,
    88.812250327294));
#10247 = CARTESIAN_POINT('',(4.218304456995,3.287583796255,0.));
#10248 = CARTESIAN_POINT('',(3.459009654736,2.683409105232,
    88.812250327294));
#10249 = CARTESIAN_POINT('',(4.147805793133,3.556861863927,0.));
#10250 = CARTESIAN_POINT('',(3.400260768185,2.907807494959,
    88.812250327296));
#10251 = CARTESIAN_POINT('',(4.006819723638,3.804000754935,0.));
#10252 = CARTESIAN_POINT('',(3.282772376938,3.113756570799,
    88.812250327292));
#10253 = CARTESIAN_POINT('',(3.804000785983,4.00681969259,0.));
#10254 = CARTESIAN_POINT('',(3.113756595559,3.282772352178,
    88.812250327297));
#10255 = CARTESIAN_POINT('',(3.556861894976,4.147805762085,0.));
#10256 = CARTESIAN_POINT('',(2.90780751972,3.400260743424,
    88.812250327293));
#10257 = CARTESIAN_POINT('',(3.287583827303,4.218304425947,0.));
#10258 = CARTESIAN_POINT('',(2.683409129993,3.459009629976,
    88.812250327295));
#10259 = CARTESIAN_POINT('',(3.018304456995,4.218304425947,0.));
#10260 = CARTESIAN_POINT('',(2.459009654736,3.459009629976,
    88.812250327294));
#10261 = DEFINITIONAL_REPRESENTATION('',(#10262),#10266);
#10262 = LINE('',#10263,#10264);
#10263 = CARTESIAN_POINT('',(0.,0.));
#10264 = VECTOR('',#10265,1.);
#10265 = DIRECTION('',(0.,1.));
#10266 = ( GEOMETRIC_REPRESENTATION_CONTEXT(2) 
PARAMETRIC_REPRESENTATION_CONTEXT() REPRESENTATION_CONTEXT('2D SPACE',''
  ) );
#10267 = ORIENTED_EDGE('',*,*,#10268,.F.);
#10268 = EDGE_CURVE('',#10154,#10230,#10269,.T.);
#10269 = SURFACE_CURVE('',#10270,(#10274,#10280),.PCURVE_S1.);
#10270 = LINE('',#10271,#10272);
#10271 = CARTESIAN_POINT('',(3.459009654736,9.325873406851E-15,
    88.812250327294));
#10272 = VECTOR('',#10273,1.);
#10273 = DIRECTION('',(0.,1.,0.));
#10274 = PCURVE('',#10168,#10275);
#10275 = DEFINITIONAL_REPRESENTATION('',(#10276),#10279);
#10276 = B_SPLINE_CURVE_WITH_KNOTS('',1,(#10277,#10278),.UNSPECIFIED.,
  .F.,.F.,(2,2),(-2.459009654736,2.459009629976),
  .PIECEWISE_BEZIER_KNOTS.);
#10277 = CARTESIAN_POINT('',(-3.018304456995,1.));
#10278 = CARTESIAN_POINT('',(3.018304425947,1.));
#10279 = ( GEOMETRIC_REPRESENTATION_CONTEXT(2) 
PARAMETRIC_REPRESENTATION_CONTEXT() REPRESENTATION_CONTEXT('2D SPACE',''
  ) );
#10280 = PCURVE('',#9914,#10281);
#10281 = DEFINITIONAL_REPRESENTATION('',(#10282),#10286);
#10282 = LINE('',#10283,#10284);
#10283 = CARTESIAN_POINT('',(-5.918019309472,2.459009654736));
#10284 = VECTOR('',#10285,1.);
#10285 = DIRECTION('',(0.,1.));
#10286 = ( GEOMETRIC_REPRESENTATION_CONTEXT(2) 
PARAMETRIC_REPRESENTATION_CONTEXT() REPRESENTATION_CONTEXT('2D SPACE',''
  ) );
#10287 = ORIENTED_EDGE('',*,*,#10153,.F.);
#10288 = ADVANCED_FACE('',(#10289),#10244,.T.);
#10289 = FACE_BOUND('',#10290,.T.);
#10290 = EDGE_LOOP('',(#10291,#10315,#10342,#10364));
#10291 = ORIENTED_EDGE('',*,*,#10292,.T.);
#10292 = EDGE_CURVE('',#10207,#10293,#10295,.T.);
#10293 = VERTEX_POINT('',#10294);
#10294 = CARTESIAN_POINT('',(3.018304456995,4.218304441471,0.));
#10295 = SURFACE_CURVE('',#10296,(#10301,#10308),.PCURVE_S1.);
#10296 = CIRCLE('',#10297,1.2);
#10297 = AXIS2_PLACEMENT_3D('',#10298,#10299,#10300);
#10298 = CARTESIAN_POINT('',(3.018304456995,3.018304425947,0.));
#10299 = DIRECTION('',(0.,0.,1.));
#10300 = DIRECTION('',(1.,0.,0.));
#10301 = PCURVE('',#10244,#10302);
#10302 = DEFINITIONAL_REPRESENTATION('',(#10303),#10307);
#10303 = LINE('',#10304,#10305);
#10304 = CARTESIAN_POINT('',(0.,0.));
#10305 = VECTOR('',#10306,1.);
#10306 = DIRECTION('',(1.,0.));
#10307 = ( GEOMETRIC_REPRESENTATION_CONTEXT(2) 
PARAMETRIC_REPRESENTATION_CONTEXT() REPRESENTATION_CONTEXT('2D SPACE',''
  ) );
#10308 = PCURVE('',#9848,#10309);
#10309 = DEFINITIONAL_REPRESENTATION('',(#10310),#10314);
#10310 = CIRCLE('',#10311,1.2);
#10311 = AXIS2_PLACEMENT_2D('',#10312,#10313);
#10312 = CARTESIAN_POINT('',(6.036608913991,6.036608882943));
#10313 = DIRECTION('',(1.,0.));
#10314 = ( GEOMETRIC_REPRESENTATION_CONTEXT(2) 
PARAMETRIC_REPRESENTATION_CONTEXT() REPRESENTATION_CONTEXT('2D SPACE',''
  ) );
#10315 = ORIENTED_EDGE('',*,*,#10316,.T.);
#10316 = EDGE_CURVE('',#10293,#10317,#10319,.T.);
#10317 = VERTEX_POINT('',#10318);
#10318 = CARTESIAN_POINT('',(2.459009654736,3.459009642356,
    88.812250327294));
#10319 = SURFACE_CURVE('',#10320,(#10323,#10330),.PCURVE_S1.);
#10320 = B_SPLINE_CURVE_WITH_KNOTS('',1,(#10321,#10322),.UNSPECIFIED.,
  .F.,.F.,(2,2),(0.,1.),.PIECEWISE_BEZIER_KNOTS.);
#10321 = CARTESIAN_POINT('',(3.018304456995,4.218304425947,0.));
#10322 = CARTESIAN_POINT('',(2.459009654736,3.459009629976,
    88.812250327294));
#10323 = PCURVE('',#10244,#10324);
#10324 = DEFINITIONAL_REPRESENTATION('',(#10325),#10329);
#10325 = LINE('',#10326,#10327);
#10326 = CARTESIAN_POINT('',(1.570796326795,0.));
#10327 = VECTOR('',#10328,1.);
#10328 = DIRECTION('',(0.,1.));
#10329 = ( GEOMETRIC_REPRESENTATION_CONTEXT(2) 
PARAMETRIC_REPRESENTATION_CONTEXT() REPRESENTATION_CONTEXT('2D SPACE',''
  ) );
#10330 = PCURVE('',#10331,#10336);
#10331 = B_SPLINE_SURFACE_WITH_KNOTS('',1,1,(
    (#10332,#10333)
    ,(#10334,#10335
    )),.UNSPECIFIED.,.F.,.F.,.F.,(2,2),(2,2),(-3.018304456995,
    3.018304456995),(0.,1.),.PIECEWISE_BEZIER_KNOTS.);
#10332 = CARTESIAN_POINT('',(3.018304456995,4.218304456995,0.));
#10333 = CARTESIAN_POINT('',(2.459009654736,3.459009654736,
    88.812250327294));
#10334 = CARTESIAN_POINT('',(-3.018304456995,4.218304456995,0.));
#10335 = CARTESIAN_POINT('',(-2.459009654736,3.459009654736,
    88.812250327294));
#10336 = DEFINITIONAL_REPRESENTATION('',(#10337),#10341);
#10337 = LINE('',#10338,#10339);
#10338 = CARTESIAN_POINT('',(-3.018304456995,0.));
#10339 = VECTOR('',#10340,1.);
#10340 = DIRECTION('',(0.,1.));
#10341 = ( GEOMETRIC_REPRESENTATION_CONTEXT(2) 
PARAMETRIC_REPRESENTATION_CONTEXT() REPRESENTATION_CONTEXT('2D SPACE',''
  ) );
#10342 = ORIENTED_EDGE('',*,*,#10343,.T.);
#10343 = EDGE_CURVE('',#10317,#10230,#10344,.T.);
#10344 = SURFACE_CURVE('',#10345,(#10350,#10357),.PCURVE_S1.);
#10345 = CIRCLE('',#10346,1.);
#10346 = AXIS2_PLACEMENT_3D('',#10347,#10348,#10349);
#10347 = CARTESIAN_POINT('',(2.459009654736,2.459009629976,
    88.812250327294));
#10348 = DIRECTION('',(0.,0.,-1.));
#10349 = DIRECTION('',(-1.,0.,0.));
#10350 = PCURVE('',#10244,#10351);
#10351 = DEFINITIONAL_REPRESENTATION('',(#10352),#10356);
#10352 = LINE('',#10353,#10354);
#10353 = CARTESIAN_POINT('',(3.14159265359,1.));
#10354 = VECTOR('',#10355,1.);
#10355 = DIRECTION('',(-1.,0.));
#10356 = ( GEOMETRIC_REPRESENTATION_CONTEXT(2) 
PARAMETRIC_REPRESENTATION_CONTEXT() REPRESENTATION_CONTEXT('2D SPACE',''
  ) );
#10357 = PCURVE('',#9914,#10358);
#10358 = DEFINITIONAL_REPRESENTATION('',(#10359),#10363);
#10359 = CIRCLE('',#10360,1.);
#10360 = AXIS2_PLACEMENT_2D('',#10361,#10362);
#10361 = CARTESIAN_POINT('',(-4.918019309472,4.918019284712));
#10362 = DIRECTION('',(1.,0.));
#10363 = ( GEOMETRIC_REPRESENTATION_CONTEXT(2) 
PARAMETRIC_REPRESENTATION_CONTEXT() REPRESENTATION_CONTEXT('2D SPACE',''
  ) );
#10364 = ORIENTED_EDGE('',*,*,#10229,.F.);
#10365 = ADVANCED_FACE('',(#10366),#10331,.T.);
#10366 = FACE_BOUND('',#10367,.T.);
#10367 = EDGE_LOOP('',(#10368,#10391,#10413,#10433));
#10368 = ORIENTED_EDGE('',*,*,#10369,.F.);
#10369 = EDGE_CURVE('',#10370,#10293,#10372,.T.);
#10370 = VERTEX_POINT('',#10371);
#10371 = CARTESIAN_POINT('',(-3.018304456995,4.218304441471,0.));
#10372 = SURFACE_CURVE('',#10373,(#10377,#10384),.PCURVE_S1.);
#10373 = LINE('',#10374,#10375);
#10374 = CARTESIAN_POINT('',(0.,4.218304456995,0.));
#10375 = VECTOR('',#10376,1.);
#10376 = DIRECTION('',(1.,0.,0.));
#10377 = PCURVE('',#10331,#10378);
#10378 = DEFINITIONAL_REPRESENTATION('',(#10379),#10383);
#10379 = LINE('',#10380,#10381);
#10380 = CARTESIAN_POINT('',(0.,0.));
#10381 = VECTOR('',#10382,1.);
#10382 = DIRECTION('',(-1.,0.));
#10383 = ( GEOMETRIC_REPRESENTATION_CONTEXT(2) 
PARAMETRIC_REPRESENTATION_CONTEXT() REPRESENTATION_CONTEXT('2D SPACE',''
  ) );
#10384 = PCURVE('',#9848,#10385);
#10385 = DEFINITIONAL_REPRESENTATION('',(#10386),#10390);
#10386 = LINE('',#10387,#10388);
#10387 = CARTESIAN_POINT('',(3.018304456995,7.236608913991));
#10388 = VECTOR('',#10389,1.);
#10389 = DIRECTION('',(1.,0.));
#10390 = ( GEOMETRIC_REPRESENTATION_CONTEXT(2) 
PARAMETRIC_REPRESENTATION_CONTEXT() REPRESENTATION_CONTEXT('2D SPACE',''
  ) );
#10391 = ORIENTED_EDGE('',*,*,#10392,.T.);
#10392 = EDGE_CURVE('',#10370,#10393,#10395,.T.);
#10393 = VERTEX_POINT('',#10394);
#10394 = CARTESIAN_POINT('',(-2.459009654736,3.459009642356,
    88.812250327294));
#10395 = SURFACE_CURVE('',#10396,(#10399,#10406),.PCURVE_S1.);
#10396 = B_SPLINE_CURVE_WITH_KNOTS('',1,(#10397,#10398),.UNSPECIFIED.,
  .F.,.F.,(2,2),(0.,1.),.PIECEWISE_BEZIER_KNOTS.);
#10397 = CARTESIAN_POINT('',(-3.018304456995,4.218304456995,0.));
#10398 = CARTESIAN_POINT('',(-2.459009654736,3.459009654736,
    88.812250327294));
#10399 = PCURVE('',#10331,#10400);
#10400 = DEFINITIONAL_REPRESENTATION('',(#10401),#10405);
#10401 = LINE('',#10402,#10403);
#10402 = CARTESIAN_POINT('',(3.018304456995,0.));
#10403 = VECTOR('',#10404,1.);
#10404 = DIRECTION('',(0.,1.));
#10405 = ( GEOMETRIC_REPRESENTATION_CONTEXT(2) 
PARAMETRIC_REPRESENTATION_CONTEXT() REPRESENTATION_CONTEXT('2D SPACE',''
  ) );
#10406 = PCURVE('',#9939,#10407);
#10407 = DEFINITIONAL_REPRESENTATION('',(#10408),#10412);
#10408 = LINE('',#10409,#10410);
#10409 = CARTESIAN_POINT('',(1.570796326795,0.));
#10410 = VECTOR('',#10411,1.);
#10411 = DIRECTION('',(0.,1.));
#10412 = ( GEOMETRIC_REPRESENTATION_CONTEXT(2) 
PARAMETRIC_REPRESENTATION_CONTEXT() REPRESENTATION_CONTEXT('2D SPACE',''
  ) );
#10413 = ORIENTED_EDGE('',*,*,#10414,.T.);
#10414 = EDGE_CURVE('',#10393,#10317,#10415,.T.);
#10415 = SURFACE_CURVE('',#10416,(#10420,#10426),.PCURVE_S1.);
#10416 = LINE('',#10417,#10418);
#10417 = CARTESIAN_POINT('',(0.,3.459009654736,88.812250327294));
#10418 = VECTOR('',#10419,1.);
#10419 = DIRECTION('',(1.,0.,0.));
#10420 = PCURVE('',#10331,#10421);
#10421 = DEFINITIONAL_REPRESENTATION('',(#10422),#10425);
#10422 = B_SPLINE_CURVE_WITH_KNOTS('',1,(#10423,#10424),.UNSPECIFIED.,
  .F.,.F.,(2,2),(-2.459009654736,2.459009654736),
  .PIECEWISE_BEZIER_KNOTS.);
#10423 = CARTESIAN_POINT('',(3.018304456995,1.));
#10424 = CARTESIAN_POINT('',(-3.018304456995,1.));
#10425 = ( GEOMETRIC_REPRESENTATION_CONTEXT(2) 
PARAMETRIC_REPRESENTATION_CONTEXT() REPRESENTATION_CONTEXT('2D SPACE',''
  ) );
#10426 = PCURVE('',#9914,#10427);
#10427 = DEFINITIONAL_REPRESENTATION('',(#10428),#10432);
#10428 = LINE('',#10429,#10430);
#10429 = CARTESIAN_POINT('',(-2.459009654736,5.918019309472));
#10430 = VECTOR('',#10431,1.);
#10431 = DIRECTION('',(-1.,0.));
#10432 = ( GEOMETRIC_REPRESENTATION_CONTEXT(2) 
PARAMETRIC_REPRESENTATION_CONTEXT() REPRESENTATION_CONTEXT('2D SPACE',''
  ) );
#10433 = ORIENTED_EDGE('',*,*,#10316,.F.);
#10434 = ADVANCED_FACE('',(#10435),#9939,.T.);
#10435 = FACE_BOUND('',#10436,.T.);
#10436 = EDGE_LOOP('',(#10437,#10459,#10460,#10482));
#10437 = ORIENTED_EDGE('',*,*,#10438,.T.);
#10438 = EDGE_CURVE('',#10370,#9828,#10439,.T.);
#10439 = SURFACE_CURVE('',#10440,(#10445,#10452),.PCURVE_S1.);
#10440 = CIRCLE('',#10441,1.2);
#10441 = AXIS2_PLACEMENT_3D('',#10442,#10443,#10444);
#10442 = CARTESIAN_POINT('',(-3.018304456995,3.018304425947,0.));
#10443 = DIRECTION('',(0.,0.,1.));
#10444 = DIRECTION('',(1.,0.,0.));
#10445 = PCURVE('',#9939,#10446);
#10446 = DEFINITIONAL_REPRESENTATION('',(#10447),#10451);
#10447 = LINE('',#10448,#10449);
#10448 = CARTESIAN_POINT('',(0.,0.));
#10449 = VECTOR('',#10450,1.);
#10450 = DIRECTION('',(1.,0.));
#10451 = ( GEOMETRIC_REPRESENTATION_CONTEXT(2) 
PARAMETRIC_REPRESENTATION_CONTEXT() REPRESENTATION_CONTEXT('2D SPACE',''
  ) );
#10452 = PCURVE('',#9848,#10453);
#10453 = DEFINITIONAL_REPRESENTATION('',(#10454),#10458);
#10454 = CIRCLE('',#10455,1.2);
#10455 = AXIS2_PLACEMENT_2D('',#10456,#10457);
#10456 = CARTESIAN_POINT('',(0.,6.036608882943));
#10457 = DIRECTION('',(1.,0.));
#10458 = ( GEOMETRIC_REPRESENTATION_CONTEXT(2) 
PARAMETRIC_REPRESENTATION_CONTEXT() REPRESENTATION_CONTEXT('2D SPACE',''
  ) );
#10459 = ORIENTED_EDGE('',*,*,#9926,.T.);
#10460 = ORIENTED_EDGE('',*,*,#10461,.T.);
#10461 = EDGE_CURVE('',#9900,#10393,#10462,.T.);
#10462 = SURFACE_CURVE('',#10463,(#10468,#10475),.PCURVE_S1.);
#10463 = CIRCLE('',#10464,1.);
#10464 = AXIS2_PLACEMENT_3D('',#10465,#10466,#10467);
#10465 = CARTESIAN_POINT('',(-2.459009654736,2.459009629976,
    88.812250327294));
#10466 = DIRECTION('',(0.,0.,-1.));
#10467 = DIRECTION('',(-1.,0.,0.));
#10468 = PCURVE('',#9939,#10469);
#10469 = DEFINITIONAL_REPRESENTATION('',(#10470),#10474);
#10470 = LINE('',#10471,#10472);
#10471 = CARTESIAN_POINT('',(3.14159265359,1.));
#10472 = VECTOR('',#10473,1.);
#10473 = DIRECTION('',(-1.,0.));
#10474 = ( GEOMETRIC_REPRESENTATION_CONTEXT(2) 
PARAMETRIC_REPRESENTATION_CONTEXT() REPRESENTATION_CONTEXT('2D SPACE',''
  ) );
#10475 = PCURVE('',#9914,#10476);
#10476 = DEFINITIONAL_REPRESENTATION('',(#10477),#10481);
#10477 = CIRCLE('',#10478,1.);
#10478 = AXIS2_PLACEMENT_2D('',#10479,#10480);
#10479 = CARTESIAN_POINT('',(0.,4.918019284712));
#10480 = DIRECTION('',(1.,0.));
#10481 = ( GEOMETRIC_REPRESENTATION_CONTEXT(2) 
PARAMETRIC_REPRESENTATION_CONTEXT() REPRESENTATION_CONTEXT('2D SPACE',''
  ) );
#10482 = ORIENTED_EDGE('',*,*,#10392,.F.);
#10483 = ADVANCED_FACE('',(#10484),#9848,.F.);
#10484 = FACE_BOUND('',#10485,.F.);
#10485 = EDGE_LOOP('',(#10486,#10487,#10488,#10489,#10490,#10491,#10492,
    #10493));
#10486 = ORIENTED_EDGE('',*,*,#9825,.F.);
#10487 = ORIENTED_EDGE('',*,*,#9966,.T.);
#10488 = ORIENTED_EDGE('',*,*,#10043,.T.);
#10489 = ORIENTED_EDGE('',*,*,#10129,.T.);
#10490 = ORIENTED_EDGE('',*,*,#10206,.T.);
#10491 = ORIENTED_EDGE('',*,*,#10292,.T.);
#10492 = ORIENTED_EDGE('',*,*,#10369,.F.);
#10493 = ORIENTED_EDGE('',*,*,#10438,.T.);
#10494 = ADVANCED_FACE('',(#10495),#9914,.F.);
#10495 = FACE_BOUND('',#10496,.T.);
#10496 = EDGE_LOOP('',(#10497,#10498,#10499,#10500,#10501,#10502,#10503,
    #10504));
#10497 = ORIENTED_EDGE('',*,*,#9899,.F.);
#10498 = ORIENTED_EDGE('',*,*,#10017,.F.);
#10499 = ORIENTED_EDGE('',*,*,#10105,.T.);
#10500 = ORIENTED_EDGE('',*,*,#10180,.F.);
#10501 = ORIENTED_EDGE('',*,*,#10268,.T.);
#10502 = ORIENTED_EDGE('',*,*,#10343,.F.);
#10503 = ORIENTED_EDGE('',*,*,#10414,.F.);
#10504 = ORIENTED_EDGE('',*,*,#10461,.F.);
#10505 = ( GEOMETRIC_REPRESENTATION_CONTEXT(3) 
GLOBAL_UNCERTAINTY_ASSIGNED_CONTEXT((#10509)) 
GLOBAL_UNIT_ASSIGNED_CONTEXT((#10506,#10507,#10508)) 
REPRESENTATION_CONTEXT('Context #1',
  '3D Context with UNIT and UNCERTAINTY') );
#10506 = ( LENGTH_UNIT() NAMED_UNIT(*) SI_UNIT(.MILLI.,.METRE.) );
#10507 = ( NAMED_UNIT(*) PLANE_ANGLE_UNIT() SI_UNIT($,.RADIAN.) );
#10508 = ( NAMED_UNIT(*) SI_UNIT($,.STERADIAN.) SOLID_ANGLE_UNIT() );
#10509 = UNCERTAINTY_MEASURE_WITH_UNIT(LENGTH_MEASURE(1.E-07),#10506,
  'distance_accuracy_value','confusion accuracy');
#10510 = CONTEXT_DEPENDENT_SHAPE_REPRESENTATION(#10511,#10513);
#10511 = ( REPRESENTATION_RELATIONSHIP('','',#9818,#10) 
REPRESENTATION_RELATIONSHIP_WITH_TRANSFORMATION(#10512) 
SHAPE_REPRESENTATION_RELATIONSHIP() );
#10512 = ITEM_DEFINED_TRANSFORMATION('','',#11,#59);
#10513 = PRODUCT_DEFINITION_SHAPE('Placement','Placement of an item',
  #10514);
#10514 = NEXT_ASSEMBLY_USAGE_OCCURRENCE('12','fry_06','',#5,#9813,$);
#10515 = PRODUCT_RELATED_PRODUCT_CATEGORY('part',$,(#9815));
#10516 = SHAPE_DEFINITION_REPRESENTATION(#10517,#10523);
#10517 = PRODUCT_DEFINITION_SHAPE('','',#10518);
#10518 = PRODUCT_DEFINITION('design','',#10519,#10522);
#10519 = PRODUCT_DEFINITION_FORMATION('','',#10520);
#10520 = PRODUCT('fry_07','fry_07','',(#10521));
#10521 = PRODUCT_CONTEXT('',#2,'mechanical');
#10522 = PRODUCT_DEFINITION_CONTEXT('part definition',#2,'design');
#10523 = ADVANCED_BREP_SHAPE_REPRESENTATION('',(#11,#10524),#11210);
#10524 = MANIFOLD_SOLID_BREP('',#10525);
#10525 = CLOSED_SHELL('',(#10526,#10667,#10744,#10830,#10907,#10993,
    #11070,#11139,#11188,#11199));
#10526 = ADVANCED_FACE('',(#10527),#10541,.T.);
#10527 = FACE_BOUND('',#10528,.T.);
#10528 = EDGE_LOOP('',(#10529,#10564,#10603,#10630));
#10529 = ORIENTED_EDGE('',*,*,#10530,.F.);
#10530 = EDGE_CURVE('',#10531,#10533,#10535,.T.);
#10531 = VERTEX_POINT('',#10532);
#10532 = CARTESIAN_POINT('',(-4.749107949367,-3.549107949367,0.));
#10533 = VERTEX_POINT('',#10534);
#10534 = CARTESIAN_POINT('',(-4.749107949367,3.549107907017,0.));
#10535 = SURFACE_CURVE('',#10536,(#10540,#10552),.PCURVE_S1.);
#10536 = LINE('',#10537,#10538);
#10537 = CARTESIAN_POINT('',(-4.749107949367,1.909583602355E-14,0.));
#10538 = VECTOR('',#10539,1.);
#10539 = DIRECTION('',(0.,1.,0.));
#10540 = PCURVE('',#10541,#10546);
#10541 = B_SPLINE_SURFACE_WITH_KNOTS('',1,1,(
    (#10542,#10543)
    ,(#10544,#10545
    )),.UNSPECIFIED.,.F.,.F.,.F.,(2,2),(2,2),(-3.549107907017,
    3.549107949367),(0.,1.),.PIECEWISE_BEZIER_KNOTS.);
#10542 = CARTESIAN_POINT('',(-4.749107949367,3.549107907017,0.));
#10543 = CARTESIAN_POINT('',(-3.894268518481,2.894268484607,
    62.101493581231));
#10544 = CARTESIAN_POINT('',(-4.749107949367,-3.549107949367,0.));
#10545 = CARTESIAN_POINT('',(-3.894268518481,-2.894268518481,
    62.101493581231));
#10546 = DEFINITIONAL_REPRESENTATION('',(#10547),#10551);
#10547 = LINE('',#10548,#10549);
#10548 = CARTESIAN_POINT('',(0.,0.));
#10549 = VECTOR('',#10550,1.);
#10550 = DIRECTION('',(-1.,0.));
#10551 = ( GEOMETRIC_REPRESENTATION_CONTEXT(2) 
PARAMETRIC_REPRESENTATION_CONTEXT() REPRESENTATION_CONTEXT('2D SPACE',''
  ) );
#10552 = PCURVE('',#10553,#10558);
#10553 = PLANE('',#10554);
#10554 = AXIS2_PLACEMENT_3D('',#10555,#10556,#10557);
#10555 = CARTESIAN_POINT('',(-3.549107949367,-3.549107949367,0.));
#10556 = DIRECTION('',(0.,0.,-1.));
#10557 = DIRECTION('',(-1.,0.,0.));
#10558 = DEFINITIONAL_REPRESENTATION('',(#10559),#10563);
#10559 = LINE('',#10560,#10561);
#10560 = CARTESIAN_POINT('',(1.2,3.549107949367));
#10561 = VECTOR('',#10562,1.);
#10562 = DIRECTION('',(0.,1.));
#10563 = ( GEOMETRIC_REPRESENTATION_CONTEXT(2) 
PARAMETRIC_REPRESENTATION_CONTEXT() REPRESENTATION_CONTEXT('2D SPACE',''
  ) );
#10564 = ORIENTED_EDGE('',*,*,#10565,.T.);
#10565 = EDGE_CURVE('',#10531,#10566,#10568,.T.);
#10566 = VERTEX_POINT('',#10567);
#10567 = CARTESIAN_POINT('',(-3.894268518481,-2.894268518481,
    62.101493581231));
#10568 = SURFACE_CURVE('',#10569,(#10572,#10579),.PCURVE_S1.);
#10569 = B_SPLINE_CURVE_WITH_KNOTS('',1,(#10570,#10571),.UNSPECIFIED.,
  .F.,.F.,(2,2),(0.,1.),.PIECEWISE_BEZIER_KNOTS.);
#10570 = CARTESIAN_POINT('',(-4.749107949367,-3.549107949367,0.));
#10571 = CARTESIAN_POINT('',(-3.894268518481,-2.894268518481,
    62.101493581231));
#10572 = PCURVE('',#10541,#10573);
#10573 = DEFINITIONAL_REPRESENTATION('',(#10574),#10578);
#10574 = LINE('',#10575,#10576);
#10575 = CARTESIAN_POINT('',(3.549107949367,0.));
#10576 = VECTOR('',#10577,1.);
#10577 = DIRECTION('',(0.,1.));
#10578 = ( GEOMETRIC_REPRESENTATION_CONTEXT(2) 
PARAMETRIC_REPRESENTATION_CONTEXT() REPRESENTATION_CONTEXT('2D SPACE',''
  ) );
#10579 = PCURVE('',#10580,#10597);
#10580 = B_SPLINE_SURFACE_WITH_KNOTS('',7,1,(
    (#10581,#10582)
    ,(#10583,#10584)
    ,(#10585,#10586)
    ,(#10587,#10588)
    ,(#10589,#10590)
    ,(#10591,#10592)
    ,(#10593,#10594)
    ,(#10595,#10596
    )),.UNSPECIFIED.,.F.,.F.,.F.,(8,8),(2,2),(0.,1.570796326795),(0.,1.)
  ,.PIECEWISE_BEZIER_KNOTS.);
#10581 = CARTESIAN_POINT('',(-4.749107949367,-3.549107949367,0.));
#10582 = CARTESIAN_POINT('',(-3.894268518481,-2.894268518481,
    62.101493581231));
#10583 = CARTESIAN_POINT('',(-4.749107949367,-3.818387319674,0.));
#10584 = CARTESIAN_POINT('',(-3.894268518481,-3.118667993737,
    62.10149358123));
#10585 = CARTESIAN_POINT('',(-4.678609285505,-4.087665387347,0.));
#10586 = CARTESIAN_POINT('',(-3.835519631929,-3.343066383464,
    62.101493581232));
#10587 = CARTESIAN_POINT('',(-4.53762321601,-4.334804278354,0.));
#10588 = CARTESIAN_POINT('',(-3.718031240683,-3.549015459304,
    62.101493581228));
#10589 = CARTESIAN_POINT('',(-4.334804278354,-4.537623216009,0.));
#10590 = CARTESIAN_POINT('',(-3.549015459304,-3.718031240683,
    62.101493581233));
#10591 = CARTESIAN_POINT('',(-4.087665387347,-4.678609285505,0.));
#10592 = CARTESIAN_POINT('',(-3.343066383464,-3.835519631929,
    62.101493581229));
#10593 = CARTESIAN_POINT('',(-3.818387319674,-4.749107949367,0.));
#10594 = CARTESIAN_POINT('',(-3.118667993737,-3.894268518481,
    62.101493581231));
#10595 = CARTESIAN_POINT('',(-3.549107949367,-4.749107949367,0.));
#10596 = CARTESIAN_POINT('',(-2.894268518481,-3.894268518481,
    62.101493581231));
#10597 = DEFINITIONAL_REPRESENTATION('',(#10598),#10602);
#10598 = LINE('',#10599,#10600);
#10599 = CARTESIAN_POINT('',(0.,0.));
#10600 = VECTOR('',#10601,1.);
#10601 = DIRECTION('',(0.,1.));
#10602 = ( GEOMETRIC_REPRESENTATION_CONTEXT(2) 
PARAMETRIC_REPRESENTATION_CONTEXT() REPRESENTATION_CONTEXT('2D SPACE',''
  ) );
#10603 = ORIENTED_EDGE('',*,*,#10604,.T.);
#10604 = EDGE_CURVE('',#10566,#10605,#10607,.T.);
#10605 = VERTEX_POINT('',#10606);
#10606 = CARTESIAN_POINT('',(-3.894268518481,2.894268484607,
    62.101493581231));
#10607 = SURFACE_CURVE('',#10608,(#10612,#10618),.PCURVE_S1.);
#10608 = LINE('',#10609,#10610);
#10609 = CARTESIAN_POINT('',(-3.894268518481,1.443289932013E-14,
    62.101493581231));
#10610 = VECTOR('',#10611,1.);
#10611 = DIRECTION('',(0.,1.,0.));
#10612 = PCURVE('',#10541,#10613);
#10613 = DEFINITIONAL_REPRESENTATION('',(#10614),#10617);
#10614 = B_SPLINE_CURVE_WITH_KNOTS('',1,(#10615,#10616),.UNSPECIFIED.,
  .F.,.F.,(2,2),(-2.894268518481,2.894268484607),
  .PIECEWISE_BEZIER_KNOTS.);
#10615 = CARTESIAN_POINT('',(3.549107949367,1.));
#10616 = CARTESIAN_POINT('',(-3.549107907017,1.));
#10617 = ( GEOMETRIC_REPRESENTATION_CONTEXT(2) 
PARAMETRIC_REPRESENTATION_CONTEXT() REPRESENTATION_CONTEXT('2D SPACE',''
  ) );
#10618 = PCURVE('',#10619,#10624);
#10619 = PLANE('',#10620);
#10620 = AXIS2_PLACEMENT_3D('',#10621,#10622,#10623);
#10621 = CARTESIAN_POINT('',(-2.894268518481,-2.894268518481,
    62.101493581231));
#10622 = DIRECTION('',(0.,0.,1.));
#10623 = DIRECTION('',(1.,0.,0.));
#10624 = DEFINITIONAL_REPRESENTATION('',(#10625),#10629);
#10625 = LINE('',#10626,#10627);
#10626 = CARTESIAN_POINT('',(-1.,2.894268518481));
#10627 = VECTOR('',#10628,1.);
#10628 = DIRECTION('',(0.,1.));
#10629 = ( GEOMETRIC_REPRESENTATION_CONTEXT(2) 
PARAMETRIC_REPRESENTATION_CONTEXT() REPRESENTATION_CONTEXT('2D SPACE',''
  ) );
#10630 = ORIENTED_EDGE('',*,*,#10631,.F.);
#10631 = EDGE_CURVE('',#10533,#10605,#10632,.T.);
#10632 = SURFACE_CURVE('',#10633,(#10636,#10643),.PCURVE_S1.);
#10633 = B_SPLINE_CURVE_WITH_KNOTS('',1,(#10634,#10635),.UNSPECIFIED.,
  .F.,.F.,(2,2),(0.,1.),.PIECEWISE_BEZIER_KNOTS.);
#10634 = CARTESIAN_POINT('',(-4.749107949367,3.549107907017,0.));
#10635 = CARTESIAN_POINT('',(-3.894268518481,2.894268484607,
    62.101493581231));
#10636 = PCURVE('',#10541,#10637);
#10637 = DEFINITIONAL_REPRESENTATION('',(#10638),#10642);
#10638 = LINE('',#10639,#10640);
#10639 = CARTESIAN_POINT('',(-3.549107907017,0.));
#10640 = VECTOR('',#10641,1.);
#10641 = DIRECTION('',(0.,1.));
#10642 = ( GEOMETRIC_REPRESENTATION_CONTEXT(2) 
PARAMETRIC_REPRESENTATION_CONTEXT() REPRESENTATION_CONTEXT('2D SPACE',''
  ) );
#10643 = PCURVE('',#10644,#10661);
#10644 = B_SPLINE_SURFACE_WITH_KNOTS('',7,1,(
    (#10645,#10646)
    ,(#10647,#10648)
    ,(#10649,#10650)
    ,(#10651,#10652)
    ,(#10653,#10654)
    ,(#10655,#10656)
    ,(#10657,#10658)
    ,(#10659,#10660
    )),.UNSPECIFIED.,.F.,.F.,.F.,(8,8),(2,2),(4.712388980385,
    6.28318530718),(0.,1.),.PIECEWISE_BEZIER_KNOTS.);
#10645 = CARTESIAN_POINT('',(-3.549107949367,4.749107907017,0.));
#10646 = CARTESIAN_POINT('',(-2.894268518481,3.894268484607,
    62.101493581231));
#10647 = CARTESIAN_POINT('',(-3.818387319675,4.749107907017,0.));
#10648 = CARTESIAN_POINT('',(-3.118667993737,3.894268484607,
    62.101493581231));
#10649 = CARTESIAN_POINT('',(-4.087665387347,4.678609243155,0.));
#10650 = CARTESIAN_POINT('',(-3.343066383464,3.835519598056,
    62.10149358123));
#10651 = CARTESIAN_POINT('',(-4.334804278354,4.53762317366,0.));
#10652 = CARTESIAN_POINT('',(-3.549015459304,3.71803120681,
    62.101493581233));
#10653 = CARTESIAN_POINT('',(-4.537623216009,4.334804236004,0.));
#10654 = CARTESIAN_POINT('',(-3.718031240683,3.54901542543,
    62.101493581229));
#10655 = CARTESIAN_POINT('',(-4.678609285505,4.087665344997,0.));
#10656 = CARTESIAN_POINT('',(-3.835519631929,3.343066349591,
    62.101493581232));
#10657 = CARTESIAN_POINT('',(-4.749107949367,3.818387277325,0.));
#10658 = CARTESIAN_POINT('',(-3.894268518481,3.118667959864,
    62.10149358123));
#10659 = CARTESIAN_POINT('',(-4.749107949367,3.549107907017,0.));
#10660 = CARTESIAN_POINT('',(-3.894268518481,2.894268484607,
    62.101493581231));
#10661 = DEFINITIONAL_REPRESENTATION('',(#10662),#10666);
#10662 = LINE('',#10663,#10664);
#10663 = CARTESIAN_POINT('',(6.28318530718,0.));
#10664 = VECTOR('',#10665,1.);
#10665 = DIRECTION('',(0.,1.));
#10666 = ( GEOMETRIC_REPRESENTATION_CONTEXT(2) 
PARAMETRIC_REPRESENTATION_CONTEXT() REPRESENTATION_CONTEXT('2D SPACE',''
  ) );
#10667 = ADVANCED_FACE('',(#10668),#10580,.T.);
#10668 = FACE_BOUND('',#10669,.T.);
#10669 = EDGE_LOOP('',(#10670,#10694,#10721,#10743));
#10670 = ORIENTED_EDGE('',*,*,#10671,.F.);
#10671 = EDGE_CURVE('',#10672,#10531,#10674,.T.);
#10672 = VERTEX_POINT('',#10673);
#10673 = CARTESIAN_POINT('',(-3.549107949367,-4.749107949367,0.));
#10674 = SURFACE_CURVE('',#10675,(#10680,#10687),.PCURVE_S1.);
#10675 = CIRCLE('',#10676,1.2);
#10676 = AXIS2_PLACEMENT_3D('',#10677,#10678,#10679);
#10677 = CARTESIAN_POINT('',(-3.549107949367,-3.549107949367,0.));
#10678 = DIRECTION('',(0.,0.,-1.));
#10679 = DIRECTION('',(-1.,0.,0.));
#10680 = PCURVE('',#10580,#10681);
#10681 = DEFINITIONAL_REPRESENTATION('',(#10682),#10686);
#10682 = LINE('',#10683,#10684);
#10683 = CARTESIAN_POINT('',(6.28318530718,0.));
#10684 = VECTOR('',#10685,1.);
#10685 = DIRECTION('',(-1.,0.));
#10686 = ( GEOMETRIC_REPRESENTATION_CONTEXT(2) 
PARAMETRIC_REPRESENTATION_CONTEXT() REPRESENTATION_CONTEXT('2D SPACE',''
  ) );
#10687 = PCURVE('',#10553,#10688);
#10688 = DEFINITIONAL_REPRESENTATION('',(#10689),#10693);
#10689 = CIRCLE('',#10690,1.2);
#10690 = AXIS2_PLACEMENT_2D('',#10691,#10692);
#10691 = CARTESIAN_POINT('',(0.,0.));
#10692 = DIRECTION('',(1.,0.));
#10693 = ( GEOMETRIC_REPRESENTATION_CONTEXT(2) 
PARAMETRIC_REPRESENTATION_CONTEXT() REPRESENTATION_CONTEXT('2D SPACE',''
  ) );
#10694 = ORIENTED_EDGE('',*,*,#10695,.T.);
#10695 = EDGE_CURVE('',#10672,#10696,#10698,.T.);
#10696 = VERTEX_POINT('',#10697);
#10697 = CARTESIAN_POINT('',(-2.894268518481,-3.894268518481,
    62.101493581231));
#10698 = SURFACE_CURVE('',#10699,(#10702,#10709),.PCURVE_S1.);
#10699 = B_SPLINE_CURVE_WITH_KNOTS('',1,(#10700,#10701),.UNSPECIFIED.,
  .F.,.F.,(2,2),(0.,1.),.PIECEWISE_BEZIER_KNOTS.);
#10700 = CARTESIAN_POINT('',(-3.549107949367,-4.749107949367,0.));
#10701 = CARTESIAN_POINT('',(-2.894268518481,-3.894268518481,
    62.101493581231));
#10702 = PCURVE('',#10580,#10703);
#10703 = DEFINITIONAL_REPRESENTATION('',(#10704),#10708);
#10704 = LINE('',#10705,#10706);
#10705 = CARTESIAN_POINT('',(1.570796326795,0.));
#10706 = VECTOR('',#10707,1.);
#10707 = DIRECTION('',(0.,1.));
#10708 = ( GEOMETRIC_REPRESENTATION_CONTEXT(2) 
PARAMETRIC_REPRESENTATION_CONTEXT() REPRESENTATION_CONTEXT('2D SPACE',''
  ) );
#10709 = PCURVE('',#10710,#10715);
#10710 = B_SPLINE_SURFACE_WITH_KNOTS('',1,1,(
    (#10711,#10712)
    ,(#10713,#10714
    )),.UNSPECIFIED.,.F.,.F.,.F.,(2,2),(2,2),(-3.549107949367,
    3.549107907017),(0.,1.),.PIECEWISE_BEZIER_KNOTS.);
#10711 = CARTESIAN_POINT('',(-3.549107949367,-4.749107949367,0.));
#10712 = CARTESIAN_POINT('',(-2.894268518481,-3.894268518481,
    62.101493581231));
#10713 = CARTESIAN_POINT('',(3.549107907017,-4.749107949367,0.));
#10714 = CARTESIAN_POINT('',(2.894268484607,-3.894268518481,
    62.101493581231));
#10715 = DEFINITIONAL_REPRESENTATION('',(#10716),#10720);
#10716 = LINE('',#10717,#10718);
#10717 = CARTESIAN_POINT('',(-3.549107949367,0.));
#10718 = VECTOR('',#10719,1.);
#10719 = DIRECTION('',(0.,1.));
#10720 = ( GEOMETRIC_REPRESENTATION_CONTEXT(2) 
PARAMETRIC_REPRESENTATION_CONTEXT() REPRESENTATION_CONTEXT('2D SPACE',''
  ) );
#10721 = ORIENTED_EDGE('',*,*,#10722,.F.);
#10722 = EDGE_CURVE('',#10566,#10696,#10723,.T.);
#10723 = SURFACE_CURVE('',#10724,(#10729,#10736),.PCURVE_S1.);
#10724 = CIRCLE('',#10725,1.);
#10725 = AXIS2_PLACEMENT_3D('',#10726,#10727,#10728);
#10726 = CARTESIAN_POINT('',(-2.894268518481,-2.894268518481,
    62.101493581231));
#10727 = DIRECTION('',(0.,0.,1.));
#10728 = DIRECTION('',(1.,0.,0.));
#10729 = PCURVE('',#10580,#10730);
#10730 = DEFINITIONAL_REPRESENTATION('',(#10731),#10735);
#10731 = LINE('',#10732,#10733);
#10732 = CARTESIAN_POINT('',(-3.14159265359,1.));
#10733 = VECTOR('',#10734,1.);
#10734 = DIRECTION('',(1.,0.));
#10735 = ( GEOMETRIC_REPRESENTATION_CONTEXT(2) 
PARAMETRIC_REPRESENTATION_CONTEXT() REPRESENTATION_CONTEXT('2D SPACE',''
  ) );
#10736 = PCURVE('',#10619,#10737);
#10737 = DEFINITIONAL_REPRESENTATION('',(#10738),#10742);
#10738 = CIRCLE('',#10739,1.);
#10739 = AXIS2_PLACEMENT_2D('',#10740,#10741);
#10740 = CARTESIAN_POINT('',(0.,0.));
#10741 = DIRECTION('',(1.,0.));
#10742 = ( GEOMETRIC_REPRESENTATION_CONTEXT(2) 
PARAMETRIC_REPRESENTATION_CONTEXT() REPRESENTATION_CONTEXT('2D SPACE',''
  ) );
#10743 = ORIENTED_EDGE('',*,*,#10565,.F.);
#10744 = ADVANCED_FACE('',(#10745),#10710,.T.);
#10745 = FACE_BOUND('',#10746,.T.);
#10746 = EDGE_LOOP('',(#10747,#10770,#10809,#10829));
#10747 = ORIENTED_EDGE('',*,*,#10748,.T.);
#10748 = EDGE_CURVE('',#10672,#10749,#10751,.T.);
#10749 = VERTEX_POINT('',#10750);
#10750 = CARTESIAN_POINT('',(3.549107907017,-4.749107949367,0.));
#10751 = SURFACE_CURVE('',#10752,(#10756,#10763),.PCURVE_S1.);
#10752 = LINE('',#10753,#10754);
#10753 = CARTESIAN_POINT('',(4.440892098501E-16,-4.749107949367,0.));
#10754 = VECTOR('',#10755,1.);
#10755 = DIRECTION('',(1.,0.,0.));
#10756 = PCURVE('',#10710,#10757);
#10757 = DEFINITIONAL_REPRESENTATION('',(#10758),#10762);
#10758 = LINE('',#10759,#10760);
#10759 = CARTESIAN_POINT('',(0.,0.));
#10760 = VECTOR('',#10761,1.);
#10761 = DIRECTION('',(1.,0.));
#10762 = ( GEOMETRIC_REPRESENTATION_CONTEXT(2) 
PARAMETRIC_REPRESENTATION_CONTEXT() REPRESENTATION_CONTEXT('2D SPACE',''
  ) );
#10763 = PCURVE('',#10553,#10764);
#10764 = DEFINITIONAL_REPRESENTATION('',(#10765),#10769);
#10765 = LINE('',#10766,#10767);
#10766 = CARTESIAN_POINT('',(-3.549107949367,-1.2));
#10767 = VECTOR('',#10768,1.);
#10768 = DIRECTION('',(-1.,0.));
#10769 = ( GEOMETRIC_REPRESENTATION_CONTEXT(2) 
PARAMETRIC_REPRESENTATION_CONTEXT() REPRESENTATION_CONTEXT('2D SPACE',''
  ) );
#10770 = ORIENTED_EDGE('',*,*,#10771,.T.);
#10771 = EDGE_CURVE('',#10749,#10772,#10774,.T.);
#10772 = VERTEX_POINT('',#10773);
#10773 = CARTESIAN_POINT('',(2.894268484607,-3.894268518481,
    62.101493581231));
#10774 = SURFACE_CURVE('',#10775,(#10778,#10785),.PCURVE_S1.);
#10775 = B_SPLINE_CURVE_WITH_KNOTS('',1,(#10776,#10777),.UNSPECIFIED.,
  .F.,.F.,(2,2),(0.,1.),.PIECEWISE_BEZIER_KNOTS.);
#10776 = CARTESIAN_POINT('',(3.549107907017,-4.749107949367,0.));
#10777 = CARTESIAN_POINT('',(2.894268484607,-3.894268518481,
    62.101493581231));
#10778 = PCURVE('',#10710,#10779);
#10779 = DEFINITIONAL_REPRESENTATION('',(#10780),#10784);
#10780 = LINE('',#10781,#10782);
#10781 = CARTESIAN_POINT('',(3.549107907017,0.));
#10782 = VECTOR('',#10783,1.);
#10783 = DIRECTION('',(0.,1.));
#10784 = ( GEOMETRIC_REPRESENTATION_CONTEXT(2) 
PARAMETRIC_REPRESENTATION_CONTEXT() REPRESENTATION_CONTEXT('2D SPACE',''
  ) );
#10785 = PCURVE('',#10786,#10803);
#10786 = B_SPLINE_SURFACE_WITH_KNOTS('',7,1,(
    (#10787,#10788)
    ,(#10789,#10790)
    ,(#10791,#10792)
    ,(#10793,#10794)
    ,(#10795,#10796)
    ,(#10797,#10798)
    ,(#10799,#10800)
    ,(#10801,#10802
    )),.UNSPECIFIED.,.F.,.F.,.F.,(8,8),(2,2),(1.570796326795,
    3.14159265359),(0.,1.),.PIECEWISE_BEZIER_KNOTS.);
#10787 = CARTESIAN_POINT('',(3.549107907017,-4.749107949367,0.));
#10788 = CARTESIAN_POINT('',(2.894268484607,-3.894268518481,
    62.101493581231));
#10789 = CARTESIAN_POINT('',(3.818387277325,-4.749107949367,0.));
#10790 = CARTESIAN_POINT('',(3.118667959864,-3.894268518481,
    62.101493581231));
#10791 = CARTESIAN_POINT('',(4.087665344997,-4.678609285505,0.));
#10792 = CARTESIAN_POINT('',(3.343066349591,-3.835519631929,
    62.101493581229));
#10793 = CARTESIAN_POINT('',(4.334804236005,-4.53762321601,0.));
#10794 = CARTESIAN_POINT('',(3.54901542543,-3.718031240683,
    62.101493581233));
#10795 = CARTESIAN_POINT('',(4.53762317366,-4.334804278354,0.));
#10796 = CARTESIAN_POINT('',(3.718031206809,-3.549015459304,
    62.101493581229));
#10797 = CARTESIAN_POINT('',(4.678609243155,-4.087665387347,0.));
#10798 = CARTESIAN_POINT('',(3.835519598056,-3.343066383464,
    62.101493581232));
#10799 = CARTESIAN_POINT('',(4.749107907017,-3.818387319674,0.));
#10800 = CARTESIAN_POINT('',(3.894268484607,-3.118667993737,
    62.10149358123));
#10801 = CARTESIAN_POINT('',(4.749107907017,-3.549107949367,0.));
#10802 = CARTESIAN_POINT('',(3.894268484607,-2.894268518481,
    62.101493581231));
#10803 = DEFINITIONAL_REPRESENTATION('',(#10804),#10808);
#10804 = LINE('',#10805,#10806);
#10805 = CARTESIAN_POINT('',(1.570796326795,0.));
#10806 = VECTOR('',#10807,1.);
#10807 = DIRECTION('',(0.,1.));
#10808 = ( GEOMETRIC_REPRESENTATION_CONTEXT(2) 
PARAMETRIC_REPRESENTATION_CONTEXT() REPRESENTATION_CONTEXT('2D SPACE',''
  ) );
#10809 = ORIENTED_EDGE('',*,*,#10810,.F.);
#10810 = EDGE_CURVE('',#10696,#10772,#10811,.T.);
#10811 = SURFACE_CURVE('',#10812,(#10816,#10822),.PCURVE_S1.);
#10812 = LINE('',#10813,#10814);
#10813 = CARTESIAN_POINT('',(0.,-3.894268518481,62.101493581231));
#10814 = VECTOR('',#10815,1.);
#10815 = DIRECTION('',(1.,0.,0.));
#10816 = PCURVE('',#10710,#10817);
#10817 = DEFINITIONAL_REPRESENTATION('',(#10818),#10821);
#10818 = B_SPLINE_CURVE_WITH_KNOTS('',1,(#10819,#10820),.UNSPECIFIED.,
  .F.,.F.,(2,2),(-2.894268518481,2.894268484607),
  .PIECEWISE_BEZIER_KNOTS.);
#10819 = CARTESIAN_POINT('',(-3.549107949367,1.));
#10820 = CARTESIAN_POINT('',(3.549107907017,1.));
#10821 = ( GEOMETRIC_REPRESENTATION_CONTEXT(2) 
PARAMETRIC_REPRESENTATION_CONTEXT() REPRESENTATION_CONTEXT('2D SPACE',''
  ) );
#10822 = PCURVE('',#10619,#10823);
#10823 = DEFINITIONAL_REPRESENTATION('',(#10824),#10828);
#10824 = LINE('',#10825,#10826);
#10825 = CARTESIAN_POINT('',(2.894268518481,-1.));
#10826 = VECTOR('',#10827,1.);
#10827 = DIRECTION('',(1.,0.));
#10828 = ( GEOMETRIC_REPRESENTATION_CONTEXT(2) 
PARAMETRIC_REPRESENTATION_CONTEXT() REPRESENTATION_CONTEXT('2D SPACE',''
  ) );
#10829 = ORIENTED_EDGE('',*,*,#10695,.F.);
#10830 = ADVANCED_FACE('',(#10831),#10786,.T.);
#10831 = FACE_BOUND('',#10832,.T.);
#10832 = EDGE_LOOP('',(#10833,#10857,#10884,#10906));
#10833 = ORIENTED_EDGE('',*,*,#10834,.F.);
#10834 = EDGE_CURVE('',#10835,#10749,#10837,.T.);
#10835 = VERTEX_POINT('',#10836);
#10836 = CARTESIAN_POINT('',(4.749107928192,-3.549107949367,0.));
#10837 = SURFACE_CURVE('',#10838,(#10843,#10850),.PCURVE_S1.);
#10838 = CIRCLE('',#10839,1.2);
#10839 = AXIS2_PLACEMENT_3D('',#10840,#10841,#10842);
#10840 = CARTESIAN_POINT('',(3.549107907017,-3.549107949367,0.));
#10841 = DIRECTION('',(0.,0.,-1.));
#10842 = DIRECTION('',(-1.,0.,0.));
#10843 = PCURVE('',#10786,#10844);
#10844 = DEFINITIONAL_REPRESENTATION('',(#10845),#10849);
#10845 = LINE('',#10846,#10847);
#10846 = CARTESIAN_POINT('',(6.28318530718,0.));
#10847 = VECTOR('',#10848,1.);
#10848 = DIRECTION('',(-1.,0.));
#10849 = ( GEOMETRIC_REPRESENTATION_CONTEXT(2) 
PARAMETRIC_REPRESENTATION_CONTEXT() REPRESENTATION_CONTEXT('2D SPACE',''
  ) );
#10850 = PCURVE('',#10553,#10851);
#10851 = DEFINITIONAL_REPRESENTATION('',(#10852),#10856);
#10852 = CIRCLE('',#10853,1.2);
#10853 = AXIS2_PLACEMENT_2D('',#10854,#10855);
#10854 = CARTESIAN_POINT('',(-7.098215856384,3.819167204711E-14));
#10855 = DIRECTION('',(1.,0.));
#10856 = ( GEOMETRIC_REPRESENTATION_CONTEXT(2) 
PARAMETRIC_REPRESENTATION_CONTEXT() REPRESENTATION_CONTEXT('2D SPACE',''
  ) );
#10857 = ORIENTED_EDGE('',*,*,#10858,.T.);
#10858 = EDGE_CURVE('',#10835,#10859,#10861,.T.);
#10859 = VERTEX_POINT('',#10860);
#10860 = CARTESIAN_POINT('',(3.894268501544,-2.894268518481,
    62.101493581231));
#10861 = SURFACE_CURVE('',#10862,(#10865,#10872),.PCURVE_S1.);
#10862 = B_SPLINE_CURVE_WITH_KNOTS('',1,(#10863,#10864),.UNSPECIFIED.,
  .F.,.F.,(2,2),(0.,1.),.PIECEWISE_BEZIER_KNOTS.);
#10863 = CARTESIAN_POINT('',(4.749107907017,-3.549107949367,0.));
#10864 = CARTESIAN_POINT('',(3.894268484607,-2.894268518481,
    62.101493581231));
#10865 = PCURVE('',#10786,#10866);
#10866 = DEFINITIONAL_REPRESENTATION('',(#10867),#10871);
#10867 = LINE('',#10868,#10869);
#10868 = CARTESIAN_POINT('',(3.14159265359,0.));
#10869 = VECTOR('',#10870,1.);
#10870 = DIRECTION('',(0.,1.));
#10871 = ( GEOMETRIC_REPRESENTATION_CONTEXT(2) 
PARAMETRIC_REPRESENTATION_CONTEXT() REPRESENTATION_CONTEXT('2D SPACE',''
  ) );
#10872 = PCURVE('',#10873,#10878);
#10873 = B_SPLINE_SURFACE_WITH_KNOTS('',1,1,(
    (#10874,#10875)
    ,(#10876,#10877
    )),.UNSPECIFIED.,.F.,.F.,.F.,(2,2),(2,2),(-3.549107949367,
    3.549107907017),(0.,1.),.PIECEWISE_BEZIER_KNOTS.);
#10874 = CARTESIAN_POINT('',(4.749107949367,-3.549107949367,0.));
#10875 = CARTESIAN_POINT('',(3.894268518481,-2.894268518481,
    62.101493581231));
#10876 = CARTESIAN_POINT('',(4.749107949367,3.549107907017,0.));
#10877 = CARTESIAN_POINT('',(3.894268518481,2.894268484607,
    62.101493581231));
#10878 = DEFINITIONAL_REPRESENTATION('',(#10879),#10883);
#10879 = LINE('',#10880,#10881);
#10880 = CARTESIAN_POINT('',(-3.549107949367,0.));
#10881 = VECTOR('',#10882,1.);
#10882 = DIRECTION('',(0.,1.));
#10883 = ( GEOMETRIC_REPRESENTATION_CONTEXT(2) 
PARAMETRIC_REPRESENTATION_CONTEXT() REPRESENTATION_CONTEXT('2D SPACE',''
  ) );
#10884 = ORIENTED_EDGE('',*,*,#10885,.F.);
#10885 = EDGE_CURVE('',#10772,#10859,#10886,.T.);
#10886 = SURFACE_CURVE('',#10887,(#10892,#10899),.PCURVE_S1.);
#10887 = CIRCLE('',#10888,1.);
#10888 = AXIS2_PLACEMENT_3D('',#10889,#10890,#10891);
#10889 = CARTESIAN_POINT('',(2.894268484607,-2.894268518481,
    62.101493581231));
#10890 = DIRECTION('',(0.,0.,1.));
#10891 = DIRECTION('',(1.,0.,0.));
#10892 = PCURVE('',#10786,#10893);
#10893 = DEFINITIONAL_REPRESENTATION('',(#10894),#10898);
#10894 = LINE('',#10895,#10896);
#10895 = CARTESIAN_POINT('',(-3.14159265359,1.));
#10896 = VECTOR('',#10897,1.);
#10897 = DIRECTION('',(1.,0.));
#10898 = ( GEOMETRIC_REPRESENTATION_CONTEXT(2) 
PARAMETRIC_REPRESENTATION_CONTEXT() REPRESENTATION_CONTEXT('2D SPACE',''
  ) );
#10899 = PCURVE('',#10619,#10900);
#10900 = DEFINITIONAL_REPRESENTATION('',(#10901),#10905);
#10901 = CIRCLE('',#10902,1.);
#10902 = AXIS2_PLACEMENT_2D('',#10903,#10904);
#10903 = CARTESIAN_POINT('',(5.788537003088,2.84217094304E-14));
#10904 = DIRECTION('',(1.,0.));
#10905 = ( GEOMETRIC_REPRESENTATION_CONTEXT(2) 
PARAMETRIC_REPRESENTATION_CONTEXT() REPRESENTATION_CONTEXT('2D SPACE',''
  ) );
#10906 = ORIENTED_EDGE('',*,*,#10771,.F.);
#10907 = ADVANCED_FACE('',(#10908),#10873,.T.);
#10908 = FACE_BOUND('',#10909,.T.);
#10909 = EDGE_LOOP('',(#10910,#10933,#10972,#10992));
#10910 = ORIENTED_EDGE('',*,*,#10911,.T.);
#10911 = EDGE_CURVE('',#10835,#10912,#10914,.T.);
#10912 = VERTEX_POINT('',#10913);
#10913 = CARTESIAN_POINT('',(4.749107949367,3.549107907017,0.));
#10914 = SURFACE_CURVE('',#10915,(#10919,#10926),.PCURVE_S1.);
#10915 = LINE('',#10916,#10917);
#10916 = CARTESIAN_POINT('',(4.749107949367,1.909583602355E-14,0.));
#10917 = VECTOR('',#10918,1.);
#10918 = DIRECTION('',(0.,1.,0.));
#10919 = PCURVE('',#10873,#10920);
#10920 = DEFINITIONAL_REPRESENTATION('',(#10921),#10925);
#10921 = LINE('',#10922,#10923);
#10922 = CARTESIAN_POINT('',(0.,0.));
#10923 = VECTOR('',#10924,1.);
#10924 = DIRECTION('',(1.,0.));
#10925 = ( GEOMETRIC_REPRESENTATION_CONTEXT(2) 
PARAMETRIC_REPRESENTATION_CONTEXT() REPRESENTATION_CONTEXT('2D SPACE',''
  ) );
#10926 = PCURVE('',#10553,#10927);
#10927 = DEFINITIONAL_REPRESENTATION('',(#10928),#10932);
#10928 = LINE('',#10929,#10930);
#10929 = CARTESIAN_POINT('',(-8.298215898734,3.549107949367));
#10930 = VECTOR('',#10931,1.);
#10931 = DIRECTION('',(0.,1.));
#10932 = ( GEOMETRIC_REPRESENTATION_CONTEXT(2) 
PARAMETRIC_REPRESENTATION_CONTEXT() REPRESENTATION_CONTEXT('2D SPACE',''
  ) );
#10933 = ORIENTED_EDGE('',*,*,#10934,.T.);
#10934 = EDGE_CURVE('',#10912,#10935,#10937,.T.);
#10935 = VERTEX_POINT('',#10936);
#10936 = CARTESIAN_POINT('',(3.894268518481,2.894268484607,
    62.101493581231));
#10937 = SURFACE_CURVE('',#10938,(#10941,#10948),.PCURVE_S1.);
#10938 = B_SPLINE_CURVE_WITH_KNOTS('',1,(#10939,#10940),.UNSPECIFIED.,
  .F.,.F.,(2,2),(0.,1.),.PIECEWISE_BEZIER_KNOTS.);
#10939 = CARTESIAN_POINT('',(4.749107949367,3.549107907017,0.));
#10940 = CARTESIAN_POINT('',(3.894268518481,2.894268484607,
    62.101493581231));
#10941 = PCURVE('',#10873,#10942);
#10942 = DEFINITIONAL_REPRESENTATION('',(#10943),#10947);
#10943 = LINE('',#10944,#10945);
#10944 = CARTESIAN_POINT('',(3.549107907017,0.));
#10945 = VECTOR('',#10946,1.);
#10946 = DIRECTION('',(0.,1.));
#10947 = ( GEOMETRIC_REPRESENTATION_CONTEXT(2) 
PARAMETRIC_REPRESENTATION_CONTEXT() REPRESENTATION_CONTEXT('2D SPACE',''
  ) );
#10948 = PCURVE('',#10949,#10966);
#10949 = B_SPLINE_SURFACE_WITH_KNOTS('',7,1,(
    (#10950,#10951)
    ,(#10952,#10953)
    ,(#10954,#10955)
    ,(#10956,#10957)
    ,(#10958,#10959)
    ,(#10960,#10961)
    ,(#10962,#10963)
    ,(#10964,#10965
    )),.UNSPECIFIED.,.F.,.F.,.F.,(8,8),(2,2),(3.14159265359,
    4.712388980385),(0.,1.),.PIECEWISE_BEZIER_KNOTS.);
#10950 = CARTESIAN_POINT('',(4.749107949367,3.549107907017,0.));
#10951 = CARTESIAN_POINT('',(3.894268518481,2.894268484607,
    62.101493581231));
#10952 = CARTESIAN_POINT('',(4.749107949367,3.818387277325,0.));
#10953 = CARTESIAN_POINT('',(3.894268518481,3.118667959864,
    62.101493581231));
#10954 = CARTESIAN_POINT('',(4.678609285505,4.087665344997,0.));
#10955 = CARTESIAN_POINT('',(3.835519631929,3.343066349591,
    62.10149358123));
#10956 = CARTESIAN_POINT('',(4.537623216009,4.334804236004,0.));
#10957 = CARTESIAN_POINT('',(3.718031240683,3.54901542543,
    62.101493581232));
#10958 = CARTESIAN_POINT('',(4.334804278354,4.53762317366,0.));
#10959 = CARTESIAN_POINT('',(3.549015459304,3.71803120681,
    62.101493581229));
#10960 = CARTESIAN_POINT('',(4.087665387347,4.678609243155,0.));
#10961 = CARTESIAN_POINT('',(3.343066383464,3.835519598056,
    62.101493581232));
#10962 = CARTESIAN_POINT('',(3.818387319674,4.749107907017,0.));
#10963 = CARTESIAN_POINT('',(3.118667993737,3.894268484607,
    62.10149358123));
#10964 = CARTESIAN_POINT('',(3.549107949367,4.749107907017,0.));
#10965 = CARTESIAN_POINT('',(2.894268518481,3.894268484607,
    62.101493581231));
#10966 = DEFINITIONAL_REPRESENTATION('',(#10967),#10971);
#10967 = LINE('',#10968,#10969);
#10968 = CARTESIAN_POINT('',(3.14159265359,0.));
#10969 = VECTOR('',#10970,1.);
#10970 = DIRECTION('',(0.,1.));
#10971 = ( GEOMETRIC_REPRESENTATION_CONTEXT(2) 
PARAMETRIC_REPRESENTATION_CONTEXT() REPRESENTATION_CONTEXT('2D SPACE',''
  ) );
#10972 = ORIENTED_EDGE('',*,*,#10973,.F.);
#10973 = EDGE_CURVE('',#10859,#10935,#10974,.T.);
#10974 = SURFACE_CURVE('',#10975,(#10979,#10985),.PCURVE_S1.);
#10975 = LINE('',#10976,#10977);
#10976 = CARTESIAN_POINT('',(3.894268518481,1.443289932013E-14,
    62.101493581231));
#10977 = VECTOR('',#10978,1.);
#10978 = DIRECTION('',(0.,1.,0.));
#10979 = PCURVE('',#10873,#10980);
#10980 = DEFINITIONAL_REPRESENTATION('',(#10981),#10984);
#10981 = B_SPLINE_CURVE_WITH_KNOTS('',1,(#10982,#10983),.UNSPECIFIED.,
  .F.,.F.,(2,2),(-2.894268518481,2.894268484607),
  .PIECEWISE_BEZIER_KNOTS.);
#10982 = CARTESIAN_POINT('',(-3.549107949367,1.));
#10983 = CARTESIAN_POINT('',(3.549107907017,1.));
#10984 = ( GEOMETRIC_REPRESENTATION_CONTEXT(2) 
PARAMETRIC_REPRESENTATION_CONTEXT() REPRESENTATION_CONTEXT('2D SPACE',''
  ) );
#10985 = PCURVE('',#10619,#10986);
#10986 = DEFINITIONAL_REPRESENTATION('',(#10987),#10991);
#10987 = LINE('',#10988,#10989);
#10988 = CARTESIAN_POINT('',(6.788537036961,2.894268518481));
#10989 = VECTOR('',#10990,1.);
#10990 = DIRECTION('',(0.,1.));
#10991 = ( GEOMETRIC_REPRESENTATION_CONTEXT(2) 
PARAMETRIC_REPRESENTATION_CONTEXT() REPRESENTATION_CONTEXT('2D SPACE',''
  ) );
#10992 = ORIENTED_EDGE('',*,*,#10858,.F.);
#10993 = ADVANCED_FACE('',(#10994),#10949,.T.);
#10994 = FACE_BOUND('',#10995,.T.);
#10995 = EDGE_LOOP('',(#10996,#11020,#11047,#11069));
#10996 = ORIENTED_EDGE('',*,*,#10997,.F.);
#10997 = EDGE_CURVE('',#10998,#10912,#11000,.T.);
#10998 = VERTEX_POINT('',#10999);
#10999 = CARTESIAN_POINT('',(3.549107949367,4.749107928192,0.));
#11000 = SURFACE_CURVE('',#11001,(#11006,#11013),.PCURVE_S1.);
#11001 = CIRCLE('',#11002,1.2);
#11002 = AXIS2_PLACEMENT_3D('',#11003,#11004,#11005);
#11003 = CARTESIAN_POINT('',(3.549107949367,3.549107907017,0.));
#11004 = DIRECTION('',(0.,0.,-1.));
#11005 = DIRECTION('',(-1.,0.,0.));
#11006 = PCURVE('',#10949,#11007);
#11007 = DEFINITIONAL_REPRESENTATION('',(#11008),#11012);
#11008 = LINE('',#11009,#11010);
#11009 = CARTESIAN_POINT('',(6.28318530718,0.));
#11010 = VECTOR('',#11011,1.);
#11011 = DIRECTION('',(-1.,0.));
#11012 = ( GEOMETRIC_REPRESENTATION_CONTEXT(2) 
PARAMETRIC_REPRESENTATION_CONTEXT() REPRESENTATION_CONTEXT('2D SPACE',''
  ) );
#11013 = PCURVE('',#10553,#11014);
#11014 = DEFINITIONAL_REPRESENTATION('',(#11015),#11019);
#11015 = CIRCLE('',#11016,1.2);
#11016 = AXIS2_PLACEMENT_2D('',#11017,#11018);
#11017 = CARTESIAN_POINT('',(-7.098215898734,7.098215856384));
#11018 = DIRECTION('',(1.,0.));
#11019 = ( GEOMETRIC_REPRESENTATION_CONTEXT(2) 
PARAMETRIC_REPRESENTATION_CONTEXT() REPRESENTATION_CONTEXT('2D SPACE',''
  ) );
#11020 = ORIENTED_EDGE('',*,*,#11021,.T.);
#11021 = EDGE_CURVE('',#10998,#11022,#11024,.T.);
#11022 = VERTEX_POINT('',#11023);
#11023 = CARTESIAN_POINT('',(2.894268518481,3.894268501544,
    62.101493581231));
#11024 = SURFACE_CURVE('',#11025,(#11028,#11035),.PCURVE_S1.);
#11025 = B_SPLINE_CURVE_WITH_KNOTS('',1,(#11026,#11027),.UNSPECIFIED.,
  .F.,.F.,(2,2),(0.,1.),.PIECEWISE_BEZIER_KNOTS.);
#11026 = CARTESIAN_POINT('',(3.549107949367,4.749107907017,0.));
#11027 = CARTESIAN_POINT('',(2.894268518481,3.894268484607,
    62.101493581231));
#11028 = PCURVE('',#10949,#11029);
#11029 = DEFINITIONAL_REPRESENTATION('',(#11030),#11034);
#11030 = LINE('',#11031,#11032);
#11031 = CARTESIAN_POINT('',(4.712388980385,0.));
#11032 = VECTOR('',#11033,1.);
#11033 = DIRECTION('',(0.,1.));
#11034 = ( GEOMETRIC_REPRESENTATION_CONTEXT(2) 
PARAMETRIC_REPRESENTATION_CONTEXT() REPRESENTATION_CONTEXT('2D SPACE',''
  ) );
#11035 = PCURVE('',#11036,#11041);
#11036 = B_SPLINE_SURFACE_WITH_KNOTS('',1,1,(
    (#11037,#11038)
    ,(#11039,#11040
    )),.UNSPECIFIED.,.F.,.F.,.F.,(2,2),(2,2),(-3.549107949367,
    3.549107949367),(0.,1.),.PIECEWISE_BEZIER_KNOTS.);
#11037 = CARTESIAN_POINT('',(3.549107949367,4.749107949367,0.));
#11038 = CARTESIAN_POINT('',(2.894268518481,3.894268518481,
    62.101493581231));
#11039 = CARTESIAN_POINT('',(-3.549107949367,4.749107949367,0.));
#11040 = CARTESIAN_POINT('',(-2.894268518481,3.894268518481,
    62.101493581231));
#11041 = DEFINITIONAL_REPRESENTATION('',(#11042),#11046);
#11042 = LINE('',#11043,#11044);
#11043 = CARTESIAN_POINT('',(-3.549107949367,0.));
#11044 = VECTOR('',#11045,1.);
#11045 = DIRECTION('',(0.,1.));
#11046 = ( GEOMETRIC_REPRESENTATION_CONTEXT(2) 
PARAMETRIC_REPRESENTATION_CONTEXT() REPRESENTATION_CONTEXT('2D SPACE',''
  ) );
#11047 = ORIENTED_EDGE('',*,*,#11048,.F.);
#11048 = EDGE_CURVE('',#10935,#11022,#11049,.T.);
#11049 = SURFACE_CURVE('',#11050,(#11055,#11062),.PCURVE_S1.);
#11050 = CIRCLE('',#11051,1.);
#11051 = AXIS2_PLACEMENT_3D('',#11052,#11053,#11054);
#11052 = CARTESIAN_POINT('',(2.894268518481,2.894268484607,
    62.101493581231));
#11053 = DIRECTION('',(0.,0.,1.));
#11054 = DIRECTION('',(1.,0.,0.));
#11055 = PCURVE('',#10949,#11056);
#11056 = DEFINITIONAL_REPRESENTATION('',(#11057),#11061);
#11057 = LINE('',#11058,#11059);
#11058 = CARTESIAN_POINT('',(3.14159265359,1.));
#11059 = VECTOR('',#11060,1.);
#11060 = DIRECTION('',(1.,0.));
#11061 = ( GEOMETRIC_REPRESENTATION_CONTEXT(2) 
PARAMETRIC_REPRESENTATION_CONTEXT() REPRESENTATION_CONTEXT('2D SPACE',''
  ) );
#11062 = PCURVE('',#10619,#11063);
#11063 = DEFINITIONAL_REPRESENTATION('',(#11064),#11068);
#11064 = CIRCLE('',#11065,1.);
#11065 = AXIS2_PLACEMENT_2D('',#11066,#11067);
#11066 = CARTESIAN_POINT('',(5.788537036961,5.788537003088));
#11067 = DIRECTION('',(1.,0.));
#11068 = ( GEOMETRIC_REPRESENTATION_CONTEXT(2) 
PARAMETRIC_REPRESENTATION_CONTEXT() REPRESENTATION_CONTEXT('2D SPACE',''
  ) );
#11069 = ORIENTED_EDGE('',*,*,#10934,.F.);
#11070 = ADVANCED_FACE('',(#11071),#11036,.T.);
#11071 = FACE_BOUND('',#11072,.T.);
#11072 = EDGE_LOOP('',(#11073,#11096,#11118,#11138));
#11073 = ORIENTED_EDGE('',*,*,#11074,.F.);
#11074 = EDGE_CURVE('',#11075,#10998,#11077,.T.);
#11075 = VERTEX_POINT('',#11076);
#11076 = CARTESIAN_POINT('',(-3.549107949367,4.749107928192,0.));
#11077 = SURFACE_CURVE('',#11078,(#11082,#11089),.PCURVE_S1.);
#11078 = LINE('',#11079,#11080);
#11079 = CARTESIAN_POINT('',(4.440892098501E-16,4.749107949367,0.));
#11080 = VECTOR('',#11081,1.);
#11081 = DIRECTION('',(1.,0.,0.));
#11082 = PCURVE('',#11036,#11083);
#11083 = DEFINITIONAL_REPRESENTATION('',(#11084),#11088);
#11084 = LINE('',#11085,#11086);
#11085 = CARTESIAN_POINT('',(0.,0.));
#11086 = VECTOR('',#11087,1.);
#11087 = DIRECTION('',(-1.,0.));
#11088 = ( GEOMETRIC_REPRESENTATION_CONTEXT(2) 
PARAMETRIC_REPRESENTATION_CONTEXT() REPRESENTATION_CONTEXT('2D SPACE',''
  ) );
#11089 = PCURVE('',#10553,#11090);
#11090 = DEFINITIONAL_REPRESENTATION('',(#11091),#11095);
#11091 = LINE('',#11092,#11093);
#11092 = CARTESIAN_POINT('',(-3.549107949367,8.298215898734));
#11093 = VECTOR('',#11094,1.);
#11094 = DIRECTION('',(-1.,0.));
#11095 = ( GEOMETRIC_REPRESENTATION_CONTEXT(2) 
PARAMETRIC_REPRESENTATION_CONTEXT() REPRESENTATION_CONTEXT('2D SPACE',''
  ) );
#11096 = ORIENTED_EDGE('',*,*,#11097,.T.);
#11097 = EDGE_CURVE('',#11075,#11098,#11100,.T.);
#11098 = VERTEX_POINT('',#11099);
#11099 = CARTESIAN_POINT('',(-2.894268518481,3.894268501544,
    62.101493581231));
#11100 = SURFACE_CURVE('',#11101,(#11104,#11111),.PCURVE_S1.);
#11101 = B_SPLINE_CURVE_WITH_KNOTS('',1,(#11102,#11103),.UNSPECIFIED.,
  .F.,.F.,(2,2),(0.,1.),.PIECEWISE_BEZIER_KNOTS.);
#11102 = CARTESIAN_POINT('',(-3.549107949367,4.749107949367,0.));
#11103 = CARTESIAN_POINT('',(-2.894268518481,3.894268518481,
    62.101493581231));
#11104 = PCURVE('',#11036,#11105);
#11105 = DEFINITIONAL_REPRESENTATION('',(#11106),#11110);
#11106 = LINE('',#11107,#11108);
#11107 = CARTESIAN_POINT('',(3.549107949367,0.));
#11108 = VECTOR('',#11109,1.);
#11109 = DIRECTION('',(0.,1.));
#11110 = ( GEOMETRIC_REPRESENTATION_CONTEXT(2) 
PARAMETRIC_REPRESENTATION_CONTEXT() REPRESENTATION_CONTEXT('2D SPACE',''
  ) );
#11111 = PCURVE('',#10644,#11112);
#11112 = DEFINITIONAL_REPRESENTATION('',(#11113),#11117);
#11113 = LINE('',#11114,#11115);
#11114 = CARTESIAN_POINT('',(4.712388980385,0.));
#11115 = VECTOR('',#11116,1.);
#11116 = DIRECTION('',(0.,1.));
#11117 = ( GEOMETRIC_REPRESENTATION_CONTEXT(2) 
PARAMETRIC_REPRESENTATION_CONTEXT() REPRESENTATION_CONTEXT('2D SPACE',''
  ) );
#11118 = ORIENTED_EDGE('',*,*,#11119,.T.);
#11119 = EDGE_CURVE('',#11098,#11022,#11120,.T.);
#11120 = SURFACE_CURVE('',#11121,(#11125,#11131),.PCURVE_S1.);
#11121 = LINE('',#11122,#11123);
#11122 = CARTESIAN_POINT('',(0.,3.894268518481,62.101493581231));
#11123 = VECTOR('',#11124,1.);
#11124 = DIRECTION('',(1.,0.,0.));
#11125 = PCURVE('',#11036,#11126);
#11126 = DEFINITIONAL_REPRESENTATION('',(#11127),#11130);
#11127 = B_SPLINE_CURVE_WITH_KNOTS('',1,(#11128,#11129),.UNSPECIFIED.,
  .F.,.F.,(2,2),(-2.894268518481,2.894268518481),
  .PIECEWISE_BEZIER_KNOTS.);
#11128 = CARTESIAN_POINT('',(3.549107949367,1.));
#11129 = CARTESIAN_POINT('',(-3.549107949367,1.));
#11130 = ( GEOMETRIC_REPRESENTATION_CONTEXT(2) 
PARAMETRIC_REPRESENTATION_CONTEXT() REPRESENTATION_CONTEXT('2D SPACE',''
  ) );
#11131 = PCURVE('',#10619,#11132);
#11132 = DEFINITIONAL_REPRESENTATION('',(#11133),#11137);
#11133 = LINE('',#11134,#11135);
#11134 = CARTESIAN_POINT('',(2.894268518481,6.788537036962));
#11135 = VECTOR('',#11136,1.);
#11136 = DIRECTION('',(1.,0.));
#11137 = ( GEOMETRIC_REPRESENTATION_CONTEXT(2) 
PARAMETRIC_REPRESENTATION_CONTEXT() REPRESENTATION_CONTEXT('2D SPACE',''
  ) );
#11138 = ORIENTED_EDGE('',*,*,#11021,.F.);
#11139 = ADVANCED_FACE('',(#11140),#10644,.T.);
#11140 = FACE_BOUND('',#11141,.T.);
#11141 = EDGE_LOOP('',(#11142,#11164,#11165,#11187));
#11142 = ORIENTED_EDGE('',*,*,#11143,.F.);
#11143 = EDGE_CURVE('',#10533,#11075,#11144,.T.);
#11144 = SURFACE_CURVE('',#11145,(#11150,#11157),.PCURVE_S1.);
#11145 = CIRCLE('',#11146,1.2);
#11146 = AXIS2_PLACEMENT_3D('',#11147,#11148,#11149);
#11147 = CARTESIAN_POINT('',(-3.549107949367,3.549107907017,0.));
#11148 = DIRECTION('',(0.,0.,-1.));
#11149 = DIRECTION('',(-1.,0.,0.));
#11150 = PCURVE('',#10644,#11151);
#11151 = DEFINITIONAL_REPRESENTATION('',(#11152),#11156);
#11152 = LINE('',#11153,#11154);
#11153 = CARTESIAN_POINT('',(6.28318530718,0.));
#11154 = VECTOR('',#11155,1.);
#11155 = DIRECTION('',(-1.,0.));
#11156 = ( GEOMETRIC_REPRESENTATION_CONTEXT(2) 
PARAMETRIC_REPRESENTATION_CONTEXT() REPRESENTATION_CONTEXT('2D SPACE',''
  ) );
#11157 = PCURVE('',#10553,#11158);
#11158 = DEFINITIONAL_REPRESENTATION('',(#11159),#11163);
#11159 = CIRCLE('',#11160,1.2);
#11160 = AXIS2_PLACEMENT_2D('',#11161,#11162);
#11161 = CARTESIAN_POINT('',(0.,7.098215856384));
#11162 = DIRECTION('',(1.,0.));
#11163 = ( GEOMETRIC_REPRESENTATION_CONTEXT(2) 
PARAMETRIC_REPRESENTATION_CONTEXT() REPRESENTATION_CONTEXT('2D SPACE',''
  ) );
#11164 = ORIENTED_EDGE('',*,*,#10631,.T.);
#11165 = ORIENTED_EDGE('',*,*,#11166,.F.);
#11166 = EDGE_CURVE('',#11098,#10605,#11167,.T.);
#11167 = SURFACE_CURVE('',#11168,(#11173,#11180),.PCURVE_S1.);
#11168 = CIRCLE('',#11169,1.);
#11169 = AXIS2_PLACEMENT_3D('',#11170,#11171,#11172);
#11170 = CARTESIAN_POINT('',(-2.894268518481,2.894268484607,
    62.101493581231));
#11171 = DIRECTION('',(0.,0.,1.));
#11172 = DIRECTION('',(1.,0.,0.));
#11173 = PCURVE('',#10644,#11174);
#11174 = DEFINITIONAL_REPRESENTATION('',(#11175),#11179);
#11175 = LINE('',#11176,#11177);
#11176 = CARTESIAN_POINT('',(3.14159265359,1.));
#11177 = VECTOR('',#11178,1.);
#11178 = DIRECTION('',(1.,0.));
#11179 = ( GEOMETRIC_REPRESENTATION_CONTEXT(2) 
PARAMETRIC_REPRESENTATION_CONTEXT() REPRESENTATION_CONTEXT('2D SPACE',''
  ) );
#11180 = PCURVE('',#10619,#11181);
#11181 = DEFINITIONAL_REPRESENTATION('',(#11182),#11186);
#11182 = CIRCLE('',#11183,1.);
#11183 = AXIS2_PLACEMENT_2D('',#11184,#11185);
#11184 = CARTESIAN_POINT('',(0.,5.788537003088));
#11185 = DIRECTION('',(1.,0.));
#11186 = ( GEOMETRIC_REPRESENTATION_CONTEXT(2) 
PARAMETRIC_REPRESENTATION_CONTEXT() REPRESENTATION_CONTEXT('2D SPACE',''
  ) );
#11187 = ORIENTED_EDGE('',*,*,#11097,.F.);
#11188 = ADVANCED_FACE('',(#11189),#10553,.T.);
#11189 = FACE_BOUND('',#11190,.F.);
#11190 = EDGE_LOOP('',(#11191,#11192,#11193,#11194,#11195,#11196,#11197,
    #11198));
#11191 = ORIENTED_EDGE('',*,*,#10530,.F.);
#11192 = ORIENTED_EDGE('',*,*,#10671,.F.);
#11193 = ORIENTED_EDGE('',*,*,#10748,.T.);
#11194 = ORIENTED_EDGE('',*,*,#10834,.F.);
#11195 = ORIENTED_EDGE('',*,*,#10911,.T.);
#11196 = ORIENTED_EDGE('',*,*,#10997,.F.);
#11197 = ORIENTED_EDGE('',*,*,#11074,.F.);
#11198 = ORIENTED_EDGE('',*,*,#11143,.F.);
#11199 = ADVANCED_FACE('',(#11200),#10619,.T.);
#11200 = FACE_BOUND('',#11201,.T.);
#11201 = EDGE_LOOP('',(#11202,#11203,#11204,#11205,#11206,#11207,#11208,
    #11209));
#11202 = ORIENTED_EDGE('',*,*,#10604,.F.);
#11203 = ORIENTED_EDGE('',*,*,#10722,.T.);
#11204 = ORIENTED_EDGE('',*,*,#10810,.T.);
#11205 = ORIENTED_EDGE('',*,*,#10885,.T.);
#11206 = ORIENTED_EDGE('',*,*,#10973,.T.);
#11207 = ORIENTED_EDGE('',*,*,#11048,.T.);
#11208 = ORIENTED_EDGE('',*,*,#11119,.F.);
#11209 = ORIENTED_EDGE('',*,*,#11166,.T.);
#11210 = ( GEOMETRIC_REPRESENTATION_CONTEXT(3) 
GLOBAL_UNCERTAINTY_ASSIGNED_CONTEXT((#11214)) 
GLOBAL_UNIT_ASSIGNED_CONTEXT((#11211,#11212,#11213)) 
REPRESENTATION_CONTEXT('Context #1',
  '3D Context with UNIT and UNCERTAINTY') );
#11211 = ( LENGTH_UNIT() NAMED_UNIT(*) SI_UNIT(.MILLI.,.METRE.) );
#11212 = ( NAMED_UNIT(*) PLANE_ANGLE_UNIT() SI_UNIT($,.RADIAN.) );
#11213 = ( NAMED_UNIT(*) SI_UNIT($,.STERADIAN.) SOLID_ANGLE_UNIT() );
#11214 = UNCERTAINTY_MEASURE_WITH_UNIT(LENGTH_MEASURE(1.E-07),#11211,
  'distance_accuracy_value','confusion accuracy');
#11215 = CONTEXT_DEPENDENT_SHAPE_REPRESENTATION(#11216,#11218);
#11216 = ( REPRESENTATION_RELATIONSHIP('','',#10523,#10) 
REPRESENTATION_RELATIONSHIP_WITH_TRANSFORMATION(#11217) 
SHAPE_REPRESENTATION_RELATIONSHIP() );
#11217 = ITEM_DEFINED_TRANSFORMATION('','',#11,#63);
#11218 = PRODUCT_DEFINITION_SHAPE('Placement','Placement of an item',
  #11219);
#11219 = NEXT_ASSEMBLY_USAGE_OCCURRENCE('13','fry_07','',#5,#10518,$);
#11220 = PRODUCT_RELATED_PRODUCT_CATEGORY('part',$,(#10520));
#11221 = SHAPE_DEFINITION_REPRESENTATION(#11222,#11228);
#11222 = PRODUCT_DEFINITION_SHAPE('','',#11223);
#11223 = PRODUCT_DEFINITION('design','',#11224,#11227);
#11224 = PRODUCT_DEFINITION_FORMATION('','',#11225);
#11225 = PRODUCT('fry_08','fry_08','',(#11226));
#11226 = PRODUCT_CONTEXT('',#2,'mechanical');
#11227 = PRODUCT_DEFINITION_CONTEXT('part definition',#2,'design');
#11228 = ADVANCED_BREP_SHAPE_REPRESENTATION('',(#11,#11229),#11915);
#11229 = MANIFOLD_SOLID_BREP('',#11230);
#11230 = CLOSED_SHELL('',(#11231,#11372,#11449,#11535,#11612,#11698,
    #11775,#11844,#11893,#11904));
#11231 = ADVANCED_FACE('',(#11232),#11246,.T.);
#11232 = FACE_BOUND('',#11233,.T.);
#11233 = EDGE_LOOP('',(#11234,#11269,#11308,#11335));
#11234 = ORIENTED_EDGE('',*,*,#11235,.F.);
#11235 = EDGE_CURVE('',#11236,#11238,#11240,.T.);
#11236 = VERTEX_POINT('',#11237);
#11237 = CARTESIAN_POINT('',(-3.87980130135,-2.67980130135,0.));
#11238 = VERTEX_POINT('',#11239);
#11239 = CARTESIAN_POINT('',(-3.87980130135,2.679801276761,0.));
#11240 = SURFACE_CURVE('',#11241,(#11245,#11257),.PCURVE_S1.);
#11241 = LINE('',#11242,#11243);
#11242 = CARTESIAN_POINT('',(-3.87980130135,9.103828801926E-15,0.));
#11243 = VECTOR('',#11244,1.);
#11244 = DIRECTION('',(0.,1.,0.));
#11245 = PCURVE('',#11246,#11251);
#11246 = B_SPLINE_SURFACE_WITH_KNOTS('',1,1,(
    (#11247,#11248)
    ,(#11249,#11250
    )),.UNSPECIFIED.,.F.,.F.,.F.,(2,2),(2,2),(-2.679801276761,
    2.67980130135),(0.,1.),.PIECEWISE_BEZIER_KNOTS.);
#11247 = CARTESIAN_POINT('',(-3.87980130135,2.679801276761,0.));
#11248 = CARTESIAN_POINT('',(-3.181437067107,2.181437047548,
    83.140074024227));
#11249 = CARTESIAN_POINT('',(-3.87980130135,-2.67980130135,0.));
#11250 = CARTESIAN_POINT('',(-3.181437067107,-2.181437067107,
    83.140074024227));
#11251 = DEFINITIONAL_REPRESENTATION('',(#11252),#11256);
#11252 = LINE('',#11253,#11254);
#11253 = CARTESIAN_POINT('',(0.,0.));
#11254 = VECTOR('',#11255,1.);
#11255 = DIRECTION('',(-1.,0.));
#11256 = ( GEOMETRIC_REPRESENTATION_CONTEXT(2) 
PARAMETRIC_REPRESENTATION_CONTEXT() REPRESENTATION_CONTEXT('2D SPACE',''
  ) );
#11257 = PCURVE('',#11258,#11263);
#11258 = PLANE('',#11259);
#11259 = AXIS2_PLACEMENT_3D('',#11260,#11261,#11262);
#11260 = CARTESIAN_POINT('',(-2.67980130135,-2.67980130135,0.));
#11261 = DIRECTION('',(0.,0.,-1.));
#11262 = DIRECTION('',(-1.,0.,0.));
#11263 = DEFINITIONAL_REPRESENTATION('',(#11264),#11268);
#11264 = LINE('',#11265,#11266);
#11265 = CARTESIAN_POINT('',(1.2,2.67980130135));
#11266 = VECTOR('',#11267,1.);
#11267 = DIRECTION('',(0.,1.));
#11268 = ( GEOMETRIC_REPRESENTATION_CONTEXT(2) 
PARAMETRIC_REPRESENTATION_CONTEXT() REPRESENTATION_CONTEXT('2D SPACE',''
  ) );
#11269 = ORIENTED_EDGE('',*,*,#11270,.T.);
#11270 = EDGE_CURVE('',#11236,#11271,#11273,.T.);
#11271 = VERTEX_POINT('',#11272);
#11272 = CARTESIAN_POINT('',(-3.181437067107,-2.181437067107,
    83.140074024227));
#11273 = SURFACE_CURVE('',#11274,(#11277,#11284),.PCURVE_S1.);
#11274 = B_SPLINE_CURVE_WITH_KNOTS('',1,(#11275,#11276),.UNSPECIFIED.,
  .F.,.F.,(2,2),(0.,1.),.PIECEWISE_BEZIER_KNOTS.);
#11275 = CARTESIAN_POINT('',(-3.87980130135,-2.67980130135,0.));
#11276 = CARTESIAN_POINT('',(-3.181437067107,-2.181437067107,
    83.140074024227));
#11277 = PCURVE('',#11246,#11278);
#11278 = DEFINITIONAL_REPRESENTATION('',(#11279),#11283);
#11279 = LINE('',#11280,#11281);
#11280 = CARTESIAN_POINT('',(2.67980130135,0.));
#11281 = VECTOR('',#11282,1.);
#11282 = DIRECTION('',(0.,1.));
#11283 = ( GEOMETRIC_REPRESENTATION_CONTEXT(2) 
PARAMETRIC_REPRESENTATION_CONTEXT() REPRESENTATION_CONTEXT('2D SPACE',''
  ) );
#11284 = PCURVE('',#11285,#11302);
#11285 = B_SPLINE_SURFACE_WITH_KNOTS('',7,1,(
    (#11286,#11287)
    ,(#11288,#11289)
    ,(#11290,#11291)
    ,(#11292,#11293)
    ,(#11294,#11295)
    ,(#11296,#11297)
    ,(#11298,#11299)
    ,(#11300,#11301
    )),.UNSPECIFIED.,.F.,.F.,.F.,(8,8),(2,2),(0.,1.570796326795),(0.,1.)
  ,.PIECEWISE_BEZIER_KNOTS.);
#11286 = CARTESIAN_POINT('',(-3.87980130135,-2.67980130135,0.));
#11287 = CARTESIAN_POINT('',(-3.181437067107,-2.181437067107,
    83.140074024227));
#11288 = CARTESIAN_POINT('',(-3.87980130135,-2.949080671658,0.));
#11289 = CARTESIAN_POINT('',(-3.181437067107,-2.405836542363,
    83.140074024227));
#11290 = CARTESIAN_POINT('',(-3.809302637488,-3.21835873933,0.));
#11291 = CARTESIAN_POINT('',(-3.122688180556,-2.630234932091,
    83.140074024228));
#11292 = CARTESIAN_POINT('',(-3.668316567993,-3.465497630338,0.));
#11293 = CARTESIAN_POINT('',(-3.005199789309,-2.83618400793,
    83.140074024225));
#11294 = CARTESIAN_POINT('',(-3.465497630338,-3.668316567993,0.));
#11295 = CARTESIAN_POINT('',(-2.83618400793,-3.005199789309,
    83.14007402423));
#11296 = CARTESIAN_POINT('',(-3.21835873933,-3.809302637488,0.));
#11297 = CARTESIAN_POINT('',(-2.63023493209,-3.122688180555,
    83.140074024226));
#11298 = CARTESIAN_POINT('',(-2.949080671658,-3.87980130135,0.));
#11299 = CARTESIAN_POINT('',(-2.405836542364,-3.181437067107,
    83.140074024228));
#11300 = CARTESIAN_POINT('',(-2.67980130135,-3.87980130135,0.));
#11301 = CARTESIAN_POINT('',(-2.181437067107,-3.181437067107,
    83.140074024227));
#11302 = DEFINITIONAL_REPRESENTATION('',(#11303),#11307);
#11303 = LINE('',#11304,#11305);
#11304 = CARTESIAN_POINT('',(0.,0.));
#11305 = VECTOR('',#11306,1.);
#11306 = DIRECTION('',(0.,1.));
#11307 = ( GEOMETRIC_REPRESENTATION_CONTEXT(2) 
PARAMETRIC_REPRESENTATION_CONTEXT() REPRESENTATION_CONTEXT('2D SPACE',''
  ) );
#11308 = ORIENTED_EDGE('',*,*,#11309,.T.);
#11309 = EDGE_CURVE('',#11271,#11310,#11312,.T.);
#11310 = VERTEX_POINT('',#11311);
#11311 = CARTESIAN_POINT('',(-3.181437067107,2.181437047548,
    83.140074024227));
#11312 = SURFACE_CURVE('',#11313,(#11317,#11323),.PCURVE_S1.);
#11313 = LINE('',#11314,#11315);
#11314 = CARTESIAN_POINT('',(-3.181437067107,7.105427357601E-15,
    83.140074024227));
#11315 = VECTOR('',#11316,1.);
#11316 = DIRECTION('',(0.,1.,0.));
#11317 = PCURVE('',#11246,#11318);
#11318 = DEFINITIONAL_REPRESENTATION('',(#11319),#11322);
#11319 = B_SPLINE_CURVE_WITH_KNOTS('',1,(#11320,#11321),.UNSPECIFIED.,
  .F.,.F.,(2,2),(-2.181437067107,2.181437047548),
  .PIECEWISE_BEZIER_KNOTS.);
#11320 = CARTESIAN_POINT('',(2.67980130135,1.));
#11321 = CARTESIAN_POINT('',(-2.679801276761,1.));
#11322 = ( GEOMETRIC_REPRESENTATION_CONTEXT(2) 
PARAMETRIC_REPRESENTATION_CONTEXT() REPRESENTATION_CONTEXT('2D SPACE',''
  ) );
#11323 = PCURVE('',#11324,#11329);
#11324 = PLANE('',#11325);
#11325 = AXIS2_PLACEMENT_3D('',#11326,#11327,#11328);
#11326 = CARTESIAN_POINT('',(-2.181437067107,-2.181437067107,
    83.140074024227));
#11327 = DIRECTION('',(0.,0.,1.));
#11328 = DIRECTION('',(1.,0.,0.));
#11329 = DEFINITIONAL_REPRESENTATION('',(#11330),#11334);
#11330 = LINE('',#11331,#11332);
#11331 = CARTESIAN_POINT('',(-1.,2.181437067107));
#11332 = VECTOR('',#11333,1.);
#11333 = DIRECTION('',(0.,1.));
#11334 = ( GEOMETRIC_REPRESENTATION_CONTEXT(2) 
PARAMETRIC_REPRESENTATION_CONTEXT() REPRESENTATION_CONTEXT('2D SPACE',''
  ) );
#11335 = ORIENTED_EDGE('',*,*,#11336,.F.);
#11336 = EDGE_CURVE('',#11238,#11310,#11337,.T.);
#11337 = SURFACE_CURVE('',#11338,(#11341,#11348),.PCURVE_S1.);
#11338 = B_SPLINE_CURVE_WITH_KNOTS('',1,(#11339,#11340),.UNSPECIFIED.,
  .F.,.F.,(2,2),(0.,1.),.PIECEWISE_BEZIER_KNOTS.);
#11339 = CARTESIAN_POINT('',(-3.87980130135,2.679801276761,0.));
#11340 = CARTESIAN_POINT('',(-3.181437067107,2.181437047548,
    83.140074024227));
#11341 = PCURVE('',#11246,#11342);
#11342 = DEFINITIONAL_REPRESENTATION('',(#11343),#11347);
#11343 = LINE('',#11344,#11345);
#11344 = CARTESIAN_POINT('',(-2.679801276761,0.));
#11345 = VECTOR('',#11346,1.);
#11346 = DIRECTION('',(0.,1.));
#11347 = ( GEOMETRIC_REPRESENTATION_CONTEXT(2) 
PARAMETRIC_REPRESENTATION_CONTEXT() REPRESENTATION_CONTEXT('2D SPACE',''
  ) );
#11348 = PCURVE('',#11349,#11366);
#11349 = B_SPLINE_SURFACE_WITH_KNOTS('',7,1,(
    (#11350,#11351)
    ,(#11352,#11353)
    ,(#11354,#11355)
    ,(#11356,#11357)
    ,(#11358,#11359)
    ,(#11360,#11361)
    ,(#11362,#11363)
    ,(#11364,#11365
    )),.UNSPECIFIED.,.F.,.F.,.F.,(8,8),(2,2),(4.712388980385,
    6.28318530718),(0.,1.),.PIECEWISE_BEZIER_KNOTS.);
#11350 = CARTESIAN_POINT('',(-2.67980130135,3.879801276761,0.));
#11351 = CARTESIAN_POINT('',(-2.181437067107,3.181437047548,
    83.140074024227));
#11352 = CARTESIAN_POINT('',(-2.949080671658,3.879801276761,0.));
#11353 = CARTESIAN_POINT('',(-2.405836542364,3.181437047548,
    83.140074024228));
#11354 = CARTESIAN_POINT('',(-3.21835873933,3.809302612899,0.));
#11355 = CARTESIAN_POINT('',(-2.63023493209,3.122688160996,
    83.140074024225));
#11356 = CARTESIAN_POINT('',(-3.465497630338,3.668316543404,0.));
#11357 = CARTESIAN_POINT('',(-2.83618400793,3.00519976975,
    83.140074024231));
#11358 = CARTESIAN_POINT('',(-3.668316567993,3.465497605749,0.));
#11359 = CARTESIAN_POINT('',(-3.005199789309,2.836183988371,
    83.140074024224));
#11360 = CARTESIAN_POINT('',(-3.809302637488,3.218358714741,0.));
#11361 = CARTESIAN_POINT('',(-3.122688180556,2.630234912531,
    83.140074024229));
#11362 = CARTESIAN_POINT('',(-3.87980130135,2.949080647069,0.));
#11363 = CARTESIAN_POINT('',(-3.181437067107,2.405836522804,
    83.140074024227));
#11364 = CARTESIAN_POINT('',(-3.87980130135,2.679801276761,0.));
#11365 = CARTESIAN_POINT('',(-3.181437067107,2.181437047548,
    83.140074024227));
#11366 = DEFINITIONAL_REPRESENTATION('',(#11367),#11371);
#11367 = LINE('',#11368,#11369);
#11368 = CARTESIAN_POINT('',(6.28318530718,0.));
#11369 = VECTOR('',#11370,1.);
#11370 = DIRECTION('',(0.,1.));
#11371 = ( GEOMETRIC_REPRESENTATION_CONTEXT(2) 
PARAMETRIC_REPRESENTATION_CONTEXT() REPRESENTATION_CONTEXT('2D SPACE',''
  ) );
#11372 = ADVANCED_FACE('',(#11373),#11285,.T.);
#11373 = FACE_BOUND('',#11374,.T.);
#11374 = EDGE_LOOP('',(#11375,#11399,#11426,#11448));
#11375 = ORIENTED_EDGE('',*,*,#11376,.F.);
#11376 = EDGE_CURVE('',#11377,#11236,#11379,.T.);
#11377 = VERTEX_POINT('',#11378);
#11378 = CARTESIAN_POINT('',(-2.67980130135,-3.87980130135,0.));
#11379 = SURFACE_CURVE('',#11380,(#11385,#11392),.PCURVE_S1.);
#11380 = CIRCLE('',#11381,1.2);
#11381 = AXIS2_PLACEMENT_3D('',#11382,#11383,#11384);
#11382 = CARTESIAN_POINT('',(-2.67980130135,-2.67980130135,0.));
#11383 = DIRECTION('',(0.,0.,-1.));
#11384 = DIRECTION('',(-1.,0.,0.));
#11385 = PCURVE('',#11285,#11386);
#11386 = DEFINITIONAL_REPRESENTATION('',(#11387),#11391);
#11387 = LINE('',#11388,#11389);
#11388 = CARTESIAN_POINT('',(6.28318530718,0.));
#11389 = VECTOR('',#11390,1.);
#11390 = DIRECTION('',(-1.,0.));
#11391 = ( GEOMETRIC_REPRESENTATION_CONTEXT(2) 
PARAMETRIC_REPRESENTATION_CONTEXT() REPRESENTATION_CONTEXT('2D SPACE',''
  ) );
#11392 = PCURVE('',#11258,#11393);
#11393 = DEFINITIONAL_REPRESENTATION('',(#11394),#11398);
#11394 = CIRCLE('',#11395,1.2);
#11395 = AXIS2_PLACEMENT_2D('',#11396,#11397);
#11396 = CARTESIAN_POINT('',(0.,0.));
#11397 = DIRECTION('',(1.,0.));
#11398 = ( GEOMETRIC_REPRESENTATION_CONTEXT(2) 
PARAMETRIC_REPRESENTATION_CONTEXT() REPRESENTATION_CONTEXT('2D SPACE',''
  ) );
#11399 = ORIENTED_EDGE('',*,*,#11400,.T.);
#11400 = EDGE_CURVE('',#11377,#11401,#11403,.T.);
#11401 = VERTEX_POINT('',#11402);
#11402 = CARTESIAN_POINT('',(-2.181437067107,-3.181437067107,
    83.140074024227));
#11403 = SURFACE_CURVE('',#11404,(#11407,#11414),.PCURVE_S1.);
#11404 = B_SPLINE_CURVE_WITH_KNOTS('',1,(#11405,#11406),.UNSPECIFIED.,
  .F.,.F.,(2,2),(0.,1.),.PIECEWISE_BEZIER_KNOTS.);
#11405 = CARTESIAN_POINT('',(-2.67980130135,-3.87980130135,0.));
#11406 = CARTESIAN_POINT('',(-2.181437067107,-3.181437067107,
    83.140074024227));
#11407 = PCURVE('',#11285,#11408);
#11408 = DEFINITIONAL_REPRESENTATION('',(#11409),#11413);
#11409 = LINE('',#11410,#11411);
#11410 = CARTESIAN_POINT('',(1.570796326795,0.));
#11411 = VECTOR('',#11412,1.);
#11412 = DIRECTION('',(0.,1.));
#11413 = ( GEOMETRIC_REPRESENTATION_CONTEXT(2) 
PARAMETRIC_REPRESENTATION_CONTEXT() REPRESENTATION_CONTEXT('2D SPACE',''
  ) );
#11414 = PCURVE('',#11415,#11420);
#11415 = B_SPLINE_SURFACE_WITH_KNOTS('',1,1,(
    (#11416,#11417)
    ,(#11418,#11419
    )),.UNSPECIFIED.,.F.,.F.,.F.,(2,2),(2,2),(-2.67980130135,
    2.679801276761),(0.,1.),.PIECEWISE_BEZIER_KNOTS.);
#11416 = CARTESIAN_POINT('',(-2.67980130135,-3.87980130135,0.));
#11417 = CARTESIAN_POINT('',(-2.181437067107,-3.181437067107,
    83.140074024227));
#11418 = CARTESIAN_POINT('',(2.679801276761,-3.87980130135,0.));
#11419 = CARTESIAN_POINT('',(2.181437047548,-3.181437067107,
    83.140074024227));
#11420 = DEFINITIONAL_REPRESENTATION('',(#11421),#11425);
#11421 = LINE('',#11422,#11423);
#11422 = CARTESIAN_POINT('',(-2.67980130135,0.));
#11423 = VECTOR('',#11424,1.);
#11424 = DIRECTION('',(0.,1.));
#11425 = ( GEOMETRIC_REPRESENTATION_CONTEXT(2) 
PARAMETRIC_REPRESENTATION_CONTEXT() REPRESENTATION_CONTEXT('2D SPACE',''
  ) );
#11426 = ORIENTED_EDGE('',*,*,#11427,.F.);
#11427 = EDGE_CURVE('',#11271,#11401,#11428,.T.);
#11428 = SURFACE_CURVE('',#11429,(#11434,#11441),.PCURVE_S1.);
#11429 = CIRCLE('',#11430,1.);
#11430 = AXIS2_PLACEMENT_3D('',#11431,#11432,#11433);
#11431 = CARTESIAN_POINT('',(-2.181437067107,-2.181437067107,
    83.140074024227));
#11432 = DIRECTION('',(0.,0.,1.));
#11433 = DIRECTION('',(1.,0.,0.));
#11434 = PCURVE('',#11285,#11435);
#11435 = DEFINITIONAL_REPRESENTATION('',(#11436),#11440);
#11436 = LINE('',#11437,#11438);
#11437 = CARTESIAN_POINT('',(-3.14159265359,1.));
#11438 = VECTOR('',#11439,1.);
#11439 = DIRECTION('',(1.,0.));
#11440 = ( GEOMETRIC_REPRESENTATION_CONTEXT(2) 
PARAMETRIC_REPRESENTATION_CONTEXT() REPRESENTATION_CONTEXT('2D SPACE',''
  ) );
#11441 = PCURVE('',#11324,#11442);
#11442 = DEFINITIONAL_REPRESENTATION('',(#11443),#11447);
#11443 = CIRCLE('',#11444,1.);
#11444 = AXIS2_PLACEMENT_2D('',#11445,#11446);
#11445 = CARTESIAN_POINT('',(0.,0.));
#11446 = DIRECTION('',(1.,0.));
#11447 = ( GEOMETRIC_REPRESENTATION_CONTEXT(2) 
PARAMETRIC_REPRESENTATION_CONTEXT() REPRESENTATION_CONTEXT('2D SPACE',''
  ) );
#11448 = ORIENTED_EDGE('',*,*,#11270,.F.);
#11449 = ADVANCED_FACE('',(#11450),#11415,.T.);
#11450 = FACE_BOUND('',#11451,.T.);
#11451 = EDGE_LOOP('',(#11452,#11475,#11514,#11534));
#11452 = ORIENTED_EDGE('',*,*,#11453,.T.);
#11453 = EDGE_CURVE('',#11377,#11454,#11456,.T.);
#11454 = VERTEX_POINT('',#11455);
#11455 = CARTESIAN_POINT('',(2.679801276761,-3.87980130135,0.));
#11456 = SURFACE_CURVE('',#11457,(#11461,#11468),.PCURVE_S1.);
#11457 = LINE('',#11458,#11459);
#11458 = CARTESIAN_POINT('',(-2.22044604925E-16,-3.87980130135,0.));
#11459 = VECTOR('',#11460,1.);
#11460 = DIRECTION('',(1.,0.,0.));
#11461 = PCURVE('',#11415,#11462);
#11462 = DEFINITIONAL_REPRESENTATION('',(#11463),#11467);
#11463 = LINE('',#11464,#11465);
#11464 = CARTESIAN_POINT('',(0.,0.));
#11465 = VECTOR('',#11466,1.);
#11466 = DIRECTION('',(1.,0.));
#11467 = ( GEOMETRIC_REPRESENTATION_CONTEXT(2) 
PARAMETRIC_REPRESENTATION_CONTEXT() REPRESENTATION_CONTEXT('2D SPACE',''
  ) );
#11468 = PCURVE('',#11258,#11469);
#11469 = DEFINITIONAL_REPRESENTATION('',(#11470),#11474);
#11470 = LINE('',#11471,#11472);
#11471 = CARTESIAN_POINT('',(-2.67980130135,-1.2));
#11472 = VECTOR('',#11473,1.);
#11473 = DIRECTION('',(-1.,0.));
#11474 = ( GEOMETRIC_REPRESENTATION_CONTEXT(2) 
PARAMETRIC_REPRESENTATION_CONTEXT() REPRESENTATION_CONTEXT('2D SPACE',''
  ) );
#11475 = ORIENTED_EDGE('',*,*,#11476,.T.);
#11476 = EDGE_CURVE('',#11454,#11477,#11479,.T.);
#11477 = VERTEX_POINT('',#11478);
#11478 = CARTESIAN_POINT('',(2.181437047548,-3.181437067107,
    83.140074024227));
#11479 = SURFACE_CURVE('',#11480,(#11483,#11490),.PCURVE_S1.);
#11480 = B_SPLINE_CURVE_WITH_KNOTS('',1,(#11481,#11482),.UNSPECIFIED.,
  .F.,.F.,(2,2),(0.,1.),.PIECEWISE_BEZIER_KNOTS.);
#11481 = CARTESIAN_POINT('',(2.679801276761,-3.87980130135,0.));
#11482 = CARTESIAN_POINT('',(2.181437047548,-3.181437067107,
    83.140074024227));
#11483 = PCURVE('',#11415,#11484);
#11484 = DEFINITIONAL_REPRESENTATION('',(#11485),#11489);
#11485 = LINE('',#11486,#11487);
#11486 = CARTESIAN_POINT('',(2.679801276761,0.));
#11487 = VECTOR('',#11488,1.);
#11488 = DIRECTION('',(0.,1.));
#11489 = ( GEOMETRIC_REPRESENTATION_CONTEXT(2) 
PARAMETRIC_REPRESENTATION_CONTEXT() REPRESENTATION_CONTEXT('2D SPACE',''
  ) );
#11490 = PCURVE('',#11491,#11508);
#11491 = B_SPLINE_SURFACE_WITH_KNOTS('',7,1,(
    (#11492,#11493)
    ,(#11494,#11495)
    ,(#11496,#11497)
    ,(#11498,#11499)
    ,(#11500,#11501)
    ,(#11502,#11503)
    ,(#11504,#11505)
    ,(#11506,#11507
    )),.UNSPECIFIED.,.F.,.F.,.F.,(8,8),(2,2),(1.570796326795,
    3.14159265359),(0.,1.),.PIECEWISE_BEZIER_KNOTS.);
#11492 = CARTESIAN_POINT('',(2.679801276761,-3.87980130135,0.));
#11493 = CARTESIAN_POINT('',(2.181437047548,-3.181437067107,
    83.140074024227));
#11494 = CARTESIAN_POINT('',(2.949080647069,-3.87980130135,0.));
#11495 = CARTESIAN_POINT('',(2.405836522804,-3.181437067107,
    83.140074024228));
#11496 = CARTESIAN_POINT('',(3.218358714741,-3.809302637488,0.));
#11497 = CARTESIAN_POINT('',(2.630234912531,-3.122688180555,
    83.140074024226));
#11498 = CARTESIAN_POINT('',(3.465497605749,-3.668316567993,0.));
#11499 = CARTESIAN_POINT('',(2.836183988371,-3.005199789309,
    83.140074024229));
#11500 = CARTESIAN_POINT('',(3.668316543404,-3.465497630338,0.));
#11501 = CARTESIAN_POINT('',(3.00519976975,-2.83618400793,
    83.140074024226));
#11502 = CARTESIAN_POINT('',(3.809302612899,-3.21835873933,0.));
#11503 = CARTESIAN_POINT('',(3.122688160996,-2.630234932091,
    83.140074024228));
#11504 = CARTESIAN_POINT('',(3.879801276761,-2.949080671658,0.));
#11505 = CARTESIAN_POINT('',(3.181437047548,-2.405836542363,
    83.140074024227));
#11506 = CARTESIAN_POINT('',(3.879801276761,-2.67980130135,0.));
#11507 = CARTESIAN_POINT('',(3.181437047548,-2.181437067107,
    83.140074024227));
#11508 = DEFINITIONAL_REPRESENTATION('',(#11509),#11513);
#11509 = LINE('',#11510,#11511);
#11510 = CARTESIAN_POINT('',(1.570796326795,0.));
#11511 = VECTOR('',#11512,1.);
#11512 = DIRECTION('',(0.,1.));
#11513 = ( GEOMETRIC_REPRESENTATION_CONTEXT(2) 
PARAMETRIC_REPRESENTATION_CONTEXT() REPRESENTATION_CONTEXT('2D SPACE',''
  ) );
#11514 = ORIENTED_EDGE('',*,*,#11515,.F.);
#11515 = EDGE_CURVE('',#11401,#11477,#11516,.T.);
#11516 = SURFACE_CURVE('',#11517,(#11521,#11527),.PCURVE_S1.);
#11517 = LINE('',#11518,#11519);
#11518 = CARTESIAN_POINT('',(0.,-3.181437067107,83.140074024227));
#11519 = VECTOR('',#11520,1.);
#11520 = DIRECTION('',(1.,0.,0.));
#11521 = PCURVE('',#11415,#11522);
#11522 = DEFINITIONAL_REPRESENTATION('',(#11523),#11526);
#11523 = B_SPLINE_CURVE_WITH_KNOTS('',1,(#11524,#11525),.UNSPECIFIED.,
  .F.,.F.,(2,2),(-2.181437067107,2.181437047548),
  .PIECEWISE_BEZIER_KNOTS.);
#11524 = CARTESIAN_POINT('',(-2.67980130135,1.));
#11525 = CARTESIAN_POINT('',(2.679801276761,1.));
#11526 = ( GEOMETRIC_REPRESENTATION_CONTEXT(2) 
PARAMETRIC_REPRESENTATION_CONTEXT() REPRESENTATION_CONTEXT('2D SPACE',''
  ) );
#11527 = PCURVE('',#11324,#11528);
#11528 = DEFINITIONAL_REPRESENTATION('',(#11529),#11533);
#11529 = LINE('',#11530,#11531);
#11530 = CARTESIAN_POINT('',(2.181437067107,-1.));
#11531 = VECTOR('',#11532,1.);
#11532 = DIRECTION('',(1.,0.));
#11533 = ( GEOMETRIC_REPRESENTATION_CONTEXT(2) 
PARAMETRIC_REPRESENTATION_CONTEXT() REPRESENTATION_CONTEXT('2D SPACE',''
  ) );
#11534 = ORIENTED_EDGE('',*,*,#11400,.F.);
#11535 = ADVANCED_FACE('',(#11536),#11491,.T.);
#11536 = FACE_BOUND('',#11537,.T.);
#11537 = EDGE_LOOP('',(#11538,#11562,#11589,#11611));
#11538 = ORIENTED_EDGE('',*,*,#11539,.F.);
#11539 = EDGE_CURVE('',#11540,#11454,#11542,.T.);
#11540 = VERTEX_POINT('',#11541);
#11541 = CARTESIAN_POINT('',(3.879801289056,-2.67980130135,0.));
#11542 = SURFACE_CURVE('',#11543,(#11548,#11555),.PCURVE_S1.);
#11543 = CIRCLE('',#11544,1.2);
#11544 = AXIS2_PLACEMENT_3D('',#11545,#11546,#11547);
#11545 = CARTESIAN_POINT('',(2.679801276761,-2.67980130135,0.));
#11546 = DIRECTION('',(0.,0.,-1.));
#11547 = DIRECTION('',(-1.,0.,0.));
#11548 = PCURVE('',#11491,#11549);
#11549 = DEFINITIONAL_REPRESENTATION('',(#11550),#11554);
#11550 = LINE('',#11551,#11552);
#11551 = CARTESIAN_POINT('',(6.28318530718,0.));
#11552 = VECTOR('',#11553,1.);
#11553 = DIRECTION('',(-1.,0.));
#11554 = ( GEOMETRIC_REPRESENTATION_CONTEXT(2) 
PARAMETRIC_REPRESENTATION_CONTEXT() REPRESENTATION_CONTEXT('2D SPACE',''
  ) );
#11555 = PCURVE('',#11258,#11556);
#11556 = DEFINITIONAL_REPRESENTATION('',(#11557),#11561);
#11557 = CIRCLE('',#11558,1.2);
#11558 = AXIS2_PLACEMENT_2D('',#11559,#11560);
#11559 = CARTESIAN_POINT('',(-5.359602578111,1.7763568394E-14));
#11560 = DIRECTION('',(1.,0.));
#11561 = ( GEOMETRIC_REPRESENTATION_CONTEXT(2) 
PARAMETRIC_REPRESENTATION_CONTEXT() REPRESENTATION_CONTEXT('2D SPACE',''
  ) );
#11562 = ORIENTED_EDGE('',*,*,#11563,.T.);
#11563 = EDGE_CURVE('',#11540,#11564,#11566,.T.);
#11564 = VERTEX_POINT('',#11565);
#11565 = CARTESIAN_POINT('',(3.181437057327,-2.181437067107,
    83.140074024227));
#11566 = SURFACE_CURVE('',#11567,(#11570,#11577),.PCURVE_S1.);
#11567 = B_SPLINE_CURVE_WITH_KNOTS('',1,(#11568,#11569),.UNSPECIFIED.,
  .F.,.F.,(2,2),(0.,1.),.PIECEWISE_BEZIER_KNOTS.);
#11568 = CARTESIAN_POINT('',(3.879801276761,-2.67980130135,0.));
#11569 = CARTESIAN_POINT('',(3.181437047548,-2.181437067107,
    83.140074024227));
#11570 = PCURVE('',#11491,#11571);
#11571 = DEFINITIONAL_REPRESENTATION('',(#11572),#11576);
#11572 = LINE('',#11573,#11574);
#11573 = CARTESIAN_POINT('',(3.14159265359,0.));
#11574 = VECTOR('',#11575,1.);
#11575 = DIRECTION('',(0.,1.));
#11576 = ( GEOMETRIC_REPRESENTATION_CONTEXT(2) 
PARAMETRIC_REPRESENTATION_CONTEXT() REPRESENTATION_CONTEXT('2D SPACE',''
  ) );
#11577 = PCURVE('',#11578,#11583);
#11578 = B_SPLINE_SURFACE_WITH_KNOTS('',1,1,(
    (#11579,#11580)
    ,(#11581,#11582
    )),.UNSPECIFIED.,.F.,.F.,.F.,(2,2),(2,2),(-2.67980130135,
    2.679801276761),(0.,1.),.PIECEWISE_BEZIER_KNOTS.);
#11579 = CARTESIAN_POINT('',(3.87980130135,-2.67980130135,0.));
#11580 = CARTESIAN_POINT('',(3.181437067107,-2.181437067107,
    83.140074024227));
#11581 = CARTESIAN_POINT('',(3.87980130135,2.679801276761,0.));
#11582 = CARTESIAN_POINT('',(3.181437067107,2.181437047548,
    83.140074024227));
#11583 = DEFINITIONAL_REPRESENTATION('',(#11584),#11588);
#11584 = LINE('',#11585,#11586);
#11585 = CARTESIAN_POINT('',(-2.67980130135,0.));
#11586 = VECTOR('',#11587,1.);
#11587 = DIRECTION('',(0.,1.));
#11588 = ( GEOMETRIC_REPRESENTATION_CONTEXT(2) 
PARAMETRIC_REPRESENTATION_CONTEXT() REPRESENTATION_CONTEXT('2D SPACE',''
  ) );
#11589 = ORIENTED_EDGE('',*,*,#11590,.F.);
#11590 = EDGE_CURVE('',#11477,#11564,#11591,.T.);
#11591 = SURFACE_CURVE('',#11592,(#11597,#11604),.PCURVE_S1.);
#11592 = CIRCLE('',#11593,1.);
#11593 = AXIS2_PLACEMENT_3D('',#11594,#11595,#11596);
#11594 = CARTESIAN_POINT('',(2.181437047548,-2.181437067107,
    83.140074024227));
#11595 = DIRECTION('',(0.,0.,1.));
#11596 = DIRECTION('',(1.,0.,0.));
#11597 = PCURVE('',#11491,#11598);
#11598 = DEFINITIONAL_REPRESENTATION('',(#11599),#11603);
#11599 = LINE('',#11600,#11601);
#11600 = CARTESIAN_POINT('',(-3.14159265359,1.));
#11601 = VECTOR('',#11602,1.);
#11602 = DIRECTION('',(1.,0.));
#11603 = ( GEOMETRIC_REPRESENTATION_CONTEXT(2) 
PARAMETRIC_REPRESENTATION_CONTEXT() REPRESENTATION_CONTEXT('2D SPACE',''
  ) );
#11604 = PCURVE('',#11324,#11605);
#11605 = DEFINITIONAL_REPRESENTATION('',(#11606),#11610);
#11606 = CIRCLE('',#11607,1.);
#11607 = AXIS2_PLACEMENT_2D('',#11608,#11609);
#11608 = CARTESIAN_POINT('',(4.362874114655,1.42108547152E-14));
#11609 = DIRECTION('',(1.,0.));
#11610 = ( GEOMETRIC_REPRESENTATION_CONTEXT(2) 
PARAMETRIC_REPRESENTATION_CONTEXT() REPRESENTATION_CONTEXT('2D SPACE',''
  ) );
#11611 = ORIENTED_EDGE('',*,*,#11476,.F.);
#11612 = ADVANCED_FACE('',(#11613),#11578,.T.);
#11613 = FACE_BOUND('',#11614,.T.);
#11614 = EDGE_LOOP('',(#11615,#11638,#11677,#11697));
#11615 = ORIENTED_EDGE('',*,*,#11616,.T.);
#11616 = EDGE_CURVE('',#11540,#11617,#11619,.T.);
#11617 = VERTEX_POINT('',#11618);
#11618 = CARTESIAN_POINT('',(3.87980130135,2.679801276761,0.));
#11619 = SURFACE_CURVE('',#11620,(#11624,#11631),.PCURVE_S1.);
#11620 = LINE('',#11621,#11622);
#11621 = CARTESIAN_POINT('',(3.87980130135,9.103828801926E-15,0.));
#11622 = VECTOR('',#11623,1.);
#11623 = DIRECTION('',(0.,1.,0.));
#11624 = PCURVE('',#11578,#11625);
#11625 = DEFINITIONAL_REPRESENTATION('',(#11626),#11630);
#11626 = LINE('',#11627,#11628);
#11627 = CARTESIAN_POINT('',(0.,0.));
#11628 = VECTOR('',#11629,1.);
#11629 = DIRECTION('',(1.,0.));
#11630 = ( GEOMETRIC_REPRESENTATION_CONTEXT(2) 
PARAMETRIC_REPRESENTATION_CONTEXT() REPRESENTATION_CONTEXT('2D SPACE',''
  ) );
#11631 = PCURVE('',#11258,#11632);
#11632 = DEFINITIONAL_REPRESENTATION('',(#11633),#11637);
#11633 = LINE('',#11634,#11635);
#11634 = CARTESIAN_POINT('',(-6.5596026027,2.67980130135));
#11635 = VECTOR('',#11636,1.);
#11636 = DIRECTION('',(0.,1.));
#11637 = ( GEOMETRIC_REPRESENTATION_CONTEXT(2) 
PARAMETRIC_REPRESENTATION_CONTEXT() REPRESENTATION_CONTEXT('2D SPACE',''
  ) );
#11638 = ORIENTED_EDGE('',*,*,#11639,.T.);
#11639 = EDGE_CURVE('',#11617,#11640,#11642,.T.);
#11640 = VERTEX_POINT('',#11641);
#11641 = CARTESIAN_POINT('',(3.181437067107,2.181437047548,
    83.140074024227));
#11642 = SURFACE_CURVE('',#11643,(#11646,#11653),.PCURVE_S1.);
#11643 = B_SPLINE_CURVE_WITH_KNOTS('',1,(#11644,#11645),.UNSPECIFIED.,
  .F.,.F.,(2,2),(0.,1.),.PIECEWISE_BEZIER_KNOTS.);
#11644 = CARTESIAN_POINT('',(3.87980130135,2.679801276761,0.));
#11645 = CARTESIAN_POINT('',(3.181437067107,2.181437047548,
    83.140074024227));
#11646 = PCURVE('',#11578,#11647);
#11647 = DEFINITIONAL_REPRESENTATION('',(#11648),#11652);
#11648 = LINE('',#11649,#11650);
#11649 = CARTESIAN_POINT('',(2.679801276761,0.));
#11650 = VECTOR('',#11651,1.);
#11651 = DIRECTION('',(0.,1.));
#11652 = ( GEOMETRIC_REPRESENTATION_CONTEXT(2) 
PARAMETRIC_REPRESENTATION_CONTEXT() REPRESENTATION_CONTEXT('2D SPACE',''
  ) );
#11653 = PCURVE('',#11654,#11671);
#11654 = B_SPLINE_SURFACE_WITH_KNOTS('',7,1,(
    (#11655,#11656)
    ,(#11657,#11658)
    ,(#11659,#11660)
    ,(#11661,#11662)
    ,(#11663,#11664)
    ,(#11665,#11666)
    ,(#11667,#11668)
    ,(#11669,#11670
    )),.UNSPECIFIED.,.F.,.F.,.F.,(8,8),(2,2),(3.14159265359,
    4.712388980385),(0.,1.),.PIECEWISE_BEZIER_KNOTS.);
#11655 = CARTESIAN_POINT('',(3.87980130135,2.679801276761,0.));
#11656 = CARTESIAN_POINT('',(3.181437067107,2.181437047548,
    83.140074024227));
#11657 = CARTESIAN_POINT('',(3.87980130135,2.949080647069,0.));
#11658 = CARTESIAN_POINT('',(3.181437067107,2.405836522804,
    83.140074024227));
#11659 = CARTESIAN_POINT('',(3.809302637488,3.218358714741,0.));
#11660 = CARTESIAN_POINT('',(3.122688180555,2.630234912531,
    83.140074024226));
#11661 = CARTESIAN_POINT('',(3.668316567993,3.465497605749,0.));
#11662 = CARTESIAN_POINT('',(3.005199789309,2.836183988371,
    83.140074024229));
#11663 = CARTESIAN_POINT('',(3.465497630338,3.668316543404,0.));
#11664 = CARTESIAN_POINT('',(2.83618400793,3.00519976975,83.140074024226
    ));
#11665 = CARTESIAN_POINT('',(3.21835873933,3.809302612899,0.));
#11666 = CARTESIAN_POINT('',(2.630234932091,3.122688160996,
    83.140074024228));
#11667 = CARTESIAN_POINT('',(2.949080671658,3.879801276761,0.));
#11668 = CARTESIAN_POINT('',(2.405836542363,3.181437047548,
    83.140074024227));
#11669 = CARTESIAN_POINT('',(2.67980130135,3.879801276761,0.));
#11670 = CARTESIAN_POINT('',(2.181437067107,3.181437047548,
    83.140074024227));
#11671 = DEFINITIONAL_REPRESENTATION('',(#11672),#11676);
#11672 = LINE('',#11673,#11674);
#11673 = CARTESIAN_POINT('',(3.14159265359,0.));
#11674 = VECTOR('',#11675,1.);
#11675 = DIRECTION('',(0.,1.));
#11676 = ( GEOMETRIC_REPRESENTATION_CONTEXT(2) 
PARAMETRIC_REPRESENTATION_CONTEXT() REPRESENTATION_CONTEXT('2D SPACE',''
  ) );
#11677 = ORIENTED_EDGE('',*,*,#11678,.F.);
#11678 = EDGE_CURVE('',#11564,#11640,#11679,.T.);
#11679 = SURFACE_CURVE('',#11680,(#11684,#11690),.PCURVE_S1.);
#11680 = LINE('',#11681,#11682);
#11681 = CARTESIAN_POINT('',(3.181437067107,7.105427357601E-15,
    83.140074024227));
#11682 = VECTOR('',#11683,1.);
#11683 = DIRECTION('',(0.,1.,0.));
#11684 = PCURVE('',#11578,#11685);
#11685 = DEFINITIONAL_REPRESENTATION('',(#11686),#11689);
#11686 = B_SPLINE_CURVE_WITH_KNOTS('',1,(#11687,#11688),.UNSPECIFIED.,
  .F.,.F.,(2,2),(-2.181437067107,2.181437047548),
  .PIECEWISE_BEZIER_KNOTS.);
#11687 = CARTESIAN_POINT('',(-2.67980130135,1.));
#11688 = CARTESIAN_POINT('',(2.679801276761,1.));
#11689 = ( GEOMETRIC_REPRESENTATION_CONTEXT(2) 
PARAMETRIC_REPRESENTATION_CONTEXT() REPRESENTATION_CONTEXT('2D SPACE',''
  ) );
#11690 = PCURVE('',#11324,#11691);
#11691 = DEFINITIONAL_REPRESENTATION('',(#11692),#11696);
#11692 = LINE('',#11693,#11694);
#11693 = CARTESIAN_POINT('',(5.362874134214,2.181437067107));
#11694 = VECTOR('',#11695,1.);
#11695 = DIRECTION('',(0.,1.));
#11696 = ( GEOMETRIC_REPRESENTATION_CONTEXT(2) 
PARAMETRIC_REPRESENTATION_CONTEXT() REPRESENTATION_CONTEXT('2D SPACE',''
  ) );
#11697 = ORIENTED_EDGE('',*,*,#11563,.F.);
#11698 = ADVANCED_FACE('',(#11699),#11654,.T.);
#11699 = FACE_BOUND('',#11700,.T.);
#11700 = EDGE_LOOP('',(#11701,#11725,#11752,#11774));
#11701 = ORIENTED_EDGE('',*,*,#11702,.F.);
#11702 = EDGE_CURVE('',#11703,#11617,#11705,.T.);
#11703 = VERTEX_POINT('',#11704);
#11704 = CARTESIAN_POINT('',(2.67980130135,3.879801289056,0.));
#11705 = SURFACE_CURVE('',#11706,(#11711,#11718),.PCURVE_S1.);
#11706 = CIRCLE('',#11707,1.2);
#11707 = AXIS2_PLACEMENT_3D('',#11708,#11709,#11710);
#11708 = CARTESIAN_POINT('',(2.67980130135,2.679801276761,0.));
#11709 = DIRECTION('',(0.,0.,-1.));
#11710 = DIRECTION('',(-1.,0.,0.));
#11711 = PCURVE('',#11654,#11712);
#11712 = DEFINITIONAL_REPRESENTATION('',(#11713),#11717);
#11713 = LINE('',#11714,#11715);
#11714 = CARTESIAN_POINT('',(6.28318530718,0.));
#11715 = VECTOR('',#11716,1.);
#11716 = DIRECTION('',(-1.,0.));
#11717 = ( GEOMETRIC_REPRESENTATION_CONTEXT(2) 
PARAMETRIC_REPRESENTATION_CONTEXT() REPRESENTATION_CONTEXT('2D SPACE',''
  ) );
#11718 = PCURVE('',#11258,#11719);
#11719 = DEFINITIONAL_REPRESENTATION('',(#11720),#11724);
#11720 = CIRCLE('',#11721,1.2);
#11721 = AXIS2_PLACEMENT_2D('',#11722,#11723);
#11722 = CARTESIAN_POINT('',(-5.3596026027,5.359602578111));
#11723 = DIRECTION('',(1.,0.));
#11724 = ( GEOMETRIC_REPRESENTATION_CONTEXT(2) 
PARAMETRIC_REPRESENTATION_CONTEXT() REPRESENTATION_CONTEXT('2D SPACE',''
  ) );
#11725 = ORIENTED_EDGE('',*,*,#11726,.T.);
#11726 = EDGE_CURVE('',#11703,#11727,#11729,.T.);
#11727 = VERTEX_POINT('',#11728);
#11728 = CARTESIAN_POINT('',(2.181437067107,3.181437057327,
    83.140074024227));
#11729 = SURFACE_CURVE('',#11730,(#11733,#11740),.PCURVE_S1.);
#11730 = B_SPLINE_CURVE_WITH_KNOTS('',1,(#11731,#11732),.UNSPECIFIED.,
  .F.,.F.,(2,2),(0.,1.),.PIECEWISE_BEZIER_KNOTS.);
#11731 = CARTESIAN_POINT('',(2.67980130135,3.879801276761,0.));
#11732 = CARTESIAN_POINT('',(2.181437067107,3.181437047548,
    83.140074024227));
#11733 = PCURVE('',#11654,#11734);
#11734 = DEFINITIONAL_REPRESENTATION('',(#11735),#11739);
#11735 = LINE('',#11736,#11737);
#11736 = CARTESIAN_POINT('',(4.712388980385,0.));
#11737 = VECTOR('',#11738,1.);
#11738 = DIRECTION('',(0.,1.));
#11739 = ( GEOMETRIC_REPRESENTATION_CONTEXT(2) 
PARAMETRIC_REPRESENTATION_CONTEXT() REPRESENTATION_CONTEXT('2D SPACE',''
  ) );
#11740 = PCURVE('',#11741,#11746);
#11741 = B_SPLINE_SURFACE_WITH_KNOTS('',1,1,(
    (#11742,#11743)
    ,(#11744,#11745
    )),.UNSPECIFIED.,.F.,.F.,.F.,(2,2),(2,2),(-2.67980130135,
    2.67980130135),(0.,1.),.PIECEWISE_BEZIER_KNOTS.);
#11742 = CARTESIAN_POINT('',(2.67980130135,3.87980130135,0.));
#11743 = CARTESIAN_POINT('',(2.181437067107,3.181437067107,
    83.140074024227));
#11744 = CARTESIAN_POINT('',(-2.67980130135,3.87980130135,0.));
#11745 = CARTESIAN_POINT('',(-2.181437067107,3.181437067107,
    83.140074024227));
#11746 = DEFINITIONAL_REPRESENTATION('',(#11747),#11751);
#11747 = LINE('',#11748,#11749);
#11748 = CARTESIAN_POINT('',(-2.67980130135,0.));
#11749 = VECTOR('',#11750,1.);
#11750 = DIRECTION('',(0.,1.));
#11751 = ( GEOMETRIC_REPRESENTATION_CONTEXT(2) 
PARAMETRIC_REPRESENTATION_CONTEXT() REPRESENTATION_CONTEXT('2D SPACE',''
  ) );
#11752 = ORIENTED_EDGE('',*,*,#11753,.F.);
#11753 = EDGE_CURVE('',#11640,#11727,#11754,.T.);
#11754 = SURFACE_CURVE('',#11755,(#11760,#11767),.PCURVE_S1.);
#11755 = CIRCLE('',#11756,1.);
#11756 = AXIS2_PLACEMENT_3D('',#11757,#11758,#11759);
#11757 = CARTESIAN_POINT('',(2.181437067107,2.181437047548,
    83.140074024227));
#11758 = DIRECTION('',(0.,0.,1.));
#11759 = DIRECTION('',(1.,0.,0.));
#11760 = PCURVE('',#11654,#11761);
#11761 = DEFINITIONAL_REPRESENTATION('',(#11762),#11766);
#11762 = LINE('',#11763,#11764);
#11763 = CARTESIAN_POINT('',(3.14159265359,1.));
#11764 = VECTOR('',#11765,1.);
#11765 = DIRECTION('',(1.,0.));
#11766 = ( GEOMETRIC_REPRESENTATION_CONTEXT(2) 
PARAMETRIC_REPRESENTATION_CONTEXT() REPRESENTATION_CONTEXT('2D SPACE',''
  ) );
#11767 = PCURVE('',#11324,#11768);
#11768 = DEFINITIONAL_REPRESENTATION('',(#11769),#11773);
#11769 = CIRCLE('',#11770,1.);
#11770 = AXIS2_PLACEMENT_2D('',#11771,#11772);
#11771 = CARTESIAN_POINT('',(4.362874134214,4.362874114655));
#11772 = DIRECTION('',(1.,0.));
#11773 = ( GEOMETRIC_REPRESENTATION_CONTEXT(2) 
PARAMETRIC_REPRESENTATION_CONTEXT() REPRESENTATION_CONTEXT('2D SPACE',''
  ) );
#11774 = ORIENTED_EDGE('',*,*,#11639,.F.);
#11775 = ADVANCED_FACE('',(#11776),#11741,.T.);
#11776 = FACE_BOUND('',#11777,.T.);
#11777 = EDGE_LOOP('',(#11778,#11801,#11823,#11843));
#11778 = ORIENTED_EDGE('',*,*,#11779,.F.);
#11779 = EDGE_CURVE('',#11780,#11703,#11782,.T.);
#11780 = VERTEX_POINT('',#11781);
#11781 = CARTESIAN_POINT('',(-2.67980130135,3.879801289056,0.));
#11782 = SURFACE_CURVE('',#11783,(#11787,#11794),.PCURVE_S1.);
#11783 = LINE('',#11784,#11785);
#11784 = CARTESIAN_POINT('',(-2.22044604925E-16,3.87980130135,0.));
#11785 = VECTOR('',#11786,1.);
#11786 = DIRECTION('',(1.,0.,0.));
#11787 = PCURVE('',#11741,#11788);
#11788 = DEFINITIONAL_REPRESENTATION('',(#11789),#11793);
#11789 = LINE('',#11790,#11791);
#11790 = CARTESIAN_POINT('',(0.,0.));
#11791 = VECTOR('',#11792,1.);
#11792 = DIRECTION('',(-1.,0.));
#11793 = ( GEOMETRIC_REPRESENTATION_CONTEXT(2) 
PARAMETRIC_REPRESENTATION_CONTEXT() REPRESENTATION_CONTEXT('2D SPACE',''
  ) );
#11794 = PCURVE('',#11258,#11795);
#11795 = DEFINITIONAL_REPRESENTATION('',(#11796),#11800);
#11796 = LINE('',#11797,#11798);
#11797 = CARTESIAN_POINT('',(-2.67980130135,6.5596026027));
#11798 = VECTOR('',#11799,1.);
#11799 = DIRECTION('',(-1.,0.));
#11800 = ( GEOMETRIC_REPRESENTATION_CONTEXT(2) 
PARAMETRIC_REPRESENTATION_CONTEXT() REPRESENTATION_CONTEXT('2D SPACE',''
  ) );
#11801 = ORIENTED_EDGE('',*,*,#11802,.T.);
#11802 = EDGE_CURVE('',#11780,#11803,#11805,.T.);
#11803 = VERTEX_POINT('',#11804);
#11804 = CARTESIAN_POINT('',(-2.181437067107,3.181437057328,
    83.140074024227));
#11805 = SURFACE_CURVE('',#11806,(#11809,#11816),.PCURVE_S1.);
#11806 = B_SPLINE_CURVE_WITH_KNOTS('',1,(#11807,#11808),.UNSPECIFIED.,
  .F.,.F.,(2,2),(0.,1.),.PIECEWISE_BEZIER_KNOTS.);
#11807 = CARTESIAN_POINT('',(-2.67980130135,3.87980130135,0.));
#11808 = CARTESIAN_POINT('',(-2.181437067107,3.181437067107,
    83.140074024227));
#11809 = PCURVE('',#11741,#11810);
#11810 = DEFINITIONAL_REPRESENTATION('',(#11811),#11815);
#11811 = LINE('',#11812,#11813);
#11812 = CARTESIAN_POINT('',(2.67980130135,0.));
#11813 = VECTOR('',#11814,1.);
#11814 = DIRECTION('',(0.,1.));
#11815 = ( GEOMETRIC_REPRESENTATION_CONTEXT(2) 
PARAMETRIC_REPRESENTATION_CONTEXT() REPRESENTATION_CONTEXT('2D SPACE',''
  ) );
#11816 = PCURVE('',#11349,#11817);
#11817 = DEFINITIONAL_REPRESENTATION('',(#11818),#11822);
#11818 = LINE('',#11819,#11820);
#11819 = CARTESIAN_POINT('',(4.712388980385,0.));
#11820 = VECTOR('',#11821,1.);
#11821 = DIRECTION('',(0.,1.));
#11822 = ( GEOMETRIC_REPRESENTATION_CONTEXT(2) 
PARAMETRIC_REPRESENTATION_CONTEXT() REPRESENTATION_CONTEXT('2D SPACE',''
  ) );
#11823 = ORIENTED_EDGE('',*,*,#11824,.T.);
#11824 = EDGE_CURVE('',#11803,#11727,#11825,.T.);
#11825 = SURFACE_CURVE('',#11826,(#11830,#11836),.PCURVE_S1.);
#11826 = LINE('',#11827,#11828);
#11827 = CARTESIAN_POINT('',(0.,3.181437067107,83.140074024227));
#11828 = VECTOR('',#11829,1.);
#11829 = DIRECTION('',(1.,0.,0.));
#11830 = PCURVE('',#11741,#11831);
#11831 = DEFINITIONAL_REPRESENTATION('',(#11832),#11835);
#11832 = B_SPLINE_CURVE_WITH_KNOTS('',1,(#11833,#11834),.UNSPECIFIED.,
  .F.,.F.,(2,2),(-2.181437067107,2.181437067107),
  .PIECEWISE_BEZIER_KNOTS.);
#11833 = CARTESIAN_POINT('',(2.67980130135,1.));
#11834 = CARTESIAN_POINT('',(-2.67980130135,1.));
#11835 = ( GEOMETRIC_REPRESENTATION_CONTEXT(2) 
PARAMETRIC_REPRESENTATION_CONTEXT() REPRESENTATION_CONTEXT('2D SPACE',''
  ) );
#11836 = PCURVE('',#11324,#11837);
#11837 = DEFINITIONAL_REPRESENTATION('',(#11838),#11842);
#11838 = LINE('',#11839,#11840);
#11839 = CARTESIAN_POINT('',(2.181437067107,5.362874134214));
#11840 = VECTOR('',#11841,1.);
#11841 = DIRECTION('',(1.,0.));
#11842 = ( GEOMETRIC_REPRESENTATION_CONTEXT(2) 
PARAMETRIC_REPRESENTATION_CONTEXT() REPRESENTATION_CONTEXT('2D SPACE',''
  ) );
#11843 = ORIENTED_EDGE('',*,*,#11726,.F.);
#11844 = ADVANCED_FACE('',(#11845),#11349,.T.);
#11845 = FACE_BOUND('',#11846,.T.);
#11846 = EDGE_LOOP('',(#11847,#11869,#11870,#11892));
#11847 = ORIENTED_EDGE('',*,*,#11848,.F.);
#11848 = EDGE_CURVE('',#11238,#11780,#11849,.T.);
#11849 = SURFACE_CURVE('',#11850,(#11855,#11862),.PCURVE_S1.);
#11850 = CIRCLE('',#11851,1.2);
#11851 = AXIS2_PLACEMENT_3D('',#11852,#11853,#11854);
#11852 = CARTESIAN_POINT('',(-2.67980130135,2.679801276761,0.));
#11853 = DIRECTION('',(0.,0.,-1.));
#11854 = DIRECTION('',(-1.,0.,0.));
#11855 = PCURVE('',#11349,#11856);
#11856 = DEFINITIONAL_REPRESENTATION('',(#11857),#11861);
#11857 = LINE('',#11858,#11859);
#11858 = CARTESIAN_POINT('',(6.28318530718,0.));
#11859 = VECTOR('',#11860,1.);
#11860 = DIRECTION('',(-1.,0.));
#11861 = ( GEOMETRIC_REPRESENTATION_CONTEXT(2) 
PARAMETRIC_REPRESENTATION_CONTEXT() REPRESENTATION_CONTEXT('2D SPACE',''
  ) );
#11862 = PCURVE('',#11258,#11863);
#11863 = DEFINITIONAL_REPRESENTATION('',(#11864),#11868);
#11864 = CIRCLE('',#11865,1.2);
#11865 = AXIS2_PLACEMENT_2D('',#11866,#11867);
#11866 = CARTESIAN_POINT('',(0.,5.359602578111));
#11867 = DIRECTION('',(1.,0.));
#11868 = ( GEOMETRIC_REPRESENTATION_CONTEXT(2) 
PARAMETRIC_REPRESENTATION_CONTEXT() REPRESENTATION_CONTEXT('2D SPACE',''
  ) );
#11869 = ORIENTED_EDGE('',*,*,#11336,.T.);
#11870 = ORIENTED_EDGE('',*,*,#11871,.F.);
#11871 = EDGE_CURVE('',#11803,#11310,#11872,.T.);
#11872 = SURFACE_CURVE('',#11873,(#11878,#11885),.PCURVE_S1.);
#11873 = CIRCLE('',#11874,1.);
#11874 = AXIS2_PLACEMENT_3D('',#11875,#11876,#11877);
#11875 = CARTESIAN_POINT('',(-2.181437067107,2.181437047548,
    83.140074024227));
#11876 = DIRECTION('',(0.,0.,1.));
#11877 = DIRECTION('',(1.,0.,0.));
#11878 = PCURVE('',#11349,#11879);
#11879 = DEFINITIONAL_REPRESENTATION('',(#11880),#11884);
#11880 = LINE('',#11881,#11882);
#11881 = CARTESIAN_POINT('',(3.14159265359,1.));
#11882 = VECTOR('',#11883,1.);
#11883 = DIRECTION('',(1.,0.));
#11884 = ( GEOMETRIC_REPRESENTATION_CONTEXT(2) 
PARAMETRIC_REPRESENTATION_CONTEXT() REPRESENTATION_CONTEXT('2D SPACE',''
  ) );
#11885 = PCURVE('',#11324,#11886);
#11886 = DEFINITIONAL_REPRESENTATION('',(#11887),#11891);
#11887 = CIRCLE('',#11888,1.);
#11888 = AXIS2_PLACEMENT_2D('',#11889,#11890);
#11889 = CARTESIAN_POINT('',(0.,4.362874114655));
#11890 = DIRECTION('',(1.,0.));
#11891 = ( GEOMETRIC_REPRESENTATION_CONTEXT(2) 
PARAMETRIC_REPRESENTATION_CONTEXT() REPRESENTATION_CONTEXT('2D SPACE',''
  ) );
#11892 = ORIENTED_EDGE('',*,*,#11802,.F.);
#11893 = ADVANCED_FACE('',(#11894),#11258,.T.);
#11894 = FACE_BOUND('',#11895,.F.);
#11895 = EDGE_LOOP('',(#11896,#11897,#11898,#11899,#11900,#11901,#11902,
    #11903));
#11896 = ORIENTED_EDGE('',*,*,#11235,.F.);
#11897 = ORIENTED_EDGE('',*,*,#11376,.F.);
#11898 = ORIENTED_EDGE('',*,*,#11453,.T.);
#11899 = ORIENTED_EDGE('',*,*,#11539,.F.);
#11900 = ORIENTED_EDGE('',*,*,#11616,.T.);
#11901 = ORIENTED_EDGE('',*,*,#11702,.F.);
#11902 = ORIENTED_EDGE('',*,*,#11779,.F.);
#11903 = ORIENTED_EDGE('',*,*,#11848,.F.);
#11904 = ADVANCED_FACE('',(#11905),#11324,.T.);
#11905 = FACE_BOUND('',#11906,.T.);
#11906 = EDGE_LOOP('',(#11907,#11908,#11909,#11910,#11911,#11912,#11913,
    #11914));
#11907 = ORIENTED_EDGE('',*,*,#11309,.F.);
#11908 = ORIENTED_EDGE('',*,*,#11427,.T.);
#11909 = ORIENTED_EDGE('',*,*,#11515,.T.);
#11910 = ORIENTED_EDGE('',*,*,#11590,.T.);
#11911 = ORIENTED_EDGE('',*,*,#11678,.T.);
#11912 = ORIENTED_EDGE('',*,*,#11753,.T.);
#11913 = ORIENTED_EDGE('',*,*,#11824,.F.);
#11914 = ORIENTED_EDGE('',*,*,#11871,.T.);
#11915 = ( GEOMETRIC_REPRESENTATION_CONTEXT(3) 
GLOBAL_UNCERTAINTY_ASSIGNED_CONTEXT((#11919)) 
GLOBAL_UNIT_ASSIGNED_CONTEXT((#11916,#11917,#11918)) 
REPRESENTATION_CONTEXT('Context #1',
  '3D Context with UNIT and UNCERTAINTY') );
#11916 = ( LENGTH_UNIT() NAMED_UNIT(*) SI_UNIT(.MILLI.,.METRE.) );
#11917 = ( NAMED_UNIT(*) PLANE_ANGLE_UNIT() SI_UNIT($,.RADIAN.) );
#11918 = ( NAMED_UNIT(*) SI_UNIT($,.STERADIAN.) SOLID_ANGLE_UNIT() );
#11919 = UNCERTAINTY_MEASURE_WITH_UNIT(LENGTH_MEASURE(1.E-07),#11916,
  'distance_accuracy_value','confusion accuracy');
#11920 = CONTEXT_DEPENDENT_SHAPE_REPRESENTATION(#11921,#11923);
#11921 = ( REPRESENTATION_RELATIONSHIP('','',#11228,#10) 
REPRESENTATION_RELATIONSHIP_WITH_TRANSFORMATION(#11922) 
SHAPE_REPRESENTATION_RELATIONSHIP() );
#11922 = ITEM_DEFINED_TRANSFORMATION('','',#11,#67);
#11923 = PRODUCT_DEFINITION_SHAPE('Placement','Placement of an item',
  #11924);
#11924 = NEXT_ASSEMBLY_USAGE_OCCURRENCE('14','fry_08','',#5,#11223,$);
#11925 = PRODUCT_RELATED_PRODUCT_CATEGORY('part',$,(#11225));
#11926 = SHAPE_DEFINITION_REPRESENTATION(#11927,#11933);
#11927 = PRODUCT_DEFINITION_SHAPE('','',#11928);
#11928 = PRODUCT_DEFINITION('design','',#11929,#11932);
#11929 = PRODUCT_DEFINITION_FORMATION('','',#11930);
#11930 = PRODUCT('fry_09','fry_09','',(#11931));
#11931 = PRODUCT_CONTEXT('',#2,'mechanical');
#11932 = PRODUCT_DEFINITION_CONTEXT('part definition',#2,'design');
#11933 = ADVANCED_BREP_SHAPE_REPRESENTATION('',(#11,#11934),#12620);
#11934 = MANIFOLD_SOLID_BREP('',#11935);
#11935 = CLOSED_SHELL('',(#11936,#12077,#12154,#12240,#12317,#12403,
    #12480,#12549,#12598,#12609));
#11936 = ADVANCED_FACE('',(#11937),#11951,.T.);
#11937 = FACE_BOUND('',#11938,.T.);
#11938 = EDGE_LOOP('',(#11939,#11974,#12013,#12040));
#11939 = ORIENTED_EDGE('',*,*,#11940,.F.);
#11940 = EDGE_CURVE('',#11941,#11943,#11945,.T.);
#11941 = VERTEX_POINT('',#11942);
#11942 = CARTESIAN_POINT('',(-4.60992636068,-3.40992636068,0.));
#11943 = VERTEX_POINT('',#11944);
#11944 = CARTESIAN_POINT('',(-4.60992636068,3.409926321426,0.));
#11945 = SURFACE_CURVE('',#11946,(#11950,#11962),.PCURVE_S1.);
#11946 = LINE('',#11947,#11948);
#11947 = CARTESIAN_POINT('',(-4.60992636068,1.554312234475E-14,0.));
#11948 = VECTOR('',#11949,1.);
#11949 = DIRECTION('',(0.,1.,0.));
#11950 = PCURVE('',#11951,#11956);
#11951 = B_SPLINE_SURFACE_WITH_KNOTS('',1,1,(
    (#11952,#11953)
    ,(#11954,#11955
    )),.UNSPECIFIED.,.F.,.F.,.F.,(2,2),(2,2),(-3.409926321426,
    3.40992636068),(0.,1.),.PIECEWISE_BEZIER_KNOTS.);
#11952 = CARTESIAN_POINT('',(-4.60992636068,3.409926321426,0.));
#11953 = CARTESIAN_POINT('',(-3.780139615757,2.780139584382,
    72.985534275256));
#11954 = CARTESIAN_POINT('',(-4.60992636068,-3.40992636068,0.));
#11955 = CARTESIAN_POINT('',(-3.780139615757,-2.780139615757,
    72.985534275256));
#11956 = DEFINITIONAL_REPRESENTATION('',(#11957),#11961);
#11957 = LINE('',#11958,#11959);
#11958 = CARTESIAN_POINT('',(0.,0.));
#11959 = VECTOR('',#11960,1.);
#11960 = DIRECTION('',(-1.,0.));
#11961 = ( GEOMETRIC_REPRESENTATION_CONTEXT(2) 
PARAMETRIC_REPRESENTATION_CONTEXT() REPRESENTATION_CONTEXT('2D SPACE',''
  ) );
#11962 = PCURVE('',#11963,#11968);
#11963 = PLANE('',#11964);
#11964 = AXIS2_PLACEMENT_3D('',#11965,#11966,#11967);
#11965 = CARTESIAN_POINT('',(-3.40992636068,-3.40992636068,0.));
#11966 = DIRECTION('',(0.,0.,1.));
#11967 = DIRECTION('',(1.,0.,0.));
#11968 = DEFINITIONAL_REPRESENTATION('',(#11969),#11973);
#11969 = LINE('',#11970,#11971);
#11970 = CARTESIAN_POINT('',(-1.2,3.40992636068));
#11971 = VECTOR('',#11972,1.);
#11972 = DIRECTION('',(0.,1.));
#11973 = ( GEOMETRIC_REPRESENTATION_CONTEXT(2) 
PARAMETRIC_REPRESENTATION_CONTEXT() REPRESENTATION_CONTEXT('2D SPACE',''
  ) );
#11974 = ORIENTED_EDGE('',*,*,#11975,.T.);
#11975 = EDGE_CURVE('',#11941,#11976,#11978,.T.);
#11976 = VERTEX_POINT('',#11977);
#11977 = CARTESIAN_POINT('',(-3.780139615757,-2.780139615757,
    72.985534275256));
#11978 = SURFACE_CURVE('',#11979,(#11982,#11989),.PCURVE_S1.);
#11979 = B_SPLINE_CURVE_WITH_KNOTS('',1,(#11980,#11981),.UNSPECIFIED.,
  .F.,.F.,(2,2),(0.,1.),.PIECEWISE_BEZIER_KNOTS.);
#11980 = CARTESIAN_POINT('',(-4.60992636068,-3.40992636068,0.));
#11981 = CARTESIAN_POINT('',(-3.780139615757,-2.780139615757,
    72.985534275256));
#11982 = PCURVE('',#11951,#11983);
#11983 = DEFINITIONAL_REPRESENTATION('',(#11984),#11988);
#11984 = LINE('',#11985,#11986);
#11985 = CARTESIAN_POINT('',(3.40992636068,0.));
#11986 = VECTOR('',#11987,1.);
#11987 = DIRECTION('',(0.,1.));
#11988 = ( GEOMETRIC_REPRESENTATION_CONTEXT(2) 
PARAMETRIC_REPRESENTATION_CONTEXT() REPRESENTATION_CONTEXT('2D SPACE',''
  ) );
#11989 = PCURVE('',#11990,#12007);
#11990 = B_SPLINE_SURFACE_WITH_KNOTS('',7,1,(
    (#11991,#11992)
    ,(#11993,#11994)
    ,(#11995,#11996)
    ,(#11997,#11998)
    ,(#11999,#12000)
    ,(#12001,#12002)
    ,(#12003,#12004)
    ,(#12005,#12006
    )),.UNSPECIFIED.,.F.,.F.,.F.,(8,8),(2,2),(3.14159265359,
    4.712388980385),(0.,1.),.PIECEWISE_BEZIER_KNOTS.);
#11991 = CARTESIAN_POINT('',(-4.60992636068,-3.40992636068,0.));
#11992 = CARTESIAN_POINT('',(-3.780139615757,-2.780139615757,
    72.985534275256));
#11993 = CARTESIAN_POINT('',(-4.60992636068,-3.679205730987,0.));
#11994 = CARTESIAN_POINT('',(-3.780139615757,-3.004539091014,
    72.985534275256));
#11995 = CARTESIAN_POINT('',(-4.539427696818,-3.94848379866,0.));
#11996 = CARTESIAN_POINT('',(-3.721390729206,-3.228937480741,
    72.985534275257));
#11997 = CARTESIAN_POINT('',(-4.398441627322,-4.195622689667,0.));
#11998 = CARTESIAN_POINT('',(-3.603902337959,-3.43488655658,
    72.985534275254));
#11999 = CARTESIAN_POINT('',(-4.195622689667,-4.398441627322,0.));
#12000 = CARTESIAN_POINT('',(-3.43488655658,-3.60390233796,
    72.985534275257));
#12001 = CARTESIAN_POINT('',(-3.94848379866,-4.539427696818,0.));
#12002 = CARTESIAN_POINT('',(-3.228937480741,-3.721390729206,
    72.985534275255));
#12003 = CARTESIAN_POINT('',(-3.679205730987,-4.60992636068,0.));
#12004 = CARTESIAN_POINT('',(-3.004539091014,-3.780139615757,
    72.985534275256));
#12005 = CARTESIAN_POINT('',(-3.40992636068,-4.60992636068,0.));
#12006 = CARTESIAN_POINT('',(-2.780139615757,-3.780139615757,
    72.985534275256));
#12007 = DEFINITIONAL_REPRESENTATION('',(#12008),#12012);
#12008 = LINE('',#12009,#12010);
#12009 = CARTESIAN_POINT('',(3.14159265359,0.));
#12010 = VECTOR('',#12011,1.);
#12011 = DIRECTION('',(0.,1.));
#12012 = ( GEOMETRIC_REPRESENTATION_CONTEXT(2) 
PARAMETRIC_REPRESENTATION_CONTEXT() REPRESENTATION_CONTEXT('2D SPACE',''
  ) );
#12013 = ORIENTED_EDGE('',*,*,#12014,.T.);
#12014 = EDGE_CURVE('',#11976,#12015,#12017,.T.);
#12015 = VERTEX_POINT('',#12016);
#12016 = CARTESIAN_POINT('',(-3.780139615757,2.780139584382,
    72.985534275256));
#12017 = SURFACE_CURVE('',#12018,(#12022,#12028),.PCURVE_S1.);
#12018 = LINE('',#12019,#12020);
#12019 = CARTESIAN_POINT('',(-3.780139615757,1.310063169058E-14,
    72.985534275256));
#12020 = VECTOR('',#12021,1.);
#12021 = DIRECTION('',(0.,1.,0.));
#12022 = PCURVE('',#11951,#12023);
#12023 = DEFINITIONAL_REPRESENTATION('',(#12024),#12027);
#12024 = B_SPLINE_CURVE_WITH_KNOTS('',1,(#12025,#12026),.UNSPECIFIED.,
  .F.,.F.,(2,2),(-2.780139615757,2.780139584382),
  .PIECEWISE_BEZIER_KNOTS.);
#12025 = CARTESIAN_POINT('',(3.40992636068,1.));
#12026 = CARTESIAN_POINT('',(-3.409926321426,1.));
#12027 = ( GEOMETRIC_REPRESENTATION_CONTEXT(2) 
PARAMETRIC_REPRESENTATION_CONTEXT() REPRESENTATION_CONTEXT('2D SPACE',''
  ) );
#12028 = PCURVE('',#12029,#12034);
#12029 = PLANE('',#12030);
#12030 = AXIS2_PLACEMENT_3D('',#12031,#12032,#12033);
#12031 = CARTESIAN_POINT('',(-2.780139615757,-2.780139615757,
    72.985534275256));
#12032 = DIRECTION('',(0.,0.,1.));
#12033 = DIRECTION('',(1.,0.,0.));
#12034 = DEFINITIONAL_REPRESENTATION('',(#12035),#12039);
#12035 = LINE('',#12036,#12037);
#12036 = CARTESIAN_POINT('',(-1.,2.780139615757));
#12037 = VECTOR('',#12038,1.);
#12038 = DIRECTION('',(0.,1.));
#12039 = ( GEOMETRIC_REPRESENTATION_CONTEXT(2) 
PARAMETRIC_REPRESENTATION_CONTEXT() REPRESENTATION_CONTEXT('2D SPACE',''
  ) );
#12040 = ORIENTED_EDGE('',*,*,#12041,.F.);
#12041 = EDGE_CURVE('',#11943,#12015,#12042,.T.);
#12042 = SURFACE_CURVE('',#12043,(#12046,#12053),.PCURVE_S1.);
#12043 = B_SPLINE_CURVE_WITH_KNOTS('',1,(#12044,#12045),.UNSPECIFIED.,
  .F.,.F.,(2,2),(0.,1.),.PIECEWISE_BEZIER_KNOTS.);
#12044 = CARTESIAN_POINT('',(-4.60992636068,3.409926321426,0.));
#12045 = CARTESIAN_POINT('',(-3.780139615757,2.780139584382,
    72.985534275256));
#12046 = PCURVE('',#11951,#12047);
#12047 = DEFINITIONAL_REPRESENTATION('',(#12048),#12052);
#12048 = LINE('',#12049,#12050);
#12049 = CARTESIAN_POINT('',(-3.409926321426,0.));
#12050 = VECTOR('',#12051,1.);
#12051 = DIRECTION('',(0.,1.));
#12052 = ( GEOMETRIC_REPRESENTATION_CONTEXT(2) 
PARAMETRIC_REPRESENTATION_CONTEXT() REPRESENTATION_CONTEXT('2D SPACE',''
  ) );
#12053 = PCURVE('',#12054,#12071);
#12054 = B_SPLINE_SURFACE_WITH_KNOTS('',7,1,(
    (#12055,#12056)
    ,(#12057,#12058)
    ,(#12059,#12060)
    ,(#12061,#12062)
    ,(#12063,#12064)
    ,(#12065,#12066)
    ,(#12067,#12068)
    ,(#12069,#12070
    )),.UNSPECIFIED.,.F.,.F.,.F.,(8,8),(2,2),(1.570796326795,
    3.14159265359),(0.,1.),.PIECEWISE_BEZIER_KNOTS.);
#12055 = CARTESIAN_POINT('',(-3.40992636068,4.609926321426,0.));
#12056 = CARTESIAN_POINT('',(-2.780139615757,3.780139584382,
    72.985534275256));
#12057 = CARTESIAN_POINT('',(-3.679205730987,4.609926321426,0.));
#12058 = CARTESIAN_POINT('',(-3.004539091014,3.780139584382,
    72.985534275256));
#12059 = CARTESIAN_POINT('',(-3.94848379866,4.539427657564,0.));
#12060 = CARTESIAN_POINT('',(-3.228937480741,3.72139069783,
    72.985534275255));
#12061 = CARTESIAN_POINT('',(-4.195622689667,4.398441588069,0.));
#12062 = CARTESIAN_POINT('',(-3.43488655658,3.603902306584,
    72.985534275258));
#12063 = CARTESIAN_POINT('',(-4.398441627322,4.195622650413,0.));
#12064 = CARTESIAN_POINT('',(-3.603902337959,3.434886525205,
    72.985534275254));
#12065 = CARTESIAN_POINT('',(-4.539427696818,3.948483759406,0.));
#12066 = CARTESIAN_POINT('',(-3.721390729206,3.228937449365,
    72.985534275257));
#12067 = CARTESIAN_POINT('',(-4.60992636068,3.679205691734,0.));
#12068 = CARTESIAN_POINT('',(-3.780139615757,3.004539059638,
    72.985534275255));
#12069 = CARTESIAN_POINT('',(-4.60992636068,3.409926321426,0.));
#12070 = CARTESIAN_POINT('',(-3.780139615757,2.780139584382,
    72.985534275256));
#12071 = DEFINITIONAL_REPRESENTATION('',(#12072),#12076);
#12072 = LINE('',#12073,#12074);
#12073 = CARTESIAN_POINT('',(3.14159265359,0.));
#12074 = VECTOR('',#12075,1.);
#12075 = DIRECTION('',(0.,1.));
#12076 = ( GEOMETRIC_REPRESENTATION_CONTEXT(2) 
PARAMETRIC_REPRESENTATION_CONTEXT() REPRESENTATION_CONTEXT('2D SPACE',''
  ) );
#12077 = ADVANCED_FACE('',(#12078),#11990,.T.);
#12078 = FACE_BOUND('',#12079,.T.);
#12079 = EDGE_LOOP('',(#12080,#12104,#12131,#12153));
#12080 = ORIENTED_EDGE('',*,*,#12081,.T.);
#12081 = EDGE_CURVE('',#11941,#12082,#12084,.T.);
#12082 = VERTEX_POINT('',#12083);
#12083 = CARTESIAN_POINT('',(-3.40992636068,-4.60992636068,0.));
#12084 = SURFACE_CURVE('',#12085,(#12090,#12097),.PCURVE_S1.);
#12085 = CIRCLE('',#12086,1.2);
#12086 = AXIS2_PLACEMENT_3D('',#12087,#12088,#12089);
#12087 = CARTESIAN_POINT('',(-3.40992636068,-3.40992636068,0.));
#12088 = DIRECTION('',(0.,0.,1.));
#12089 = DIRECTION('',(1.,0.,0.));
#12090 = PCURVE('',#11990,#12091);
#12091 = DEFINITIONAL_REPRESENTATION('',(#12092),#12096);
#12092 = LINE('',#12093,#12094);
#12093 = CARTESIAN_POINT('',(0.,0.));
#12094 = VECTOR('',#12095,1.);
#12095 = DIRECTION('',(1.,0.));
#12096 = ( GEOMETRIC_REPRESENTATION_CONTEXT(2) 
PARAMETRIC_REPRESENTATION_CONTEXT() REPRESENTATION_CONTEXT('2D SPACE',''
  ) );
#12097 = PCURVE('',#11963,#12098);
#12098 = DEFINITIONAL_REPRESENTATION('',(#12099),#12103);
#12099 = CIRCLE('',#12100,1.2);
#12100 = AXIS2_PLACEMENT_2D('',#12101,#12102);
#12101 = CARTESIAN_POINT('',(0.,0.));
#12102 = DIRECTION('',(1.,0.));
#12103 = ( GEOMETRIC_REPRESENTATION_CONTEXT(2) 
PARAMETRIC_REPRESENTATION_CONTEXT() REPRESENTATION_CONTEXT('2D SPACE',''
  ) );
#12104 = ORIENTED_EDGE('',*,*,#12105,.T.);
#12105 = EDGE_CURVE('',#12082,#12106,#12108,.T.);
#12106 = VERTEX_POINT('',#12107);
#12107 = CARTESIAN_POINT('',(-2.780139615757,-3.780139615757,
    72.985534275256));
#12108 = SURFACE_CURVE('',#12109,(#12112,#12119),.PCURVE_S1.);
#12109 = B_SPLINE_CURVE_WITH_KNOTS('',1,(#12110,#12111),.UNSPECIFIED.,
  .F.,.F.,(2,2),(0.,1.),.PIECEWISE_BEZIER_KNOTS.);
#12110 = CARTESIAN_POINT('',(-3.40992636068,-4.60992636068,0.));
#12111 = CARTESIAN_POINT('',(-2.780139615757,-3.780139615757,
    72.985534275256));
#12112 = PCURVE('',#11990,#12113);
#12113 = DEFINITIONAL_REPRESENTATION('',(#12114),#12118);
#12114 = LINE('',#12115,#12116);
#12115 = CARTESIAN_POINT('',(4.712388980385,0.));
#12116 = VECTOR('',#12117,1.);
#12117 = DIRECTION('',(0.,1.));
#12118 = ( GEOMETRIC_REPRESENTATION_CONTEXT(2) 
PARAMETRIC_REPRESENTATION_CONTEXT() REPRESENTATION_CONTEXT('2D SPACE',''
  ) );
#12119 = PCURVE('',#12120,#12125);
#12120 = B_SPLINE_SURFACE_WITH_KNOTS('',1,1,(
    (#12121,#12122)
    ,(#12123,#12124
    )),.UNSPECIFIED.,.F.,.F.,.F.,(2,2),(2,2),(-3.40992636068,
    3.409926321426),(0.,1.),.PIECEWISE_BEZIER_KNOTS.);
#12121 = CARTESIAN_POINT('',(-3.40992636068,-4.60992636068,0.));
#12122 = CARTESIAN_POINT('',(-2.780139615757,-3.780139615757,
    72.985534275256));
#12123 = CARTESIAN_POINT('',(3.409926321426,-4.60992636068,0.));
#12124 = CARTESIAN_POINT('',(2.780139584382,-3.780139615757,
    72.985534275256));
#12125 = DEFINITIONAL_REPRESENTATION('',(#12126),#12130);
#12126 = LINE('',#12127,#12128);
#12127 = CARTESIAN_POINT('',(-3.40992636068,0.));
#12128 = VECTOR('',#12129,1.);
#12129 = DIRECTION('',(0.,1.));
#12130 = ( GEOMETRIC_REPRESENTATION_CONTEXT(2) 
PARAMETRIC_REPRESENTATION_CONTEXT() REPRESENTATION_CONTEXT('2D SPACE',''
  ) );
#12131 = ORIENTED_EDGE('',*,*,#12132,.F.);
#12132 = EDGE_CURVE('',#11976,#12106,#12133,.T.);
#12133 = SURFACE_CURVE('',#12134,(#12139,#12146),.PCURVE_S1.);
#12134 = CIRCLE('',#12135,1.);
#12135 = AXIS2_PLACEMENT_3D('',#12136,#12137,#12138);
#12136 = CARTESIAN_POINT('',(-2.780139615757,-2.780139615757,
    72.985534275256));
#12137 = DIRECTION('',(0.,0.,1.));
#12138 = DIRECTION('',(1.,0.,0.));
#12139 = PCURVE('',#11990,#12140);
#12140 = DEFINITIONAL_REPRESENTATION('',(#12141),#12145);
#12141 = LINE('',#12142,#12143);
#12142 = CARTESIAN_POINT('',(0.,1.));
#12143 = VECTOR('',#12144,1.);
#12144 = DIRECTION('',(1.,0.));
#12145 = ( GEOMETRIC_REPRESENTATION_CONTEXT(2) 
PARAMETRIC_REPRESENTATION_CONTEXT() REPRESENTATION_CONTEXT('2D SPACE',''
  ) );
#12146 = PCURVE('',#12029,#12147);
#12147 = DEFINITIONAL_REPRESENTATION('',(#12148),#12152);
#12148 = CIRCLE('',#12149,1.);
#12149 = AXIS2_PLACEMENT_2D('',#12150,#12151);
#12150 = CARTESIAN_POINT('',(0.,0.));
#12151 = DIRECTION('',(1.,0.));
#12152 = ( GEOMETRIC_REPRESENTATION_CONTEXT(2) 
PARAMETRIC_REPRESENTATION_CONTEXT() REPRESENTATION_CONTEXT('2D SPACE',''
  ) );
#12153 = ORIENTED_EDGE('',*,*,#11975,.F.);
#12154 = ADVANCED_FACE('',(#12155),#12120,.T.);
#12155 = FACE_BOUND('',#12156,.T.);
#12156 = EDGE_LOOP('',(#12157,#12180,#12219,#12239));
#12157 = ORIENTED_EDGE('',*,*,#12158,.T.);
#12158 = EDGE_CURVE('',#12082,#12159,#12161,.T.);
#12159 = VERTEX_POINT('',#12160);
#12160 = CARTESIAN_POINT('',(3.409926321426,-4.60992636068,0.));
#12161 = SURFACE_CURVE('',#12162,(#12166,#12173),.PCURVE_S1.);
#12162 = LINE('',#12163,#12164);
#12163 = CARTESIAN_POINT('',(4.440892098501E-16,-4.60992636068,0.));
#12164 = VECTOR('',#12165,1.);
#12165 = DIRECTION('',(1.,0.,0.));
#12166 = PCURVE('',#12120,#12167);
#12167 = DEFINITIONAL_REPRESENTATION('',(#12168),#12172);
#12168 = LINE('',#12169,#12170);
#12169 = CARTESIAN_POINT('',(0.,0.));
#12170 = VECTOR('',#12171,1.);
#12171 = DIRECTION('',(1.,0.));
#12172 = ( GEOMETRIC_REPRESENTATION_CONTEXT(2) 
PARAMETRIC_REPRESENTATION_CONTEXT() REPRESENTATION_CONTEXT('2D SPACE',''
  ) );
#12173 = PCURVE('',#11963,#12174);
#12174 = DEFINITIONAL_REPRESENTATION('',(#12175),#12179);
#12175 = LINE('',#12176,#12177);
#12176 = CARTESIAN_POINT('',(3.40992636068,-1.2));
#12177 = VECTOR('',#12178,1.);
#12178 = DIRECTION('',(1.,0.));
#12179 = ( GEOMETRIC_REPRESENTATION_CONTEXT(2) 
PARAMETRIC_REPRESENTATION_CONTEXT() REPRESENTATION_CONTEXT('2D SPACE',''
  ) );
#12180 = ORIENTED_EDGE('',*,*,#12181,.T.);
#12181 = EDGE_CURVE('',#12159,#12182,#12184,.T.);
#12182 = VERTEX_POINT('',#12183);
#12183 = CARTESIAN_POINT('',(2.780139584382,-3.780139615757,
    72.985534275256));
#12184 = SURFACE_CURVE('',#12185,(#12188,#12195),.PCURVE_S1.);
#12185 = B_SPLINE_CURVE_WITH_KNOTS('',1,(#12186,#12187),.UNSPECIFIED.,
  .F.,.F.,(2,2),(0.,1.),.PIECEWISE_BEZIER_KNOTS.);
#12186 = CARTESIAN_POINT('',(3.409926321426,-4.60992636068,0.));
#12187 = CARTESIAN_POINT('',(2.780139584382,-3.780139615757,
    72.985534275256));
#12188 = PCURVE('',#12120,#12189);
#12189 = DEFINITIONAL_REPRESENTATION('',(#12190),#12194);
#12190 = LINE('',#12191,#12192);
#12191 = CARTESIAN_POINT('',(3.409926321426,0.));
#12192 = VECTOR('',#12193,1.);
#12193 = DIRECTION('',(0.,1.));
#12194 = ( GEOMETRIC_REPRESENTATION_CONTEXT(2) 
PARAMETRIC_REPRESENTATION_CONTEXT() REPRESENTATION_CONTEXT('2D SPACE',''
  ) );
#12195 = PCURVE('',#12196,#12213);
#12196 = B_SPLINE_SURFACE_WITH_KNOTS('',7,1,(
    (#12197,#12198)
    ,(#12199,#12200)
    ,(#12201,#12202)
    ,(#12203,#12204)
    ,(#12205,#12206)
    ,(#12207,#12208)
    ,(#12209,#12210)
    ,(#12211,#12212
    )),.UNSPECIFIED.,.F.,.F.,.F.,(8,8),(2,2),(4.712388980385,
    6.28318530718),(0.,1.),.PIECEWISE_BEZIER_KNOTS.);
#12197 = CARTESIAN_POINT('',(3.409926321426,-4.60992636068,0.));
#12198 = CARTESIAN_POINT('',(2.780139584382,-3.780139615757,
    72.985534275256));
#12199 = CARTESIAN_POINT('',(3.679205691734,-4.60992636068,0.));
#12200 = CARTESIAN_POINT('',(3.004539059638,-3.780139615757,
    72.985534275257));
#12201 = CARTESIAN_POINT('',(3.948483759406,-4.539427696818,0.));
#12202 = CARTESIAN_POINT('',(3.228937449365,-3.721390729206,
    72.985534275253));
#12203 = CARTESIAN_POINT('',(4.195622650414,-4.398441627322,0.));
#12204 = CARTESIAN_POINT('',(3.434886525205,-3.60390233796,
    72.985534275259));
#12205 = CARTESIAN_POINT('',(4.398441588068,-4.195622689667,0.));
#12206 = CARTESIAN_POINT('',(3.603902306584,-3.43488655658,
    72.985534275253));
#12207 = CARTESIAN_POINT('',(4.539427657564,-3.94848379866,0.));
#12208 = CARTESIAN_POINT('',(3.72139069783,-3.228937480741,
    72.985534275258));
#12209 = CARTESIAN_POINT('',(4.609926321426,-3.679205730987,0.));
#12210 = CARTESIAN_POINT('',(3.780139584382,-3.004539091014,
    72.985534275255));
#12211 = CARTESIAN_POINT('',(4.609926321426,-3.40992636068,0.));
#12212 = CARTESIAN_POINT('',(3.780139584382,-2.780139615757,
    72.985534275256));
#12213 = DEFINITIONAL_REPRESENTATION('',(#12214),#12218);
#12214 = LINE('',#12215,#12216);
#12215 = CARTESIAN_POINT('',(4.712388980385,0.));
#12216 = VECTOR('',#12217,1.);
#12217 = DIRECTION('',(0.,1.));
#12218 = ( GEOMETRIC_REPRESENTATION_CONTEXT(2) 
PARAMETRIC_REPRESENTATION_CONTEXT() REPRESENTATION_CONTEXT('2D SPACE',''
  ) );
#12219 = ORIENTED_EDGE('',*,*,#12220,.F.);
#12220 = EDGE_CURVE('',#12106,#12182,#12221,.T.);
#12221 = SURFACE_CURVE('',#12222,(#12226,#12232),.PCURVE_S1.);
#12222 = LINE('',#12223,#12224);
#12223 = CARTESIAN_POINT('',(0.,-3.780139615757,72.985534275256));
#12224 = VECTOR('',#12225,1.);
#12225 = DIRECTION('',(1.,0.,0.));
#12226 = PCURVE('',#12120,#12227);
#12227 = DEFINITIONAL_REPRESENTATION('',(#12228),#12231);
#12228 = B_SPLINE_CURVE_WITH_KNOTS('',1,(#12229,#12230),.UNSPECIFIED.,
  .F.,.F.,(2,2),(-2.780139615757,2.780139584382),
  .PIECEWISE_BEZIER_KNOTS.);
#12229 = CARTESIAN_POINT('',(-3.40992636068,1.));
#12230 = CARTESIAN_POINT('',(3.409926321426,1.));
#12231 = ( GEOMETRIC_REPRESENTATION_CONTEXT(2) 
PARAMETRIC_REPRESENTATION_CONTEXT() REPRESENTATION_CONTEXT('2D SPACE',''
  ) );
#12232 = PCURVE('',#12029,#12233);
#12233 = DEFINITIONAL_REPRESENTATION('',(#12234),#12238);
#12234 = LINE('',#12235,#12236);
#12235 = CARTESIAN_POINT('',(2.780139615757,-1.));
#12236 = VECTOR('',#12237,1.);
#12237 = DIRECTION('',(1.,0.));
#12238 = ( GEOMETRIC_REPRESENTATION_CONTEXT(2) 
PARAMETRIC_REPRESENTATION_CONTEXT() REPRESENTATION_CONTEXT('2D SPACE',''
  ) );
#12239 = ORIENTED_EDGE('',*,*,#12105,.F.);
#12240 = ADVANCED_FACE('',(#12241),#12196,.T.);
#12241 = FACE_BOUND('',#12242,.T.);
#12242 = EDGE_LOOP('',(#12243,#12267,#12294,#12316));
#12243 = ORIENTED_EDGE('',*,*,#12244,.T.);
#12244 = EDGE_CURVE('',#12159,#12245,#12247,.T.);
#12245 = VERTEX_POINT('',#12246);
#12246 = CARTESIAN_POINT('',(4.609926341053,-3.40992636068,0.));
#12247 = SURFACE_CURVE('',#12248,(#12253,#12260),.PCURVE_S1.);
#12248 = CIRCLE('',#12249,1.2);
#12249 = AXIS2_PLACEMENT_3D('',#12250,#12251,#12252);
#12250 = CARTESIAN_POINT('',(3.409926321426,-3.40992636068,0.));
#12251 = DIRECTION('',(0.,0.,1.));
#12252 = DIRECTION('',(1.,0.,0.));
#12253 = PCURVE('',#12196,#12254);
#12254 = DEFINITIONAL_REPRESENTATION('',(#12255),#12259);
#12255 = LINE('',#12256,#12257);
#12256 = CARTESIAN_POINT('',(0.,0.));
#12257 = VECTOR('',#12258,1.);
#12258 = DIRECTION('',(1.,0.));
#12259 = ( GEOMETRIC_REPRESENTATION_CONTEXT(2) 
PARAMETRIC_REPRESENTATION_CONTEXT() REPRESENTATION_CONTEXT('2D SPACE',''
  ) );
#12260 = PCURVE('',#11963,#12261);
#12261 = DEFINITIONAL_REPRESENTATION('',(#12262),#12266);
#12262 = CIRCLE('',#12263,1.2);
#12263 = AXIS2_PLACEMENT_2D('',#12264,#12265);
#12264 = CARTESIAN_POINT('',(6.819852682106,3.153033389935E-14));
#12265 = DIRECTION('',(1.,0.));
#12266 = ( GEOMETRIC_REPRESENTATION_CONTEXT(2) 
PARAMETRIC_REPRESENTATION_CONTEXT() REPRESENTATION_CONTEXT('2D SPACE',''
  ) );
#12267 = ORIENTED_EDGE('',*,*,#12268,.T.);
#12268 = EDGE_CURVE('',#12245,#12269,#12271,.T.);
#12269 = VERTEX_POINT('',#12270);
#12270 = CARTESIAN_POINT('',(3.78013960007,-2.780139615757,
    72.985534275256));
#12271 = SURFACE_CURVE('',#12272,(#12275,#12282),.PCURVE_S1.);
#12272 = B_SPLINE_CURVE_WITH_KNOTS('',1,(#12273,#12274),.UNSPECIFIED.,
  .F.,.F.,(2,2),(0.,1.),.PIECEWISE_BEZIER_KNOTS.);
#12273 = CARTESIAN_POINT('',(4.609926321426,-3.40992636068,0.));
#12274 = CARTESIAN_POINT('',(3.780139584382,-2.780139615757,
    72.985534275256));
#12275 = PCURVE('',#12196,#12276);
#12276 = DEFINITIONAL_REPRESENTATION('',(#12277),#12281);
#12277 = LINE('',#12278,#12279);
#12278 = CARTESIAN_POINT('',(6.28318530718,0.));
#12279 = VECTOR('',#12280,1.);
#12280 = DIRECTION('',(0.,1.));
#12281 = ( GEOMETRIC_REPRESENTATION_CONTEXT(2) 
PARAMETRIC_REPRESENTATION_CONTEXT() REPRESENTATION_CONTEXT('2D SPACE',''
  ) );
#12282 = PCURVE('',#12283,#12288);
#12283 = B_SPLINE_SURFACE_WITH_KNOTS('',1,1,(
    (#12284,#12285)
    ,(#12286,#12287
    )),.UNSPECIFIED.,.F.,.F.,.F.,(2,2),(2,2),(-3.40992636068,
    3.409926321426),(0.,1.),.PIECEWISE_BEZIER_KNOTS.);
#12284 = CARTESIAN_POINT('',(4.60992636068,-3.40992636068,0.));
#12285 = CARTESIAN_POINT('',(3.780139615757,-2.780139615757,
    72.985534275256));
#12286 = CARTESIAN_POINT('',(4.60992636068,3.409926321426,0.));
#12287 = CARTESIAN_POINT('',(3.780139615757,2.780139584382,
    72.985534275256));
#12288 = DEFINITIONAL_REPRESENTATION('',(#12289),#12293);
#12289 = LINE('',#12290,#12291);
#12290 = CARTESIAN_POINT('',(-3.40992636068,0.));
#12291 = VECTOR('',#12292,1.);
#12292 = DIRECTION('',(0.,1.));
#12293 = ( GEOMETRIC_REPRESENTATION_CONTEXT(2) 
PARAMETRIC_REPRESENTATION_CONTEXT() REPRESENTATION_CONTEXT('2D SPACE',''
  ) );
#12294 = ORIENTED_EDGE('',*,*,#12295,.F.);
#12295 = EDGE_CURVE('',#12182,#12269,#12296,.T.);
#12296 = SURFACE_CURVE('',#12297,(#12302,#12309),.PCURVE_S1.);
#12297 = CIRCLE('',#12298,1.);
#12298 = AXIS2_PLACEMENT_3D('',#12299,#12300,#12301);
#12299 = CARTESIAN_POINT('',(2.780139584382,-2.780139615757,
    72.985534275256));
#12300 = DIRECTION('',(0.,0.,1.));
#12301 = DIRECTION('',(1.,0.,0.));
#12302 = PCURVE('',#12196,#12303);
#12303 = DEFINITIONAL_REPRESENTATION('',(#12304),#12308);
#12304 = LINE('',#12305,#12306);
#12305 = CARTESIAN_POINT('',(0.,1.));
#12306 = VECTOR('',#12307,1.);
#12307 = DIRECTION('',(1.,0.));
#12308 = ( GEOMETRIC_REPRESENTATION_CONTEXT(2) 
PARAMETRIC_REPRESENTATION_CONTEXT() REPRESENTATION_CONTEXT('2D SPACE',''
  ) );
#12309 = PCURVE('',#12029,#12310);
#12310 = DEFINITIONAL_REPRESENTATION('',(#12311),#12315);
#12311 = CIRCLE('',#12312,1.);
#12312 = AXIS2_PLACEMENT_2D('',#12313,#12314);
#12313 = CARTESIAN_POINT('',(5.560279200139,2.57571741713E-14));
#12314 = DIRECTION('',(1.,0.));
#12315 = ( GEOMETRIC_REPRESENTATION_CONTEXT(2) 
PARAMETRIC_REPRESENTATION_CONTEXT() REPRESENTATION_CONTEXT('2D SPACE',''
  ) );
#12316 = ORIENTED_EDGE('',*,*,#12181,.F.);
#12317 = ADVANCED_FACE('',(#12318),#12283,.T.);
#12318 = FACE_BOUND('',#12319,.T.);
#12319 = EDGE_LOOP('',(#12320,#12343,#12382,#12402));
#12320 = ORIENTED_EDGE('',*,*,#12321,.T.);
#12321 = EDGE_CURVE('',#12245,#12322,#12324,.T.);
#12322 = VERTEX_POINT('',#12323);
#12323 = CARTESIAN_POINT('',(4.60992636068,3.409926321426,0.));
#12324 = SURFACE_CURVE('',#12325,(#12329,#12336),.PCURVE_S1.);
#12325 = LINE('',#12326,#12327);
#12326 = CARTESIAN_POINT('',(4.60992636068,1.554312234475E-14,0.));
#12327 = VECTOR('',#12328,1.);
#12328 = DIRECTION('',(0.,1.,0.));
#12329 = PCURVE('',#12283,#12330);
#12330 = DEFINITIONAL_REPRESENTATION('',(#12331),#12335);
#12331 = LINE('',#12332,#12333);
#12332 = CARTESIAN_POINT('',(0.,0.));
#12333 = VECTOR('',#12334,1.);
#12334 = DIRECTION('',(1.,0.));
#12335 = ( GEOMETRIC_REPRESENTATION_CONTEXT(2) 
PARAMETRIC_REPRESENTATION_CONTEXT() REPRESENTATION_CONTEXT('2D SPACE',''
  ) );
#12336 = PCURVE('',#11963,#12337);
#12337 = DEFINITIONAL_REPRESENTATION('',(#12338),#12342);
#12338 = LINE('',#12339,#12340);
#12339 = CARTESIAN_POINT('',(8.019852721359,3.40992636068));
#12340 = VECTOR('',#12341,1.);
#12341 = DIRECTION('',(0.,1.));
#12342 = ( GEOMETRIC_REPRESENTATION_CONTEXT(2) 
PARAMETRIC_REPRESENTATION_CONTEXT() REPRESENTATION_CONTEXT('2D SPACE',''
  ) );
#12343 = ORIENTED_EDGE('',*,*,#12344,.T.);
#12344 = EDGE_CURVE('',#12322,#12345,#12347,.T.);
#12345 = VERTEX_POINT('',#12346);
#12346 = CARTESIAN_POINT('',(3.780139615757,2.780139584382,
    72.985534275256));
#12347 = SURFACE_CURVE('',#12348,(#12351,#12358),.PCURVE_S1.);
#12348 = B_SPLINE_CURVE_WITH_KNOTS('',1,(#12349,#12350),.UNSPECIFIED.,
  .F.,.F.,(2,2),(0.,1.),.PIECEWISE_BEZIER_KNOTS.);
#12349 = CARTESIAN_POINT('',(4.60992636068,3.409926321426,0.));
#12350 = CARTESIAN_POINT('',(3.780139615757,2.780139584382,
    72.985534275256));
#12351 = PCURVE('',#12283,#12352);
#12352 = DEFINITIONAL_REPRESENTATION('',(#12353),#12357);
#12353 = LINE('',#12354,#12355);
#12354 = CARTESIAN_POINT('',(3.409926321426,0.));
#12355 = VECTOR('',#12356,1.);
#12356 = DIRECTION('',(0.,1.));
#12357 = ( GEOMETRIC_REPRESENTATION_CONTEXT(2) 
PARAMETRIC_REPRESENTATION_CONTEXT() REPRESENTATION_CONTEXT('2D SPACE',''
  ) );
#12358 = PCURVE('',#12359,#12376);
#12359 = B_SPLINE_SURFACE_WITH_KNOTS('',7,1,(
    (#12360,#12361)
    ,(#12362,#12363)
    ,(#12364,#12365)
    ,(#12366,#12367)
    ,(#12368,#12369)
    ,(#12370,#12371)
    ,(#12372,#12373)
    ,(#12374,#12375
    )),.UNSPECIFIED.,.F.,.F.,.F.,(8,8),(2,2),(0.,1.570796326795),(0.,1.)
  ,.PIECEWISE_BEZIER_KNOTS.);
#12360 = CARTESIAN_POINT('',(4.60992636068,3.409926321426,0.));
#12361 = CARTESIAN_POINT('',(3.780139615757,2.780139584382,
    72.985534275256));
#12362 = CARTESIAN_POINT('',(4.60992636068,3.679205691734,0.));
#12363 = CARTESIAN_POINT('',(3.780139615757,3.004539059638,
    72.985534275256));
#12364 = CARTESIAN_POINT('',(4.539427696818,3.948483759406,0.));
#12365 = CARTESIAN_POINT('',(3.721390729206,3.228937449365,
    72.985534275255));
#12366 = CARTESIAN_POINT('',(4.398441627322,4.195622650413,0.));
#12367 = CARTESIAN_POINT('',(3.60390233796,3.434886525205,
    72.985534275258));
#12368 = CARTESIAN_POINT('',(4.195622689667,4.398441588069,0.));
#12369 = CARTESIAN_POINT('',(3.43488655658,3.603902306584,
    72.985534275254));
#12370 = CARTESIAN_POINT('',(3.94848379866,4.539427657564,0.));
#12371 = CARTESIAN_POINT('',(3.228937480741,3.72139069783,
    72.985534275257));
#12372 = CARTESIAN_POINT('',(3.679205730987,4.609926321426,0.));
#12373 = CARTESIAN_POINT('',(3.004539091014,3.780139584382,
    72.985534275255));
#12374 = CARTESIAN_POINT('',(3.40992636068,4.609926321426,0.));
#12375 = CARTESIAN_POINT('',(2.780139615757,3.780139584382,
    72.985534275256));
#12376 = DEFINITIONAL_REPRESENTATION('',(#12377),#12381);
#12377 = LINE('',#12378,#12379);
#12378 = CARTESIAN_POINT('',(0.,0.));
#12379 = VECTOR('',#12380,1.);
#12380 = DIRECTION('',(0.,1.));
#12381 = ( GEOMETRIC_REPRESENTATION_CONTEXT(2) 
PARAMETRIC_REPRESENTATION_CONTEXT() REPRESENTATION_CONTEXT('2D SPACE',''
  ) );
#12382 = ORIENTED_EDGE('',*,*,#12383,.F.);
#12383 = EDGE_CURVE('',#12269,#12345,#12384,.T.);
#12384 = SURFACE_CURVE('',#12385,(#12389,#12395),.PCURVE_S1.);
#12385 = LINE('',#12386,#12387);
#12386 = CARTESIAN_POINT('',(3.780139615757,1.310063169058E-14,
    72.985534275256));
#12387 = VECTOR('',#12388,1.);
#12388 = DIRECTION('',(0.,1.,0.));
#12389 = PCURVE('',#12283,#12390);
#12390 = DEFINITIONAL_REPRESENTATION('',(#12391),#12394);
#12391 = B_SPLINE_CURVE_WITH_KNOTS('',1,(#12392,#12393),.UNSPECIFIED.,
  .F.,.F.,(2,2),(-2.780139615757,2.780139584382),
  .PIECEWISE_BEZIER_KNOTS.);
#12392 = CARTESIAN_POINT('',(-3.40992636068,1.));
#12393 = CARTESIAN_POINT('',(3.409926321426,1.));
#12394 = ( GEOMETRIC_REPRESENTATION_CONTEXT(2) 
PARAMETRIC_REPRESENTATION_CONTEXT() REPRESENTATION_CONTEXT('2D SPACE',''
  ) );
#12395 = PCURVE('',#12029,#12396);
#12396 = DEFINITIONAL_REPRESENTATION('',(#12397),#12401);
#12397 = LINE('',#12398,#12399);
#12398 = CARTESIAN_POINT('',(6.560279231515,2.780139615757));
#12399 = VECTOR('',#12400,1.);
#12400 = DIRECTION('',(0.,1.));
#12401 = ( GEOMETRIC_REPRESENTATION_CONTEXT(2) 
PARAMETRIC_REPRESENTATION_CONTEXT() REPRESENTATION_CONTEXT('2D SPACE',''
  ) );
#12402 = ORIENTED_EDGE('',*,*,#12268,.F.);
#12403 = ADVANCED_FACE('',(#12404),#12359,.T.);
#12404 = FACE_BOUND('',#12405,.T.);
#12405 = EDGE_LOOP('',(#12406,#12430,#12457,#12479));
#12406 = ORIENTED_EDGE('',*,*,#12407,.T.);
#12407 = EDGE_CURVE('',#12322,#12408,#12410,.T.);
#12408 = VERTEX_POINT('',#12409);
#12409 = CARTESIAN_POINT('',(3.40992636068,4.609926341053,0.));
#12410 = SURFACE_CURVE('',#12411,(#12416,#12423),.PCURVE_S1.);
#12411 = CIRCLE('',#12412,1.2);
#12412 = AXIS2_PLACEMENT_3D('',#12413,#12414,#12415);
#12413 = CARTESIAN_POINT('',(3.40992636068,3.409926321426,0.));
#12414 = DIRECTION('',(0.,0.,1.));
#12415 = DIRECTION('',(1.,0.,0.));
#12416 = PCURVE('',#12359,#12417);
#12417 = DEFINITIONAL_REPRESENTATION('',(#12418),#12422);
#12418 = LINE('',#12419,#12420);
#12419 = CARTESIAN_POINT('',(0.,0.));
#12420 = VECTOR('',#12421,1.);
#12421 = DIRECTION('',(1.,0.));
#12422 = ( GEOMETRIC_REPRESENTATION_CONTEXT(2) 
PARAMETRIC_REPRESENTATION_CONTEXT() REPRESENTATION_CONTEXT('2D SPACE',''
  ) );
#12423 = PCURVE('',#11963,#12424);
#12424 = DEFINITIONAL_REPRESENTATION('',(#12425),#12429);
#12425 = CIRCLE('',#12426,1.2);
#12426 = AXIS2_PLACEMENT_2D('',#12427,#12428);
#12427 = CARTESIAN_POINT('',(6.819852721359,6.819852682106));
#12428 = DIRECTION('',(1.,0.));
#12429 = ( GEOMETRIC_REPRESENTATION_CONTEXT(2) 
PARAMETRIC_REPRESENTATION_CONTEXT() REPRESENTATION_CONTEXT('2D SPACE',''
  ) );
#12430 = ORIENTED_EDGE('',*,*,#12431,.T.);
#12431 = EDGE_CURVE('',#12408,#12432,#12434,.T.);
#12432 = VERTEX_POINT('',#12433);
#12433 = CARTESIAN_POINT('',(2.780139615757,3.78013960007,
    72.985534275256));
#12434 = SURFACE_CURVE('',#12435,(#12438,#12445),.PCURVE_S1.);
#12435 = B_SPLINE_CURVE_WITH_KNOTS('',1,(#12436,#12437),.UNSPECIFIED.,
  .F.,.F.,(2,2),(0.,1.),.PIECEWISE_BEZIER_KNOTS.);
#12436 = CARTESIAN_POINT('',(3.40992636068,4.609926321426,0.));
#12437 = CARTESIAN_POINT('',(2.780139615757,3.780139584382,
    72.985534275256));
#12438 = PCURVE('',#12359,#12439);
#12439 = DEFINITIONAL_REPRESENTATION('',(#12440),#12444);
#12440 = LINE('',#12441,#12442);
#12441 = CARTESIAN_POINT('',(1.570796326795,0.));
#12442 = VECTOR('',#12443,1.);
#12443 = DIRECTION('',(0.,1.));
#12444 = ( GEOMETRIC_REPRESENTATION_CONTEXT(2) 
PARAMETRIC_REPRESENTATION_CONTEXT() REPRESENTATION_CONTEXT('2D SPACE',''
  ) );
#12445 = PCURVE('',#12446,#12451);
#12446 = B_SPLINE_SURFACE_WITH_KNOTS('',1,1,(
    (#12447,#12448)
    ,(#12449,#12450
    )),.UNSPECIFIED.,.F.,.F.,.F.,(2,2),(2,2),(-3.40992636068,
    3.40992636068),(0.,1.),.PIECEWISE_BEZIER_KNOTS.);
#12447 = CARTESIAN_POINT('',(3.40992636068,4.60992636068,0.));
#12448 = CARTESIAN_POINT('',(2.780139615757,3.780139615757,
    72.985534275256));
#12449 = CARTESIAN_POINT('',(-3.40992636068,4.60992636068,0.));
#12450 = CARTESIAN_POINT('',(-2.780139615757,3.780139615757,
    72.985534275256));
#12451 = DEFINITIONAL_REPRESENTATION('',(#12452),#12456);
#12452 = LINE('',#12453,#12454);
#12453 = CARTESIAN_POINT('',(-3.40992636068,0.));
#12454 = VECTOR('',#12455,1.);
#12455 = DIRECTION('',(0.,1.));
#12456 = ( GEOMETRIC_REPRESENTATION_CONTEXT(2) 
PARAMETRIC_REPRESENTATION_CONTEXT() REPRESENTATION_CONTEXT('2D SPACE',''
  ) );
#12457 = ORIENTED_EDGE('',*,*,#12458,.F.);
#12458 = EDGE_CURVE('',#12345,#12432,#12459,.T.);
#12459 = SURFACE_CURVE('',#12460,(#12465,#12472),.PCURVE_S1.);
#12460 = CIRCLE('',#12461,1.);
#12461 = AXIS2_PLACEMENT_3D('',#12462,#12463,#12464);
#12462 = CARTESIAN_POINT('',(2.780139615757,2.780139584382,
    72.985534275256));
#12463 = DIRECTION('',(0.,0.,1.));
#12464 = DIRECTION('',(1.,0.,0.));
#12465 = PCURVE('',#12359,#12466);
#12466 = DEFINITIONAL_REPRESENTATION('',(#12467),#12471);
#12467 = LINE('',#12468,#12469);
#12468 = CARTESIAN_POINT('',(0.,1.));
#12469 = VECTOR('',#12470,1.);
#12470 = DIRECTION('',(1.,0.));
#12471 = ( GEOMETRIC_REPRESENTATION_CONTEXT(2) 
PARAMETRIC_REPRESENTATION_CONTEXT() REPRESENTATION_CONTEXT('2D SPACE',''
  ) );
#12472 = PCURVE('',#12029,#12473);
#12473 = DEFINITIONAL_REPRESENTATION('',(#12474),#12478);
#12474 = CIRCLE('',#12475,1.);
#12475 = AXIS2_PLACEMENT_2D('',#12476,#12477);
#12476 = CARTESIAN_POINT('',(5.560279231515,5.560279200139));
#12477 = DIRECTION('',(1.,0.));
#12478 = ( GEOMETRIC_REPRESENTATION_CONTEXT(2) 
PARAMETRIC_REPRESENTATION_CONTEXT() REPRESENTATION_CONTEXT('2D SPACE',''
  ) );
#12479 = ORIENTED_EDGE('',*,*,#12344,.F.);
#12480 = ADVANCED_FACE('',(#12481),#12446,.T.);
#12481 = FACE_BOUND('',#12482,.T.);
#12482 = EDGE_LOOP('',(#12483,#12506,#12528,#12548));
#12483 = ORIENTED_EDGE('',*,*,#12484,.F.);
#12484 = EDGE_CURVE('',#12485,#12408,#12487,.T.);
#12485 = VERTEX_POINT('',#12486);
#12486 = CARTESIAN_POINT('',(-3.40992636068,4.609926341053,0.));
#12487 = SURFACE_CURVE('',#12488,(#12492,#12499),.PCURVE_S1.);
#12488 = LINE('',#12489,#12490);
#12489 = CARTESIAN_POINT('',(4.440892098501E-16,4.60992636068,0.));
#12490 = VECTOR('',#12491,1.);
#12491 = DIRECTION('',(1.,0.,0.));
#12492 = PCURVE('',#12446,#12493);
#12493 = DEFINITIONAL_REPRESENTATION('',(#12494),#12498);
#12494 = LINE('',#12495,#12496);
#12495 = CARTESIAN_POINT('',(0.,0.));
#12496 = VECTOR('',#12497,1.);
#12497 = DIRECTION('',(-1.,0.));
#12498 = ( GEOMETRIC_REPRESENTATION_CONTEXT(2) 
PARAMETRIC_REPRESENTATION_CONTEXT() REPRESENTATION_CONTEXT('2D SPACE',''
  ) );
#12499 = PCURVE('',#11963,#12500);
#12500 = DEFINITIONAL_REPRESENTATION('',(#12501),#12505);
#12501 = LINE('',#12502,#12503);
#12502 = CARTESIAN_POINT('',(3.40992636068,8.019852721359));
#12503 = VECTOR('',#12504,1.);
#12504 = DIRECTION('',(1.,0.));
#12505 = ( GEOMETRIC_REPRESENTATION_CONTEXT(2) 
PARAMETRIC_REPRESENTATION_CONTEXT() REPRESENTATION_CONTEXT('2D SPACE',''
  ) );
#12506 = ORIENTED_EDGE('',*,*,#12507,.T.);
#12507 = EDGE_CURVE('',#12485,#12508,#12510,.T.);
#12508 = VERTEX_POINT('',#12509);
#12509 = CARTESIAN_POINT('',(-2.780139615757,3.78013960007,
    72.985534275256));
#12510 = SURFACE_CURVE('',#12511,(#12514,#12521),.PCURVE_S1.);
#12511 = B_SPLINE_CURVE_WITH_KNOTS('',1,(#12512,#12513),.UNSPECIFIED.,
  .F.,.F.,(2,2),(0.,1.),.PIECEWISE_BEZIER_KNOTS.);
#12512 = CARTESIAN_POINT('',(-3.40992636068,4.60992636068,0.));
#12513 = CARTESIAN_POINT('',(-2.780139615757,3.780139615757,
    72.985534275256));
#12514 = PCURVE('',#12446,#12515);
#12515 = DEFINITIONAL_REPRESENTATION('',(#12516),#12520);
#12516 = LINE('',#12517,#12518);
#12517 = CARTESIAN_POINT('',(3.40992636068,0.));
#12518 = VECTOR('',#12519,1.);
#12519 = DIRECTION('',(0.,1.));
#12520 = ( GEOMETRIC_REPRESENTATION_CONTEXT(2) 
PARAMETRIC_REPRESENTATION_CONTEXT() REPRESENTATION_CONTEXT('2D SPACE',''
  ) );
#12521 = PCURVE('',#12054,#12522);
#12522 = DEFINITIONAL_REPRESENTATION('',(#12523),#12527);
#12523 = LINE('',#12524,#12525);
#12524 = CARTESIAN_POINT('',(1.570796326795,0.));
#12525 = VECTOR('',#12526,1.);
#12526 = DIRECTION('',(0.,1.));
#12527 = ( GEOMETRIC_REPRESENTATION_CONTEXT(2) 
PARAMETRIC_REPRESENTATION_CONTEXT() REPRESENTATION_CONTEXT('2D SPACE',''
  ) );
#12528 = ORIENTED_EDGE('',*,*,#12529,.T.);
#12529 = EDGE_CURVE('',#12508,#12432,#12530,.T.);
#12530 = SURFACE_CURVE('',#12531,(#12535,#12541),.PCURVE_S1.);
#12531 = LINE('',#12532,#12533);
#12532 = CARTESIAN_POINT('',(0.,3.780139615757,72.985534275256));
#12533 = VECTOR('',#12534,1.);
#12534 = DIRECTION('',(1.,0.,0.));
#12535 = PCURVE('',#12446,#12536);
#12536 = DEFINITIONAL_REPRESENTATION('',(#12537),#12540);
#12537 = B_SPLINE_CURVE_WITH_KNOTS('',1,(#12538,#12539),.UNSPECIFIED.,
  .F.,.F.,(2,2),(-2.780139615757,2.780139615757),
  .PIECEWISE_BEZIER_KNOTS.);
#12538 = CARTESIAN_POINT('',(3.40992636068,1.));
#12539 = CARTESIAN_POINT('',(-3.40992636068,1.));
#12540 = ( GEOMETRIC_REPRESENTATION_CONTEXT(2) 
PARAMETRIC_REPRESENTATION_CONTEXT() REPRESENTATION_CONTEXT('2D SPACE',''
  ) );
#12541 = PCURVE('',#12029,#12542);
#12542 = DEFINITIONAL_REPRESENTATION('',(#12543),#12547);
#12543 = LINE('',#12544,#12545);
#12544 = CARTESIAN_POINT('',(2.780139615757,6.560279231515));
#12545 = VECTOR('',#12546,1.);
#12546 = DIRECTION('',(1.,0.));
#12547 = ( GEOMETRIC_REPRESENTATION_CONTEXT(2) 
PARAMETRIC_REPRESENTATION_CONTEXT() REPRESENTATION_CONTEXT('2D SPACE',''
  ) );
#12548 = ORIENTED_EDGE('',*,*,#12431,.F.);
#12549 = ADVANCED_FACE('',(#12550),#12054,.T.);
#12550 = FACE_BOUND('',#12551,.T.);
#12551 = EDGE_LOOP('',(#12552,#12574,#12575,#12597));
#12552 = ORIENTED_EDGE('',*,*,#12553,.T.);
#12553 = EDGE_CURVE('',#12485,#11943,#12554,.T.);
#12554 = SURFACE_CURVE('',#12555,(#12560,#12567),.PCURVE_S1.);
#12555 = CIRCLE('',#12556,1.2);
#12556 = AXIS2_PLACEMENT_3D('',#12557,#12558,#12559);
#12557 = CARTESIAN_POINT('',(-3.40992636068,3.409926321426,0.));
#12558 = DIRECTION('',(0.,0.,1.));
#12559 = DIRECTION('',(1.,0.,0.));
#12560 = PCURVE('',#12054,#12561);
#12561 = DEFINITIONAL_REPRESENTATION('',(#12562),#12566);
#12562 = LINE('',#12563,#12564);
#12563 = CARTESIAN_POINT('',(0.,0.));
#12564 = VECTOR('',#12565,1.);
#12565 = DIRECTION('',(1.,0.));
#12566 = ( GEOMETRIC_REPRESENTATION_CONTEXT(2) 
PARAMETRIC_REPRESENTATION_CONTEXT() REPRESENTATION_CONTEXT('2D SPACE',''
  ) );
#12567 = PCURVE('',#11963,#12568);
#12568 = DEFINITIONAL_REPRESENTATION('',(#12569),#12573);
#12569 = CIRCLE('',#12570,1.2);
#12570 = AXIS2_PLACEMENT_2D('',#12571,#12572);
#12571 = CARTESIAN_POINT('',(0.,6.819852682106));
#12572 = DIRECTION('',(1.,0.));
#12573 = ( GEOMETRIC_REPRESENTATION_CONTEXT(2) 
PARAMETRIC_REPRESENTATION_CONTEXT() REPRESENTATION_CONTEXT('2D SPACE',''
  ) );
#12574 = ORIENTED_EDGE('',*,*,#12041,.T.);
#12575 = ORIENTED_EDGE('',*,*,#12576,.F.);
#12576 = EDGE_CURVE('',#12508,#12015,#12577,.T.);
#12577 = SURFACE_CURVE('',#12578,(#12583,#12590),.PCURVE_S1.);
#12578 = CIRCLE('',#12579,1.);
#12579 = AXIS2_PLACEMENT_3D('',#12580,#12581,#12582);
#12580 = CARTESIAN_POINT('',(-2.780139615757,2.780139584382,
    72.985534275256));
#12581 = DIRECTION('',(0.,0.,1.));
#12582 = DIRECTION('',(1.,0.,0.));
#12583 = PCURVE('',#12054,#12584);
#12584 = DEFINITIONAL_REPRESENTATION('',(#12585),#12589);
#12585 = LINE('',#12586,#12587);
#12586 = CARTESIAN_POINT('',(0.,1.));
#12587 = VECTOR('',#12588,1.);
#12588 = DIRECTION('',(1.,0.));
#12589 = ( GEOMETRIC_REPRESENTATION_CONTEXT(2) 
PARAMETRIC_REPRESENTATION_CONTEXT() REPRESENTATION_CONTEXT('2D SPACE',''
  ) );
#12590 = PCURVE('',#12029,#12591);
#12591 = DEFINITIONAL_REPRESENTATION('',(#12592),#12596);
#12592 = CIRCLE('',#12593,1.);
#12593 = AXIS2_PLACEMENT_2D('',#12594,#12595);
#12594 = CARTESIAN_POINT('',(0.,5.560279200139));
#12595 = DIRECTION('',(1.,0.));
#12596 = ( GEOMETRIC_REPRESENTATION_CONTEXT(2) 
PARAMETRIC_REPRESENTATION_CONTEXT() REPRESENTATION_CONTEXT('2D SPACE',''
  ) );
#12597 = ORIENTED_EDGE('',*,*,#12507,.F.);
#12598 = ADVANCED_FACE('',(#12599),#11963,.F.);
#12599 = FACE_BOUND('',#12600,.F.);
#12600 = EDGE_LOOP('',(#12601,#12602,#12603,#12604,#12605,#12606,#12607,
    #12608));
#12601 = ORIENTED_EDGE('',*,*,#11940,.F.);
#12602 = ORIENTED_EDGE('',*,*,#12081,.T.);
#12603 = ORIENTED_EDGE('',*,*,#12158,.T.);
#12604 = ORIENTED_EDGE('',*,*,#12244,.T.);
#12605 = ORIENTED_EDGE('',*,*,#12321,.T.);
#12606 = ORIENTED_EDGE('',*,*,#12407,.T.);
#12607 = ORIENTED_EDGE('',*,*,#12484,.F.);
#12608 = ORIENTED_EDGE('',*,*,#12553,.T.);
#12609 = ADVANCED_FACE('',(#12610),#12029,.T.);
#12610 = FACE_BOUND('',#12611,.T.);
#12611 = EDGE_LOOP('',(#12612,#12613,#12614,#12615,#12616,#12617,#12618,
    #12619));
#12612 = ORIENTED_EDGE('',*,*,#12014,.F.);
#12613 = ORIENTED_EDGE('',*,*,#12132,.T.);
#12614 = ORIENTED_EDGE('',*,*,#12220,.T.);
#12615 = ORIENTED_EDGE('',*,*,#12295,.T.);
#12616 = ORIENTED_EDGE('',*,*,#12383,.T.);
#12617 = ORIENTED_EDGE('',*,*,#12458,.T.);
#12618 = ORIENTED_EDGE('',*,*,#12529,.F.);
#12619 = ORIENTED_EDGE('',*,*,#12576,.T.);
#12620 = ( GEOMETRIC_REPRESENTATION_CONTEXT(3) 
GLOBAL_UNCERTAINTY_ASSIGNED_CONTEXT((#12624)) 
GLOBAL_UNIT_ASSIGNED_CONTEXT((#12621,#12622,#12623)) 
REPRESENTATION_CONTEXT('Context #1',
  '3D Context with UNIT and UNCERTAINTY') );
#12621 = ( LENGTH_UNIT() NAMED_UNIT(*) SI_UNIT(.MILLI.,.METRE.) );
#12622 = ( NAMED_UNIT(*) PLANE_ANGLE_UNIT() SI_UNIT($,.RADIAN.) );
#12623 = ( NAMED_UNIT(*) SI_UNIT($,.STERADIAN.) SOLID_ANGLE_UNIT() );
#12624 = UNCERTAINTY_MEASURE_WITH_UNIT(LENGTH_MEASURE(1.E-07),#12621,
  'distance_accuracy_value','confusion accuracy');
#12625 = CONTEXT_DEPENDENT_SHAPE_REPRESENTATION(#12626,#12628);
#12626 = ( REPRESENTATION_RELATIONSHIP('','',#11933,#10) 
REPRESENTATION_RELATIONSHIP_WITH_TRANSFORMATION(#12627) 
SHAPE_REPRESENTATION_RELATIONSHIP() );
#12627 = ITEM_DEFINED_TRANSFORMATION('','',#11,#71);
#12628 = PRODUCT_DEFINITION_SHAPE('Placement','Placement of an item',
  #12629);
#12629 = NEXT_ASSEMBLY_USAGE_OCCURRENCE('15','fry_09','',#5,#11928,$);
#12630 = PRODUCT_RELATED_PRODUCT_CATEGORY('part',$,(#11930));
#12631 = SHAPE_DEFINITION_REPRESENTATION(#12632,#12638);
#12632 = PRODUCT_DEFINITION_SHAPE('','',#12633);
#12633 = PRODUCT_DEFINITION('design','',#12634,#12637);
#12634 = PRODUCT_DEFINITION_FORMATION('','',#12635);
#12635 = PRODUCT('fry_10','fry_10','',(#12636));
#12636 = PRODUCT_CONTEXT('',#2,'mechanical');
#12637 = PRODUCT_DEFINITION_CONTEXT('part definition',#2,'design');
#12638 = ADVANCED_BREP_SHAPE_REPRESENTATION('',(#11,#12639),#13325);
#12639 = MANIFOLD_SOLID_BREP('',#12640);
#12640 = CLOSED_SHELL('',(#12641,#12782,#12859,#12945,#13022,#13108,
    #13185,#13254,#13303,#13314));
#12641 = ADVANCED_FACE('',(#12642),#12656,.T.);
#12642 = FACE_BOUND('',#12643,.T.);
#12643 = EDGE_LOOP('',(#12644,#12679,#12718,#12745));
#12644 = ORIENTED_EDGE('',*,*,#12645,.F.);
#12645 = EDGE_CURVE('',#12646,#12648,#12650,.T.);
#12646 = VERTEX_POINT('',#12647);
#12647 = CARTESIAN_POINT('',(-5.118861361199,-3.918861361199,0.));
#12648 = VERTEX_POINT('',#12649);
#12649 = CARTESIAN_POINT('',(-5.118861361199,3.91886131019,0.));
#12650 = SURFACE_CURVE('',#12651,(#12655,#12667),.PCURVE_S1.);
#12651 = LINE('',#12652,#12653);
#12652 = CARTESIAN_POINT('',(-5.118861361199,2.442490654175E-14,0.));
#12653 = VECTOR('',#12654,1.);
#12654 = DIRECTION('',(0.,1.,0.));
#12655 = PCURVE('',#12656,#12661);
#12656 = B_SPLINE_SURFACE_WITH_KNOTS('',1,1,(
    (#12657,#12658)
    ,(#12659,#12660
    )),.UNSPECIFIED.,.F.,.F.,.F.,(2,2),(2,2),(-3.91886131019,
    3.918861361199),(0.,1.),.PIECEWISE_BEZIER_KNOTS.);
#12657 = CARTESIAN_POINT('',(-5.118861361199,3.91886131019,0.));
#12658 = CARTESIAN_POINT('',(-4.197466316183,3.197466275318,
    89.889659587926));
#12659 = CARTESIAN_POINT('',(-5.118861361199,-3.918861361199,0.));
#12660 = CARTESIAN_POINT('',(-4.197466316183,-3.197466316183,
    89.889659587926));
#12661 = DEFINITIONAL_REPRESENTATION('',(#12662),#12666);
#12662 = LINE('',#12663,#12664);
#12663 = CARTESIAN_POINT('',(0.,0.));
#12664 = VECTOR('',#12665,1.);
#12665 = DIRECTION('',(-1.,0.));
#12666 = ( GEOMETRIC_REPRESENTATION_CONTEXT(2) 
PARAMETRIC_REPRESENTATION_CONTEXT() REPRESENTATION_CONTEXT('2D SPACE',''
  ) );
#12667 = PCURVE('',#12668,#12673);
#12668 = PLANE('',#12669);
#12669 = AXIS2_PLACEMENT_3D('',#12670,#12671,#12672);
#12670 = CARTESIAN_POINT('',(-3.918861361199,-3.918861361199,0.));
#12671 = DIRECTION('',(0.,0.,1.));
#12672 = DIRECTION('',(1.,0.,0.));
#12673 = DEFINITIONAL_REPRESENTATION('',(#12674),#12678);
#12674 = LINE('',#12675,#12676);
#12675 = CARTESIAN_POINT('',(-1.2,3.918861361199));
#12676 = VECTOR('',#12677,1.);
#12677 = DIRECTION('',(0.,1.));
#12678 = ( GEOMETRIC_REPRESENTATION_CONTEXT(2) 
PARAMETRIC_REPRESENTATION_CONTEXT() REPRESENTATION_CONTEXT('2D SPACE',''
  ) );
#12679 = ORIENTED_EDGE('',*,*,#12680,.T.);
#12680 = EDGE_CURVE('',#12646,#12681,#12683,.T.);
#12681 = VERTEX_POINT('',#12682);
#12682 = CARTESIAN_POINT('',(-4.197466316183,-3.197466316183,
    89.889659587926));
#12683 = SURFACE_CURVE('',#12684,(#12687,#12694),.PCURVE_S1.);
#12684 = B_SPLINE_CURVE_WITH_KNOTS('',1,(#12685,#12686),.UNSPECIFIED.,
  .F.,.F.,(2,2),(0.,1.),.PIECEWISE_BEZIER_KNOTS.);
#12685 = CARTESIAN_POINT('',(-5.118861361199,-3.918861361199,0.));
#12686 = CARTESIAN_POINT('',(-4.197466316183,-3.197466316183,
    89.889659587926));
#12687 = PCURVE('',#12656,#12688);
#12688 = DEFINITIONAL_REPRESENTATION('',(#12689),#12693);
#12689 = LINE('',#12690,#12691);
#12690 = CARTESIAN_POINT('',(3.918861361199,0.));
#12691 = VECTOR('',#12692,1.);
#12692 = DIRECTION('',(0.,1.));
#12693 = ( GEOMETRIC_REPRESENTATION_CONTEXT(2) 
PARAMETRIC_REPRESENTATION_CONTEXT() REPRESENTATION_CONTEXT('2D SPACE',''
  ) );
#12694 = PCURVE('',#12695,#12712);
#12695 = B_SPLINE_SURFACE_WITH_KNOTS('',7,1,(
    (#12696,#12697)
    ,(#12698,#12699)
    ,(#12700,#12701)
    ,(#12702,#12703)
    ,(#12704,#12705)
    ,(#12706,#12707)
    ,(#12708,#12709)
    ,(#12710,#12711
    )),.UNSPECIFIED.,.F.,.F.,.F.,(8,8),(2,2),(3.14159265359,
    4.712388980385),(0.,1.),.PIECEWISE_BEZIER_KNOTS.);
#12696 = CARTESIAN_POINT('',(-5.118861361199,-3.918861361199,0.));
#12697 = CARTESIAN_POINT('',(-4.197466316183,-3.197466316183,
    89.889659587926));
#12698 = CARTESIAN_POINT('',(-5.118861361199,-4.188140731506,0.));
#12699 = CARTESIAN_POINT('',(-4.197466316183,-3.421865791439,
    89.889659587926));
#12700 = CARTESIAN_POINT('',(-5.048362697337,-4.457418799179,0.));
#12701 = CARTESIAN_POINT('',(-4.138717429631,-3.646264181166,
    89.889659587925));
#12702 = CARTESIAN_POINT('',(-4.907376627841,-4.704557690186,0.));
#12703 = CARTESIAN_POINT('',(-4.021229038385,-3.852213257006,
    89.889659587927));
#12704 = CARTESIAN_POINT('',(-4.704557690187,-4.907376627842,0.));
#12705 = CARTESIAN_POINT('',(-3.852213257006,-4.021229038385,
    89.889659587924));
#12706 = CARTESIAN_POINT('',(-4.457418799179,-5.048362697337,0.));
#12707 = CARTESIAN_POINT('',(-3.646264181166,-4.138717429631,
    89.889659587926));
#12708 = CARTESIAN_POINT('',(-4.188140731507,-5.118861361199,0.));
#12709 = CARTESIAN_POINT('',(-3.421865791439,-4.197466316183,
    89.889659587925));
#12710 = CARTESIAN_POINT('',(-3.918861361199,-5.118861361199,0.));
#12711 = CARTESIAN_POINT('',(-3.197466316183,-4.197466316183,
    89.889659587926));
#12712 = DEFINITIONAL_REPRESENTATION('',(#12713),#12717);
#12713 = LINE('',#12714,#12715);
#12714 = CARTESIAN_POINT('',(3.14159265359,0.));
#12715 = VECTOR('',#12716,1.);
#12716 = DIRECTION('',(0.,1.));
#12717 = ( GEOMETRIC_REPRESENTATION_CONTEXT(2) 
PARAMETRIC_REPRESENTATION_CONTEXT() REPRESENTATION_CONTEXT('2D SPACE',''
  ) );
#12718 = ORIENTED_EDGE('',*,*,#12719,.T.);
#12719 = EDGE_CURVE('',#12681,#12720,#12722,.T.);
#12720 = VERTEX_POINT('',#12721);
#12721 = CARTESIAN_POINT('',(-4.197466316183,3.197466275318,
    89.889659587926));
#12722 = SURFACE_CURVE('',#12723,(#12727,#12733),.PCURVE_S1.);
#12723 = LINE('',#12724,#12725);
#12724 = CARTESIAN_POINT('',(-4.197466316183,1.95399252334E-14,
    89.889659587926));
#12725 = VECTOR('',#12726,1.);
#12726 = DIRECTION('',(0.,1.,0.));
#12727 = PCURVE('',#12656,#12728);
#12728 = DEFINITIONAL_REPRESENTATION('',(#12729),#12732);
#12729 = B_SPLINE_CURVE_WITH_KNOTS('',1,(#12730,#12731),.UNSPECIFIED.,
  .F.,.F.,(2,2),(-3.197466316183,3.197466275318),
  .PIECEWISE_BEZIER_KNOTS.);
#12730 = CARTESIAN_POINT('',(3.918861361199,1.));
#12731 = CARTESIAN_POINT('',(-3.91886131019,1.));
#12732 = ( GEOMETRIC_REPRESENTATION_CONTEXT(2) 
PARAMETRIC_REPRESENTATION_CONTEXT() REPRESENTATION_CONTEXT('2D SPACE',''
  ) );
#12733 = PCURVE('',#12734,#12739);
#12734 = PLANE('',#12735);
#12735 = AXIS2_PLACEMENT_3D('',#12736,#12737,#12738);
#12736 = CARTESIAN_POINT('',(-3.197466316183,-3.197466316183,
    89.889659587926));
#12737 = DIRECTION('',(0.,0.,-1.));
#12738 = DIRECTION('',(-1.,0.,0.));
#12739 = DEFINITIONAL_REPRESENTATION('',(#12740),#12744);
#12740 = LINE('',#12741,#12742);
#12741 = CARTESIAN_POINT('',(1.,3.197466316183));
#12742 = VECTOR('',#12743,1.);
#12743 = DIRECTION('',(0.,1.));
#12744 = ( GEOMETRIC_REPRESENTATION_CONTEXT(2) 
PARAMETRIC_REPRESENTATION_CONTEXT() REPRESENTATION_CONTEXT('2D SPACE',''
  ) );
#12745 = ORIENTED_EDGE('',*,*,#12746,.F.);
#12746 = EDGE_CURVE('',#12648,#12720,#12747,.T.);
#12747 = SURFACE_CURVE('',#12748,(#12751,#12758),.PCURVE_S1.);
#12748 = B_SPLINE_CURVE_WITH_KNOTS('',1,(#12749,#12750),.UNSPECIFIED.,
  .F.,.F.,(2,2),(0.,1.),.PIECEWISE_BEZIER_KNOTS.);
#12749 = CARTESIAN_POINT('',(-5.118861361199,3.91886131019,0.));
#12750 = CARTESIAN_POINT('',(-4.197466316183,3.197466275318,
    89.889659587926));
#12751 = PCURVE('',#12656,#12752);
#12752 = DEFINITIONAL_REPRESENTATION('',(#12753),#12757);
#12753 = LINE('',#12754,#12755);
#12754 = CARTESIAN_POINT('',(-3.91886131019,0.));
#12755 = VECTOR('',#12756,1.);
#12756 = DIRECTION('',(0.,1.));
#12757 = ( GEOMETRIC_REPRESENTATION_CONTEXT(2) 
PARAMETRIC_REPRESENTATION_CONTEXT() REPRESENTATION_CONTEXT('2D SPACE',''
  ) );
#12758 = PCURVE('',#12759,#12776);
#12759 = B_SPLINE_SURFACE_WITH_KNOTS('',7,1,(
    (#12760,#12761)
    ,(#12762,#12763)
    ,(#12764,#12765)
    ,(#12766,#12767)
    ,(#12768,#12769)
    ,(#12770,#12771)
    ,(#12772,#12773)
    ,(#12774,#12775
    )),.UNSPECIFIED.,.F.,.F.,.F.,(8,8),(2,2),(1.570796326795,
    3.14159265359),(0.,1.),.PIECEWISE_BEZIER_KNOTS.);
#12760 = CARTESIAN_POINT('',(-3.918861361199,5.11886131019,0.));
#12761 = CARTESIAN_POINT('',(-3.197466316183,4.197466275318,
    89.889659587926));
#12762 = CARTESIAN_POINT('',(-4.188140731506,5.11886131019,0.));
#12763 = CARTESIAN_POINT('',(-3.421865791439,4.197466275318,
    89.889659587926));
#12764 = CARTESIAN_POINT('',(-4.457418799179,5.048362646328,0.));
#12765 = CARTESIAN_POINT('',(-3.646264181166,4.138717388766,
    89.889659587924));
#12766 = CARTESIAN_POINT('',(-4.704557690186,4.907376576833,0.));
#12767 = CARTESIAN_POINT('',(-3.852213257006,4.02122899752,
    89.889659587927));
#12768 = CARTESIAN_POINT('',(-4.907376627841,4.704557639177,0.));
#12769 = CARTESIAN_POINT('',(-4.021229038385,3.852213216141,
    89.889659587925));
#12770 = CARTESIAN_POINT('',(-5.048362697337,4.45741874817,0.));
#12771 = CARTESIAN_POINT('',(-4.138717429631,3.646264140302,
    89.889659587926));
#12772 = CARTESIAN_POINT('',(-5.118861361199,4.188140680497,0.));
#12773 = CARTESIAN_POINT('',(-4.197466316183,3.421865750574,
    89.889659587926));
#12774 = CARTESIAN_POINT('',(-5.118861361199,3.91886131019,0.));
#12775 = CARTESIAN_POINT('',(-4.197466316183,3.197466275318,
    89.889659587926));
#12776 = DEFINITIONAL_REPRESENTATION('',(#12777),#12781);
#12777 = LINE('',#12778,#12779);
#12778 = CARTESIAN_POINT('',(3.14159265359,0.));
#12779 = VECTOR('',#12780,1.);
#12780 = DIRECTION('',(0.,1.));
#12781 = ( GEOMETRIC_REPRESENTATION_CONTEXT(2) 
PARAMETRIC_REPRESENTATION_CONTEXT() REPRESENTATION_CONTEXT('2D SPACE',''
  ) );
#12782 = ADVANCED_FACE('',(#12783),#12695,.T.);
#12783 = FACE_BOUND('',#12784,.T.);
#12784 = EDGE_LOOP('',(#12785,#12809,#12836,#12858));
#12785 = ORIENTED_EDGE('',*,*,#12786,.T.);
#12786 = EDGE_CURVE('',#12646,#12787,#12789,.T.);
#12787 = VERTEX_POINT('',#12788);
#12788 = CARTESIAN_POINT('',(-3.918861361199,-5.118861361199,0.));
#12789 = SURFACE_CURVE('',#12790,(#12795,#12802),.PCURVE_S1.);
#12790 = CIRCLE('',#12791,1.2);
#12791 = AXIS2_PLACEMENT_3D('',#12792,#12793,#12794);
#12792 = CARTESIAN_POINT('',(-3.918861361199,-3.918861361199,0.));
#12793 = DIRECTION('',(0.,0.,1.));
#12794 = DIRECTION('',(1.,0.,0.));
#12795 = PCURVE('',#12695,#12796);
#12796 = DEFINITIONAL_REPRESENTATION('',(#12797),#12801);
#12797 = LINE('',#12798,#12799);
#12798 = CARTESIAN_POINT('',(0.,0.));
#12799 = VECTOR('',#12800,1.);
#12800 = DIRECTION('',(1.,0.));
#12801 = ( GEOMETRIC_REPRESENTATION_CONTEXT(2) 
PARAMETRIC_REPRESENTATION_CONTEXT() REPRESENTATION_CONTEXT('2D SPACE',''
  ) );
#12802 = PCURVE('',#12668,#12803);
#12803 = DEFINITIONAL_REPRESENTATION('',(#12804),#12808);
#12804 = CIRCLE('',#12805,1.2);
#12805 = AXIS2_PLACEMENT_2D('',#12806,#12807);
#12806 = CARTESIAN_POINT('',(0.,0.));
#12807 = DIRECTION('',(1.,0.));
#12808 = ( GEOMETRIC_REPRESENTATION_CONTEXT(2) 
PARAMETRIC_REPRESENTATION_CONTEXT() REPRESENTATION_CONTEXT('2D SPACE',''
  ) );
#12809 = ORIENTED_EDGE('',*,*,#12810,.T.);
#12810 = EDGE_CURVE('',#12787,#12811,#12813,.T.);
#12811 = VERTEX_POINT('',#12812);
#12812 = CARTESIAN_POINT('',(-3.197466316183,-4.197466316183,
    89.889659587926));
#12813 = SURFACE_CURVE('',#12814,(#12817,#12824),.PCURVE_S1.);
#12814 = B_SPLINE_CURVE_WITH_KNOTS('',1,(#12815,#12816),.UNSPECIFIED.,
  .F.,.F.,(2,2),(0.,1.),.PIECEWISE_BEZIER_KNOTS.);
#12815 = CARTESIAN_POINT('',(-3.918861361199,-5.118861361199,0.));
#12816 = CARTESIAN_POINT('',(-3.197466316183,-4.197466316183,
    89.889659587926));
#12817 = PCURVE('',#12695,#12818);
#12818 = DEFINITIONAL_REPRESENTATION('',(#12819),#12823);
#12819 = LINE('',#12820,#12821);
#12820 = CARTESIAN_POINT('',(4.712388980385,0.));
#12821 = VECTOR('',#12822,1.);
#12822 = DIRECTION('',(0.,1.));
#12823 = ( GEOMETRIC_REPRESENTATION_CONTEXT(2) 
PARAMETRIC_REPRESENTATION_CONTEXT() REPRESENTATION_CONTEXT('2D SPACE',''
  ) );
#12824 = PCURVE('',#12825,#12830);
#12825 = B_SPLINE_SURFACE_WITH_KNOTS('',1,1,(
    (#12826,#12827)
    ,(#12828,#12829
    )),.UNSPECIFIED.,.F.,.F.,.F.,(2,2),(2,2),(-3.918861361199,
    3.91886131019),(0.,1.),.PIECEWISE_BEZIER_KNOTS.);
#12826 = CARTESIAN_POINT('',(-3.918861361199,-5.118861361199,0.));
#12827 = CARTESIAN_POINT('',(-3.197466316183,-4.197466316183,
    89.889659587926));
#12828 = CARTESIAN_POINT('',(3.91886131019,-5.118861361199,0.));
#12829 = CARTESIAN_POINT('',(3.197466275318,-4.197466316183,
    89.889659587926));
#12830 = DEFINITIONAL_REPRESENTATION('',(#12831),#12835);
#12831 = LINE('',#12832,#12833);
#12832 = CARTESIAN_POINT('',(-3.918861361199,0.));
#12833 = VECTOR('',#12834,1.);
#12834 = DIRECTION('',(0.,1.));
#12835 = ( GEOMETRIC_REPRESENTATION_CONTEXT(2) 
PARAMETRIC_REPRESENTATION_CONTEXT() REPRESENTATION_CONTEXT('2D SPACE',''
  ) );
#12836 = ORIENTED_EDGE('',*,*,#12837,.T.);
#12837 = EDGE_CURVE('',#12811,#12681,#12838,.T.);
#12838 = SURFACE_CURVE('',#12839,(#12844,#12851),.PCURVE_S1.);
#12839 = CIRCLE('',#12840,1.);
#12840 = AXIS2_PLACEMENT_3D('',#12841,#12842,#12843);
#12841 = CARTESIAN_POINT('',(-3.197466316183,-3.197466316183,
    89.889659587926));
#12842 = DIRECTION('',(0.,0.,-1.));
#12843 = DIRECTION('',(-1.,0.,0.));
#12844 = PCURVE('',#12695,#12845);
#12845 = DEFINITIONAL_REPRESENTATION('',(#12846),#12850);
#12846 = LINE('',#12847,#12848);
#12847 = CARTESIAN_POINT('',(9.424777960769,1.));
#12848 = VECTOR('',#12849,1.);
#12849 = DIRECTION('',(-1.,0.));
#12850 = ( GEOMETRIC_REPRESENTATION_CONTEXT(2) 
PARAMETRIC_REPRESENTATION_CONTEXT() REPRESENTATION_CONTEXT('2D SPACE',''
  ) );
#12851 = PCURVE('',#12734,#12852);
#12852 = DEFINITIONAL_REPRESENTATION('',(#12853),#12857);
#12853 = CIRCLE('',#12854,1.);
#12854 = AXIS2_PLACEMENT_2D('',#12855,#12856);
#12855 = CARTESIAN_POINT('',(0.,0.));
#12856 = DIRECTION('',(1.,0.));
#12857 = ( GEOMETRIC_REPRESENTATION_CONTEXT(2) 
PARAMETRIC_REPRESENTATION_CONTEXT() REPRESENTATION_CONTEXT('2D SPACE',''
  ) );
#12858 = ORIENTED_EDGE('',*,*,#12680,.F.);
#12859 = ADVANCED_FACE('',(#12860),#12825,.T.);
#12860 = FACE_BOUND('',#12861,.T.);
#12861 = EDGE_LOOP('',(#12862,#12885,#12924,#12944));
#12862 = ORIENTED_EDGE('',*,*,#12863,.T.);
#12863 = EDGE_CURVE('',#12787,#12864,#12866,.T.);
#12864 = VERTEX_POINT('',#12865);
#12865 = CARTESIAN_POINT('',(3.91886131019,-5.118861361199,0.));
#12866 = SURFACE_CURVE('',#12867,(#12871,#12878),.PCURVE_S1.);
#12867 = LINE('',#12868,#12869);
#12868 = CARTESIAN_POINT('',(4.440892098501E-16,-5.118861361199,0.));
#12869 = VECTOR('',#12870,1.);
#12870 = DIRECTION('',(1.,0.,0.));
#12871 = PCURVE('',#12825,#12872);
#12872 = DEFINITIONAL_REPRESENTATION('',(#12873),#12877);
#12873 = LINE('',#12874,#12875);
#12874 = CARTESIAN_POINT('',(0.,0.));
#12875 = VECTOR('',#12876,1.);
#12876 = DIRECTION('',(1.,0.));
#12877 = ( GEOMETRIC_REPRESENTATION_CONTEXT(2) 
PARAMETRIC_REPRESENTATION_CONTEXT() REPRESENTATION_CONTEXT('2D SPACE',''
  ) );
#12878 = PCURVE('',#12668,#12879);
#12879 = DEFINITIONAL_REPRESENTATION('',(#12880),#12884);
#12880 = LINE('',#12881,#12882);
#12881 = CARTESIAN_POINT('',(3.918861361199,-1.2));
#12882 = VECTOR('',#12883,1.);
#12883 = DIRECTION('',(1.,0.));
#12884 = ( GEOMETRIC_REPRESENTATION_CONTEXT(2) 
PARAMETRIC_REPRESENTATION_CONTEXT() REPRESENTATION_CONTEXT('2D SPACE',''
  ) );
#12885 = ORIENTED_EDGE('',*,*,#12886,.T.);
#12886 = EDGE_CURVE('',#12864,#12887,#12889,.T.);
#12887 = VERTEX_POINT('',#12888);
#12888 = CARTESIAN_POINT('',(3.197466275318,-4.197466316183,
    89.889659587926));
#12889 = SURFACE_CURVE('',#12890,(#12893,#12900),.PCURVE_S1.);
#12890 = B_SPLINE_CURVE_WITH_KNOTS('',1,(#12891,#12892),.UNSPECIFIED.,
  .F.,.F.,(2,2),(0.,1.),.PIECEWISE_BEZIER_KNOTS.);
#12891 = CARTESIAN_POINT('',(3.91886131019,-5.118861361199,0.));
#12892 = CARTESIAN_POINT('',(3.197466275318,-4.197466316183,
    89.889659587926));
#12893 = PCURVE('',#12825,#12894);
#12894 = DEFINITIONAL_REPRESENTATION('',(#12895),#12899);
#12895 = LINE('',#12896,#12897);
#12896 = CARTESIAN_POINT('',(3.91886131019,0.));
#12897 = VECTOR('',#12898,1.);
#12898 = DIRECTION('',(0.,1.));
#12899 = ( GEOMETRIC_REPRESENTATION_CONTEXT(2) 
PARAMETRIC_REPRESENTATION_CONTEXT() REPRESENTATION_CONTEXT('2D SPACE',''
  ) );
#12900 = PCURVE('',#12901,#12918);
#12901 = B_SPLINE_SURFACE_WITH_KNOTS('',7,1,(
    (#12902,#12903)
    ,(#12904,#12905)
    ,(#12906,#12907)
    ,(#12908,#12909)
    ,(#12910,#12911)
    ,(#12912,#12913)
    ,(#12914,#12915)
    ,(#12916,#12917
    )),.UNSPECIFIED.,.F.,.F.,.F.,(8,8),(2,2),(4.712388980385,
    6.28318530718),(0.,1.),.PIECEWISE_BEZIER_KNOTS.);
#12902 = CARTESIAN_POINT('',(3.91886131019,-5.118861361199,0.));
#12903 = CARTESIAN_POINT('',(3.197466275318,-4.197466316183,
    89.889659587926));
#12904 = CARTESIAN_POINT('',(4.188140680497,-5.118861361199,0.));
#12905 = CARTESIAN_POINT('',(3.421865750574,-4.197466316183,
    89.889659587926));
#12906 = CARTESIAN_POINT('',(4.45741874817,-5.048362697337,0.));
#12907 = CARTESIAN_POINT('',(3.646264140301,-4.138717429631,
    89.889659587924));
#12908 = CARTESIAN_POINT('',(4.704557639177,-4.907376627841,0.));
#12909 = CARTESIAN_POINT('',(3.852213216141,-4.021229038385,
    89.889659587928));
#12910 = CARTESIAN_POINT('',(4.907376576832,-4.704557690186,0.));
#12911 = CARTESIAN_POINT('',(4.02122899752,-3.852213257006,
    89.889659587923));
#12912 = CARTESIAN_POINT('',(5.048362646328,-4.457418799179,0.));
#12913 = CARTESIAN_POINT('',(4.138717388767,-3.646264181167,
    89.889659587927));
#12914 = CARTESIAN_POINT('',(5.11886131019,-4.188140731506,0.));
#12915 = CARTESIAN_POINT('',(4.197466275318,-3.421865791439,
    89.889659587925));
#12916 = CARTESIAN_POINT('',(5.11886131019,-3.918861361199,0.));
#12917 = CARTESIAN_POINT('',(4.197466275318,-3.197466316183,
    89.889659587926));
#12918 = DEFINITIONAL_REPRESENTATION('',(#12919),#12923);
#12919 = LINE('',#12920,#12921);
#12920 = CARTESIAN_POINT('',(4.712388980385,0.));
#12921 = VECTOR('',#12922,1.);
#12922 = DIRECTION('',(0.,1.));
#12923 = ( GEOMETRIC_REPRESENTATION_CONTEXT(2) 
PARAMETRIC_REPRESENTATION_CONTEXT() REPRESENTATION_CONTEXT('2D SPACE',''
  ) );
#12924 = ORIENTED_EDGE('',*,*,#12925,.F.);
#12925 = EDGE_CURVE('',#12811,#12887,#12926,.T.);
#12926 = SURFACE_CURVE('',#12927,(#12931,#12937),.PCURVE_S1.);
#12927 = LINE('',#12928,#12929);
#12928 = CARTESIAN_POINT('',(0.,-4.197466316183,89.889659587926));
#12929 = VECTOR('',#12930,1.);
#12930 = DIRECTION('',(1.,0.,0.));
#12931 = PCURVE('',#12825,#12932);
#12932 = DEFINITIONAL_REPRESENTATION('',(#12933),#12936);
#12933 = B_SPLINE_CURVE_WITH_KNOTS('',1,(#12934,#12935),.UNSPECIFIED.,
  .F.,.F.,(2,2),(-3.197466316183,3.197466275318),
  .PIECEWISE_BEZIER_KNOTS.);
#12934 = CARTESIAN_POINT('',(-3.918861361199,1.));
#12935 = CARTESIAN_POINT('',(3.91886131019,1.));
#12936 = ( GEOMETRIC_REPRESENTATION_CONTEXT(2) 
PARAMETRIC_REPRESENTATION_CONTEXT() REPRESENTATION_CONTEXT('2D SPACE',''
  ) );
#12937 = PCURVE('',#12734,#12938);
#12938 = DEFINITIONAL_REPRESENTATION('',(#12939),#12943);
#12939 = LINE('',#12940,#12941);
#12940 = CARTESIAN_POINT('',(-3.197466316183,-1.));
#12941 = VECTOR('',#12942,1.);
#12942 = DIRECTION('',(-1.,0.));
#12943 = ( GEOMETRIC_REPRESENTATION_CONTEXT(2) 
PARAMETRIC_REPRESENTATION_CONTEXT() REPRESENTATION_CONTEXT('2D SPACE',''
  ) );
#12944 = ORIENTED_EDGE('',*,*,#12810,.F.);
#12945 = ADVANCED_FACE('',(#12946),#12901,.T.);
#12946 = FACE_BOUND('',#12947,.T.);
#12947 = EDGE_LOOP('',(#12948,#12972,#12999,#13021));
#12948 = ORIENTED_EDGE('',*,*,#12949,.T.);
#12949 = EDGE_CURVE('',#12864,#12950,#12952,.T.);
#12950 = VERTEX_POINT('',#12951);
#12951 = CARTESIAN_POINT('',(5.118861335694,-3.918861361199,0.));
#12952 = SURFACE_CURVE('',#12953,(#12958,#12965),.PCURVE_S1.);
#12953 = CIRCLE('',#12954,1.2);
#12954 = AXIS2_PLACEMENT_3D('',#12955,#12956,#12957);
#12955 = CARTESIAN_POINT('',(3.91886131019,-3.918861361199,0.));
#12956 = DIRECTION('',(0.,0.,1.));
#12957 = DIRECTION('',(1.,0.,0.));
#12958 = PCURVE('',#12901,#12959);
#12959 = DEFINITIONAL_REPRESENTATION('',(#12960),#12964);
#12960 = LINE('',#12961,#12962);
#12961 = CARTESIAN_POINT('',(0.,0.));
#12962 = VECTOR('',#12963,1.);
#12963 = DIRECTION('',(1.,0.));
#12964 = ( GEOMETRIC_REPRESENTATION_CONTEXT(2) 
PARAMETRIC_REPRESENTATION_CONTEXT() REPRESENTATION_CONTEXT('2D SPACE',''
  ) );
#12965 = PCURVE('',#12668,#12966);
#12966 = DEFINITIONAL_REPRESENTATION('',(#12967),#12971);
#12967 = CIRCLE('',#12968,1.2);
#12968 = AXIS2_PLACEMENT_2D('',#12969,#12970);
#12969 = CARTESIAN_POINT('',(7.837722671389,4.884981308351E-14));
#12970 = DIRECTION('',(1.,0.));
#12971 = ( GEOMETRIC_REPRESENTATION_CONTEXT(2) 
PARAMETRIC_REPRESENTATION_CONTEXT() REPRESENTATION_CONTEXT('2D SPACE',''
  ) );
#12972 = ORIENTED_EDGE('',*,*,#12973,.T.);
#12973 = EDGE_CURVE('',#12950,#12974,#12976,.T.);
#12974 = VERTEX_POINT('',#12975);
#12975 = CARTESIAN_POINT('',(4.197466295751,-3.197466316183,
    89.889659587926));
#12976 = SURFACE_CURVE('',#12977,(#12980,#12987),.PCURVE_S1.);
#12977 = B_SPLINE_CURVE_WITH_KNOTS('',1,(#12978,#12979),.UNSPECIFIED.,
  .F.,.F.,(2,2),(0.,1.),.PIECEWISE_BEZIER_KNOTS.);
#12978 = CARTESIAN_POINT('',(5.11886131019,-3.918861361199,0.));
#12979 = CARTESIAN_POINT('',(4.197466275318,-3.197466316183,
    89.889659587926));
#12980 = PCURVE('',#12901,#12981);
#12981 = DEFINITIONAL_REPRESENTATION('',(#12982),#12986);
#12982 = LINE('',#12983,#12984);
#12983 = CARTESIAN_POINT('',(6.28318530718,0.));
#12984 = VECTOR('',#12985,1.);
#12985 = DIRECTION('',(0.,1.));
#12986 = ( GEOMETRIC_REPRESENTATION_CONTEXT(2) 
PARAMETRIC_REPRESENTATION_CONTEXT() REPRESENTATION_CONTEXT('2D SPACE',''
  ) );
#12987 = PCURVE('',#12988,#12993);
#12988 = B_SPLINE_SURFACE_WITH_KNOTS('',1,1,(
    (#12989,#12990)
    ,(#12991,#12992
    )),.UNSPECIFIED.,.F.,.F.,.F.,(2,2),(2,2),(-3.918861361199,
    3.91886131019),(0.,1.),.PIECEWISE_BEZIER_KNOTS.);
#12989 = CARTESIAN_POINT('',(5.118861361199,-3.918861361199,0.));
#12990 = CARTESIAN_POINT('',(4.197466316183,-3.197466316183,
    89.889659587926));
#12991 = CARTESIAN_POINT('',(5.118861361199,3.91886131019,0.));
#12992 = CARTESIAN_POINT('',(4.197466316183,3.197466275318,
    89.889659587926));
#12993 = DEFINITIONAL_REPRESENTATION('',(#12994),#12998);
#12994 = LINE('',#12995,#12996);
#12995 = CARTESIAN_POINT('',(-3.918861361199,0.));
#12996 = VECTOR('',#12997,1.);
#12997 = DIRECTION('',(0.,1.));
#12998 = ( GEOMETRIC_REPRESENTATION_CONTEXT(2) 
PARAMETRIC_REPRESENTATION_CONTEXT() REPRESENTATION_CONTEXT('2D SPACE',''
  ) );
#12999 = ORIENTED_EDGE('',*,*,#13000,.T.);
#13000 = EDGE_CURVE('',#12974,#12887,#13001,.T.);
#13001 = SURFACE_CURVE('',#13002,(#13007,#13014),.PCURVE_S1.);
#13002 = CIRCLE('',#13003,1.);
#13003 = AXIS2_PLACEMENT_3D('',#13004,#13005,#13006);
#13004 = CARTESIAN_POINT('',(3.197466275318,-3.197466316183,
    89.889659587926));
#13005 = DIRECTION('',(0.,0.,-1.));
#13006 = DIRECTION('',(-1.,0.,0.));
#13007 = PCURVE('',#12901,#13008);
#13008 = DEFINITIONAL_REPRESENTATION('',(#13009),#13013);
#13009 = LINE('',#13010,#13011);
#13010 = CARTESIAN_POINT('',(9.424777960769,1.));
#13011 = VECTOR('',#13012,1.);
#13012 = DIRECTION('',(-1.,0.));
#13013 = ( GEOMETRIC_REPRESENTATION_CONTEXT(2) 
PARAMETRIC_REPRESENTATION_CONTEXT() REPRESENTATION_CONTEXT('2D SPACE',''
  ) );
#13014 = PCURVE('',#12734,#13015);
#13015 = DEFINITIONAL_REPRESENTATION('',(#13016),#13020);
#13016 = CIRCLE('',#13017,1.);
#13017 = AXIS2_PLACEMENT_2D('',#13018,#13019);
#13018 = CARTESIAN_POINT('',(-6.394932591501,3.863576125696E-14));
#13019 = DIRECTION('',(1.,0.));
#13020 = ( GEOMETRIC_REPRESENTATION_CONTEXT(2) 
PARAMETRIC_REPRESENTATION_CONTEXT() REPRESENTATION_CONTEXT('2D SPACE',''
  ) );
#13021 = ORIENTED_EDGE('',*,*,#12886,.F.);
#13022 = ADVANCED_FACE('',(#13023),#12988,.T.);
#13023 = FACE_BOUND('',#13024,.T.);
#13024 = EDGE_LOOP('',(#13025,#13048,#13087,#13107));
#13025 = ORIENTED_EDGE('',*,*,#13026,.T.);
#13026 = EDGE_CURVE('',#12950,#13027,#13029,.T.);
#13027 = VERTEX_POINT('',#13028);
#13028 = CARTESIAN_POINT('',(5.118861361199,3.91886131019,0.));
#13029 = SURFACE_CURVE('',#13030,(#13034,#13041),.PCURVE_S1.);
#13030 = LINE('',#13031,#13032);
#13031 = CARTESIAN_POINT('',(5.118861361199,2.442490654175E-14,0.));
#13032 = VECTOR('',#13033,1.);
#13033 = DIRECTION('',(0.,1.,0.));
#13034 = PCURVE('',#12988,#13035);
#13035 = DEFINITIONAL_REPRESENTATION('',(#13036),#13040);
#13036 = LINE('',#13037,#13038);
#13037 = CARTESIAN_POINT('',(0.,0.));
#13038 = VECTOR('',#13039,1.);
#13039 = DIRECTION('',(1.,0.));
#13040 = ( GEOMETRIC_REPRESENTATION_CONTEXT(2) 
PARAMETRIC_REPRESENTATION_CONTEXT() REPRESENTATION_CONTEXT('2D SPACE',''
  ) );
#13041 = PCURVE('',#12668,#13042);
#13042 = DEFINITIONAL_REPRESENTATION('',(#13043),#13047);
#13043 = LINE('',#13044,#13045);
#13044 = CARTESIAN_POINT('',(9.037722722398,3.918861361199));
#13045 = VECTOR('',#13046,1.);
#13046 = DIRECTION('',(0.,1.));
#13047 = ( GEOMETRIC_REPRESENTATION_CONTEXT(2) 
PARAMETRIC_REPRESENTATION_CONTEXT() REPRESENTATION_CONTEXT('2D SPACE',''
  ) );
#13048 = ORIENTED_EDGE('',*,*,#13049,.T.);
#13049 = EDGE_CURVE('',#13027,#13050,#13052,.T.);
#13050 = VERTEX_POINT('',#13051);
#13051 = CARTESIAN_POINT('',(4.197466316183,3.197466275318,
    89.889659587926));
#13052 = SURFACE_CURVE('',#13053,(#13056,#13063),.PCURVE_S1.);
#13053 = B_SPLINE_CURVE_WITH_KNOTS('',1,(#13054,#13055),.UNSPECIFIED.,
  .F.,.F.,(2,2),(0.,1.),.PIECEWISE_BEZIER_KNOTS.);
#13054 = CARTESIAN_POINT('',(5.118861361199,3.91886131019,0.));
#13055 = CARTESIAN_POINT('',(4.197466316183,3.197466275318,
    89.889659587926));
#13056 = PCURVE('',#12988,#13057);
#13057 = DEFINITIONAL_REPRESENTATION('',(#13058),#13062);
#13058 = LINE('',#13059,#13060);
#13059 = CARTESIAN_POINT('',(3.91886131019,0.));
#13060 = VECTOR('',#13061,1.);
#13061 = DIRECTION('',(0.,1.));
#13062 = ( GEOMETRIC_REPRESENTATION_CONTEXT(2) 
PARAMETRIC_REPRESENTATION_CONTEXT() REPRESENTATION_CONTEXT('2D SPACE',''
  ) );
#13063 = PCURVE('',#13064,#13081);
#13064 = B_SPLINE_SURFACE_WITH_KNOTS('',7,1,(
    (#13065,#13066)
    ,(#13067,#13068)
    ,(#13069,#13070)
    ,(#13071,#13072)
    ,(#13073,#13074)
    ,(#13075,#13076)
    ,(#13077,#13078)
    ,(#13079,#13080
    )),.UNSPECIFIED.,.F.,.F.,.F.,(8,8),(2,2),(0.,1.570796326795),(0.,1.)
  ,.PIECEWISE_BEZIER_KNOTS.);
#13065 = CARTESIAN_POINT('',(5.118861361199,3.91886131019,0.));
#13066 = CARTESIAN_POINT('',(4.197466316183,3.197466275318,
    89.889659587926));
#13067 = CARTESIAN_POINT('',(5.118861361199,4.188140680497,0.));
#13068 = CARTESIAN_POINT('',(4.197466316183,3.421865750574,
    89.889659587925));
#13069 = CARTESIAN_POINT('',(5.048362697337,4.45741874817,0.));
#13070 = CARTESIAN_POINT('',(4.138717429631,3.646264140302,
    89.889659587928));
#13071 = CARTESIAN_POINT('',(4.907376627841,4.704557639177,0.));
#13072 = CARTESIAN_POINT('',(4.021229038385,3.852213216141,
    89.889659587922));
#13073 = CARTESIAN_POINT('',(4.704557690186,4.907376576832,0.));
#13074 = CARTESIAN_POINT('',(3.852213257006,4.02122899752,89.88965958793
    ));
#13075 = CARTESIAN_POINT('',(4.457418799179,5.048362646328,0.));
#13076 = CARTESIAN_POINT('',(3.646264181166,4.138717388766,
    89.889659587923));
#13077 = CARTESIAN_POINT('',(4.188140731506,5.11886131019,0.));
#13078 = CARTESIAN_POINT('',(3.421865791439,4.197466275318,
    89.889659587926));
#13079 = CARTESIAN_POINT('',(3.918861361199,5.11886131019,0.));
#13080 = CARTESIAN_POINT('',(3.197466316183,4.197466275318,
    89.889659587926));
#13081 = DEFINITIONAL_REPRESENTATION('',(#13082),#13086);
#13082 = LINE('',#13083,#13084);
#13083 = CARTESIAN_POINT('',(0.,0.));
#13084 = VECTOR('',#13085,1.);
#13085 = DIRECTION('',(0.,1.));
#13086 = ( GEOMETRIC_REPRESENTATION_CONTEXT(2) 
PARAMETRIC_REPRESENTATION_CONTEXT() REPRESENTATION_CONTEXT('2D SPACE',''
  ) );
#13087 = ORIENTED_EDGE('',*,*,#13088,.F.);
#13088 = EDGE_CURVE('',#12974,#13050,#13089,.T.);
#13089 = SURFACE_CURVE('',#13090,(#13094,#13100),.PCURVE_S1.);
#13090 = LINE('',#13091,#13092);
#13091 = CARTESIAN_POINT('',(4.197466316183,1.95399252334E-14,
    89.889659587926));
#13092 = VECTOR('',#13093,1.);
#13093 = DIRECTION('',(0.,1.,0.));
#13094 = PCURVE('',#12988,#13095);
#13095 = DEFINITIONAL_REPRESENTATION('',(#13096),#13099);
#13096 = B_SPLINE_CURVE_WITH_KNOTS('',1,(#13097,#13098),.UNSPECIFIED.,
  .F.,.F.,(2,2),(-3.197466316183,3.197466275318),
  .PIECEWISE_BEZIER_KNOTS.);
#13097 = CARTESIAN_POINT('',(-3.918861361199,1.));
#13098 = CARTESIAN_POINT('',(3.91886131019,1.));
#13099 = ( GEOMETRIC_REPRESENTATION_CONTEXT(2) 
PARAMETRIC_REPRESENTATION_CONTEXT() REPRESENTATION_CONTEXT('2D SPACE',''
  ) );
#13100 = PCURVE('',#12734,#13101);
#13101 = DEFINITIONAL_REPRESENTATION('',(#13102),#13106);
#13102 = LINE('',#13103,#13104);
#13103 = CARTESIAN_POINT('',(-7.394932632366,3.197466316183));
#13104 = VECTOR('',#13105,1.);
#13105 = DIRECTION('',(0.,1.));
#13106 = ( GEOMETRIC_REPRESENTATION_CONTEXT(2) 
PARAMETRIC_REPRESENTATION_CONTEXT() REPRESENTATION_CONTEXT('2D SPACE',''
  ) );
#13107 = ORIENTED_EDGE('',*,*,#12973,.F.);
#13108 = ADVANCED_FACE('',(#13109),#13064,.T.);
#13109 = FACE_BOUND('',#13110,.T.);
#13110 = EDGE_LOOP('',(#13111,#13135,#13162,#13184));
#13111 = ORIENTED_EDGE('',*,*,#13112,.T.);
#13112 = EDGE_CURVE('',#13027,#13113,#13115,.T.);
#13113 = VERTEX_POINT('',#13114);
#13114 = CARTESIAN_POINT('',(3.918861361199,5.118861335694,0.));
#13115 = SURFACE_CURVE('',#13116,(#13121,#13128),.PCURVE_S1.);
#13116 = CIRCLE('',#13117,1.2);
#13117 = AXIS2_PLACEMENT_3D('',#13118,#13119,#13120);
#13118 = CARTESIAN_POINT('',(3.918861361199,3.91886131019,0.));
#13119 = DIRECTION('',(0.,0.,1.));
#13120 = DIRECTION('',(1.,0.,0.));
#13121 = PCURVE('',#13064,#13122);
#13122 = DEFINITIONAL_REPRESENTATION('',(#13123),#13127);
#13123 = LINE('',#13124,#13125);
#13124 = CARTESIAN_POINT('',(0.,0.));
#13125 = VECTOR('',#13126,1.);
#13126 = DIRECTION('',(1.,0.));
#13127 = ( GEOMETRIC_REPRESENTATION_CONTEXT(2) 
PARAMETRIC_REPRESENTATION_CONTEXT() REPRESENTATION_CONTEXT('2D SPACE',''
  ) );
#13128 = PCURVE('',#12668,#13129);
#13129 = DEFINITIONAL_REPRESENTATION('',(#13130),#13134);
#13130 = CIRCLE('',#13131,1.2);
#13131 = AXIS2_PLACEMENT_2D('',#13132,#13133);
#13132 = CARTESIAN_POINT('',(7.837722722398,7.837722671389));
#13133 = DIRECTION('',(1.,0.));
#13134 = ( GEOMETRIC_REPRESENTATION_CONTEXT(2) 
PARAMETRIC_REPRESENTATION_CONTEXT() REPRESENTATION_CONTEXT('2D SPACE',''
  ) );
#13135 = ORIENTED_EDGE('',*,*,#13136,.T.);
#13136 = EDGE_CURVE('',#13113,#13137,#13139,.T.);
#13137 = VERTEX_POINT('',#13138);
#13138 = CARTESIAN_POINT('',(3.197466316183,4.197466295751,
    89.889659587926));
#13139 = SURFACE_CURVE('',#13140,(#13143,#13150),.PCURVE_S1.);
#13140 = B_SPLINE_CURVE_WITH_KNOTS('',1,(#13141,#13142),.UNSPECIFIED.,
  .F.,.F.,(2,2),(0.,1.),.PIECEWISE_BEZIER_KNOTS.);
#13141 = CARTESIAN_POINT('',(3.918861361199,5.11886131019,0.));
#13142 = CARTESIAN_POINT('',(3.197466316183,4.197466275318,
    89.889659587926));
#13143 = PCURVE('',#13064,#13144);
#13144 = DEFINITIONAL_REPRESENTATION('',(#13145),#13149);
#13145 = LINE('',#13146,#13147);
#13146 = CARTESIAN_POINT('',(1.570796326795,0.));
#13147 = VECTOR('',#13148,1.);
#13148 = DIRECTION('',(0.,1.));
#13149 = ( GEOMETRIC_REPRESENTATION_CONTEXT(2) 
PARAMETRIC_REPRESENTATION_CONTEXT() REPRESENTATION_CONTEXT('2D SPACE',''
  ) );
#13150 = PCURVE('',#13151,#13156);
#13151 = B_SPLINE_SURFACE_WITH_KNOTS('',1,1,(
    (#13152,#13153)
    ,(#13154,#13155
    )),.UNSPECIFIED.,.F.,.F.,.F.,(2,2),(2,2),(-3.918861361199,
    3.918861361199),(0.,1.),.PIECEWISE_BEZIER_KNOTS.);
#13152 = CARTESIAN_POINT('',(3.918861361199,5.118861361199,0.));
#13153 = CARTESIAN_POINT('',(3.197466316183,4.197466316183,
    89.889659587926));
#13154 = CARTESIAN_POINT('',(-3.918861361199,5.118861361199,0.));
#13155 = CARTESIAN_POINT('',(-3.197466316183,4.197466316183,
    89.889659587926));
#13156 = DEFINITIONAL_REPRESENTATION('',(#13157),#13161);
#13157 = LINE('',#13158,#13159);
#13158 = CARTESIAN_POINT('',(-3.918861361199,0.));
#13159 = VECTOR('',#13160,1.);
#13160 = DIRECTION('',(0.,1.));
#13161 = ( GEOMETRIC_REPRESENTATION_CONTEXT(2) 
PARAMETRIC_REPRESENTATION_CONTEXT() REPRESENTATION_CONTEXT('2D SPACE',''
  ) );
#13162 = ORIENTED_EDGE('',*,*,#13163,.T.);
#13163 = EDGE_CURVE('',#13137,#13050,#13164,.T.);
#13164 = SURFACE_CURVE('',#13165,(#13170,#13177),.PCURVE_S1.);
#13165 = CIRCLE('',#13166,1.);
#13166 = AXIS2_PLACEMENT_3D('',#13167,#13168,#13169);
#13167 = CARTESIAN_POINT('',(3.197466316183,3.197466275318,
    89.889659587926));
#13168 = DIRECTION('',(0.,0.,-1.));
#13169 = DIRECTION('',(-1.,0.,0.));
#13170 = PCURVE('',#13064,#13171);
#13171 = DEFINITIONAL_REPRESENTATION('',(#13172),#13176);
#13172 = LINE('',#13173,#13174);
#13173 = CARTESIAN_POINT('',(3.14159265359,1.));
#13174 = VECTOR('',#13175,1.);
#13175 = DIRECTION('',(-1.,0.));
#13176 = ( GEOMETRIC_REPRESENTATION_CONTEXT(2) 
PARAMETRIC_REPRESENTATION_CONTEXT() REPRESENTATION_CONTEXT('2D SPACE',''
  ) );
#13177 = PCURVE('',#12734,#13178);
#13178 = DEFINITIONAL_REPRESENTATION('',(#13179),#13183);
#13179 = CIRCLE('',#13180,1.);
#13180 = AXIS2_PLACEMENT_2D('',#13181,#13182);
#13181 = CARTESIAN_POINT('',(-6.394932632366,6.394932591501));
#13182 = DIRECTION('',(1.,0.));
#13183 = ( GEOMETRIC_REPRESENTATION_CONTEXT(2) 
PARAMETRIC_REPRESENTATION_CONTEXT() REPRESENTATION_CONTEXT('2D SPACE',''
  ) );
#13184 = ORIENTED_EDGE('',*,*,#13049,.F.);
#13185 = ADVANCED_FACE('',(#13186),#13151,.T.);
#13186 = FACE_BOUND('',#13187,.T.);
#13187 = EDGE_LOOP('',(#13188,#13211,#13233,#13253));
#13188 = ORIENTED_EDGE('',*,*,#13189,.F.);
#13189 = EDGE_CURVE('',#13190,#13113,#13192,.T.);
#13190 = VERTEX_POINT('',#13191);
#13191 = CARTESIAN_POINT('',(-3.918861361199,5.118861335694,0.));
#13192 = SURFACE_CURVE('',#13193,(#13197,#13204),.PCURVE_S1.);
#13193 = LINE('',#13194,#13195);
#13194 = CARTESIAN_POINT('',(4.440892098501E-16,5.118861361199,0.));
#13195 = VECTOR('',#13196,1.);
#13196 = DIRECTION('',(1.,0.,0.));
#13197 = PCURVE('',#13151,#13198);
#13198 = DEFINITIONAL_REPRESENTATION('',(#13199),#13203);
#13199 = LINE('',#13200,#13201);
#13200 = CARTESIAN_POINT('',(0.,0.));
#13201 = VECTOR('',#13202,1.);
#13202 = DIRECTION('',(-1.,0.));
#13203 = ( GEOMETRIC_REPRESENTATION_CONTEXT(2) 
PARAMETRIC_REPRESENTATION_CONTEXT() REPRESENTATION_CONTEXT('2D SPACE',''
  ) );
#13204 = PCURVE('',#12668,#13205);
#13205 = DEFINITIONAL_REPRESENTATION('',(#13206),#13210);
#13206 = LINE('',#13207,#13208);
#13207 = CARTESIAN_POINT('',(3.918861361199,9.037722722398));
#13208 = VECTOR('',#13209,1.);
#13209 = DIRECTION('',(1.,0.));
#13210 = ( GEOMETRIC_REPRESENTATION_CONTEXT(2) 
PARAMETRIC_REPRESENTATION_CONTEXT() REPRESENTATION_CONTEXT('2D SPACE',''
  ) );
#13211 = ORIENTED_EDGE('',*,*,#13212,.T.);
#13212 = EDGE_CURVE('',#13190,#13213,#13215,.T.);
#13213 = VERTEX_POINT('',#13214);
#13214 = CARTESIAN_POINT('',(-3.197466316183,4.197466295751,
    89.889659587926));
#13215 = SURFACE_CURVE('',#13216,(#13219,#13226),.PCURVE_S1.);
#13216 = B_SPLINE_CURVE_WITH_KNOTS('',1,(#13217,#13218),.UNSPECIFIED.,
  .F.,.F.,(2,2),(0.,1.),.PIECEWISE_BEZIER_KNOTS.);
#13217 = CARTESIAN_POINT('',(-3.918861361199,5.118861361199,0.));
#13218 = CARTESIAN_POINT('',(-3.197466316183,4.197466316183,
    89.889659587926));
#13219 = PCURVE('',#13151,#13220);
#13220 = DEFINITIONAL_REPRESENTATION('',(#13221),#13225);
#13221 = LINE('',#13222,#13223);
#13222 = CARTESIAN_POINT('',(3.918861361199,0.));
#13223 = VECTOR('',#13224,1.);
#13224 = DIRECTION('',(0.,1.));
#13225 = ( GEOMETRIC_REPRESENTATION_CONTEXT(2) 
PARAMETRIC_REPRESENTATION_CONTEXT() REPRESENTATION_CONTEXT('2D SPACE',''
  ) );
#13226 = PCURVE('',#12759,#13227);
#13227 = DEFINITIONAL_REPRESENTATION('',(#13228),#13232);
#13228 = LINE('',#13229,#13230);
#13229 = CARTESIAN_POINT('',(1.570796326795,0.));
#13230 = VECTOR('',#13231,1.);
#13231 = DIRECTION('',(0.,1.));
#13232 = ( GEOMETRIC_REPRESENTATION_CONTEXT(2) 
PARAMETRIC_REPRESENTATION_CONTEXT() REPRESENTATION_CONTEXT('2D SPACE',''
  ) );
#13233 = ORIENTED_EDGE('',*,*,#13234,.T.);
#13234 = EDGE_CURVE('',#13213,#13137,#13235,.T.);
#13235 = SURFACE_CURVE('',#13236,(#13240,#13246),.PCURVE_S1.);
#13236 = LINE('',#13237,#13238);
#13237 = CARTESIAN_POINT('',(0.,4.197466316183,89.889659587926));
#13238 = VECTOR('',#13239,1.);
#13239 = DIRECTION('',(1.,0.,0.));
#13240 = PCURVE('',#13151,#13241);
#13241 = DEFINITIONAL_REPRESENTATION('',(#13242),#13245);
#13242 = B_SPLINE_CURVE_WITH_KNOTS('',1,(#13243,#13244),.UNSPECIFIED.,
  .F.,.F.,(2,2),(-3.197466316183,3.197466316183),
  .PIECEWISE_BEZIER_KNOTS.);
#13243 = CARTESIAN_POINT('',(3.918861361199,1.));
#13244 = CARTESIAN_POINT('',(-3.918861361199,1.));
#13245 = ( GEOMETRIC_REPRESENTATION_CONTEXT(2) 
PARAMETRIC_REPRESENTATION_CONTEXT() REPRESENTATION_CONTEXT('2D SPACE',''
  ) );
#13246 = PCURVE('',#12734,#13247);
#13247 = DEFINITIONAL_REPRESENTATION('',(#13248),#13252);
#13248 = LINE('',#13249,#13250);
#13249 = CARTESIAN_POINT('',(-3.197466316183,7.394932632366));
#13250 = VECTOR('',#13251,1.);
#13251 = DIRECTION('',(-1.,0.));
#13252 = ( GEOMETRIC_REPRESENTATION_CONTEXT(2) 
PARAMETRIC_REPRESENTATION_CONTEXT() REPRESENTATION_CONTEXT('2D SPACE',''
  ) );
#13253 = ORIENTED_EDGE('',*,*,#13136,.F.);
#13254 = ADVANCED_FACE('',(#13255),#12759,.T.);
#13255 = FACE_BOUND('',#13256,.T.);
#13256 = EDGE_LOOP('',(#13257,#13279,#13280,#13302));
#13257 = ORIENTED_EDGE('',*,*,#13258,.T.);
#13258 = EDGE_CURVE('',#13190,#12648,#13259,.T.);
#13259 = SURFACE_CURVE('',#13260,(#13265,#13272),.PCURVE_S1.);
#13260 = CIRCLE('',#13261,1.2);
#13261 = AXIS2_PLACEMENT_3D('',#13262,#13263,#13264);
#13262 = CARTESIAN_POINT('',(-3.918861361199,3.91886131019,0.));
#13263 = DIRECTION('',(0.,0.,1.));
#13264 = DIRECTION('',(1.,0.,0.));
#13265 = PCURVE('',#12759,#13266);
#13266 = DEFINITIONAL_REPRESENTATION('',(#13267),#13271);
#13267 = LINE('',#13268,#13269);
#13268 = CARTESIAN_POINT('',(0.,0.));
#13269 = VECTOR('',#13270,1.);
#13270 = DIRECTION('',(1.,0.));
#13271 = ( GEOMETRIC_REPRESENTATION_CONTEXT(2) 
PARAMETRIC_REPRESENTATION_CONTEXT() REPRESENTATION_CONTEXT('2D SPACE',''
  ) );
#13272 = PCURVE('',#12668,#13273);
#13273 = DEFINITIONAL_REPRESENTATION('',(#13274),#13278);
#13274 = CIRCLE('',#13275,1.2);
#13275 = AXIS2_PLACEMENT_2D('',#13276,#13277);
#13276 = CARTESIAN_POINT('',(0.,7.837722671389));
#13277 = DIRECTION('',(1.,0.));
#13278 = ( GEOMETRIC_REPRESENTATION_CONTEXT(2) 
PARAMETRIC_REPRESENTATION_CONTEXT() REPRESENTATION_CONTEXT('2D SPACE',''
  ) );
#13279 = ORIENTED_EDGE('',*,*,#12746,.T.);
#13280 = ORIENTED_EDGE('',*,*,#13281,.T.);
#13281 = EDGE_CURVE('',#12720,#13213,#13282,.T.);
#13282 = SURFACE_CURVE('',#13283,(#13288,#13295),.PCURVE_S1.);
#13283 = CIRCLE('',#13284,1.);
#13284 = AXIS2_PLACEMENT_3D('',#13285,#13286,#13287);
#13285 = CARTESIAN_POINT('',(-3.197466316183,3.197466275318,
    89.889659587926));
#13286 = DIRECTION('',(0.,0.,-1.));
#13287 = DIRECTION('',(-1.,0.,0.));
#13288 = PCURVE('',#12759,#13289);
#13289 = DEFINITIONAL_REPRESENTATION('',(#13290),#13294);
#13290 = LINE('',#13291,#13292);
#13291 = CARTESIAN_POINT('',(3.14159265359,1.));
#13292 = VECTOR('',#13293,1.);
#13293 = DIRECTION('',(-1.,0.));
#13294 = ( GEOMETRIC_REPRESENTATION_CONTEXT(2) 
PARAMETRIC_REPRESENTATION_CONTEXT() REPRESENTATION_CONTEXT('2D SPACE',''
  ) );
#13295 = PCURVE('',#12734,#13296);
#13296 = DEFINITIONAL_REPRESENTATION('',(#13297),#13301);
#13297 = CIRCLE('',#13298,1.);
#13298 = AXIS2_PLACEMENT_2D('',#13299,#13300);
#13299 = CARTESIAN_POINT('',(0.,6.394932591501));
#13300 = DIRECTION('',(1.,0.));
#13301 = ( GEOMETRIC_REPRESENTATION_CONTEXT(2) 
PARAMETRIC_REPRESENTATION_CONTEXT() REPRESENTATION_CONTEXT('2D SPACE',''
  ) );
#13302 = ORIENTED_EDGE('',*,*,#13212,.F.);
#13303 = ADVANCED_FACE('',(#13304),#12668,.F.);
#13304 = FACE_BOUND('',#13305,.F.);
#13305 = EDGE_LOOP('',(#13306,#13307,#13308,#13309,#13310,#13311,#13312,
    #13313));
#13306 = ORIENTED_EDGE('',*,*,#12645,.F.);
#13307 = ORIENTED_EDGE('',*,*,#12786,.T.);
#13308 = ORIENTED_EDGE('',*,*,#12863,.T.);
#13309 = ORIENTED_EDGE('',*,*,#12949,.T.);
#13310 = ORIENTED_EDGE('',*,*,#13026,.T.);
#13311 = ORIENTED_EDGE('',*,*,#13112,.T.);
#13312 = ORIENTED_EDGE('',*,*,#13189,.F.);
#13313 = ORIENTED_EDGE('',*,*,#13258,.T.);
#13314 = ADVANCED_FACE('',(#13315),#12734,.F.);
#13315 = FACE_BOUND('',#13316,.T.);
#13316 = EDGE_LOOP('',(#13317,#13318,#13319,#13320,#13321,#13322,#13323,
    #13324));
#13317 = ORIENTED_EDGE('',*,*,#12719,.F.);
#13318 = ORIENTED_EDGE('',*,*,#12837,.F.);
#13319 = ORIENTED_EDGE('',*,*,#12925,.T.);
#13320 = ORIENTED_EDGE('',*,*,#13000,.F.);
#13321 = ORIENTED_EDGE('',*,*,#13088,.T.);
#13322 = ORIENTED_EDGE('',*,*,#13163,.F.);
#13323 = ORIENTED_EDGE('',*,*,#13234,.F.);
#13324 = ORIENTED_EDGE('',*,*,#13281,.F.);
#13325 = ( GEOMETRIC_REPRESENTATION_CONTEXT(3) 
GLOBAL_UNCERTAINTY_ASSIGNED_CONTEXT((#13329)) 
GLOBAL_UNIT_ASSIGNED_CONTEXT((#13326,#13327,#13328)) 
REPRESENTATION_CONTEXT('Context #1',
  '3D Context with UNIT and UNCERTAINTY') );
#13326 = ( LENGTH_UNIT() NAMED_UNIT(*) SI_UNIT(.MILLI.,.METRE.) );
#13327 = ( NAMED_UNIT(*) PLANE_ANGLE_UNIT() SI_UNIT($,.RADIAN.) );
#13328 = ( NAMED_UNIT(*) SI_UNIT($,.STERADIAN.) SOLID_ANGLE_UNIT() );
#13329 = UNCERTAINTY_MEASURE_WITH_UNIT(LENGTH_MEASURE(1.E-07),#13326,
  'distance_accuracy_value','confusion accuracy');
#13330 = CONTEXT_DEPENDENT_SHAPE_REPRESENTATION(#13331,#13333);
#13331 = ( REPRESENTATION_RELATIONSHIP('','',#12638,#10) 
REPRESENTATION_RELATIONSHIP_WITH_TRANSFORMATION(#13332) 
SHAPE_REPRESENTATION_RELATIONSHIP() );
#13332 = ITEM_DEFINED_TRANSFORMATION('','',#11,#75);
#13333 = PRODUCT_DEFINITION_SHAPE('Placement','Placement of an item',
  #13334);
#13334 = NEXT_ASSEMBLY_USAGE_OCCURRENCE('16','fry_10','',#5,#12633,$);
#13335 = PRODUCT_RELATED_PRODUCT_CATEGORY('part',$,(#12635));
#13336 = SHAPE_DEFINITION_REPRESENTATION(#13337,#13343);
#13337 = PRODUCT_DEFINITION_SHAPE('','',#13338);
#13338 = PRODUCT_DEFINITION('design','',#13339,#13342);
#13339 = PRODUCT_DEFINITION_FORMATION('','',#13340);
#13340 = PRODUCT('fry_11','fry_11','',(#13341));
#13341 = PRODUCT_CONTEXT('',#2,'mechanical');
#13342 = PRODUCT_DEFINITION_CONTEXT('part definition',#2,'design');
#13343 = ADVANCED_BREP_SHAPE_REPRESENTATION('',(#11,#13344),#14030);
#13344 = MANIFOLD_SOLID_BREP('',#13345);
#13345 = CLOSED_SHELL('',(#13346,#13487,#13564,#13650,#13727,#13813,
    #13890,#13959,#14008,#14019));
#13346 = ADVANCED_FACE('',(#13347),#13361,.T.);
#13347 = FACE_BOUND('',#13348,.T.);
#13348 = EDGE_LOOP('',(#13349,#13384,#13423,#13450));
#13349 = ORIENTED_EDGE('',*,*,#13350,.F.);
#13350 = EDGE_CURVE('',#13351,#13353,#13355,.T.);
#13351 = VERTEX_POINT('',#13352);
#13352 = CARTESIAN_POINT('',(-5.003572046863,-3.803572046863,0.));
#13353 = VERTEX_POINT('',#13354);
#13354 = CARTESIAN_POINT('',(-5.003572046863,3.80357199862,0.));
#13355 = SURFACE_CURVE('',#13356,(#13360,#13372),.PCURVE_S1.);
#13356 = LINE('',#13357,#13358);
#13357 = CARTESIAN_POINT('',(-5.003572046863,2.30926389122E-14,0.));
#13358 = VECTOR('',#13359,1.);
#13359 = DIRECTION('',(0.,1.,0.));
#13360 = PCURVE('',#13361,#13366);
#13361 = B_SPLINE_SURFACE_WITH_KNOTS('',1,1,(
    (#13362,#13363)
    ,(#13364,#13365
    )),.UNSPECIFIED.,.F.,.F.,.F.,(2,2),(2,2),(-3.80357199862,
    3.803572046863),(0.,1.),.PIECEWISE_BEZIER_KNOTS.);
#13362 = CARTESIAN_POINT('',(-5.003572046863,3.80357199862,0.));
#13363 = CARTESIAN_POINT('',(-4.102929078427,3.102929039797,
    85.91680032774));
#13364 = CARTESIAN_POINT('',(-5.003572046863,-3.803572046863,0.));
#13365 = CARTESIAN_POINT('',(-4.102929078427,-3.102929078427,
    85.91680032774));
#13366 = DEFINITIONAL_REPRESENTATION('',(#13367),#13371);
#13367 = LINE('',#13368,#13369);
#13368 = CARTESIAN_POINT('',(0.,0.));
#13369 = VECTOR('',#13370,1.);
#13370 = DIRECTION('',(-1.,0.));
#13371 = ( GEOMETRIC_REPRESENTATION_CONTEXT(2) 
PARAMETRIC_REPRESENTATION_CONTEXT() REPRESENTATION_CONTEXT('2D SPACE',''
  ) );
#13372 = PCURVE('',#13373,#13378);
#13373 = PLANE('',#13374);
#13374 = AXIS2_PLACEMENT_3D('',#13375,#13376,#13377);
#13375 = CARTESIAN_POINT('',(-3.803572046863,-3.803572046863,0.));
#13376 = DIRECTION('',(0.,0.,-1.));
#13377 = DIRECTION('',(-1.,0.,0.));
#13378 = DEFINITIONAL_REPRESENTATION('',(#13379),#13383);
#13379 = LINE('',#13380,#13381);
#13380 = CARTESIAN_POINT('',(1.2,3.803572046863));
#13381 = VECTOR('',#13382,1.);
#13382 = DIRECTION('',(0.,1.));
#13383 = ( GEOMETRIC_REPRESENTATION_CONTEXT(2) 
PARAMETRIC_REPRESENTATION_CONTEXT() REPRESENTATION_CONTEXT('2D SPACE',''
  ) );
#13384 = ORIENTED_EDGE('',*,*,#13385,.T.);
#13385 = EDGE_CURVE('',#13351,#13386,#13388,.T.);
#13386 = VERTEX_POINT('',#13387);
#13387 = CARTESIAN_POINT('',(-4.102929078427,-3.102929078427,
    85.91680032774));
#13388 = SURFACE_CURVE('',#13389,(#13392,#13399),.PCURVE_S1.);
#13389 = B_SPLINE_CURVE_WITH_KNOTS('',1,(#13390,#13391),.UNSPECIFIED.,
  .F.,.F.,(2,2),(0.,1.),.PIECEWISE_BEZIER_KNOTS.);
#13390 = CARTESIAN_POINT('',(-5.003572046863,-3.803572046863,0.));
#13391 = CARTESIAN_POINT('',(-4.102929078427,-3.102929078427,
    85.91680032774));
#13392 = PCURVE('',#13361,#13393);
#13393 = DEFINITIONAL_REPRESENTATION('',(#13394),#13398);
#13394 = LINE('',#13395,#13396);
#13395 = CARTESIAN_POINT('',(3.803572046863,0.));
#13396 = VECTOR('',#13397,1.);
#13397 = DIRECTION('',(0.,1.));
#13398 = ( GEOMETRIC_REPRESENTATION_CONTEXT(2) 
PARAMETRIC_REPRESENTATION_CONTEXT() REPRESENTATION_CONTEXT('2D SPACE',''
  ) );
#13399 = PCURVE('',#13400,#13417);
#13400 = B_SPLINE_SURFACE_WITH_KNOTS('',7,1,(
    (#13401,#13402)
    ,(#13403,#13404)
    ,(#13405,#13406)
    ,(#13407,#13408)
    ,(#13409,#13410)
    ,(#13411,#13412)
    ,(#13413,#13414)
    ,(#13415,#13416
    )),.UNSPECIFIED.,.F.,.F.,.F.,(8,8),(2,2),(0.,1.570796326795),(0.,1.)
  ,.PIECEWISE_BEZIER_KNOTS.);
#13401 = CARTESIAN_POINT('',(-5.003572046863,-3.803572046863,0.));
#13402 = CARTESIAN_POINT('',(-4.102929078427,-3.102929078427,
    85.91680032774));
#13403 = CARTESIAN_POINT('',(-5.003572046863,-4.07285141717,0.));
#13404 = CARTESIAN_POINT('',(-4.102929078427,-3.327328553684,
    85.91680032774));
#13405 = CARTESIAN_POINT('',(-4.933073383001,-4.342129484843,0.));
#13406 = CARTESIAN_POINT('',(-4.044180191876,-3.551726943411,
    85.916800327741));
#13407 = CARTESIAN_POINT('',(-4.792087313505,-4.58926837585,0.));
#13408 = CARTESIAN_POINT('',(-3.926691800629,-3.75767601925,
    85.916800327738));
#13409 = CARTESIAN_POINT('',(-4.58926837585,-4.792087313505,0.));
#13410 = CARTESIAN_POINT('',(-3.75767601925,-3.92669180063,
    85.916800327742));
#13411 = CARTESIAN_POINT('',(-4.342129484843,-4.933073383001,0.));
#13412 = CARTESIAN_POINT('',(-3.551726943411,-4.044180191876,
    85.916800327739));
#13413 = CARTESIAN_POINT('',(-4.07285141717,-5.003572046863,0.));
#13414 = CARTESIAN_POINT('',(-3.327328553684,-4.102929078427,
    85.91680032774));
#13415 = CARTESIAN_POINT('',(-3.803572046863,-5.003572046863,0.));
#13416 = CARTESIAN_POINT('',(-3.102929078427,-4.102929078427,
    85.91680032774));
#13417 = DEFINITIONAL_REPRESENTATION('',(#13418),#13422);
#13418 = LINE('',#13419,#13420);
#13419 = CARTESIAN_POINT('',(0.,0.));
#13420 = VECTOR('',#13421,1.);
#13421 = DIRECTION('',(0.,1.));
#13422 = ( GEOMETRIC_REPRESENTATION_CONTEXT(2) 
PARAMETRIC_REPRESENTATION_CONTEXT() REPRESENTATION_CONTEXT('2D SPACE',''
  ) );
#13423 = ORIENTED_EDGE('',*,*,#13424,.T.);
#13424 = EDGE_CURVE('',#13386,#13425,#13427,.T.);
#13425 = VERTEX_POINT('',#13426);
#13426 = CARTESIAN_POINT('',(-4.102929078427,3.102929039797,
    85.91680032774));
#13427 = SURFACE_CURVE('',#13428,(#13432,#13438),.PCURVE_S1.);
#13428 = LINE('',#13429,#13430);
#13429 = CARTESIAN_POINT('',(-4.102929078427,1.820765760385E-14,
    85.91680032774));
#13430 = VECTOR('',#13431,1.);
#13431 = DIRECTION('',(0.,1.,0.));
#13432 = PCURVE('',#13361,#13433);
#13433 = DEFINITIONAL_REPRESENTATION('',(#13434),#13437);
#13434 = B_SPLINE_CURVE_WITH_KNOTS('',1,(#13435,#13436),.UNSPECIFIED.,
  .F.,.F.,(2,2),(-3.102929078427,3.102929039797),
  .PIECEWISE_BEZIER_KNOTS.);
#13435 = CARTESIAN_POINT('',(3.803572046863,1.));
#13436 = CARTESIAN_POINT('',(-3.80357199862,1.));
#13437 = ( GEOMETRIC_REPRESENTATION_CONTEXT(2) 
PARAMETRIC_REPRESENTATION_CONTEXT() REPRESENTATION_CONTEXT('2D SPACE',''
  ) );
#13438 = PCURVE('',#13439,#13444);
#13439 = PLANE('',#13440);
#13440 = AXIS2_PLACEMENT_3D('',#13441,#13442,#13443);
#13441 = CARTESIAN_POINT('',(-3.102929078427,-3.102929078427,
    85.91680032774));
#13442 = DIRECTION('',(0.,0.,1.));
#13443 = DIRECTION('',(1.,0.,0.));
#13444 = DEFINITIONAL_REPRESENTATION('',(#13445),#13449);
#13445 = LINE('',#13446,#13447);
#13446 = CARTESIAN_POINT('',(-1.,3.102929078427));
#13447 = VECTOR('',#13448,1.);
#13448 = DIRECTION('',(0.,1.));
#13449 = ( GEOMETRIC_REPRESENTATION_CONTEXT(2) 
PARAMETRIC_REPRESENTATION_CONTEXT() REPRESENTATION_CONTEXT('2D SPACE',''
  ) );
#13450 = ORIENTED_EDGE('',*,*,#13451,.F.);
#13451 = EDGE_CURVE('',#13353,#13425,#13452,.T.);
#13452 = SURFACE_CURVE('',#13453,(#13456,#13463),.PCURVE_S1.);
#13453 = B_SPLINE_CURVE_WITH_KNOTS('',1,(#13454,#13455),.UNSPECIFIED.,
  .F.,.F.,(2,2),(0.,1.),.PIECEWISE_BEZIER_KNOTS.);
#13454 = CARTESIAN_POINT('',(-5.003572046863,3.80357199862,0.));
#13455 = CARTESIAN_POINT('',(-4.102929078427,3.102929039797,
    85.91680032774));
#13456 = PCURVE('',#13361,#13457);
#13457 = DEFINITIONAL_REPRESENTATION('',(#13458),#13462);
#13458 = LINE('',#13459,#13460);
#13459 = CARTESIAN_POINT('',(-3.80357199862,0.));
#13460 = VECTOR('',#13461,1.);
#13461 = DIRECTION('',(0.,1.));
#13462 = ( GEOMETRIC_REPRESENTATION_CONTEXT(2) 
PARAMETRIC_REPRESENTATION_CONTEXT() REPRESENTATION_CONTEXT('2D SPACE',''
  ) );
#13463 = PCURVE('',#13464,#13481);
#13464 = B_SPLINE_SURFACE_WITH_KNOTS('',7,1,(
    (#13465,#13466)
    ,(#13467,#13468)
    ,(#13469,#13470)
    ,(#13471,#13472)
    ,(#13473,#13474)
    ,(#13475,#13476)
    ,(#13477,#13478)
    ,(#13479,#13480
    )),.UNSPECIFIED.,.F.,.F.,.F.,(8,8),(2,2),(4.712388980385,
    6.28318530718),(0.,1.),.PIECEWISE_BEZIER_KNOTS.);
#13465 = CARTESIAN_POINT('',(-3.803572046863,5.00357199862,0.));
#13466 = CARTESIAN_POINT('',(-3.102929078427,4.102929039797,
    85.91680032774));
#13467 = CARTESIAN_POINT('',(-4.07285141717,5.00357199862,0.));
#13468 = CARTESIAN_POINT('',(-3.327328553684,4.102929039797,
    85.91680032774));
#13469 = CARTESIAN_POINT('',(-4.342129484843,4.933073334758,0.));
#13470 = CARTESIAN_POINT('',(-3.551726943411,4.044180153245,
    85.916800327739));
#13471 = CARTESIAN_POINT('',(-4.58926837585,4.792087265263,0.));
#13472 = CARTESIAN_POINT('',(-3.75767601925,3.926691761999,
    85.916800327743));
#13473 = CARTESIAN_POINT('',(-4.792087313505,4.589268327607,0.));
#13474 = CARTESIAN_POINT('',(-3.926691800629,3.757675980619,
    85.916800327737));
#13475 = CARTESIAN_POINT('',(-4.933073383001,4.3421294366,0.));
#13476 = CARTESIAN_POINT('',(-4.044180191876,3.55172690478,
    85.916800327742));
#13477 = CARTESIAN_POINT('',(-5.003572046863,4.072851368927,0.));
#13478 = CARTESIAN_POINT('',(-4.102929078427,3.327328515053,
    85.916800327739));
#13479 = CARTESIAN_POINT('',(-5.003572046863,3.80357199862,0.));
#13480 = CARTESIAN_POINT('',(-4.102929078427,3.102929039797,
    85.91680032774));
#13481 = DEFINITIONAL_REPRESENTATION('',(#13482),#13486);
#13482 = LINE('',#13483,#13484);
#13483 = CARTESIAN_POINT('',(6.28318530718,0.));
#13484 = VECTOR('',#13485,1.);
#13485 = DIRECTION('',(0.,1.));
#13486 = ( GEOMETRIC_REPRESENTATION_CONTEXT(2) 
PARAMETRIC_REPRESENTATION_CONTEXT() REPRESENTATION_CONTEXT('2D SPACE',''
  ) );
#13487 = ADVANCED_FACE('',(#13488),#13400,.T.);
#13488 = FACE_BOUND('',#13489,.T.);
#13489 = EDGE_LOOP('',(#13490,#13514,#13541,#13563));
#13490 = ORIENTED_EDGE('',*,*,#13491,.F.);
#13491 = EDGE_CURVE('',#13492,#13351,#13494,.T.);
#13492 = VERTEX_POINT('',#13493);
#13493 = CARTESIAN_POINT('',(-3.803572046863,-5.003572046863,0.));
#13494 = SURFACE_CURVE('',#13495,(#13500,#13507),.PCURVE_S1.);
#13495 = CIRCLE('',#13496,1.2);
#13496 = AXIS2_PLACEMENT_3D('',#13497,#13498,#13499);
#13497 = CARTESIAN_POINT('',(-3.803572046863,-3.803572046863,0.));
#13498 = DIRECTION('',(0.,0.,-1.));
#13499 = DIRECTION('',(-1.,0.,0.));
#13500 = PCURVE('',#13400,#13501);
#13501 = DEFINITIONAL_REPRESENTATION('',(#13502),#13506);
#13502 = LINE('',#13503,#13504);
#13503 = CARTESIAN_POINT('',(6.28318530718,0.));
#13504 = VECTOR('',#13505,1.);
#13505 = DIRECTION('',(-1.,0.));
#13506 = ( GEOMETRIC_REPRESENTATION_CONTEXT(2) 
PARAMETRIC_REPRESENTATION_CONTEXT() REPRESENTATION_CONTEXT('2D SPACE',''
  ) );
#13507 = PCURVE('',#13373,#13508);
#13508 = DEFINITIONAL_REPRESENTATION('',(#13509),#13513);
#13509 = CIRCLE('',#13510,1.2);
#13510 = AXIS2_PLACEMENT_2D('',#13511,#13512);
#13511 = CARTESIAN_POINT('',(0.,0.));
#13512 = DIRECTION('',(1.,0.));
#13513 = ( GEOMETRIC_REPRESENTATION_CONTEXT(2) 
PARAMETRIC_REPRESENTATION_CONTEXT() REPRESENTATION_CONTEXT('2D SPACE',''
  ) );
#13514 = ORIENTED_EDGE('',*,*,#13515,.T.);
#13515 = EDGE_CURVE('',#13492,#13516,#13518,.T.);
#13516 = VERTEX_POINT('',#13517);
#13517 = CARTESIAN_POINT('',(-3.102929078427,-4.102929078427,
    85.91680032774));
#13518 = SURFACE_CURVE('',#13519,(#13522,#13529),.PCURVE_S1.);
#13519 = B_SPLINE_CURVE_WITH_KNOTS('',1,(#13520,#13521),.UNSPECIFIED.,
  .F.,.F.,(2,2),(0.,1.),.PIECEWISE_BEZIER_KNOTS.);
#13520 = CARTESIAN_POINT('',(-3.803572046863,-5.003572046863,0.));
#13521 = CARTESIAN_POINT('',(-3.102929078427,-4.102929078427,
    85.91680032774));
#13522 = PCURVE('',#13400,#13523);
#13523 = DEFINITIONAL_REPRESENTATION('',(#13524),#13528);
#13524 = LINE('',#13525,#13526);
#13525 = CARTESIAN_POINT('',(1.570796326795,0.));
#13526 = VECTOR('',#13527,1.);
#13527 = DIRECTION('',(0.,1.));
#13528 = ( GEOMETRIC_REPRESENTATION_CONTEXT(2) 
PARAMETRIC_REPRESENTATION_CONTEXT() REPRESENTATION_CONTEXT('2D SPACE',''
  ) );
#13529 = PCURVE('',#13530,#13535);
#13530 = B_SPLINE_SURFACE_WITH_KNOTS('',1,1,(
    (#13531,#13532)
    ,(#13533,#13534
    )),.UNSPECIFIED.,.F.,.F.,.F.,(2,2),(2,2),(-3.803572046863,
    3.80357199862),(0.,1.),.PIECEWISE_BEZIER_KNOTS.);
#13531 = CARTESIAN_POINT('',(-3.803572046863,-5.003572046863,0.));
#13532 = CARTESIAN_POINT('',(-3.102929078427,-4.102929078427,
    85.91680032774));
#13533 = CARTESIAN_POINT('',(3.80357199862,-5.003572046863,0.));
#13534 = CARTESIAN_POINT('',(3.102929039797,-4.102929078427,
    85.91680032774));
#13535 = DEFINITIONAL_REPRESENTATION('',(#13536),#13540);
#13536 = LINE('',#13537,#13538);
#13537 = CARTESIAN_POINT('',(-3.803572046863,0.));
#13538 = VECTOR('',#13539,1.);
#13539 = DIRECTION('',(0.,1.));
#13540 = ( GEOMETRIC_REPRESENTATION_CONTEXT(2) 
PARAMETRIC_REPRESENTATION_CONTEXT() REPRESENTATION_CONTEXT('2D SPACE',''
  ) );
#13541 = ORIENTED_EDGE('',*,*,#13542,.F.);
#13542 = EDGE_CURVE('',#13386,#13516,#13543,.T.);
#13543 = SURFACE_CURVE('',#13544,(#13549,#13556),.PCURVE_S1.);
#13544 = CIRCLE('',#13545,1.);
#13545 = AXIS2_PLACEMENT_3D('',#13546,#13547,#13548);
#13546 = CARTESIAN_POINT('',(-3.102929078427,-3.102929078427,
    85.91680032774));
#13547 = DIRECTION('',(0.,0.,1.));
#13548 = DIRECTION('',(1.,0.,0.));
#13549 = PCURVE('',#13400,#13550);
#13550 = DEFINITIONAL_REPRESENTATION('',(#13551),#13555);
#13551 = LINE('',#13552,#13553);
#13552 = CARTESIAN_POINT('',(-3.14159265359,1.));
#13553 = VECTOR('',#13554,1.);
#13554 = DIRECTION('',(1.,0.));
#13555 = ( GEOMETRIC_REPRESENTATION_CONTEXT(2) 
PARAMETRIC_REPRESENTATION_CONTEXT() REPRESENTATION_CONTEXT('2D SPACE',''
  ) );
#13556 = PCURVE('',#13439,#13557);
#13557 = DEFINITIONAL_REPRESENTATION('',(#13558),#13562);
#13558 = CIRCLE('',#13559,1.);
#13559 = AXIS2_PLACEMENT_2D('',#13560,#13561);
#13560 = CARTESIAN_POINT('',(0.,0.));
#13561 = DIRECTION('',(1.,0.));
#13562 = ( GEOMETRIC_REPRESENTATION_CONTEXT(2) 
PARAMETRIC_REPRESENTATION_CONTEXT() REPRESENTATION_CONTEXT('2D SPACE',''
  ) );
#13563 = ORIENTED_EDGE('',*,*,#13385,.F.);
#13564 = ADVANCED_FACE('',(#13565),#13530,.T.);
#13565 = FACE_BOUND('',#13566,.T.);
#13566 = EDGE_LOOP('',(#13567,#13590,#13629,#13649));
#13567 = ORIENTED_EDGE('',*,*,#13568,.T.);
#13568 = EDGE_CURVE('',#13492,#13569,#13571,.T.);
#13569 = VERTEX_POINT('',#13570);
#13570 = CARTESIAN_POINT('',(3.80357199862,-5.003572046863,0.));
#13571 = SURFACE_CURVE('',#13572,(#13576,#13583),.PCURVE_S1.);
#13572 = LINE('',#13573,#13574);
#13573 = CARTESIAN_POINT('',(4.440892098501E-16,-5.003572046863,0.));
#13574 = VECTOR('',#13575,1.);
#13575 = DIRECTION('',(1.,0.,0.));
#13576 = PCURVE('',#13530,#13577);
#13577 = DEFINITIONAL_REPRESENTATION('',(#13578),#13582);
#13578 = LINE('',#13579,#13580);
#13579 = CARTESIAN_POINT('',(0.,0.));
#13580 = VECTOR('',#13581,1.);
#13581 = DIRECTION('',(1.,0.));
#13582 = ( GEOMETRIC_REPRESENTATION_CONTEXT(2) 
PARAMETRIC_REPRESENTATION_CONTEXT() REPRESENTATION_CONTEXT('2D SPACE',''
  ) );
#13583 = PCURVE('',#13373,#13584);
#13584 = DEFINITIONAL_REPRESENTATION('',(#13585),#13589);
#13585 = LINE('',#13586,#13587);
#13586 = CARTESIAN_POINT('',(-3.803572046863,-1.2));
#13587 = VECTOR('',#13588,1.);
#13588 = DIRECTION('',(-1.,0.));
#13589 = ( GEOMETRIC_REPRESENTATION_CONTEXT(2) 
PARAMETRIC_REPRESENTATION_CONTEXT() REPRESENTATION_CONTEXT('2D SPACE',''
  ) );
#13590 = ORIENTED_EDGE('',*,*,#13591,.T.);
#13591 = EDGE_CURVE('',#13569,#13592,#13594,.T.);
#13592 = VERTEX_POINT('',#13593);
#13593 = CARTESIAN_POINT('',(3.102929039797,-4.102929078427,
    85.91680032774));
#13594 = SURFACE_CURVE('',#13595,(#13598,#13605),.PCURVE_S1.);
#13595 = B_SPLINE_CURVE_WITH_KNOTS('',1,(#13596,#13597),.UNSPECIFIED.,
  .F.,.F.,(2,2),(0.,1.),.PIECEWISE_BEZIER_KNOTS.);
#13596 = CARTESIAN_POINT('',(3.80357199862,-5.003572046863,0.));
#13597 = CARTESIAN_POINT('',(3.102929039797,-4.102929078427,
    85.91680032774));
#13598 = PCURVE('',#13530,#13599);
#13599 = DEFINITIONAL_REPRESENTATION('',(#13600),#13604);
#13600 = LINE('',#13601,#13602);
#13601 = CARTESIAN_POINT('',(3.80357199862,0.));
#13602 = VECTOR('',#13603,1.);
#13603 = DIRECTION('',(0.,1.));
#13604 = ( GEOMETRIC_REPRESENTATION_CONTEXT(2) 
PARAMETRIC_REPRESENTATION_CONTEXT() REPRESENTATION_CONTEXT('2D SPACE',''
  ) );
#13605 = PCURVE('',#13606,#13623);
#13606 = B_SPLINE_SURFACE_WITH_KNOTS('',7,1,(
    (#13607,#13608)
    ,(#13609,#13610)
    ,(#13611,#13612)
    ,(#13613,#13614)
    ,(#13615,#13616)
    ,(#13617,#13618)
    ,(#13619,#13620)
    ,(#13621,#13622
    )),.UNSPECIFIED.,.F.,.F.,.F.,(8,8),(2,2),(1.570796326795,
    3.14159265359),(0.,1.),.PIECEWISE_BEZIER_KNOTS.);
#13607 = CARTESIAN_POINT('',(3.80357199862,-5.003572046863,0.));
#13608 = CARTESIAN_POINT('',(3.102929039796,-4.102929078427,
    85.91680032774));
#13609 = CARTESIAN_POINT('',(4.072851368927,-5.003572046863,0.));
#13610 = CARTESIAN_POINT('',(3.327328515053,-4.102929078427,
    85.916800327741));
#13611 = CARTESIAN_POINT('',(4.3421294366,-4.933073383001,0.));
#13612 = CARTESIAN_POINT('',(3.55172690478,-4.044180191876,
    85.916800327738));
#13613 = CARTESIAN_POINT('',(4.589268327607,-4.792087313505,0.));
#13614 = CARTESIAN_POINT('',(3.75767598062,-3.92669180063,
    85.916800327742));
#13615 = CARTESIAN_POINT('',(4.792087265262,-4.58926837585,0.));
#13616 = CARTESIAN_POINT('',(3.926691761999,-3.75767601925,
    85.916800327738));
#13617 = CARTESIAN_POINT('',(4.933073334758,-4.342129484843,0.));
#13618 = CARTESIAN_POINT('',(4.044180153245,-3.551726943411,
    85.916800327741));
#13619 = CARTESIAN_POINT('',(5.00357199862,-4.07285141717,0.));
#13620 = CARTESIAN_POINT('',(4.102929039796,-3.327328553684,
    85.91680032774));
#13621 = CARTESIAN_POINT('',(5.00357199862,-3.803572046863,0.));
#13622 = CARTESIAN_POINT('',(4.102929039797,-3.102929078427,
    85.91680032774));
#13623 = DEFINITIONAL_REPRESENTATION('',(#13624),#13628);
#13624 = LINE('',#13625,#13626);
#13625 = CARTESIAN_POINT('',(1.570796326795,0.));
#13626 = VECTOR('',#13627,1.);
#13627 = DIRECTION('',(0.,1.));
#13628 = ( GEOMETRIC_REPRESENTATION_CONTEXT(2) 
PARAMETRIC_REPRESENTATION_CONTEXT() REPRESENTATION_CONTEXT('2D SPACE',''
  ) );
#13629 = ORIENTED_EDGE('',*,*,#13630,.F.);
#13630 = EDGE_CURVE('',#13516,#13592,#13631,.T.);
#13631 = SURFACE_CURVE('',#13632,(#13636,#13642),.PCURVE_S1.);
#13632 = LINE('',#13633,#13634);
#13633 = CARTESIAN_POINT('',(0.,-4.102929078427,85.91680032774));
#13634 = VECTOR('',#13635,1.);
#13635 = DIRECTION('',(1.,0.,0.));
#13636 = PCURVE('',#13530,#13637);
#13637 = DEFINITIONAL_REPRESENTATION('',(#13638),#13641);
#13638 = B_SPLINE_CURVE_WITH_KNOTS('',1,(#13639,#13640),.UNSPECIFIED.,
  .F.,.F.,(2,2),(-3.102929078427,3.102929039797),
  .PIECEWISE_BEZIER_KNOTS.);
#13639 = CARTESIAN_POINT('',(-3.803572046863,1.));
#13640 = CARTESIAN_POINT('',(3.80357199862,1.));
#13641 = ( GEOMETRIC_REPRESENTATION_CONTEXT(2) 
PARAMETRIC_REPRESENTATION_CONTEXT() REPRESENTATION_CONTEXT('2D SPACE',''
  ) );
#13642 = PCURVE('',#13439,#13643);
#13643 = DEFINITIONAL_REPRESENTATION('',(#13644),#13648);
#13644 = LINE('',#13645,#13646);
#13645 = CARTESIAN_POINT('',(3.102929078427,-1.));
#13646 = VECTOR('',#13647,1.);
#13647 = DIRECTION('',(1.,0.));
#13648 = ( GEOMETRIC_REPRESENTATION_CONTEXT(2) 
PARAMETRIC_REPRESENTATION_CONTEXT() REPRESENTATION_CONTEXT('2D SPACE',''
  ) );
#13649 = ORIENTED_EDGE('',*,*,#13515,.F.);
#13650 = ADVANCED_FACE('',(#13651),#13606,.T.);
#13651 = FACE_BOUND('',#13652,.T.);
#13652 = EDGE_LOOP('',(#13653,#13677,#13704,#13726));
#13653 = ORIENTED_EDGE('',*,*,#13654,.F.);
#13654 = EDGE_CURVE('',#13655,#13569,#13657,.T.);
#13655 = VERTEX_POINT('',#13656);
#13656 = CARTESIAN_POINT('',(5.003572022741,-3.803572046863,0.));
#13657 = SURFACE_CURVE('',#13658,(#13663,#13670),.PCURVE_S1.);
#13658 = CIRCLE('',#13659,1.2);
#13659 = AXIS2_PLACEMENT_3D('',#13660,#13661,#13662);
#13660 = CARTESIAN_POINT('',(3.80357199862,-3.803572046863,0.));
#13661 = DIRECTION('',(0.,0.,-1.));
#13662 = DIRECTION('',(-1.,0.,0.));
#13663 = PCURVE('',#13606,#13664);
#13664 = DEFINITIONAL_REPRESENTATION('',(#13665),#13669);
#13665 = LINE('',#13666,#13667);
#13666 = CARTESIAN_POINT('',(6.28318530718,0.));
#13667 = VECTOR('',#13668,1.);
#13668 = DIRECTION('',(-1.,0.));
#13669 = ( GEOMETRIC_REPRESENTATION_CONTEXT(2) 
PARAMETRIC_REPRESENTATION_CONTEXT() REPRESENTATION_CONTEXT('2D SPACE',''
  ) );
#13670 = PCURVE('',#13373,#13671);
#13671 = DEFINITIONAL_REPRESENTATION('',(#13672),#13676);
#13672 = CIRCLE('',#13673,1.2);
#13673 = AXIS2_PLACEMENT_2D('',#13674,#13675);
#13674 = CARTESIAN_POINT('',(-7.607144045482,4.618527782441E-14));
#13675 = DIRECTION('',(1.,0.));
#13676 = ( GEOMETRIC_REPRESENTATION_CONTEXT(2) 
PARAMETRIC_REPRESENTATION_CONTEXT() REPRESENTATION_CONTEXT('2D SPACE',''
  ) );
#13677 = ORIENTED_EDGE('',*,*,#13678,.T.);
#13678 = EDGE_CURVE('',#13655,#13679,#13681,.T.);
#13679 = VERTEX_POINT('',#13680);
#13680 = CARTESIAN_POINT('',(4.102929059112,-3.102929078427,
    85.91680032774));
#13681 = SURFACE_CURVE('',#13682,(#13685,#13692),.PCURVE_S1.);
#13682 = B_SPLINE_CURVE_WITH_KNOTS('',1,(#13683,#13684),.UNSPECIFIED.,
  .F.,.F.,(2,2),(0.,1.),.PIECEWISE_BEZIER_KNOTS.);
#13683 = CARTESIAN_POINT('',(5.00357199862,-3.803572046863,0.));
#13684 = CARTESIAN_POINT('',(4.102929039797,-3.102929078427,
    85.91680032774));
#13685 = PCURVE('',#13606,#13686);
#13686 = DEFINITIONAL_REPRESENTATION('',(#13687),#13691);
#13687 = LINE('',#13688,#13689);
#13688 = CARTESIAN_POINT('',(3.14159265359,0.));
#13689 = VECTOR('',#13690,1.);
#13690 = DIRECTION('',(0.,1.));
#13691 = ( GEOMETRIC_REPRESENTATION_CONTEXT(2) 
PARAMETRIC_REPRESENTATION_CONTEXT() REPRESENTATION_CONTEXT('2D SPACE',''
  ) );
#13692 = PCURVE('',#13693,#13698);
#13693 = B_SPLINE_SURFACE_WITH_KNOTS('',1,1,(
    (#13694,#13695)
    ,(#13696,#13697
    )),.UNSPECIFIED.,.F.,.F.,.F.,(2,2),(2,2),(-3.803572046863,
    3.80357199862),(0.,1.),.PIECEWISE_BEZIER_KNOTS.);
#13694 = CARTESIAN_POINT('',(5.003572046863,-3.803572046863,0.));
#13695 = CARTESIAN_POINT('',(4.102929078427,-3.102929078427,
    85.91680032774));
#13696 = CARTESIAN_POINT('',(5.003572046863,3.80357199862,0.));
#13697 = CARTESIAN_POINT('',(4.102929078427,3.102929039797,
    85.91680032774));
#13698 = DEFINITIONAL_REPRESENTATION('',(#13699),#13703);
#13699 = LINE('',#13700,#13701);
#13700 = CARTESIAN_POINT('',(-3.803572046863,0.));
#13701 = VECTOR('',#13702,1.);
#13702 = DIRECTION('',(0.,1.));
#13703 = ( GEOMETRIC_REPRESENTATION_CONTEXT(2) 
PARAMETRIC_REPRESENTATION_CONTEXT() REPRESENTATION_CONTEXT('2D SPACE',''
  ) );
#13704 = ORIENTED_EDGE('',*,*,#13705,.F.);
#13705 = EDGE_CURVE('',#13592,#13679,#13706,.T.);
#13706 = SURFACE_CURVE('',#13707,(#13712,#13719),.PCURVE_S1.);
#13707 = CIRCLE('',#13708,1.);
#13708 = AXIS2_PLACEMENT_3D('',#13709,#13710,#13711);
#13709 = CARTESIAN_POINT('',(3.102929039797,-3.102929078427,
    85.91680032774));
#13710 = DIRECTION('',(0.,0.,1.));
#13711 = DIRECTION('',(1.,0.,0.));
#13712 = PCURVE('',#13606,#13713);
#13713 = DEFINITIONAL_REPRESENTATION('',(#13714),#13718);
#13714 = LINE('',#13715,#13716);
#13715 = CARTESIAN_POINT('',(-3.14159265359,1.));
#13716 = VECTOR('',#13717,1.);
#13717 = DIRECTION('',(1.,0.));
#13718 = ( GEOMETRIC_REPRESENTATION_CONTEXT(2) 
PARAMETRIC_REPRESENTATION_CONTEXT() REPRESENTATION_CONTEXT('2D SPACE',''
  ) );
#13719 = PCURVE('',#13439,#13720);
#13720 = DEFINITIONAL_REPRESENTATION('',(#13721),#13725);
#13721 = CIRCLE('',#13722,1.);
#13722 = AXIS2_PLACEMENT_2D('',#13723,#13724);
#13723 = CARTESIAN_POINT('',(6.205858118224,3.641531520771E-14));
#13724 = DIRECTION('',(1.,0.));
#13725 = ( GEOMETRIC_REPRESENTATION_CONTEXT(2) 
PARAMETRIC_REPRESENTATION_CONTEXT() REPRESENTATION_CONTEXT('2D SPACE',''
  ) );
#13726 = ORIENTED_EDGE('',*,*,#13591,.F.);
#13727 = ADVANCED_FACE('',(#13728),#13693,.T.);
#13728 = FACE_BOUND('',#13729,.T.);
#13729 = EDGE_LOOP('',(#13730,#13753,#13792,#13812));
#13730 = ORIENTED_EDGE('',*,*,#13731,.T.);
#13731 = EDGE_CURVE('',#13655,#13732,#13734,.T.);
#13732 = VERTEX_POINT('',#13733);
#13733 = CARTESIAN_POINT('',(5.003572046863,3.80357199862,0.));
#13734 = SURFACE_CURVE('',#13735,(#13739,#13746),.PCURVE_S1.);
#13735 = LINE('',#13736,#13737);
#13736 = CARTESIAN_POINT('',(5.003572046863,2.30926389122E-14,0.));
#13737 = VECTOR('',#13738,1.);
#13738 = DIRECTION('',(0.,1.,0.));
#13739 = PCURVE('',#13693,#13740);
#13740 = DEFINITIONAL_REPRESENTATION('',(#13741),#13745);
#13741 = LINE('',#13742,#13743);
#13742 = CARTESIAN_POINT('',(0.,0.));
#13743 = VECTOR('',#13744,1.);
#13744 = DIRECTION('',(1.,0.));
#13745 = ( GEOMETRIC_REPRESENTATION_CONTEXT(2) 
PARAMETRIC_REPRESENTATION_CONTEXT() REPRESENTATION_CONTEXT('2D SPACE',''
  ) );
#13746 = PCURVE('',#13373,#13747);
#13747 = DEFINITIONAL_REPRESENTATION('',(#13748),#13752);
#13748 = LINE('',#13749,#13750);
#13749 = CARTESIAN_POINT('',(-8.807144093725,3.803572046863));
#13750 = VECTOR('',#13751,1.);
#13751 = DIRECTION('',(0.,1.));
#13752 = ( GEOMETRIC_REPRESENTATION_CONTEXT(2) 
PARAMETRIC_REPRESENTATION_CONTEXT() REPRESENTATION_CONTEXT('2D SPACE',''
  ) );
#13753 = ORIENTED_EDGE('',*,*,#13754,.T.);
#13754 = EDGE_CURVE('',#13732,#13755,#13757,.T.);
#13755 = VERTEX_POINT('',#13756);
#13756 = CARTESIAN_POINT('',(4.102929078427,3.102929039797,
    85.91680032774));
#13757 = SURFACE_CURVE('',#13758,(#13761,#13768),.PCURVE_S1.);
#13758 = B_SPLINE_CURVE_WITH_KNOTS('',1,(#13759,#13760),.UNSPECIFIED.,
  .F.,.F.,(2,2),(0.,1.),.PIECEWISE_BEZIER_KNOTS.);
#13759 = CARTESIAN_POINT('',(5.003572046863,3.80357199862,0.));
#13760 = CARTESIAN_POINT('',(4.102929078427,3.102929039797,
    85.91680032774));
#13761 = PCURVE('',#13693,#13762);
#13762 = DEFINITIONAL_REPRESENTATION('',(#13763),#13767);
#13763 = LINE('',#13764,#13765);
#13764 = CARTESIAN_POINT('',(3.80357199862,0.));
#13765 = VECTOR('',#13766,1.);
#13766 = DIRECTION('',(0.,1.));
#13767 = ( GEOMETRIC_REPRESENTATION_CONTEXT(2) 
PARAMETRIC_REPRESENTATION_CONTEXT() REPRESENTATION_CONTEXT('2D SPACE',''
  ) );
#13768 = PCURVE('',#13769,#13786);
#13769 = B_SPLINE_SURFACE_WITH_KNOTS('',7,1,(
    (#13770,#13771)
    ,(#13772,#13773)
    ,(#13774,#13775)
    ,(#13776,#13777)
    ,(#13778,#13779)
    ,(#13780,#13781)
    ,(#13782,#13783)
    ,(#13784,#13785
    )),.UNSPECIFIED.,.F.,.F.,.F.,(8,8),(2,2),(3.14159265359,
    4.712388980385),(0.,1.),.PIECEWISE_BEZIER_KNOTS.);
#13770 = CARTESIAN_POINT('',(5.003572046863,3.80357199862,0.));
#13771 = CARTESIAN_POINT('',(4.102929078427,3.102929039797,
    85.91680032774));
#13772 = CARTESIAN_POINT('',(5.003572046863,4.072851368927,0.));
#13773 = CARTESIAN_POINT('',(4.102929078427,3.327328515053,
    85.91680032774));
#13774 = CARTESIAN_POINT('',(4.933073383001,4.3421294366,0.));
#13775 = CARTESIAN_POINT('',(4.044180191876,3.55172690478,
    85.916800327738));
#13776 = CARTESIAN_POINT('',(4.792087313505,4.589268327607,0.));
#13777 = CARTESIAN_POINT('',(3.92669180063,3.75767598062,85.916800327743
    ));
#13778 = CARTESIAN_POINT('',(4.58926837585,4.792087265263,0.));
#13779 = CARTESIAN_POINT('',(3.75767601925,3.926691761999,
    85.916800327737));
#13780 = CARTESIAN_POINT('',(4.342129484843,4.933073334758,0.));
#13781 = CARTESIAN_POINT('',(3.551726943411,4.044180153245,
    85.916800327742));
#13782 = CARTESIAN_POINT('',(4.07285141717,5.00357199862,0.));
#13783 = CARTESIAN_POINT('',(3.327328553684,4.102929039797,
    85.91680032774));
#13784 = CARTESIAN_POINT('',(3.803572046863,5.00357199862,0.));
#13785 = CARTESIAN_POINT('',(3.102929078427,4.102929039797,
    85.91680032774));
#13786 = DEFINITIONAL_REPRESENTATION('',(#13787),#13791);
#13787 = LINE('',#13788,#13789);
#13788 = CARTESIAN_POINT('',(3.14159265359,0.));
#13789 = VECTOR('',#13790,1.);
#13790 = DIRECTION('',(0.,1.));
#13791 = ( GEOMETRIC_REPRESENTATION_CONTEXT(2) 
PARAMETRIC_REPRESENTATION_CONTEXT() REPRESENTATION_CONTEXT('2D SPACE',''
  ) );
#13792 = ORIENTED_EDGE('',*,*,#13793,.F.);
#13793 = EDGE_CURVE('',#13679,#13755,#13794,.T.);
#13794 = SURFACE_CURVE('',#13795,(#13799,#13805),.PCURVE_S1.);
#13795 = LINE('',#13796,#13797);
#13796 = CARTESIAN_POINT('',(4.102929078427,1.820765760385E-14,
    85.91680032774));
#13797 = VECTOR('',#13798,1.);
#13798 = DIRECTION('',(0.,1.,0.));
#13799 = PCURVE('',#13693,#13800);
#13800 = DEFINITIONAL_REPRESENTATION('',(#13801),#13804);
#13801 = B_SPLINE_CURVE_WITH_KNOTS('',1,(#13802,#13803),.UNSPECIFIED.,
  .F.,.F.,(2,2),(-3.102929078427,3.102929039796),
  .PIECEWISE_BEZIER_KNOTS.);
#13802 = CARTESIAN_POINT('',(-3.803572046863,1.));
#13803 = CARTESIAN_POINT('',(3.80357199862,1.));
#13804 = ( GEOMETRIC_REPRESENTATION_CONTEXT(2) 
PARAMETRIC_REPRESENTATION_CONTEXT() REPRESENTATION_CONTEXT('2D SPACE',''
  ) );
#13805 = PCURVE('',#13439,#13806);
#13806 = DEFINITIONAL_REPRESENTATION('',(#13807),#13811);
#13807 = LINE('',#13808,#13809);
#13808 = CARTESIAN_POINT('',(7.205858156855,3.102929078427));
#13809 = VECTOR('',#13810,1.);
#13810 = DIRECTION('',(0.,1.));
#13811 = ( GEOMETRIC_REPRESENTATION_CONTEXT(2) 
PARAMETRIC_REPRESENTATION_CONTEXT() REPRESENTATION_CONTEXT('2D SPACE',''
  ) );
#13812 = ORIENTED_EDGE('',*,*,#13678,.F.);
#13813 = ADVANCED_FACE('',(#13814),#13769,.T.);
#13814 = FACE_BOUND('',#13815,.T.);
#13815 = EDGE_LOOP('',(#13816,#13840,#13867,#13889));
#13816 = ORIENTED_EDGE('',*,*,#13817,.F.);
#13817 = EDGE_CURVE('',#13818,#13732,#13820,.T.);
#13818 = VERTEX_POINT('',#13819);
#13819 = CARTESIAN_POINT('',(3.803572046863,5.003572022741,0.));
#13820 = SURFACE_CURVE('',#13821,(#13826,#13833),.PCURVE_S1.);
#13821 = CIRCLE('',#13822,1.2);
#13822 = AXIS2_PLACEMENT_3D('',#13823,#13824,#13825);
#13823 = CARTESIAN_POINT('',(3.803572046863,3.80357199862,0.));
#13824 = DIRECTION('',(0.,0.,-1.));
#13825 = DIRECTION('',(-1.,0.,0.));
#13826 = PCURVE('',#13769,#13827);
#13827 = DEFINITIONAL_REPRESENTATION('',(#13828),#13832);
#13828 = LINE('',#13829,#13830);
#13829 = CARTESIAN_POINT('',(6.28318530718,0.));
#13830 = VECTOR('',#13831,1.);
#13831 = DIRECTION('',(-1.,0.));
#13832 = ( GEOMETRIC_REPRESENTATION_CONTEXT(2) 
PARAMETRIC_REPRESENTATION_CONTEXT() REPRESENTATION_CONTEXT('2D SPACE',''
  ) );
#13833 = PCURVE('',#13373,#13834);
#13834 = DEFINITIONAL_REPRESENTATION('',(#13835),#13839);
#13835 = CIRCLE('',#13836,1.2);
#13836 = AXIS2_PLACEMENT_2D('',#13837,#13838);
#13837 = CARTESIAN_POINT('',(-7.607144093725,7.607144045482));
#13838 = DIRECTION('',(1.,0.));
#13839 = ( GEOMETRIC_REPRESENTATION_CONTEXT(2) 
PARAMETRIC_REPRESENTATION_CONTEXT() REPRESENTATION_CONTEXT('2D SPACE',''
  ) );
#13840 = ORIENTED_EDGE('',*,*,#13841,.T.);
#13841 = EDGE_CURVE('',#13818,#13842,#13844,.T.);
#13842 = VERTEX_POINT('',#13843);
#13843 = CARTESIAN_POINT('',(3.102929078427,4.102929059112,
    85.91680032774));
#13844 = SURFACE_CURVE('',#13845,(#13848,#13855),.PCURVE_S1.);
#13845 = B_SPLINE_CURVE_WITH_KNOTS('',1,(#13846,#13847),.UNSPECIFIED.,
  .F.,.F.,(2,2),(0.,1.),.PIECEWISE_BEZIER_KNOTS.);
#13846 = CARTESIAN_POINT('',(3.803572046863,5.00357199862,0.));
#13847 = CARTESIAN_POINT('',(3.102929078427,4.102929039797,
    85.91680032774));
#13848 = PCURVE('',#13769,#13849);
#13849 = DEFINITIONAL_REPRESENTATION('',(#13850),#13854);
#13850 = LINE('',#13851,#13852);
#13851 = CARTESIAN_POINT('',(4.712388980385,0.));
#13852 = VECTOR('',#13853,1.);
#13853 = DIRECTION('',(0.,1.));
#13854 = ( GEOMETRIC_REPRESENTATION_CONTEXT(2) 
PARAMETRIC_REPRESENTATION_CONTEXT() REPRESENTATION_CONTEXT('2D SPACE',''
  ) );
#13855 = PCURVE('',#13856,#13861);
#13856 = B_SPLINE_SURFACE_WITH_KNOTS('',1,1,(
    (#13857,#13858)
    ,(#13859,#13860
    )),.UNSPECIFIED.,.F.,.F.,.F.,(2,2),(2,2),(-3.803572046863,
    3.803572046863),(0.,1.),.PIECEWISE_BEZIER_KNOTS.);
#13857 = CARTESIAN_POINT('',(3.803572046863,5.003572046863,0.));
#13858 = CARTESIAN_POINT('',(3.102929078427,4.102929078427,
    85.91680032774));
#13859 = CARTESIAN_POINT('',(-3.803572046863,5.003572046863,0.));
#13860 = CARTESIAN_POINT('',(-3.102929078427,4.102929078427,
    85.91680032774));
#13861 = DEFINITIONAL_REPRESENTATION('',(#13862),#13866);
#13862 = LINE('',#13863,#13864);
#13863 = CARTESIAN_POINT('',(-3.803572046863,0.));
#13864 = VECTOR('',#13865,1.);
#13865 = DIRECTION('',(0.,1.));
#13866 = ( GEOMETRIC_REPRESENTATION_CONTEXT(2) 
PARAMETRIC_REPRESENTATION_CONTEXT() REPRESENTATION_CONTEXT('2D SPACE',''
  ) );
#13867 = ORIENTED_EDGE('',*,*,#13868,.F.);
#13868 = EDGE_CURVE('',#13755,#13842,#13869,.T.);
#13869 = SURFACE_CURVE('',#13870,(#13875,#13882),.PCURVE_S1.);
#13870 = CIRCLE('',#13871,1.);
#13871 = AXIS2_PLACEMENT_3D('',#13872,#13873,#13874);
#13872 = CARTESIAN_POINT('',(3.102929078427,3.102929039797,
    85.91680032774));
#13873 = DIRECTION('',(0.,0.,1.));
#13874 = DIRECTION('',(1.,0.,0.));
#13875 = PCURVE('',#13769,#13876);
#13876 = DEFINITIONAL_REPRESENTATION('',(#13877),#13881);
#13877 = LINE('',#13878,#13879);
#13878 = CARTESIAN_POINT('',(3.14159265359,1.));
#13879 = VECTOR('',#13880,1.);
#13880 = DIRECTION('',(1.,0.));
#13881 = ( GEOMETRIC_REPRESENTATION_CONTEXT(2) 
PARAMETRIC_REPRESENTATION_CONTEXT() REPRESENTATION_CONTEXT('2D SPACE',''
  ) );
#13882 = PCURVE('',#13439,#13883);
#13883 = DEFINITIONAL_REPRESENTATION('',(#13884),#13888);
#13884 = CIRCLE('',#13885,1.);
#13885 = AXIS2_PLACEMENT_2D('',#13886,#13887);
#13886 = CARTESIAN_POINT('',(6.205858156855,6.205858118224));
#13887 = DIRECTION('',(1.,0.));
#13888 = ( GEOMETRIC_REPRESENTATION_CONTEXT(2) 
PARAMETRIC_REPRESENTATION_CONTEXT() REPRESENTATION_CONTEXT('2D SPACE',''
  ) );
#13889 = ORIENTED_EDGE('',*,*,#13754,.F.);
#13890 = ADVANCED_FACE('',(#13891),#13856,.T.);
#13891 = FACE_BOUND('',#13892,.T.);
#13892 = EDGE_LOOP('',(#13893,#13916,#13938,#13958));
#13893 = ORIENTED_EDGE('',*,*,#13894,.F.);
#13894 = EDGE_CURVE('',#13895,#13818,#13897,.T.);
#13895 = VERTEX_POINT('',#13896);
#13896 = CARTESIAN_POINT('',(-3.803572046863,5.003572022741,0.));
#13897 = SURFACE_CURVE('',#13898,(#13902,#13909),.PCURVE_S1.);
#13898 = LINE('',#13899,#13900);
#13899 = CARTESIAN_POINT('',(4.440892098501E-16,5.003572046863,0.));
#13900 = VECTOR('',#13901,1.);
#13901 = DIRECTION('',(1.,0.,0.));
#13902 = PCURVE('',#13856,#13903);
#13903 = DEFINITIONAL_REPRESENTATION('',(#13904),#13908);
#13904 = LINE('',#13905,#13906);
#13905 = CARTESIAN_POINT('',(0.,0.));
#13906 = VECTOR('',#13907,1.);
#13907 = DIRECTION('',(-1.,0.));
#13908 = ( GEOMETRIC_REPRESENTATION_CONTEXT(2) 
PARAMETRIC_REPRESENTATION_CONTEXT() REPRESENTATION_CONTEXT('2D SPACE',''
  ) );
#13909 = PCURVE('',#13373,#13910);
#13910 = DEFINITIONAL_REPRESENTATION('',(#13911),#13915);
#13911 = LINE('',#13912,#13913);
#13912 = CARTESIAN_POINT('',(-3.803572046863,8.807144093725));
#13913 = VECTOR('',#13914,1.);
#13914 = DIRECTION('',(-1.,0.));
#13915 = ( GEOMETRIC_REPRESENTATION_CONTEXT(2) 
PARAMETRIC_REPRESENTATION_CONTEXT() REPRESENTATION_CONTEXT('2D SPACE',''
  ) );
#13916 = ORIENTED_EDGE('',*,*,#13917,.T.);
#13917 = EDGE_CURVE('',#13895,#13918,#13920,.T.);
#13918 = VERTEX_POINT('',#13919);
#13919 = CARTESIAN_POINT('',(-3.102929078427,4.102929059112,
    85.91680032774));
#13920 = SURFACE_CURVE('',#13921,(#13924,#13931),.PCURVE_S1.);
#13921 = B_SPLINE_CURVE_WITH_KNOTS('',1,(#13922,#13923),.UNSPECIFIED.,
  .F.,.F.,(2,2),(0.,1.),.PIECEWISE_BEZIER_KNOTS.);
#13922 = CARTESIAN_POINT('',(-3.803572046863,5.003572046863,0.));
#13923 = CARTESIAN_POINT('',(-3.102929078427,4.102929078427,
    85.91680032774));
#13924 = PCURVE('',#13856,#13925);
#13925 = DEFINITIONAL_REPRESENTATION('',(#13926),#13930);
#13926 = LINE('',#13927,#13928);
#13927 = CARTESIAN_POINT('',(3.803572046863,0.));
#13928 = VECTOR('',#13929,1.);
#13929 = DIRECTION('',(0.,1.));
#13930 = ( GEOMETRIC_REPRESENTATION_CONTEXT(2) 
PARAMETRIC_REPRESENTATION_CONTEXT() REPRESENTATION_CONTEXT('2D SPACE',''
  ) );
#13931 = PCURVE('',#13464,#13932);
#13932 = DEFINITIONAL_REPRESENTATION('',(#13933),#13937);
#13933 = LINE('',#13934,#13935);
#13934 = CARTESIAN_POINT('',(4.712388980385,0.));
#13935 = VECTOR('',#13936,1.);
#13936 = DIRECTION('',(0.,1.));
#13937 = ( GEOMETRIC_REPRESENTATION_CONTEXT(2) 
PARAMETRIC_REPRESENTATION_CONTEXT() REPRESENTATION_CONTEXT('2D SPACE',''
  ) );
#13938 = ORIENTED_EDGE('',*,*,#13939,.T.);
#13939 = EDGE_CURVE('',#13918,#13842,#13940,.T.);
#13940 = SURFACE_CURVE('',#13941,(#13945,#13951),.PCURVE_S1.);
#13941 = LINE('',#13942,#13943);
#13942 = CARTESIAN_POINT('',(0.,4.102929078427,85.91680032774));
#13943 = VECTOR('',#13944,1.);
#13944 = DIRECTION('',(1.,0.,0.));
#13945 = PCURVE('',#13856,#13946);
#13946 = DEFINITIONAL_REPRESENTATION('',(#13947),#13950);
#13947 = B_SPLINE_CURVE_WITH_KNOTS('',1,(#13948,#13949),.UNSPECIFIED.,
  .F.,.F.,(2,2),(-3.102929078427,3.102929078427),
  .PIECEWISE_BEZIER_KNOTS.);
#13948 = CARTESIAN_POINT('',(3.803572046863,1.));
#13949 = CARTESIAN_POINT('',(-3.803572046863,1.));
#13950 = ( GEOMETRIC_REPRESENTATION_CONTEXT(2) 
PARAMETRIC_REPRESENTATION_CONTEXT() REPRESENTATION_CONTEXT('2D SPACE',''
  ) );
#13951 = PCURVE('',#13439,#13952);
#13952 = DEFINITIONAL_REPRESENTATION('',(#13953),#13957);
#13953 = LINE('',#13954,#13955);
#13954 = CARTESIAN_POINT('',(3.102929078427,7.205858156855));
#13955 = VECTOR('',#13956,1.);
#13956 = DIRECTION('',(1.,0.));
#13957 = ( GEOMETRIC_REPRESENTATION_CONTEXT(2) 
PARAMETRIC_REPRESENTATION_CONTEXT() REPRESENTATION_CONTEXT('2D SPACE',''
  ) );
#13958 = ORIENTED_EDGE('',*,*,#13841,.F.);
#13959 = ADVANCED_FACE('',(#13960),#13464,.T.);
#13960 = FACE_BOUND('',#13961,.T.);
#13961 = EDGE_LOOP('',(#13962,#13984,#13985,#14007));
#13962 = ORIENTED_EDGE('',*,*,#13963,.F.);
#13963 = EDGE_CURVE('',#13353,#13895,#13964,.T.);
#13964 = SURFACE_CURVE('',#13965,(#13970,#13977),.PCURVE_S1.);
#13965 = CIRCLE('',#13966,1.2);
#13966 = AXIS2_PLACEMENT_3D('',#13967,#13968,#13969);
#13967 = CARTESIAN_POINT('',(-3.803572046863,3.80357199862,0.));
#13968 = DIRECTION('',(0.,0.,-1.));
#13969 = DIRECTION('',(-1.,0.,0.));
#13970 = PCURVE('',#13464,#13971);
#13971 = DEFINITIONAL_REPRESENTATION('',(#13972),#13976);
#13972 = LINE('',#13973,#13974);
#13973 = CARTESIAN_POINT('',(6.28318530718,0.));
#13974 = VECTOR('',#13975,1.);
#13975 = DIRECTION('',(-1.,0.));
#13976 = ( GEOMETRIC_REPRESENTATION_CONTEXT(2) 
PARAMETRIC_REPRESENTATION_CONTEXT() REPRESENTATION_CONTEXT('2D SPACE',''
  ) );
#13977 = PCURVE('',#13373,#13978);
#13978 = DEFINITIONAL_REPRESENTATION('',(#13979),#13983);
#13979 = CIRCLE('',#13980,1.2);
#13980 = AXIS2_PLACEMENT_2D('',#13981,#13982);
#13981 = CARTESIAN_POINT('',(0.,7.607144045482));
#13982 = DIRECTION('',(1.,0.));
#13983 = ( GEOMETRIC_REPRESENTATION_CONTEXT(2) 
PARAMETRIC_REPRESENTATION_CONTEXT() REPRESENTATION_CONTEXT('2D SPACE',''
  ) );
#13984 = ORIENTED_EDGE('',*,*,#13451,.T.);
#13985 = ORIENTED_EDGE('',*,*,#13986,.F.);
#13986 = EDGE_CURVE('',#13918,#13425,#13987,.T.);
#13987 = SURFACE_CURVE('',#13988,(#13993,#14000),.PCURVE_S1.);
#13988 = CIRCLE('',#13989,1.);
#13989 = AXIS2_PLACEMENT_3D('',#13990,#13991,#13992);
#13990 = CARTESIAN_POINT('',(-3.102929078427,3.102929039797,
    85.91680032774));
#13991 = DIRECTION('',(0.,0.,1.));
#13992 = DIRECTION('',(1.,0.,0.));
#13993 = PCURVE('',#13464,#13994);
#13994 = DEFINITIONAL_REPRESENTATION('',(#13995),#13999);
#13995 = LINE('',#13996,#13997);
#13996 = CARTESIAN_POINT('',(3.14159265359,1.));
#13997 = VECTOR('',#13998,1.);
#13998 = DIRECTION('',(1.,0.));
#13999 = ( GEOMETRIC_REPRESENTATION_CONTEXT(2) 
PARAMETRIC_REPRESENTATION_CONTEXT() REPRESENTATION_CONTEXT('2D SPACE',''
  ) );
#14000 = PCURVE('',#13439,#14001);
#14001 = DEFINITIONAL_REPRESENTATION('',(#14002),#14006);
#14002 = CIRCLE('',#14003,1.);
#14003 = AXIS2_PLACEMENT_2D('',#14004,#14005);
#14004 = CARTESIAN_POINT('',(0.,6.205858118224));
#14005 = DIRECTION('',(1.,0.));
#14006 = ( GEOMETRIC_REPRESENTATION_CONTEXT(2) 
PARAMETRIC_REPRESENTATION_CONTEXT() REPRESENTATION_CONTEXT('2D SPACE',''
  ) );
#14007 = ORIENTED_EDGE('',*,*,#13917,.F.);
#14008 = ADVANCED_FACE('',(#14009),#13373,.T.);
#14009 = FACE_BOUND('',#14010,.F.);
#14010 = EDGE_LOOP('',(#14011,#14012,#14013,#14014,#14015,#14016,#14017,
    #14018));
#14011 = ORIENTED_EDGE('',*,*,#13350,.F.);
#14012 = ORIENTED_EDGE('',*,*,#13491,.F.);
#14013 = ORIENTED_EDGE('',*,*,#13568,.T.);
#14014 = ORIENTED_EDGE('',*,*,#13654,.F.);
#14015 = ORIENTED_EDGE('',*,*,#13731,.T.);
#14016 = ORIENTED_EDGE('',*,*,#13817,.F.);
#14017 = ORIENTED_EDGE('',*,*,#13894,.F.);
#14018 = ORIENTED_EDGE('',*,*,#13963,.F.);
#14019 = ADVANCED_FACE('',(#14020),#13439,.T.);
#14020 = FACE_BOUND('',#14021,.T.);
#14021 = EDGE_LOOP('',(#14022,#14023,#14024,#14025,#14026,#14027,#14028,
    #14029));
#14022 = ORIENTED_EDGE('',*,*,#13424,.F.);
#14023 = ORIENTED_EDGE('',*,*,#13542,.T.);
#14024 = ORIENTED_EDGE('',*,*,#13630,.T.);
#14025 = ORIENTED_EDGE('',*,*,#13705,.T.);
#14026 = ORIENTED_EDGE('',*,*,#13793,.T.);
#14027 = ORIENTED_EDGE('',*,*,#13868,.T.);
#14028 = ORIENTED_EDGE('',*,*,#13939,.F.);
#14029 = ORIENTED_EDGE('',*,*,#13986,.T.);
#14030 = ( GEOMETRIC_REPRESENTATION_CONTEXT(3) 
GLOBAL_UNCERTAINTY_ASSIGNED_CONTEXT((#14034)) 
GLOBAL_UNIT_ASSIGNED_CONTEXT((#14031,#14032,#14033)) 
REPRESENTATION_CONTEXT('Context #1',
  '3D Context with UNIT and UNCERTAINTY') );
#14031 = ( LENGTH_UNIT() NAMED_UNIT(*) SI_UNIT(.MILLI.,.METRE.) );
#14032 = ( NAMED_UNIT(*) PLANE_ANGLE_UNIT() SI_UNIT($,.RADIAN.) );
#14033 = ( NAMED_UNIT(*) SI_UNIT($,.STERADIAN.) SOLID_ANGLE_UNIT() );
#14034 = UNCERTAINTY_MEASURE_WITH_UNIT(LENGTH_MEASURE(1.E-07),#14031,
  'distance_accuracy_value','confusion accuracy');
#14035 = CONTEXT_DEPENDENT_SHAPE_REPRESENTATION(#14036,#14038);
#14036 = ( REPRESENTATION_RELATIONSHIP('','',#13343,#10) 
REPRESENTATION_RELATIONSHIP_WITH_TRANSFORMATION(#14037) 
SHAPE_REPRESENTATION_RELATIONSHIP() );
#14037 = ITEM_DEFINED_TRANSFORMATION('','',#11,#79);
#14038 = PRODUCT_DEFINITION_SHAPE('Placement','Placement of an item',
  #14039);
#14039 = NEXT_ASSEMBLY_USAGE_OCCURRENCE('17','fry_11','',#5,#13338,$);
#14040 = PRODUCT_RELATED_PRODUCT_CATEGORY('part',$,(#13340));
#14041 = SHAPE_DEFINITION_REPRESENTATION(#14042,#14048);
#14042 = PRODUCT_DEFINITION_SHAPE('','',#14043);
#14043 = PRODUCT_DEFINITION('design','',#14044,#14047);
#14044 = PRODUCT_DEFINITION_FORMATION('','',#14045);
#14045 = PRODUCT('fry_12','fry_12','',(#14046));
#14046 = PRODUCT_CONTEXT('',#2,'mechanical');
#14047 = PRODUCT_DEFINITION_CONTEXT('part definition',#2,'design');
#14048 = ADVANCED_BREP_SHAPE_REPRESENTATION('',(#11,#14049),#14735);
#14049 = MANIFOLD_SOLID_BREP('',#14050);
#14050 = CLOSED_SHELL('',(#14051,#14192,#14269,#14355,#14432,#14518,
    #14595,#14664,#14713,#14724));
#14051 = ADVANCED_FACE('',(#14052),#14066,.T.);
#14052 = FACE_BOUND('',#14053,.T.);
#14053 = EDGE_LOOP('',(#14054,#14089,#14128,#14155));
#14054 = ORIENTED_EDGE('',*,*,#14055,.F.);
#14055 = EDGE_CURVE('',#14056,#14058,#14060,.T.);
#14056 = VERTEX_POINT('',#14057);
#14057 = CARTESIAN_POINT('',(-5.093876667199,-3.893876667199,0.));
#14058 = VERTEX_POINT('',#14059);
#14059 = CARTESIAN_POINT('',(-5.093876667199,3.893876616794,0.));
#14060 = SURFACE_CURVE('',#14061,(#14065,#14077),.PCURVE_S1.);
#14061 = LINE('',#14062,#14063);
#14062 = CARTESIAN_POINT('',(-5.093876667199,2.48689957516E-14,0.));
#14063 = VECTOR('',#14064,1.);
#14064 = DIRECTION('',(0.,1.,0.));
#14065 = PCURVE('',#14066,#14071);
#14066 = B_SPLINE_SURFACE_WITH_KNOTS('',1,1,(
    (#14067,#14068)
    ,(#14069,#14070
    )),.UNSPECIFIED.,.F.,.F.,.F.,(2,2),(2,2),(-3.893876616794,
    3.893876667199),(0.,1.),.PIECEWISE_BEZIER_KNOTS.);
#14067 = CARTESIAN_POINT('',(-5.093876667199,3.893876616794,0.));
#14068 = CARTESIAN_POINT('',(-4.176978867103,3.176978826726,
    72.198785798775));
#14069 = CARTESIAN_POINT('',(-5.093876667199,-3.893876667199,0.));
#14070 = CARTESIAN_POINT('',(-4.176978867103,-3.176978867103,
    72.198785798775));
#14071 = DEFINITIONAL_REPRESENTATION('',(#14072),#14076);
#14072 = LINE('',#14073,#14074);
#14073 = CARTESIAN_POINT('',(0.,0.));
#14074 = VECTOR('',#14075,1.);
#14075 = DIRECTION('',(-1.,0.));
#14076 = ( GEOMETRIC_REPRESENTATION_CONTEXT(2) 
PARAMETRIC_REPRESENTATION_CONTEXT() REPRESENTATION_CONTEXT('2D SPACE',''
  ) );
#14077 = PCURVE('',#14078,#14083);
#14078 = PLANE('',#14079);
#14079 = AXIS2_PLACEMENT_3D('',#14080,#14081,#14082);
#14080 = CARTESIAN_POINT('',(-3.893876667199,-3.893876667199,0.));
#14081 = DIRECTION('',(0.,0.,-1.));
#14082 = DIRECTION('',(-1.,0.,0.));
#14083 = DEFINITIONAL_REPRESENTATION('',(#14084),#14088);
#14084 = LINE('',#14085,#14086);
#14085 = CARTESIAN_POINT('',(1.2,3.893876667199));
#14086 = VECTOR('',#14087,1.);
#14087 = DIRECTION('',(0.,1.));
#14088 = ( GEOMETRIC_REPRESENTATION_CONTEXT(2) 
PARAMETRIC_REPRESENTATION_CONTEXT() REPRESENTATION_CONTEXT('2D SPACE',''
  ) );
#14089 = ORIENTED_EDGE('',*,*,#14090,.T.);
#14090 = EDGE_CURVE('',#14056,#14091,#14093,.T.);
#14091 = VERTEX_POINT('',#14092);
#14092 = CARTESIAN_POINT('',(-4.176978867103,-3.176978867103,
    72.198785798775));
#14093 = SURFACE_CURVE('',#14094,(#14097,#14104),.PCURVE_S1.);
#14094 = B_SPLINE_CURVE_WITH_KNOTS('',1,(#14095,#14096),.UNSPECIFIED.,
  .F.,.F.,(2,2),(0.,1.),.PIECEWISE_BEZIER_KNOTS.);
#14095 = CARTESIAN_POINT('',(-5.093876667199,-3.893876667199,0.));
#14096 = CARTESIAN_POINT('',(-4.176978867103,-3.176978867103,
    72.198785798775));
#14097 = PCURVE('',#14066,#14098);
#14098 = DEFINITIONAL_REPRESENTATION('',(#14099),#14103);
#14099 = LINE('',#14100,#14101);
#14100 = CARTESIAN_POINT('',(3.893876667199,0.));
#14101 = VECTOR('',#14102,1.);
#14102 = DIRECTION('',(0.,1.));
#14103 = ( GEOMETRIC_REPRESENTATION_CONTEXT(2) 
PARAMETRIC_REPRESENTATION_CONTEXT() REPRESENTATION_CONTEXT('2D SPACE',''
  ) );
#14104 = PCURVE('',#14105,#14122);
#14105 = B_SPLINE_SURFACE_WITH_KNOTS('',7,1,(
    (#14106,#14107)
    ,(#14108,#14109)
    ,(#14110,#14111)
    ,(#14112,#14113)
    ,(#14114,#14115)
    ,(#14116,#14117)
    ,(#14118,#14119)
    ,(#14120,#14121
    )),.UNSPECIFIED.,.F.,.F.,.F.,(8,8),(2,2),(0.,1.570796326795),(0.,1.)
  ,.PIECEWISE_BEZIER_KNOTS.);
#14106 = CARTESIAN_POINT('',(-5.093876667199,-3.893876667199,0.));
#14107 = CARTESIAN_POINT('',(-4.176978867103,-3.176978867103,
    72.198785798775));
#14108 = CARTESIAN_POINT('',(-5.093876667199,-4.163156037507,0.));
#14109 = CARTESIAN_POINT('',(-4.176978867103,-3.40137834236,
    72.198785798775));
#14110 = CARTESIAN_POINT('',(-5.023378003337,-4.432434105179,0.));
#14111 = CARTESIAN_POINT('',(-4.118229980552,-3.625776732087,
    72.198785798776));
#14112 = CARTESIAN_POINT('',(-4.882391933842,-4.679572996187,0.));
#14113 = CARTESIAN_POINT('',(-4.000741589305,-3.831725807926,
    72.198785798774));
#14114 = CARTESIAN_POINT('',(-4.679572996186,-4.882391933841,0.));
#14115 = CARTESIAN_POINT('',(-3.831725807926,-4.000741589305,
    72.198785798777));
#14116 = CARTESIAN_POINT('',(-4.432434105179,-5.023378003337,0.));
#14117 = CARTESIAN_POINT('',(-3.625776732086,-4.118229980551,
    72.198785798774));
#14118 = CARTESIAN_POINT('',(-4.163156037507,-5.093876667199,0.));
#14119 = CARTESIAN_POINT('',(-3.40137834236,-4.176978867103,
    72.198785798776));
#14120 = CARTESIAN_POINT('',(-3.893876667199,-5.093876667199,0.));
#14121 = CARTESIAN_POINT('',(-3.176978867103,-4.176978867103,
    72.198785798775));
#14122 = DEFINITIONAL_REPRESENTATION('',(#14123),#14127);
#14123 = LINE('',#14124,#14125);
#14124 = CARTESIAN_POINT('',(0.,0.));
#14125 = VECTOR('',#14126,1.);
#14126 = DIRECTION('',(0.,1.));
#14127 = ( GEOMETRIC_REPRESENTATION_CONTEXT(2) 
PARAMETRIC_REPRESENTATION_CONTEXT() REPRESENTATION_CONTEXT('2D SPACE',''
  ) );
#14128 = ORIENTED_EDGE('',*,*,#14129,.T.);
#14129 = EDGE_CURVE('',#14091,#14130,#14132,.T.);
#14130 = VERTEX_POINT('',#14131);
#14131 = CARTESIAN_POINT('',(-4.176978867103,3.176978826726,
    72.198785798775));
#14132 = SURFACE_CURVE('',#14133,(#14137,#14143),.PCURVE_S1.);
#14133 = LINE('',#14134,#14135);
#14134 = CARTESIAN_POINT('',(-4.176978867103,1.86517468137E-14,
    72.198785798775));
#14135 = VECTOR('',#14136,1.);
#14136 = DIRECTION('',(0.,1.,0.));
#14137 = PCURVE('',#14066,#14138);
#14138 = DEFINITIONAL_REPRESENTATION('',(#14139),#14142);
#14139 = B_SPLINE_CURVE_WITH_KNOTS('',1,(#14140,#14141),.UNSPECIFIED.,
  .F.,.F.,(2,2),(-3.176978867103,3.176978826726),
  .PIECEWISE_BEZIER_KNOTS.);
#14140 = CARTESIAN_POINT('',(3.893876667199,1.));
#14141 = CARTESIAN_POINT('',(-3.893876616794,1.));
#14142 = ( GEOMETRIC_REPRESENTATION_CONTEXT(2) 
PARAMETRIC_REPRESENTATION_CONTEXT() REPRESENTATION_CONTEXT('2D SPACE',''
  ) );
#14143 = PCURVE('',#14144,#14149);
#14144 = PLANE('',#14145);
#14145 = AXIS2_PLACEMENT_3D('',#14146,#14147,#14148);
#14146 = CARTESIAN_POINT('',(-3.176978867103,-3.176978867103,
    72.198785798775));
#14147 = DIRECTION('',(0.,0.,1.));
#14148 = DIRECTION('',(1.,0.,0.));
#14149 = DEFINITIONAL_REPRESENTATION('',(#14150),#14154);
#14150 = LINE('',#14151,#14152);
#14151 = CARTESIAN_POINT('',(-1.,3.176978867103));
#14152 = VECTOR('',#14153,1.);
#14153 = DIRECTION('',(0.,1.));
#14154 = ( GEOMETRIC_REPRESENTATION_CONTEXT(2) 
PARAMETRIC_REPRESENTATION_CONTEXT() REPRESENTATION_CONTEXT('2D SPACE',''
  ) );
#14155 = ORIENTED_EDGE('',*,*,#14156,.F.);
#14156 = EDGE_CURVE('',#14058,#14130,#14157,.T.);
#14157 = SURFACE_CURVE('',#14158,(#14161,#14168),.PCURVE_S1.);
#14158 = B_SPLINE_CURVE_WITH_KNOTS('',1,(#14159,#14160),.UNSPECIFIED.,
  .F.,.F.,(2,2),(0.,1.),.PIECEWISE_BEZIER_KNOTS.);
#14159 = CARTESIAN_POINT('',(-5.093876667199,3.893876616794,0.));
#14160 = CARTESIAN_POINT('',(-4.176978867103,3.176978826726,
    72.198785798775));
#14161 = PCURVE('',#14066,#14162);
#14162 = DEFINITIONAL_REPRESENTATION('',(#14163),#14167);
#14163 = LINE('',#14164,#14165);
#14164 = CARTESIAN_POINT('',(-3.893876616794,0.));
#14165 = VECTOR('',#14166,1.);
#14166 = DIRECTION('',(0.,1.));
#14167 = ( GEOMETRIC_REPRESENTATION_CONTEXT(2) 
PARAMETRIC_REPRESENTATION_CONTEXT() REPRESENTATION_CONTEXT('2D SPACE',''
  ) );
#14168 = PCURVE('',#14169,#14186);
#14169 = B_SPLINE_SURFACE_WITH_KNOTS('',7,1,(
    (#14170,#14171)
    ,(#14172,#14173)
    ,(#14174,#14175)
    ,(#14176,#14177)
    ,(#14178,#14179)
    ,(#14180,#14181)
    ,(#14182,#14183)
    ,(#14184,#14185
    )),.UNSPECIFIED.,.F.,.F.,.F.,(8,8),(2,2),(4.712388980385,
    6.28318530718),(0.,1.),.PIECEWISE_BEZIER_KNOTS.);
#14170 = CARTESIAN_POINT('',(-3.893876667199,5.093876616794,0.));
#14171 = CARTESIAN_POINT('',(-3.176978867103,4.176978826726,
    72.198785798775));
#14172 = CARTESIAN_POINT('',(-4.163156037507,5.093876616794,0.));
#14173 = CARTESIAN_POINT('',(-3.40137834236,4.176978826726,
    72.198785798775));
#14174 = CARTESIAN_POINT('',(-4.432434105179,5.023377952932,0.));
#14175 = CARTESIAN_POINT('',(-3.625776732087,4.118229940175,
    72.198785798775));
#14176 = CARTESIAN_POINT('',(-4.679572996187,4.882391883437,0.));
#14177 = CARTESIAN_POINT('',(-3.831725807926,4.000741548929,
    72.198785798777));
#14178 = CARTESIAN_POINT('',(-4.882391933841,4.679572945782,0.));
#14179 = CARTESIAN_POINT('',(-4.000741589305,3.831725767549,
    72.198785798774));
#14180 = CARTESIAN_POINT('',(-5.023378003337,4.432434054774,0.));
#14181 = CARTESIAN_POINT('',(-4.118229980552,3.62577669171,
    72.198785798776));
#14182 = CARTESIAN_POINT('',(-5.093876667199,4.163155987102,0.));
#14183 = CARTESIAN_POINT('',(-4.176978867103,3.401378301983,
    72.198785798775));
#14184 = CARTESIAN_POINT('',(-5.093876667199,3.893876616794,0.));
#14185 = CARTESIAN_POINT('',(-4.176978867103,3.176978826726,
    72.198785798775));
#14186 = DEFINITIONAL_REPRESENTATION('',(#14187),#14191);
#14187 = LINE('',#14188,#14189);
#14188 = CARTESIAN_POINT('',(6.28318530718,0.));
#14189 = VECTOR('',#14190,1.);
#14190 = DIRECTION('',(0.,1.));
#14191 = ( GEOMETRIC_REPRESENTATION_CONTEXT(2) 
PARAMETRIC_REPRESENTATION_CONTEXT() REPRESENTATION_CONTEXT('2D SPACE',''
  ) );
#14192 = ADVANCED_FACE('',(#14193),#14105,.T.);
#14193 = FACE_BOUND('',#14194,.T.);
#14194 = EDGE_LOOP('',(#14195,#14219,#14246,#14268));
#14195 = ORIENTED_EDGE('',*,*,#14196,.F.);
#14196 = EDGE_CURVE('',#14197,#14056,#14199,.T.);
#14197 = VERTEX_POINT('',#14198);
#14198 = CARTESIAN_POINT('',(-3.893876667199,-5.093876667199,0.));
#14199 = SURFACE_CURVE('',#14200,(#14205,#14212),.PCURVE_S1.);
#14200 = CIRCLE('',#14201,1.2);
#14201 = AXIS2_PLACEMENT_3D('',#14202,#14203,#14204);
#14202 = CARTESIAN_POINT('',(-3.893876667199,-3.893876667199,0.));
#14203 = DIRECTION('',(0.,0.,-1.));
#14204 = DIRECTION('',(-1.,0.,0.));
#14205 = PCURVE('',#14105,#14206);
#14206 = DEFINITIONAL_REPRESENTATION('',(#14207),#14211);
#14207 = LINE('',#14208,#14209);
#14208 = CARTESIAN_POINT('',(6.28318530718,0.));
#14209 = VECTOR('',#14210,1.);
#14210 = DIRECTION('',(-1.,0.));
#14211 = ( GEOMETRIC_REPRESENTATION_CONTEXT(2) 
PARAMETRIC_REPRESENTATION_CONTEXT() REPRESENTATION_CONTEXT('2D SPACE',''
  ) );
#14212 = PCURVE('',#14078,#14213);
#14213 = DEFINITIONAL_REPRESENTATION('',(#14214),#14218);
#14214 = CIRCLE('',#14215,1.2);
#14215 = AXIS2_PLACEMENT_2D('',#14216,#14217);
#14216 = CARTESIAN_POINT('',(0.,0.));
#14217 = DIRECTION('',(1.,0.));
#14218 = ( GEOMETRIC_REPRESENTATION_CONTEXT(2) 
PARAMETRIC_REPRESENTATION_CONTEXT() REPRESENTATION_CONTEXT('2D SPACE',''
  ) );
#14219 = ORIENTED_EDGE('',*,*,#14220,.T.);
#14220 = EDGE_CURVE('',#14197,#14221,#14223,.T.);
#14221 = VERTEX_POINT('',#14222);
#14222 = CARTESIAN_POINT('',(-3.176978867103,-4.176978867103,
    72.198785798775));
#14223 = SURFACE_CURVE('',#14224,(#14227,#14234),.PCURVE_S1.);
#14224 = B_SPLINE_CURVE_WITH_KNOTS('',1,(#14225,#14226),.UNSPECIFIED.,
  .F.,.F.,(2,2),(0.,1.),.PIECEWISE_BEZIER_KNOTS.);
#14225 = CARTESIAN_POINT('',(-3.893876667199,-5.093876667199,0.));
#14226 = CARTESIAN_POINT('',(-3.176978867103,-4.176978867103,
    72.198785798775));
#14227 = PCURVE('',#14105,#14228);
#14228 = DEFINITIONAL_REPRESENTATION('',(#14229),#14233);
#14229 = LINE('',#14230,#14231);
#14230 = CARTESIAN_POINT('',(1.570796326795,0.));
#14231 = VECTOR('',#14232,1.);
#14232 = DIRECTION('',(0.,1.));
#14233 = ( GEOMETRIC_REPRESENTATION_CONTEXT(2) 
PARAMETRIC_REPRESENTATION_CONTEXT() REPRESENTATION_CONTEXT('2D SPACE',''
  ) );
#14234 = PCURVE('',#14235,#14240);
#14235 = B_SPLINE_SURFACE_WITH_KNOTS('',1,1,(
    (#14236,#14237)
    ,(#14238,#14239
    )),.UNSPECIFIED.,.F.,.F.,.F.,(2,2),(2,2),(-3.893876667199,
    3.893876616794),(0.,1.),.PIECEWISE_BEZIER_KNOTS.);
#14236 = CARTESIAN_POINT('',(-3.893876667199,-5.093876667199,0.));
#14237 = CARTESIAN_POINT('',(-3.176978867103,-4.176978867103,
    72.198785798775));
#14238 = CARTESIAN_POINT('',(3.893876616794,-5.093876667199,0.));
#14239 = CARTESIAN_POINT('',(3.176978826726,-4.176978867103,
    72.198785798775));
#14240 = DEFINITIONAL_REPRESENTATION('',(#14241),#14245);
#14241 = LINE('',#14242,#14243);
#14242 = CARTESIAN_POINT('',(-3.893876667199,0.));
#14243 = VECTOR('',#14244,1.);
#14244 = DIRECTION('',(0.,1.));
#14245 = ( GEOMETRIC_REPRESENTATION_CONTEXT(2) 
PARAMETRIC_REPRESENTATION_CONTEXT() REPRESENTATION_CONTEXT('2D SPACE',''
  ) );
#14246 = ORIENTED_EDGE('',*,*,#14247,.F.);
#14247 = EDGE_CURVE('',#14091,#14221,#14248,.T.);
#14248 = SURFACE_CURVE('',#14249,(#14254,#14261),.PCURVE_S1.);
#14249 = CIRCLE('',#14250,1.);
#14250 = AXIS2_PLACEMENT_3D('',#14251,#14252,#14253);
#14251 = CARTESIAN_POINT('',(-3.176978867103,-3.176978867103,
    72.198785798775));
#14252 = DIRECTION('',(0.,0.,1.));
#14253 = DIRECTION('',(1.,0.,0.));
#14254 = PCURVE('',#14105,#14255);
#14255 = DEFINITIONAL_REPRESENTATION('',(#14256),#14260);
#14256 = LINE('',#14257,#14258);
#14257 = CARTESIAN_POINT('',(-3.14159265359,1.));
#14258 = VECTOR('',#14259,1.);
#14259 = DIRECTION('',(1.,0.));
#14260 = ( GEOMETRIC_REPRESENTATION_CONTEXT(2) 
PARAMETRIC_REPRESENTATION_CONTEXT() REPRESENTATION_CONTEXT('2D SPACE',''
  ) );
#14261 = PCURVE('',#14144,#14262);
#14262 = DEFINITIONAL_REPRESENTATION('',(#14263),#14267);
#14263 = CIRCLE('',#14264,1.);
#14264 = AXIS2_PLACEMENT_2D('',#14265,#14266);
#14265 = CARTESIAN_POINT('',(0.,0.));
#14266 = DIRECTION('',(1.,0.));
#14267 = ( GEOMETRIC_REPRESENTATION_CONTEXT(2) 
PARAMETRIC_REPRESENTATION_CONTEXT() REPRESENTATION_CONTEXT('2D SPACE',''
  ) );
#14268 = ORIENTED_EDGE('',*,*,#14090,.F.);
#14269 = ADVANCED_FACE('',(#14270),#14235,.T.);
#14270 = FACE_BOUND('',#14271,.T.);
#14271 = EDGE_LOOP('',(#14272,#14295,#14334,#14354));
#14272 = ORIENTED_EDGE('',*,*,#14273,.T.);
#14273 = EDGE_CURVE('',#14197,#14274,#14276,.T.);
#14274 = VERTEX_POINT('',#14275);
#14275 = CARTESIAN_POINT('',(3.893876616794,-5.093876667199,0.));
#14276 = SURFACE_CURVE('',#14277,(#14281,#14288),.PCURVE_S1.);
#14277 = LINE('',#14278,#14279);
#14278 = CARTESIAN_POINT('',(4.440892098501E-16,-5.093876667199,0.));
#14279 = VECTOR('',#14280,1.);
#14280 = DIRECTION('',(1.,0.,0.));
#14281 = PCURVE('',#14235,#14282);
#14282 = DEFINITIONAL_REPRESENTATION('',(#14283),#14287);
#14283 = LINE('',#14284,#14285);
#14284 = CARTESIAN_POINT('',(0.,0.));
#14285 = VECTOR('',#14286,1.);
#14286 = DIRECTION('',(1.,0.));
#14287 = ( GEOMETRIC_REPRESENTATION_CONTEXT(2) 
PARAMETRIC_REPRESENTATION_CONTEXT() REPRESENTATION_CONTEXT('2D SPACE',''
  ) );
#14288 = PCURVE('',#14078,#14289);
#14289 = DEFINITIONAL_REPRESENTATION('',(#14290),#14294);
#14290 = LINE('',#14291,#14292);
#14291 = CARTESIAN_POINT('',(-3.893876667199,-1.2));
#14292 = VECTOR('',#14293,1.);
#14293 = DIRECTION('',(-1.,0.));
#14294 = ( GEOMETRIC_REPRESENTATION_CONTEXT(2) 
PARAMETRIC_REPRESENTATION_CONTEXT() REPRESENTATION_CONTEXT('2D SPACE',''
  ) );
#14295 = ORIENTED_EDGE('',*,*,#14296,.T.);
#14296 = EDGE_CURVE('',#14274,#14297,#14299,.T.);
#14297 = VERTEX_POINT('',#14298);
#14298 = CARTESIAN_POINT('',(3.176978826726,-4.176978867103,
    72.198785798775));
#14299 = SURFACE_CURVE('',#14300,(#14303,#14310),.PCURVE_S1.);
#14300 = B_SPLINE_CURVE_WITH_KNOTS('',1,(#14301,#14302),.UNSPECIFIED.,
  .F.,.F.,(2,2),(0.,1.),.PIECEWISE_BEZIER_KNOTS.);
#14301 = CARTESIAN_POINT('',(3.893876616794,-5.093876667199,0.));
#14302 = CARTESIAN_POINT('',(3.176978826726,-4.176978867103,
    72.198785798775));
#14303 = PCURVE('',#14235,#14304);
#14304 = DEFINITIONAL_REPRESENTATION('',(#14305),#14309);
#14305 = LINE('',#14306,#14307);
#14306 = CARTESIAN_POINT('',(3.893876616794,0.));
#14307 = VECTOR('',#14308,1.);
#14308 = DIRECTION('',(0.,1.));
#14309 = ( GEOMETRIC_REPRESENTATION_CONTEXT(2) 
PARAMETRIC_REPRESENTATION_CONTEXT() REPRESENTATION_CONTEXT('2D SPACE',''
  ) );
#14310 = PCURVE('',#14311,#14328);
#14311 = B_SPLINE_SURFACE_WITH_KNOTS('',7,1,(
    (#14312,#14313)
    ,(#14314,#14315)
    ,(#14316,#14317)
    ,(#14318,#14319)
    ,(#14320,#14321)
    ,(#14322,#14323)
    ,(#14324,#14325)
    ,(#14326,#14327
    )),.UNSPECIFIED.,.F.,.F.,.F.,(8,8),(2,2),(1.570796326795,
    3.14159265359),(0.,1.),.PIECEWISE_BEZIER_KNOTS.);
#14312 = CARTESIAN_POINT('',(3.893876616794,-5.093876667199,0.));
#14313 = CARTESIAN_POINT('',(3.176978826726,-4.176978867103,
    72.198785798775));
#14314 = CARTESIAN_POINT('',(4.163155987102,-5.093876667199,0.));
#14315 = CARTESIAN_POINT('',(3.401378301983,-4.176978867103,
    72.198785798776));
#14316 = CARTESIAN_POINT('',(4.432434054774,-5.023378003337,0.));
#14317 = CARTESIAN_POINT('',(3.62577669171,-4.118229980551,
    72.198785798773));
#14318 = CARTESIAN_POINT('',(4.679572945782,-4.882391933842,0.));
#14319 = CARTESIAN_POINT('',(3.831725767549,-4.000741589305,
    72.198785798778));
#14320 = CARTESIAN_POINT('',(4.882391883437,-4.679572996186,0.));
#14321 = CARTESIAN_POINT('',(4.000741548929,-3.831725807926,
    72.198785798773));
#14322 = CARTESIAN_POINT('',(5.023377952932,-4.432434105179,0.));
#14323 = CARTESIAN_POINT('',(4.118229940175,-3.625776732087,
    72.198785798776));
#14324 = CARTESIAN_POINT('',(5.093876616794,-4.163156037507,0.));
#14325 = CARTESIAN_POINT('',(4.176978826726,-3.401378342359,
    72.198785798775));
#14326 = CARTESIAN_POINT('',(5.093876616794,-3.893876667199,0.));
#14327 = CARTESIAN_POINT('',(4.176978826726,-3.176978867103,
    72.198785798775));
#14328 = DEFINITIONAL_REPRESENTATION('',(#14329),#14333);
#14329 = LINE('',#14330,#14331);
#14330 = CARTESIAN_POINT('',(1.570796326795,0.));
#14331 = VECTOR('',#14332,1.);
#14332 = DIRECTION('',(0.,1.));
#14333 = ( GEOMETRIC_REPRESENTATION_CONTEXT(2) 
PARAMETRIC_REPRESENTATION_CONTEXT() REPRESENTATION_CONTEXT('2D SPACE',''
  ) );
#14334 = ORIENTED_EDGE('',*,*,#14335,.F.);
#14335 = EDGE_CURVE('',#14221,#14297,#14336,.T.);
#14336 = SURFACE_CURVE('',#14337,(#14341,#14347),.PCURVE_S1.);
#14337 = LINE('',#14338,#14339);
#14338 = CARTESIAN_POINT('',(0.,-4.176978867103,72.198785798775));
#14339 = VECTOR('',#14340,1.);
#14340 = DIRECTION('',(1.,0.,0.));
#14341 = PCURVE('',#14235,#14342);
#14342 = DEFINITIONAL_REPRESENTATION('',(#14343),#14346);
#14343 = B_SPLINE_CURVE_WITH_KNOTS('',1,(#14344,#14345),.UNSPECIFIED.,
  .F.,.F.,(2,2),(-3.176978867103,3.176978826726),
  .PIECEWISE_BEZIER_KNOTS.);
#14344 = CARTESIAN_POINT('',(-3.893876667199,1.));
#14345 = CARTESIAN_POINT('',(3.893876616794,1.));
#14346 = ( GEOMETRIC_REPRESENTATION_CONTEXT(2) 
PARAMETRIC_REPRESENTATION_CONTEXT() REPRESENTATION_CONTEXT('2D SPACE',''
  ) );
#14347 = PCURVE('',#14144,#14348);
#14348 = DEFINITIONAL_REPRESENTATION('',(#14349),#14353);
#14349 = LINE('',#14350,#14351);
#14350 = CARTESIAN_POINT('',(3.176978867103,-1.));
#14351 = VECTOR('',#14352,1.);
#14352 = DIRECTION('',(1.,0.));
#14353 = ( GEOMETRIC_REPRESENTATION_CONTEXT(2) 
PARAMETRIC_REPRESENTATION_CONTEXT() REPRESENTATION_CONTEXT('2D SPACE',''
  ) );
#14354 = ORIENTED_EDGE('',*,*,#14220,.F.);
#14355 = ADVANCED_FACE('',(#14356),#14311,.T.);
#14356 = FACE_BOUND('',#14357,.T.);
#14357 = EDGE_LOOP('',(#14358,#14382,#14409,#14431));
#14358 = ORIENTED_EDGE('',*,*,#14359,.F.);
#14359 = EDGE_CURVE('',#14360,#14274,#14362,.T.);
#14360 = VERTEX_POINT('',#14361);
#14361 = CARTESIAN_POINT('',(5.093876641997,-3.893876667199,0.));
#14362 = SURFACE_CURVE('',#14363,(#14368,#14375),.PCURVE_S1.);
#14363 = CIRCLE('',#14364,1.2);
#14364 = AXIS2_PLACEMENT_3D('',#14365,#14366,#14367);
#14365 = CARTESIAN_POINT('',(3.893876616794,-3.893876667199,0.));
#14366 = DIRECTION('',(0.,0.,-1.));
#14367 = DIRECTION('',(-1.,0.,0.));
#14368 = PCURVE('',#14311,#14369);
#14369 = DEFINITIONAL_REPRESENTATION('',(#14370),#14374);
#14370 = LINE('',#14371,#14372);
#14371 = CARTESIAN_POINT('',(6.28318530718,0.));
#14372 = VECTOR('',#14373,1.);
#14373 = DIRECTION('',(-1.,0.));
#14374 = ( GEOMETRIC_REPRESENTATION_CONTEXT(2) 
PARAMETRIC_REPRESENTATION_CONTEXT() REPRESENTATION_CONTEXT('2D SPACE',''
  ) );
#14375 = PCURVE('',#14078,#14376);
#14376 = DEFINITIONAL_REPRESENTATION('',(#14377),#14381);
#14377 = CIRCLE('',#14378,1.2);
#14378 = AXIS2_PLACEMENT_2D('',#14379,#14380);
#14379 = CARTESIAN_POINT('',(-7.787753283993,4.973799150321E-14));
#14380 = DIRECTION('',(1.,0.));
#14381 = ( GEOMETRIC_REPRESENTATION_CONTEXT(2) 
PARAMETRIC_REPRESENTATION_CONTEXT() REPRESENTATION_CONTEXT('2D SPACE',''
  ) );
#14382 = ORIENTED_EDGE('',*,*,#14383,.T.);
#14383 = EDGE_CURVE('',#14360,#14384,#14386,.T.);
#14384 = VERTEX_POINT('',#14385);
#14385 = CARTESIAN_POINT('',(4.176978846915,-3.176978867103,
    72.198785798775));
#14386 = SURFACE_CURVE('',#14387,(#14390,#14397),.PCURVE_S1.);
#14387 = B_SPLINE_CURVE_WITH_KNOTS('',1,(#14388,#14389),.UNSPECIFIED.,
  .F.,.F.,(2,2),(0.,1.),.PIECEWISE_BEZIER_KNOTS.);
#14388 = CARTESIAN_POINT('',(5.093876616794,-3.893876667199,0.));
#14389 = CARTESIAN_POINT('',(4.176978826726,-3.176978867103,
    72.198785798775));
#14390 = PCURVE('',#14311,#14391);
#14391 = DEFINITIONAL_REPRESENTATION('',(#14392),#14396);
#14392 = LINE('',#14393,#14394);
#14393 = CARTESIAN_POINT('',(3.14159265359,0.));
#14394 = VECTOR('',#14395,1.);
#14395 = DIRECTION('',(0.,1.));
#14396 = ( GEOMETRIC_REPRESENTATION_CONTEXT(2) 
PARAMETRIC_REPRESENTATION_CONTEXT() REPRESENTATION_CONTEXT('2D SPACE',''
  ) );
#14397 = PCURVE('',#14398,#14403);
#14398 = B_SPLINE_SURFACE_WITH_KNOTS('',1,1,(
    (#14399,#14400)
    ,(#14401,#14402
    )),.UNSPECIFIED.,.F.,.F.,.F.,(2,2),(2,2),(-3.893876667199,
    3.893876616794),(0.,1.),.PIECEWISE_BEZIER_KNOTS.);
#14399 = CARTESIAN_POINT('',(5.093876667199,-3.893876667199,0.));
#14400 = CARTESIAN_POINT('',(4.176978867103,-3.176978867103,
    72.198785798775));
#14401 = CARTESIAN_POINT('',(5.093876667199,3.893876616794,0.));
#14402 = CARTESIAN_POINT('',(4.176978867103,3.176978826726,
    72.198785798775));
#14403 = DEFINITIONAL_REPRESENTATION('',(#14404),#14408);
#14404 = LINE('',#14405,#14406);
#14405 = CARTESIAN_POINT('',(-3.893876667199,0.));
#14406 = VECTOR('',#14407,1.);
#14407 = DIRECTION('',(0.,1.));
#14408 = ( GEOMETRIC_REPRESENTATION_CONTEXT(2) 
PARAMETRIC_REPRESENTATION_CONTEXT() REPRESENTATION_CONTEXT('2D SPACE',''
  ) );
#14409 = ORIENTED_EDGE('',*,*,#14410,.F.);
#14410 = EDGE_CURVE('',#14297,#14384,#14411,.T.);
#14411 = SURFACE_CURVE('',#14412,(#14417,#14424),.PCURVE_S1.);
#14412 = CIRCLE('',#14413,1.);
#14413 = AXIS2_PLACEMENT_3D('',#14414,#14415,#14416);
#14414 = CARTESIAN_POINT('',(3.176978826726,-3.176978867103,
    72.198785798775));
#14415 = DIRECTION('',(0.,0.,1.));
#14416 = DIRECTION('',(1.,0.,0.));
#14417 = PCURVE('',#14311,#14418);
#14418 = DEFINITIONAL_REPRESENTATION('',(#14419),#14423);
#14419 = LINE('',#14420,#14421);
#14420 = CARTESIAN_POINT('',(-3.14159265359,1.));
#14421 = VECTOR('',#14422,1.);
#14422 = DIRECTION('',(1.,0.));
#14423 = ( GEOMETRIC_REPRESENTATION_CONTEXT(2) 
PARAMETRIC_REPRESENTATION_CONTEXT() REPRESENTATION_CONTEXT('2D SPACE',''
  ) );
#14424 = PCURVE('',#14144,#14425);
#14425 = DEFINITIONAL_REPRESENTATION('',(#14426),#14430);
#14426 = CIRCLE('',#14427,1.);
#14427 = AXIS2_PLACEMENT_2D('',#14428,#14429);
#14428 = CARTESIAN_POINT('',(6.35395769383,3.685940441756E-14));
#14429 = DIRECTION('',(1.,0.));
#14430 = ( GEOMETRIC_REPRESENTATION_CONTEXT(2) 
PARAMETRIC_REPRESENTATION_CONTEXT() REPRESENTATION_CONTEXT('2D SPACE',''
  ) );
#14431 = ORIENTED_EDGE('',*,*,#14296,.F.);
#14432 = ADVANCED_FACE('',(#14433),#14398,.T.);
#14433 = FACE_BOUND('',#14434,.T.);
#14434 = EDGE_LOOP('',(#14435,#14458,#14497,#14517));
#14435 = ORIENTED_EDGE('',*,*,#14436,.T.);
#14436 = EDGE_CURVE('',#14360,#14437,#14439,.T.);
#14437 = VERTEX_POINT('',#14438);
#14438 = CARTESIAN_POINT('',(5.093876667199,3.893876616794,0.));
#14439 = SURFACE_CURVE('',#14440,(#14444,#14451),.PCURVE_S1.);
#14440 = LINE('',#14441,#14442);
#14441 = CARTESIAN_POINT('',(5.093876667199,2.48689957516E-14,0.));
#14442 = VECTOR('',#14443,1.);
#14443 = DIRECTION('',(0.,1.,0.));
#14444 = PCURVE('',#14398,#14445);
#14445 = DEFINITIONAL_REPRESENTATION('',(#14446),#14450);
#14446 = LINE('',#14447,#14448);
#14447 = CARTESIAN_POINT('',(0.,0.));
#14448 = VECTOR('',#14449,1.);
#14449 = DIRECTION('',(1.,0.));
#14450 = ( GEOMETRIC_REPRESENTATION_CONTEXT(2) 
PARAMETRIC_REPRESENTATION_CONTEXT() REPRESENTATION_CONTEXT('2D SPACE',''
  ) );
#14451 = PCURVE('',#14078,#14452);
#14452 = DEFINITIONAL_REPRESENTATION('',(#14453),#14457);
#14453 = LINE('',#14454,#14455);
#14454 = CARTESIAN_POINT('',(-8.987753334398,3.893876667199));
#14455 = VECTOR('',#14456,1.);
#14456 = DIRECTION('',(0.,1.));
#14457 = ( GEOMETRIC_REPRESENTATION_CONTEXT(2) 
PARAMETRIC_REPRESENTATION_CONTEXT() REPRESENTATION_CONTEXT('2D SPACE',''
  ) );
#14458 = ORIENTED_EDGE('',*,*,#14459,.T.);
#14459 = EDGE_CURVE('',#14437,#14460,#14462,.T.);
#14460 = VERTEX_POINT('',#14461);
#14461 = CARTESIAN_POINT('',(4.176978867103,3.176978826726,
    72.198785798775));
#14462 = SURFACE_CURVE('',#14463,(#14466,#14473),.PCURVE_S1.);
#14463 = B_SPLINE_CURVE_WITH_KNOTS('',1,(#14464,#14465),.UNSPECIFIED.,
  .F.,.F.,(2,2),(0.,1.),.PIECEWISE_BEZIER_KNOTS.);
#14464 = CARTESIAN_POINT('',(5.093876667199,3.893876616794,0.));
#14465 = CARTESIAN_POINT('',(4.176978867103,3.176978826726,
    72.198785798775));
#14466 = PCURVE('',#14398,#14467);
#14467 = DEFINITIONAL_REPRESENTATION('',(#14468),#14472);
#14468 = LINE('',#14469,#14470);
#14469 = CARTESIAN_POINT('',(3.893876616794,0.));
#14470 = VECTOR('',#14471,1.);
#14471 = DIRECTION('',(0.,1.));
#14472 = ( GEOMETRIC_REPRESENTATION_CONTEXT(2) 
PARAMETRIC_REPRESENTATION_CONTEXT() REPRESENTATION_CONTEXT('2D SPACE',''
  ) );
#14473 = PCURVE('',#14474,#14491);
#14474 = B_SPLINE_SURFACE_WITH_KNOTS('',7,1,(
    (#14475,#14476)
    ,(#14477,#14478)
    ,(#14479,#14480)
    ,(#14481,#14482)
    ,(#14483,#14484)
    ,(#14485,#14486)
    ,(#14487,#14488)
    ,(#14489,#14490
    )),.UNSPECIFIED.,.F.,.F.,.F.,(8,8),(2,2),(3.14159265359,
    4.712388980385),(0.,1.),.PIECEWISE_BEZIER_KNOTS.);
#14475 = CARTESIAN_POINT('',(5.093876667199,3.893876616794,0.));
#14476 = CARTESIAN_POINT('',(4.176978867103,3.176978826726,
    72.198785798775));
#14477 = CARTESIAN_POINT('',(5.093876667199,4.163155987102,0.));
#14478 = CARTESIAN_POINT('',(4.176978867103,3.401378301983,
    72.198785798775));
#14479 = CARTESIAN_POINT('',(5.023378003337,4.432434054775,0.));
#14480 = CARTESIAN_POINT('',(4.118229980551,3.62577669171,
    72.198785798775));
#14481 = CARTESIAN_POINT('',(4.882391933841,4.679572945782,0.));
#14482 = CARTESIAN_POINT('',(4.000741589305,3.831725767549,
    72.198785798776));
#14483 = CARTESIAN_POINT('',(4.679572996187,4.882391883437,0.));
#14484 = CARTESIAN_POINT('',(3.831725807926,4.000741548929,
    72.198785798774));
#14485 = CARTESIAN_POINT('',(4.432434105179,5.023377952932,0.));
#14486 = CARTESIAN_POINT('',(3.625776732087,4.118229940175,
    72.198785798776));
#14487 = CARTESIAN_POINT('',(4.163156037507,5.093876616794,0.));
#14488 = CARTESIAN_POINT('',(3.401378342359,4.176978826726,
    72.198785798775));
#14489 = CARTESIAN_POINT('',(3.893876667199,5.093876616794,0.));
#14490 = CARTESIAN_POINT('',(3.176978867103,4.176978826726,
    72.198785798775));
#14491 = DEFINITIONAL_REPRESENTATION('',(#14492),#14496);
#14492 = LINE('',#14493,#14494);
#14493 = CARTESIAN_POINT('',(3.14159265359,0.));
#14494 = VECTOR('',#14495,1.);
#14495 = DIRECTION('',(0.,1.));
#14496 = ( GEOMETRIC_REPRESENTATION_CONTEXT(2) 
PARAMETRIC_REPRESENTATION_CONTEXT() REPRESENTATION_CONTEXT('2D SPACE',''
  ) );
#14497 = ORIENTED_EDGE('',*,*,#14498,.F.);
#14498 = EDGE_CURVE('',#14384,#14460,#14499,.T.);
#14499 = SURFACE_CURVE('',#14500,(#14504,#14510),.PCURVE_S1.);
#14500 = LINE('',#14501,#14502);
#14501 = CARTESIAN_POINT('',(4.176978867103,1.86517468137E-14,
    72.198785798775));
#14502 = VECTOR('',#14503,1.);
#14503 = DIRECTION('',(0.,1.,0.));
#14504 = PCURVE('',#14398,#14505);
#14505 = DEFINITIONAL_REPRESENTATION('',(#14506),#14509);
#14506 = B_SPLINE_CURVE_WITH_KNOTS('',1,(#14507,#14508),.UNSPECIFIED.,
  .F.,.F.,(2,2),(-3.176978867103,3.176978826726),
  .PIECEWISE_BEZIER_KNOTS.);
#14507 = CARTESIAN_POINT('',(-3.893876667199,1.));
#14508 = CARTESIAN_POINT('',(3.893876616794,1.));
#14509 = ( GEOMETRIC_REPRESENTATION_CONTEXT(2) 
PARAMETRIC_REPRESENTATION_CONTEXT() REPRESENTATION_CONTEXT('2D SPACE',''
  ) );
#14510 = PCURVE('',#14144,#14511);
#14511 = DEFINITIONAL_REPRESENTATION('',(#14512),#14516);
#14512 = LINE('',#14513,#14514);
#14513 = CARTESIAN_POINT('',(7.353957734206,3.176978867103));
#14514 = VECTOR('',#14515,1.);
#14515 = DIRECTION('',(0.,1.));
#14516 = ( GEOMETRIC_REPRESENTATION_CONTEXT(2) 
PARAMETRIC_REPRESENTATION_CONTEXT() REPRESENTATION_CONTEXT('2D SPACE',''
  ) );
#14517 = ORIENTED_EDGE('',*,*,#14383,.F.);
#14518 = ADVANCED_FACE('',(#14519),#14474,.T.);
#14519 = FACE_BOUND('',#14520,.T.);
#14520 = EDGE_LOOP('',(#14521,#14545,#14572,#14594));
#14521 = ORIENTED_EDGE('',*,*,#14522,.F.);
#14522 = EDGE_CURVE('',#14523,#14437,#14525,.T.);
#14523 = VERTEX_POINT('',#14524);
#14524 = CARTESIAN_POINT('',(3.893876667199,5.093876641997,0.));
#14525 = SURFACE_CURVE('',#14526,(#14531,#14538),.PCURVE_S1.);
#14526 = CIRCLE('',#14527,1.2);
#14527 = AXIS2_PLACEMENT_3D('',#14528,#14529,#14530);
#14528 = CARTESIAN_POINT('',(3.893876667199,3.893876616794,0.));
#14529 = DIRECTION('',(0.,0.,-1.));
#14530 = DIRECTION('',(-1.,0.,0.));
#14531 = PCURVE('',#14474,#14532);
#14532 = DEFINITIONAL_REPRESENTATION('',(#14533),#14537);
#14533 = LINE('',#14534,#14535);
#14534 = CARTESIAN_POINT('',(6.28318530718,0.));
#14535 = VECTOR('',#14536,1.);
#14536 = DIRECTION('',(-1.,0.));
#14537 = ( GEOMETRIC_REPRESENTATION_CONTEXT(2) 
PARAMETRIC_REPRESENTATION_CONTEXT() REPRESENTATION_CONTEXT('2D SPACE',''
  ) );
#14538 = PCURVE('',#14078,#14539);
#14539 = DEFINITIONAL_REPRESENTATION('',(#14540),#14544);
#14540 = CIRCLE('',#14541,1.2);
#14541 = AXIS2_PLACEMENT_2D('',#14542,#14543);
#14542 = CARTESIAN_POINT('',(-7.787753334398,7.787753283993));
#14543 = DIRECTION('',(1.,0.));
#14544 = ( GEOMETRIC_REPRESENTATION_CONTEXT(2) 
PARAMETRIC_REPRESENTATION_CONTEXT() REPRESENTATION_CONTEXT('2D SPACE',''
  ) );
#14545 = ORIENTED_EDGE('',*,*,#14546,.T.);
#14546 = EDGE_CURVE('',#14523,#14547,#14549,.T.);
#14547 = VERTEX_POINT('',#14548);
#14548 = CARTESIAN_POINT('',(3.176978867103,4.176978846915,
    72.198785798775));
#14549 = SURFACE_CURVE('',#14550,(#14553,#14560),.PCURVE_S1.);
#14550 = B_SPLINE_CURVE_WITH_KNOTS('',1,(#14551,#14552),.UNSPECIFIED.,
  .F.,.F.,(2,2),(0.,1.),.PIECEWISE_BEZIER_KNOTS.);
#14551 = CARTESIAN_POINT('',(3.893876667199,5.093876616794,0.));
#14552 = CARTESIAN_POINT('',(3.176978867103,4.176978826726,
    72.198785798775));
#14553 = PCURVE('',#14474,#14554);
#14554 = DEFINITIONAL_REPRESENTATION('',(#14555),#14559);
#14555 = LINE('',#14556,#14557);
#14556 = CARTESIAN_POINT('',(4.712388980385,0.));
#14557 = VECTOR('',#14558,1.);
#14558 = DIRECTION('',(0.,1.));
#14559 = ( GEOMETRIC_REPRESENTATION_CONTEXT(2) 
PARAMETRIC_REPRESENTATION_CONTEXT() REPRESENTATION_CONTEXT('2D SPACE',''
  ) );
#14560 = PCURVE('',#14561,#14566);
#14561 = B_SPLINE_SURFACE_WITH_KNOTS('',1,1,(
    (#14562,#14563)
    ,(#14564,#14565
    )),.UNSPECIFIED.,.F.,.F.,.F.,(2,2),(2,2),(-3.893876667199,
    3.893876667199),(0.,1.),.PIECEWISE_BEZIER_KNOTS.);
#14562 = CARTESIAN_POINT('',(3.893876667199,5.093876667199,0.));
#14563 = CARTESIAN_POINT('',(3.176978867103,4.176978867103,
    72.198785798775));
#14564 = CARTESIAN_POINT('',(-3.893876667199,5.093876667199,0.));
#14565 = CARTESIAN_POINT('',(-3.176978867103,4.176978867103,
    72.198785798775));
#14566 = DEFINITIONAL_REPRESENTATION('',(#14567),#14571);
#14567 = LINE('',#14568,#14569);
#14568 = CARTESIAN_POINT('',(-3.893876667199,0.));
#14569 = VECTOR('',#14570,1.);
#14570 = DIRECTION('',(0.,1.));
#14571 = ( GEOMETRIC_REPRESENTATION_CONTEXT(2) 
PARAMETRIC_REPRESENTATION_CONTEXT() REPRESENTATION_CONTEXT('2D SPACE',''
  ) );
#14572 = ORIENTED_EDGE('',*,*,#14573,.F.);
#14573 = EDGE_CURVE('',#14460,#14547,#14574,.T.);
#14574 = SURFACE_CURVE('',#14575,(#14580,#14587),.PCURVE_S1.);
#14575 = CIRCLE('',#14576,1.);
#14576 = AXIS2_PLACEMENT_3D('',#14577,#14578,#14579);
#14577 = CARTESIAN_POINT('',(3.176978867103,3.176978826726,
    72.198785798775));
#14578 = DIRECTION('',(0.,0.,1.));
#14579 = DIRECTION('',(1.,0.,0.));
#14580 = PCURVE('',#14474,#14581);
#14581 = DEFINITIONAL_REPRESENTATION('',(#14582),#14586);
#14582 = LINE('',#14583,#14584);
#14583 = CARTESIAN_POINT('',(3.14159265359,1.));
#14584 = VECTOR('',#14585,1.);
#14585 = DIRECTION('',(1.,0.));
#14586 = ( GEOMETRIC_REPRESENTATION_CONTEXT(2) 
PARAMETRIC_REPRESENTATION_CONTEXT() REPRESENTATION_CONTEXT('2D SPACE',''
  ) );
#14587 = PCURVE('',#14144,#14588);
#14588 = DEFINITIONAL_REPRESENTATION('',(#14589),#14593);
#14589 = CIRCLE('',#14590,1.);
#14590 = AXIS2_PLACEMENT_2D('',#14591,#14592);
#14591 = CARTESIAN_POINT('',(6.353957734206,6.35395769383));
#14592 = DIRECTION('',(1.,0.));
#14593 = ( GEOMETRIC_REPRESENTATION_CONTEXT(2) 
PARAMETRIC_REPRESENTATION_CONTEXT() REPRESENTATION_CONTEXT('2D SPACE',''
  ) );
#14594 = ORIENTED_EDGE('',*,*,#14459,.F.);
#14595 = ADVANCED_FACE('',(#14596),#14561,.T.);
#14596 = FACE_BOUND('',#14597,.T.);
#14597 = EDGE_LOOP('',(#14598,#14621,#14643,#14663));
#14598 = ORIENTED_EDGE('',*,*,#14599,.F.);
#14599 = EDGE_CURVE('',#14600,#14523,#14602,.T.);
#14600 = VERTEX_POINT('',#14601);
#14601 = CARTESIAN_POINT('',(-3.893876667199,5.093876641997,0.));
#14602 = SURFACE_CURVE('',#14603,(#14607,#14614),.PCURVE_S1.);
#14603 = LINE('',#14604,#14605);
#14604 = CARTESIAN_POINT('',(4.440892098501E-16,5.093876667199,0.));
#14605 = VECTOR('',#14606,1.);
#14606 = DIRECTION('',(1.,0.,0.));
#14607 = PCURVE('',#14561,#14608);
#14608 = DEFINITIONAL_REPRESENTATION('',(#14609),#14613);
#14609 = LINE('',#14610,#14611);
#14610 = CARTESIAN_POINT('',(0.,0.));
#14611 = VECTOR('',#14612,1.);
#14612 = DIRECTION('',(-1.,0.));
#14613 = ( GEOMETRIC_REPRESENTATION_CONTEXT(2) 
PARAMETRIC_REPRESENTATION_CONTEXT() REPRESENTATION_CONTEXT('2D SPACE',''
  ) );
#14614 = PCURVE('',#14078,#14615);
#14615 = DEFINITIONAL_REPRESENTATION('',(#14616),#14620);
#14616 = LINE('',#14617,#14618);
#14617 = CARTESIAN_POINT('',(-3.893876667199,8.987753334398));
#14618 = VECTOR('',#14619,1.);
#14619 = DIRECTION('',(-1.,0.));
#14620 = ( GEOMETRIC_REPRESENTATION_CONTEXT(2) 
PARAMETRIC_REPRESENTATION_CONTEXT() REPRESENTATION_CONTEXT('2D SPACE',''
  ) );
#14621 = ORIENTED_EDGE('',*,*,#14622,.T.);
#14622 = EDGE_CURVE('',#14600,#14623,#14625,.T.);
#14623 = VERTEX_POINT('',#14624);
#14624 = CARTESIAN_POINT('',(-3.176978867103,4.176978846915,
    72.198785798775));
#14625 = SURFACE_CURVE('',#14626,(#14629,#14636),.PCURVE_S1.);
#14626 = B_SPLINE_CURVE_WITH_KNOTS('',1,(#14627,#14628),.UNSPECIFIED.,
  .F.,.F.,(2,2),(0.,1.),.PIECEWISE_BEZIER_KNOTS.);
#14627 = CARTESIAN_POINT('',(-3.893876667199,5.093876667199,0.));
#14628 = CARTESIAN_POINT('',(-3.176978867103,4.176978867103,
    72.198785798775));
#14629 = PCURVE('',#14561,#14630);
#14630 = DEFINITIONAL_REPRESENTATION('',(#14631),#14635);
#14631 = LINE('',#14632,#14633);
#14632 = CARTESIAN_POINT('',(3.893876667199,0.));
#14633 = VECTOR('',#14634,1.);
#14634 = DIRECTION('',(0.,1.));
#14635 = ( GEOMETRIC_REPRESENTATION_CONTEXT(2) 
PARAMETRIC_REPRESENTATION_CONTEXT() REPRESENTATION_CONTEXT('2D SPACE',''
  ) );
#14636 = PCURVE('',#14169,#14637);
#14637 = DEFINITIONAL_REPRESENTATION('',(#14638),#14642);
#14638 = LINE('',#14639,#14640);
#14639 = CARTESIAN_POINT('',(4.712388980385,0.));
#14640 = VECTOR('',#14641,1.);
#14641 = DIRECTION('',(0.,1.));
#14642 = ( GEOMETRIC_REPRESENTATION_CONTEXT(2) 
PARAMETRIC_REPRESENTATION_CONTEXT() REPRESENTATION_CONTEXT('2D SPACE',''
  ) );
#14643 = ORIENTED_EDGE('',*,*,#14644,.T.);
#14644 = EDGE_CURVE('',#14623,#14547,#14645,.T.);
#14645 = SURFACE_CURVE('',#14646,(#14650,#14656),.PCURVE_S1.);
#14646 = LINE('',#14647,#14648);
#14647 = CARTESIAN_POINT('',(0.,4.176978867103,72.198785798775));
#14648 = VECTOR('',#14649,1.);
#14649 = DIRECTION('',(1.,0.,0.));
#14650 = PCURVE('',#14561,#14651);
#14651 = DEFINITIONAL_REPRESENTATION('',(#14652),#14655);
#14652 = B_SPLINE_CURVE_WITH_KNOTS('',1,(#14653,#14654),.UNSPECIFIED.,
  .F.,.F.,(2,2),(-3.176978867103,3.176978867103),
  .PIECEWISE_BEZIER_KNOTS.);
#14653 = CARTESIAN_POINT('',(3.893876667199,1.));
#14654 = CARTESIAN_POINT('',(-3.893876667199,1.));
#14655 = ( GEOMETRIC_REPRESENTATION_CONTEXT(2) 
PARAMETRIC_REPRESENTATION_CONTEXT() REPRESENTATION_CONTEXT('2D SPACE',''
  ) );
#14656 = PCURVE('',#14144,#14657);
#14657 = DEFINITIONAL_REPRESENTATION('',(#14658),#14662);
#14658 = LINE('',#14659,#14660);
#14659 = CARTESIAN_POINT('',(3.176978867103,7.353957734206));
#14660 = VECTOR('',#14661,1.);
#14661 = DIRECTION('',(1.,0.));
#14662 = ( GEOMETRIC_REPRESENTATION_CONTEXT(2) 
PARAMETRIC_REPRESENTATION_CONTEXT() REPRESENTATION_CONTEXT('2D SPACE',''
  ) );
#14663 = ORIENTED_EDGE('',*,*,#14546,.F.);
#14664 = ADVANCED_FACE('',(#14665),#14169,.T.);
#14665 = FACE_BOUND('',#14666,.T.);
#14666 = EDGE_LOOP('',(#14667,#14689,#14690,#14712));
#14667 = ORIENTED_EDGE('',*,*,#14668,.F.);
#14668 = EDGE_CURVE('',#14058,#14600,#14669,.T.);
#14669 = SURFACE_CURVE('',#14670,(#14675,#14682),.PCURVE_S1.);
#14670 = CIRCLE('',#14671,1.2);
#14671 = AXIS2_PLACEMENT_3D('',#14672,#14673,#14674);
#14672 = CARTESIAN_POINT('',(-3.893876667199,3.893876616794,0.));
#14673 = DIRECTION('',(0.,0.,-1.));
#14674 = DIRECTION('',(-1.,0.,0.));
#14675 = PCURVE('',#14169,#14676);
#14676 = DEFINITIONAL_REPRESENTATION('',(#14677),#14681);
#14677 = LINE('',#14678,#14679);
#14678 = CARTESIAN_POINT('',(6.28318530718,0.));
#14679 = VECTOR('',#14680,1.);
#14680 = DIRECTION('',(-1.,0.));
#14681 = ( GEOMETRIC_REPRESENTATION_CONTEXT(2) 
PARAMETRIC_REPRESENTATION_CONTEXT() REPRESENTATION_CONTEXT('2D SPACE',''
  ) );
#14682 = PCURVE('',#14078,#14683);
#14683 = DEFINITIONAL_REPRESENTATION('',(#14684),#14688);
#14684 = CIRCLE('',#14685,1.2);
#14685 = AXIS2_PLACEMENT_2D('',#14686,#14687);
#14686 = CARTESIAN_POINT('',(0.,7.787753283993));
#14687 = DIRECTION('',(1.,0.));
#14688 = ( GEOMETRIC_REPRESENTATION_CONTEXT(2) 
PARAMETRIC_REPRESENTATION_CONTEXT() REPRESENTATION_CONTEXT('2D SPACE',''
  ) );
#14689 = ORIENTED_EDGE('',*,*,#14156,.T.);
#14690 = ORIENTED_EDGE('',*,*,#14691,.F.);
#14691 = EDGE_CURVE('',#14623,#14130,#14692,.T.);
#14692 = SURFACE_CURVE('',#14693,(#14698,#14705),.PCURVE_S1.);
#14693 = CIRCLE('',#14694,1.);
#14694 = AXIS2_PLACEMENT_3D('',#14695,#14696,#14697);
#14695 = CARTESIAN_POINT('',(-3.176978867103,3.176978826726,
    72.198785798775));
#14696 = DIRECTION('',(0.,0.,1.));
#14697 = DIRECTION('',(1.,0.,0.));
#14698 = PCURVE('',#14169,#14699);
#14699 = DEFINITIONAL_REPRESENTATION('',(#14700),#14704);
#14700 = LINE('',#14701,#14702);
#14701 = CARTESIAN_POINT('',(3.14159265359,1.));
#14702 = VECTOR('',#14703,1.);
#14703 = DIRECTION('',(1.,0.));
#14704 = ( GEOMETRIC_REPRESENTATION_CONTEXT(2) 
PARAMETRIC_REPRESENTATION_CONTEXT() REPRESENTATION_CONTEXT('2D SPACE',''
  ) );
#14705 = PCURVE('',#14144,#14706);
#14706 = DEFINITIONAL_REPRESENTATION('',(#14707),#14711);
#14707 = CIRCLE('',#14708,1.);
#14708 = AXIS2_PLACEMENT_2D('',#14709,#14710);
#14709 = CARTESIAN_POINT('',(0.,6.35395769383));
#14710 = DIRECTION('',(1.,0.));
#14711 = ( GEOMETRIC_REPRESENTATION_CONTEXT(2) 
PARAMETRIC_REPRESENTATION_CONTEXT() REPRESENTATION_CONTEXT('2D SPACE',''
  ) );
#14712 = ORIENTED_EDGE('',*,*,#14622,.F.);
#14713 = ADVANCED_FACE('',(#14714),#14078,.T.);
#14714 = FACE_BOUND('',#14715,.F.);
#14715 = EDGE_LOOP('',(#14716,#14717,#14718,#14719,#14720,#14721,#14722,
    #14723));
#14716 = ORIENTED_EDGE('',*,*,#14055,.F.);
#14717 = ORIENTED_EDGE('',*,*,#14196,.F.);
#14718 = ORIENTED_EDGE('',*,*,#14273,.T.);
#14719 = ORIENTED_EDGE('',*,*,#14359,.F.);
#14720 = ORIENTED_EDGE('',*,*,#14436,.T.);
#14721 = ORIENTED_EDGE('',*,*,#14522,.F.);
#14722 = ORIENTED_EDGE('',*,*,#14599,.F.);
#14723 = ORIENTED_EDGE('',*,*,#14668,.F.);
#14724 = ADVANCED_FACE('',(#14725),#14144,.T.);
#14725 = FACE_BOUND('',#14726,.T.);
#14726 = EDGE_LOOP('',(#14727,#14728,#14729,#14730,#14731,#14732,#14733,
    #14734));
#14727 = ORIENTED_EDGE('',*,*,#14129,.F.);
#14728 = ORIENTED_EDGE('',*,*,#14247,.T.);
#14729 = ORIENTED_EDGE('',*,*,#14335,.T.);
#14730 = ORIENTED_EDGE('',*,*,#14410,.T.);
#14731 = ORIENTED_EDGE('',*,*,#14498,.T.);
#14732 = ORIENTED_EDGE('',*,*,#14573,.T.);
#14733 = ORIENTED_EDGE('',*,*,#14644,.F.);
#14734 = ORIENTED_EDGE('',*,*,#14691,.T.);
#14735 = ( GEOMETRIC_REPRESENTATION_CONTEXT(3) 
GLOBAL_UNCERTAINTY_ASSIGNED_CONTEXT((#14739)) 
GLOBAL_UNIT_ASSIGNED_CONTEXT((#14736,#14737,#14738)) 
REPRESENTATION_CONTEXT('Context #1',
  '3D Context with UNIT and UNCERTAINTY') );
#14736 = ( LENGTH_UNIT() NAMED_UNIT(*) SI_UNIT(.MILLI.,.METRE.) );
#14737 = ( NAMED_UNIT(*) PLANE_ANGLE_UNIT() SI_UNIT($,.RADIAN.) );
#14738 = ( NAMED_UNIT(*) SI_UNIT($,.STERADIAN.) SOLID_ANGLE_UNIT() );
#14739 = UNCERTAINTY_MEASURE_WITH_UNIT(LENGTH_MEASURE(1.E-07),#14736,
  'distance_accuracy_value','confusion accuracy');
#14740 = CONTEXT_DEPENDENT_SHAPE_REPRESENTATION(#14741,#14743);
#14741 = ( REPRESENTATION_RELATIONSHIP('','',#14048,#10) 
REPRESENTATION_RELATIONSHIP_WITH_TRANSFORMATION(#14742) 
SHAPE_REPRESENTATION_RELATIONSHIP() );
#14742 = ITEM_DEFINED_TRANSFORMATION('','',#11,#83);
#14743 = PRODUCT_DEFINITION_SHAPE('Placement','Placement of an item',
  #14744);
#14744 = NEXT_ASSEMBLY_USAGE_OCCURRENCE('18','fry_12','',#5,#14043,$);
#14745 = PRODUCT_RELATED_PRODUCT_CATEGORY('part',$,(#14045));
#14746 = SHAPE_DEFINITION_REPRESENTATION(#14747,#14753);
#14747 = PRODUCT_DEFINITION_SHAPE('','',#14748);
#14748 = PRODUCT_DEFINITION('design','',#14749,#14752);
#14749 = PRODUCT_DEFINITION_FORMATION('','',#14750);
#14750 = PRODUCT('fry_13','fry_13','',(#14751));
#14751 = PRODUCT_CONTEXT('',#2,'mechanical');
#14752 = PRODUCT_DEFINITION_CONTEXT('part definition',#2,'design');
#14753 = ADVANCED_BREP_SHAPE_REPRESENTATION('',(#11,#14754),#15440);
#14754 = MANIFOLD_SOLID_BREP('',#14755);
#14755 = CLOSED_SHELL('',(#14756,#14897,#14974,#15060,#15137,#15223,
    #15300,#15369,#15418,#15429));
#14756 = ADVANCED_FACE('',(#14757),#14771,.T.);
#14757 = FACE_BOUND('',#14758,.T.);
#14758 = EDGE_LOOP('',(#14759,#14794,#14833,#14860));
#14759 = ORIENTED_EDGE('',*,*,#14760,.F.);
#14760 = EDGE_CURVE('',#14761,#14763,#14765,.T.);
#14761 = VERTEX_POINT('',#14762);
#14762 = CARTESIAN_POINT('',(-5.195417540351,-3.995417540351,0.));
#14763 = VERTEX_POINT('',#14764);
#14764 = CARTESIAN_POINT('',(-5.195417540351,3.995417487473,0.));
#14765 = SURFACE_CURVE('',#14766,(#14770,#14782),.PCURVE_S1.);
#14766 = LINE('',#14767,#14768);
#14767 = CARTESIAN_POINT('',(-5.195417540351,2.48689957516E-14,0.));
#14768 = VECTOR('',#14769,1.);
#14769 = DIRECTION('',(0.,1.,0.));
#14770 = PCURVE('',#14771,#14776);
#14771 = B_SPLINE_SURFACE_WITH_KNOTS('',1,1,(
    (#14772,#14773)
    ,(#14774,#14775
    )),.UNSPECIFIED.,.F.,.F.,.F.,(2,2),(2,2),(-3.995417487473,
    3.995417540351),(0.,1.),.PIECEWISE_BEZIER_KNOTS.);
#14772 = CARTESIAN_POINT('',(-5.195417540351,3.995417487473,0.));
#14773 = CARTESIAN_POINT('',(-4.260242383088,3.260242340713,
    82.675237620466));
#14774 = CARTESIAN_POINT('',(-5.195417540351,-3.995417540351,0.));
#14775 = CARTESIAN_POINT('',(-4.260242383088,-3.260242383088,
    82.675237620466));
#14776 = DEFINITIONAL_REPRESENTATION('',(#14777),#14781);
#14777 = LINE('',#14778,#14779);
#14778 = CARTESIAN_POINT('',(0.,0.));
#14779 = VECTOR('',#14780,1.);
#14780 = DIRECTION('',(-1.,0.));
#14781 = ( GEOMETRIC_REPRESENTATION_CONTEXT(2) 
PARAMETRIC_REPRESENTATION_CONTEXT() REPRESENTATION_CONTEXT('2D SPACE',''
  ) );
#14782 = PCURVE('',#14783,#14788);
#14783 = PLANE('',#14784);
#14784 = AXIS2_PLACEMENT_3D('',#14785,#14786,#14787);
#14785 = CARTESIAN_POINT('',(-3.995417540351,-3.995417540351,0.));
#14786 = DIRECTION('',(0.,0.,-1.));
#14787 = DIRECTION('',(-1.,0.,0.));
#14788 = DEFINITIONAL_REPRESENTATION('',(#14789),#14793);
#14789 = LINE('',#14790,#14791);
#14790 = CARTESIAN_POINT('',(1.2,3.995417540351));
#14791 = VECTOR('',#14792,1.);
#14792 = DIRECTION('',(0.,1.));
#14793 = ( GEOMETRIC_REPRESENTATION_CONTEXT(2) 
PARAMETRIC_REPRESENTATION_CONTEXT() REPRESENTATION_CONTEXT('2D SPACE',''
  ) );
#14794 = ORIENTED_EDGE('',*,*,#14795,.T.);
#14795 = EDGE_CURVE('',#14761,#14796,#14798,.T.);
#14796 = VERTEX_POINT('',#14797);
#14797 = CARTESIAN_POINT('',(-4.260242383088,-3.260242383088,
    82.675237620466));
#14798 = SURFACE_CURVE('',#14799,(#14802,#14809),.PCURVE_S1.);
#14799 = B_SPLINE_CURVE_WITH_KNOTS('',1,(#14800,#14801),.UNSPECIFIED.,
  .F.,.F.,(2,2),(0.,1.),.PIECEWISE_BEZIER_KNOTS.);
#14800 = CARTESIAN_POINT('',(-5.195417540351,-3.995417540351,0.));
#14801 = CARTESIAN_POINT('',(-4.260242383088,-3.260242383088,
    82.675237620466));
#14802 = PCURVE('',#14771,#14803);
#14803 = DEFINITIONAL_REPRESENTATION('',(#14804),#14808);
#14804 = LINE('',#14805,#14806);
#14805 = CARTESIAN_POINT('',(3.995417540351,0.));
#14806 = VECTOR('',#14807,1.);
#14807 = DIRECTION('',(0.,1.));
#14808 = ( GEOMETRIC_REPRESENTATION_CONTEXT(2) 
PARAMETRIC_REPRESENTATION_CONTEXT() REPRESENTATION_CONTEXT('2D SPACE',''
  ) );
#14809 = PCURVE('',#14810,#14827);
#14810 = B_SPLINE_SURFACE_WITH_KNOTS('',7,1,(
    (#14811,#14812)
    ,(#14813,#14814)
    ,(#14815,#14816)
    ,(#14817,#14818)
    ,(#14819,#14820)
    ,(#14821,#14822)
    ,(#14823,#14824)
    ,(#14825,#14826
    )),.UNSPECIFIED.,.F.,.F.,.F.,(8,8),(2,2),(0.,1.570796326795),(0.,1.)
  ,.PIECEWISE_BEZIER_KNOTS.);
#14811 = CARTESIAN_POINT('',(-5.195417540351,-3.995417540351,0.));
#14812 = CARTESIAN_POINT('',(-4.260242383088,-3.260242383088,
    82.675237620466));
#14813 = CARTESIAN_POINT('',(-5.195417540351,-4.264696910659,0.));
#14814 = CARTESIAN_POINT('',(-4.260242383088,-3.484641858345,
    82.675237620466));
#14815 = CARTESIAN_POINT('',(-5.124918876489,-4.533974978331,0.));
#14816 = CARTESIAN_POINT('',(-4.201493496537,-3.709040248072,
    82.675237620468));
#14817 = CARTESIAN_POINT('',(-4.983932806994,-4.781113869339,0.));
#14818 = CARTESIAN_POINT('',(-4.08400510529,-3.914989323911,
    82.675237620464));
#14819 = CARTESIAN_POINT('',(-4.781113869339,-4.983932806994,0.));
#14820 = CARTESIAN_POINT('',(-3.914989323911,-4.08400510529,
    82.675237620468));
#14821 = CARTESIAN_POINT('',(-4.533974978332,-5.12491887649,0.));
#14822 = CARTESIAN_POINT('',(-3.709040248072,-4.201493496536,
    82.675237620465));
#14823 = CARTESIAN_POINT('',(-4.264696910659,-5.195417540351,0.));
#14824 = CARTESIAN_POINT('',(-3.484641858345,-4.260242383088,
    82.675237620467));
#14825 = CARTESIAN_POINT('',(-3.995417540351,-5.195417540351,0.));
#14826 = CARTESIAN_POINT('',(-3.260242383088,-4.260242383088,
    82.675237620466));
#14827 = DEFINITIONAL_REPRESENTATION('',(#14828),#14832);
#14828 = LINE('',#14829,#14830);
#14829 = CARTESIAN_POINT('',(0.,0.));
#14830 = VECTOR('',#14831,1.);
#14831 = DIRECTION('',(0.,1.));
#14832 = ( GEOMETRIC_REPRESENTATION_CONTEXT(2) 
PARAMETRIC_REPRESENTATION_CONTEXT() REPRESENTATION_CONTEXT('2D SPACE',''
  ) );
#14833 = ORIENTED_EDGE('',*,*,#14834,.T.);
#14834 = EDGE_CURVE('',#14796,#14835,#14837,.T.);
#14835 = VERTEX_POINT('',#14836);
#14836 = CARTESIAN_POINT('',(-4.260242383088,3.260242340713,
    82.675237620466));
#14837 = SURFACE_CURVE('',#14838,(#14842,#14848),.PCURVE_S1.);
#14838 = LINE('',#14839,#14840);
#14839 = CARTESIAN_POINT('',(-4.260242383088,1.998401444325E-14,
    82.675237620466));
#14840 = VECTOR('',#14841,1.);
#14841 = DIRECTION('',(0.,1.,0.));
#14842 = PCURVE('',#14771,#14843);
#14843 = DEFINITIONAL_REPRESENTATION('',(#14844),#14847);
#14844 = B_SPLINE_CURVE_WITH_KNOTS('',1,(#14845,#14846),.UNSPECIFIED.,
  .F.,.F.,(2,2),(-3.260242383088,3.260242340713),
  .PIECEWISE_BEZIER_KNOTS.);
#14845 = CARTESIAN_POINT('',(3.995417540351,1.));
#14846 = CARTESIAN_POINT('',(-3.995417487473,1.));
#14847 = ( GEOMETRIC_REPRESENTATION_CONTEXT(2) 
PARAMETRIC_REPRESENTATION_CONTEXT() REPRESENTATION_CONTEXT('2D SPACE',''
  ) );
#14848 = PCURVE('',#14849,#14854);
#14849 = PLANE('',#14850);
#14850 = AXIS2_PLACEMENT_3D('',#14851,#14852,#14853);
#14851 = CARTESIAN_POINT('',(-3.260242383088,-3.260242383088,
    82.675237620466));
#14852 = DIRECTION('',(0.,0.,1.));
#14853 = DIRECTION('',(1.,0.,0.));
#14854 = DEFINITIONAL_REPRESENTATION('',(#14855),#14859);
#14855 = LINE('',#14856,#14857);
#14856 = CARTESIAN_POINT('',(-1.,3.260242383088));
#14857 = VECTOR('',#14858,1.);
#14858 = DIRECTION('',(0.,1.));
#14859 = ( GEOMETRIC_REPRESENTATION_CONTEXT(2) 
PARAMETRIC_REPRESENTATION_CONTEXT() REPRESENTATION_CONTEXT('2D SPACE',''
  ) );
#14860 = ORIENTED_EDGE('',*,*,#14861,.F.);
#14861 = EDGE_CURVE('',#14763,#14835,#14862,.T.);
#14862 = SURFACE_CURVE('',#14863,(#14866,#14873),.PCURVE_S1.);
#14863 = B_SPLINE_CURVE_WITH_KNOTS('',1,(#14864,#14865),.UNSPECIFIED.,
  .F.,.F.,(2,2),(0.,1.),.PIECEWISE_BEZIER_KNOTS.);
#14864 = CARTESIAN_POINT('',(-5.195417540351,3.995417487473,0.));
#14865 = CARTESIAN_POINT('',(-4.260242383088,3.260242340713,
    82.675237620466));
#14866 = PCURVE('',#14771,#14867);
#14867 = DEFINITIONAL_REPRESENTATION('',(#14868),#14872);
#14868 = LINE('',#14869,#14870);
#14869 = CARTESIAN_POINT('',(-3.995417487473,0.));
#14870 = VECTOR('',#14871,1.);
#14871 = DIRECTION('',(0.,1.));
#14872 = ( GEOMETRIC_REPRESENTATION_CONTEXT(2) 
PARAMETRIC_REPRESENTATION_CONTEXT() REPRESENTATION_CONTEXT('2D SPACE',''
  ) );
#14873 = PCURVE('',#14874,#14891);
#14874 = B_SPLINE_SURFACE_WITH_KNOTS('',7,1,(
    (#14875,#14876)
    ,(#14877,#14878)
    ,(#14879,#14880)
    ,(#14881,#14882)
    ,(#14883,#14884)
    ,(#14885,#14886)
    ,(#14887,#14888)
    ,(#14889,#14890
    )),.UNSPECIFIED.,.F.,.F.,.F.,(8,8),(2,2),(4.712388980385,
    6.28318530718),(0.,1.),.PIECEWISE_BEZIER_KNOTS.);
#14875 = CARTESIAN_POINT('',(-3.995417540351,5.195417487473,0.));
#14876 = CARTESIAN_POINT('',(-3.260242383088,4.260242340713,
    82.675237620466));
#14877 = CARTESIAN_POINT('',(-4.264696910659,5.195417487473,0.));
#14878 = CARTESIAN_POINT('',(-3.484641858345,4.260242340713,
    82.675237620467));
#14879 = CARTESIAN_POINT('',(-4.533974978331,5.124918823611,0.));
#14880 = CARTESIAN_POINT('',(-3.709040248072,4.201493454162,
    82.675237620465));
#14881 = CARTESIAN_POINT('',(-4.781113869339,4.983932754116,0.));
#14882 = CARTESIAN_POINT('',(-3.914989323911,4.084005062916,
    82.675237620469));
#14883 = CARTESIAN_POINT('',(-4.983932806994,4.781113816461,0.));
#14884 = CARTESIAN_POINT('',(-4.08400510529,3.914989281536,
    82.675237620464));
#14885 = CARTESIAN_POINT('',(-5.124918876489,4.533974925454,0.));
#14886 = CARTESIAN_POINT('',(-4.201493496537,3.709040205697,
    82.675237620467));
#14887 = CARTESIAN_POINT('',(-5.195417540351,4.264696857781,0.));
#14888 = CARTESIAN_POINT('',(-4.260242383088,3.48464181597,
    82.675237620466));
#14889 = CARTESIAN_POINT('',(-5.195417540351,3.995417487473,0.));
#14890 = CARTESIAN_POINT('',(-4.260242383088,3.260242340713,
    82.675237620466));
#14891 = DEFINITIONAL_REPRESENTATION('',(#14892),#14896);
#14892 = LINE('',#14893,#14894);
#14893 = CARTESIAN_POINT('',(6.28318530718,0.));
#14894 = VECTOR('',#14895,1.);
#14895 = DIRECTION('',(0.,1.));
#14896 = ( GEOMETRIC_REPRESENTATION_CONTEXT(2) 
PARAMETRIC_REPRESENTATION_CONTEXT() REPRESENTATION_CONTEXT('2D SPACE',''
  ) );
#14897 = ADVANCED_FACE('',(#14898),#14810,.T.);
#14898 = FACE_BOUND('',#14899,.T.);
#14899 = EDGE_LOOP('',(#14900,#14924,#14951,#14973));
#14900 = ORIENTED_EDGE('',*,*,#14901,.F.);
#14901 = EDGE_CURVE('',#14902,#14761,#14904,.T.);
#14902 = VERTEX_POINT('',#14903);
#14903 = CARTESIAN_POINT('',(-3.995417540351,-5.195417540351,0.));
#14904 = SURFACE_CURVE('',#14905,(#14910,#14917),.PCURVE_S1.);
#14905 = CIRCLE('',#14906,1.2);
#14906 = AXIS2_PLACEMENT_3D('',#14907,#14908,#14909);
#14907 = CARTESIAN_POINT('',(-3.995417540351,-3.995417540351,0.));
#14908 = DIRECTION('',(0.,0.,-1.));
#14909 = DIRECTION('',(-1.,0.,0.));
#14910 = PCURVE('',#14810,#14911);
#14911 = DEFINITIONAL_REPRESENTATION('',(#14912),#14916);
#14912 = LINE('',#14913,#14914);
#14913 = CARTESIAN_POINT('',(6.28318530718,0.));
#14914 = VECTOR('',#14915,1.);
#14915 = DIRECTION('',(-1.,0.));
#14916 = ( GEOMETRIC_REPRESENTATION_CONTEXT(2) 
PARAMETRIC_REPRESENTATION_CONTEXT() REPRESENTATION_CONTEXT('2D SPACE',''
  ) );
#14917 = PCURVE('',#14783,#14918);
#14918 = DEFINITIONAL_REPRESENTATION('',(#14919),#14923);
#14919 = CIRCLE('',#14920,1.2);
#14920 = AXIS2_PLACEMENT_2D('',#14921,#14922);
#14921 = CARTESIAN_POINT('',(0.,0.));
#14922 = DIRECTION('',(1.,0.));
#14923 = ( GEOMETRIC_REPRESENTATION_CONTEXT(2) 
PARAMETRIC_REPRESENTATION_CONTEXT() REPRESENTATION_CONTEXT('2D SPACE',''
  ) );
#14924 = ORIENTED_EDGE('',*,*,#14925,.T.);
#14925 = EDGE_CURVE('',#14902,#14926,#14928,.T.);
#14926 = VERTEX_POINT('',#14927);
#14927 = CARTESIAN_POINT('',(-3.260242383088,-4.260242383088,
    82.675237620466));
#14928 = SURFACE_CURVE('',#14929,(#14932,#14939),.PCURVE_S1.);
#14929 = B_SPLINE_CURVE_WITH_KNOTS('',1,(#14930,#14931),.UNSPECIFIED.,
  .F.,.F.,(2,2),(0.,1.),.PIECEWISE_BEZIER_KNOTS.);
#14930 = CARTESIAN_POINT('',(-3.995417540351,-5.195417540351,0.));
#14931 = CARTESIAN_POINT('',(-3.260242383088,-4.260242383088,
    82.675237620466));
#14932 = PCURVE('',#14810,#14933);
#14933 = DEFINITIONAL_REPRESENTATION('',(#14934),#14938);
#14934 = LINE('',#14935,#14936);
#14935 = CARTESIAN_POINT('',(1.570796326795,0.));
#14936 = VECTOR('',#14937,1.);
#14937 = DIRECTION('',(0.,1.));
#14938 = ( GEOMETRIC_REPRESENTATION_CONTEXT(2) 
PARAMETRIC_REPRESENTATION_CONTEXT() REPRESENTATION_CONTEXT('2D SPACE',''
  ) );
#14939 = PCURVE('',#14940,#14945);
#14940 = B_SPLINE_SURFACE_WITH_KNOTS('',1,1,(
    (#14941,#14942)
    ,(#14943,#14944
    )),.UNSPECIFIED.,.F.,.F.,.F.,(2,2),(2,2),(-3.995417540351,
    3.995417487473),(0.,1.),.PIECEWISE_BEZIER_KNOTS.);
#14941 = CARTESIAN_POINT('',(-3.995417540351,-5.195417540351,0.));
#14942 = CARTESIAN_POINT('',(-3.260242383088,-4.260242383088,
    82.675237620466));
#14943 = CARTESIAN_POINT('',(3.995417487473,-5.195417540351,0.));
#14944 = CARTESIAN_POINT('',(3.260242340713,-4.260242383088,
    82.675237620466));
#14945 = DEFINITIONAL_REPRESENTATION('',(#14946),#14950);
#14946 = LINE('',#14947,#14948);
#14947 = CARTESIAN_POINT('',(-3.995417540351,0.));
#14948 = VECTOR('',#14949,1.);
#14949 = DIRECTION('',(0.,1.));
#14950 = ( GEOMETRIC_REPRESENTATION_CONTEXT(2) 
PARAMETRIC_REPRESENTATION_CONTEXT() REPRESENTATION_CONTEXT('2D SPACE',''
  ) );
#14951 = ORIENTED_EDGE('',*,*,#14952,.F.);
#14952 = EDGE_CURVE('',#14796,#14926,#14953,.T.);
#14953 = SURFACE_CURVE('',#14954,(#14959,#14966),.PCURVE_S1.);
#14954 = CIRCLE('',#14955,1.);
#14955 = AXIS2_PLACEMENT_3D('',#14956,#14957,#14958);
#14956 = CARTESIAN_POINT('',(-3.260242383088,-3.260242383088,
    82.675237620466));
#14957 = DIRECTION('',(0.,0.,1.));
#14958 = DIRECTION('',(1.,0.,0.));
#14959 = PCURVE('',#14810,#14960);
#14960 = DEFINITIONAL_REPRESENTATION('',(#14961),#14965);
#14961 = LINE('',#14962,#14963);
#14962 = CARTESIAN_POINT('',(-3.14159265359,1.));
#14963 = VECTOR('',#14964,1.);
#14964 = DIRECTION('',(1.,0.));
#14965 = ( GEOMETRIC_REPRESENTATION_CONTEXT(2) 
PARAMETRIC_REPRESENTATION_CONTEXT() REPRESENTATION_CONTEXT('2D SPACE',''
  ) );
#14966 = PCURVE('',#14849,#14967);
#14967 = DEFINITIONAL_REPRESENTATION('',(#14968),#14972);
#14968 = CIRCLE('',#14969,1.);
#14969 = AXIS2_PLACEMENT_2D('',#14970,#14971);
#14970 = CARTESIAN_POINT('',(0.,0.));
#14971 = DIRECTION('',(1.,0.));
#14972 = ( GEOMETRIC_REPRESENTATION_CONTEXT(2) 
PARAMETRIC_REPRESENTATION_CONTEXT() REPRESENTATION_CONTEXT('2D SPACE',''
  ) );
#14973 = ORIENTED_EDGE('',*,*,#14795,.F.);
#14974 = ADVANCED_FACE('',(#14975),#14940,.T.);
#14975 = FACE_BOUND('',#14976,.T.);
#14976 = EDGE_LOOP('',(#14977,#15000,#15039,#15059));
#14977 = ORIENTED_EDGE('',*,*,#14978,.T.);
#14978 = EDGE_CURVE('',#14902,#14979,#14981,.T.);
#14979 = VERTEX_POINT('',#14980);
#14980 = CARTESIAN_POINT('',(3.995417487473,-5.195417540351,0.));
#14981 = SURFACE_CURVE('',#14982,(#14986,#14993),.PCURVE_S1.);
#14982 = LINE('',#14983,#14984);
#14983 = CARTESIAN_POINT('',(4.440892098501E-16,-5.195417540351,0.));
#14984 = VECTOR('',#14985,1.);
#14985 = DIRECTION('',(1.,0.,0.));
#14986 = PCURVE('',#14940,#14987);
#14987 = DEFINITIONAL_REPRESENTATION('',(#14988),#14992);
#14988 = LINE('',#14989,#14990);
#14989 = CARTESIAN_POINT('',(0.,0.));
#14990 = VECTOR('',#14991,1.);
#14991 = DIRECTION('',(1.,0.));
#14992 = ( GEOMETRIC_REPRESENTATION_CONTEXT(2) 
PARAMETRIC_REPRESENTATION_CONTEXT() REPRESENTATION_CONTEXT('2D SPACE',''
  ) );
#14993 = PCURVE('',#14783,#14994);
#14994 = DEFINITIONAL_REPRESENTATION('',(#14995),#14999);
#14995 = LINE('',#14996,#14997);
#14996 = CARTESIAN_POINT('',(-3.995417540351,-1.2));
#14997 = VECTOR('',#14998,1.);
#14998 = DIRECTION('',(-1.,0.));
#14999 = ( GEOMETRIC_REPRESENTATION_CONTEXT(2) 
PARAMETRIC_REPRESENTATION_CONTEXT() REPRESENTATION_CONTEXT('2D SPACE',''
  ) );
#15000 = ORIENTED_EDGE('',*,*,#15001,.T.);
#15001 = EDGE_CURVE('',#14979,#15002,#15004,.T.);
#15002 = VERTEX_POINT('',#15003);
#15003 = CARTESIAN_POINT('',(3.260242340713,-4.260242383088,
    82.675237620466));
#15004 = SURFACE_CURVE('',#15005,(#15008,#15015),.PCURVE_S1.);
#15005 = B_SPLINE_CURVE_WITH_KNOTS('',1,(#15006,#15007),.UNSPECIFIED.,
  .F.,.F.,(2,2),(0.,1.),.PIECEWISE_BEZIER_KNOTS.);
#15006 = CARTESIAN_POINT('',(3.995417487473,-5.195417540351,0.));
#15007 = CARTESIAN_POINT('',(3.260242340713,-4.260242383088,
    82.675237620466));
#15008 = PCURVE('',#14940,#15009);
#15009 = DEFINITIONAL_REPRESENTATION('',(#15010),#15014);
#15010 = LINE('',#15011,#15012);
#15011 = CARTESIAN_POINT('',(3.995417487473,0.));
#15012 = VECTOR('',#15013,1.);
#15013 = DIRECTION('',(0.,1.));
#15014 = ( GEOMETRIC_REPRESENTATION_CONTEXT(2) 
PARAMETRIC_REPRESENTATION_CONTEXT() REPRESENTATION_CONTEXT('2D SPACE',''
  ) );
#15015 = PCURVE('',#15016,#15033);
#15016 = B_SPLINE_SURFACE_WITH_KNOTS('',7,1,(
    (#15017,#15018)
    ,(#15019,#15020)
    ,(#15021,#15022)
    ,(#15023,#15024)
    ,(#15025,#15026)
    ,(#15027,#15028)
    ,(#15029,#15030)
    ,(#15031,#15032
    )),.UNSPECIFIED.,.F.,.F.,.F.,(8,8),(2,2),(1.570796326795,
    3.14159265359),(0.,1.),.PIECEWISE_BEZIER_KNOTS.);
#15017 = CARTESIAN_POINT('',(3.995417487473,-5.195417540351,0.));
#15018 = CARTESIAN_POINT('',(3.260242340713,-4.260242383088,
    82.675237620466));
#15019 = CARTESIAN_POINT('',(4.264696857781,-5.195417540351,0.));
#15020 = CARTESIAN_POINT('',(3.48464181597,-4.260242383088,
    82.675237620467));
#15021 = CARTESIAN_POINT('',(4.533974925453,-5.124918876489,0.));
#15022 = CARTESIAN_POINT('',(3.709040205697,-4.201493496536,
    82.675237620464));
#15023 = CARTESIAN_POINT('',(4.781113816461,-4.983932806994,0.));
#15024 = CARTESIAN_POINT('',(3.914989281536,-4.08400510529,
    82.67523762047));
#15025 = CARTESIAN_POINT('',(4.983932754116,-4.781113869339,0.));
#15026 = CARTESIAN_POINT('',(4.084005062915,-3.914989323911,
    82.675237620463));
#15027 = CARTESIAN_POINT('',(5.124918823611,-4.533974978332,0.));
#15028 = CARTESIAN_POINT('',(4.201493454162,-3.709040248072,
    82.675237620468));
#15029 = CARTESIAN_POINT('',(5.195417487473,-4.264696910659,0.));
#15030 = CARTESIAN_POINT('',(4.260242340713,-3.484641858345,
    82.675237620466));
#15031 = CARTESIAN_POINT('',(5.195417487473,-3.995417540351,0.));
#15032 = CARTESIAN_POINT('',(4.260242340713,-3.260242383088,
    82.675237620466));
#15033 = DEFINITIONAL_REPRESENTATION('',(#15034),#15038);
#15034 = LINE('',#15035,#15036);
#15035 = CARTESIAN_POINT('',(1.570796326795,0.));
#15036 = VECTOR('',#15037,1.);
#15037 = DIRECTION('',(0.,1.));
#15038 = ( GEOMETRIC_REPRESENTATION_CONTEXT(2) 
PARAMETRIC_REPRESENTATION_CONTEXT() REPRESENTATION_CONTEXT('2D SPACE',''
  ) );
#15039 = ORIENTED_EDGE('',*,*,#15040,.F.);
#15040 = EDGE_CURVE('',#14926,#15002,#15041,.T.);
#15041 = SURFACE_CURVE('',#15042,(#15046,#15052),.PCURVE_S1.);
#15042 = LINE('',#15043,#15044);
#15043 = CARTESIAN_POINT('',(0.,-4.260242383088,82.675237620466));
#15044 = VECTOR('',#15045,1.);
#15045 = DIRECTION('',(1.,0.,0.));
#15046 = PCURVE('',#14940,#15047);
#15047 = DEFINITIONAL_REPRESENTATION('',(#15048),#15051);
#15048 = B_SPLINE_CURVE_WITH_KNOTS('',1,(#15049,#15050),.UNSPECIFIED.,
  .F.,.F.,(2,2),(-3.260242383088,3.260242340713),
  .PIECEWISE_BEZIER_KNOTS.);
#15049 = CARTESIAN_POINT('',(-3.995417540351,1.));
#15050 = CARTESIAN_POINT('',(3.995417487473,1.));
#15051 = ( GEOMETRIC_REPRESENTATION_CONTEXT(2) 
PARAMETRIC_REPRESENTATION_CONTEXT() REPRESENTATION_CONTEXT('2D SPACE',''
  ) );
#15052 = PCURVE('',#14849,#15053);
#15053 = DEFINITIONAL_REPRESENTATION('',(#15054),#15058);
#15054 = LINE('',#15055,#15056);
#15055 = CARTESIAN_POINT('',(3.260242383088,-1.));
#15056 = VECTOR('',#15057,1.);
#15057 = DIRECTION('',(1.,0.));
#15058 = ( GEOMETRIC_REPRESENTATION_CONTEXT(2) 
PARAMETRIC_REPRESENTATION_CONTEXT() REPRESENTATION_CONTEXT('2D SPACE',''
  ) );
#15059 = ORIENTED_EDGE('',*,*,#14925,.F.);
#15060 = ADVANCED_FACE('',(#15061),#15016,.T.);
#15061 = FACE_BOUND('',#15062,.T.);
#15062 = EDGE_LOOP('',(#15063,#15087,#15114,#15136));
#15063 = ORIENTED_EDGE('',*,*,#15064,.F.);
#15064 = EDGE_CURVE('',#15065,#14979,#15067,.T.);
#15065 = VERTEX_POINT('',#15066);
#15066 = CARTESIAN_POINT('',(5.195417513912,-3.995417540351,0.));
#15067 = SURFACE_CURVE('',#15068,(#15073,#15080),.PCURVE_S1.);
#15068 = CIRCLE('',#15069,1.2);
#15069 = AXIS2_PLACEMENT_3D('',#15070,#15071,#15072);
#15070 = CARTESIAN_POINT('',(3.995417487473,-3.995417540351,0.));
#15071 = DIRECTION('',(0.,0.,-1.));
#15072 = DIRECTION('',(-1.,0.,0.));
#15073 = PCURVE('',#15016,#15074);
#15074 = DEFINITIONAL_REPRESENTATION('',(#15075),#15079);
#15075 = LINE('',#15076,#15077);
#15076 = CARTESIAN_POINT('',(6.28318530718,0.));
#15077 = VECTOR('',#15078,1.);
#15078 = DIRECTION('',(-1.,0.));
#15079 = ( GEOMETRIC_REPRESENTATION_CONTEXT(2) 
PARAMETRIC_REPRESENTATION_CONTEXT() REPRESENTATION_CONTEXT('2D SPACE',''
  ) );
#15080 = PCURVE('',#14783,#15081);
#15081 = DEFINITIONAL_REPRESENTATION('',(#15082),#15086);
#15082 = CIRCLE('',#15083,1.2);
#15083 = AXIS2_PLACEMENT_2D('',#15084,#15085);
#15084 = CARTESIAN_POINT('',(-7.990835027825,5.018208071306E-14));
#15085 = DIRECTION('',(1.,0.));
#15086 = ( GEOMETRIC_REPRESENTATION_CONTEXT(2) 
PARAMETRIC_REPRESENTATION_CONTEXT() REPRESENTATION_CONTEXT('2D SPACE',''
  ) );
#15087 = ORIENTED_EDGE('',*,*,#15088,.T.);
#15088 = EDGE_CURVE('',#15065,#15089,#15091,.T.);
#15089 = VERTEX_POINT('',#15090);
#15090 = CARTESIAN_POINT('',(4.260242361901,-3.260242383088,
    82.675237620466));
#15091 = SURFACE_CURVE('',#15092,(#15095,#15102),.PCURVE_S1.);
#15092 = B_SPLINE_CURVE_WITH_KNOTS('',1,(#15093,#15094),.UNSPECIFIED.,
  .F.,.F.,(2,2),(0.,1.),.PIECEWISE_BEZIER_KNOTS.);
#15093 = CARTESIAN_POINT('',(5.195417487473,-3.995417540351,0.));
#15094 = CARTESIAN_POINT('',(4.260242340713,-3.260242383088,
    82.675237620466));
#15095 = PCURVE('',#15016,#15096);
#15096 = DEFINITIONAL_REPRESENTATION('',(#15097),#15101);
#15097 = LINE('',#15098,#15099);
#15098 = CARTESIAN_POINT('',(3.14159265359,0.));
#15099 = VECTOR('',#15100,1.);
#15100 = DIRECTION('',(0.,1.));
#15101 = ( GEOMETRIC_REPRESENTATION_CONTEXT(2) 
PARAMETRIC_REPRESENTATION_CONTEXT() REPRESENTATION_CONTEXT('2D SPACE',''
  ) );
#15102 = PCURVE('',#15103,#15108);
#15103 = B_SPLINE_SURFACE_WITH_KNOTS('',1,1,(
    (#15104,#15105)
    ,(#15106,#15107
    )),.UNSPECIFIED.,.F.,.F.,.F.,(2,2),(2,2),(-3.995417540351,
    3.995417487473),(0.,1.),.PIECEWISE_BEZIER_KNOTS.);
#15104 = CARTESIAN_POINT('',(5.195417540351,-3.995417540351,0.));
#15105 = CARTESIAN_POINT('',(4.260242383088,-3.260242383088,
    82.675237620466));
#15106 = CARTESIAN_POINT('',(5.195417540351,3.995417487473,0.));
#15107 = CARTESIAN_POINT('',(4.260242383088,3.260242340713,
    82.675237620466));
#15108 = DEFINITIONAL_REPRESENTATION('',(#15109),#15113);
#15109 = LINE('',#15110,#15111);
#15110 = CARTESIAN_POINT('',(-3.995417540351,0.));
#15111 = VECTOR('',#15112,1.);
#15112 = DIRECTION('',(0.,1.));
#15113 = ( GEOMETRIC_REPRESENTATION_CONTEXT(2) 
PARAMETRIC_REPRESENTATION_CONTEXT() REPRESENTATION_CONTEXT('2D SPACE',''
  ) );
#15114 = ORIENTED_EDGE('',*,*,#15115,.F.);
#15115 = EDGE_CURVE('',#15002,#15089,#15116,.T.);
#15116 = SURFACE_CURVE('',#15117,(#15122,#15129),.PCURVE_S1.);
#15117 = CIRCLE('',#15118,1.);
#15118 = AXIS2_PLACEMENT_3D('',#15119,#15120,#15121);
#15119 = CARTESIAN_POINT('',(3.260242340713,-3.260242383088,
    82.675237620466));
#15120 = DIRECTION('',(0.,0.,1.));
#15121 = DIRECTION('',(1.,0.,0.));
#15122 = PCURVE('',#15016,#15123);
#15123 = DEFINITIONAL_REPRESENTATION('',(#15124),#15128);
#15124 = LINE('',#15125,#15126);
#15125 = CARTESIAN_POINT('',(-3.14159265359,1.));
#15126 = VECTOR('',#15127,1.);
#15127 = DIRECTION('',(1.,0.));
#15128 = ( GEOMETRIC_REPRESENTATION_CONTEXT(2) 
PARAMETRIC_REPRESENTATION_CONTEXT() REPRESENTATION_CONTEXT('2D SPACE',''
  ) );
#15129 = PCURVE('',#14849,#15130);
#15130 = DEFINITIONAL_REPRESENTATION('',(#15131),#15135);
#15131 = CIRCLE('',#15132,1.);
#15132 = AXIS2_PLACEMENT_2D('',#15133,#15134);
#15133 = CARTESIAN_POINT('',(6.520484723801,4.041211809636E-14));
#15134 = DIRECTION('',(1.,0.));
#15135 = ( GEOMETRIC_REPRESENTATION_CONTEXT(2) 
PARAMETRIC_REPRESENTATION_CONTEXT() REPRESENTATION_CONTEXT('2D SPACE',''
  ) );
#15136 = ORIENTED_EDGE('',*,*,#15001,.F.);
#15137 = ADVANCED_FACE('',(#15138),#15103,.T.);
#15138 = FACE_BOUND('',#15139,.T.);
#15139 = EDGE_LOOP('',(#15140,#15163,#15202,#15222));
#15140 = ORIENTED_EDGE('',*,*,#15141,.T.);
#15141 = EDGE_CURVE('',#15065,#15142,#15144,.T.);
#15142 = VERTEX_POINT('',#15143);
#15143 = CARTESIAN_POINT('',(5.195417540351,3.995417487473,0.));
#15144 = SURFACE_CURVE('',#15145,(#15149,#15156),.PCURVE_S1.);
#15145 = LINE('',#15146,#15147);
#15146 = CARTESIAN_POINT('',(5.195417540351,2.48689957516E-14,0.));
#15147 = VECTOR('',#15148,1.);
#15148 = DIRECTION('',(0.,1.,0.));
#15149 = PCURVE('',#15103,#15150);
#15150 = DEFINITIONAL_REPRESENTATION('',(#15151),#15155);
#15151 = LINE('',#15152,#15153);
#15152 = CARTESIAN_POINT('',(0.,0.));
#15153 = VECTOR('',#15154,1.);
#15154 = DIRECTION('',(1.,0.));
#15155 = ( GEOMETRIC_REPRESENTATION_CONTEXT(2) 
PARAMETRIC_REPRESENTATION_CONTEXT() REPRESENTATION_CONTEXT('2D SPACE',''
  ) );
#15156 = PCURVE('',#14783,#15157);
#15157 = DEFINITIONAL_REPRESENTATION('',(#15158),#15162);
#15158 = LINE('',#15159,#15160);
#15159 = CARTESIAN_POINT('',(-9.190835080703,3.995417540351));
#15160 = VECTOR('',#15161,1.);
#15161 = DIRECTION('',(0.,1.));
#15162 = ( GEOMETRIC_REPRESENTATION_CONTEXT(2) 
PARAMETRIC_REPRESENTATION_CONTEXT() REPRESENTATION_CONTEXT('2D SPACE',''
  ) );
#15163 = ORIENTED_EDGE('',*,*,#15164,.T.);
#15164 = EDGE_CURVE('',#15142,#15165,#15167,.T.);
#15165 = VERTEX_POINT('',#15166);
#15166 = CARTESIAN_POINT('',(4.260242383088,3.260242340713,
    82.675237620466));
#15167 = SURFACE_CURVE('',#15168,(#15171,#15178),.PCURVE_S1.);
#15168 = B_SPLINE_CURVE_WITH_KNOTS('',1,(#15169,#15170),.UNSPECIFIED.,
  .F.,.F.,(2,2),(0.,1.),.PIECEWISE_BEZIER_KNOTS.);
#15169 = CARTESIAN_POINT('',(5.195417540351,3.995417487473,0.));
#15170 = CARTESIAN_POINT('',(4.260242383088,3.260242340713,
    82.675237620466));
#15171 = PCURVE('',#15103,#15172);
#15172 = DEFINITIONAL_REPRESENTATION('',(#15173),#15177);
#15173 = LINE('',#15174,#15175);
#15174 = CARTESIAN_POINT('',(3.995417487473,0.));
#15175 = VECTOR('',#15176,1.);
#15176 = DIRECTION('',(0.,1.));
#15177 = ( GEOMETRIC_REPRESENTATION_CONTEXT(2) 
PARAMETRIC_REPRESENTATION_CONTEXT() REPRESENTATION_CONTEXT('2D SPACE',''
  ) );
#15178 = PCURVE('',#15179,#15196);
#15179 = B_SPLINE_SURFACE_WITH_KNOTS('',7,1,(
    (#15180,#15181)
    ,(#15182,#15183)
    ,(#15184,#15185)
    ,(#15186,#15187)
    ,(#15188,#15189)
    ,(#15190,#15191)
    ,(#15192,#15193)
    ,(#15194,#15195
    )),.UNSPECIFIED.,.F.,.F.,.F.,(8,8),(2,2),(3.14159265359,
    4.712388980385),(0.,1.),.PIECEWISE_BEZIER_KNOTS.);
#15180 = CARTESIAN_POINT('',(5.195417540351,3.995417487473,0.));
#15181 = CARTESIAN_POINT('',(4.260242383088,3.260242340713,
    82.675237620466));
#15182 = CARTESIAN_POINT('',(5.195417540351,4.264696857781,0.));
#15183 = CARTESIAN_POINT('',(4.260242383088,3.48464181597,
    82.675237620466));
#15184 = CARTESIAN_POINT('',(5.12491887649,4.533974925454,0.));
#15185 = CARTESIAN_POINT('',(4.201493496536,3.709040205697,
    82.675237620465));
#15186 = CARTESIAN_POINT('',(4.983932806994,4.781113816461,0.));
#15187 = CARTESIAN_POINT('',(4.08400510529,3.914989281536,
    82.675237620468));
#15188 = CARTESIAN_POINT('',(4.781113869339,4.983932754116,0.));
#15189 = CARTESIAN_POINT('',(3.914989323911,4.084005062915,
    82.675237620465));
#15190 = CARTESIAN_POINT('',(4.533974978331,5.124918823611,0.));
#15191 = CARTESIAN_POINT('',(3.709040248072,4.201493454162,
    82.675237620467));
#15192 = CARTESIAN_POINT('',(4.264696910659,5.195417487473,0.));
#15193 = CARTESIAN_POINT('',(3.484641858345,4.260242340713,
    82.675237620466));
#15194 = CARTESIAN_POINT('',(3.995417540351,5.195417487473,0.));
#15195 = CARTESIAN_POINT('',(3.260242383088,4.260242340713,
    82.675237620466));
#15196 = DEFINITIONAL_REPRESENTATION('',(#15197),#15201);
#15197 = LINE('',#15198,#15199);
#15198 = CARTESIAN_POINT('',(3.14159265359,0.));
#15199 = VECTOR('',#15200,1.);
#15200 = DIRECTION('',(0.,1.));
#15201 = ( GEOMETRIC_REPRESENTATION_CONTEXT(2) 
PARAMETRIC_REPRESENTATION_CONTEXT() REPRESENTATION_CONTEXT('2D SPACE',''
  ) );
#15202 = ORIENTED_EDGE('',*,*,#15203,.F.);
#15203 = EDGE_CURVE('',#15089,#15165,#15204,.T.);
#15204 = SURFACE_CURVE('',#15205,(#15209,#15215),.PCURVE_S1.);
#15205 = LINE('',#15206,#15207);
#15206 = CARTESIAN_POINT('',(4.260242383088,1.998401444325E-14,
    82.675237620466));
#15207 = VECTOR('',#15208,1.);
#15208 = DIRECTION('',(0.,1.,0.));
#15209 = PCURVE('',#15103,#15210);
#15210 = DEFINITIONAL_REPRESENTATION('',(#15211),#15214);
#15211 = B_SPLINE_CURVE_WITH_KNOTS('',1,(#15212,#15213),.UNSPECIFIED.,
  .F.,.F.,(2,2),(-3.260242383088,3.260242340713),
  .PIECEWISE_BEZIER_KNOTS.);
#15212 = CARTESIAN_POINT('',(-3.995417540351,1.));
#15213 = CARTESIAN_POINT('',(3.995417487473,1.));
#15214 = ( GEOMETRIC_REPRESENTATION_CONTEXT(2) 
PARAMETRIC_REPRESENTATION_CONTEXT() REPRESENTATION_CONTEXT('2D SPACE',''
  ) );
#15215 = PCURVE('',#14849,#15216);
#15216 = DEFINITIONAL_REPRESENTATION('',(#15217),#15221);
#15217 = LINE('',#15218,#15219);
#15218 = CARTESIAN_POINT('',(7.520484766176,3.260242383088));
#15219 = VECTOR('',#15220,1.);
#15220 = DIRECTION('',(0.,1.));
#15221 = ( GEOMETRIC_REPRESENTATION_CONTEXT(2) 
PARAMETRIC_REPRESENTATION_CONTEXT() REPRESENTATION_CONTEXT('2D SPACE',''
  ) );
#15222 = ORIENTED_EDGE('',*,*,#15088,.F.);
#15223 = ADVANCED_FACE('',(#15224),#15179,.T.);
#15224 = FACE_BOUND('',#15225,.T.);
#15225 = EDGE_LOOP('',(#15226,#15250,#15277,#15299));
#15226 = ORIENTED_EDGE('',*,*,#15227,.F.);
#15227 = EDGE_CURVE('',#15228,#15142,#15230,.T.);
#15228 = VERTEX_POINT('',#15229);
#15229 = CARTESIAN_POINT('',(3.995417540351,5.195417513912,0.));
#15230 = SURFACE_CURVE('',#15231,(#15236,#15243),.PCURVE_S1.);
#15231 = CIRCLE('',#15232,1.2);
#15232 = AXIS2_PLACEMENT_3D('',#15233,#15234,#15235);
#15233 = CARTESIAN_POINT('',(3.995417540351,3.995417487473,0.));
#15234 = DIRECTION('',(0.,0.,-1.));
#15235 = DIRECTION('',(-1.,0.,0.));
#15236 = PCURVE('',#15179,#15237);
#15237 = DEFINITIONAL_REPRESENTATION('',(#15238),#15242);
#15238 = LINE('',#15239,#15240);
#15239 = CARTESIAN_POINT('',(6.28318530718,0.));
#15240 = VECTOR('',#15241,1.);
#15241 = DIRECTION('',(-1.,0.));
#15242 = ( GEOMETRIC_REPRESENTATION_CONTEXT(2) 
PARAMETRIC_REPRESENTATION_CONTEXT() REPRESENTATION_CONTEXT('2D SPACE',''
  ) );
#15243 = PCURVE('',#14783,#15244);
#15244 = DEFINITIONAL_REPRESENTATION('',(#15245),#15249);
#15245 = CIRCLE('',#15246,1.2);
#15246 = AXIS2_PLACEMENT_2D('',#15247,#15248);
#15247 = CARTESIAN_POINT('',(-7.990835080703,7.990835027825));
#15248 = DIRECTION('',(1.,0.));
#15249 = ( GEOMETRIC_REPRESENTATION_CONTEXT(2) 
PARAMETRIC_REPRESENTATION_CONTEXT() REPRESENTATION_CONTEXT('2D SPACE',''
  ) );
#15250 = ORIENTED_EDGE('',*,*,#15251,.T.);
#15251 = EDGE_CURVE('',#15228,#15252,#15254,.T.);
#15252 = VERTEX_POINT('',#15253);
#15253 = CARTESIAN_POINT('',(3.260242383088,4.260242361901,
    82.675237620466));
#15254 = SURFACE_CURVE('',#15255,(#15258,#15265),.PCURVE_S1.);
#15255 = B_SPLINE_CURVE_WITH_KNOTS('',1,(#15256,#15257),.UNSPECIFIED.,
  .F.,.F.,(2,2),(0.,1.),.PIECEWISE_BEZIER_KNOTS.);
#15256 = CARTESIAN_POINT('',(3.995417540351,5.195417487473,0.));
#15257 = CARTESIAN_POINT('',(3.260242383088,4.260242340713,
    82.675237620466));
#15258 = PCURVE('',#15179,#15259);
#15259 = DEFINITIONAL_REPRESENTATION('',(#15260),#15264);
#15260 = LINE('',#15261,#15262);
#15261 = CARTESIAN_POINT('',(4.712388980385,0.));
#15262 = VECTOR('',#15263,1.);
#15263 = DIRECTION('',(0.,1.));
#15264 = ( GEOMETRIC_REPRESENTATION_CONTEXT(2) 
PARAMETRIC_REPRESENTATION_CONTEXT() REPRESENTATION_CONTEXT('2D SPACE',''
  ) );
#15265 = PCURVE('',#15266,#15271);
#15266 = B_SPLINE_SURFACE_WITH_KNOTS('',1,1,(
    (#15267,#15268)
    ,(#15269,#15270
    )),.UNSPECIFIED.,.F.,.F.,.F.,(2,2),(2,2),(-3.995417540351,
    3.995417540351),(0.,1.),.PIECEWISE_BEZIER_KNOTS.);
#15267 = CARTESIAN_POINT('',(3.995417540351,5.195417540351,0.));
#15268 = CARTESIAN_POINT('',(3.260242383088,4.260242383088,
    82.675237620466));
#15269 = CARTESIAN_POINT('',(-3.995417540351,5.195417540351,0.));
#15270 = CARTESIAN_POINT('',(-3.260242383088,4.260242383088,
    82.675237620466));
#15271 = DEFINITIONAL_REPRESENTATION('',(#15272),#15276);
#15272 = LINE('',#15273,#15274);
#15273 = CARTESIAN_POINT('',(-3.995417540351,0.));
#15274 = VECTOR('',#15275,1.);
#15275 = DIRECTION('',(0.,1.));
#15276 = ( GEOMETRIC_REPRESENTATION_CONTEXT(2) 
PARAMETRIC_REPRESENTATION_CONTEXT() REPRESENTATION_CONTEXT('2D SPACE',''
  ) );
#15277 = ORIENTED_EDGE('',*,*,#15278,.F.);
#15278 = EDGE_CURVE('',#15165,#15252,#15279,.T.);
#15279 = SURFACE_CURVE('',#15280,(#15285,#15292),.PCURVE_S1.);
#15280 = CIRCLE('',#15281,1.);
#15281 = AXIS2_PLACEMENT_3D('',#15282,#15283,#15284);
#15282 = CARTESIAN_POINT('',(3.260242383088,3.260242340713,
    82.675237620466));
#15283 = DIRECTION('',(0.,0.,1.));
#15284 = DIRECTION('',(1.,0.,0.));
#15285 = PCURVE('',#15179,#15286);
#15286 = DEFINITIONAL_REPRESENTATION('',(#15287),#15291);
#15287 = LINE('',#15288,#15289);
#15288 = CARTESIAN_POINT('',(3.14159265359,1.));
#15289 = VECTOR('',#15290,1.);
#15290 = DIRECTION('',(1.,0.));
#15291 = ( GEOMETRIC_REPRESENTATION_CONTEXT(2) 
PARAMETRIC_REPRESENTATION_CONTEXT() REPRESENTATION_CONTEXT('2D SPACE',''
  ) );
#15292 = PCURVE('',#14849,#15293);
#15293 = DEFINITIONAL_REPRESENTATION('',(#15294),#15298);
#15294 = CIRCLE('',#15295,1.);
#15295 = AXIS2_PLACEMENT_2D('',#15296,#15297);
#15296 = CARTESIAN_POINT('',(6.520484766176,6.520484723801));
#15297 = DIRECTION('',(1.,0.));
#15298 = ( GEOMETRIC_REPRESENTATION_CONTEXT(2) 
PARAMETRIC_REPRESENTATION_CONTEXT() REPRESENTATION_CONTEXT('2D SPACE',''
  ) );
#15299 = ORIENTED_EDGE('',*,*,#15164,.F.);
#15300 = ADVANCED_FACE('',(#15301),#15266,.T.);
#15301 = FACE_BOUND('',#15302,.T.);
#15302 = EDGE_LOOP('',(#15303,#15326,#15348,#15368));
#15303 = ORIENTED_EDGE('',*,*,#15304,.F.);
#15304 = EDGE_CURVE('',#15305,#15228,#15307,.T.);
#15305 = VERTEX_POINT('',#15306);
#15306 = CARTESIAN_POINT('',(-3.995417540351,5.195417513912,0.));
#15307 = SURFACE_CURVE('',#15308,(#15312,#15319),.PCURVE_S1.);
#15308 = LINE('',#15309,#15310);
#15309 = CARTESIAN_POINT('',(4.440892098501E-16,5.195417540351,0.));
#15310 = VECTOR('',#15311,1.);
#15311 = DIRECTION('',(1.,0.,0.));
#15312 = PCURVE('',#15266,#15313);
#15313 = DEFINITIONAL_REPRESENTATION('',(#15314),#15318);
#15314 = LINE('',#15315,#15316);
#15315 = CARTESIAN_POINT('',(0.,0.));
#15316 = VECTOR('',#15317,1.);
#15317 = DIRECTION('',(-1.,0.));
#15318 = ( GEOMETRIC_REPRESENTATION_CONTEXT(2) 
PARAMETRIC_REPRESENTATION_CONTEXT() REPRESENTATION_CONTEXT('2D SPACE',''
  ) );
#15319 = PCURVE('',#14783,#15320);
#15320 = DEFINITIONAL_REPRESENTATION('',(#15321),#15325);
#15321 = LINE('',#15322,#15323);
#15322 = CARTESIAN_POINT('',(-3.995417540351,9.190835080703));
#15323 = VECTOR('',#15324,1.);
#15324 = DIRECTION('',(-1.,0.));
#15325 = ( GEOMETRIC_REPRESENTATION_CONTEXT(2) 
PARAMETRIC_REPRESENTATION_CONTEXT() REPRESENTATION_CONTEXT('2D SPACE',''
  ) );
#15326 = ORIENTED_EDGE('',*,*,#15327,.T.);
#15327 = EDGE_CURVE('',#15305,#15328,#15330,.T.);
#15328 = VERTEX_POINT('',#15329);
#15329 = CARTESIAN_POINT('',(-3.260242383088,4.260242361901,
    82.675237620466));
#15330 = SURFACE_CURVE('',#15331,(#15334,#15341),.PCURVE_S1.);
#15331 = B_SPLINE_CURVE_WITH_KNOTS('',1,(#15332,#15333),.UNSPECIFIED.,
  .F.,.F.,(2,2),(0.,1.),.PIECEWISE_BEZIER_KNOTS.);
#15332 = CARTESIAN_POINT('',(-3.995417540351,5.195417540351,0.));
#15333 = CARTESIAN_POINT('',(-3.260242383088,4.260242383088,
    82.675237620466));
#15334 = PCURVE('',#15266,#15335);
#15335 = DEFINITIONAL_REPRESENTATION('',(#15336),#15340);
#15336 = LINE('',#15337,#15338);
#15337 = CARTESIAN_POINT('',(3.995417540351,0.));
#15338 = VECTOR('',#15339,1.);
#15339 = DIRECTION('',(0.,1.));
#15340 = ( GEOMETRIC_REPRESENTATION_CONTEXT(2) 
PARAMETRIC_REPRESENTATION_CONTEXT() REPRESENTATION_CONTEXT('2D SPACE',''
  ) );
#15341 = PCURVE('',#14874,#15342);
#15342 = DEFINITIONAL_REPRESENTATION('',(#15343),#15347);
#15343 = LINE('',#15344,#15345);
#15344 = CARTESIAN_POINT('',(4.712388980385,0.));
#15345 = VECTOR('',#15346,1.);
#15346 = DIRECTION('',(0.,1.));
#15347 = ( GEOMETRIC_REPRESENTATION_CONTEXT(2) 
PARAMETRIC_REPRESENTATION_CONTEXT() REPRESENTATION_CONTEXT('2D SPACE',''
  ) );
#15348 = ORIENTED_EDGE('',*,*,#15349,.T.);
#15349 = EDGE_CURVE('',#15328,#15252,#15350,.T.);
#15350 = SURFACE_CURVE('',#15351,(#15355,#15361),.PCURVE_S1.);
#15351 = LINE('',#15352,#15353);
#15352 = CARTESIAN_POINT('',(0.,4.260242383088,82.675237620466));
#15353 = VECTOR('',#15354,1.);
#15354 = DIRECTION('',(1.,0.,0.));
#15355 = PCURVE('',#15266,#15356);
#15356 = DEFINITIONAL_REPRESENTATION('',(#15357),#15360);
#15357 = B_SPLINE_CURVE_WITH_KNOTS('',1,(#15358,#15359),.UNSPECIFIED.,
  .F.,.F.,(2,2),(-3.260242383088,3.260242383088),
  .PIECEWISE_BEZIER_KNOTS.);
#15358 = CARTESIAN_POINT('',(3.995417540351,1.));
#15359 = CARTESIAN_POINT('',(-3.995417540351,1.));
#15360 = ( GEOMETRIC_REPRESENTATION_CONTEXT(2) 
PARAMETRIC_REPRESENTATION_CONTEXT() REPRESENTATION_CONTEXT('2D SPACE',''
  ) );
#15361 = PCURVE('',#14849,#15362);
#15362 = DEFINITIONAL_REPRESENTATION('',(#15363),#15367);
#15363 = LINE('',#15364,#15365);
#15364 = CARTESIAN_POINT('',(3.260242383088,7.520484766176));
#15365 = VECTOR('',#15366,1.);
#15366 = DIRECTION('',(1.,0.));
#15367 = ( GEOMETRIC_REPRESENTATION_CONTEXT(2) 
PARAMETRIC_REPRESENTATION_CONTEXT() REPRESENTATION_CONTEXT('2D SPACE',''
  ) );
#15368 = ORIENTED_EDGE('',*,*,#15251,.F.);
#15369 = ADVANCED_FACE('',(#15370),#14874,.T.);
#15370 = FACE_BOUND('',#15371,.T.);
#15371 = EDGE_LOOP('',(#15372,#15394,#15395,#15417));
#15372 = ORIENTED_EDGE('',*,*,#15373,.F.);
#15373 = EDGE_CURVE('',#14763,#15305,#15374,.T.);
#15374 = SURFACE_CURVE('',#15375,(#15380,#15387),.PCURVE_S1.);
#15375 = CIRCLE('',#15376,1.2);
#15376 = AXIS2_PLACEMENT_3D('',#15377,#15378,#15379);
#15377 = CARTESIAN_POINT('',(-3.995417540351,3.995417487473,0.));
#15378 = DIRECTION('',(0.,0.,-1.));
#15379 = DIRECTION('',(-1.,0.,0.));
#15380 = PCURVE('',#14874,#15381);
#15381 = DEFINITIONAL_REPRESENTATION('',(#15382),#15386);
#15382 = LINE('',#15383,#15384);
#15383 = CARTESIAN_POINT('',(6.28318530718,0.));
#15384 = VECTOR('',#15385,1.);
#15385 = DIRECTION('',(-1.,0.));
#15386 = ( GEOMETRIC_REPRESENTATION_CONTEXT(2) 
PARAMETRIC_REPRESENTATION_CONTEXT() REPRESENTATION_CONTEXT('2D SPACE',''
  ) );
#15387 = PCURVE('',#14783,#15388);
#15388 = DEFINITIONAL_REPRESENTATION('',(#15389),#15393);
#15389 = CIRCLE('',#15390,1.2);
#15390 = AXIS2_PLACEMENT_2D('',#15391,#15392);
#15391 = CARTESIAN_POINT('',(0.,7.990835027825));
#15392 = DIRECTION('',(1.,0.));
#15393 = ( GEOMETRIC_REPRESENTATION_CONTEXT(2) 
PARAMETRIC_REPRESENTATION_CONTEXT() REPRESENTATION_CONTEXT('2D SPACE',''
  ) );
#15394 = ORIENTED_EDGE('',*,*,#14861,.T.);
#15395 = ORIENTED_EDGE('',*,*,#15396,.F.);
#15396 = EDGE_CURVE('',#15328,#14835,#15397,.T.);
#15397 = SURFACE_CURVE('',#15398,(#15403,#15410),.PCURVE_S1.);
#15398 = CIRCLE('',#15399,1.);
#15399 = AXIS2_PLACEMENT_3D('',#15400,#15401,#15402);
#15400 = CARTESIAN_POINT('',(-3.260242383088,3.260242340713,
    82.675237620466));
#15401 = DIRECTION('',(0.,0.,1.));
#15402 = DIRECTION('',(1.,0.,0.));
#15403 = PCURVE('',#14874,#15404);
#15404 = DEFINITIONAL_REPRESENTATION('',(#15405),#15409);
#15405 = LINE('',#15406,#15407);
#15406 = CARTESIAN_POINT('',(3.14159265359,1.));
#15407 = VECTOR('',#15408,1.);
#15408 = DIRECTION('',(1.,0.));
#15409 = ( GEOMETRIC_REPRESENTATION_CONTEXT(2) 
PARAMETRIC_REPRESENTATION_CONTEXT() REPRESENTATION_CONTEXT('2D SPACE',''
  ) );
#15410 = PCURVE('',#14849,#15411);
#15411 = DEFINITIONAL_REPRESENTATION('',(#15412),#15416);
#15412 = CIRCLE('',#15413,1.);
#15413 = AXIS2_PLACEMENT_2D('',#15414,#15415);
#15414 = CARTESIAN_POINT('',(0.,6.520484723801));
#15415 = DIRECTION('',(1.,0.));
#15416 = ( GEOMETRIC_REPRESENTATION_CONTEXT(2) 
PARAMETRIC_REPRESENTATION_CONTEXT() REPRESENTATION_CONTEXT('2D SPACE',''
  ) );
#15417 = ORIENTED_EDGE('',*,*,#15327,.F.);
#15418 = ADVANCED_FACE('',(#15419),#14783,.T.);
#15419 = FACE_BOUND('',#15420,.F.);
#15420 = EDGE_LOOP('',(#15421,#15422,#15423,#15424,#15425,#15426,#15427,
    #15428));
#15421 = ORIENTED_EDGE('',*,*,#14760,.F.);
#15422 = ORIENTED_EDGE('',*,*,#14901,.F.);
#15423 = ORIENTED_EDGE('',*,*,#14978,.T.);
#15424 = ORIENTED_EDGE('',*,*,#15064,.F.);
#15425 = ORIENTED_EDGE('',*,*,#15141,.T.);
#15426 = ORIENTED_EDGE('',*,*,#15227,.F.);
#15427 = ORIENTED_EDGE('',*,*,#15304,.F.);
#15428 = ORIENTED_EDGE('',*,*,#15373,.F.);
#15429 = ADVANCED_FACE('',(#15430),#14849,.T.);
#15430 = FACE_BOUND('',#15431,.T.);
#15431 = EDGE_LOOP('',(#15432,#15433,#15434,#15435,#15436,#15437,#15438,
    #15439));
#15432 = ORIENTED_EDGE('',*,*,#14834,.F.);
#15433 = ORIENTED_EDGE('',*,*,#14952,.T.);
#15434 = ORIENTED_EDGE('',*,*,#15040,.T.);
#15435 = ORIENTED_EDGE('',*,*,#15115,.T.);
#15436 = ORIENTED_EDGE('',*,*,#15203,.T.);
#15437 = ORIENTED_EDGE('',*,*,#15278,.T.);
#15438 = ORIENTED_EDGE('',*,*,#15349,.F.);
#15439 = ORIENTED_EDGE('',*,*,#15396,.T.);
#15440 = ( GEOMETRIC_REPRESENTATION_CONTEXT(3) 
GLOBAL_UNCERTAINTY_ASSIGNED_CONTEXT((#15444)) 
GLOBAL_UNIT_ASSIGNED_CONTEXT((#15441,#15442,#15443)) 
REPRESENTATION_CONTEXT('Context #1',
  '3D Context with UNIT and UNCERTAINTY') );
#15441 = ( LENGTH_UNIT() NAMED_UNIT(*) SI_UNIT(.MILLI.,.METRE.) );
#15442 = ( NAMED_UNIT(*) PLANE_ANGLE_UNIT() SI_UNIT($,.RADIAN.) );
#15443 = ( NAMED_UNIT(*) SI_UNIT($,.STERADIAN.) SOLID_ANGLE_UNIT() );
#15444 = UNCERTAINTY_MEASURE_WITH_UNIT(LENGTH_MEASURE(1.E-07),#15441,
  'distance_accuracy_value','confusion accuracy');
#15445 = CONTEXT_DEPENDENT_SHAPE_REPRESENTATION(#15446,#15448);
#15446 = ( REPRESENTATION_RELATIONSHIP('','',#14753,#10) 
REPRESENTATION_RELATIONSHIP_WITH_TRANSFORMATION(#15447) 
SHAPE_REPRESENTATION_RELATIONSHIP() );
#15447 = ITEM_DEFINED_TRANSFORMATION('','',#11,#87);
#15448 = PRODUCT_DEFINITION_SHAPE('Placement','Placement of an item',
  #15449);
#15449 = NEXT_ASSEMBLY_USAGE_OCCURRENCE('19','fry_13','',#5,#14748,$);
#15450 = PRODUCT_RELATED_PRODUCT_CATEGORY('part',$,(#14750));
#15451 = SHAPE_DEFINITION_REPRESENTATION(#15452,#15458);
#15452 = PRODUCT_DEFINITION_SHAPE('','',#15453);
#15453 = PRODUCT_DEFINITION('design','',#15454,#15457);
#15454 = PRODUCT_DEFINITION_FORMATION('','',#15455);
#15455 = PRODUCT('fry_14','fry_14','',(#15456));
#15456 = PRODUCT_CONTEXT('',#2,'mechanical');
#15457 = PRODUCT_DEFINITION_CONTEXT('part definition',#2,'design');
#15458 = ADVANCED_BREP_SHAPE_REPRESENTATION('',(#11,#15459),#16145);
#15459 = MANIFOLD_SOLID_BREP('',#15460);
#15460 = CLOSED_SHELL('',(#15461,#15602,#15679,#15765,#15842,#15928,
    #16005,#16074,#16123,#16134));
#15461 = ADVANCED_FACE('',(#15462),#15476,.T.);
#15462 = FACE_BOUND('',#15463,.T.);
#15463 = EDGE_LOOP('',(#15464,#15499,#15538,#15565));
#15464 = ORIENTED_EDGE('',*,*,#15465,.F.);
#15465 = EDGE_CURVE('',#15466,#15468,#15470,.T.);
#15466 = VERTEX_POINT('',#15467);
#15467 = CARTESIAN_POINT('',(-4.956813716518,-3.756813716518,0.));
#15468 = VERTEX_POINT('',#15469);
#15469 = CARTESIAN_POINT('',(-4.956813716518,3.75681366938,0.));
#15470 = SURFACE_CURVE('',#15471,(#15475,#15487),.PCURVE_S1.);
#15471 = LINE('',#15472,#15473);
#15472 = CARTESIAN_POINT('',(-4.956813716518,2.176037128265E-14,0.));
#15473 = VECTOR('',#15474,1.);
#15474 = DIRECTION('',(0.,1.,0.));
#15475 = PCURVE('',#15476,#15481);
#15476 = B_SPLINE_SURFACE_WITH_KNOTS('',1,1,(
    (#15477,#15478)
    ,(#15479,#15480
    )),.UNSPECIFIED.,.F.,.F.,.F.,(2,2),(2,2),(-3.75681366938,
    3.756813716518),(0.,1.),.PIECEWISE_BEZIER_KNOTS.);
#15477 = CARTESIAN_POINT('',(-4.956813716518,3.75681366938,0.));
#15478 = CARTESIAN_POINT('',(-4.064587247545,3.064587209806,
    79.818806620799));
#15479 = CARTESIAN_POINT('',(-4.956813716518,-3.756813716518,0.));
#15480 = CARTESIAN_POINT('',(-4.064587247545,-3.064587247545,
    79.818806620799));
#15481 = DEFINITIONAL_REPRESENTATION('',(#15482),#15486);
#15482 = LINE('',#15483,#15484);
#15483 = CARTESIAN_POINT('',(0.,0.));
#15484 = VECTOR('',#15485,1.);
#15485 = DIRECTION('',(-1.,0.));
#15486 = ( GEOMETRIC_REPRESENTATION_CONTEXT(2) 
PARAMETRIC_REPRESENTATION_CONTEXT() REPRESENTATION_CONTEXT('2D SPACE',''
  ) );
#15487 = PCURVE('',#15488,#15493);
#15488 = PLANE('',#15489);
#15489 = AXIS2_PLACEMENT_3D('',#15490,#15491,#15492);
#15490 = CARTESIAN_POINT('',(-3.756813716518,-3.756813716518,0.));
#15491 = DIRECTION('',(0.,0.,-1.));
#15492 = DIRECTION('',(-1.,0.,0.));
#15493 = DEFINITIONAL_REPRESENTATION('',(#15494),#15498);
#15494 = LINE('',#15495,#15496);
#15495 = CARTESIAN_POINT('',(1.2,3.756813716518));
#15496 = VECTOR('',#15497,1.);
#15497 = DIRECTION('',(0.,1.));
#15498 = ( GEOMETRIC_REPRESENTATION_CONTEXT(2) 
PARAMETRIC_REPRESENTATION_CONTEXT() REPRESENTATION_CONTEXT('2D SPACE',''
  ) );
#15499 = ORIENTED_EDGE('',*,*,#15500,.T.);
#15500 = EDGE_CURVE('',#15466,#15501,#15503,.T.);
#15501 = VERTEX_POINT('',#15502);
#15502 = CARTESIAN_POINT('',(-4.064587247545,-3.064587247545,
    79.818806620799));
#15503 = SURFACE_CURVE('',#15504,(#15507,#15514),.PCURVE_S1.);
#15504 = B_SPLINE_CURVE_WITH_KNOTS('',1,(#15505,#15506),.UNSPECIFIED.,
  .F.,.F.,(2,2),(0.,1.),.PIECEWISE_BEZIER_KNOTS.);
#15505 = CARTESIAN_POINT('',(-4.956813716518,-3.756813716518,0.));
#15506 = CARTESIAN_POINT('',(-4.064587247545,-3.064587247545,
    79.818806620799));
#15507 = PCURVE('',#15476,#15508);
#15508 = DEFINITIONAL_REPRESENTATION('',(#15509),#15513);
#15509 = LINE('',#15510,#15511);
#15510 = CARTESIAN_POINT('',(3.756813716518,0.));
#15511 = VECTOR('',#15512,1.);
#15512 = DIRECTION('',(0.,1.));
#15513 = ( GEOMETRIC_REPRESENTATION_CONTEXT(2) 
PARAMETRIC_REPRESENTATION_CONTEXT() REPRESENTATION_CONTEXT('2D SPACE',''
  ) );
#15514 = PCURVE('',#15515,#15532);
#15515 = B_SPLINE_SURFACE_WITH_KNOTS('',7,1,(
    (#15516,#15517)
    ,(#15518,#15519)
    ,(#15520,#15521)
    ,(#15522,#15523)
    ,(#15524,#15525)
    ,(#15526,#15527)
    ,(#15528,#15529)
    ,(#15530,#15531
    )),.UNSPECIFIED.,.F.,.F.,.F.,(8,8),(2,2),(0.,1.570796326795),(0.,1.)
  ,.PIECEWISE_BEZIER_KNOTS.);
#15516 = CARTESIAN_POINT('',(-4.956813716518,-3.756813716518,0.));
#15517 = CARTESIAN_POINT('',(-4.064587247545,-3.064587247545,
    79.818806620799));
#15518 = CARTESIAN_POINT('',(-4.956813716518,-4.026093086826,0.));
#15519 = CARTESIAN_POINT('',(-4.064587247545,-3.288986722801,
    79.818806620798));
#15520 = CARTESIAN_POINT('',(-4.886315052656,-4.295371154498,0.));
#15521 = CARTESIAN_POINT('',(-4.005838360993,-3.513385112528,
    79.818806620801));
#15522 = CARTESIAN_POINT('',(-4.745328983161,-4.542510045506,0.));
#15523 = CARTESIAN_POINT('',(-3.888349969747,-3.719334188368,
    79.818806620796));
#15524 = CARTESIAN_POINT('',(-4.542510045506,-4.745328983161,0.));
#15525 = CARTESIAN_POINT('',(-3.719334188368,-3.888349969747,
    79.818806620801));
#15526 = CARTESIAN_POINT('',(-4.295371154498,-4.886315052656,0.));
#15527 = CARTESIAN_POINT('',(-3.513385112528,-4.005838360993,
    79.818806620798));
#15528 = CARTESIAN_POINT('',(-4.026093086826,-4.956813716518,0.));
#15529 = CARTESIAN_POINT('',(-3.288986722801,-4.064587247545,
    79.818806620799));
#15530 = CARTESIAN_POINT('',(-3.756813716518,-4.956813716518,0.));
#15531 = CARTESIAN_POINT('',(-3.064587247545,-4.064587247545,
    79.818806620799));
#15532 = DEFINITIONAL_REPRESENTATION('',(#15533),#15537);
#15533 = LINE('',#15534,#15535);
#15534 = CARTESIAN_POINT('',(0.,0.));
#15535 = VECTOR('',#15536,1.);
#15536 = DIRECTION('',(0.,1.));
#15537 = ( GEOMETRIC_REPRESENTATION_CONTEXT(2) 
PARAMETRIC_REPRESENTATION_CONTEXT() REPRESENTATION_CONTEXT('2D SPACE',''
  ) );
#15538 = ORIENTED_EDGE('',*,*,#15539,.T.);
#15539 = EDGE_CURVE('',#15501,#15540,#15542,.T.);
#15540 = VERTEX_POINT('',#15541);
#15541 = CARTESIAN_POINT('',(-4.064587247545,3.064587209806,
    79.818806620799));
#15542 = SURFACE_CURVE('',#15543,(#15547,#15553),.PCURVE_S1.);
#15543 = LINE('',#15544,#15545);
#15544 = CARTESIAN_POINT('',(-4.064587247545,1.7763568394E-14,
    79.818806620799));
#15545 = VECTOR('',#15546,1.);
#15546 = DIRECTION('',(0.,1.,0.));
#15547 = PCURVE('',#15476,#15548);
#15548 = DEFINITIONAL_REPRESENTATION('',(#15549),#15552);
#15549 = B_SPLINE_CURVE_WITH_KNOTS('',1,(#15550,#15551),.UNSPECIFIED.,
  .F.,.F.,(2,2),(-3.064587247545,3.064587209806),
  .PIECEWISE_BEZIER_KNOTS.);
#15550 = CARTESIAN_POINT('',(3.756813716518,1.));
#15551 = CARTESIAN_POINT('',(-3.75681366938,1.));
#15552 = ( GEOMETRIC_REPRESENTATION_CONTEXT(2) 
PARAMETRIC_REPRESENTATION_CONTEXT() REPRESENTATION_CONTEXT('2D SPACE',''
  ) );
#15553 = PCURVE('',#15554,#15559);
#15554 = PLANE('',#15555);
#15555 = AXIS2_PLACEMENT_3D('',#15556,#15557,#15558);
#15556 = CARTESIAN_POINT('',(-3.064587247545,-3.064587247545,
    79.818806620799));
#15557 = DIRECTION('',(0.,0.,1.));
#15558 = DIRECTION('',(1.,0.,0.));
#15559 = DEFINITIONAL_REPRESENTATION('',(#15560),#15564);
#15560 = LINE('',#15561,#15562);
#15561 = CARTESIAN_POINT('',(-1.,3.064587247545));
#15562 = VECTOR('',#15563,1.);
#15563 = DIRECTION('',(0.,1.));
#15564 = ( GEOMETRIC_REPRESENTATION_CONTEXT(2) 
PARAMETRIC_REPRESENTATION_CONTEXT() REPRESENTATION_CONTEXT('2D SPACE',''
  ) );
#15565 = ORIENTED_EDGE('',*,*,#15566,.F.);
#15566 = EDGE_CURVE('',#15468,#15540,#15567,.T.);
#15567 = SURFACE_CURVE('',#15568,(#15571,#15578),.PCURVE_S1.);
#15568 = B_SPLINE_CURVE_WITH_KNOTS('',1,(#15569,#15570),.UNSPECIFIED.,
  .F.,.F.,(2,2),(0.,1.),.PIECEWISE_BEZIER_KNOTS.);
#15569 = CARTESIAN_POINT('',(-4.956813716518,3.75681366938,0.));
#15570 = CARTESIAN_POINT('',(-4.064587247545,3.064587209806,
    79.818806620799));
#15571 = PCURVE('',#15476,#15572);
#15572 = DEFINITIONAL_REPRESENTATION('',(#15573),#15577);
#15573 = LINE('',#15574,#15575);
#15574 = CARTESIAN_POINT('',(-3.75681366938,0.));
#15575 = VECTOR('',#15576,1.);
#15576 = DIRECTION('',(0.,1.));
#15577 = ( GEOMETRIC_REPRESENTATION_CONTEXT(2) 
PARAMETRIC_REPRESENTATION_CONTEXT() REPRESENTATION_CONTEXT('2D SPACE',''
  ) );
#15578 = PCURVE('',#15579,#15596);
#15579 = B_SPLINE_SURFACE_WITH_KNOTS('',7,1,(
    (#15580,#15581)
    ,(#15582,#15583)
    ,(#15584,#15585)
    ,(#15586,#15587)
    ,(#15588,#15589)
    ,(#15590,#15591)
    ,(#15592,#15593)
    ,(#15594,#15595
    )),.UNSPECIFIED.,.F.,.F.,.F.,(8,8),(2,2),(4.712388980385,
    6.28318530718),(0.,1.),.PIECEWISE_BEZIER_KNOTS.);
#15580 = CARTESIAN_POINT('',(-3.756813716518,4.95681366938,0.));
#15581 = CARTESIAN_POINT('',(-3.064587247545,4.064587209806,
    79.818806620799));
#15582 = CARTESIAN_POINT('',(-4.026093086826,4.95681366938,0.));
#15583 = CARTESIAN_POINT('',(-3.288986722801,4.064587209806,
    79.818806620799));
#15584 = CARTESIAN_POINT('',(-4.295371154498,4.886315005518,0.));
#15585 = CARTESIAN_POINT('',(-3.513385112528,4.005838323255,
    79.818806620798));
#15586 = CARTESIAN_POINT('',(-4.542510045506,4.745328936023,0.));
#15587 = CARTESIAN_POINT('',(-3.719334188368,3.888349932009,
    79.8188066208));
#15588 = CARTESIAN_POINT('',(-4.745328983161,4.542509998368,0.));
#15589 = CARTESIAN_POINT('',(-3.888349969747,3.719334150629,
    79.818806620798));
#15590 = CARTESIAN_POINT('',(-4.886315052656,4.29537110736,0.));
#15591 = CARTESIAN_POINT('',(-4.005838360993,3.51338507479,79.8188066208
    ));
#15592 = CARTESIAN_POINT('',(-4.956813716518,4.026093039688,0.));
#15593 = CARTESIAN_POINT('',(-4.064587247545,3.288986685063,
    79.818806620799));
#15594 = CARTESIAN_POINT('',(-4.956813716518,3.75681366938,0.));
#15595 = CARTESIAN_POINT('',(-4.064587247545,3.064587209806,
    79.818806620799));
#15596 = DEFINITIONAL_REPRESENTATION('',(#15597),#15601);
#15597 = LINE('',#15598,#15599);
#15598 = CARTESIAN_POINT('',(6.28318530718,0.));
#15599 = VECTOR('',#15600,1.);
#15600 = DIRECTION('',(0.,1.));
#15601 = ( GEOMETRIC_REPRESENTATION_CONTEXT(2) 
PARAMETRIC_REPRESENTATION_CONTEXT() REPRESENTATION_CONTEXT('2D SPACE',''
  ) );
#15602 = ADVANCED_FACE('',(#15603),#15515,.T.);
#15603 = FACE_BOUND('',#15604,.T.);
#15604 = EDGE_LOOP('',(#15605,#15629,#15656,#15678));
#15605 = ORIENTED_EDGE('',*,*,#15606,.F.);
#15606 = EDGE_CURVE('',#15607,#15466,#15609,.T.);
#15607 = VERTEX_POINT('',#15608);
#15608 = CARTESIAN_POINT('',(-3.756813716518,-4.956813716518,0.));
#15609 = SURFACE_CURVE('',#15610,(#15615,#15622),.PCURVE_S1.);
#15610 = CIRCLE('',#15611,1.2);
#15611 = AXIS2_PLACEMENT_3D('',#15612,#15613,#15614);
#15612 = CARTESIAN_POINT('',(-3.756813716518,-3.756813716518,0.));
#15613 = DIRECTION('',(0.,0.,-1.));
#15614 = DIRECTION('',(-1.,0.,0.));
#15615 = PCURVE('',#15515,#15616);
#15616 = DEFINITIONAL_REPRESENTATION('',(#15617),#15621);
#15617 = LINE('',#15618,#15619);
#15618 = CARTESIAN_POINT('',(6.28318530718,0.));
#15619 = VECTOR('',#15620,1.);
#15620 = DIRECTION('',(-1.,0.));
#15621 = ( GEOMETRIC_REPRESENTATION_CONTEXT(2) 
PARAMETRIC_REPRESENTATION_CONTEXT() REPRESENTATION_CONTEXT('2D SPACE',''
  ) );
#15622 = PCURVE('',#15488,#15623);
#15623 = DEFINITIONAL_REPRESENTATION('',(#15624),#15628);
#15624 = CIRCLE('',#15625,1.2);
#15625 = AXIS2_PLACEMENT_2D('',#15626,#15627);
#15626 = CARTESIAN_POINT('',(0.,0.));
#15627 = DIRECTION('',(1.,0.));
#15628 = ( GEOMETRIC_REPRESENTATION_CONTEXT(2) 
PARAMETRIC_REPRESENTATION_CONTEXT() REPRESENTATION_CONTEXT('2D SPACE',''
  ) );
#15629 = ORIENTED_EDGE('',*,*,#15630,.T.);
#15630 = EDGE_CURVE('',#15607,#15631,#15633,.T.);
#15631 = VERTEX_POINT('',#15632);
#15632 = CARTESIAN_POINT('',(-3.064587247545,-4.064587247545,
    79.818806620799));
#15633 = SURFACE_CURVE('',#15634,(#15637,#15644),.PCURVE_S1.);
#15634 = B_SPLINE_CURVE_WITH_KNOTS('',1,(#15635,#15636),.UNSPECIFIED.,
  .F.,.F.,(2,2),(0.,1.),.PIECEWISE_BEZIER_KNOTS.);
#15635 = CARTESIAN_POINT('',(-3.756813716518,-4.956813716518,0.));
#15636 = CARTESIAN_POINT('',(-3.064587247545,-4.064587247545,
    79.818806620799));
#15637 = PCURVE('',#15515,#15638);
#15638 = DEFINITIONAL_REPRESENTATION('',(#15639),#15643);
#15639 = LINE('',#15640,#15641);
#15640 = CARTESIAN_POINT('',(1.570796326795,0.));
#15641 = VECTOR('',#15642,1.);
#15642 = DIRECTION('',(0.,1.));
#15643 = ( GEOMETRIC_REPRESENTATION_CONTEXT(2) 
PARAMETRIC_REPRESENTATION_CONTEXT() REPRESENTATION_CONTEXT('2D SPACE',''
  ) );
#15644 = PCURVE('',#15645,#15650);
#15645 = B_SPLINE_SURFACE_WITH_KNOTS('',1,1,(
    (#15646,#15647)
    ,(#15648,#15649
    )),.UNSPECIFIED.,.F.,.F.,.F.,(2,2),(2,2),(-3.756813716518,
    3.75681366938),(0.,1.),.PIECEWISE_BEZIER_KNOTS.);
#15646 = CARTESIAN_POINT('',(-3.756813716518,-4.956813716518,0.));
#15647 = CARTESIAN_POINT('',(-3.064587247545,-4.064587247545,
    79.818806620799));
#15648 = CARTESIAN_POINT('',(3.75681366938,-4.956813716518,0.));
#15649 = CARTESIAN_POINT('',(3.064587209806,-4.064587247545,
    79.818806620799));
#15650 = DEFINITIONAL_REPRESENTATION('',(#15651),#15655);
#15651 = LINE('',#15652,#15653);
#15652 = CARTESIAN_POINT('',(-3.756813716518,0.));
#15653 = VECTOR('',#15654,1.);
#15654 = DIRECTION('',(0.,1.));
#15655 = ( GEOMETRIC_REPRESENTATION_CONTEXT(2) 
PARAMETRIC_REPRESENTATION_CONTEXT() REPRESENTATION_CONTEXT('2D SPACE',''
  ) );
#15656 = ORIENTED_EDGE('',*,*,#15657,.F.);
#15657 = EDGE_CURVE('',#15501,#15631,#15658,.T.);
#15658 = SURFACE_CURVE('',#15659,(#15664,#15671),.PCURVE_S1.);
#15659 = CIRCLE('',#15660,1.);
#15660 = AXIS2_PLACEMENT_3D('',#15661,#15662,#15663);
#15661 = CARTESIAN_POINT('',(-3.064587247545,-3.064587247545,
    79.818806620799));
#15662 = DIRECTION('',(0.,0.,1.));
#15663 = DIRECTION('',(1.,0.,0.));
#15664 = PCURVE('',#15515,#15665);
#15665 = DEFINITIONAL_REPRESENTATION('',(#15666),#15670);
#15666 = LINE('',#15667,#15668);
#15667 = CARTESIAN_POINT('',(-3.14159265359,1.));
#15668 = VECTOR('',#15669,1.);
#15669 = DIRECTION('',(1.,0.));
#15670 = ( GEOMETRIC_REPRESENTATION_CONTEXT(2) 
PARAMETRIC_REPRESENTATION_CONTEXT() REPRESENTATION_CONTEXT('2D SPACE',''
  ) );
#15671 = PCURVE('',#15554,#15672);
#15672 = DEFINITIONAL_REPRESENTATION('',(#15673),#15677);
#15673 = CIRCLE('',#15674,1.);
#15674 = AXIS2_PLACEMENT_2D('',#15675,#15676);
#15675 = CARTESIAN_POINT('',(0.,0.));
#15676 = DIRECTION('',(1.,0.));
#15677 = ( GEOMETRIC_REPRESENTATION_CONTEXT(2) 
PARAMETRIC_REPRESENTATION_CONTEXT() REPRESENTATION_CONTEXT('2D SPACE',''
  ) );
#15678 = ORIENTED_EDGE('',*,*,#15500,.F.);
#15679 = ADVANCED_FACE('',(#15680),#15645,.T.);
#15680 = FACE_BOUND('',#15681,.T.);
#15681 = EDGE_LOOP('',(#15682,#15705,#15744,#15764));
#15682 = ORIENTED_EDGE('',*,*,#15683,.T.);
#15683 = EDGE_CURVE('',#15607,#15684,#15686,.T.);
#15684 = VERTEX_POINT('',#15685);
#15685 = CARTESIAN_POINT('',(3.75681366938,-4.956813716518,0.));
#15686 = SURFACE_CURVE('',#15687,(#15691,#15698),.PCURVE_S1.);
#15687 = LINE('',#15688,#15689);
#15688 = CARTESIAN_POINT('',(4.440892098501E-16,-4.956813716518,0.));
#15689 = VECTOR('',#15690,1.);
#15690 = DIRECTION('',(1.,0.,0.));
#15691 = PCURVE('',#15645,#15692);
#15692 = DEFINITIONAL_REPRESENTATION('',(#15693),#15697);
#15693 = LINE('',#15694,#15695);
#15694 = CARTESIAN_POINT('',(0.,0.));
#15695 = VECTOR('',#15696,1.);
#15696 = DIRECTION('',(1.,0.));
#15697 = ( GEOMETRIC_REPRESENTATION_CONTEXT(2) 
PARAMETRIC_REPRESENTATION_CONTEXT() REPRESENTATION_CONTEXT('2D SPACE',''
  ) );
#15698 = PCURVE('',#15488,#15699);
#15699 = DEFINITIONAL_REPRESENTATION('',(#15700),#15704);
#15700 = LINE('',#15701,#15702);
#15701 = CARTESIAN_POINT('',(-3.756813716518,-1.2));
#15702 = VECTOR('',#15703,1.);
#15703 = DIRECTION('',(-1.,0.));
#15704 = ( GEOMETRIC_REPRESENTATION_CONTEXT(2) 
PARAMETRIC_REPRESENTATION_CONTEXT() REPRESENTATION_CONTEXT('2D SPACE',''
  ) );
#15705 = ORIENTED_EDGE('',*,*,#15706,.T.);
#15706 = EDGE_CURVE('',#15684,#15707,#15709,.T.);
#15707 = VERTEX_POINT('',#15708);
#15708 = CARTESIAN_POINT('',(3.064587209806,-4.064587247545,
    79.818806620799));
#15709 = SURFACE_CURVE('',#15710,(#15713,#15720),.PCURVE_S1.);
#15710 = B_SPLINE_CURVE_WITH_KNOTS('',1,(#15711,#15712),.UNSPECIFIED.,
  .F.,.F.,(2,2),(0.,1.),.PIECEWISE_BEZIER_KNOTS.);
#15711 = CARTESIAN_POINT('',(3.75681366938,-4.956813716518,0.));
#15712 = CARTESIAN_POINT('',(3.064587209806,-4.064587247545,
    79.818806620799));
#15713 = PCURVE('',#15645,#15714);
#15714 = DEFINITIONAL_REPRESENTATION('',(#15715),#15719);
#15715 = LINE('',#15716,#15717);
#15716 = CARTESIAN_POINT('',(3.75681366938,0.));
#15717 = VECTOR('',#15718,1.);
#15718 = DIRECTION('',(0.,1.));
#15719 = ( GEOMETRIC_REPRESENTATION_CONTEXT(2) 
PARAMETRIC_REPRESENTATION_CONTEXT() REPRESENTATION_CONTEXT('2D SPACE',''
  ) );
#15720 = PCURVE('',#15721,#15738);
#15721 = B_SPLINE_SURFACE_WITH_KNOTS('',7,1,(
    (#15722,#15723)
    ,(#15724,#15725)
    ,(#15726,#15727)
    ,(#15728,#15729)
    ,(#15730,#15731)
    ,(#15732,#15733)
    ,(#15734,#15735)
    ,(#15736,#15737
    )),.UNSPECIFIED.,.F.,.F.,.F.,(8,8),(2,2),(1.570796326795,
    3.14159265359),(0.,1.),.PIECEWISE_BEZIER_KNOTS.);
#15722 = CARTESIAN_POINT('',(3.75681366938,-4.956813716518,0.));
#15723 = CARTESIAN_POINT('',(3.064587209806,-4.064587247545,
    79.818806620799));
#15724 = CARTESIAN_POINT('',(4.026093039688,-4.956813716518,0.));
#15725 = CARTESIAN_POINT('',(3.288986685063,-4.064587247545,
    79.8188066208));
#15726 = CARTESIAN_POINT('',(4.29537110736,-4.886315052656,0.));
#15727 = CARTESIAN_POINT('',(3.51338507479,-4.005838360993,
    79.818806620797));
#15728 = CARTESIAN_POINT('',(4.542509998368,-4.745328983161,0.));
#15729 = CARTESIAN_POINT('',(3.719334150629,-3.888349969747,
    79.818806620802));
#15730 = CARTESIAN_POINT('',(4.745328936023,-4.542510045506,0.));
#15731 = CARTESIAN_POINT('',(3.888349932008,-3.719334188368,
    79.818806620797));
#15732 = CARTESIAN_POINT('',(4.886315005518,-4.295371154498,0.));
#15733 = CARTESIAN_POINT('',(4.005838323255,-3.513385112528,
    79.8188066208));
#15734 = CARTESIAN_POINT('',(4.95681366938,-4.026093086826,0.));
#15735 = CARTESIAN_POINT('',(4.064587209806,-3.288986722801,
    79.818806620799));
#15736 = CARTESIAN_POINT('',(4.95681366938,-3.756813716518,0.));
#15737 = CARTESIAN_POINT('',(4.064587209806,-3.064587247545,
    79.818806620799));
#15738 = DEFINITIONAL_REPRESENTATION('',(#15739),#15743);
#15739 = LINE('',#15740,#15741);
#15740 = CARTESIAN_POINT('',(1.570796326795,0.));
#15741 = VECTOR('',#15742,1.);
#15742 = DIRECTION('',(0.,1.));
#15743 = ( GEOMETRIC_REPRESENTATION_CONTEXT(2) 
PARAMETRIC_REPRESENTATION_CONTEXT() REPRESENTATION_CONTEXT('2D SPACE',''
  ) );
#15744 = ORIENTED_EDGE('',*,*,#15745,.F.);
#15745 = EDGE_CURVE('',#15631,#15707,#15746,.T.);
#15746 = SURFACE_CURVE('',#15747,(#15751,#15757),.PCURVE_S1.);
#15747 = LINE('',#15748,#15749);
#15748 = CARTESIAN_POINT('',(0.,-4.064587247545,79.818806620799));
#15749 = VECTOR('',#15750,1.);
#15750 = DIRECTION('',(1.,0.,0.));
#15751 = PCURVE('',#15645,#15752);
#15752 = DEFINITIONAL_REPRESENTATION('',(#15753),#15756);
#15753 = B_SPLINE_CURVE_WITH_KNOTS('',1,(#15754,#15755),.UNSPECIFIED.,
  .F.,.F.,(2,2),(-3.064587247545,3.064587209806),
  .PIECEWISE_BEZIER_KNOTS.);
#15754 = CARTESIAN_POINT('',(-3.756813716518,1.));
#15755 = CARTESIAN_POINT('',(3.75681366938,1.));
#15756 = ( GEOMETRIC_REPRESENTATION_CONTEXT(2) 
PARAMETRIC_REPRESENTATION_CONTEXT() REPRESENTATION_CONTEXT('2D SPACE',''
  ) );
#15757 = PCURVE('',#15554,#15758);
#15758 = DEFINITIONAL_REPRESENTATION('',(#15759),#15763);
#15759 = LINE('',#15760,#15761);
#15760 = CARTESIAN_POINT('',(3.064587247545,-1.));
#15761 = VECTOR('',#15762,1.);
#15762 = DIRECTION('',(1.,0.));
#15763 = ( GEOMETRIC_REPRESENTATION_CONTEXT(2) 
PARAMETRIC_REPRESENTATION_CONTEXT() REPRESENTATION_CONTEXT('2D SPACE',''
  ) );
#15764 = ORIENTED_EDGE('',*,*,#15630,.F.);
#15765 = ADVANCED_FACE('',(#15766),#15721,.T.);
#15766 = FACE_BOUND('',#15767,.T.);
#15767 = EDGE_LOOP('',(#15768,#15792,#15819,#15841));
#15768 = ORIENTED_EDGE('',*,*,#15769,.F.);
#15769 = EDGE_CURVE('',#15770,#15684,#15772,.T.);
#15770 = VERTEX_POINT('',#15771);
#15771 = CARTESIAN_POINT('',(4.956813692949,-3.756813716518,0.));
#15772 = SURFACE_CURVE('',#15773,(#15778,#15785),.PCURVE_S1.);
#15773 = CIRCLE('',#15774,1.2);
#15774 = AXIS2_PLACEMENT_3D('',#15775,#15776,#15777);
#15775 = CARTESIAN_POINT('',(3.75681366938,-3.756813716518,0.));
#15776 = DIRECTION('',(0.,0.,-1.));
#15777 = DIRECTION('',(-1.,0.,0.));
#15778 = PCURVE('',#15721,#15779);
#15779 = DEFINITIONAL_REPRESENTATION('',(#15780),#15784);
#15780 = LINE('',#15781,#15782);
#15781 = CARTESIAN_POINT('',(6.28318530718,0.));
#15782 = VECTOR('',#15783,1.);
#15783 = DIRECTION('',(-1.,0.));
#15784 = ( GEOMETRIC_REPRESENTATION_CONTEXT(2) 
PARAMETRIC_REPRESENTATION_CONTEXT() REPRESENTATION_CONTEXT('2D SPACE',''
  ) );
#15785 = PCURVE('',#15488,#15786);
#15786 = DEFINITIONAL_REPRESENTATION('',(#15787),#15791);
#15787 = CIRCLE('',#15788,1.2);
#15788 = AXIS2_PLACEMENT_2D('',#15789,#15790);
#15789 = CARTESIAN_POINT('',(-7.513627385898,4.352074256531E-14));
#15790 = DIRECTION('',(1.,0.));
#15791 = ( GEOMETRIC_REPRESENTATION_CONTEXT(2) 
PARAMETRIC_REPRESENTATION_CONTEXT() REPRESENTATION_CONTEXT('2D SPACE',''
  ) );
#15792 = ORIENTED_EDGE('',*,*,#15793,.T.);
#15793 = EDGE_CURVE('',#15770,#15794,#15796,.T.);
#15794 = VERTEX_POINT('',#15795);
#15795 = CARTESIAN_POINT('',(4.064587228676,-3.064587247545,
    79.818806620799));
#15796 = SURFACE_CURVE('',#15797,(#15800,#15807),.PCURVE_S1.);
#15797 = B_SPLINE_CURVE_WITH_KNOTS('',1,(#15798,#15799),.UNSPECIFIED.,
  .F.,.F.,(2,2),(0.,1.),.PIECEWISE_BEZIER_KNOTS.);
#15798 = CARTESIAN_POINT('',(4.95681366938,-3.756813716518,0.));
#15799 = CARTESIAN_POINT('',(4.064587209806,-3.064587247545,
    79.818806620799));
#15800 = PCURVE('',#15721,#15801);
#15801 = DEFINITIONAL_REPRESENTATION('',(#15802),#15806);
#15802 = LINE('',#15803,#15804);
#15803 = CARTESIAN_POINT('',(3.14159265359,0.));
#15804 = VECTOR('',#15805,1.);
#15805 = DIRECTION('',(0.,1.));
#15806 = ( GEOMETRIC_REPRESENTATION_CONTEXT(2) 
PARAMETRIC_REPRESENTATION_CONTEXT() REPRESENTATION_CONTEXT('2D SPACE',''
  ) );
#15807 = PCURVE('',#15808,#15813);
#15808 = B_SPLINE_SURFACE_WITH_KNOTS('',1,1,(
    (#15809,#15810)
    ,(#15811,#15812
    )),.UNSPECIFIED.,.F.,.F.,.F.,(2,2),(2,2),(-3.756813716518,
    3.75681366938),(0.,1.),.PIECEWISE_BEZIER_KNOTS.);
#15809 = CARTESIAN_POINT('',(4.956813716518,-3.756813716518,0.));
#15810 = CARTESIAN_POINT('',(4.064587247545,-3.064587247545,
    79.818806620799));
#15811 = CARTESIAN_POINT('',(4.956813716518,3.75681366938,0.));
#15812 = CARTESIAN_POINT('',(4.064587247545,3.064587209806,
    79.818806620799));
#15813 = DEFINITIONAL_REPRESENTATION('',(#15814),#15818);
#15814 = LINE('',#15815,#15816);
#15815 = CARTESIAN_POINT('',(-3.756813716518,0.));
#15816 = VECTOR('',#15817,1.);
#15817 = DIRECTION('',(0.,1.));
#15818 = ( GEOMETRIC_REPRESENTATION_CONTEXT(2) 
PARAMETRIC_REPRESENTATION_CONTEXT() REPRESENTATION_CONTEXT('2D SPACE',''
  ) );
#15819 = ORIENTED_EDGE('',*,*,#15820,.F.);
#15820 = EDGE_CURVE('',#15707,#15794,#15821,.T.);
#15821 = SURFACE_CURVE('',#15822,(#15827,#15834),.PCURVE_S1.);
#15822 = CIRCLE('',#15823,1.);
#15823 = AXIS2_PLACEMENT_3D('',#15824,#15825,#15826);
#15824 = CARTESIAN_POINT('',(3.064587209806,-3.064587247545,
    79.818806620799));
#15825 = DIRECTION('',(0.,0.,1.));
#15826 = DIRECTION('',(1.,0.,0.));
#15827 = PCURVE('',#15721,#15828);
#15828 = DEFINITIONAL_REPRESENTATION('',(#15829),#15833);
#15829 = LINE('',#15830,#15831);
#15830 = CARTESIAN_POINT('',(-3.14159265359,1.));
#15831 = VECTOR('',#15832,1.);
#15832 = DIRECTION('',(1.,0.));
#15833 = ( GEOMETRIC_REPRESENTATION_CONTEXT(2) 
PARAMETRIC_REPRESENTATION_CONTEXT() REPRESENTATION_CONTEXT('2D SPACE',''
  ) );
#15834 = PCURVE('',#15554,#15835);
#15835 = DEFINITIONAL_REPRESENTATION('',(#15836),#15840);
#15836 = CIRCLE('',#15837,1.);
#15837 = AXIS2_PLACEMENT_2D('',#15838,#15839);
#15838 = CARTESIAN_POINT('',(6.129174457351,3.552713678801E-14));
#15839 = DIRECTION('',(1.,0.));
#15840 = ( GEOMETRIC_REPRESENTATION_CONTEXT(2) 
PARAMETRIC_REPRESENTATION_CONTEXT() REPRESENTATION_CONTEXT('2D SPACE',''
  ) );
#15841 = ORIENTED_EDGE('',*,*,#15706,.F.);
#15842 = ADVANCED_FACE('',(#15843),#15808,.T.);
#15843 = FACE_BOUND('',#15844,.T.);
#15844 = EDGE_LOOP('',(#15845,#15868,#15907,#15927));
#15845 = ORIENTED_EDGE('',*,*,#15846,.T.);
#15846 = EDGE_CURVE('',#15770,#15847,#15849,.T.);
#15847 = VERTEX_POINT('',#15848);
#15848 = CARTESIAN_POINT('',(4.956813716518,3.75681366938,0.));
#15849 = SURFACE_CURVE('',#15850,(#15854,#15861),.PCURVE_S1.);
#15850 = LINE('',#15851,#15852);
#15851 = CARTESIAN_POINT('',(4.956813716518,2.176037128265E-14,0.));
#15852 = VECTOR('',#15853,1.);
#15853 = DIRECTION('',(0.,1.,0.));
#15854 = PCURVE('',#15808,#15855);
#15855 = DEFINITIONAL_REPRESENTATION('',(#15856),#15860);
#15856 = LINE('',#15857,#15858);
#15857 = CARTESIAN_POINT('',(0.,0.));
#15858 = VECTOR('',#15859,1.);
#15859 = DIRECTION('',(1.,0.));
#15860 = ( GEOMETRIC_REPRESENTATION_CONTEXT(2) 
PARAMETRIC_REPRESENTATION_CONTEXT() REPRESENTATION_CONTEXT('2D SPACE',''
  ) );
#15861 = PCURVE('',#15488,#15862);
#15862 = DEFINITIONAL_REPRESENTATION('',(#15863),#15867);
#15863 = LINE('',#15864,#15865);
#15864 = CARTESIAN_POINT('',(-8.713627433036,3.756813716518));
#15865 = VECTOR('',#15866,1.);
#15866 = DIRECTION('',(0.,1.));
#15867 = ( GEOMETRIC_REPRESENTATION_CONTEXT(2) 
PARAMETRIC_REPRESENTATION_CONTEXT() REPRESENTATION_CONTEXT('2D SPACE',''
  ) );
#15868 = ORIENTED_EDGE('',*,*,#15869,.T.);
#15869 = EDGE_CURVE('',#15847,#15870,#15872,.T.);
#15870 = VERTEX_POINT('',#15871);
#15871 = CARTESIAN_POINT('',(4.064587247545,3.064587209806,
    79.818806620799));
#15872 = SURFACE_CURVE('',#15873,(#15876,#15883),.PCURVE_S1.);
#15873 = B_SPLINE_CURVE_WITH_KNOTS('',1,(#15874,#15875),.UNSPECIFIED.,
  .F.,.F.,(2,2),(0.,1.),.PIECEWISE_BEZIER_KNOTS.);
#15874 = CARTESIAN_POINT('',(4.956813716518,3.75681366938,0.));
#15875 = CARTESIAN_POINT('',(4.064587247545,3.064587209806,
    79.818806620799));
#15876 = PCURVE('',#15808,#15877);
#15877 = DEFINITIONAL_REPRESENTATION('',(#15878),#15882);
#15878 = LINE('',#15879,#15880);
#15879 = CARTESIAN_POINT('',(3.75681366938,0.));
#15880 = VECTOR('',#15881,1.);
#15881 = DIRECTION('',(0.,1.));
#15882 = ( GEOMETRIC_REPRESENTATION_CONTEXT(2) 
PARAMETRIC_REPRESENTATION_CONTEXT() REPRESENTATION_CONTEXT('2D SPACE',''
  ) );
#15883 = PCURVE('',#15884,#15901);
#15884 = B_SPLINE_SURFACE_WITH_KNOTS('',7,1,(
    (#15885,#15886)
    ,(#15887,#15888)
    ,(#15889,#15890)
    ,(#15891,#15892)
    ,(#15893,#15894)
    ,(#15895,#15896)
    ,(#15897,#15898)
    ,(#15899,#15900
    )),.UNSPECIFIED.,.F.,.F.,.F.,(8,8),(2,2),(3.14159265359,
    4.712388980385),(0.,1.),.PIECEWISE_BEZIER_KNOTS.);
#15885 = CARTESIAN_POINT('',(4.956813716518,3.75681366938,0.));
#15886 = CARTESIAN_POINT('',(4.064587247545,3.064587209806,
    79.818806620799));
#15887 = CARTESIAN_POINT('',(4.956813716518,4.026093039688,0.));
#15888 = CARTESIAN_POINT('',(4.064587247545,3.288986685063,
    79.818806620799));
#15889 = CARTESIAN_POINT('',(4.886315052656,4.29537110736,0.));
#15890 = CARTESIAN_POINT('',(4.005838360993,3.51338507479,
    79.818806620799));
#15891 = CARTESIAN_POINT('',(4.745328983161,4.542509998368,0.));
#15892 = CARTESIAN_POINT('',(3.888349969747,3.719334150629,
    79.818806620799));
#15893 = CARTESIAN_POINT('',(4.542510045506,4.745328936023,0.));
#15894 = CARTESIAN_POINT('',(3.719334188368,3.888349932008,
    79.818806620799));
#15895 = CARTESIAN_POINT('',(4.295371154498,4.886315005518,0.));
#15896 = CARTESIAN_POINT('',(3.513385112528,4.005838323255,
    79.818806620799));
#15897 = CARTESIAN_POINT('',(4.026093086826,4.95681366938,0.));
#15898 = CARTESIAN_POINT('',(3.288986722801,4.064587209806,
    79.818806620799));
#15899 = CARTESIAN_POINT('',(3.756813716518,4.95681366938,0.));
#15900 = CARTESIAN_POINT('',(3.064587247545,4.064587209806,
    79.818806620799));
#15901 = DEFINITIONAL_REPRESENTATION('',(#15902),#15906);
#15902 = LINE('',#15903,#15904);
#15903 = CARTESIAN_POINT('',(3.14159265359,0.));
#15904 = VECTOR('',#15905,1.);
#15905 = DIRECTION('',(0.,1.));
#15906 = ( GEOMETRIC_REPRESENTATION_CONTEXT(2) 
PARAMETRIC_REPRESENTATION_CONTEXT() REPRESENTATION_CONTEXT('2D SPACE',''
  ) );
#15907 = ORIENTED_EDGE('',*,*,#15908,.F.);
#15908 = EDGE_CURVE('',#15794,#15870,#15909,.T.);
#15909 = SURFACE_CURVE('',#15910,(#15914,#15920),.PCURVE_S1.);
#15910 = LINE('',#15911,#15912);
#15911 = CARTESIAN_POINT('',(4.064587247545,1.7763568394E-14,
    79.818806620799));
#15912 = VECTOR('',#15913,1.);
#15913 = DIRECTION('',(0.,1.,0.));
#15914 = PCURVE('',#15808,#15915);
#15915 = DEFINITIONAL_REPRESENTATION('',(#15916),#15919);
#15916 = B_SPLINE_CURVE_WITH_KNOTS('',1,(#15917,#15918),.UNSPECIFIED.,
  .F.,.F.,(2,2),(-3.064587247545,3.064587209806),
  .PIECEWISE_BEZIER_KNOTS.);
#15917 = CARTESIAN_POINT('',(-3.756813716518,1.));
#15918 = CARTESIAN_POINT('',(3.75681366938,1.));
#15919 = ( GEOMETRIC_REPRESENTATION_CONTEXT(2) 
PARAMETRIC_REPRESENTATION_CONTEXT() REPRESENTATION_CONTEXT('2D SPACE',''
  ) );
#15920 = PCURVE('',#15554,#15921);
#15921 = DEFINITIONAL_REPRESENTATION('',(#15922),#15926);
#15922 = LINE('',#15923,#15924);
#15923 = CARTESIAN_POINT('',(7.12917449509,3.064587247545));
#15924 = VECTOR('',#15925,1.);
#15925 = DIRECTION('',(0.,1.));
#15926 = ( GEOMETRIC_REPRESENTATION_CONTEXT(2) 
PARAMETRIC_REPRESENTATION_CONTEXT() REPRESENTATION_CONTEXT('2D SPACE',''
  ) );
#15927 = ORIENTED_EDGE('',*,*,#15793,.F.);
#15928 = ADVANCED_FACE('',(#15929),#15884,.T.);
#15929 = FACE_BOUND('',#15930,.T.);
#15930 = EDGE_LOOP('',(#15931,#15955,#15982,#16004));
#15931 = ORIENTED_EDGE('',*,*,#15932,.F.);
#15932 = EDGE_CURVE('',#15933,#15847,#15935,.T.);
#15933 = VERTEX_POINT('',#15934);
#15934 = CARTESIAN_POINT('',(3.756813716518,4.956813692949,0.));
#15935 = SURFACE_CURVE('',#15936,(#15941,#15948),.PCURVE_S1.);
#15936 = CIRCLE('',#15937,1.2);
#15937 = AXIS2_PLACEMENT_3D('',#15938,#15939,#15940);
#15938 = CARTESIAN_POINT('',(3.756813716518,3.75681366938,0.));
#15939 = DIRECTION('',(0.,0.,-1.));
#15940 = DIRECTION('',(-1.,0.,0.));
#15941 = PCURVE('',#15884,#15942);
#15942 = DEFINITIONAL_REPRESENTATION('',(#15943),#15947);
#15943 = LINE('',#15944,#15945);
#15944 = CARTESIAN_POINT('',(6.28318530718,0.));
#15945 = VECTOR('',#15946,1.);
#15946 = DIRECTION('',(-1.,0.));
#15947 = ( GEOMETRIC_REPRESENTATION_CONTEXT(2) 
PARAMETRIC_REPRESENTATION_CONTEXT() REPRESENTATION_CONTEXT('2D SPACE',''
  ) );
#15948 = PCURVE('',#15488,#15949);
#15949 = DEFINITIONAL_REPRESENTATION('',(#15950),#15954);
#15950 = CIRCLE('',#15951,1.2);
#15951 = AXIS2_PLACEMENT_2D('',#15952,#15953);
#15952 = CARTESIAN_POINT('',(-7.513627433036,7.513627385898));
#15953 = DIRECTION('',(1.,0.));
#15954 = ( GEOMETRIC_REPRESENTATION_CONTEXT(2) 
PARAMETRIC_REPRESENTATION_CONTEXT() REPRESENTATION_CONTEXT('2D SPACE',''
  ) );
#15955 = ORIENTED_EDGE('',*,*,#15956,.T.);
#15956 = EDGE_CURVE('',#15933,#15957,#15959,.T.);
#15957 = VERTEX_POINT('',#15958);
#15958 = CARTESIAN_POINT('',(3.064587247545,4.064587228676,
    79.818806620799));
#15959 = SURFACE_CURVE('',#15960,(#15963,#15970),.PCURVE_S1.);
#15960 = B_SPLINE_CURVE_WITH_KNOTS('',1,(#15961,#15962),.UNSPECIFIED.,
  .F.,.F.,(2,2),(0.,1.),.PIECEWISE_BEZIER_KNOTS.);
#15961 = CARTESIAN_POINT('',(3.756813716518,4.95681366938,0.));
#15962 = CARTESIAN_POINT('',(3.064587247545,4.064587209806,
    79.818806620799));
#15963 = PCURVE('',#15884,#15964);
#15964 = DEFINITIONAL_REPRESENTATION('',(#15965),#15969);
#15965 = LINE('',#15966,#15967);
#15966 = CARTESIAN_POINT('',(4.712388980385,0.));
#15967 = VECTOR('',#15968,1.);
#15968 = DIRECTION('',(0.,1.));
#15969 = ( GEOMETRIC_REPRESENTATION_CONTEXT(2) 
PARAMETRIC_REPRESENTATION_CONTEXT() REPRESENTATION_CONTEXT('2D SPACE',''
  ) );
#15970 = PCURVE('',#15971,#15976);
#15971 = B_SPLINE_SURFACE_WITH_KNOTS('',1,1,(
    (#15972,#15973)
    ,(#15974,#15975
    )),.UNSPECIFIED.,.F.,.F.,.F.,(2,2),(2,2),(-3.756813716518,
    3.756813716518),(0.,1.),.PIECEWISE_BEZIER_KNOTS.);
#15972 = CARTESIAN_POINT('',(3.756813716518,4.956813716518,0.));
#15973 = CARTESIAN_POINT('',(3.064587247545,4.064587247545,
    79.818806620799));
#15974 = CARTESIAN_POINT('',(-3.756813716518,4.956813716518,0.));
#15975 = CARTESIAN_POINT('',(-3.064587247545,4.064587247545,
    79.818806620799));
#15976 = DEFINITIONAL_REPRESENTATION('',(#15977),#15981);
#15977 = LINE('',#15978,#15979);
#15978 = CARTESIAN_POINT('',(-3.756813716518,0.));
#15979 = VECTOR('',#15980,1.);
#15980 = DIRECTION('',(0.,1.));
#15981 = ( GEOMETRIC_REPRESENTATION_CONTEXT(2) 
PARAMETRIC_REPRESENTATION_CONTEXT() REPRESENTATION_CONTEXT('2D SPACE',''
  ) );
#15982 = ORIENTED_EDGE('',*,*,#15983,.F.);
#15983 = EDGE_CURVE('',#15870,#15957,#15984,.T.);
#15984 = SURFACE_CURVE('',#15985,(#15990,#15997),.PCURVE_S1.);
#15985 = CIRCLE('',#15986,1.);
#15986 = AXIS2_PLACEMENT_3D('',#15987,#15988,#15989);
#15987 = CARTESIAN_POINT('',(3.064587247545,3.064587209806,
    79.818806620799));
#15988 = DIRECTION('',(0.,0.,1.));
#15989 = DIRECTION('',(1.,0.,0.));
#15990 = PCURVE('',#15884,#15991);
#15991 = DEFINITIONAL_REPRESENTATION('',(#15992),#15996);
#15992 = LINE('',#15993,#15994);
#15993 = CARTESIAN_POINT('',(3.14159265359,1.));
#15994 = VECTOR('',#15995,1.);
#15995 = DIRECTION('',(1.,0.));
#15996 = ( GEOMETRIC_REPRESENTATION_CONTEXT(2) 
PARAMETRIC_REPRESENTATION_CONTEXT() REPRESENTATION_CONTEXT('2D SPACE',''
  ) );
#15997 = PCURVE('',#15554,#15998);
#15998 = DEFINITIONAL_REPRESENTATION('',(#15999),#16003);
#15999 = CIRCLE('',#16000,1.);
#16000 = AXIS2_PLACEMENT_2D('',#16001,#16002);
#16001 = CARTESIAN_POINT('',(6.12917449509,6.129174457351));
#16002 = DIRECTION('',(1.,0.));
#16003 = ( GEOMETRIC_REPRESENTATION_CONTEXT(2) 
PARAMETRIC_REPRESENTATION_CONTEXT() REPRESENTATION_CONTEXT('2D SPACE',''
  ) );
#16004 = ORIENTED_EDGE('',*,*,#15869,.F.);
#16005 = ADVANCED_FACE('',(#16006),#15971,.T.);
#16006 = FACE_BOUND('',#16007,.T.);
#16007 = EDGE_LOOP('',(#16008,#16031,#16053,#16073));
#16008 = ORIENTED_EDGE('',*,*,#16009,.F.);
#16009 = EDGE_CURVE('',#16010,#15933,#16012,.T.);
#16010 = VERTEX_POINT('',#16011);
#16011 = CARTESIAN_POINT('',(-3.756813716518,4.956813692949,0.));
#16012 = SURFACE_CURVE('',#16013,(#16017,#16024),.PCURVE_S1.);
#16013 = LINE('',#16014,#16015);
#16014 = CARTESIAN_POINT('',(4.440892098501E-16,4.956813716518,0.));
#16015 = VECTOR('',#16016,1.);
#16016 = DIRECTION('',(1.,0.,0.));
#16017 = PCURVE('',#15971,#16018);
#16018 = DEFINITIONAL_REPRESENTATION('',(#16019),#16023);
#16019 = LINE('',#16020,#16021);
#16020 = CARTESIAN_POINT('',(0.,0.));
#16021 = VECTOR('',#16022,1.);
#16022 = DIRECTION('',(-1.,0.));
#16023 = ( GEOMETRIC_REPRESENTATION_CONTEXT(2) 
PARAMETRIC_REPRESENTATION_CONTEXT() REPRESENTATION_CONTEXT('2D SPACE',''
  ) );
#16024 = PCURVE('',#15488,#16025);
#16025 = DEFINITIONAL_REPRESENTATION('',(#16026),#16030);
#16026 = LINE('',#16027,#16028);
#16027 = CARTESIAN_POINT('',(-3.756813716518,8.713627433036));
#16028 = VECTOR('',#16029,1.);
#16029 = DIRECTION('',(-1.,0.));
#16030 = ( GEOMETRIC_REPRESENTATION_CONTEXT(2) 
PARAMETRIC_REPRESENTATION_CONTEXT() REPRESENTATION_CONTEXT('2D SPACE',''
  ) );
#16031 = ORIENTED_EDGE('',*,*,#16032,.T.);
#16032 = EDGE_CURVE('',#16010,#16033,#16035,.T.);
#16033 = VERTEX_POINT('',#16034);
#16034 = CARTESIAN_POINT('',(-3.064587247545,4.064587228676,
    79.818806620799));
#16035 = SURFACE_CURVE('',#16036,(#16039,#16046),.PCURVE_S1.);
#16036 = B_SPLINE_CURVE_WITH_KNOTS('',1,(#16037,#16038),.UNSPECIFIED.,
  .F.,.F.,(2,2),(0.,1.),.PIECEWISE_BEZIER_KNOTS.);
#16037 = CARTESIAN_POINT('',(-3.756813716518,4.956813716518,0.));
#16038 = CARTESIAN_POINT('',(-3.064587247545,4.064587247545,
    79.818806620799));
#16039 = PCURVE('',#15971,#16040);
#16040 = DEFINITIONAL_REPRESENTATION('',(#16041),#16045);
#16041 = LINE('',#16042,#16043);
#16042 = CARTESIAN_POINT('',(3.756813716518,0.));
#16043 = VECTOR('',#16044,1.);
#16044 = DIRECTION('',(0.,1.));
#16045 = ( GEOMETRIC_REPRESENTATION_CONTEXT(2) 
PARAMETRIC_REPRESENTATION_CONTEXT() REPRESENTATION_CONTEXT('2D SPACE',''
  ) );
#16046 = PCURVE('',#15579,#16047);
#16047 = DEFINITIONAL_REPRESENTATION('',(#16048),#16052);
#16048 = LINE('',#16049,#16050);
#16049 = CARTESIAN_POINT('',(4.712388980385,0.));
#16050 = VECTOR('',#16051,1.);
#16051 = DIRECTION('',(0.,1.));
#16052 = ( GEOMETRIC_REPRESENTATION_CONTEXT(2) 
PARAMETRIC_REPRESENTATION_CONTEXT() REPRESENTATION_CONTEXT('2D SPACE',''
  ) );
#16053 = ORIENTED_EDGE('',*,*,#16054,.T.);
#16054 = EDGE_CURVE('',#16033,#15957,#16055,.T.);
#16055 = SURFACE_CURVE('',#16056,(#16060,#16066),.PCURVE_S1.);
#16056 = LINE('',#16057,#16058);
#16057 = CARTESIAN_POINT('',(0.,4.064587247545,79.818806620799));
#16058 = VECTOR('',#16059,1.);
#16059 = DIRECTION('',(1.,0.,0.));
#16060 = PCURVE('',#15971,#16061);
#16061 = DEFINITIONAL_REPRESENTATION('',(#16062),#16065);
#16062 = B_SPLINE_CURVE_WITH_KNOTS('',1,(#16063,#16064),.UNSPECIFIED.,
  .F.,.F.,(2,2),(-3.064587247545,3.064587247545),
  .PIECEWISE_BEZIER_KNOTS.);
#16063 = CARTESIAN_POINT('',(3.756813716518,1.));
#16064 = CARTESIAN_POINT('',(-3.756813716518,1.));
#16065 = ( GEOMETRIC_REPRESENTATION_CONTEXT(2) 
PARAMETRIC_REPRESENTATION_CONTEXT() REPRESENTATION_CONTEXT('2D SPACE',''
  ) );
#16066 = PCURVE('',#15554,#16067);
#16067 = DEFINITIONAL_REPRESENTATION('',(#16068),#16072);
#16068 = LINE('',#16069,#16070);
#16069 = CARTESIAN_POINT('',(3.064587247545,7.12917449509));
#16070 = VECTOR('',#16071,1.);
#16071 = DIRECTION('',(1.,0.));
#16072 = ( GEOMETRIC_REPRESENTATION_CONTEXT(2) 
PARAMETRIC_REPRESENTATION_CONTEXT() REPRESENTATION_CONTEXT('2D SPACE',''
  ) );
#16073 = ORIENTED_EDGE('',*,*,#15956,.F.);
#16074 = ADVANCED_FACE('',(#16075),#15579,.T.);
#16075 = FACE_BOUND('',#16076,.T.);
#16076 = EDGE_LOOP('',(#16077,#16099,#16100,#16122));
#16077 = ORIENTED_EDGE('',*,*,#16078,.F.);
#16078 = EDGE_CURVE('',#15468,#16010,#16079,.T.);
#16079 = SURFACE_CURVE('',#16080,(#16085,#16092),.PCURVE_S1.);
#16080 = CIRCLE('',#16081,1.2);
#16081 = AXIS2_PLACEMENT_3D('',#16082,#16083,#16084);
#16082 = CARTESIAN_POINT('',(-3.756813716518,3.75681366938,0.));
#16083 = DIRECTION('',(0.,0.,-1.));
#16084 = DIRECTION('',(-1.,0.,0.));
#16085 = PCURVE('',#15579,#16086);
#16086 = DEFINITIONAL_REPRESENTATION('',(#16087),#16091);
#16087 = LINE('',#16088,#16089);
#16088 = CARTESIAN_POINT('',(6.28318530718,0.));
#16089 = VECTOR('',#16090,1.);
#16090 = DIRECTION('',(-1.,0.));
#16091 = ( GEOMETRIC_REPRESENTATION_CONTEXT(2) 
PARAMETRIC_REPRESENTATION_CONTEXT() REPRESENTATION_CONTEXT('2D SPACE',''
  ) );
#16092 = PCURVE('',#15488,#16093);
#16093 = DEFINITIONAL_REPRESENTATION('',(#16094),#16098);
#16094 = CIRCLE('',#16095,1.2);
#16095 = AXIS2_PLACEMENT_2D('',#16096,#16097);
#16096 = CARTESIAN_POINT('',(0.,7.513627385898));
#16097 = DIRECTION('',(1.,0.));
#16098 = ( GEOMETRIC_REPRESENTATION_CONTEXT(2) 
PARAMETRIC_REPRESENTATION_CONTEXT() REPRESENTATION_CONTEXT('2D SPACE',''
  ) );
#16099 = ORIENTED_EDGE('',*,*,#15566,.T.);
#16100 = ORIENTED_EDGE('',*,*,#16101,.F.);
#16101 = EDGE_CURVE('',#16033,#15540,#16102,.T.);
#16102 = SURFACE_CURVE('',#16103,(#16108,#16115),.PCURVE_S1.);
#16103 = CIRCLE('',#16104,1.);
#16104 = AXIS2_PLACEMENT_3D('',#16105,#16106,#16107);
#16105 = CARTESIAN_POINT('',(-3.064587247545,3.064587209806,
    79.818806620799));
#16106 = DIRECTION('',(0.,0.,1.));
#16107 = DIRECTION('',(1.,0.,0.));
#16108 = PCURVE('',#15579,#16109);
#16109 = DEFINITIONAL_REPRESENTATION('',(#16110),#16114);
#16110 = LINE('',#16111,#16112);
#16111 = CARTESIAN_POINT('',(3.14159265359,1.));
#16112 = VECTOR('',#16113,1.);
#16113 = DIRECTION('',(1.,0.));
#16114 = ( GEOMETRIC_REPRESENTATION_CONTEXT(2) 
PARAMETRIC_REPRESENTATION_CONTEXT() REPRESENTATION_CONTEXT('2D SPACE',''
  ) );
#16115 = PCURVE('',#15554,#16116);
#16116 = DEFINITIONAL_REPRESENTATION('',(#16117),#16121);
#16117 = CIRCLE('',#16118,1.);
#16118 = AXIS2_PLACEMENT_2D('',#16119,#16120);
#16119 = CARTESIAN_POINT('',(0.,6.129174457351));
#16120 = DIRECTION('',(1.,0.));
#16121 = ( GEOMETRIC_REPRESENTATION_CONTEXT(2) 
PARAMETRIC_REPRESENTATION_CONTEXT() REPRESENTATION_CONTEXT('2D SPACE',''
  ) );
#16122 = ORIENTED_EDGE('',*,*,#16032,.F.);
#16123 = ADVANCED_FACE('',(#16124),#15488,.T.);
#16124 = FACE_BOUND('',#16125,.F.);
#16125 = EDGE_LOOP('',(#16126,#16127,#16128,#16129,#16130,#16131,#16132,
    #16133));
#16126 = ORIENTED_EDGE('',*,*,#15465,.F.);
#16127 = ORIENTED_EDGE('',*,*,#15606,.F.);
#16128 = ORIENTED_EDGE('',*,*,#15683,.T.);
#16129 = ORIENTED_EDGE('',*,*,#15769,.F.);
#16130 = ORIENTED_EDGE('',*,*,#15846,.T.);
#16131 = ORIENTED_EDGE('',*,*,#15932,.F.);
#16132 = ORIENTED_EDGE('',*,*,#16009,.F.);
#16133 = ORIENTED_EDGE('',*,*,#16078,.F.);
#16134 = ADVANCED_FACE('',(#16135),#15554,.T.);
#16135 = FACE_BOUND('',#16136,.T.);
#16136 = EDGE_LOOP('',(#16137,#16138,#16139,#16140,#16141,#16142,#16143,
    #16144));
#16137 = ORIENTED_EDGE('',*,*,#15539,.F.);
#16138 = ORIENTED_EDGE('',*,*,#15657,.T.);
#16139 = ORIENTED_EDGE('',*,*,#15745,.T.);
#16140 = ORIENTED_EDGE('',*,*,#15820,.T.);
#16141 = ORIENTED_EDGE('',*,*,#15908,.T.);
#16142 = ORIENTED_EDGE('',*,*,#15983,.T.);
#16143 = ORIENTED_EDGE('',*,*,#16054,.F.);
#16144 = ORIENTED_EDGE('',*,*,#16101,.T.);
#16145 = ( GEOMETRIC_REPRESENTATION_CONTEXT(3) 
GLOBAL_UNCERTAINTY_ASSIGNED_CONTEXT((#16149)) 
GLOBAL_UNIT_ASSIGNED_CONTEXT((#16146,#16147,#16148)) 
REPRESENTATION_CONTEXT('Context #1',
  '3D Context with UNIT and UNCERTAINTY') );
#16146 = ( LENGTH_UNIT() NAMED_UNIT(*) SI_UNIT(.MILLI.,.METRE.) );
#16147 = ( NAMED_UNIT(*) PLANE_ANGLE_UNIT() SI_UNIT($,.RADIAN.) );
#16148 = ( NAMED_UNIT(*) SI_UNIT($,.STERADIAN.) SOLID_ANGLE_UNIT() );
#16149 = UNCERTAINTY_MEASURE_WITH_UNIT(LENGTH_MEASURE(1.E-07),#16146,
  'distance_accuracy_value','confusion accuracy');
#16150 = CONTEXT_DEPENDENT_SHAPE_REPRESENTATION(#16151,#16153);
#16151 = ( REPRESENTATION_RELATIONSHIP('','',#15458,#10) 
REPRESENTATION_RELATIONSHIP_WITH_TRANSFORMATION(#16152) 
SHAPE_REPRESENTATION_RELATIONSHIP() );
#16152 = ITEM_DEFINED_TRANSFORMATION('','',#11,#91);
#16153 = PRODUCT_DEFINITION_SHAPE('Placement','Placement of an item',
  #16154);
#16154 = NEXT_ASSEMBLY_USAGE_OCCURRENCE('20','fry_14','',#5,#15453,$);
#16155 = PRODUCT_RELATED_PRODUCT_CATEGORY('part',$,(#15455));
#16156 = SHAPE_DEFINITION_REPRESENTATION(#1709,#16157);
#16157 = SHAPE_REPRESENTATION('',(#15),#1701);
#16158 = SHAPE_DEFINITION_REPRESENTATION(#3320,#16159);
#16159 = SHAPE_REPRESENTATION('',(#19),#3312);
#16160 = SHAPE_DEFINITION_REPRESENTATION(#3588,#16161);
#16161 = SHAPE_REPRESENTATION('',(#23),#3580);
#16162 = SHAPE_DEFINITION_REPRESENTATION(#3840,#16163);
#16163 = SHAPE_REPRESENTATION('',(#27),#3832);
#16164 = SHAPE_DEFINITION_REPRESENTATION(#4076,#16165);
#16165 = SHAPE_REPRESENTATION('',(#31),#4068);
#16166 = SHAPE_DEFINITION_REPRESENTATION(#6283,#16167);
#16167 = SHAPE_REPRESENTATION('',(#35),#6275);
#16168 = SHAPE_DEFINITION_REPRESENTATION(#6988,#16169);
#16169 = SHAPE_REPRESENTATION('',(#39),#6980);
#16170 = SHAPE_DEFINITION_REPRESENTATION(#7693,#16171);
#16171 = SHAPE_REPRESENTATION('',(#43),#7685);
#16172 = SHAPE_DEFINITION_REPRESENTATION(#8398,#16173);
#16173 = SHAPE_REPRESENTATION('',(#47),#8390);
#16174 = SHAPE_DEFINITION_REPRESENTATION(#9103,#16175);
#16175 = SHAPE_REPRESENTATION('',(#51),#9095);
#16176 = SHAPE_DEFINITION_REPRESENTATION(#9808,#16177);
#16177 = SHAPE_REPRESENTATION('',(#55),#9800);
#16178 = SHAPE_DEFINITION_REPRESENTATION(#10513,#16179);
#16179 = SHAPE_REPRESENTATION('',(#59),#10505);
#16180 = SHAPE_DEFINITION_REPRESENTATION(#11218,#16181);
#16181 = SHAPE_REPRESENTATION('',(#63),#11210);
#16182 = SHAPE_DEFINITION_REPRESENTATION(#11923,#16183);
#16183 = SHAPE_REPRESENTATION('',(#67),#11915);
#16184 = SHAPE_DEFINITION_REPRESENTATION(#12628,#16185);
#16185 = SHAPE_REPRESENTATION('',(#71),#12620);
#16186 = SHAPE_DEFINITION_REPRESENTATION(#13333,#16187);
#16187 = SHAPE_REPRESENTATION('',(#75),#13325);
#16188 = SHAPE_DEFINITION_REPRESENTATION(#14038,#16189);
#16189 = SHAPE_REPRESENTATION('',(#79),#14030);
#16190 = SHAPE_DEFINITION_REPRESENTATION(#14743,#16191);
#16191 = SHAPE_REPRESENTATION('',(#83),#14735);
#16192 = SHAPE_DEFINITION_REPRESENTATION(#15448,#16193);
#16193 = SHAPE_REPRESENTATION('',(#87),#15440);
#16194 = SHAPE_DEFINITION_REPRESENTATION(#16153,#16195);
#16195 = SHAPE_REPRESENTATION('',(#91),#16145);
#16196 = SHAPE_DEFINITION_REPRESENTATION(#1709,#16197);
#16197 = SHAPE_REPRESENTATION('',(#15),#1701);
#16198 = SHAPE_DEFINITION_REPRESENTATION(#3320,#16199);
#16199 = SHAPE_REPRESENTATION('',(#19),#3312);
#16200 = SHAPE_DEFINITION_REPRESENTATION(#3588,#16201);
#16201 = SHAPE_REPRESENTATION('',(#23),#3580);
#16202 = SHAPE_DEFINITION_REPRESENTATION(#3840,#16203);
#16203 = SHAPE_REPRESENTATION('',(#27),#3832);
#16204 = SHAPE_DEFINITION_REPRESENTATION(#4076,#16205);
#16205 = SHAPE_REPRESENTATION('',(#31),#4068);
#16206 = SHAPE_DEFINITION_REPRESENTATION(#6283,#16207);
#16207 = SHAPE_REPRESENTATION('',(#35),#6275);
#16208 = SHAPE_DEFINITION_REPRESENTATION(#6988,#16209);
#16209 = SHAPE_REPRESENTATION('',(#39),#6980);
#16210 = SHAPE_DEFINITION_REPRESENTATION(#7693,#16211);
#16211 = SHAPE_REPRESENTATION('',(#43),#7685);
#16212 = SHAPE_DEFINITION_REPRESENTATION(#8398,#16213);
#16213 = SHAPE_REPRESENTATION('',(#47),#8390);
#16214 = SHAPE_DEFINITION_REPRESENTATION(#9103,#16215);
#16215 = SHAPE_REPRESENTATION('',(#51),#9095);
#16216 = SHAPE_DEFINITION_REPRESENTATION(#9808,#16217);
#16217 = SHAPE_REPRESENTATION('',(#55),#9800);
#16218 = SHAPE_DEFINITION_REPRESENTATION(#10513,#16219);
#16219 = SHAPE_REPRESENTATION('',(#59),#10505);
#16220 = SHAPE_DEFINITION_REPRESENTATION(#11218,#16221);
#16221 = SHAPE_REPRESENTATION('',(#63),#11210);
#16222 = SHAPE_DEFINITION_REPRESENTATION(#11923,#16223);
#16223 = SHAPE_REPRESENTATION('',(#67),#11915);
#16224 = SHAPE_DEFINITION_REPRESENTATION(#12628,#16225);
#16225 = SHAPE_REPRESENTATION('',(#71),#12620);
#16226 = SHAPE_DEFINITION_REPRESENTATION(#13333,#16227);
#16227 = SHAPE_REPRESENTATION('',(#75),#13325);
#16228 = SHAPE_DEFINITION_REPRESENTATION(#14038,#16229);
#16229 = SHAPE_REPRESENTATION('',(#79),#14030);
#16230 = SHAPE_DEFINITION_REPRESENTATION(#14743,#16231);
#16231 = SHAPE_REPRESENTATION('',(#83),#14735);
#16232 = SHAPE_DEFINITION_REPRESENTATION(#15448,#16233);
#16233 = SHAPE_REPRESENTATION('',(#87),#15440);
#16234 = SHAPE_DEFINITION_REPRESENTATION(#16153,#16235);
#16235 = SHAPE_REPRESENTATION('',(#91),#16145);
#16236 = MECHANICAL_DESIGN_GEOMETRIC_PRESENTATION_REPRESENTATION('',(
    #16237,#16245),#1701);
#16237 = STYLED_ITEM('color',(#16238),#109);
#16238 = PRESENTATION_STYLE_ASSIGNMENT((#16239));
#16239 = SURFACE_STYLE_USAGE(.BOTH.,#16240);
#16240 = SURFACE_SIDE_STYLE('',(#16241));
#16241 = SURFACE_STYLE_FILL_AREA(#16242);
#16242 = FILL_AREA_STYLE('',(#16243));
#16243 = FILL_AREA_STYLE_COLOUR('',#16244);
#16244 = COLOUR_RGB('',0.940000008746,0.930000003373,0.905000007682);
#16245 = OVER_RIDING_STYLED_ITEM('overriding color',(#16246),#109,#16237
  );
#16246 = PRESENTATION_STYLE_BY_CONTEXT((#16247),#16197);
#16247 = SURFACE_STYLE_USAGE(.BOTH.,#16248);
#16248 = SURFACE_SIDE_STYLE('',(#16249));
#16249 = SURFACE_STYLE_FILL_AREA(#16250);
#16250 = FILL_AREA_STYLE('',(#16251));
#16251 = FILL_AREA_STYLE_COLOUR('',#16252);
#16252 = COLOUR_RGB('',0.940000008746,0.930000003373,0.905000007682);
#16253 = MECHANICAL_DESIGN_GEOMETRIC_PRESENTATION_REPRESENTATION('',(
    #16254,#16262),#14735);
#16254 = STYLED_ITEM('color',(#16255),#14049);
#16255 = PRESENTATION_STYLE_ASSIGNMENT((#16256));
#16256 = SURFACE_STYLE_USAGE(.BOTH.,#16257);
#16257 = SURFACE_SIDE_STYLE('',(#16258));
#16258 = SURFACE_STYLE_FILL_AREA(#16259);
#16259 = FILL_AREA_STYLE('',(#16260));
#16260 = FILL_AREA_STYLE_COLOUR('',#16261);
#16261 = COLOUR_RGB('',0.910000008889,0.78000000177,0.409999990672);
#16262 = OVER_RIDING_STYLED_ITEM('overriding color',(#16263),#14049,
  #16254);
#16263 = PRESENTATION_STYLE_BY_CONTEXT((#16264),#16231);
#16264 = SURFACE_STYLE_USAGE(.BOTH.,#16265);
#16265 = SURFACE_SIDE_STYLE('',(#16266));
#16266 = SURFACE_STYLE_FILL_AREA(#16267);
#16267 = FILL_AREA_STYLE('',(#16268));
#16268 = FILL_AREA_STYLE_COLOUR('',#16269);
#16269 = COLOUR_RGB('',0.910000008889,0.78000000177,0.409999990672);
#16270 = MECHANICAL_DESIGN_GEOMETRIC_PRESENTATION_REPRESENTATION('',(
    #16271,#16279),#6275);
#16271 = STYLED_ITEM('color',(#16272),#4087);
#16272 = PRESENTATION_STYLE_ASSIGNMENT((#16273));
#16273 = SURFACE_STYLE_USAGE(.BOTH.,#16274);
#16274 = SURFACE_SIDE_STYLE('',(#16275));
#16275 = SURFACE_STYLE_FILL_AREA(#16276);
#16276 = FILL_AREA_STYLE('',(#16277));
#16277 = FILL_AREA_STYLE_COLOUR('',#16278);
#16278 = COLOUR_RGB('',0.78000000177,0.1599999992,0.139999997847);
#16279 = OVER_RIDING_STYLED_ITEM('overriding color',(#16280),#4087,
  #16271);
#16280 = PRESENTATION_STYLE_BY_CONTEXT((#16281),#16207);
#16281 = SURFACE_STYLE_USAGE(.BOTH.,#16282);
#16282 = SURFACE_SIDE_STYLE('',(#16283));
#16283 = SURFACE_STYLE_FILL_AREA(#16284);
#16284 = FILL_AREA_STYLE('',(#16285));
#16285 = FILL_AREA_STYLE_COLOUR('',#16286);
#16286 = COLOUR_RGB('',0.78000000177,0.1599999992,0.139999997847);
#16287 = MECHANICAL_DESIGN_GEOMETRIC_PRESENTATION_REPRESENTATION('',(
    #16288,#16295),#11210);
#16288 = STYLED_ITEM('color',(#16289),#10524);
#16289 = PRESENTATION_STYLE_ASSIGNMENT((#16290));
#16290 = SURFACE_STYLE_USAGE(.BOTH.,#16291);
#16291 = SURFACE_SIDE_STYLE('',(#16292));
#16292 = SURFACE_STYLE_FILL_AREA(#16293);
#16293 = FILL_AREA_STYLE('',(#16294));
#16294 = FILL_AREA_STYLE_COLOUR('',#16261);
#16295 = OVER_RIDING_STYLED_ITEM('overriding color',(#16296),#10524,
  #16288);
#16296 = PRESENTATION_STYLE_BY_CONTEXT((#16297),#16221);
#16297 = SURFACE_STYLE_USAGE(.BOTH.,#16298);
#16298 = SURFACE_SIDE_STYLE('',(#16299));
#16299 = SURFACE_STYLE_FILL_AREA(#16300);
#16300 = FILL_AREA_STYLE('',(#16301));
#16301 = FILL_AREA_STYLE_COLOUR('',#16269);
#16302 = MECHANICAL_DESIGN_GEOMETRIC_PRESENTATION_REPRESENTATION('',(
    #16303,#16310),#12620);
#16303 = STYLED_ITEM('color',(#16304),#11934);
#16304 = PRESENTATION_STYLE_ASSIGNMENT((#16305));
#16305 = SURFACE_STYLE_USAGE(.BOTH.,#16306);
#16306 = SURFACE_SIDE_STYLE('',(#16307));
#16307 = SURFACE_STYLE_FILL_AREA(#16308);
#16308 = FILL_AREA_STYLE('',(#16309));
#16309 = FILL_AREA_STYLE_COLOUR('',#16261);
#16310 = OVER_RIDING_STYLED_ITEM('overriding color',(#16311),#11934,
  #16303);
#16311 = PRESENTATION_STYLE_BY_CONTEXT((#16312),#16225);
#16312 = SURFACE_STYLE_USAGE(.BOTH.,#16313);
#16313 = SURFACE_SIDE_STYLE('',(#16314));
#16314 = SURFACE_STYLE_FILL_AREA(#16315);
#16315 = FILL_AREA_STYLE('',(#16316));
#16316 = FILL_AREA_STYLE_COLOUR('',#16269);
#16317 = MECHANICAL_DESIGN_GEOMETRIC_PRESENTATION_REPRESENTATION('',(
    #16318,#16325),#15440);
#16318 = STYLED_ITEM('color',(#16319),#14754);
#16319 = PRESENTATION_STYLE_ASSIGNMENT((#16320));
#16320 = SURFACE_STYLE_USAGE(.BOTH.,#16321);
#16321 = SURFACE_SIDE_STYLE('',(#16322));
#16322 = SURFACE_STYLE_FILL_AREA(#16323);
#16323 = FILL_AREA_STYLE('',(#16324));
#16324 = FILL_AREA_STYLE_COLOUR('',#16261);
#16325 = OVER_RIDING_STYLED_ITEM('overriding color',(#16326),#14754,
  #16318);
#16326 = PRESENTATION_STYLE_BY_CONTEXT((#16327),#16233);
#16327 = SURFACE_STYLE_USAGE(.BOTH.,#16328);
#16328 = SURFACE_SIDE_STYLE('',(#16329));
#16329 = SURFACE_STYLE_FILL_AREA(#16330);
#16330 = FILL_AREA_STYLE('',(#16331));
#16331 = FILL_AREA_STYLE_COLOUR('',#16269);
#16332 = MECHANICAL_DESIGN_GEOMETRIC_PRESENTATION_REPRESENTATION('',(
    #16333,#16340),#9095);
#16333 = STYLED_ITEM('color',(#16334),#8409);
#16334 = PRESENTATION_STYLE_ASSIGNMENT((#16335));
#16335 = SURFACE_STYLE_USAGE(.BOTH.,#16336);
#16336 = SURFACE_SIDE_STYLE('',(#16337));
#16337 = SURFACE_STYLE_FILL_AREA(#16338);
#16338 = FILL_AREA_STYLE('',(#16339));
#16339 = FILL_AREA_STYLE_COLOUR('',#16261);
#16340 = OVER_RIDING_STYLED_ITEM('overriding color',(#16341),#8409,
  #16333);
#16341 = PRESENTATION_STYLE_BY_CONTEXT((#16342),#16215);
#16342 = SURFACE_STYLE_USAGE(.BOTH.,#16343);
#16343 = SURFACE_SIDE_STYLE('',(#16344));
#16344 = SURFACE_STYLE_FILL_AREA(#16345);
#16345 = FILL_AREA_STYLE('',(#16346));
#16346 = FILL_AREA_STYLE_COLOUR('',#16269);
#16347 = MECHANICAL_DESIGN_GEOMETRIC_PRESENTATION_REPRESENTATION('',(
    #16348,#16355),#13325);
#16348 = STYLED_ITEM('color',(#16349),#12639);
#16349 = PRESENTATION_STYLE_ASSIGNMENT((#16350));
#16350 = SURFACE_STYLE_USAGE(.BOTH.,#16351);
#16351 = SURFACE_SIDE_STYLE('',(#16352));
#16352 = SURFACE_STYLE_FILL_AREA(#16353);
#16353 = FILL_AREA_STYLE('',(#16354));
#16354 = FILL_AREA_STYLE_COLOUR('',#16261);
#16355 = OVER_RIDING_STYLED_ITEM('overriding color',(#16356),#12639,
  #16348);
#16356 = PRESENTATION_STYLE_BY_CONTEXT((#16357),#16227);
#16357 = SURFACE_STYLE_USAGE(.BOTH.,#16358);
#16358 = SURFACE_SIDE_STYLE('',(#16359));
#16359 = SURFACE_STYLE_FILL_AREA(#16360);
#16360 = FILL_AREA_STYLE('',(#16361));
#16361 = FILL_AREA_STYLE_COLOUR('',#16269);
#16362 = MECHANICAL_DESIGN_GEOMETRIC_PRESENTATION_REPRESENTATION('',(
    #16363,#16370),#16145);
#16363 = STYLED_ITEM('color',(#16364),#15459);
#16364 = PRESENTATION_STYLE_ASSIGNMENT((#16365));
#16365 = SURFACE_STYLE_USAGE(.BOTH.,#16366);
#16366 = SURFACE_SIDE_STYLE('',(#16367));
#16367 = SURFACE_STYLE_FILL_AREA(#16368);
#16368 = FILL_AREA_STYLE('',(#16369));
#16369 = FILL_AREA_STYLE_COLOUR('',#16261);
#16370 = OVER_RIDING_STYLED_ITEM('overriding color',(#16371),#15459,
  #16363);
#16371 = PRESENTATION_STYLE_BY_CONTEXT((#16372),#16235);
#16372 = SURFACE_STYLE_USAGE(.BOTH.,#16373);
#16373 = SURFACE_SIDE_STYLE('',(#16374));
#16374 = SURFACE_STYLE_FILL_AREA(#16375);
#16375 = FILL_AREA_STYLE('',(#16376));
#16376 = FILL_AREA_STYLE_COLOUR('',#16269);
#16377 = MECHANICAL_DESIGN_GEOMETRIC_PRESENTATION_REPRESENTATION('',(
    #16378,#16385),#6980);
#16378 = STYLED_ITEM('color',(#16379),#6294);
#16379 = PRESENTATION_STYLE_ASSIGNMENT((#16380));
#16380 = SURFACE_STYLE_USAGE(.BOTH.,#16381);
#16381 = SURFACE_SIDE_STYLE('',(#16382));
#16382 = SURFACE_STYLE_FILL_AREA(#16383);
#16383 = FILL_AREA_STYLE('',(#16384));
#16384 = FILL_AREA_STYLE_COLOUR('',#16261);
#16385 = OVER_RIDING_STYLED_ITEM('overriding color',(#16386),#6294,
  #16378);
#16386 = PRESENTATION_STYLE_BY_CONTEXT((#16387),#16209);
#16387 = SURFACE_STYLE_USAGE(.BOTH.,#16388);
#16388 = SURFACE_SIDE_STYLE('',(#16389));
#16389 = SURFACE_STYLE_FILL_AREA(#16390);
#16390 = FILL_AREA_STYLE('',(#16391));
#16391 = FILL_AREA_STYLE_COLOUR('',#16269);
#16392 = MECHANICAL_DESIGN_GEOMETRIC_PRESENTATION_REPRESENTATION('',(
    #16393,#16401),#3580);
#16393 = STYLED_ITEM('color',(#16394),#3331);
#16394 = PRESENTATION_STYLE_ASSIGNMENT((#16395));
#16395 = SURFACE_STYLE_USAGE(.BOTH.,#16396);
#16396 = SURFACE_SIDE_STYLE('',(#16397));
#16397 = SURFACE_STYLE_FILL_AREA(#16398);
#16398 = FILL_AREA_STYLE('',(#16399));
#16399 = FILL_AREA_STYLE_COLOUR('',#16400);
#16400 = COLOUR_RGB('',0.760000013601,0.45000000386,0.1599999992);
#16401 = OVER_RIDING_STYLED_ITEM('overriding color',(#16402),#3331,
  #16393);
#16402 = PRESENTATION_STYLE_BY_CONTEXT((#16403),#16201);
#16403 = SURFACE_STYLE_USAGE(.BOTH.,#16404);
#16404 = SURFACE_SIDE_STYLE('',(#16405));
#16405 = SURFACE_STYLE_FILL_AREA(#16406);
#16406 = FILL_AREA_STYLE('',(#16407));
#16407 = FILL_AREA_STYLE_COLOUR('',#16408);
#16408 = COLOUR_RGB('',0.760000013601,0.45000000386,0.1599999992);
#16409 = MECHANICAL_DESIGN_GEOMETRIC_PRESENTATION_REPRESENTATION('',(
    #16410,#16417),#8390);
#16410 = STYLED_ITEM('color',(#16411),#7704);
#16411 = PRESENTATION_STYLE_ASSIGNMENT((#16412));
#16412 = SURFACE_STYLE_USAGE(.BOTH.,#16413);
#16413 = SURFACE_SIDE_STYLE('',(#16414));
#16414 = SURFACE_STYLE_FILL_AREA(#16415);
#16415 = FILL_AREA_STYLE('',(#16416));
#16416 = FILL_AREA_STYLE_COLOUR('',#16261);
#16417 = OVER_RIDING_STYLED_ITEM('overriding color',(#16418),#7704,
  #16410);
#16418 = PRESENTATION_STYLE_BY_CONTEXT((#16419),#16213);
#16419 = SURFACE_STYLE_USAGE(.BOTH.,#16420);
#16420 = SURFACE_SIDE_STYLE('',(#16421));
#16421 = SURFACE_STYLE_FILL_AREA(#16422);
#16422 = FILL_AREA_STYLE('',(#16423));
#16423 = FILL_AREA_STYLE_COLOUR('',#16269);
#16424 = MECHANICAL_DESIGN_GEOMETRIC_PRESENTATION_REPRESENTATION('',(
    #16425,#16432),#11915);
#16425 = STYLED_ITEM('color',(#16426),#11229);
#16426 = PRESENTATION_STYLE_ASSIGNMENT((#16427));
#16427 = SURFACE_STYLE_USAGE(.BOTH.,#16428);
#16428 = SURFACE_SIDE_STYLE('',(#16429));
#16429 = SURFACE_STYLE_FILL_AREA(#16430);
#16430 = FILL_AREA_STYLE('',(#16431));
#16431 = FILL_AREA_STYLE_COLOUR('',#16261);
#16432 = OVER_RIDING_STYLED_ITEM('overriding color',(#16433),#11229,
  #16425);
#16433 = PRESENTATION_STYLE_BY_CONTEXT((#16434),#16223);
#16434 = SURFACE_STYLE_USAGE(.BOTH.,#16435);
#16435 = SURFACE_SIDE_STYLE('',(#16436));
#16436 = SURFACE_STYLE_FILL_AREA(#16437);
#16437 = FILL_AREA_STYLE('',(#16438));
#16438 = FILL_AREA_STYLE_COLOUR('',#16269);
#16439 = MECHANICAL_DESIGN_GEOMETRIC_PRESENTATION_REPRESENTATION('',(
    #16440,#16447),#9800);
#16440 = STYLED_ITEM('color',(#16441),#9114);
#16441 = PRESENTATION_STYLE_ASSIGNMENT((#16442));
#16442 = SURFACE_STYLE_USAGE(.BOTH.,#16443);
#16443 = SURFACE_SIDE_STYLE('',(#16444));
#16444 = SURFACE_STYLE_FILL_AREA(#16445);
#16445 = FILL_AREA_STYLE('',(#16446));
#16446 = FILL_AREA_STYLE_COLOUR('',#16261);
#16447 = OVER_RIDING_STYLED_ITEM('overriding color',(#16448),#9114,
  #16440);
#16448 = PRESENTATION_STYLE_BY_CONTEXT((#16449),#16217);
#16449 = SURFACE_STYLE_USAGE(.BOTH.,#16450);
#16450 = SURFACE_SIDE_STYLE('',(#16451));
#16451 = SURFACE_STYLE_FILL_AREA(#16452);
#16452 = FILL_AREA_STYLE('',(#16453));
#16453 = FILL_AREA_STYLE_COLOUR('',#16269);
#16454 = MECHANICAL_DESIGN_GEOMETRIC_PRESENTATION_REPRESENTATION('',(
    #16455,#16462),#10505);
#16455 = STYLED_ITEM('color',(#16456),#9819);
#16456 = PRESENTATION_STYLE_ASSIGNMENT((#16457));
#16457 = SURFACE_STYLE_USAGE(.BOTH.,#16458);
#16458 = SURFACE_SIDE_STYLE('',(#16459));
#16459 = SURFACE_STYLE_FILL_AREA(#16460);
#16460 = FILL_AREA_STYLE('',(#16461));
#16461 = FILL_AREA_STYLE_COLOUR('',#16261);
#16462 = OVER_RIDING_STYLED_ITEM('overriding color',(#16463),#9819,
  #16455);
#16463 = PRESENTATION_STYLE_BY_CONTEXT((#16464),#16219);
#16464 = SURFACE_STYLE_USAGE(.BOTH.,#16465);
#16465 = SURFACE_SIDE_STYLE('',(#16466));
#16466 = SURFACE_STYLE_FILL_AREA(#16467);
#16467 = FILL_AREA_STYLE('',(#16468));
#16468 = FILL_AREA_STYLE_COLOUR('',#16269);
#16469 = MECHANICAL_DESIGN_GEOMETRIC_PRESENTATION_REPRESENTATION('',(
    #16470,#16477),#14030);
#16470 = STYLED_ITEM('color',(#16471),#13344);
#16471 = PRESENTATION_STYLE_ASSIGNMENT((#16472));
#16472 = SURFACE_STYLE_USAGE(.BOTH.,#16473);
#16473 = SURFACE_SIDE_STYLE('',(#16474));
#16474 = SURFACE_STYLE_FILL_AREA(#16475);
#16475 = FILL_AREA_STYLE('',(#16476));
#16476 = FILL_AREA_STYLE_COLOUR('',#16261);
#16477 = OVER_RIDING_STYLED_ITEM('overriding color',(#16478),#13344,
  #16470);
#16478 = PRESENTATION_STYLE_BY_CONTEXT((#16479),#16229);
#16479 = SURFACE_STYLE_USAGE(.BOTH.,#16480);
#16480 = SURFACE_SIDE_STYLE('',(#16481));
#16481 = SURFACE_STYLE_FILL_AREA(#16482);
#16482 = FILL_AREA_STYLE('',(#16483));
#16483 = FILL_AREA_STYLE_COLOUR('',#16269);
#16484 = MECHANICAL_DESIGN_GEOMETRIC_PRESENTATION_REPRESENTATION('',(
    #16485,#16493),#3832);
#16485 = STYLED_ITEM('color',(#16486),#3599);
#16486 = PRESENTATION_STYLE_ASSIGNMENT((#16487));
#16487 = SURFACE_STYLE_USAGE(.BOTH.,#16488);
#16488 = SURFACE_SIDE_STYLE('',(#16489));
#16489 = SURFACE_STYLE_FILL_AREA(#16490);
#16490 = FILL_AREA_STYLE('',(#16491));
#16491 = FILL_AREA_STYLE_COLOUR('',#16492);
#16492 = COLOUR_RGB('',0.700000005816,0.389999993588,0.130000001093);
#16493 = OVER_RIDING_STYLED_ITEM('overriding color',(#16494),#3599,
  #16485);
#16494 = PRESENTATION_STYLE_BY_CONTEXT((#16495),#16203);
#16495 = SURFACE_STYLE_USAGE(.BOTH.,#16496);
#16496 = SURFACE_SIDE_STYLE('',(#16497));
#16497 = SURFACE_STYLE_FILL_AREA(#16498);
#16498 = FILL_AREA_STYLE('',(#16499));
#16499 = FILL_AREA_STYLE_COLOUR('',#16500);
#16500 = COLOUR_RGB('',0.700000005816,0.389999993588,0.130000001093);
#16501 = MECHANICAL_DESIGN_GEOMETRIC_PRESENTATION_REPRESENTATION('',(
    #16502,#16509),#4068);
#16502 = STYLED_ITEM('color',(#16503),#3851);
#16503 = PRESENTATION_STYLE_ASSIGNMENT((#16504));
#16504 = SURFACE_STYLE_USAGE(.BOTH.,#16505);
#16505 = SURFACE_SIDE_STYLE('',(#16506));
#16506 = SURFACE_STYLE_FILL_AREA(#16507);
#16507 = FILL_AREA_STYLE('',(#16508));
#16508 = FILL_AREA_STYLE_COLOUR('',#16400);
#16509 = OVER_RIDING_STYLED_ITEM('overriding color',(#16510),#3851,
  #16502);
#16510 = PRESENTATION_STYLE_BY_CONTEXT((#16511),#16205);
#16511 = SURFACE_STYLE_USAGE(.BOTH.,#16512);
#16512 = SURFACE_SIDE_STYLE('',(#16513));
#16513 = SURFACE_STYLE_FILL_AREA(#16514);
#16514 = FILL_AREA_STYLE('',(#16515));
#16515 = FILL_AREA_STYLE_COLOUR('',#16408);
#16516 = MECHANICAL_DESIGN_GEOMETRIC_PRESENTATION_REPRESENTATION('',(
    #16517,#16524),#7685);
#16517 = STYLED_ITEM('color',(#16518),#6999);
#16518 = PRESENTATION_STYLE_ASSIGNMENT((#16519));
#16519 = SURFACE_STYLE_USAGE(.BOTH.,#16520);
#16520 = SURFACE_SIDE_STYLE('',(#16521));
#16521 = SURFACE_STYLE_FILL_AREA(#16522);
#16522 = FILL_AREA_STYLE('',(#16523));
#16523 = FILL_AREA_STYLE_COLOUR('',#16261);
#16524 = OVER_RIDING_STYLED_ITEM('overriding color',(#16525),#6999,
  #16517);
#16525 = PRESENTATION_STYLE_BY_CONTEXT((#16526),#16211);
#16526 = SURFACE_STYLE_USAGE(.BOTH.,#16527);
#16527 = SURFACE_SIDE_STYLE('',(#16528));
#16528 = SURFACE_STYLE_FILL_AREA(#16529);
#16529 = FILL_AREA_STYLE('',(#16530));
#16530 = FILL_AREA_STYLE_COLOUR('',#16269);
#16531 = MECHANICAL_DESIGN_GEOMETRIC_PRESENTATION_REPRESENTATION('',(
    #16532,#16539),#3312);
#16532 = STYLED_ITEM('color',(#16533),#1720);
#16533 = PRESENTATION_STYLE_ASSIGNMENT((#16534));
#16534 = SURFACE_STYLE_USAGE(.BOTH.,#16535);
#16535 = SURFACE_SIDE_STYLE('',(#16536));
#16536 = SURFACE_STYLE_FILL_AREA(#16537);
#16537 = FILL_AREA_STYLE('',(#16538));
#16538 = FILL_AREA_STYLE_COLOUR('',#16244);
#16539 = OVER_RIDING_STYLED_ITEM('overriding color',(#16540),#1720,
  #16532);
#16540 = PRESENTATION_STYLE_BY_CONTEXT((#16541),#16199);
#16541 = SURFACE_STYLE_USAGE(.BOTH.,#16542);
#16542 = SURFACE_SIDE_STYLE('',(#16543));
#16543 = SURFACE_STYLE_FILL_AREA(#16544);
#16544 = FILL_AREA_STYLE('',(#16545));
#16545 = FILL_AREA_STYLE_COLOUR('',#16252);

#16546=DESCRIPTIVE_REPRESENTATION_ITEM('cadpy:generator','cadpy');
#16547=REPRESENTATION('cadpy:generator',(#16546),#95);
#16548=PROPERTY_DEFINITION('cadpy metadata','cadpy:generator',#5);
#16549=PROPERTY_DEFINITION_REPRESENTATION(#16548,#16547);
#16550=DESCRIPTIVE_REPRESENTATION_ITEM('cadpy:entryKind','assembly');
#16551=REPRESENTATION('cadpy:entryKind',(#16550),#95);
#16552=PROPERTY_DEFINITION('cadpy metadata','cadpy:entryKind',#5);
#16553=PROPERTY_DEFINITION_REPRESENTATION(#16552,#16551);
#16554=DESCRIPTIVE_REPRESENTATION_ITEM('cadpy:sourcePath','meal_assembly.py');
#16555=REPRESENTATION('cadpy:sourcePath',(#16554),#95);
#16556=PROPERTY_DEFINITION('cadpy metadata','cadpy:sourcePath',#5);
#16557=PROPERTY_DEFINITION_REPRESENTATION(#16556,#16555);
#16558=DESCRIPTIVE_REPRESENTATION_ITEM('cadpy:sourceHash','5ad243de0bd99bc666f7d1c868e35aca6b12e2e0ac34f80a3faf384a67a44637');
#16559=REPRESENTATION('cadpy:sourceHash',(#16558),#95);
#16560=PROPERTY_DEFINITION('cadpy metadata','cadpy:sourceHash',#5);
#16561=PROPERTY_DEFINITION_REPRESENTATION(#16560,#16559);
ENDSEC;
END-ISO-10303-21;
