ISO-10303-21;
HEADER;
FILE_DESCRIPTION(('Open CASCADE Model'),'2;1');
FILE_NAME('Open CASCADE Shape Model','2026-08-18T10:50:18',('Author'),(
    'Open CASCADE'),'Open CASCADE STEP processor 7.9','Open CASCADE 7.9'
  ,'Unknown');
FILE_SCHEMA(('AUTOMOTIVE_DESIGN { 1 0 10303 214 1 1 1 1 }'));
ENDSEC;
DATA;
#1 = APPLICATION_PROTOCOL_DEFINITION('international standard',
  'automotive_design',2000,#2);
#2 = APPLICATION_CONTEXT(
  'core data for automotive mechanical design processes');
#3 = SHAPE_DEFINITION_REPRESENTATION(#4,#10);
#4 = PRODUCT_DEFINITION_SHAPE('','',#5);
#5 = PRODUCT_DEFINITION('design','',#6,#9);
#6 = PRODUCT_DEFINITION_FORMATION('','',#7);
#7 = PRODUCT('plated_fish','plated_fish','',(#8));
#8 = PRODUCT_CONTEXT('',#2,'mechanical');
#9 = PRODUCT_DEFINITION_CONTEXT('part definition',#2,'design');
#10 = SHAPE_REPRESENTATION('',(#11,#15,#19,#23,#27,#31,#35,#39,#43,#47,
    #51,#55,#59,#63,#67,#71,#75,#79,#83,#87),#91);
#11 = AXIS2_PLACEMENT_3D('',#12,#13,#14);
#12 = CARTESIAN_POINT('',(0.,0.,0.));
#13 = DIRECTION('',(0.,0.,1.));
#14 = DIRECTION('',(1.,0.,-0.));
#15 = AXIS2_PLACEMENT_3D('',#16,#17,#18);
#16 = CARTESIAN_POINT('',(0.,0.,0.));
#17 = DIRECTION('',(0.,0.,1.));
#18 = DIRECTION('',(1.,0.,-0.));
#19 = AXIS2_PLACEMENT_3D('',#20,#21,#22);
#20 = CARTESIAN_POINT('',(-69.30257990892,-26.02063708191,6.782903967082
    ));
#21 = DIRECTION('',(0.,-0.,1.));
#22 = DIRECTION('',(0.898794046299,0.438371146789,0.));
#23 = AXIS2_PLACEMENT_3D('',#24,#25,#26);
#24 = CARTESIAN_POINT('',(37.623789747867,-20.91964019375,8.365855399256
    ));
#25 = DIRECTION('',(-0.,0.,1.));
#26 = DIRECTION('',(0.970295726276,-0.2419218956,0.));
#27 = AXIS2_PLACEMENT_3D('',#28,#29,#30);
#28 = CARTESIAN_POINT('',(-88.18725294055,-33.86991576651,
    11.594106957973));
#29 = DIRECTION('',(0.,-0.,1.));
#30 = DIRECTION('',(0.484809620246,0.874619707139,0.));
#31 = AXIS2_PLACEMENT_3D('',#32,#33,#34);
#32 = CARTESIAN_POINT('',(-80.45462016891,-56.02962590148,
    10.704130423127));
#33 = DIRECTION('',(0.,-0.,1.));
#34 = DIRECTION('',(0.529919264233,0.848048096156,0.));
#35 = AXIS2_PLACEMENT_3D('',#36,#37,#38);
#36 = CARTESIAN_POINT('',(-75.06130507514,-79.05560144823,
    10.648071710228));
#37 = DIRECTION('',(0.,-0.,1.));
#38 = DIRECTION('',(0.587785252292,0.809016994375,0.));
#39 = AXIS2_PLACEMENT_3D('',#40,#41,#42);
#40 = CARTESIAN_POINT('',(-28.80873249088,-9.827268626243,
    11.437624447013));
#41 = DIRECTION('',(0.,0.,1.));
#42 = DIRECTION('',(1.,0.,0.));
#43 = AXIS2_PLACEMENT_3D('',#44,#45,#46);
#44 = CARTESIAN_POINT('',(-55.,-54.00000000101,18.064094007058));
#45 = DIRECTION('',(0.,0.,1.));
#46 = DIRECTION('',(1.,0.,0.));
#47 = AXIS2_PLACEMENT_3D('',#48,#49,#50);
#48 = CARTESIAN_POINT('',(-31.,-63.00000000104,17.861010997819));
#49 = DIRECTION('',(0.,0.,1.));
#50 = DIRECTION('',(1.,0.,0.));
#51 = AXIS2_PLACEMENT_3D('',#52,#53,#54);
#52 = CARTESIAN_POINT('',(-21.63573585536,-84.06302869186,11.75996816393
    ));
#53 = DIRECTION('',(0.,-0.,1.));
#54 = DIRECTION('',(0.374606593416,0.927183854567,0.));
#55 = AXIS2_PLACEMENT_3D('',#56,#57,#58);
#56 = CARTESIAN_POINT('',(56.998056888876,14.836380394963,9.02409024898)
  );
#57 = DIRECTION('',(0.866025403784,-0.5,4.930380657631E-32));
#58 = DIRECTION('',(0.5,0.866025403784,-2.22044604925E-16));
#59 = AXIS2_PLACEMENT_3D('',#60,#61,#62);
#60 = CARTESIAN_POINT('',(64.965668783646,-2.097396767292,9.347400368327
    ));
#61 = DIRECTION('',(0.707106781187,0.707106781187,4.930380657631E-32));
#62 = DIRECTION('',(-0.707106781187,0.707106781187,-2.22044604925E-16));
#63 = AXIS2_PLACEMENT_3D('',#64,#65,#66);
#64 = CARTESIAN_POINT('',(52.612019503679,-28.00852055083,
    12.046661188189));
#65 = DIRECTION('',(0.939692620786,0.342020143326,4.930380657631E-32));
#66 = DIRECTION('',(-0.342020143326,0.939692620786,-2.22044604925E-16));
#67 = AXIS2_PLACEMENT_3D('',#68,#69,#70);
#68 = CARTESIAN_POINT('',(46.517644703128,-32.2655637715,11.567895904876
    ));
#69 = DIRECTION('',(0.951056516295,-0.309016994375,6.162975822039E-32));
#70 = DIRECTION('',(0.309016994375,0.951056516295,-2.22044604925E-16));
#71 = AXIS2_PLACEMENT_3D('',#72,#73,#74);
#72 = CARTESIAN_POINT('',(-53.14851700878,-48.56071498649,9.207375930625
    ));
#73 = DIRECTION('',(0.898794046299,0.438371146789,4.930380657631E-32));
#74 = DIRECTION('',(-0.438371146789,0.898794046299,-2.22044604925E-16));
#75 = AXIS2_PLACEMENT_3D('',#76,#77,#78);
#76 = CARTESIAN_POINT('',(-45.72316224888,-53.4433111239,9.246871975744)
  );
#77 = DIRECTION('',(0.994521895368,-0.104528463268,4.930380657631E-32));
#78 = DIRECTION('',(0.104528463268,0.994521895368,-2.22044604925E-16));
#79 = AXIS2_PLACEMENT_3D('',#80,#81,#82);
#80 = CARTESIAN_POINT('',(-60.29799697962,24.728975572672,9.142268597943
    ));
#81 = DIRECTION('',(0.406736643076,0.913545457643,4.930380657631E-32));
#82 = DIRECTION('',(-0.913545457643,0.406736643076,-2.22044604925E-16));
#83 = AXIS2_PLACEMENT_3D('',#84,#85,#86);
#84 = CARTESIAN_POINT('',(18.495087130462,25.441483310461,19.60430346079
    ));
#85 = DIRECTION('',(0.615661475326,0.788010753607,4.930380657631E-32));
#86 = DIRECTION('',(-0.788010753607,0.615661475326,-2.22044604925E-16));
#87 = AXIS2_PLACEMENT_3D('',#88,#89,#90);
#88 = CARTESIAN_POINT('',(24.728975572672,14.297996979626,
    19.561771620506));
#89 = DIRECTION('',(0.913545457643,-0.406736643076,4.930380657631E-32));
#90 = DIRECTION('',(0.406736643076,0.913545457643,-2.22044604925E-16));
#91 = ( GEOMETRIC_REPRESENTATION_CONTEXT(3) 
GLOBAL_UNCERTAINTY_ASSIGNED_CONTEXT((#95)) GLOBAL_UNIT_ASSIGNED_CONTEXT(
(#92,#93,#94)) REPRESENTATION_CONTEXT('Context #1',
  '3D Context with UNIT and UNCERTAINTY') );
#92 = ( LENGTH_UNIT() NAMED_UNIT(*) SI_UNIT(.MILLI.,.METRE.) );
#93 = ( NAMED_UNIT(*) PLANE_ANGLE_UNIT() SI_UNIT($,.RADIAN.) );
#94 = ( NAMED_UNIT(*) SI_UNIT($,.STERADIAN.) SOLID_ANGLE_UNIT() );
#95 = UNCERTAINTY_MEASURE_WITH_UNIT(LENGTH_MEASURE(5.E-07),#92,
  'distance_accuracy_value','confusion accuracy');
#96 = PRODUCT_RELATED_PRODUCT_CATEGORY('part',$,(#7));
#97 = SHAPE_DEFINITION_REPRESENTATION(#98,#104);
#98 = PRODUCT_DEFINITION_SHAPE('','',#99);
#99 = PRODUCT_DEFINITION('design','',#100,#103);
#100 = PRODUCT_DEFINITION_FORMATION('','',#101);
#101 = PRODUCT('plate','plate','',(#102));
#102 = PRODUCT_CONTEXT('',#2,'mechanical');
#103 = PRODUCT_DEFINITION_CONTEXT('part definition',#2,'design');
#104 = ADVANCED_BREP_SHAPE_REPRESENTATION('',(#11,#105),#829);
#105 = MANIFOLD_SOLID_BREP('',#106);
#106 = CLOSED_SHELL('',(#107,#181,#236,#291,#346,#401,#456,#511,#566,
    #601,#656,#691,#746,#801));
#107 = ADVANCED_FACE('',(#108),#127,.F.);
#108 = FACE_BOUND('',#109,.F.);
#109 = EDGE_LOOP('',(#110,#153,#180));
#110 = ORIENTED_EDGE('',*,*,#111,.T.);
#111 = EDGE_CURVE('',#112,#114,#116,.T.);
#112 = VERTEX_POINT('',#113);
#113 = CARTESIAN_POINT('',(0.,0.,6.));
#114 = VERTEX_POINT('',#115);
#115 = CARTESIAN_POINT('',(140.,0.,24.));
#116 = SEAM_CURVE('',#117,(#126,#146),.PCURVE_S1.);
#117 = B_SPLINE_CURVE_WITH_KNOTS('',3,(#118,#119,#120,#121,#122,#123,
    #124,#125),.UNSPECIFIED.,.F.,.F.,(4,1,1,1,1,4),(0.,46.00173909756,
    86.062193413506,114.78431032713,134.28431032713,142.42372062518),
  .UNSPECIFIED.);
#118 = CARTESIAN_POINT('',(0.,0.,6.));
#119 = CARTESIAN_POINT('',(15.172720323685,0.,6.761511505951));
#120 = CARTESIAN_POINT('',(44.099900388239,0.,5.897105940348));
#121 = CARTESIAN_POINT('',(82.228882328669,0.,7.370378682396));
#122 = CARTESIAN_POINT('',(111.57252712147,0.,12.605424107848));
#123 = CARTESIAN_POINT('',(128.20487543983,0.,22.034984807937));
#124 = CARTESIAN_POINT('',(137.25050046529,0.,23.774882707422));
#125 = CARTESIAN_POINT('',(140.,0.,24.));
#126 = PCURVE('',#127,#140);
#127 = SURFACE_OF_REVOLUTION('',#128,#137);
#128 = B_SPLINE_CURVE_WITH_KNOTS('',3,(#129,#130,#131,#132,#133,#134,
    #135,#136),.UNSPECIFIED.,.F.,.F.,(4,1,1,1,1,4),(0.,46.00173909756,
    86.062193413506,114.78431032713,134.28431032713,142.42372062518),
  .UNSPECIFIED.);
#129 = CARTESIAN_POINT('',(0.,0.,6.));
#130 = CARTESIAN_POINT('',(15.172720323685,0.,6.761511505951));
#131 = CARTESIAN_POINT('',(44.099900388239,0.,5.897105940348));
#132 = CARTESIAN_POINT('',(82.228882328669,0.,7.370378682396));
#133 = CARTESIAN_POINT('',(111.57252712147,0.,12.605424107848));
#134 = CARTESIAN_POINT('',(128.20487543983,0.,22.034984807937));
#135 = CARTESIAN_POINT('',(137.25050046529,0.,23.774882707422));
#136 = CARTESIAN_POINT('',(140.,0.,24.));
#137 = AXIS1_PLACEMENT('',#138,#139);
#138 = CARTESIAN_POINT('',(0.,0.,0.));
#139 = DIRECTION('',(0.,0.,1.));
#140 = DEFINITIONAL_REPRESENTATION('',(#141),#145);
#141 = LINE('',#142,#143);
#142 = CARTESIAN_POINT('',(0.,0.));
#143 = VECTOR('',#144,1.);
#144 = DIRECTION('',(0.,1.));
#145 = ( GEOMETRIC_REPRESENTATION_CONTEXT(2) 
PARAMETRIC_REPRESENTATION_CONTEXT() REPRESENTATION_CONTEXT('2D SPACE',''
  ) );
#146 = PCURVE('',#127,#147);
#147 = DEFINITIONAL_REPRESENTATION('',(#148),#152);
#148 = LINE('',#149,#150);
#149 = CARTESIAN_POINT('',(6.28318530718,0.));
#150 = VECTOR('',#151,1.);
#151 = DIRECTION('',(0.,1.));
#152 = ( GEOMETRIC_REPRESENTATION_CONTEXT(2) 
PARAMETRIC_REPRESENTATION_CONTEXT() REPRESENTATION_CONTEXT('2D SPACE',''
  ) );
#153 = ORIENTED_EDGE('',*,*,#154,.F.);
#154 = EDGE_CURVE('',#114,#114,#155,.T.);
#155 = SURFACE_CURVE('',#156,(#161,#168),.PCURVE_S1.);
#156 = CIRCLE('',#157,140.);
#157 = AXIS2_PLACEMENT_3D('',#158,#159,#160);
#158 = CARTESIAN_POINT('',(0.,0.,24.));
#159 = DIRECTION('',(0.,0.,1.));
#160 = DIRECTION('',(1.,0.,-0.));
#161 = PCURVE('',#127,#162);
#162 = DEFINITIONAL_REPRESENTATION('',(#163),#167);
#163 = LINE('',#164,#165);
#164 = CARTESIAN_POINT('',(0.,142.42372062518));
#165 = VECTOR('',#166,1.);
#166 = DIRECTION('',(1.,0.));
#167 = ( GEOMETRIC_REPRESENTATION_CONTEXT(2) 
PARAMETRIC_REPRESENTATION_CONTEXT() REPRESENTATION_CONTEXT('2D SPACE',''
  ) );
#168 = PCURVE('',#169,#174);
#169 = CYLINDRICAL_SURFACE('',#170,140.);
#170 = AXIS2_PLACEMENT_3D('',#171,#172,#173);
#171 = CARTESIAN_POINT('',(0.,0.,24.));
#172 = DIRECTION('',(-0.,-0.,-1.));
#173 = DIRECTION('',(1.,0.,0.));
#174 = DEFINITIONAL_REPRESENTATION('',(#175),#179);
#175 = LINE('',#176,#177);
#176 = CARTESIAN_POINT('',(-0.,0.));
#177 = VECTOR('',#178,1.);
#178 = DIRECTION('',(-1.,0.));
#179 = ( GEOMETRIC_REPRESENTATION_CONTEXT(2) 
PARAMETRIC_REPRESENTATION_CONTEXT() REPRESENTATION_CONTEXT('2D SPACE',''
  ) );
#180 = ORIENTED_EDGE('',*,*,#111,.F.);
#181 = ADVANCED_FACE('',(#182),#169,.T.);
#182 = FACE_BOUND('',#183,.F.);
#183 = EDGE_LOOP('',(#184,#185,#208,#235));
#184 = ORIENTED_EDGE('',*,*,#154,.T.);
#185 = ORIENTED_EDGE('',*,*,#186,.T.);
#186 = EDGE_CURVE('',#114,#187,#189,.T.);
#187 = VERTEX_POINT('',#188);
#188 = CARTESIAN_POINT('',(140.,0.,18.8));
#189 = SEAM_CURVE('',#190,(#194,#201),.PCURVE_S1.);
#190 = LINE('',#191,#192);
#191 = CARTESIAN_POINT('',(140.,0.,24.));
#192 = VECTOR('',#193,1.);
#193 = DIRECTION('',(0.,0.,-1.));
#194 = PCURVE('',#169,#195);
#195 = DEFINITIONAL_REPRESENTATION('',(#196),#200);
#196 = LINE('',#197,#198);
#197 = CARTESIAN_POINT('',(-0.,0.));
#198 = VECTOR('',#199,1.);
#199 = DIRECTION('',(-0.,1.));
#200 = ( GEOMETRIC_REPRESENTATION_CONTEXT(2) 
PARAMETRIC_REPRESENTATION_CONTEXT() REPRESENTATION_CONTEXT('2D SPACE',''
  ) );
#201 = PCURVE('',#169,#202);
#202 = DEFINITIONAL_REPRESENTATION('',(#203),#207);
#203 = LINE('',#204,#205);
#204 = CARTESIAN_POINT('',(-6.28318530718,0.));
#205 = VECTOR('',#206,1.);
#206 = DIRECTION('',(-0.,1.));
#207 = ( GEOMETRIC_REPRESENTATION_CONTEXT(2) 
PARAMETRIC_REPRESENTATION_CONTEXT() REPRESENTATION_CONTEXT('2D SPACE',''
  ) );
#208 = ORIENTED_EDGE('',*,*,#209,.F.);
#209 = EDGE_CURVE('',#187,#187,#210,.T.);
#210 = SURFACE_CURVE('',#211,(#216,#223),.PCURVE_S1.);
#211 = CIRCLE('',#212,140.);
#212 = AXIS2_PLACEMENT_3D('',#213,#214,#215);
#213 = CARTESIAN_POINT('',(0.,0.,18.8));
#214 = DIRECTION('',(0.,0.,1.));
#215 = DIRECTION('',(1.,0.,-0.));
#216 = PCURVE('',#169,#217);
#217 = DEFINITIONAL_REPRESENTATION('',(#218),#222);
#218 = LINE('',#219,#220);
#219 = CARTESIAN_POINT('',(-0.,5.2));
#220 = VECTOR('',#221,1.);
#221 = DIRECTION('',(-1.,0.));
#222 = ( GEOMETRIC_REPRESENTATION_CONTEXT(2) 
PARAMETRIC_REPRESENTATION_CONTEXT() REPRESENTATION_CONTEXT('2D SPACE',''
  ) );
#223 = PCURVE('',#224,#229);
#224 = CONICAL_SURFACE('',#225,140.,1.190289949683);
#225 = AXIS2_PLACEMENT_3D('',#226,#227,#228);
#226 = CARTESIAN_POINT('',(0.,0.,18.8));
#227 = DIRECTION('',(0.,0.,1.));
#228 = DIRECTION('',(1.,0.,0.));
#229 = DEFINITIONAL_REPRESENTATION('',(#230),#234);
#230 = LINE('',#231,#232);
#231 = CARTESIAN_POINT('',(0.,-0.));
#232 = VECTOR('',#233,1.);
#233 = DIRECTION('',(1.,-0.));
#234 = ( GEOMETRIC_REPRESENTATION_CONTEXT(2) 
PARAMETRIC_REPRESENTATION_CONTEXT() REPRESENTATION_CONTEXT('2D SPACE',''
  ) );
#235 = ORIENTED_EDGE('',*,*,#186,.F.);
#236 = ADVANCED_FACE('',(#237),#224,.T.);
#237 = FACE_BOUND('',#238,.F.);
#238 = EDGE_LOOP('',(#239,#240,#263,#290));
#239 = ORIENTED_EDGE('',*,*,#209,.T.);
#240 = ORIENTED_EDGE('',*,*,#241,.T.);
#241 = EDGE_CURVE('',#187,#242,#244,.T.);
#242 = VERTEX_POINT('',#243);
#243 = CARTESIAN_POINT('',(137.,0.,17.6));
#244 = SEAM_CURVE('',#245,(#249,#256),.PCURVE_S1.);
#245 = LINE('',#246,#247);
#246 = CARTESIAN_POINT('',(140.,0.,18.8));
#247 = VECTOR('',#248,1.);
#248 = DIRECTION('',(-0.928476690885,-0.,-0.371390676354));
#249 = PCURVE('',#224,#250);
#250 = DEFINITIONAL_REPRESENTATION('',(#251),#255);
#251 = LINE('',#252,#253);
#252 = CARTESIAN_POINT('',(0.,-0.));
#253 = VECTOR('',#254,1.);
#254 = DIRECTION('',(0.,-1.));
#255 = ( GEOMETRIC_REPRESENTATION_CONTEXT(2) 
PARAMETRIC_REPRESENTATION_CONTEXT() REPRESENTATION_CONTEXT('2D SPACE',''
  ) );
#256 = PCURVE('',#224,#257);
#257 = DEFINITIONAL_REPRESENTATION('',(#258),#262);
#258 = LINE('',#259,#260);
#259 = CARTESIAN_POINT('',(6.28318530718,-0.));
#260 = VECTOR('',#261,1.);
#261 = DIRECTION('',(0.,-1.));
#262 = ( GEOMETRIC_REPRESENTATION_CONTEXT(2) 
PARAMETRIC_REPRESENTATION_CONTEXT() REPRESENTATION_CONTEXT('2D SPACE',''
  ) );
#263 = ORIENTED_EDGE('',*,*,#264,.F.);
#264 = EDGE_CURVE('',#242,#242,#265,.T.);
#265 = SURFACE_CURVE('',#266,(#271,#278),.PCURVE_S1.);
#266 = CIRCLE('',#267,137.);
#267 = AXIS2_PLACEMENT_3D('',#268,#269,#270);
#268 = CARTESIAN_POINT('',(0.,0.,17.6));
#269 = DIRECTION('',(0.,0.,1.));
#270 = DIRECTION('',(1.,0.,-0.));
#271 = PCURVE('',#224,#272);
#272 = DEFINITIONAL_REPRESENTATION('',(#273),#277);
#273 = LINE('',#274,#275);
#274 = CARTESIAN_POINT('',(0.,-1.2));
#275 = VECTOR('',#276,1.);
#276 = DIRECTION('',(1.,-0.));
#277 = ( GEOMETRIC_REPRESENTATION_CONTEXT(2) 
PARAMETRIC_REPRESENTATION_CONTEXT() REPRESENTATION_CONTEXT('2D SPACE',''
  ) );
#278 = PCURVE('',#279,#284);
#279 = CONICAL_SURFACE('',#280,137.,1.261093382252);
#280 = AXIS2_PLACEMENT_3D('',#281,#282,#283);
#281 = CARTESIAN_POINT('',(0.,0.,17.6));
#282 = DIRECTION('',(0.,0.,1.));
#283 = DIRECTION('',(1.,0.,0.));
#284 = DEFINITIONAL_REPRESENTATION('',(#285),#289);
#285 = LINE('',#286,#287);
#286 = CARTESIAN_POINT('',(0.,-0.));
#287 = VECTOR('',#288,1.);
#288 = DIRECTION('',(1.,-0.));
#289 = ( GEOMETRIC_REPRESENTATION_CONTEXT(2) 
PARAMETRIC_REPRESENTATION_CONTEXT() REPRESENTATION_CONTEXT('2D SPACE',''
  ) );
#290 = ORIENTED_EDGE('',*,*,#241,.F.);
#291 = ADVANCED_FACE('',(#292),#279,.T.);
#292 = FACE_BOUND('',#293,.F.);
#293 = EDGE_LOOP('',(#294,#295,#318,#345));
#294 = ORIENTED_EDGE('',*,*,#264,.T.);
#295 = ORIENTED_EDGE('',*,*,#296,.T.);
#296 = EDGE_CURVE('',#242,#297,#299,.T.);
#297 = VERTEX_POINT('',#298);
#298 = CARTESIAN_POINT('',(132.,0.,16.));
#299 = SEAM_CURVE('',#300,(#304,#311),.PCURVE_S1.);
#300 = LINE('',#301,#302);
#301 = CARTESIAN_POINT('',(137.,0.,17.6));
#302 = VECTOR('',#303,1.);
#303 = DIRECTION('',(-0.952424147199,-0.,-0.304775727104));
#304 = PCURVE('',#279,#305);
#305 = DEFINITIONAL_REPRESENTATION('',(#306),#310);
#306 = LINE('',#307,#308);
#307 = CARTESIAN_POINT('',(0.,-0.));
#308 = VECTOR('',#309,1.);
#309 = DIRECTION('',(0.,-1.));
#310 = ( GEOMETRIC_REPRESENTATION_CONTEXT(2) 
PARAMETRIC_REPRESENTATION_CONTEXT() REPRESENTATION_CONTEXT('2D SPACE',''
  ) );
#311 = PCURVE('',#279,#312);
#312 = DEFINITIONAL_REPRESENTATION('',(#313),#317);
#313 = LINE('',#314,#315);
#314 = CARTESIAN_POINT('',(6.28318530718,-0.));
#315 = VECTOR('',#316,1.);
#316 = DIRECTION('',(0.,-1.));
#317 = ( GEOMETRIC_REPRESENTATION_CONTEXT(2) 
PARAMETRIC_REPRESENTATION_CONTEXT() REPRESENTATION_CONTEXT('2D SPACE',''
  ) );
#318 = ORIENTED_EDGE('',*,*,#319,.F.);
#319 = EDGE_CURVE('',#297,#297,#320,.T.);
#320 = SURFACE_CURVE('',#321,(#326,#333),.PCURVE_S1.);
#321 = CIRCLE('',#322,132.);
#322 = AXIS2_PLACEMENT_3D('',#323,#324,#325);
#323 = CARTESIAN_POINT('',(0.,0.,16.));
#324 = DIRECTION('',(0.,0.,1.));
#325 = DIRECTION('',(1.,0.,-0.));
#326 = PCURVE('',#279,#327);
#327 = DEFINITIONAL_REPRESENTATION('',(#328),#332);
#328 = LINE('',#329,#330);
#329 = CARTESIAN_POINT('',(0.,-1.6));
#330 = VECTOR('',#331,1.);
#331 = DIRECTION('',(1.,-0.));
#332 = ( GEOMETRIC_REPRESENTATION_CONTEXT(2) 
PARAMETRIC_REPRESENTATION_CONTEXT() REPRESENTATION_CONTEXT('2D SPACE',''
  ) );
#333 = PCURVE('',#334,#339);
#334 = CONICAL_SURFACE('',#335,132.,1.219351532791);
#335 = AXIS2_PLACEMENT_3D('',#336,#337,#338);
#336 = CARTESIAN_POINT('',(0.,0.,16.));
#337 = DIRECTION('',(0.,0.,1.));
#338 = DIRECTION('',(1.,0.,0.));
#339 = DEFINITIONAL_REPRESENTATION('',(#340),#344);
#340 = LINE('',#341,#342);
#341 = CARTESIAN_POINT('',(0.,-0.));
#342 = VECTOR('',#343,1.);
#343 = DIRECTION('',(1.,-0.));
#344 = ( GEOMETRIC_REPRESENTATION_CONTEXT(2) 
PARAMETRIC_REPRESENTATION_CONTEXT() REPRESENTATION_CONTEXT('2D SPACE',''
  ) );
#345 = ORIENTED_EDGE('',*,*,#296,.F.);
#346 = ADVANCED_FACE('',(#347),#334,.T.);
#347 = FACE_BOUND('',#348,.F.);
#348 = EDGE_LOOP('',(#349,#350,#373,#400));
#349 = ORIENTED_EDGE('',*,*,#319,.T.);
#350 = ORIENTED_EDGE('',*,*,#351,.T.);
#351 = EDGE_CURVE('',#297,#352,#354,.T.);
#352 = VERTEX_POINT('',#353);
#353 = CARTESIAN_POINT('',(114.,0.,9.4));
#354 = SEAM_CURVE('',#355,(#359,#366),.PCURVE_S1.);
#355 = LINE('',#356,#357);
#356 = CARTESIAN_POINT('',(132.,0.,16.));
#357 = VECTOR('',#358,1.);
#358 = DIRECTION('',(-0.938876315887,-0.,-0.344254649158));
#359 = PCURVE('',#334,#360);
#360 = DEFINITIONAL_REPRESENTATION('',(#361),#365);
#361 = LINE('',#362,#363);
#362 = CARTESIAN_POINT('',(0.,-0.));
#363 = VECTOR('',#364,1.);
#364 = DIRECTION('',(0.,-1.));
#365 = ( GEOMETRIC_REPRESENTATION_CONTEXT(2) 
PARAMETRIC_REPRESENTATION_CONTEXT() REPRESENTATION_CONTEXT('2D SPACE',''
  ) );
#366 = PCURVE('',#334,#367);
#367 = DEFINITIONAL_REPRESENTATION('',(#368),#372);
#368 = LINE('',#369,#370);
#369 = CARTESIAN_POINT('',(6.28318530718,-0.));
#370 = VECTOR('',#371,1.);
#371 = DIRECTION('',(0.,-1.));
#372 = ( GEOMETRIC_REPRESENTATION_CONTEXT(2) 
PARAMETRIC_REPRESENTATION_CONTEXT() REPRESENTATION_CONTEXT('2D SPACE',''
  ) );
#373 = ORIENTED_EDGE('',*,*,#374,.F.);
#374 = EDGE_CURVE('',#352,#352,#375,.T.);
#375 = SURFACE_CURVE('',#376,(#381,#388),.PCURVE_S1.);
#376 = CIRCLE('',#377,114.);
#377 = AXIS2_PLACEMENT_3D('',#378,#379,#380);
#378 = CARTESIAN_POINT('',(0.,0.,9.4));
#379 = DIRECTION('',(0.,0.,1.));
#380 = DIRECTION('',(1.,0.,-0.));
#381 = PCURVE('',#334,#382);
#382 = DEFINITIONAL_REPRESENTATION('',(#383),#387);
#383 = LINE('',#384,#385);
#384 = CARTESIAN_POINT('',(0.,-6.6));
#385 = VECTOR('',#386,1.);
#386 = DIRECTION('',(1.,-0.));
#387 = ( GEOMETRIC_REPRESENTATION_CONTEXT(2) 
PARAMETRIC_REPRESENTATION_CONTEXT() REPRESENTATION_CONTEXT('2D SPACE',''
  ) );
#388 = PCURVE('',#389,#394);
#389 = CONICAL_SURFACE('',#390,114.,1.353242207661);
#390 = AXIS2_PLACEMENT_3D('',#391,#392,#393);
#391 = CARTESIAN_POINT('',(0.,0.,9.4));
#392 = DIRECTION('',(0.,0.,1.));
#393 = DIRECTION('',(1.,0.,0.));
#394 = DEFINITIONAL_REPRESENTATION('',(#395),#399);
#395 = LINE('',#396,#397);
#396 = CARTESIAN_POINT('',(0.,-0.));
#397 = VECTOR('',#398,1.);
#398 = DIRECTION('',(1.,-0.));
#399 = ( GEOMETRIC_REPRESENTATION_CONTEXT(2) 
PARAMETRIC_REPRESENTATION_CONTEXT() REPRESENTATION_CONTEXT('2D SPACE',''
  ) );
#400 = ORIENTED_EDGE('',*,*,#351,.F.);
#401 = ADVANCED_FACE('',(#402),#389,.T.);
#402 = FACE_BOUND('',#403,.F.);
#403 = EDGE_LOOP('',(#404,#405,#428,#455));
#404 = ORIENTED_EDGE('',*,*,#374,.T.);
#405 = ORIENTED_EDGE('',*,*,#406,.T.);
#406 = EDGE_CURVE('',#352,#407,#409,.T.);
#407 = VERTEX_POINT('',#408);
#408 = CARTESIAN_POINT('',(95.,0.,5.2));
#409 = SEAM_CURVE('',#410,(#414,#421),.PCURVE_S1.);
#410 = LINE('',#411,#412);
#411 = CARTESIAN_POINT('',(114.,0.,9.4));
#412 = VECTOR('',#413,1.);
#413 = DIRECTION('',(-0.976428293387,-0.,-0.215842043801));
#414 = PCURVE('',#389,#415);
#415 = DEFINITIONAL_REPRESENTATION('',(#416),#420);
#416 = LINE('',#417,#418);
#417 = CARTESIAN_POINT('',(0.,-0.));
#418 = VECTOR('',#419,1.);
#419 = DIRECTION('',(0.,-1.));
#420 = ( GEOMETRIC_REPRESENTATION_CONTEXT(2) 
PARAMETRIC_REPRESENTATION_CONTEXT() REPRESENTATION_CONTEXT('2D SPACE',''
  ) );
#421 = PCURVE('',#389,#422);
#422 = DEFINITIONAL_REPRESENTATION('',(#423),#427);
#423 = LINE('',#424,#425);
#424 = CARTESIAN_POINT('',(6.28318530718,-0.));
#425 = VECTOR('',#426,1.);
#426 = DIRECTION('',(0.,-1.));
#427 = ( GEOMETRIC_REPRESENTATION_CONTEXT(2) 
PARAMETRIC_REPRESENTATION_CONTEXT() REPRESENTATION_CONTEXT('2D SPACE',''
  ) );
#428 = ORIENTED_EDGE('',*,*,#429,.F.);
#429 = EDGE_CURVE('',#407,#407,#430,.T.);
#430 = SURFACE_CURVE('',#431,(#436,#443),.PCURVE_S1.);
#431 = CIRCLE('',#432,95.);
#432 = AXIS2_PLACEMENT_3D('',#433,#434,#435);
#433 = CARTESIAN_POINT('',(0.,0.,5.2));
#434 = DIRECTION('',(0.,0.,1.));
#435 = DIRECTION('',(1.,0.,-0.));
#436 = PCURVE('',#389,#437);
#437 = DEFINITIONAL_REPRESENTATION('',(#438),#442);
#438 = LINE('',#439,#440);
#439 = CARTESIAN_POINT('',(0.,-4.2));
#440 = VECTOR('',#441,1.);
#441 = DIRECTION('',(1.,-0.));
#442 = ( GEOMETRIC_REPRESENTATION_CONTEXT(2) 
PARAMETRIC_REPRESENTATION_CONTEXT() REPRESENTATION_CONTEXT('2D SPACE',''
  ) );
#443 = PCURVE('',#444,#449);
#444 = CONICAL_SURFACE('',#445,95.,1.490966341083);
#445 = AXIS2_PLACEMENT_3D('',#446,#447,#448);
#446 = CARTESIAN_POINT('',(0.,0.,5.2));
#447 = DIRECTION('',(0.,0.,1.));
#448 = DIRECTION('',(1.,0.,0.));
#449 = DEFINITIONAL_REPRESENTATION('',(#450),#454);
#450 = LINE('',#451,#452);
#451 = CARTESIAN_POINT('',(0.,-0.));
#452 = VECTOR('',#453,1.);
#453 = DIRECTION('',(1.,-0.));
#454 = ( GEOMETRIC_REPRESENTATION_CONTEXT(2) 
PARAMETRIC_REPRESENTATION_CONTEXT() REPRESENTATION_CONTEXT('2D SPACE',''
  ) );
#455 = ORIENTED_EDGE('',*,*,#406,.F.);
#456 = ADVANCED_FACE('',(#457),#444,.T.);
#457 = FACE_BOUND('',#458,.F.);
#458 = EDGE_LOOP('',(#459,#460,#483,#510));
#459 = ORIENTED_EDGE('',*,*,#429,.T.);
#460 = ORIENTED_EDGE('',*,*,#461,.T.);
#461 = EDGE_CURVE('',#407,#462,#464,.T.);
#462 = VERTEX_POINT('',#463);
#463 = CARTESIAN_POINT('',(70.,0.,3.2));
#464 = SEAM_CURVE('',#465,(#469,#476),.PCURVE_S1.);
#465 = LINE('',#466,#467);
#466 = CARTESIAN_POINT('',(95.,0.,5.2));
#467 = VECTOR('',#468,1.);
#468 = DIRECTION('',(-0.996815278536,-0.,-7.974522228289E-02));
#469 = PCURVE('',#444,#470);
#470 = DEFINITIONAL_REPRESENTATION('',(#471),#475);
#471 = LINE('',#472,#473);
#472 = CARTESIAN_POINT('',(0.,-0.));
#473 = VECTOR('',#474,1.);
#474 = DIRECTION('',(0.,-1.));
#475 = ( GEOMETRIC_REPRESENTATION_CONTEXT(2) 
PARAMETRIC_REPRESENTATION_CONTEXT() REPRESENTATION_CONTEXT('2D SPACE',''
  ) );
#476 = PCURVE('',#444,#477);
#477 = DEFINITIONAL_REPRESENTATION('',(#478),#482);
#478 = LINE('',#479,#480);
#479 = CARTESIAN_POINT('',(6.28318530718,-0.));
#480 = VECTOR('',#481,1.);
#481 = DIRECTION('',(0.,-1.));
#482 = ( GEOMETRIC_REPRESENTATION_CONTEXT(2) 
PARAMETRIC_REPRESENTATION_CONTEXT() REPRESENTATION_CONTEXT('2D SPACE',''
  ) );
#483 = ORIENTED_EDGE('',*,*,#484,.F.);
#484 = EDGE_CURVE('',#462,#462,#485,.T.);
#485 = SURFACE_CURVE('',#486,(#491,#498),.PCURVE_S1.);
#486 = CIRCLE('',#487,70.);
#487 = AXIS2_PLACEMENT_3D('',#488,#489,#490);
#488 = CARTESIAN_POINT('',(0.,0.,3.2));
#489 = DIRECTION('',(0.,0.,1.));
#490 = DIRECTION('',(1.,0.,-0.));
#491 = PCURVE('',#444,#492);
#492 = DEFINITIONAL_REPRESENTATION('',(#493),#497);
#493 = LINE('',#494,#495);
#494 = CARTESIAN_POINT('',(0.,-2.));
#495 = VECTOR('',#496,1.);
#496 = DIRECTION('',(1.,-0.));
#497 = ( GEOMETRIC_REPRESENTATION_CONTEXT(2) 
PARAMETRIC_REPRESENTATION_CONTEXT() REPRESENTATION_CONTEXT('2D SPACE',''
  ) );
#498 = PCURVE('',#499,#504);
#499 = CONICAL_SURFACE('',#500,70.,1.540036800724);
#500 = AXIS2_PLACEMENT_3D('',#501,#502,#503);
#501 = CARTESIAN_POINT('',(0.,0.,3.2));
#502 = DIRECTION('',(0.,0.,1.));
#503 = DIRECTION('',(1.,0.,0.));
#504 = DEFINITIONAL_REPRESENTATION('',(#505),#509);
#505 = LINE('',#506,#507);
#506 = CARTESIAN_POINT('',(0.,-0.));
#507 = VECTOR('',#508,1.);
#508 = DIRECTION('',(1.,-0.));
#509 = ( GEOMETRIC_REPRESENTATION_CONTEXT(2) 
PARAMETRIC_REPRESENTATION_CONTEXT() REPRESENTATION_CONTEXT('2D SPACE',''
  ) );
#510 = ORIENTED_EDGE('',*,*,#461,.F.);
#511 = ADVANCED_FACE('',(#512),#499,.T.);
#512 = FACE_BOUND('',#513,.F.);
#513 = EDGE_LOOP('',(#514,#515,#538,#565));
#514 = ORIENTED_EDGE('',*,*,#484,.T.);
#515 = ORIENTED_EDGE('',*,*,#516,.T.);
#516 = EDGE_CURVE('',#462,#517,#519,.T.);
#517 = VERTEX_POINT('',#518);
#518 = CARTESIAN_POINT('',(57.,0.,2.8));
#519 = SEAM_CURVE('',#520,(#524,#531),.PCURVE_S1.);
#520 = LINE('',#521,#522);
#521 = CARTESIAN_POINT('',(70.,0.,3.2));
#522 = VECTOR('',#523,1.);
#523 = DIRECTION('',(-0.999526963077,-0.,-3.075467578697E-02));
#524 = PCURVE('',#499,#525);
#525 = DEFINITIONAL_REPRESENTATION('',(#526),#530);
#526 = LINE('',#527,#528);
#527 = CARTESIAN_POINT('',(0.,-0.));
#528 = VECTOR('',#529,1.);
#529 = DIRECTION('',(0.,-1.));
#530 = ( GEOMETRIC_REPRESENTATION_CONTEXT(2) 
PARAMETRIC_REPRESENTATION_CONTEXT() REPRESENTATION_CONTEXT('2D SPACE',''
  ) );
#531 = PCURVE('',#499,#532);
#532 = DEFINITIONAL_REPRESENTATION('',(#533),#537);
#533 = LINE('',#534,#535);
#534 = CARTESIAN_POINT('',(6.28318530718,-0.));
#535 = VECTOR('',#536,1.);
#536 = DIRECTION('',(0.,-1.));
#537 = ( GEOMETRIC_REPRESENTATION_CONTEXT(2) 
PARAMETRIC_REPRESENTATION_CONTEXT() REPRESENTATION_CONTEXT('2D SPACE',''
  ) );
#538 = ORIENTED_EDGE('',*,*,#539,.F.);
#539 = EDGE_CURVE('',#517,#517,#540,.T.);
#540 = SURFACE_CURVE('',#541,(#546,#553),.PCURVE_S1.);
#541 = CIRCLE('',#542,57.);
#542 = AXIS2_PLACEMENT_3D('',#543,#544,#545);
#543 = CARTESIAN_POINT('',(0.,0.,2.8));
#544 = DIRECTION('',(0.,0.,1.));
#545 = DIRECTION('',(1.,0.,-0.));
#546 = PCURVE('',#499,#547);
#547 = DEFINITIONAL_REPRESENTATION('',(#548),#552);
#548 = LINE('',#549,#550);
#549 = CARTESIAN_POINT('',(0.,-0.4));
#550 = VECTOR('',#551,1.);
#551 = DIRECTION('',(1.,-0.));
#552 = ( GEOMETRIC_REPRESENTATION_CONTEXT(2) 
PARAMETRIC_REPRESENTATION_CONTEXT() REPRESENTATION_CONTEXT('2D SPACE',''
  ) );
#553 = PCURVE('',#554,#559);
#554 = PLANE('',#555);
#555 = AXIS2_PLACEMENT_3D('',#556,#557,#558);
#556 = CARTESIAN_POINT('',(0.,0.,2.8));
#557 = DIRECTION('',(0.,0.,1.));
#558 = DIRECTION('',(1.,0.,-0.));
#559 = DEFINITIONAL_REPRESENTATION('',(#560),#564);
#560 = CIRCLE('',#561,57.);
#561 = AXIS2_PLACEMENT_2D('',#562,#563);
#562 = CARTESIAN_POINT('',(0.,0.));
#563 = DIRECTION('',(1.,0.));
#564 = ( GEOMETRIC_REPRESENTATION_CONTEXT(2) 
PARAMETRIC_REPRESENTATION_CONTEXT() REPRESENTATION_CONTEXT('2D SPACE',''
  ) );
#565 = ORIENTED_EDGE('',*,*,#516,.F.);
#566 = ADVANCED_FACE('',(#567,#570),#554,.F.);
#567 = FACE_BOUND('',#568,.F.);
#568 = EDGE_LOOP('',(#569));
#569 = ORIENTED_EDGE('',*,*,#539,.T.);
#570 = FACE_BOUND('',#571,.F.);
#571 = EDGE_LOOP('',(#572));
#572 = ORIENTED_EDGE('',*,*,#573,.F.);
#573 = EDGE_CURVE('',#574,#574,#576,.T.);
#574 = VERTEX_POINT('',#575);
#575 = CARTESIAN_POINT('',(52.,0.,2.8));
#576 = SURFACE_CURVE('',#577,(#582,#589),.PCURVE_S1.);
#577 = CIRCLE('',#578,52.);
#578 = AXIS2_PLACEMENT_3D('',#579,#580,#581);
#579 = CARTESIAN_POINT('',(0.,0.,2.8));
#580 = DIRECTION('',(0.,0.,1.));
#581 = DIRECTION('',(1.,0.,-0.));
#582 = PCURVE('',#554,#583);
#583 = DEFINITIONAL_REPRESENTATION('',(#584),#588);
#584 = CIRCLE('',#585,52.);
#585 = AXIS2_PLACEMENT_2D('',#586,#587);
#586 = CARTESIAN_POINT('',(0.,0.));
#587 = DIRECTION('',(1.,0.));
#588 = ( GEOMETRIC_REPRESENTATION_CONTEXT(2) 
PARAMETRIC_REPRESENTATION_CONTEXT() REPRESENTATION_CONTEXT('2D SPACE',''
  ) );
#589 = PCURVE('',#590,#595);
#590 = CYLINDRICAL_SURFACE('',#591,52.);
#591 = AXIS2_PLACEMENT_3D('',#592,#593,#594);
#592 = CARTESIAN_POINT('',(0.,0.,2.8));
#593 = DIRECTION('',(-0.,-0.,-1.));
#594 = DIRECTION('',(1.,0.,0.));
#595 = DEFINITIONAL_REPRESENTATION('',(#596),#600);
#596 = LINE('',#597,#598);
#597 = CARTESIAN_POINT('',(-0.,0.));
#598 = VECTOR('',#599,1.);
#599 = DIRECTION('',(-1.,0.));
#600 = ( GEOMETRIC_REPRESENTATION_CONTEXT(2) 
PARAMETRIC_REPRESENTATION_CONTEXT() REPRESENTATION_CONTEXT('2D SPACE',''
  ) );
#601 = ADVANCED_FACE('',(#602),#590,.T.);
#602 = FACE_BOUND('',#603,.F.);
#603 = EDGE_LOOP('',(#604,#605,#628,#655));
#604 = ORIENTED_EDGE('',*,*,#573,.T.);
#605 = ORIENTED_EDGE('',*,*,#606,.T.);
#606 = EDGE_CURVE('',#574,#607,#609,.T.);
#607 = VERTEX_POINT('',#608);
#608 = CARTESIAN_POINT('',(52.,0.,0.));
#609 = SEAM_CURVE('',#610,(#614,#621),.PCURVE_S1.);
#610 = LINE('',#611,#612);
#611 = CARTESIAN_POINT('',(52.,0.,2.8));
#612 = VECTOR('',#613,1.);
#613 = DIRECTION('',(0.,0.,-1.));
#614 = PCURVE('',#590,#615);
#615 = DEFINITIONAL_REPRESENTATION('',(#616),#620);
#616 = LINE('',#617,#618);
#617 = CARTESIAN_POINT('',(-0.,0.));
#618 = VECTOR('',#619,1.);
#619 = DIRECTION('',(-0.,1.));
#620 = ( GEOMETRIC_REPRESENTATION_CONTEXT(2) 
PARAMETRIC_REPRESENTATION_CONTEXT() REPRESENTATION_CONTEXT('2D SPACE',''
  ) );
#621 = PCURVE('',#590,#622);
#622 = DEFINITIONAL_REPRESENTATION('',(#623),#627);
#623 = LINE('',#624,#625);
#624 = CARTESIAN_POINT('',(-6.28318530718,0.));
#625 = VECTOR('',#626,1.);
#626 = DIRECTION('',(-0.,1.));
#627 = ( GEOMETRIC_REPRESENTATION_CONTEXT(2) 
PARAMETRIC_REPRESENTATION_CONTEXT() REPRESENTATION_CONTEXT('2D SPACE',''
  ) );
#628 = ORIENTED_EDGE('',*,*,#629,.F.);
#629 = EDGE_CURVE('',#607,#607,#630,.T.);
#630 = SURFACE_CURVE('',#631,(#636,#643),.PCURVE_S1.);
#631 = CIRCLE('',#632,52.);
#632 = AXIS2_PLACEMENT_3D('',#633,#634,#635);
#633 = CARTESIAN_POINT('',(0.,0.,0.));
#634 = DIRECTION('',(0.,0.,1.));
#635 = DIRECTION('',(1.,0.,-0.));
#636 = PCURVE('',#590,#637);
#637 = DEFINITIONAL_REPRESENTATION('',(#638),#642);
#638 = LINE('',#639,#640);
#639 = CARTESIAN_POINT('',(-0.,2.8));
#640 = VECTOR('',#641,1.);
#641 = DIRECTION('',(-1.,0.));
#642 = ( GEOMETRIC_REPRESENTATION_CONTEXT(2) 
PARAMETRIC_REPRESENTATION_CONTEXT() REPRESENTATION_CONTEXT('2D SPACE',''
  ) );
#643 = PCURVE('',#644,#649);
#644 = PLANE('',#645);
#645 = AXIS2_PLACEMENT_3D('',#646,#647,#648);
#646 = CARTESIAN_POINT('',(0.,0.,0.));
#647 = DIRECTION('',(0.,0.,1.));
#648 = DIRECTION('',(1.,0.,-0.));
#649 = DEFINITIONAL_REPRESENTATION('',(#650),#654);
#650 = CIRCLE('',#651,52.);
#651 = AXIS2_PLACEMENT_2D('',#652,#653);
#652 = CARTESIAN_POINT('',(0.,0.));
#653 = DIRECTION('',(1.,0.));
#654 = ( GEOMETRIC_REPRESENTATION_CONTEXT(2) 
PARAMETRIC_REPRESENTATION_CONTEXT() REPRESENTATION_CONTEXT('2D SPACE',''
  ) );
#655 = ORIENTED_EDGE('',*,*,#606,.F.);
#656 = ADVANCED_FACE('',(#657,#660),#644,.F.);
#657 = FACE_BOUND('',#658,.F.);
#658 = EDGE_LOOP('',(#659));
#659 = ORIENTED_EDGE('',*,*,#629,.T.);
#660 = FACE_BOUND('',#661,.F.);
#661 = EDGE_LOOP('',(#662));
#662 = ORIENTED_EDGE('',*,*,#663,.F.);
#663 = EDGE_CURVE('',#664,#664,#666,.T.);
#664 = VERTEX_POINT('',#665);
#665 = CARTESIAN_POINT('',(43.,0.,0.));
#666 = SURFACE_CURVE('',#667,(#672,#679),.PCURVE_S1.);
#667 = CIRCLE('',#668,43.);
#668 = AXIS2_PLACEMENT_3D('',#669,#670,#671);
#669 = CARTESIAN_POINT('',(0.,0.,0.));
#670 = DIRECTION('',(0.,0.,1.));
#671 = DIRECTION('',(1.,0.,-0.));
#672 = PCURVE('',#644,#673);
#673 = DEFINITIONAL_REPRESENTATION('',(#674),#678);
#674 = CIRCLE('',#675,43.);
#675 = AXIS2_PLACEMENT_2D('',#676,#677);
#676 = CARTESIAN_POINT('',(0.,0.));
#677 = DIRECTION('',(1.,0.));
#678 = ( GEOMETRIC_REPRESENTATION_CONTEXT(2) 
PARAMETRIC_REPRESENTATION_CONTEXT() REPRESENTATION_CONTEXT('2D SPACE',''
  ) );
#679 = PCURVE('',#680,#685);
#680 = CYLINDRICAL_SURFACE('',#681,43.);
#681 = AXIS2_PLACEMENT_3D('',#682,#683,#684);
#682 = CARTESIAN_POINT('',(0.,0.,0.));
#683 = DIRECTION('',(0.,0.,1.));
#684 = DIRECTION('',(1.,0.,-0.));
#685 = DEFINITIONAL_REPRESENTATION('',(#686),#690);
#686 = LINE('',#687,#688);
#687 = CARTESIAN_POINT('',(0.,0.));
#688 = VECTOR('',#689,1.);
#689 = DIRECTION('',(1.,0.));
#690 = ( GEOMETRIC_REPRESENTATION_CONTEXT(2) 
PARAMETRIC_REPRESENTATION_CONTEXT() REPRESENTATION_CONTEXT('2D SPACE',''
  ) );
#691 = ADVANCED_FACE('',(#692),#680,.F.);
#692 = FACE_BOUND('',#693,.F.);
#693 = EDGE_LOOP('',(#694,#695,#718,#745));
#694 = ORIENTED_EDGE('',*,*,#663,.T.);
#695 = ORIENTED_EDGE('',*,*,#696,.T.);
#696 = EDGE_CURVE('',#664,#697,#699,.T.);
#697 = VERTEX_POINT('',#698);
#698 = CARTESIAN_POINT('',(43.,0.,2.8));
#699 = SEAM_CURVE('',#700,(#704,#711),.PCURVE_S1.);
#700 = LINE('',#701,#702);
#701 = CARTESIAN_POINT('',(43.,0.,0.));
#702 = VECTOR('',#703,1.);
#703 = DIRECTION('',(0.,0.,1.));
#704 = PCURVE('',#680,#705);
#705 = DEFINITIONAL_REPRESENTATION('',(#706),#710);
#706 = LINE('',#707,#708);
#707 = CARTESIAN_POINT('',(0.,0.));
#708 = VECTOR('',#709,1.);
#709 = DIRECTION('',(0.,1.));
#710 = ( GEOMETRIC_REPRESENTATION_CONTEXT(2) 
PARAMETRIC_REPRESENTATION_CONTEXT() REPRESENTATION_CONTEXT('2D SPACE',''
  ) );
#711 = PCURVE('',#680,#712);
#712 = DEFINITIONAL_REPRESENTATION('',(#713),#717);
#713 = LINE('',#714,#715);
#714 = CARTESIAN_POINT('',(6.28318530718,0.));
#715 = VECTOR('',#716,1.);
#716 = DIRECTION('',(0.,1.));
#717 = ( GEOMETRIC_REPRESENTATION_CONTEXT(2) 
PARAMETRIC_REPRESENTATION_CONTEXT() REPRESENTATION_CONTEXT('2D SPACE',''
  ) );
#718 = ORIENTED_EDGE('',*,*,#719,.F.);
#719 = EDGE_CURVE('',#697,#697,#720,.T.);
#720 = SURFACE_CURVE('',#721,(#726,#733),.PCURVE_S1.);
#721 = CIRCLE('',#722,43.);
#722 = AXIS2_PLACEMENT_3D('',#723,#724,#725);
#723 = CARTESIAN_POINT('',(0.,0.,2.8));
#724 = DIRECTION('',(0.,0.,1.));
#725 = DIRECTION('',(1.,0.,-0.));
#726 = PCURVE('',#680,#727);
#727 = DEFINITIONAL_REPRESENTATION('',(#728),#732);
#728 = LINE('',#729,#730);
#729 = CARTESIAN_POINT('',(0.,2.8));
#730 = VECTOR('',#731,1.);
#731 = DIRECTION('',(1.,0.));
#732 = ( GEOMETRIC_REPRESENTATION_CONTEXT(2) 
PARAMETRIC_REPRESENTATION_CONTEXT() REPRESENTATION_CONTEXT('2D SPACE',''
  ) );
#733 = PCURVE('',#734,#739);
#734 = CONICAL_SURFACE('',#735,43.,1.548577761468);
#735 = AXIS2_PLACEMENT_3D('',#736,#737,#738);
#736 = CARTESIAN_POINT('',(0.,0.,2.8));
#737 = DIRECTION('',(-0.,-0.,-1.));
#738 = DIRECTION('',(1.,0.,-0.));
#739 = DEFINITIONAL_REPRESENTATION('',(#740),#744);
#740 = LINE('',#741,#742);
#741 = CARTESIAN_POINT('',(-0.,-0.));
#742 = VECTOR('',#743,1.);
#743 = DIRECTION('',(-1.,-0.));
#744 = ( GEOMETRIC_REPRESENTATION_CONTEXT(2) 
PARAMETRIC_REPRESENTATION_CONTEXT() REPRESENTATION_CONTEXT('2D SPACE',''
  ) );
#745 = ORIENTED_EDGE('',*,*,#696,.F.);
#746 = ADVANCED_FACE('',(#747),#734,.F.);
#747 = FACE_BOUND('',#748,.F.);
#748 = EDGE_LOOP('',(#749,#750,#773,#800));
#749 = ORIENTED_EDGE('',*,*,#719,.T.);
#750 = ORIENTED_EDGE('',*,*,#751,.T.);
#751 = EDGE_CURVE('',#697,#752,#754,.T.);
#752 = VERTEX_POINT('',#753);
#753 = CARTESIAN_POINT('',(34.,0.,3.));
#754 = SEAM_CURVE('',#755,(#759,#766),.PCURVE_S1.);
#755 = LINE('',#756,#757);
#756 = CARTESIAN_POINT('',(43.,0.,2.8));
#757 = VECTOR('',#758,1.);
#758 = DIRECTION('',(-0.999753177832,0.,2.221673728515E-02));
#759 = PCURVE('',#734,#760);
#760 = DEFINITIONAL_REPRESENTATION('',(#761),#765);
#761 = LINE('',#762,#763);
#762 = CARTESIAN_POINT('',(-0.,-0.));
#763 = VECTOR('',#764,1.);
#764 = DIRECTION('',(-0.,-1.));
#765 = ( GEOMETRIC_REPRESENTATION_CONTEXT(2) 
PARAMETRIC_REPRESENTATION_CONTEXT() REPRESENTATION_CONTEXT('2D SPACE',''
  ) );
#766 = PCURVE('',#734,#767);
#767 = DEFINITIONAL_REPRESENTATION('',(#768),#772);
#768 = LINE('',#769,#770);
#769 = CARTESIAN_POINT('',(-6.28318530718,-0.));
#770 = VECTOR('',#771,1.);
#771 = DIRECTION('',(-0.,-1.));
#772 = ( GEOMETRIC_REPRESENTATION_CONTEXT(2) 
PARAMETRIC_REPRESENTATION_CONTEXT() REPRESENTATION_CONTEXT('2D SPACE',''
  ) );
#773 = ORIENTED_EDGE('',*,*,#774,.F.);
#774 = EDGE_CURVE('',#752,#752,#775,.T.);
#775 = SURFACE_CURVE('',#776,(#781,#788),.PCURVE_S1.);
#776 = CIRCLE('',#777,34.);
#777 = AXIS2_PLACEMENT_3D('',#778,#779,#780);
#778 = CARTESIAN_POINT('',(0.,0.,3.));
#779 = DIRECTION('',(0.,0.,1.));
#780 = DIRECTION('',(1.,0.,-0.));
#781 = PCURVE('',#734,#782);
#782 = DEFINITIONAL_REPRESENTATION('',(#783),#787);
#783 = LINE('',#784,#785);
#784 = CARTESIAN_POINT('',(-0.,-0.2));
#785 = VECTOR('',#786,1.);
#786 = DIRECTION('',(-1.,-0.));
#787 = ( GEOMETRIC_REPRESENTATION_CONTEXT(2) 
PARAMETRIC_REPRESENTATION_CONTEXT() REPRESENTATION_CONTEXT('2D SPACE',''
  ) );
#788 = PCURVE('',#789,#794);
#789 = CONICAL_SURFACE('',#790,34.,1.5649140417);
#790 = AXIS2_PLACEMENT_3D('',#791,#792,#793);
#791 = CARTESIAN_POINT('',(0.,0.,3.));
#792 = DIRECTION('',(-0.,-0.,-1.));
#793 = DIRECTION('',(1.,0.,-0.));
#794 = DEFINITIONAL_REPRESENTATION('',(#795),#799);
#795 = LINE('',#796,#797);
#796 = CARTESIAN_POINT('',(-0.,-0.));
#797 = VECTOR('',#798,1.);
#798 = DIRECTION('',(-1.,-0.));
#799 = ( GEOMETRIC_REPRESENTATION_CONTEXT(2) 
PARAMETRIC_REPRESENTATION_CONTEXT() REPRESENTATION_CONTEXT('2D SPACE',''
  ) );
#800 = ORIENTED_EDGE('',*,*,#751,.F.);
#801 = ADVANCED_FACE('',(#802),#789,.F.);
#802 = FACE_BOUND('',#803,.F.);
#803 = EDGE_LOOP('',(#804,#805,#828));
#804 = ORIENTED_EDGE('',*,*,#774,.T.);
#805 = ORIENTED_EDGE('',*,*,#806,.T.);
#806 = EDGE_CURVE('',#752,#807,#809,.T.);
#807 = VERTEX_POINT('',#808);
#808 = CARTESIAN_POINT('',(0.,0.,3.2));
#809 = SEAM_CURVE('',#810,(#814,#821),.PCURVE_S1.);
#810 = LINE('',#811,#812);
#811 = CARTESIAN_POINT('',(34.,0.,3.));
#812 = VECTOR('',#813,1.);
#813 = DIRECTION('',(-0.999982699411,0.,5.882251173005E-03));
#814 = PCURVE('',#789,#815);
#815 = DEFINITIONAL_REPRESENTATION('',(#816),#820);
#816 = LINE('',#817,#818);
#817 = CARTESIAN_POINT('',(-0.,-0.));
#818 = VECTOR('',#819,1.);
#819 = DIRECTION('',(-0.,-1.));
#820 = ( GEOMETRIC_REPRESENTATION_CONTEXT(2) 
PARAMETRIC_REPRESENTATION_CONTEXT() REPRESENTATION_CONTEXT('2D SPACE',''
  ) );
#821 = PCURVE('',#789,#822);
#822 = DEFINITIONAL_REPRESENTATION('',(#823),#827);
#823 = LINE('',#824,#825);
#824 = CARTESIAN_POINT('',(-6.28318530718,-0.));
#825 = VECTOR('',#826,1.);
#826 = DIRECTION('',(-0.,-1.));
#827 = ( GEOMETRIC_REPRESENTATION_CONTEXT(2) 
PARAMETRIC_REPRESENTATION_CONTEXT() REPRESENTATION_CONTEXT('2D SPACE',''
  ) );
#828 = ORIENTED_EDGE('',*,*,#806,.F.);
#829 = ( GEOMETRIC_REPRESENTATION_CONTEXT(3) 
GLOBAL_UNCERTAINTY_ASSIGNED_CONTEXT((#833)) GLOBAL_UNIT_ASSIGNED_CONTEXT
((#830,#831,#832)) REPRESENTATION_CONTEXT('Context #1',
  '3D Context with UNIT and UNCERTAINTY') );
#830 = ( LENGTH_UNIT() NAMED_UNIT(*) SI_UNIT(.MILLI.,.METRE.) );
#831 = ( NAMED_UNIT(*) PLANE_ANGLE_UNIT() SI_UNIT($,.RADIAN.) );
#832 = ( NAMED_UNIT(*) SI_UNIT($,.STERADIAN.) SOLID_ANGLE_UNIT() );
#833 = UNCERTAINTY_MEASURE_WITH_UNIT(LENGTH_MEASURE(1.E-07),#830,
  'distance_accuracy_value','confusion accuracy');
#834 = CONTEXT_DEPENDENT_SHAPE_REPRESENTATION(#835,#837);
#835 = ( REPRESENTATION_RELATIONSHIP('','',#104,#10) 
REPRESENTATION_RELATIONSHIP_WITH_TRANSFORMATION(#836) 
SHAPE_REPRESENTATION_RELATIONSHIP() );
#836 = ITEM_DEFINED_TRANSFORMATION('','',#11,#15);
#837 = PRODUCT_DEFINITION_SHAPE('Placement','Placement of an item',#838
  );
#838 = NEXT_ASSEMBLY_USAGE_OCCURRENCE('1','plate','',#5,#99,$);
#839 = PRODUCT_RELATED_PRODUCT_CATEGORY('part',$,(#101));
#840 = SHAPE_DEFINITION_REPRESENTATION(#841,#847);
#841 = PRODUCT_DEFINITION_SHAPE('','',#842);
#842 = PRODUCT_DEFINITION('design','',#843,#846);
#843 = PRODUCT_DEFINITION_FORMATION('','',#844);
#844 = PRODUCT('sauce_red','sauce_red','',(#845));
#845 = PRODUCT_CONTEXT('',#2,'mechanical');
#846 = PRODUCT_DEFINITION_CONTEXT('part definition',#2,'design');
#847 = ADVANCED_BREP_SHAPE_REPRESENTATION('',(#11,#848),#1418);
#848 = MANIFOLD_SOLID_BREP('',#849);
#849 = CLOSED_SHELL('',(#850,#1406,#1410,#1414));
#850 = ADVANCED_FACE('',(#851,#1073),#868,.T.);
#851 = FACE_BOUND('',#852,.T.);
#852 = EDGE_LOOP('',(#853,#972,#1022,#1023));
#853 = ORIENTED_EDGE('',*,*,#854,.F.);
#854 = EDGE_CURVE('',#855,#857,#859,.T.);
#855 = VERTEX_POINT('',#856);
#856 = CARTESIAN_POINT('',(1.33226762955E-15,6.,-1.33226762955E-15));
#857 = VERTEX_POINT('',#858);
#858 = CARTESIAN_POINT('',(158.,7.5,-1.665334536938E-15));
#859 = SEAM_CURVE('',#860,(#867,#965),.PCURVE_S1.);
#860 = ( BOUNDED_CURVE() B_SPLINE_CURVE(5,(#861,#862,#863,#864,#865,#866
),.UNSPECIFIED.,.F.,.F.) B_SPLINE_CURVE_WITH_KNOTS((6,6),(0.,1.),
.PIECEWISE_BEZIER_KNOTS.) CURVE() GEOMETRIC_REPRESENTATION_ITEM() 
RATIONAL_B_SPLINE_CURVE((1.,1.,1.,1.,1.,1.)) REPRESENTATION_ITEM('') );
#861 = CARTESIAN_POINT('',(1.33226762955E-15,6.,-1.309287327811E-15));
#862 = CARTESIAN_POINT('',(29.789321466805,23.716722849036,
    -6.009398694805E-15));
#863 = CARTESIAN_POINT('',(63.709671463866,27.416766526928,
    -3.888226488435E-15));
#864 = CARTESIAN_POINT('',(93.380366770722,35.116473964471,
    -1.444746978088E-14));
#865 = CARTESIAN_POINT('',(131.25924734148,29.488593968219,
    -2.851459782786E-15));
#866 = CARTESIAN_POINT('',(158.,7.5,-1.739858246922E-15));
#867 = PCURVE('',#868,#959);
#868 = ( BOUNDED_SURFACE() B_SPLINE_SURFACE(14,5,(
    (#869,#870,#871,#872,#873,#874)
    ,(#875,#876,#877,#878,#879,#880)
    ,(#881,#882,#883,#884,#885,#886)
    ,(#887,#888,#889,#890,#891,#892)
    ,(#893,#894,#895,#896,#897,#898)
    ,(#899,#900,#901,#902,#903,#904)
    ,(#905,#906,#907,#908,#909,#910)
    ,(#911,#912,#913,#914,#915,#916)
    ,(#917,#918,#919,#920,#921,#922)
    ,(#923,#924,#925,#926,#927,#928)
    ,(#929,#930,#931,#932,#933,#934)
    ,(#935,#936,#937,#938,#939,#940)
    ,(#941,#942,#943,#944,#945,#946)
    ,(#947,#948,#949,#950,#951,#952)
    ,(#953,#954,#955,#956,#957,#958
)),.UNSPECIFIED.,.T.,.F.,.F.) B_SPLINE_SURFACE_WITH_KNOTS((15,15),(6,6),
  (0.,1.),(0.,1.),.PIECEWISE_BEZIER_KNOTS.) 
GEOMETRIC_REPRESENTATION_ITEM() RATIONAL_B_SPLINE_SURFACE((
    (1.,1.,1.,1.,1.,1.)
    ,(1.,1.,1.,1.,1.,1.)
    ,(1.,1.,1.,1.,1.,1.)
    ,(1.,1.,1.,1.,1.,1.)
    ,(1.,1.,1.,1.,1.,1.)
    ,(1.,1.,1.,1.,1.,1.)
    ,(1.,1.,1.,1.,1.,1.)
    ,(1.,1.,1.,1.,1.,1.)
    ,(1.,1.,1.,1.,1.,1.)
    ,(1.,1.,1.,1.,1.,1.)
    ,(1.,1.,1.,1.,1.,1.)
    ,(1.,1.,1.,1.,1.,1.)
    ,(1.,1.,1.,1.,1.,1.)
    ,(1.,1.,1.,1.,1.,1.)
,(1.,1.,1.,1.,1.,1.))) REPRESENTATION_ITEM('') SURFACE() );
#869 = CARTESIAN_POINT('',(1.33226762955E-15,6.,-1.309287327811E-15));
#870 = CARTESIAN_POINT('',(29.789321466805,23.716722849036,
    -6.009398694805E-15));
#871 = CARTESIAN_POINT('',(63.709671463866,27.416766526928,
    -3.888226488435E-15));
#872 = CARTESIAN_POINT('',(93.380366770722,35.116473964471,
    -1.444746978088E-14));
#873 = CARTESIAN_POINT('',(131.25924734148,29.488593968219,
    -2.851459782786E-15));
#874 = CARTESIAN_POINT('',(158.,7.5,-1.739858246922E-15));
#875 = CARTESIAN_POINT('',(1.332267629551E-15,6.000000000002,
    7.180783208209E-02));
#876 = CARTESIAN_POINT('',(29.789321466805,23.716722849025,
    0.345786458017));
#877 = CARTESIAN_POINT('',(63.709671463866,27.416766526975,
    0.123031172078));
#878 = CARTESIAN_POINT('',(93.380366770722,35.116473964446,1.01178644051
    ));
#879 = CARTESIAN_POINT('',(131.25924734148,29.488593968237,
    0.323388589155));
#880 = CARTESIAN_POINT('',(158.,7.500000000004,0.116687727133));
#881 = CARTESIAN_POINT('',(1.043279647738E-15,4.698513832795,
    0.14361569067));
#882 = CARTESIAN_POINT('',(29.789321466805,19.082428361603,0.69157304367
    ));
#883 = CARTESIAN_POINT('',(63.709671463866,22.219913030838,
    0.246062389575));
#884 = CARTESIAN_POINT('',(93.380366770722,27.043941317803,
    2.023573254485));
#885 = CARTESIAN_POINT('',(131.25924734148,22.675459317637,
    0.646777297683));
#886 = CARTESIAN_POINT('',(158.,5.113942026791,0.233375497339));
#887 = CARTESIAN_POINT('',(4.653033146793E-16,2.095539834604,
    0.197251095452));
#888 = CARTESIAN_POINT('',(29.789321466805,9.813833461918,0.949851230135
    ));
#889 = CARTESIAN_POINT('',(63.709671463866,11.826199396206,
    0.337958029964));
#890 = CARTESIAN_POINT('',(93.380366770722,10.898865703767,
    2.779306629485));
#891 = CARTESIAN_POINT('',(131.25924734148,9.04918130698,0.888325849947)
  );
#892 = CARTESIAN_POINT('',(158.,0.341823030105,0.320533030109));
#893 = CARTESIAN_POINT('',(-3.152286628318E-16,-1.419663688466,
    0.214543615332));
#894 = CARTESIAN_POINT('',(29.789321466805,-2.70300207504,1.033122358443
    ));
#895 = CARTESIAN_POINT('',(63.709671463866,-2.210060212256,0.36758598182
    ));
#896 = CARTESIAN_POINT('',(93.380366770722,-10.90435888158,
    3.022961626807));
#897 = CARTESIAN_POINT('',(131.25924734148,-9.352516329643,
    0.966203199062));
#898 = CARTESIAN_POINT('',(158.,-6.102716762181,0.348633374915));
#899 = CARTESIAN_POINT('',(-1.125467266575E-15,-5.068653962364,
    0.183836297761));
#900 = CARTESIAN_POINT('',(29.789321466805,-15.69622162595,0.88525304853
    ));
#901 = CARTESIAN_POINT('',(63.709671463866,-16.78053228927,
    0.314973931468));
#902 = CARTESIAN_POINT('',(93.380366770721,-33.53740244349,
    2.590289498506));
#903 = CARTESIAN_POINT('',(131.25924734148,-28.45457265596,
    0.827911931659));
#904 = CARTESIAN_POINT('',(158.,-12.79253226434,0.298733983863));
#905 = CARTESIAN_POINT('',(-1.743993884868E-15,-7.854250210027,
    0.106541639243));
#906 = CARTESIAN_POINT('',(29.789321466805,-25.61509257355,
    0.513045095434));
#907 = CARTESIAN_POINT('',(63.709671463866,-27.90345926898,0.18254196479
    ));
#908 = CARTESIAN_POINT('',(93.380366770721,-50.81520163317,
    1.501192597013));
#909 = CARTESIAN_POINT('',(131.25924734148,-43.03685773636,
    0.479813265543));
#910 = CARTESIAN_POINT('',(158.,-17.89945871836,0.173130163769));
#911 = CARTESIAN_POINT('',(-1.976856814291E-15,-8.902971612207,
    1.641332174976E-12));
#912 = CARTESIAN_POINT('',(29.789321466805,-29.3493495625,
    3.312883642558E-11));
#913 = CARTESIAN_POINT('',(63.709671463866,-32.09101931883,
    -6.672128834933E-11));
#914 = CARTESIAN_POINT('',(93.380366770721,-57.31994826501,
    1.217115515506E-10));
#915 = CARTESIAN_POINT('',(131.25924734148,-48.52679708636,
    -2.19445707609E-11));
#916 = CARTESIAN_POINT('',(158.,-19.8221146224,3.389138328785E-12));
#917 = CARTESIAN_POINT('',(-1.743993884869E-15,-7.854250210031,
    -0.106541639246));
#918 = CARTESIAN_POINT('',(29.789321466805,-25.6150925736,
    -0.513045095495));
#919 = CARTESIAN_POINT('',(63.709671463866,-27.90345926886,
    -0.182541964669));
#920 = CARTESIAN_POINT('',(93.380366770721,-50.8152016333,
    -1.501192597235));
#921 = CARTESIAN_POINT('',(131.25924734148,-43.03685773632,
    -0.479813265503));
#922 = CARTESIAN_POINT('',(158.,-17.89945871836,-0.173130163775));
#923 = CARTESIAN_POINT('',(-1.125467266573E-15,-5.068653962358,
    -0.183836297759));
#924 = CARTESIAN_POINT('',(29.789321466805,-15.69622162589,
    -0.885253048484));
#925 = CARTESIAN_POINT('',(63.709671463866,-16.78053228944,
    -0.314973931559));
#926 = CARTESIAN_POINT('',(93.380366770721,-33.53740244331,
    -2.590289498339));
#927 = CARTESIAN_POINT('',(131.25924734148,-28.45457265602,
    -0.827911931688));
#928 = CARTESIAN_POINT('',(158.,-12.79253226434,-0.298733983858));
#929 = CARTESIAN_POINT('',(-3.152286628331E-16,-1.419663688472,
    -0.214543615334));
#930 = CARTESIAN_POINT('',(29.789321466805,-2.703002075093,
    -1.03312235847));
#931 = CARTESIAN_POINT('',(63.709671463866,-2.210060212107,
    -0.367585981764));
#932 = CARTESIAN_POINT('',(93.380366770722,-10.90435888174,
    -3.02296162691));
#933 = CARTESIAN_POINT('',(131.25924734148,-9.352516329595,
    -0.966203199045));
#934 = CARTESIAN_POINT('',(158.,-6.102716762183,-0.348633374918));
#935 = CARTESIAN_POINT('',(4.653033146801E-16,2.095539834608,
    -0.197251095451));
#936 = CARTESIAN_POINT('',(29.789321466805,9.81383346195,-0.949851230122
    ));
#937 = CARTESIAN_POINT('',(63.709671463866,11.826199396117,
    -0.33795802999));
#938 = CARTESIAN_POINT('',(93.380366770722,10.898865703863,
    -2.779306629435));
#939 = CARTESIAN_POINT('',(131.25924734148,9.049181306952,
    -0.888325849955));
#940 = CARTESIAN_POINT('',(158.,0.341823030106,-0.320533030108));
#941 = CARTESIAN_POINT('',(1.043279647737E-15,4.698513832793,
    -0.14361569067));
#942 = CARTESIAN_POINT('',(29.789321466805,19.082428361589,
    -0.691573043675));
#943 = CARTESIAN_POINT('',(63.709671463866,22.219913030876,
    -0.246062389566));
#944 = CARTESIAN_POINT('',(93.380366770722,27.043941317763,
    -2.023573254502));
#945 = CARTESIAN_POINT('',(131.25924734148,22.675459317648,
    -0.64677729768));
#946 = CARTESIAN_POINT('',(158.,5.113942026791,-0.233375497339));
#947 = CARTESIAN_POINT('',(1.332267629551E-15,6.000000000002,
    -7.180783208204E-02));
#948 = CARTESIAN_POINT('',(29.789321466805,23.716722849028,
    -0.345786458016));
#949 = CARTESIAN_POINT('',(63.709671463866,27.416766526966,
    -0.12303117208));
#950 = CARTESIAN_POINT('',(93.380366770722,35.116473964456,
    -1.011786440506));
#951 = CARTESIAN_POINT('',(131.25924734148,29.488593968234,
    -0.323388589156));
#952 = CARTESIAN_POINT('',(158.,7.500000000004,-0.116687727133));
#953 = CARTESIAN_POINT('',(1.33226762955E-15,6.,-1.532510911684E-15));
#954 = CARTESIAN_POINT('',(29.789321466805,23.716722849036,
    -5.160474606955E-15));
#955 = CARTESIAN_POINT('',(63.709671463866,27.416766526928,
    -7.569630892397E-15));
#956 = CARTESIAN_POINT('',(93.380366770722,35.116473964472,
    3.683855924016E-16));
#957 = CARTESIAN_POINT('',(131.25924734148,29.488593968219,
    -1.167379595579E-14));
#958 = CARTESIAN_POINT('',(158.,7.5,-1.658507360864E-15));
#959 = DEFINITIONAL_REPRESENTATION('',(#960),#964);
#960 = LINE('',#961,#962);
#961 = CARTESIAN_POINT('',(0.,0.));
#962 = VECTOR('',#963,1.);
#963 = DIRECTION('',(0.,1.));
#964 = ( GEOMETRIC_REPRESENTATION_CONTEXT(2) 
PARAMETRIC_REPRESENTATION_CONTEXT() REPRESENTATION_CONTEXT('2D SPACE',''
  ) );
#965 = PCURVE('',#868,#966);
#966 = DEFINITIONAL_REPRESENTATION('',(#967),#971);
#967 = LINE('',#968,#969);
#968 = CARTESIAN_POINT('',(1.,0.));
#969 = VECTOR('',#970,1.);
#970 = DIRECTION('',(0.,1.));
#971 = ( GEOMETRIC_REPRESENTATION_CONTEXT(2) 
PARAMETRIC_REPRESENTATION_CONTEXT() REPRESENTATION_CONTEXT('2D SPACE',''
  ) );
#972 = ORIENTED_EDGE('',*,*,#973,.T.);
#973 = EDGE_CURVE('',#855,#855,#974,.T.);
#974 = SURFACE_CURVE('',#975,(#991,#998),.PCURVE_S1.);
#975 = B_SPLINE_CURVE_WITH_KNOTS('',14,(#976,#977,#978,#979,#980,#981,
    #982,#983,#984,#985,#986,#987,#988,#989,#990),.UNSPECIFIED.,.T.,.F.,
  (15,15),(0.,1.),.PIECEWISE_BEZIER_KNOTS.);
#976 = CARTESIAN_POINT('',(1.33226762955E-15,6.,-1.309287327811E-15));
#977 = CARTESIAN_POINT('',(1.332267629551E-15,6.000000000002,
    7.180783208209E-02));
#978 = CARTESIAN_POINT('',(1.043279647738E-15,4.698513832795,
    0.14361569067));
#979 = CARTESIAN_POINT('',(4.653033146793E-16,2.095539834604,
    0.197251095452));
#980 = CARTESIAN_POINT('',(-3.152286628318E-16,-1.419663688466,
    0.214543615332));
#981 = CARTESIAN_POINT('',(-1.125467266575E-15,-5.068653962364,
    0.183836297761));
#982 = CARTESIAN_POINT('',(-1.743993884868E-15,-7.854250210027,
    0.106541639243));
#983 = CARTESIAN_POINT('',(-1.976856814291E-15,-8.902971612207,
    1.641332174976E-12));
#984 = CARTESIAN_POINT('',(-1.743993884869E-15,-7.854250210031,
    -0.106541639246));
#985 = CARTESIAN_POINT('',(-1.125467266573E-15,-5.068653962358,
    -0.183836297759));
#986 = CARTESIAN_POINT('',(-3.152286628331E-16,-1.419663688472,
    -0.214543615334));
#987 = CARTESIAN_POINT('',(4.653033146801E-16,2.095539834608,
    -0.197251095451));
#988 = CARTESIAN_POINT('',(1.043279647737E-15,4.698513832793,
    -0.14361569067));
#989 = CARTESIAN_POINT('',(1.332267629551E-15,6.000000000002,
    -7.180783208204E-02));
#990 = CARTESIAN_POINT('',(1.33226762955E-15,6.,-1.532510911684E-15));
#991 = PCURVE('',#868,#992);
#992 = DEFINITIONAL_REPRESENTATION('',(#993),#997);
#993 = LINE('',#994,#995);
#994 = CARTESIAN_POINT('',(0.,0.));
#995 = VECTOR('',#996,1.);
#996 = DIRECTION('',(1.,0.));
#997 = ( GEOMETRIC_REPRESENTATION_CONTEXT(2) 
PARAMETRIC_REPRESENTATION_CONTEXT() REPRESENTATION_CONTEXT('2D SPACE',''
  ) );
#998 = PCURVE('',#999,#1004);
#999 = PLANE('',#1000);
#1000 = AXIS2_PLACEMENT_3D('',#1001,#1002,#1003);
#1001 = CARTESIAN_POINT('',(1.33226762955E-15,6.,-1.309287327811E-15));
#1002 = DIRECTION('',(-1.,2.22044604925E-16,-4.930380657631E-32));
#1003 = DIRECTION('',(-2.22044604925E-16,-1.,2.218643032561E-16));
#1004 = DEFINITIONAL_REPRESENTATION('',(#1005),#1021);
#1005 = B_SPLINE_CURVE_WITH_KNOTS('',14,(#1006,#1007,#1008,#1009,#1010,
    #1011,#1012,#1013,#1014,#1015,#1016,#1017,#1018,#1019,#1020),
  .UNSPECIFIED.,.F.,.F.,(15,15),(0.,1.),.PIECEWISE_BEZIER_KNOTS.);
#1006 = CARTESIAN_POINT('',(0.,0.));
#1007 = CARTESIAN_POINT('',(-1.960209772278E-12,7.18078320821E-02));
#1008 = CARTESIAN_POINT('',(1.301486167205,0.14361569067));
#1009 = CARTESIAN_POINT('',(3.904460165396,0.197251095452));
#1010 = CARTESIAN_POINT('',(7.419663688466,0.214543615332));
#1011 = CARTESIAN_POINT('',(11.068653962364,0.183836297761));
#1012 = CARTESIAN_POINT('',(13.854250210027,0.106541639243));
#1013 = CARTESIAN_POINT('',(14.902971612207,1.63933502489E-12));
#1014 = CARTESIAN_POINT('',(13.854250210031,-0.106541639246));
#1015 = CARTESIAN_POINT('',(11.068653962358,-0.183836297759));
#1016 = CARTESIAN_POINT('',(7.419663688472,-0.214543615334));
#1017 = CARTESIAN_POINT('',(3.904460165392,-0.197251095451));
#1018 = CARTESIAN_POINT('',(1.301486167207,-0.14361569067));
#1019 = CARTESIAN_POINT('',(-2.329691994873E-12,-7.180783208203E-02));
#1020 = CARTESIAN_POINT('',(4.440892098501E-15,-2.232235838725E-16));
#1021 = ( GEOMETRIC_REPRESENTATION_CONTEXT(2) 
PARAMETRIC_REPRESENTATION_CONTEXT() REPRESENTATION_CONTEXT('2D SPACE',''
  ) );
#1022 = ORIENTED_EDGE('',*,*,#854,.T.);
#1023 = ORIENTED_EDGE('',*,*,#1024,.F.);
#1024 = EDGE_CURVE('',#857,#857,#1025,.T.);
#1025 = SURFACE_CURVE('',#1026,(#1042,#1049),.PCURVE_S1.);
#1026 = B_SPLINE_CURVE_WITH_KNOTS('',14,(#1027,#1028,#1029,#1030,#1031,
    #1032,#1033,#1034,#1035,#1036,#1037,#1038,#1039,#1040,#1041),
  .UNSPECIFIED.,.T.,.F.,(15,15),(0.,1.),.PIECEWISE_BEZIER_KNOTS.);
#1027 = CARTESIAN_POINT('',(158.,7.5,-1.739858246922E-15));
#1028 = CARTESIAN_POINT('',(158.,7.500000000004,0.116687727133));
#1029 = CARTESIAN_POINT('',(158.,5.113942026791,0.233375497339));
#1030 = CARTESIAN_POINT('',(158.,0.341823030105,0.320533030109));
#1031 = CARTESIAN_POINT('',(158.,-6.102716762181,0.348633374915));
#1032 = CARTESIAN_POINT('',(158.,-12.79253226434,0.298733983863));
#1033 = CARTESIAN_POINT('',(158.,-17.89945871836,0.173130163769));
#1034 = CARTESIAN_POINT('',(158.,-19.8221146224,3.389138328785E-12));
#1035 = CARTESIAN_POINT('',(158.,-17.89945871836,-0.173130163775));
#1036 = CARTESIAN_POINT('',(158.,-12.79253226434,-0.298733983858));
#1037 = CARTESIAN_POINT('',(158.,-6.102716762183,-0.348633374918));
#1038 = CARTESIAN_POINT('',(158.,0.341823030106,-0.320533030108));
#1039 = CARTESIAN_POINT('',(158.,5.113942026791,-0.233375497339));
#1040 = CARTESIAN_POINT('',(158.,7.500000000004,-0.116687727133));
#1041 = CARTESIAN_POINT('',(158.,7.5,-1.658507360864E-15));
#1042 = PCURVE('',#868,#1043);
#1043 = DEFINITIONAL_REPRESENTATION('',(#1044),#1048);
#1044 = LINE('',#1045,#1046);
#1045 = CARTESIAN_POINT('',(0.,1.));
#1046 = VECTOR('',#1047,1.);
#1047 = DIRECTION('',(1.,0.));
#1048 = ( GEOMETRIC_REPRESENTATION_CONTEXT(2) 
PARAMETRIC_REPRESENTATION_CONTEXT() REPRESENTATION_CONTEXT('2D SPACE',''
  ) );
#1049 = PCURVE('',#1050,#1055);
#1050 = PLANE('',#1051);
#1051 = AXIS2_PLACEMENT_3D('',#1052,#1053,#1054);
#1052 = CARTESIAN_POINT('',(158.,7.5,-1.739858246922E-15));
#1053 = DIRECTION('',(-1.,2.22044604925E-16,-4.930380657631E-32));
#1054 = DIRECTION('',(-2.22044604925E-16,-1.,2.279552804352E-16));
#1055 = DEFINITIONAL_REPRESENTATION('',(#1056),#1072);
#1056 = B_SPLINE_CURVE_WITH_KNOTS('',14,(#1057,#1058,#1059,#1060,#1061,
    #1062,#1063,#1064,#1065,#1066,#1067,#1068,#1069,#1070,#1071),
  .UNSPECIFIED.,.F.,.F.,(15,15),(0.,1.),.PIECEWISE_BEZIER_KNOTS.);
#1057 = CARTESIAN_POINT('',(0.,0.));
#1058 = CARTESIAN_POINT('',(-3.563371819837E-12,0.116687727133));
#1059 = CARTESIAN_POINT('',(2.386057973209,0.233375497339));
#1060 = CARTESIAN_POINT('',(7.158176969895,0.320533030109));
#1061 = CARTESIAN_POINT('',(13.602716762181,0.348633374915));
#1062 = CARTESIAN_POINT('',(20.292532264346,0.298733983863));
#1063 = CARTESIAN_POINT('',(25.399458718363,0.173130163769));
#1064 = CARTESIAN_POINT('',(27.322114622404,3.384649966731E-12));
#1065 = CARTESIAN_POINT('',(25.399458718365,-0.173130163775));
#1066 = CARTESIAN_POINT('',(20.292532264344,-0.298733983858));
#1067 = CARTESIAN_POINT('',(13.602716762183,-0.348633374918));
#1068 = CARTESIAN_POINT('',(7.158176969894,-0.320533030108));
#1069 = CARTESIAN_POINT('',(2.386057973209,-0.233375497339));
#1070 = CARTESIAN_POINT('',(-3.600675313464E-12,-0.116687727133));
#1071 = CARTESIAN_POINT('',(-1.42108547152E-14,8.13508860573E-17));
#1072 = ( GEOMETRIC_REPRESENTATION_CONTEXT(2) 
PARAMETRIC_REPRESENTATION_CONTEXT() REPRESENTATION_CONTEXT('2D SPACE',''
  ) );
#1073 = FACE_BOUND('',#1074,.T.);
#1074 = EDGE_LOOP('',(#1075));
#1075 = ORIENTED_EDGE('',*,*,#1076,.T.);
#1076 = EDGE_CURVE('',#1077,#1077,#1079,.T.);
#1077 = VERTEX_POINT('',#1078);
#1078 = CARTESIAN_POINT('',(103.78103711208,-1.801634978576,
    -1.101197782289));
#1079 = SURFACE_CURVE('',#1080,(#1185,#1293),.PCURVE_S1.);
#1080 = B_SPLINE_CURVE_WITH_KNOTS('',7,(#1081,#1082,#1083,#1084,#1085,
    #1086,#1087,#1088,#1089,#1090,#1091,#1092,#1093,#1094,#1095,#1096,
    #1097,#1098,#1099,#1100,#1101,#1102,#1103,#1104,#1105,#1106,#1107,
    #1108,#1109,#1110,#1111,#1112,#1113,#1114,#1115,#1116,#1117,#1118,
    #1119,#1120,#1121,#1122,#1123,#1124,#1125,#1126,#1127,#1128,#1129,
    #1130,#1131,#1132,#1133,#1134,#1135,#1136,#1137,#1138,#1139,#1140,
    #1141,#1142,#1143,#1144,#1145,#1146,#1147,#1148,#1149,#1150,#1151,
    #1152,#1153,#1154,#1155,#1156,#1157,#1158,#1159,#1160,#1161,#1162,
    #1163,#1164,#1165,#1166,#1167,#1168,#1169,#1170,#1171,#1172,#1173,
    #1174,#1175,#1176,#1177,#1178,#1179,#1180,#1181,#1182,#1183,#1184),
  .UNSPECIFIED.,.T.,.F.,(8,6,6,6,6,6,6,6,6,6,6,6,6,6,6,6,6,8),(0.,
    3.887746068787E-02,7.966962919938E-02,0.128403838961,0.206833927727,
    0.278246727381,0.348065771672,0.422268121556,0.458958412907,
    0.521417664361,0.580739680544,0.629040344585,0.675132942534,
    0.758595275095,0.825771068414,0.903251574447,0.950008933016,1.),
  .UNSPECIFIED.);
#1081 = CARTESIAN_POINT('',(103.78103711208,-1.801634978576,
    -1.101197782289));
#1082 = CARTESIAN_POINT('',(103.8408899859,-1.630116184554,
    -1.101197782289));
#1083 = CARTESIAN_POINT('',(103.88678724735,-1.453476376267,
    -1.101197782289));
#1084 = CARTESIAN_POINT('',(103.91747029272,-1.273228724885,
    -1.101197782289));
#1085 = CARTESIAN_POINT('',(103.93231066018,-1.090921079521,
    -1.101197782289));
#1086 = CARTESIAN_POINT('',(103.93122722238,-0.908126873872,
    -1.101197782289));
#1087 = CARTESIAN_POINT('',(103.91466514625,-0.726439850617,
    -1.101197782289));
#1088 = CARTESIAN_POINT('',(103.85107994499,-0.359691252397,
    -1.101197782289));
#1089 = CARTESIAN_POINT('',(103.80246195799,-0.174754283561,
    -1.101197782289));
#1090 = CARTESIAN_POINT('',(103.739088897,5.94466436803E-03,
    -1.101197782289));
#1091 = CARTESIAN_POINT('',(103.66230163422,0.1813470862,-1.101197782289
    ));
#1092 = CARTESIAN_POINT('',(103.57347567629,0.350729610102,
    -1.101197782289));
#1093 = CARTESIAN_POINT('',(103.47402116432,0.513703997606,
    -1.101197782289));
#1094 = CARTESIAN_POINT('',(103.23559322475,0.857202654928,
    -1.101197782289));
#1095 = CARTESIAN_POINT('',(103.09258403349,1.034864932097,
    -1.101197782289));
#1096 = CARTESIAN_POINT('',(102.93839314681,1.203193739864,
    -1.101197782289));
#1097 = CARTESIAN_POINT('',(102.77475707052,1.362291226131,
    -1.101197782289));
#1098 = CARTESIAN_POINT('',(102.60311096946,1.512371921948,
    -1.101197782289));
#1099 = CARTESIAN_POINT('',(102.42458866748,1.65376274151,
    -1.101197782289));
#1100 = CARTESIAN_POINT('',(101.94299250372,2.001171376848,
    -1.101197782289));
#1101 = CARTESIAN_POINT('',(101.63064425959,2.193764301835,
    -1.101197782289));
#1102 = CARTESIAN_POINT('',(101.30642755561,2.366402637149,
    -1.101197782289));
#1103 = CARTESIAN_POINT('',(100.97293945017,2.520198378081,
    -1.101197782289));
#1104 = CARTESIAN_POINT('',(100.63222087643,2.656197769764,
    -1.101197782289));
#1105 = CARTESIAN_POINT('',(100.28569649369,2.775277853453,
    -1.101197782289));
#1106 = CARTESIAN_POINT('',(99.614136304911,2.971790369968,
    -1.101197782289));
#1107 = CARTESIAN_POINT('',(99.290168938277,3.05193206545,
    -1.101197782289));
#1108 = CARTESIAN_POINT('',(98.96310034826,3.119062307596,
    -1.101197782289));
#1109 = CARTESIAN_POINT('',(98.633650983486,3.173502178864,
    -1.101197782289));
#1110 = CARTESIAN_POINT('',(98.302463819055,3.215456423275,
    -1.101197782289));
#1111 = CARTESIAN_POINT('',(97.970107984174,3.245027108448,
    -1.101197782289));
#1112 = CARTESIAN_POINT('',(97.311470485997,3.278943551291,
    -1.101197782289));
#1113 = CARTESIAN_POINT('',(96.98529664389,3.283833420631,
    -1.101197782289));
#1114 = CARTESIAN_POINT('',(96.659005595833,3.276823720786,
    -1.101197782289));
#1115 = CARTESIAN_POINT('',(96.333116051952,3.257754354864,
    -1.101197782289));
#1116 = CARTESIAN_POINT('',(96.008209366253,3.226357298721,
    -1.101197782289));
#1117 = CARTESIAN_POINT('',(95.684932436601,3.182230853863,
    -1.101197782289));
#1118 = CARTESIAN_POINT('',(95.02293032055,3.063678119178,
    -1.101197782289));
#1119 = CARTESIAN_POINT('',(94.684786197562,2.987573337282,
    -1.101197782289));
#1120 = CARTESIAN_POINT('',(94.350169445776,2.89569361699,
    -1.101197782289));
#1121 = CARTESIAN_POINT('',(94.020229691796,2.787043363724,
    -1.101197782289));
#1122 = CARTESIAN_POINT('',(93.696701479804,2.660354950488,
    -1.101197782289));
#1123 = CARTESIAN_POINT('',(93.381856821964,2.514190538149,
    -1.101197782289));
#1124 = CARTESIAN_POINT('',(92.928918222978,2.263226502592,
    -1.101197782289));
#1125 = CARTESIAN_POINT('',(92.782010799392,2.174916037298,
    -1.101197782289));
#1126 = CARTESIAN_POINT('',(92.638443268892,2.081063247513,
    -1.101197782289));
#1127 = CARTESIAN_POINT('',(92.498730511887,1.981411527733,
    -1.101197782289));
#1128 = CARTESIAN_POINT('',(92.363515675415,1.875714283738,
    -1.101197782289));
#1129 = CARTESIAN_POINT('',(92.233570173147,1.76373493259,
    -1.101197782289));
#1130 = CARTESIAN_POINT('',(91.899084353599,1.443540309833,
    -1.101197782289));
#1131 = CARTESIAN_POINT('',(91.705346577065,1.222142719335,
    -1.101197782289));
#1132 = CARTESIAN_POINT('',(91.534402846753,0.980593544847,
    -1.101197782289));
#1133 = CARTESIAN_POINT('',(91.393052613083,0.719772407756,
    -1.101197782289));
#1134 = CARTESIAN_POINT('',(91.288873860511,0.442093197439,
    -1.101197782289));
#1135 = CARTESIAN_POINT('',(91.227984489359,0.152485008274,
    -1.101197782289));
#1136 = CARTESIAN_POINT('',(91.194407504797,-0.417482048962,
    -1.101197782289));
#1137 = CARTESIAN_POINT('',(91.21746322521,-0.697162559344,
    -1.101197782289));
#1138 = CARTESIAN_POINT('',(91.279773320839,-0.971421920695,
    -1.101197782289));
#1139 = CARTESIAN_POINT('',(91.376512723791,-1.235546815911,
    -1.101197782289));
#1140 = CARTESIAN_POINT('',(91.50159710852,-1.486699824452,
    -1.101197782289));
#1141 = CARTESIAN_POINT('',(91.649508650305,-1.723413371084,
    -1.101197782289));
#1142 = CARTESIAN_POINT('',(91.950722949707,-2.126231255472,
    -1.101197782289));
#1143 = CARTESIAN_POINT('',(92.098205346506,-2.297653403746,
    -1.101197782289));
#1144 = CARTESIAN_POINT('',(92.255933401275,-2.4599528613,
    -1.101197782289));
#1145 = CARTESIAN_POINT('',(92.422195754403,-2.613422232123,
    -1.101197782289));
#1146 = CARTESIAN_POINT('',(92.595622553011,-2.758408374521,
    -1.101197782289));
#1147 = CARTESIAN_POINT('',(92.775185450955,-2.895312401116,
    -1.101197782289));
#1148 = CARTESIAN_POINT('',(93.136751931154,-3.147957042522,
    -1.101197782289));
#1149 = CARTESIAN_POINT('',(93.318172076044,-3.264318468502,
    -1.101197782289));
#1150 = CARTESIAN_POINT('',(93.503792606654,-3.373993601042,
    -1.101197782289));
#1151 = CARTESIAN_POINT('',(93.693045896012,-3.477266189696,
    -1.101197782289));
#1152 = CARTESIAN_POINT('',(93.885462127,-3.574384089323,-1.101197782289
    ));
#1153 = CARTESIAN_POINT('',(94.080669292364,-3.665559260085,
    -1.101197782289));
#1154 = CARTESIAN_POINT('',(94.636422440774,-3.905621520166,
    -1.101197782289));
#1155 = CARTESIAN_POINT('',(95.002522109147,-4.041312753842,
    -1.101197782289));
#1156 = CARTESIAN_POINT('',(95.375015445106,-4.159191082401,
    -1.101197782289));
#1157 = CARTESIAN_POINT('',(95.752548405309,-4.259864280642,
    -1.101197782289));
#1158 = CARTESIAN_POINT('',(96.133984602405,-4.343730843278,
    -1.101197782289));
#1159 = CARTESIAN_POINT('',(96.518410363471,-4.410967908305,
    -1.101197782289));
#1160 = CARTESIAN_POINT('',(97.216394696908,-4.502168595659,
    -1.101197782289));
#1161 = CARTESIAN_POINT('',(97.529040926085,-4.532002456928,
    -1.101197782289));
#1162 = CARTESIAN_POINT('',(97.842666461501,-4.550966250543,
    -1.101197782289));
#1163 = CARTESIAN_POINT('',(98.156828312012,-4.558906970092,
    -1.101197782289));
#1164 = CARTESIAN_POINT('',(98.471046189139,-4.555578362794,
    -1.101197782289));
#1165 = CARTESIAN_POINT('',(98.784801833176,-4.540631796673,
    -1.101197782289));
#1166 = CARTESIAN_POINT('',(99.458249165742,-4.482361234072,
    -1.101197782289));
#1167 = CARTESIAN_POINT('',(99.817374556232,-4.435056046174,
    -1.101197782289));
#1168 = CARTESIAN_POINT('',(100.174277333,-4.370909924358,
    -1.101197782289));
#1169 = CARTESIAN_POINT('',(100.52784681222,-4.288908455984,
    -1.101197782289));
#1170 = CARTESIAN_POINT('',(100.87648517089,-4.187775316559,
    -1.101197782289));
#1171 = CARTESIAN_POINT('',(101.21813418887,-4.066053802597,
    -1.101197782289));
#1172 = CARTESIAN_POINT('',(101.75047366934,-3.834436129796,
    -1.101197782289));
#1173 = CARTESIAN_POINT('',(101.94718595259,-3.739050440615,
    -1.101197782289));
#1174 = CARTESIAN_POINT('',(102.13967846839,-3.634973949707,
    -1.101197782289));
#1175 = CARTESIAN_POINT('',(102.32712570657,-3.521744648573,
    -1.101197782289));
#1176 = CARTESIAN_POINT('',(102.5084608562,-3.398913760905,
    -1.101197782289));
#1177 = CARTESIAN_POINT('',(102.68237580566,-3.266045742591,
    -1.101197782289));
#1178 = CARTESIAN_POINT('',(103.02367399146,-2.969478387132,
    -1.101197782289));
#1179 = CARTESIAN_POINT('',(103.18998408935,-2.804393340102,
    -1.101197782289));
#1180 = CARTESIAN_POINT('',(103.34379291715,-2.626796062859,
    -1.101197782289));
#1181 = CARTESIAN_POINT('',(103.48253315479,-2.436696388559,
    -1.101197782289));
#1182 = CARTESIAN_POINT('',(103.60352868126,-2.234781061271,
    -1.101197782289));
#1183 = CARTESIAN_POINT('',(103.70399457464,-2.022413735977,
    -1.101197782289));
#1184 = CARTESIAN_POINT('',(103.78103711208,-1.801634978576,
    -1.101197782289));
#1185 = PCURVE('',#868,#1186);
#1186 = DEFINITIONAL_REPRESENTATION('',(#1187),#1292);
#1187 = B_SPLINE_CURVE_WITH_KNOTS('',7,(#1188,#1189,#1190,#1191,#1192,
    #1193,#1194,#1195,#1196,#1197,#1198,#1199,#1200,#1201,#1202,#1203,
    #1204,#1205,#1206,#1207,#1208,#1209,#1210,#1211,#1212,#1213,#1214,
    #1215,#1216,#1217,#1218,#1219,#1220,#1221,#1222,#1223,#1224,#1225,
    #1226,#1227,#1228,#1229,#1230,#1231,#1232,#1233,#1234,#1235,#1236,
    #1237,#1238,#1239,#1240,#1241,#1242,#1243,#1244,#1245,#1246,#1247,
    #1248,#1249,#1250,#1251,#1252,#1253,#1254,#1255,#1256,#1257,#1258,
    #1259,#1260,#1261,#1262,#1263,#1264,#1265,#1266,#1267,#1268,#1269,
    #1270,#1271,#1272,#1273,#1274,#1275,#1276,#1277,#1278,#1279,#1280,
    #1281,#1282,#1283,#1284,#1285,#1286,#1287,#1288,#1289,#1290,#1291),
  .UNSPECIFIED.,.T.,.F.,(8,6,6,6,6,6,6,6,6,6,6,6,6,6,6,6,6,8),(0.,
    3.887746068787E-02,7.966962919938E-02,0.128403838961,0.206833927727,
    0.278246727381,0.348065771672,0.422268121556,0.458958412907,
    0.521417664361,0.580739680544,0.629040344585,0.675132942534,
    0.758595275095,0.825771068414,0.903251574447,0.950008933016,1.),
  .UNSPECIFIED.);
#1188 = CARTESIAN_POINT('',(0.745454545455,0.650223590898));
#1189 = CARTESIAN_POINT('',(0.746413071469,0.650588783428));
#1190 = CARTESIAN_POINT('',(0.747395590283,0.650868830632));
#1191 = CARTESIAN_POINT('',(0.748393420719,0.651056049137));
#1192 = CARTESIAN_POINT('',(0.749397867968,0.651146600952));
#1193 = CARTESIAN_POINT('',(0.750400252211,0.65113998977));
#1194 = CARTESIAN_POINT('',(0.751391936746,0.651038932836));
#1195 = CARTESIAN_POINT('',(0.753384665984,0.650650959756));
#1196 = CARTESIAN_POINT('',(0.75438454845,0.650354312039));
#1197 = CARTESIAN_POINT('',(0.755356720923,0.64996763917));
#1198 = CARTESIAN_POINT('',(0.756295757455,0.649499126448));
#1199 = CARTESIAN_POINT('',(0.757198088257,0.648957170543));
#1200 = CARTESIAN_POINT('',(0.758061999705,0.648350379493));
#1201 = CARTESIAN_POINT('',(0.759874016105,0.646895720596));
#1202 = CARTESIAN_POINT('',(0.76080517497,0.646023236231));
#1203 = CARTESIAN_POINT('',(0.761681670139,0.645082558988));
#1204 = CARTESIAN_POINT('',(0.762504591415,0.644084287985));
#1205 = CARTESIAN_POINT('',(0.763275559195,0.643037182082));
#1206 = CARTESIAN_POINT('',(0.763996724472,0.641948159885));
#1207 = CARTESIAN_POINT('',(0.765755537811,0.63901040392));
#1208 = CARTESIAN_POINT('',(0.766716680111,0.637105142563));
#1209 = CARTESIAN_POINT('',(0.767564745654,0.635127560922));
#1210 = CARTESIAN_POINT('',(0.768306693245,0.633093494133));
#1211 = CARTESIAN_POINT('',(0.768948941719,0.631015378786));
#1212 = CARTESIAN_POINT('',(0.769496780715,0.628901889583));
#1213 = CARTESIAN_POINT('',(0.770370916626,0.624806010593));
#1214 = CARTESIAN_POINT('',(0.770712365828,0.622830133894));
#1215 = CARTESIAN_POINT('',(0.770981687466,0.62083534672));
#1216 = CARTESIAN_POINT('',(0.771180876632,0.618826029468));
#1217 = CARTESIAN_POINT('',(0.771311256089,0.61680608959));
#1218 = CARTESIAN_POINT('',(0.771373551866,0.614778984346));
#1219 = CARTESIAN_POINT('',(0.771361956983,0.610761721036));
#1220 = CARTESIAN_POINT('',(0.771291075398,0.608772222847));
#1221 = CARTESIAN_POINT('',(0.771155041576,0.60678194882));
#1222 = CARTESIAN_POINT('',(0.770953107429,0.604794050803));
#1223 = CARTESIAN_POINT('',(0.770683940357,0.60281206385));
#1224 = CARTESIAN_POINT('',(0.770345481921,0.600839924543));
#1225 = CARTESIAN_POINT('',(0.769497725109,0.596801193924));
#1226 = CARTESIAN_POINT('',(0.768979391183,0.594738134242));
#1227 = CARTESIAN_POINT('',(0.768375489554,0.59269646937));
#1228 = CARTESIAN_POINT('',(0.767680812101,0.590683206612));
#1229 = CARTESIAN_POINT('',(0.766888812428,0.588708926615));
#1230 = CARTESIAN_POINT('',(0.765992153353,0.586787497199));
#1231 = CARTESIAN_POINT('',(0.76447812157,0.584023114824));
#1232 = CARTESIAN_POINT('',(0.76394899094,0.583126473918));
#1233 = CARTESIAN_POINT('',(0.76339030143,0.58225018519));
#1234 = CARTESIAN_POINT('',(0.76280078246,0.581397393208));
#1235 = CARTESIAN_POINT('',(0.762179258481,0.580572026349));
#1236 = CARTESIAN_POINT('',(0.761524648973,0.579778796806));
#1237 = CARTESIAN_POINT('',(0.759663601913,0.577736920952));
#1238 = CARTESIAN_POINT('',(0.758387668868,0.576554170873));
#1239 = CARTESIAN_POINT('',(0.757007350621,0.575510512112));
#1240 = CARTESIAN_POINT('',(0.755529509121,0.574647483685));
#1241 = CARTESIAN_POINT('',(0.753969819385,0.574011387145));
#1242 = CARTESIAN_POINT('',(0.752357492489,0.573639605619));
#1243 = CARTESIAN_POINT('',(0.749210749762,0.573434589053));
#1244 = CARTESIAN_POINT('',(0.747678760864,0.57357536348));
#1245 = CARTESIAN_POINT('',(0.746188836429,0.573955824692));
#1246 = CARTESIAN_POINT('',(0.744765635835,0.574546496893));
#1247 = CARTESIAN_POINT('',(0.743423003735,0.57531020818));
#1248 = CARTESIAN_POINT('',(0.742167311071,0.576213247582));
#1249 = CARTESIAN_POINT('',(0.740046654224,0.578052145113));
#1250 = CARTESIAN_POINT('',(0.739150497497,0.578952485879));
#1251 = CARTESIAN_POINT('',(0.73830796275,0.579915334975));
#1252 = CARTESIAN_POINT('',(0.737516887476,0.580930237159));
#1253 = CARTESIAN_POINT('',(0.736774910967,0.581988823916));
#1254 = CARTESIAN_POINT('',(0.736079474314,0.583084813462));
#1255 = CARTESIAN_POINT('',(0.734805956875,0.585291586734));
#1256 = CARTESIAN_POINT('',(0.734224269713,0.586398813725));
#1257 = CARTESIAN_POINT('',(0.733680763486,0.587531627467));
#1258 = CARTESIAN_POINT('',(0.733173671444,0.588686561596));
#1259 = CARTESIAN_POINT('',(0.732701455529,0.58986074763));
#1260 = CARTESIAN_POINT('',(0.732262806368,0.591051914969));
#1261 = CARTESIAN_POINT('',(0.731121182043,0.594443021388));
#1262 = CARTESIAN_POINT('',(0.730492480404,0.596676738038));
#1263 = CARTESIAN_POINT('',(0.7299635384,0.598949310286));
#1264 = CARTESIAN_POINT('',(0.729530448339,0.60125248391));
#1265 = CARTESIAN_POINT('',(0.729190538588,0.603579338101));
#1266 = CARTESIAN_POINT('',(0.728942443964,0.605924314619));
#1267 = CARTESIAN_POINT('',(0.728660596637,0.610181808264));
#1268 = CARTESIAN_POINT('',(0.728594508077,0.612088793998));
#1269 = CARTESIAN_POINT('',(0.728588031398,0.614001700633));
#1270 = CARTESIAN_POINT('',(0.728641831485,0.615917836519));
#1271 = CARTESIAN_POINT('',(0.728757083272,0.617834283484));
#1272 = CARTESIAN_POINT('',(0.728935522778,0.619747892355));
#1273 = CARTESIAN_POINT('',(0.729461314383,0.623855260593));
#1274 = CARTESIAN_POINT('',(0.729830197631,0.626045563731));
#1275 = CARTESIAN_POINT('',(0.730290233249,0.628222319653));
#1276 = CARTESIAN_POINT('',(0.730846658123,0.630378772308));
#1277 = CARTESIAN_POINT('',(0.731506024141,0.63250519391));
#1278 = CARTESIAN_POINT('',(0.732275767318,0.634589045348));
#1279 = CARTESIAN_POINT('',(0.73370468271,0.637836102506));
#1280 = CARTESIAN_POINT('',(0.734286300398,0.639035993863));
#1281 = CARTESIAN_POINT('',(0.734914211422,0.640210174161));
#1282 = CARTESIAN_POINT('',(0.735590727598,0.641353608853));
#1283 = CARTESIAN_POINT('',(0.736318019565,0.642459789836));
#1284 = CARTESIAN_POINT('',(0.737098116781,0.64352073546));
#1285 = CARTESIAN_POINT('',(0.738825431853,0.645602837533));
#1286 = CARTESIAN_POINT('',(0.739779923687,0.646617451804));
#1287 = CARTESIAN_POINT('',(0.740799360511,0.647555829395));
#1288 = CARTESIAN_POINT('',(0.741882960897,0.648402300557));
#1289 = CARTESIAN_POINT('',(0.743026184504,0.649140529736));
#1290 = CARTESIAN_POINT('',(0.744220732078,0.649753515572));
#1291 = CARTESIAN_POINT('',(0.745454545455,0.650223590898));
#1292 = ( GEOMETRIC_REPRESENTATION_CONTEXT(2) 
PARAMETRIC_REPRESENTATION_CONTEXT() REPRESENTATION_CONTEXT('2D SPACE',''
  ) );
#1293 = PCURVE('',#1294,#1299);
#1294 = PLANE('',#1295);
#1295 = AXIS2_PLACEMENT_3D('',#1296,#1297,#1298);
#1296 = CARTESIAN_POINT('',(-2.E+03,-1.E+03,-1.101197782289));
#1297 = DIRECTION('',(0.,0.,1.));
#1298 = DIRECTION('',(1.,0.,-0.));
#1299 = DEFINITIONAL_REPRESENTATION('',(#1300),#1405);
#1300 = B_SPLINE_CURVE_WITH_KNOTS('',7,(#1301,#1302,#1303,#1304,#1305,
    #1306,#1307,#1308,#1309,#1310,#1311,#1312,#1313,#1314,#1315,#1316,
    #1317,#1318,#1319,#1320,#1321,#1322,#1323,#1324,#1325,#1326,#1327,
    #1328,#1329,#1330,#1331,#1332,#1333,#1334,#1335,#1336,#1337,#1338,
    #1339,#1340,#1341,#1342,#1343,#1344,#1345,#1346,#1347,#1348,#1349,
    #1350,#1351,#1352,#1353,#1354,#1355,#1356,#1357,#1358,#1359,#1360,
    #1361,#1362,#1363,#1364,#1365,#1366,#1367,#1368,#1369,#1370,#1371,
    #1372,#1373,#1374,#1375,#1376,#1377,#1378,#1379,#1380,#1381,#1382,
    #1383,#1384,#1385,#1386,#1387,#1388,#1389,#1390,#1391,#1392,#1393,
    #1394,#1395,#1396,#1397,#1398,#1399,#1400,#1401,#1402,#1403,#1404),
  .UNSPECIFIED.,.T.,.F.,(8,6,6,6,6,6,6,6,6,6,6,6,6,6,6,6,6,8),(0.,
    3.887746068787E-02,7.966962919938E-02,0.128403838961,0.206833927727,
    0.278246727381,0.348065771672,0.422268121556,0.458958412907,
    0.521417664361,0.580739680544,0.629040344585,0.675132942534,
    0.758595275095,0.825771068414,0.903251574447,0.950008933016,1.),
  .UNSPECIFIED.);
#1301 = CARTESIAN_POINT('',(2.103781037112E+03,998.19836502142));
#1302 = CARTESIAN_POINT('',(2.103840889986E+03,998.36988381544));
#1303 = CARTESIAN_POINT('',(2.103886787247E+03,998.54652362373));
#1304 = CARTESIAN_POINT('',(2.103917470293E+03,998.72677127511));
#1305 = CARTESIAN_POINT('',(2.10393231066E+03,998.90907892047));
#1306 = CARTESIAN_POINT('',(2.103931227222E+03,999.09187312612));
#1307 = CARTESIAN_POINT('',(2.103914665146E+03,999.27356014938));
#1308 = CARTESIAN_POINT('',(2.103851079945E+03,999.6403087476));
#1309 = CARTESIAN_POINT('',(2.103802461958E+03,999.82524571643));
#1310 = CARTESIAN_POINT('',(2.103739088897E+03,1.000005944664E+03));
#1311 = CARTESIAN_POINT('',(2.103662301634E+03,1.000181347086E+03));
#1312 = CARTESIAN_POINT('',(2.103573475676E+03,1.00035072961E+03));
#1313 = CARTESIAN_POINT('',(2.103474021164E+03,1.000513703998E+03));
#1314 = CARTESIAN_POINT('',(2.103235593225E+03,1.000857202655E+03));
#1315 = CARTESIAN_POINT('',(2.103092584033E+03,1.001034864932E+03));
#1316 = CARTESIAN_POINT('',(2.102938393147E+03,1.00120319374E+03));
#1317 = CARTESIAN_POINT('',(2.102774757071E+03,1.001362291226E+03));
#1318 = CARTESIAN_POINT('',(2.102603110969E+03,1.001512371922E+03));
#1319 = CARTESIAN_POINT('',(2.102424588667E+03,1.001653762742E+03));
#1320 = CARTESIAN_POINT('',(2.101942992504E+03,1.002001171377E+03));
#1321 = CARTESIAN_POINT('',(2.10163064426E+03,1.002193764302E+03));
#1322 = CARTESIAN_POINT('',(2.101306427556E+03,1.002366402637E+03));
#1323 = CARTESIAN_POINT('',(2.10097293945E+03,1.002520198378E+03));
#1324 = CARTESIAN_POINT('',(2.100632220876E+03,1.00265619777E+03));
#1325 = CARTESIAN_POINT('',(2.100285696494E+03,1.002775277853E+03));
#1326 = CARTESIAN_POINT('',(2.099614136305E+03,1.00297179037E+03));
#1327 = CARTESIAN_POINT('',(2.099290168938E+03,1.003051932065E+03));
#1328 = CARTESIAN_POINT('',(2.098963100348E+03,1.003119062308E+03));
#1329 = CARTESIAN_POINT('',(2.098633650983E+03,1.003173502179E+03));
#1330 = CARTESIAN_POINT('',(2.098302463819E+03,1.003215456423E+03));
#1331 = CARTESIAN_POINT('',(2.097970107984E+03,1.003245027108E+03));
#1332 = CARTESIAN_POINT('',(2.097311470486E+03,1.003278943551E+03));
#1333 = CARTESIAN_POINT('',(2.096985296644E+03,1.003283833421E+03));
#1334 = CARTESIAN_POINT('',(2.096659005596E+03,1.003276823721E+03));
#1335 = CARTESIAN_POINT('',(2.096333116052E+03,1.003257754355E+03));
#1336 = CARTESIAN_POINT('',(2.096008209366E+03,1.003226357299E+03));
#1337 = CARTESIAN_POINT('',(2.095684932437E+03,1.003182230854E+03));
#1338 = CARTESIAN_POINT('',(2.095022930321E+03,1.003063678119E+03));
#1339 = CARTESIAN_POINT('',(2.094684786198E+03,1.002987573337E+03));
#1340 = CARTESIAN_POINT('',(2.094350169446E+03,1.002895693617E+03));
#1341 = CARTESIAN_POINT('',(2.094020229692E+03,1.002787043364E+03));
#1342 = CARTESIAN_POINT('',(2.09369670148E+03,1.00266035495E+03));
#1343 = CARTESIAN_POINT('',(2.093381856822E+03,1.002514190538E+03));
#1344 = CARTESIAN_POINT('',(2.092928918223E+03,1.002263226503E+03));
#1345 = CARTESIAN_POINT('',(2.092782010799E+03,1.002174916037E+03));
#1346 = CARTESIAN_POINT('',(2.092638443269E+03,1.002081063248E+03));
#1347 = CARTESIAN_POINT('',(2.092498730512E+03,1.001981411528E+03));
#1348 = CARTESIAN_POINT('',(2.092363515675E+03,1.001875714284E+03));
#1349 = CARTESIAN_POINT('',(2.092233570173E+03,1.001763734933E+03));
#1350 = CARTESIAN_POINT('',(2.091899084354E+03,1.00144354031E+03));
#1351 = CARTESIAN_POINT('',(2.091705346577E+03,1.001222142719E+03));
#1352 = CARTESIAN_POINT('',(2.091534402847E+03,1.000980593545E+03));
#1353 = CARTESIAN_POINT('',(2.091393052613E+03,1.000719772408E+03));
#1354 = CARTESIAN_POINT('',(2.091288873861E+03,1.000442093197E+03));
#1355 = CARTESIAN_POINT('',(2.091227984489E+03,1.000152485008E+03));
#1356 = CARTESIAN_POINT('',(2.091194407505E+03,999.58251795103));
#1357 = CARTESIAN_POINT('',(2.091217463225E+03,999.30283744065));
#1358 = CARTESIAN_POINT('',(2.091279773321E+03,999.0285780793));
#1359 = CARTESIAN_POINT('',(2.091376512724E+03,998.76445318408));
#1360 = CARTESIAN_POINT('',(2.091501597109E+03,998.51330017554));
#1361 = CARTESIAN_POINT('',(2.09164950865E+03,998.27658662891));
#1362 = CARTESIAN_POINT('',(2.09195072295E+03,997.87376874452));
#1363 = CARTESIAN_POINT('',(2.092098205347E+03,997.70234659625));
#1364 = CARTESIAN_POINT('',(2.092255933401E+03,997.5400471387));
#1365 = CARTESIAN_POINT('',(2.092422195754E+03,997.38657776787));
#1366 = CARTESIAN_POINT('',(2.092595622553E+03,997.24159162547));
#1367 = CARTESIAN_POINT('',(2.092775185451E+03,997.10468759888));
#1368 = CARTESIAN_POINT('',(2.093136751931E+03,996.85204295747));
#1369 = CARTESIAN_POINT('',(2.093318172076E+03,996.73568153149));
#1370 = CARTESIAN_POINT('',(2.093503792607E+03,996.62600639895));
#1371 = CARTESIAN_POINT('',(2.093693045896E+03,996.5227338103));
#1372 = CARTESIAN_POINT('',(2.093885462127E+03,996.42561591067));
#1373 = CARTESIAN_POINT('',(2.094080669292E+03,996.33444073991));
#1374 = CARTESIAN_POINT('',(2.094636422441E+03,996.09437847983));
#1375 = CARTESIAN_POINT('',(2.095002522109E+03,995.95868724615));
#1376 = CARTESIAN_POINT('',(2.095375015445E+03,995.84080891759));
#1377 = CARTESIAN_POINT('',(2.095752548405E+03,995.74013571935));
#1378 = CARTESIAN_POINT('',(2.096133984602E+03,995.65626915672));
#1379 = CARTESIAN_POINT('',(2.096518410363E+03,995.58903209169));
#1380 = CARTESIAN_POINT('',(2.097216394697E+03,995.49783140434));
#1381 = CARTESIAN_POINT('',(2.097529040926E+03,995.46799754307));
#1382 = CARTESIAN_POINT('',(2.097842666462E+03,995.44903374945));
#1383 = CARTESIAN_POINT('',(2.098156828312E+03,995.4410930299));
#1384 = CARTESIAN_POINT('',(2.098471046189E+03,995.4444216372));
#1385 = CARTESIAN_POINT('',(2.098784801833E+03,995.45936820332));
#1386 = CARTESIAN_POINT('',(2.099458249166E+03,995.51763876592));
#1387 = CARTESIAN_POINT('',(2.099817374556E+03,995.56494395382));
#1388 = CARTESIAN_POINT('',(2.100174277333E+03,995.62909007564));
#1389 = CARTESIAN_POINT('',(2.100527846812E+03,995.71109154401));
#1390 = CARTESIAN_POINT('',(2.100876485171E+03,995.81222468344));
#1391 = CARTESIAN_POINT('',(2.101218134189E+03,995.9339461974));
#1392 = CARTESIAN_POINT('',(2.101750473669E+03,996.1655638702));
#1393 = CARTESIAN_POINT('',(2.101947185953E+03,996.26094955938));
#1394 = CARTESIAN_POINT('',(2.102139678468E+03,996.36502605029));
#1395 = CARTESIAN_POINT('',(2.102327125707E+03,996.47825535142));
#1396 = CARTESIAN_POINT('',(2.102508460856E+03,996.60108623909));
#1397 = CARTESIAN_POINT('',(2.102682375806E+03,996.7339542574));
#1398 = CARTESIAN_POINT('',(2.103023673991E+03,997.03052161286));
#1399 = CARTESIAN_POINT('',(2.103189984089E+03,997.19560665989));
#1400 = CARTESIAN_POINT('',(2.103343792917E+03,997.37320393714));
#1401 = CARTESIAN_POINT('',(2.103482533155E+03,997.56330361144));
#1402 = CARTESIAN_POINT('',(2.103603528681E+03,997.76521893872));
#1403 = CARTESIAN_POINT('',(2.103703994575E+03,997.97758626402));
#1404 = CARTESIAN_POINT('',(2.103781037112E+03,998.19836502142));
#1405 = ( GEOMETRIC_REPRESENTATION_CONTEXT(2) 
PARAMETRIC_REPRESENTATION_CONTEXT() REPRESENTATION_CONTEXT('2D SPACE',''
  ) );
#1406 = ADVANCED_FACE('',(#1407),#1050,.F.);
#1407 = FACE_BOUND('',#1408,.T.);
#1408 = EDGE_LOOP('',(#1409));
#1409 = ORIENTED_EDGE('',*,*,#1024,.T.);
#1410 = ADVANCED_FACE('',(#1411),#999,.T.);
#1411 = FACE_BOUND('',#1412,.T.);
#1412 = EDGE_LOOP('',(#1413));
#1413 = ORIENTED_EDGE('',*,*,#973,.F.);
#1414 = ADVANCED_FACE('',(#1415),#1294,.F.);
#1415 = FACE_BOUND('',#1416,.F.);
#1416 = EDGE_LOOP('',(#1417));
#1417 = ORIENTED_EDGE('',*,*,#1076,.T.);
#1418 = ( GEOMETRIC_REPRESENTATION_CONTEXT(3) 
GLOBAL_UNCERTAINTY_ASSIGNED_CONTEXT((#1422)) 
GLOBAL_UNIT_ASSIGNED_CONTEXT((#1419,#1420,#1421)) REPRESENTATION_CONTEXT
('Context #1','3D Context with UNIT and UNCERTAINTY') );
#1419 = ( LENGTH_UNIT() NAMED_UNIT(*) SI_UNIT(.MILLI.,.METRE.) );
#1420 = ( NAMED_UNIT(*) PLANE_ANGLE_UNIT() SI_UNIT($,.RADIAN.) );
#1421 = ( NAMED_UNIT(*) SI_UNIT($,.STERADIAN.) SOLID_ANGLE_UNIT() );
#1422 = UNCERTAINTY_MEASURE_WITH_UNIT(LENGTH_MEASURE(1.E-06),#1419,
  'distance_accuracy_value','confusion accuracy');
#1423 = CONTEXT_DEPENDENT_SHAPE_REPRESENTATION(#1424,#1426);
#1424 = ( REPRESENTATION_RELATIONSHIP('','',#847,#10) 
REPRESENTATION_RELATIONSHIP_WITH_TRANSFORMATION(#1425) 
SHAPE_REPRESENTATION_RELATIONSHIP() );
#1425 = ITEM_DEFINED_TRANSFORMATION('','',#11,#19);
#1426 = PRODUCT_DEFINITION_SHAPE('Placement','Placement of an item',
  #1427);
#1427 = NEXT_ASSEMBLY_USAGE_OCCURRENCE('2','sauce_red','',#5,#842,$);
#1428 = PRODUCT_RELATED_PRODUCT_CATEGORY('part',$,(#844));
#1429 = SHAPE_DEFINITION_REPRESENTATION(#1430,#1436);
#1430 = PRODUCT_DEFINITION_SHAPE('','',#1431);
#1431 = PRODUCT_DEFINITION('design','',#1432,#1435);
#1432 = PRODUCT_DEFINITION_FORMATION('','',#1433);
#1433 = PRODUCT('sauce_green','sauce_green','',(#1434));
#1434 = PRODUCT_CONTEXT('',#2,'mechanical');
#1435 = PRODUCT_DEFINITION_CONTEXT('part definition',#2,'design');
#1436 = ADVANCED_BREP_SHAPE_REPRESENTATION('',(#11,#1437),#1916);
#1437 = MANIFOLD_SOLID_BREP('',#1438);
#1438 = CLOSED_SHELL('',(#1439,#1904,#1908,#1912));
#1439 = ADVANCED_FACE('',(#1440,#1646),#1456,.T.);
#1440 = FACE_BOUND('',#1441,.T.);
#1441 = EDGE_LOOP('',(#1442,#1545,#1595,#1596));
#1442 = ORIENTED_EDGE('',*,*,#1443,.F.);
#1443 = EDGE_CURVE('',#1444,#1446,#1448,.T.);
#1444 = VERTEX_POINT('',#1445);
#1445 = CARTESIAN_POINT('',(1.110223024625E-15,5.,-1.110223024625E-15));
#1446 = VERTEX_POINT('',#1447);
#1447 = CARTESIAN_POINT('',(42.,8.,-1.7763568394E-15));
#1448 = SEAM_CURVE('',#1449,(#1455,#1538),.PCURVE_S1.);
#1449 = ( BOUNDED_CURVE() B_SPLINE_CURVE(4,(#1450,#1451,#1452,#1453,
#1454),.UNSPECIFIED.,.F.,.F.) B_SPLINE_CURVE_WITH_KNOTS((5,5),(0.,1.),
.PIECEWISE_BEZIER_KNOTS.) CURVE() GEOMETRIC_REPRESENTATION_ITEM() 
RATIONAL_B_SPLINE_CURVE((1.,1.,1.,1.,1.)) REPRESENTATION_ITEM('') );
#1450 = CARTESIAN_POINT('',(1.110223024625E-15,5.,-1.182302630216E-15));
#1451 = CARTESIAN_POINT('',(4.350842316094,16.608713042418,
    -8.183853920401E-15));
#1452 = CARTESIAN_POINT('',(20.487844684807,31.021931562547,
    -2.85911067888E-15));
#1453 = CARTESIAN_POINT('',(34.474417929943,17.530867847462,
    -8.216520194502E-15));
#1454 = CARTESIAN_POINT('',(42.,8.,-1.733066563383E-15));
#1455 = PCURVE('',#1456,#1532);
#1456 = ( BOUNDED_SURFACE() B_SPLINE_SURFACE(14,4,(
    (#1457,#1458,#1459,#1460,#1461)
    ,(#1462,#1463,#1464,#1465,#1466)
    ,(#1467,#1468,#1469,#1470,#1471)
    ,(#1472,#1473,#1474,#1475,#1476)
    ,(#1477,#1478,#1479,#1480,#1481)
    ,(#1482,#1483,#1484,#1485,#1486)
    ,(#1487,#1488,#1489,#1490,#1491)
    ,(#1492,#1493,#1494,#1495,#1496)
    ,(#1497,#1498,#1499,#1500,#1501)
    ,(#1502,#1503,#1504,#1505,#1506)
    ,(#1507,#1508,#1509,#1510,#1511)
    ,(#1512,#1513,#1514,#1515,#1516)
    ,(#1517,#1518,#1519,#1520,#1521)
    ,(#1522,#1523,#1524,#1525,#1526)
    ,(#1527,#1528,#1529,#1530,#1531
)),.UNSPECIFIED.,.T.,.F.,.F.) B_SPLINE_SURFACE_WITH_KNOTS((15,15),(5,5),
  (0.,1.),(0.,1.),.PIECEWISE_BEZIER_KNOTS.) 
GEOMETRIC_REPRESENTATION_ITEM() RATIONAL_B_SPLINE_SURFACE((
    (1.,1.,1.,1.,1.)
    ,(1.,1.,1.,1.,1.)
    ,(1.,1.,1.,1.,1.)
    ,(1.,1.,1.,1.,1.)
    ,(1.,1.,1.,1.,1.)
    ,(1.,1.,1.,1.,1.)
    ,(1.,1.,1.,1.,1.)
    ,(1.,1.,1.,1.,1.)
    ,(1.,1.,1.,1.,1.)
    ,(1.,1.,1.,1.,1.)
    ,(1.,1.,1.,1.,1.)
    ,(1.,1.,1.,1.,1.)
    ,(1.,1.,1.,1.,1.)
    ,(1.,1.,1.,1.,1.)
,(1.,1.,1.,1.,1.))) REPRESENTATION_ITEM('') SURFACE() );
#1457 = CARTESIAN_POINT('',(1.110223024625E-15,5.,-1.182302630216E-15));
#1458 = CARTESIAN_POINT('',(4.350842316094,16.608713042418,
    -8.183853920401E-15));
#1459 = CARTESIAN_POINT('',(20.487844684807,31.021931562547,
    -2.85911067888E-15));
#1460 = CARTESIAN_POINT('',(34.474417929943,17.530867847462,
    -8.216520194502E-15));
#1461 = CARTESIAN_POINT('',(42.,8.,-1.733066563383E-15));
#1462 = CARTESIAN_POINT('',(1.110223024625E-15,5.000000000001,
    0.125663706144));
#1463 = CARTESIAN_POINT('',(4.350842316094,16.608713042421,
    0.221897255923));
#1464 = CARTESIAN_POINT('',(20.487844684807,31.021931562558,
    1.143300809804));
#1465 = CARTESIAN_POINT('',(34.474417929943,17.530867847465,
    0.322993835779));
#1466 = CARTESIAN_POINT('',(42.,8.000000000002,0.152591643175));
#1467 = CARTESIAN_POINT('',(8.693997064492E-16,3.915428194001,
    0.251327458673));
#1468 = CARTESIAN_POINT('',(4.350842316094,13.006044662465,
    0.443794593753));
#1469 = CARTESIAN_POINT('',(20.487844684807,24.292829094442,
    2.286602041626));
#1470 = CARTESIAN_POINT('',(34.474417929943,13.728170847048,
    0.645987790781));
#1471 = CARTESIAN_POINT('',(42.,6.264685110395,0.305183342674));
#1472 = CARTESIAN_POINT('',(3.877527622296E-16,1.746283195489,
    0.34518941704));
#1473 = CARTESIAN_POINT('',(4.350842316094,5.800703296958,0.60953625168)
  );
#1474 = CARTESIAN_POINT('',(20.487844684807,10.834615555928,
    3.14056740923));
#1475 = CARTESIAN_POINT('',(34.474417929943,6.122771984889,
    0.887241490018));
#1476 = CARTESIAN_POINT('',(42.,2.7940531128,0.419158577835));
#1477 = CARTESIAN_POINT('',(-2.626905523529E-16,-1.18305307369,
    0.375451326831));
#1478 = CARTESIAN_POINT('',(4.350842316094,-3.929797803041,
    0.662972800285));
#1479 = CARTESIAN_POINT('',(20.487844684807,-7.340118297498,
    3.415893253364));
#1480 = CARTESIAN_POINT('',(34.474417929943,-4.147989418329,
    0.96502377594));
#1481 = CARTESIAN_POINT('',(42.,-1.892884917942,0.45590518258));
#1482 = CARTESIAN_POINT('',(-9.378893888241E-16,-4.223878302023,
    0.321713521083));
#1483 = CARTESIAN_POINT('',(4.350842316094,-14.03063652874,
    0.568082461617));
#1484 = CARTESIAN_POINT('',(20.487844684807,-26.20657272261,
    2.926981389178));
#1485 = CARTESIAN_POINT('',(34.474417929943,-14.8096504632,
    0.826901317694));
#1486 = CARTESIAN_POINT('',(42.,-6.758205283175,0.390652132745));
#1487 = CARTESIAN_POINT('',(-1.453328237373E-15,-6.545208508282,
    0.186447868674));
#1488 = CARTESIAN_POINT('',(4.350842316094,-21.74149798358,0.3292300673)
  );
#1489 = CARTESIAN_POINT('',(20.487844684807,-40.60900208147,
    1.696321123931));
#1490 = CARTESIAN_POINT('',(34.474417929943,-22.94863707872,
    0.479227567956));
#1491 = CARTESIAN_POINT('',(42.,-10.47233361333,0.226400983387));
#1492 = CARTESIAN_POINT('',(-1.647380678595E-15,-7.419143010256,
    4.284554742775E-12));
#1493 = CARTESIAN_POINT('',(4.350842316094,-24.64448345533,
    1.091517224597E-11));
#1494 = CARTESIAN_POINT('',(20.487844684807,-46.03122934325,
    1.937180097737E-11));
#1495 = CARTESIAN_POINT('',(34.474417929943,-26.01280313063,
    1.018194809879E-11));
#1496 = CARTESIAN_POINT('',(42.,-11.87062881631,7.415150855298E-12));
#1497 = CARTESIAN_POINT('',(-1.453328237373E-15,-6.54520850828,
    -0.186447868681));
#1498 = CARTESIAN_POINT('',(4.350842316094,-21.74149798364,
    -0.32923006732));
#1499 = CARTESIAN_POINT('',(20.487844684807,-40.60900208136,
    -1.696321123967));
#1500 = CARTESIAN_POINT('',(34.474417929943,-22.94863707877,
    -0.479227567975));
#1501 = CARTESIAN_POINT('',(42.,-10.47233361333,-0.226400983401));
#1502 = CARTESIAN_POINT('',(-9.378893888246E-16,-4.223878302025,
    -0.321713521077));
#1503 = CARTESIAN_POINT('',(4.350842316094,-14.03063652865,
    -0.568082461604));
#1504 = CARTESIAN_POINT('',(20.487844684807,-26.20657272277,
    -2.926981389147));
#1505 = CARTESIAN_POINT('',(34.474417929943,-14.80965046313,
    -0.826901317681));
#1506 = CARTESIAN_POINT('',(42.,-6.758205283175,-0.390652132735));
#1507 = CARTESIAN_POINT('',(-2.626905523526E-16,-1.183053073689,
    -0.375451326835));
#1508 = CARTESIAN_POINT('',(4.350842316094,-3.929797803116,
    -0.662972800293));
#1509 = CARTESIAN_POINT('',(20.487844684807,-7.340118297364,
    -3.415893253385));
#1510 = CARTESIAN_POINT('',(34.474417929943,-4.147989418392,
    -0.965023775947));
#1511 = CARTESIAN_POINT('',(42.,-1.892884917942,-0.455905182586));
#1512 = CARTESIAN_POINT('',(3.877527622294E-16,1.746283195488,
    -0.345189417039));
#1513 = CARTESIAN_POINT('',(4.350842316094,5.800703297005,
    -0.609536251677));
#1514 = CARTESIAN_POINT('',(20.487844684807,10.834615555846,
    -3.140567409218));
#1515 = CARTESIAN_POINT('',(34.474417929943,6.122771984927,
    -0.887241490015));
#1516 = CARTESIAN_POINT('',(42.,2.7940531128,-0.419158577832));
#1517 = CARTESIAN_POINT('',(8.693997064493E-16,3.915428194001,
    -0.251327458673));
#1518 = CARTESIAN_POINT('',(4.350842316094,13.006044662445,
    -0.443794593754));
#1519 = CARTESIAN_POINT('',(20.487844684807,24.292829094477,
    -2.28660204163));
#1520 = CARTESIAN_POINT('',(34.474417929943,13.728170847031,
    -0.645987790782));
#1521 = CARTESIAN_POINT('',(42.,6.264685110395,-0.305183342675));
#1522 = CARTESIAN_POINT('',(1.110223024625E-15,5.000000000001,
    -0.125663706144));
#1523 = CARTESIAN_POINT('',(4.350842316094,16.608713042426,
    -0.221897255923));
#1524 = CARTESIAN_POINT('',(20.487844684807,31.02193156255,
    -1.143300809803));
#1525 = CARTESIAN_POINT('',(34.474417929943,17.530867847469,
    -0.322993835778));
#1526 = CARTESIAN_POINT('',(42.,8.000000000002,-0.152591643174));
#1527 = CARTESIAN_POINT('',(1.110223024625E-15,5.,-9.068100872173E-16));
#1528 = CARTESIAN_POINT('',(4.350842316094,16.608713042418,
    5.18707586206E-15));
#1529 = CARTESIAN_POINT('',(20.487844684807,31.021931562548,
    -2.021696755675E-14));
#1530 = CARTESIAN_POINT('',(34.474417929943,17.530867847462,
    4.362774286298E-15));
#1531 = CARTESIAN_POINT('',(42.,8.,-2.207416679112E-15));
#1532 = DEFINITIONAL_REPRESENTATION('',(#1533),#1537);
#1533 = LINE('',#1534,#1535);
#1534 = CARTESIAN_POINT('',(0.,0.));
#1535 = VECTOR('',#1536,1.);
#1536 = DIRECTION('',(0.,1.));
#1537 = ( GEOMETRIC_REPRESENTATION_CONTEXT(2) 
PARAMETRIC_REPRESENTATION_CONTEXT() REPRESENTATION_CONTEXT('2D SPACE',''
  ) );
#1538 = PCURVE('',#1456,#1539);
#1539 = DEFINITIONAL_REPRESENTATION('',(#1540),#1544);
#1540 = LINE('',#1541,#1542);
#1541 = CARTESIAN_POINT('',(1.,0.));
#1542 = VECTOR('',#1543,1.);
#1543 = DIRECTION('',(0.,1.));
#1544 = ( GEOMETRIC_REPRESENTATION_CONTEXT(2) 
PARAMETRIC_REPRESENTATION_CONTEXT() REPRESENTATION_CONTEXT('2D SPACE',''
  ) );
#1545 = ORIENTED_EDGE('',*,*,#1546,.T.);
#1546 = EDGE_CURVE('',#1444,#1444,#1547,.T.);
#1547 = SURFACE_CURVE('',#1548,(#1564,#1571),.PCURVE_S1.);
#1548 = B_SPLINE_CURVE_WITH_KNOTS('',14,(#1549,#1550,#1551,#1552,#1553,
    #1554,#1555,#1556,#1557,#1558,#1559,#1560,#1561,#1562,#1563),
  .UNSPECIFIED.,.T.,.F.,(15,15),(0.,1.),.PIECEWISE_BEZIER_KNOTS.);
#1549 = CARTESIAN_POINT('',(1.110223024625E-15,5.,-1.182302630216E-15));
#1550 = CARTESIAN_POINT('',(1.110223024625E-15,5.000000000001,
    0.125663706144));
#1551 = CARTESIAN_POINT('',(8.693997064492E-16,3.915428194001,
    0.251327458673));
#1552 = CARTESIAN_POINT('',(3.877527622296E-16,1.746283195489,
    0.34518941704));
#1553 = CARTESIAN_POINT('',(-2.626905523529E-16,-1.18305307369,
    0.375451326831));
#1554 = CARTESIAN_POINT('',(-9.378893888241E-16,-4.223878302023,
    0.321713521083));
#1555 = CARTESIAN_POINT('',(-1.453328237373E-15,-6.545208508282,
    0.186447868674));
#1556 = CARTESIAN_POINT('',(-1.647380678595E-15,-7.419143010256,
    4.284554742775E-12));
#1557 = CARTESIAN_POINT('',(-1.453328237373E-15,-6.54520850828,
    -0.186447868681));
#1558 = CARTESIAN_POINT('',(-9.378893888246E-16,-4.223878302025,
    -0.321713521077));
#1559 = CARTESIAN_POINT('',(-2.626905523526E-16,-1.183053073689,
    -0.375451326835));
#1560 = CARTESIAN_POINT('',(3.877527622294E-16,1.746283195488,
    -0.345189417039));
#1561 = CARTESIAN_POINT('',(8.693997064493E-16,3.915428194001,
    -0.251327458673));
#1562 = CARTESIAN_POINT('',(1.110223024625E-15,5.000000000001,
    -0.125663706144));
#1563 = CARTESIAN_POINT('',(1.110223024625E-15,5.,-9.068100872173E-16));
#1564 = PCURVE('',#1456,#1565);
#1565 = DEFINITIONAL_REPRESENTATION('',(#1566),#1570);
#1566 = LINE('',#1567,#1568);
#1567 = CARTESIAN_POINT('',(0.,0.));
#1568 = VECTOR('',#1569,1.);
#1569 = DIRECTION('',(1.,0.));
#1570 = ( GEOMETRIC_REPRESENTATION_CONTEXT(2) 
PARAMETRIC_REPRESENTATION_CONTEXT() REPRESENTATION_CONTEXT('2D SPACE',''
  ) );
#1571 = PCURVE('',#1572,#1577);
#1572 = PLANE('',#1573);
#1573 = AXIS2_PLACEMENT_3D('',#1574,#1575,#1576);
#1574 = CARTESIAN_POINT('',(1.110223024625E-15,5.,-1.182302630216E-15));
#1575 = DIRECTION('',(-1.,2.22044604925E-16,-4.930380657631E-32));
#1576 = DIRECTION('',(-2.22044604925E-16,-1.,2.334159018272E-16));
#1577 = DEFINITIONAL_REPRESENTATION('',(#1578),#1594);
#1578 = B_SPLINE_CURVE_WITH_KNOTS('',14,(#1579,#1580,#1581,#1582,#1583,
    #1584,#1585,#1586,#1587,#1588,#1589,#1590,#1591,#1592,#1593),
  .UNSPECIFIED.,.F.,.F.,(15,15),(0.,1.),.PIECEWISE_BEZIER_KNOTS.);
#1579 = CARTESIAN_POINT('',(0.,0.));
#1580 = CARTESIAN_POINT('',(-6.252776074689E-13,0.125663706144));
#1581 = CARTESIAN_POINT('',(1.084571805999,0.251327458673));
#1582 = CARTESIAN_POINT('',(3.253716804511,0.34518941704));
#1583 = CARTESIAN_POINT('',(6.18305307369,0.375451326831));
#1584 = CARTESIAN_POINT('',(9.223878302023,0.321713521083));
#1585 = CARTESIAN_POINT('',(11.545208508282,0.186447868674));
#1586 = CARTESIAN_POINT('',(12.419143010256,4.28283821994E-12));
#1587 = CARTESIAN_POINT('',(11.54520850828,-0.186447868681));
#1588 = CARTESIAN_POINT('',(9.223878302025,-0.321713521077));
#1589 = CARTESIAN_POINT('',(6.183053073689,-0.375451326835));
#1590 = CARTESIAN_POINT('',(3.253716804512,-0.345189417039));
#1591 = CARTESIAN_POINT('',(1.084571805999,-0.251327458673));
#1592 = CARTESIAN_POINT('',(-5.986322548779E-13,-0.125663706144));
#1593 = CARTESIAN_POINT('',(-8.881784197001E-16,2.754925429983E-16));
#1594 = ( GEOMETRIC_REPRESENTATION_CONTEXT(2) 
PARAMETRIC_REPRESENTATION_CONTEXT() REPRESENTATION_CONTEXT('2D SPACE',''
  ) );
#1595 = ORIENTED_EDGE('',*,*,#1443,.T.);
#1596 = ORIENTED_EDGE('',*,*,#1597,.F.);
#1597 = EDGE_CURVE('',#1446,#1446,#1598,.T.);
#1598 = SURFACE_CURVE('',#1599,(#1615,#1622),.PCURVE_S1.);
#1599 = B_SPLINE_CURVE_WITH_KNOTS('',14,(#1600,#1601,#1602,#1603,#1604,
    #1605,#1606,#1607,#1608,#1609,#1610,#1611,#1612,#1613,#1614),
  .UNSPECIFIED.,.T.,.F.,(15,15),(0.,1.),.PIECEWISE_BEZIER_KNOTS.);
#1600 = CARTESIAN_POINT('',(42.,8.,-1.733066563383E-15));
#1601 = CARTESIAN_POINT('',(42.,8.000000000002,0.152591643175));
#1602 = CARTESIAN_POINT('',(42.,6.264685110395,0.305183342674));
#1603 = CARTESIAN_POINT('',(42.,2.7940531128,0.419158577835));
#1604 = CARTESIAN_POINT('',(42.,-1.892884917942,0.45590518258));
#1605 = CARTESIAN_POINT('',(42.,-6.758205283175,0.390652132745));
#1606 = CARTESIAN_POINT('',(42.,-10.47233361333,0.226400983387));
#1607 = CARTESIAN_POINT('',(42.,-11.87062881631,7.415150855298E-12));
#1608 = CARTESIAN_POINT('',(42.,-10.47233361333,-0.226400983401));
#1609 = CARTESIAN_POINT('',(42.,-6.758205283175,-0.390652132735));
#1610 = CARTESIAN_POINT('',(42.,-1.892884917942,-0.455905182586));
#1611 = CARTESIAN_POINT('',(42.,2.7940531128,-0.419158577832));
#1612 = CARTESIAN_POINT('',(42.,6.264685110395,-0.305183342675));
#1613 = CARTESIAN_POINT('',(42.,8.000000000002,-0.152591643174));
#1614 = CARTESIAN_POINT('',(42.,8.,-2.207416679112E-15));
#1615 = PCURVE('',#1456,#1616);
#1616 = DEFINITIONAL_REPRESENTATION('',(#1617),#1621);
#1617 = LINE('',#1618,#1619);
#1618 = CARTESIAN_POINT('',(0.,1.));
#1619 = VECTOR('',#1620,1.);
#1620 = DIRECTION('',(1.,0.));
#1621 = ( GEOMETRIC_REPRESENTATION_CONTEXT(2) 
PARAMETRIC_REPRESENTATION_CONTEXT() REPRESENTATION_CONTEXT('2D SPACE',''
  ) );
#1622 = PCURVE('',#1623,#1628);
#1623 = PLANE('',#1624);
#1624 = AXIS2_PLACEMENT_3D('',#1625,#1626,#1627);
#1625 = CARTESIAN_POINT('',(42.,8.,-1.733066563383E-15));
#1626 = DIRECTION('',(1.,-2.22044604925E-16,4.930380657631E-32));
#1627 = DIRECTION('',(-2.22044604925E-16,-1.,2.23675771364E-16));
#1628 = DEFINITIONAL_REPRESENTATION('',(#1629),#1645);
#1629 = B_SPLINE_CURVE_WITH_KNOTS('',14,(#1630,#1631,#1632,#1633,#1634,
    #1635,#1636,#1637,#1638,#1639,#1640,#1641,#1642,#1643,#1644),
  .UNSPECIFIED.,.F.,.F.,(15,15),(0.,1.),.PIECEWISE_BEZIER_KNOTS.);
#1630 = CARTESIAN_POINT('',(0.,0.));
#1631 = CARTESIAN_POINT('',(-2.326139281195E-12,-0.152591643175));
#1632 = CARTESIAN_POINT('',(1.735314889605,-0.305183342674));
#1633 = CARTESIAN_POINT('',(5.2059468872,-0.419158577835));
#1634 = CARTESIAN_POINT('',(9.892884917942,-0.45590518258));
#1635 = CARTESIAN_POINT('',(14.758205283175,-0.390652132745));
#1636 = CARTESIAN_POINT('',(18.472333613335,-0.226400983387));
#1637 = CARTESIAN_POINT('',(19.870628816316,-7.412439343634E-12));
#1638 = CARTESIAN_POINT('',(18.472333613335,0.226400983401));
#1639 = CARTESIAN_POINT('',(14.758205283175,0.390652132735));
#1640 = CARTESIAN_POINT('',(9.892884917942,0.455905182586));
#1641 = CARTESIAN_POINT('',(5.2059468872,0.419158577832));
#1642 = CARTESIAN_POINT('',(1.735314889605,0.305183342675));
#1643 = CARTESIAN_POINT('',(-2.317257496998E-12,0.152591643174));
#1644 = CARTESIAN_POINT('',(-2.6645352591E-15,4.743501157288E-16));
#1645 = ( GEOMETRIC_REPRESENTATION_CONTEXT(2) 
PARAMETRIC_REPRESENTATION_CONTEXT() REPRESENTATION_CONTEXT('2D SPACE',''
  ) );
#1646 = FACE_BOUND('',#1647,.T.);
#1647 = EDGE_LOOP('',(#1648));
#1648 = ORIENTED_EDGE('',*,*,#1649,.T.);
#1649 = EDGE_CURVE('',#1650,#1650,#1652,.T.);
#1650 = VERTEX_POINT('',#1651);
#1651 = CARTESIAN_POINT('',(20.415482917224,-2.489611565946,
    -1.290000711201));
#1652 = SURFACE_CURVE('',#1653,(#1733,#1816),.PCURVE_S1.);
#1653 = B_SPLINE_CURVE_WITH_KNOTS('',8,(#1654,#1655,#1656,#1657,#1658,
    #1659,#1660,#1661,#1662,#1663,#1664,#1665,#1666,#1667,#1668,#1669,
    #1670,#1671,#1672,#1673,#1674,#1675,#1676,#1677,#1678,#1679,#1680,
    #1681,#1682,#1683,#1684,#1685,#1686,#1687,#1688,#1689,#1690,#1691,
    #1692,#1693,#1694,#1695,#1696,#1697,#1698,#1699,#1700,#1701,#1702,
    #1703,#1704,#1705,#1706,#1707,#1708,#1709,#1710,#1711,#1712,#1713,
    #1714,#1715,#1716,#1717,#1718,#1719,#1720,#1721,#1722,#1723,#1724,
    #1725,#1726,#1727,#1728,#1729,#1730,#1731,#1732),.UNSPECIFIED.,.T.,
  .F.,(9,7,7,7,7,7,7,7,7,7,7,9),(0.,9.270248079151E-02,0.159719957964,
    0.288836075754,0.382273112871,0.452198999632,0.538983536173,
    0.630229741384,0.691471486053,0.79420197414,0.919037255642,1.),
  .UNSPECIFIED.);
#1654 = CARTESIAN_POINT('',(20.415482917224,-2.489611565946,
    -1.290000711201));
#1655 = CARTESIAN_POINT('',(20.571003590263,-2.551277565084,
    -1.290000711201));
#1656 = CARTESIAN_POINT('',(20.73459133582,-2.595078796153,
    -1.290000711201));
#1657 = CARTESIAN_POINT('',(20.903016777525,-2.618012519855,
    -1.290000711201));
#1658 = CARTESIAN_POINT('',(21.073135465122,-2.618848914618,
    -1.290000711201));
#1659 = CARTESIAN_POINT('',(21.241918168124,-2.59754292989,
    -1.290000711201));
#1660 = CARTESIAN_POINT('',(21.406467151013,-2.555029781927,
    -1.290000711201));
#1661 = CARTESIAN_POINT('',(21.564043101169,-2.493303714983,
    -1.290000711201));
#1662 = CARTESIAN_POINT('',(21.819182065118,-2.359562825284,
    -1.290000711201));
#1663 = CARTESIAN_POINT('',(21.921700279562,-2.29491449797,
    -1.290000711201));
#1664 = CARTESIAN_POINT('',(22.019185889916,-2.222601895233,
    -1.290000711201));
#1665 = CARTESIAN_POINT('',(22.111322444275,-2.143509540981,
    -1.290000711201));
#1666 = CARTESIAN_POINT('',(22.1979323971,-2.058487983117,
    -1.290000711201));
#1667 = CARTESIAN_POINT('',(22.278943447511,-1.968313522457,
    -1.290000711201));
#1668 = CARTESIAN_POINT('',(22.354361991716,-1.87365894416,
    -1.290000711201));
#1669 = CARTESIAN_POINT('',(22.558907291583,-1.585143547474,
    -1.290000711201));
#1670 = CARTESIAN_POINT('',(22.672735742743,-1.38106323259,
    -1.290000711201));
#1671 = CARTESIAN_POINT('',(22.76670542542,-1.166387230357,
    -1.290000711201));
#1672 = CARTESIAN_POINT('',(22.841294752776,-0.944013295269,
    -1.290000711201));
#1673 = CARTESIAN_POINT('',(22.897085621675,-0.716448708609,
    -1.290000711201));
#1674 = CARTESIAN_POINT('',(22.93452636911,-0.485716921919,
    -1.290000711201));
#1675 = CARTESIAN_POINT('',(22.95399360702,-0.253418112499,
    -1.290000711201));
#1676 = CARTESIAN_POINT('',(22.956406744428,0.147857249542,
    -1.290000711201));
#1677 = CARTESIAN_POINT('',(22.94795647854,0.316321033696,
    -1.290000711201));
#1678 = CARTESIAN_POINT('',(22.930061432938,0.484252058239,
    -1.290000711201));
#1679 = CARTESIAN_POINT('',(22.902649040351,0.651039818934,
    -1.290000711201));
#1680 = CARTESIAN_POINT('',(22.865598909156,0.815996316826,
    -1.290000711201));
#1681 = CARTESIAN_POINT('',(22.818757412508,0.978357394613,
    -1.290000711201));
#1682 = CARTESIAN_POINT('',(22.761923502435,1.137276917666,
    -1.290000711201));
#1683 = CARTESIAN_POINT('',(22.644576540215,1.407465246332,
    -1.290000711201));
#1684 = CARTESIAN_POINT('',(22.588619094382,1.520589180807,
    -1.290000711201));
#1685 = CARTESIAN_POINT('',(22.526820877484,1.630799714579,
    -1.290000711201));
#1686 = CARTESIAN_POINT('',(22.459074788383,1.737598378489,
    -1.290000711201));
#1687 = CARTESIAN_POINT('',(22.385297509541,1.840386438224,
    -1.290000711201));
#1688 = CARTESIAN_POINT('',(22.305444978441,1.938475328491,
    -1.290000711201));
#1689 = CARTESIAN_POINT('',(22.219524979548,2.031095205905,
    -1.290000711201));
#1690 = CARTESIAN_POINT('',(22.013527907736,2.224515917524,
    -1.290000711201));
#1691 = CARTESIAN_POINT('',(21.889951546348,2.322148406742,
    -1.290000711201));
#1692 = CARTESIAN_POINT('',(21.75731188248,2.408254501996,
    -1.290000711201));
#1693 = CARTESIAN_POINT('',(21.616395708878,2.480735950767,
    -1.290000711201));
#1694 = CARTESIAN_POINT('',(21.468397012186,2.53756017667,
    -1.290000711201));
#1695 = CARTESIAN_POINT('',(21.314988020772,2.576979281376,
    -1.290000711201));
#1696 = CARTESIAN_POINT('',(21.158379595964,2.597680652328,
    -1.290000711201));
#1697 = CARTESIAN_POINT('',(20.836760763392,2.601627111438,
    -1.290000711201));
#1698 = CARTESIAN_POINT('',(20.671560877349,2.582893902424,
    -1.290000711201));
#1699 = CARTESIAN_POINT('',(20.509605427904,2.543261930101,
    -1.290000711201));
#1700 = CARTESIAN_POINT('',(20.353511894857,2.48420280582,
    -1.290000711201));
#1701 = CARTESIAN_POINT('',(20.205252737215,2.407728651495,
    -1.290000711201));
#1702 = CARTESIAN_POINT('',(20.066220385484,2.316219562886,
    -1.290000711201));
#1703 = CARTESIAN_POINT('',(19.937312964699,2.21213827976,
    -1.290000711201));
#1704 = CARTESIAN_POINT('',(19.739592875668,2.02119762701,
    -1.290000711201));
#1705 = CARTESIAN_POINT('',(19.664797406476,1.939774585804,
    -1.290000711201));
#1706 = CARTESIAN_POINT('',(19.594659013327,1.854177872772,
    -1.290000711201));
#1707 = CARTESIAN_POINT('',(19.52918219839,1.764927536094,
    -1.290000711201));
#1708 = CARTESIAN_POINT('',(19.46833915225,1.672493840645,
    -1.290000711201));
#1709 = CARTESIAN_POINT('',(19.412077747168,1.577291804123,
    -1.290000711201));
#1710 = CARTESIAN_POINT('',(19.360329530333,1.479675733197,
    -1.290000711201));
#1711 = CARTESIAN_POINT('',(19.233654111605,1.212620733524,
    -1.290000711201));
#1712 = CARTESIAN_POINT('',(19.166850901426,1.039486805184,
    -1.290000711201));
#1713 = CARTESIAN_POINT('',(19.112182766005,0.861851259823,
    -1.290000711201));
#1714 = CARTESIAN_POINT('',(19.069376424128,0.680877244535,
    -1.290000711201));
#1715 = CARTESIAN_POINT('',(19.03821519511,0.497604460995,
    -1.290000711201));
#1716 = CARTESIAN_POINT('',(19.018524011874,0.31295355438,
    -1.290000711201));
#1717 = CARTESIAN_POINT('',(19.01020622781,0.127718608346,
    -1.290000711201));
#1718 = CARTESIAN_POINT('',(19.017067351906,-0.282430474555,
    -1.290000711201));
#1719 = CARTESIAN_POINT('',(19.037680126876,-0.50684311403,
    -1.290000711201));
#1720 = CARTESIAN_POINT('',(19.075100283138,-0.729660685091,
    -1.290000711201));
#1721 = CARTESIAN_POINT('',(19.129670796272,-0.949415217633,
    -1.290000711201));
#1722 = CARTESIAN_POINT('',(19.201805063248,-1.16426379099,
    -1.290000711201));
#1723 = CARTESIAN_POINT('',(19.292033059503,-1.371949883747,
    -1.290000711201));
#1724 = CARTESIAN_POINT('',(19.400810555068,-1.569867654019,
    -1.290000711201));
#1725 = CARTESIAN_POINT('',(19.612191343991,-1.874837708375,
    -1.290000711201));
#1726 = CARTESIAN_POINT('',(19.703428760126,-1.989233048126,
    -1.290000711201));
#1727 = CARTESIAN_POINT('',(19.802872458489,-2.097091303395,
    -1.290000711201));
#1728 = CARTESIAN_POINT('',(19.910532315811,-2.197167077967,
    -1.290000711201));
#1729 = CARTESIAN_POINT('',(20.02622427953,-2.288025068442,
    -1.290000711201));
#1730 = CARTESIAN_POINT('',(20.149522532064,-2.36809456121,
    -1.290000711201));
#1731 = CARTESIAN_POINT('',(20.279683177021,-2.435765176919,
    -1.290000711201));
#1732 = CARTESIAN_POINT('',(20.415482917224,-2.489611565946,
    -1.290000711201));
#1733 = PCURVE('',#1456,#1734);
#1734 = DEFINITIONAL_REPRESENTATION('',(#1735),#1815);
#1735 = B_SPLINE_CURVE_WITH_KNOTS('',8,(#1736,#1737,#1738,#1739,#1740,
    #1741,#1742,#1743,#1744,#1745,#1746,#1747,#1748,#1749,#1750,#1751,
    #1752,#1753,#1754,#1755,#1756,#1757,#1758,#1759,#1760,#1761,#1762,
    #1763,#1764,#1765,#1766,#1767,#1768,#1769,#1770,#1771,#1772,#1773,
    #1774,#1775,#1776,#1777,#1778,#1779,#1780,#1781,#1782,#1783,#1784,
    #1785,#1786,#1787,#1788,#1789,#1790,#1791,#1792,#1793,#1794,#1795,
    #1796,#1797,#1798,#1799,#1800,#1801,#1802,#1803,#1804,#1805,#1806,
    #1807,#1808,#1809,#1810,#1811,#1812,#1813,#1814),.UNSPECIFIED.,.T.,
  .F.,(9,7,7,7,7,7,7,7,7,7,7,9),(0.,9.270248079151E-02,0.159719957964,
    0.288836075754,0.382273112871,0.452198999632,0.538983536173,
    0.630229741384,0.691471486053,0.79420197414,0.919037255642,1.),
  .UNSPECIFIED.);
#1736 = CARTESIAN_POINT('',(0.731082797302,0.507846655647));
#1737 = CARTESIAN_POINT('',(0.730615503229,0.510887675136));
#1738 = CARTESIAN_POINT('',(0.730283379851,0.514086155155));
#1739 = CARTESIAN_POINT('',(0.730108990511,0.517379079542));
#1740 = CARTESIAN_POINT('',(0.730101512666,0.520705201868));
#1741 = CARTESIAN_POINT('',(0.730261321668,0.524005576628));
#1742 = CARTESIAN_POINT('',(0.730581541782,0.527223770117));
#1743 = CARTESIAN_POINT('',(0.731047363888,0.530306302922));
#1744 = CARTESIAN_POINT('',(0.732057975509,0.535298620801));
#1745 = CARTESIAN_POINT('',(0.732546808924,0.537304999525));
#1746 = CARTESIAN_POINT('',(0.733093953489,0.539213303736));
#1747 = CARTESIAN_POINT('',(0.733692795406,0.541017311797));
#1748 = CARTESIAN_POINT('',(0.734336960638,0.54271350015));
#1749 = CARTESIAN_POINT('',(0.735020614972,0.544300392947));
#1750 = CARTESIAN_POINT('',(0.735738686651,0.545778050048));
#1751 = CARTESIAN_POINT('',(0.737928737133,0.54978645328));
#1752 = CARTESIAN_POINT('',(0.739479450802,0.552018200579));
#1753 = CARTESIAN_POINT('',(0.741112299346,0.553861398754));
#1754 = CARTESIAN_POINT('',(0.742805177944,0.555324968852));
#1755 = CARTESIAN_POINT('',(0.744538751023,0.556419939686));
#1756 = CARTESIAN_POINT('',(0.746297255289,0.557154857094));
#1757 = CARTESIAN_POINT('',(0.74806811537,0.557536979384));
#1758 = CARTESIAN_POINT('',(0.751127161457,0.557584346866));
#1759 = CARTESIAN_POINT('',(0.752411426236,0.557418476633));
#1760 = CARTESIAN_POINT('',(0.753691497562,0.557067212305));
#1761 = CARTESIAN_POINT('',(0.754962574902,0.556529161232));
#1762 = CARTESIAN_POINT('',(0.756219276198,0.555802027179));
#1763 = CARTESIAN_POINT('',(0.757455659457,0.5548828957));
#1764 = CARTESIAN_POINT('',(0.758665190832,0.553767952857));
#1765 = CARTESIAN_POINT('',(0.760720349643,0.551466540413));
#1766 = CARTESIAN_POINT('',(0.761580407575,0.550369277236));
#1767 = CARTESIAN_POINT('',(0.762417876722,0.549157704938));
#1768 = CARTESIAN_POINT('',(0.763228957248,0.547829795025));
#1769 = CARTESIAN_POINT('',(0.764009106336,0.5463839909));
#1770 = CARTESIAN_POINT('',(0.76475312196,0.544819506656));
#1771 = CARTESIAN_POINT('',(0.765455209867,0.5431365671));
#1772 = CARTESIAN_POINT('',(0.766920490088,0.53910264856));
#1773 = CARTESIAN_POINT('',(0.767659444738,0.536683371579));
#1774 = CARTESIAN_POINT('',(0.768310519142,0.534087376886));
#1775 = CARTESIAN_POINT('',(0.76885799554,0.531330148185));
#1776 = CARTESIAN_POINT('',(0.769286709393,0.528435068722));
#1777 = CARTESIAN_POINT('',(0.769583666342,0.525434772994));
#1778 = CARTESIAN_POINT('',(0.769739088495,0.522372334553));
#1779 = CARTESIAN_POINT('',(0.769766767699,0.516083638406));
#1780 = CARTESIAN_POINT('',(0.769624070756,0.512853700372));
#1781 = CARTESIAN_POINT('',(0.769323478459,0.509687247711));
#1782 = CARTESIAN_POINT('',(0.768876064382,0.506635211494));
#1783 = CARTESIAN_POINT('',(0.768296854412,0.503735987641));
#1784 = CARTESIAN_POINT('',(0.767603644181,0.501016745591));
#1785 = CARTESIAN_POINT('',(0.766814897273,0.498495069397));
#1786 = CARTESIAN_POINT('',(0.765367248045,0.494626566798));
#1787 = CARTESIAN_POINT('',(0.764749762065,0.493162940914));
#1788 = CARTESIAN_POINT('',(0.764100423391,0.491790240802));
#1789 = CARTESIAN_POINT('',(0.763423141493,0.490508581518));
#1790 = CARTESIAN_POINT('',(0.762721460075,0.489317451241));
#1791 = CARTESIAN_POINT('',(0.761998514666,0.488215864791));
#1792 = CARTESIAN_POINT('',(0.761256990207,0.487202517159));
#1793 = CARTESIAN_POINT('',(0.759227713406,0.484721637272));
#1794 = CARTESIAN_POINT('',(0.757911460431,0.483412997278));
#1795 = CARTESIAN_POINT('',(0.756560354645,0.482341844771));
#1796 = CARTESIAN_POINT('',(0.755183310442,0.481502968479));
#1797 = CARTESIAN_POINT('',(0.753788354138,0.480892234495));
#1798 = CARTESIAN_POINT('',(0.752382636546,0.480506285418));
#1799 = CARTESIAN_POINT('',(0.750972356228,0.480343259414));
#1800 = CARTESIAN_POINT('',(0.747849777445,0.480477735816));
#1801 = CARTESIAN_POINT('',(0.746141313814,0.480881740392));
#1802 = CARTESIAN_POINT('',(0.744445317523,0.481615150691));
#1803 = CARTESIAN_POINT('',(0.742773227976,0.482684585898));
#1804 = CARTESIAN_POINT('',(0.741139300494,0.484097960474));
#1805 = CARTESIAN_POINT('',(0.739560839232,0.485865384691));
#1806 = CARTESIAN_POINT('',(0.738057640917,0.487995476402));
#1807 = CARTESIAN_POINT('',(0.735742846881,0.492133342109));
#1808 = CARTESIAN_POINT('',(0.734874961718,0.493919045971));
#1809 = CARTESIAN_POINT('',(0.734057050333,0.495865009533));
#1810 = CARTESIAN_POINT('',(0.733298486168,0.497971357815));
#1811 = CARTESIAN_POINT('',(0.732610040999,0.50023443777));
#1812 = CARTESIAN_POINT('',(0.732003475408,0.502645906017));
#1813 = CARTESIAN_POINT('',(0.731490835746,0.505191255253));
#1814 = CARTESIAN_POINT('',(0.731082797302,0.507846655647));
#1815 = ( GEOMETRIC_REPRESENTATION_CONTEXT(2) 
PARAMETRIC_REPRESENTATION_CONTEXT() REPRESENTATION_CONTEXT('2D SPACE',''
  ) );
#1816 = PCURVE('',#1817,#1822);
#1817 = PLANE('',#1818);
#1818 = AXIS2_PLACEMENT_3D('',#1819,#1820,#1821);
#1819 = CARTESIAN_POINT('',(-2.E+03,-1.E+03,-1.290000711201));
#1820 = DIRECTION('',(0.,0.,1.));
#1821 = DIRECTION('',(1.,0.,-0.));
#1822 = DEFINITIONAL_REPRESENTATION('',(#1823),#1903);
#1823 = B_SPLINE_CURVE_WITH_KNOTS('',8,(#1824,#1825,#1826,#1827,#1828,
    #1829,#1830,#1831,#1832,#1833,#1834,#1835,#1836,#1837,#1838,#1839,
    #1840,#1841,#1842,#1843,#1844,#1845,#1846,#1847,#1848,#1849,#1850,
    #1851,#1852,#1853,#1854,#1855,#1856,#1857,#1858,#1859,#1860,#1861,
    #1862,#1863,#1864,#1865,#1866,#1867,#1868,#1869,#1870,#1871,#1872,
    #1873,#1874,#1875,#1876,#1877,#1878,#1879,#1880,#1881,#1882,#1883,
    #1884,#1885,#1886,#1887,#1888,#1889,#1890,#1891,#1892,#1893,#1894,
    #1895,#1896,#1897,#1898,#1899,#1900,#1901,#1902),.UNSPECIFIED.,.T.,
  .F.,(9,7,7,7,7,7,7,7,7,7,7,9),(0.,9.270248079151E-02,0.159719957964,
    0.288836075754,0.382273112871,0.452198999632,0.538983536173,
    0.630229741384,0.691471486053,0.79420197414,0.919037255642,1.),
  .UNSPECIFIED.);
#1824 = CARTESIAN_POINT('',(2.020415482917E+03,997.51038843405));
#1825 = CARTESIAN_POINT('',(2.02057100359E+03,997.44872243491));
#1826 = CARTESIAN_POINT('',(2.020734591336E+03,997.40492120384));
#1827 = CARTESIAN_POINT('',(2.020903016778E+03,997.38198748014));
#1828 = CARTESIAN_POINT('',(2.021073135465E+03,997.38115108538));
#1829 = CARTESIAN_POINT('',(2.021241918168E+03,997.40245707011));
#1830 = CARTESIAN_POINT('',(2.021406467151E+03,997.44497021807));
#1831 = CARTESIAN_POINT('',(2.021564043101E+03,997.50669628501));
#1832 = CARTESIAN_POINT('',(2.021819182065E+03,997.64043717471));
#1833 = CARTESIAN_POINT('',(2.02192170028E+03,997.70508550203));
#1834 = CARTESIAN_POINT('',(2.02201918589E+03,997.77739810476));
#1835 = CARTESIAN_POINT('',(2.022111322444E+03,997.85649045901));
#1836 = CARTESIAN_POINT('',(2.022197932397E+03,997.94151201688));
#1837 = CARTESIAN_POINT('',(2.022278943448E+03,998.03168647754));
#1838 = CARTESIAN_POINT('',(2.022354361992E+03,998.12634105584));
#1839 = CARTESIAN_POINT('',(2.022558907292E+03,998.41485645252));
#1840 = CARTESIAN_POINT('',(2.022672735743E+03,998.61893676741));
#1841 = CARTESIAN_POINT('',(2.022766705425E+03,998.83361276964));
#1842 = CARTESIAN_POINT('',(2.022841294753E+03,999.05598670473));
#1843 = CARTESIAN_POINT('',(2.022897085622E+03,999.28355129139));
#1844 = CARTESIAN_POINT('',(2.022934526369E+03,999.51428307808));
#1845 = CARTESIAN_POINT('',(2.022953993607E+03,999.7465818875));
#1846 = CARTESIAN_POINT('',(2.022956406744E+03,1.00014785725E+03));
#1847 = CARTESIAN_POINT('',(2.022947956479E+03,1.000316321034E+03));
#1848 = CARTESIAN_POINT('',(2.022930061433E+03,1.000484252058E+03));
#1849 = CARTESIAN_POINT('',(2.02290264904E+03,1.000651039819E+03));
#1850 = CARTESIAN_POINT('',(2.022865598909E+03,1.000815996317E+03));
#1851 = CARTESIAN_POINT('',(2.022818757413E+03,1.000978357395E+03));
#1852 = CARTESIAN_POINT('',(2.022761923502E+03,1.001137276918E+03));
#1853 = CARTESIAN_POINT('',(2.02264457654E+03,1.001407465246E+03));
#1854 = CARTESIAN_POINT('',(2.022588619094E+03,1.001520589181E+03));
#1855 = CARTESIAN_POINT('',(2.022526820877E+03,1.001630799715E+03));
#1856 = CARTESIAN_POINT('',(2.022459074788E+03,1.001737598378E+03));
#1857 = CARTESIAN_POINT('',(2.02238529751E+03,1.001840386438E+03));
#1858 = CARTESIAN_POINT('',(2.022305444978E+03,1.001938475328E+03));
#1859 = CARTESIAN_POINT('',(2.02221952498E+03,1.002031095206E+03));
#1860 = CARTESIAN_POINT('',(2.022013527908E+03,1.002224515918E+03));
#1861 = CARTESIAN_POINT('',(2.021889951546E+03,1.002322148407E+03));
#1862 = CARTESIAN_POINT('',(2.021757311882E+03,1.002408254502E+03));
#1863 = CARTESIAN_POINT('',(2.021616395709E+03,1.002480735951E+03));
#1864 = CARTESIAN_POINT('',(2.021468397012E+03,1.002537560177E+03));
#1865 = CARTESIAN_POINT('',(2.021314988021E+03,1.002576979281E+03));
#1866 = CARTESIAN_POINT('',(2.021158379596E+03,1.002597680652E+03));
#1867 = CARTESIAN_POINT('',(2.020836760763E+03,1.002601627111E+03));
#1868 = CARTESIAN_POINT('',(2.020671560877E+03,1.002582893902E+03));
#1869 = CARTESIAN_POINT('',(2.020509605428E+03,1.00254326193E+03));
#1870 = CARTESIAN_POINT('',(2.020353511895E+03,1.002484202806E+03));
#1871 = CARTESIAN_POINT('',(2.020205252737E+03,1.002407728651E+03));
#1872 = CARTESIAN_POINT('',(2.020066220385E+03,1.002316219563E+03));
#1873 = CARTESIAN_POINT('',(2.019937312965E+03,1.00221213828E+03));
#1874 = CARTESIAN_POINT('',(2.019739592876E+03,1.002021197627E+03));
#1875 = CARTESIAN_POINT('',(2.019664797406E+03,1.001939774586E+03));
#1876 = CARTESIAN_POINT('',(2.019594659013E+03,1.001854177873E+03));
#1877 = CARTESIAN_POINT('',(2.019529182198E+03,1.001764927536E+03));
#1878 = CARTESIAN_POINT('',(2.019468339152E+03,1.001672493841E+03));
#1879 = CARTESIAN_POINT('',(2.019412077747E+03,1.001577291804E+03));
#1880 = CARTESIAN_POINT('',(2.01936032953E+03,1.001479675733E+03));
#1881 = CARTESIAN_POINT('',(2.019233654112E+03,1.001212620734E+03));
#1882 = CARTESIAN_POINT('',(2.019166850901E+03,1.001039486805E+03));
#1883 = CARTESIAN_POINT('',(2.019112182766E+03,1.00086185126E+03));
#1884 = CARTESIAN_POINT('',(2.019069376424E+03,1.000680877245E+03));
#1885 = CARTESIAN_POINT('',(2.019038215195E+03,1.000497604461E+03));
#1886 = CARTESIAN_POINT('',(2.019018524012E+03,1.000312953554E+03));
#1887 = CARTESIAN_POINT('',(2.019010206228E+03,1.000127718608E+03));
#1888 = CARTESIAN_POINT('',(2.019017067352E+03,999.71756952544));
#1889 = CARTESIAN_POINT('',(2.019037680127E+03,999.49315688597));
#1890 = CARTESIAN_POINT('',(2.019075100283E+03,999.2703393149));
#1891 = CARTESIAN_POINT('',(2.019129670796E+03,999.05058478236));
#1892 = CARTESIAN_POINT('',(2.019201805063E+03,998.83573620901));
#1893 = CARTESIAN_POINT('',(2.01929203306E+03,998.62805011625));
#1894 = CARTESIAN_POINT('',(2.019400810555E+03,998.43013234598));
#1895 = CARTESIAN_POINT('',(2.019612191344E+03,998.12516229162));
#1896 = CARTESIAN_POINT('',(2.01970342876E+03,998.01076695187));
#1897 = CARTESIAN_POINT('',(2.019802872458E+03,997.9029086966));
#1898 = CARTESIAN_POINT('',(2.019910532316E+03,997.80283292203));
#1899 = CARTESIAN_POINT('',(2.02002622428E+03,997.71197493155));
#1900 = CARTESIAN_POINT('',(2.020149522532E+03,997.63190543879));
#1901 = CARTESIAN_POINT('',(2.020279683177E+03,997.56423482308));
#1902 = CARTESIAN_POINT('',(2.020415482917E+03,997.51038843405));
#1903 = ( GEOMETRIC_REPRESENTATION_CONTEXT(2) 
PARAMETRIC_REPRESENTATION_CONTEXT() REPRESENTATION_CONTEXT('2D SPACE',''
  ) );
#1904 = ADVANCED_FACE('',(#1905),#1623,.T.);
#1905 = FACE_BOUND('',#1906,.T.);
#1906 = EDGE_LOOP('',(#1907));
#1907 = ORIENTED_EDGE('',*,*,#1597,.T.);
#1908 = ADVANCED_FACE('',(#1909),#1572,.T.);
#1909 = FACE_BOUND('',#1910,.T.);
#1910 = EDGE_LOOP('',(#1911));
#1911 = ORIENTED_EDGE('',*,*,#1546,.F.);
#1912 = ADVANCED_FACE('',(#1913),#1817,.F.);
#1913 = FACE_BOUND('',#1914,.F.);
#1914 = EDGE_LOOP('',(#1915));
#1915 = ORIENTED_EDGE('',*,*,#1649,.T.);
#1916 = ( GEOMETRIC_REPRESENTATION_CONTEXT(3) 
GLOBAL_UNCERTAINTY_ASSIGNED_CONTEXT((#1920)) 
GLOBAL_UNIT_ASSIGNED_CONTEXT((#1917,#1918,#1919)) REPRESENTATION_CONTEXT
('Context #1','3D Context with UNIT and UNCERTAINTY') );
#1917 = ( LENGTH_UNIT() NAMED_UNIT(*) SI_UNIT(.MILLI.,.METRE.) );
#1918 = ( NAMED_UNIT(*) PLANE_ANGLE_UNIT() SI_UNIT($,.RADIAN.) );
#1919 = ( NAMED_UNIT(*) SI_UNIT($,.STERADIAN.) SOLID_ANGLE_UNIT() );
#1920 = UNCERTAINTY_MEASURE_WITH_UNIT(LENGTH_MEASURE(1.E-06),#1917,
  'distance_accuracy_value','confusion accuracy');
#1921 = CONTEXT_DEPENDENT_SHAPE_REPRESENTATION(#1922,#1924);
#1922 = ( REPRESENTATION_RELATIONSHIP('','',#1436,#10) 
REPRESENTATION_RELATIONSHIP_WITH_TRANSFORMATION(#1923) 
SHAPE_REPRESENTATION_RELATIONSHIP() );
#1923 = ITEM_DEFINED_TRANSFORMATION('','',#11,#23);
#1924 = PRODUCT_DEFINITION_SHAPE('Placement','Placement of an item',
  #1925);
#1925 = NEXT_ASSEMBLY_USAGE_OCCURRENCE('3','sauce_green','',#5,#1431,$);
#1926 = PRODUCT_RELATED_PRODUCT_CATEGORY('part',$,(#1433));
#1927 = SHAPE_DEFINITION_REPRESENTATION(#1928,#1934);
#1928 = PRODUCT_DEFINITION_SHAPE('','',#1929);
#1929 = PRODUCT_DEFINITION('design','',#1930,#1933);
#1930 = PRODUCT_DEFINITION_FORMATION('','',#1931);
#1931 = PRODUCT('leek_1','leek_1','',(#1932));
#1932 = PRODUCT_CONTEXT('',#2,'mechanical');
#1933 = PRODUCT_DEFINITION_CONTEXT('part definition',#2,'design');
#1934 = ADVANCED_BREP_SHAPE_REPRESENTATION('',(#11,#1935),#3228);
#1935 = MANIFOLD_SOLID_BREP('',#1936);
#1936 = CLOSED_SHELL('',(#1937,#3216,#3220,#3224));
#1937 = ADVANCED_FACE('',(#1938,#2160),#1955,.T.);
#1938 = FACE_BOUND('',#1939,.T.);
#1939 = EDGE_LOOP('',(#1940,#2059,#2109,#2110));
#1940 = ORIENTED_EDGE('',*,*,#1941,.F.);
#1941 = EDGE_CURVE('',#1942,#1944,#1946,.T.);
#1942 = VERTEX_POINT('',#1943);
#1943 = CARTESIAN_POINT('',(7.105427357601E-16,3.2,-7.105427357601E-16)
  );
#1944 = VERTEX_POINT('',#1945);
#1945 = CARTESIAN_POINT('',(127.,2.2,-4.884981308351E-16));
#1946 = SEAM_CURVE('',#1947,(#1954,#2052),.PCURVE_S1.);
#1947 = ( BOUNDED_CURVE() B_SPLINE_CURVE(5,(#1948,#1949,#1950,#1951,
#1952,#1953),.UNSPECIFIED.,.F.,.F.) B_SPLINE_CURVE_WITH_KNOTS((6,6),(0.,
1.),.PIECEWISE_BEZIER_KNOTS.) CURVE() GEOMETRIC_REPRESENTATION_ITEM() 
RATIONAL_B_SPLINE_CURVE((1.,1.,1.,1.,1.,1.)) REPRESENTATION_ITEM('') );
#1948 = CARTESIAN_POINT('',(7.105427357601E-16,3.2,-2.012554999787E-15)
  );
#1949 = CARTESIAN_POINT('',(25.129465799076,7.797049064977,
    3.2464110259E-15));
#1950 = CARTESIAN_POINT('',(51.002888635297,6.104592330697,
    -2.525220200728E-14));
#1951 = CARTESIAN_POINT('',(76.026124709435,6.438354861496,
    2.520296580324E-14));
#1952 = CARTESIAN_POINT('',(101.85754323881,6.698702494964,
    -3.303339348871E-15));
#1953 = CARTESIAN_POINT('',(127.,2.2,-2.779070011151E-15));
#1954 = PCURVE('',#1955,#2046);
#1955 = ( BOUNDED_SURFACE() B_SPLINE_SURFACE(14,5,(
    (#1956,#1957,#1958,#1959,#1960,#1961)
    ,(#1962,#1963,#1964,#1965,#1966,#1967)
    ,(#1968,#1969,#1970,#1971,#1972,#1973)
    ,(#1974,#1975,#1976,#1977,#1978,#1979)
    ,(#1980,#1981,#1982,#1983,#1984,#1985)
    ,(#1986,#1987,#1988,#1989,#1990,#1991)
    ,(#1992,#1993,#1994,#1995,#1996,#1997)
    ,(#1998,#1999,#2000,#2001,#2002,#2003)
    ,(#2004,#2005,#2006,#2007,#2008,#2009)
    ,(#2010,#2011,#2012,#2013,#2014,#2015)
    ,(#2016,#2017,#2018,#2019,#2020,#2021)
    ,(#2022,#2023,#2024,#2025,#2026,#2027)
    ,(#2028,#2029,#2030,#2031,#2032,#2033)
    ,(#2034,#2035,#2036,#2037,#2038,#2039)
    ,(#2040,#2041,#2042,#2043,#2044,#2045
)),.UNSPECIFIED.,.T.,.F.,.F.) B_SPLINE_SURFACE_WITH_KNOTS((15,15),(6,6),
  (0.,1.),(0.,1.),.PIECEWISE_BEZIER_KNOTS.) 
GEOMETRIC_REPRESENTATION_ITEM() RATIONAL_B_SPLINE_SURFACE((
    (1.,1.,1.,1.,1.,1.)
    ,(1.,1.,1.,1.,1.,1.)
    ,(1.,1.,1.,1.,1.,1.)
    ,(1.,1.,1.,1.,1.,1.)
    ,(1.,1.,1.,1.,1.,1.)
    ,(1.,1.,1.,1.,1.,1.)
    ,(1.,1.,1.,1.,1.,1.)
    ,(1.,1.,1.,1.,1.,1.)
    ,(1.,1.,1.,1.,1.,1.)
    ,(1.,1.,1.,1.,1.,1.)
    ,(1.,1.,1.,1.,1.,1.)
    ,(1.,1.,1.,1.,1.,1.)
    ,(1.,1.,1.,1.,1.,1.)
    ,(1.,1.,1.,1.,1.,1.)
,(1.,1.,1.,1.,1.,1.))) REPRESENTATION_ITEM('') SURFACE() );
#1956 = CARTESIAN_POINT('',(7.105427357601E-16,3.2,-2.012554999787E-15)
  );
#1957 = CARTESIAN_POINT('',(25.129465799076,7.797049064977,
    3.2464110259E-15));
#1958 = CARTESIAN_POINT('',(51.002888635297,6.104592330697,
    -2.525220200728E-14));
#1959 = CARTESIAN_POINT('',(76.026124709435,6.438354861496,
    2.520296580324E-14));
#1960 = CARTESIAN_POINT('',(101.85754323881,6.698702494964,
    -3.303339348871E-15));
#1961 = CARTESIAN_POINT('',(127.,2.2,-2.779070011151E-15));
#1962 = CARTESIAN_POINT('',(7.105427357602E-16,3.2,1.166877271333));
#1963 = CARTESIAN_POINT('',(25.129465799076,7.797049064979,
    2.438802083201));
#1964 = CARTESIAN_POINT('',(51.002888635297,6.104592330695,
    1.826569639265));
#1965 = CARTESIAN_POINT('',(76.026124709435,6.438354861501,
    1.703471716788));
#1966 = CARTESIAN_POINT('',(101.85754323881,6.698702494964,
    2.242429166057));
#1967 = CARTESIAN_POINT('',(127.,2.2,1.077117481231));
#1968 = CARTESIAN_POINT('',(5.564149512949E-16,2.505870167315,
    2.333754973392));
#1969 = CARTESIAN_POINT('',(25.129465799076,6.259969220236,
    4.877605066608));
#1970 = CARTESIAN_POINT('',(51.002888635297,4.943111261634,
    3.653139952738));
#1971 = CARTESIAN_POINT('',(76.026124709435,5.395355273375,
    3.406944062392));
#1972 = CARTESIAN_POINT('',(101.85754323881,5.214754068489,
    4.484859159821));
#1973 = CARTESIAN_POINT('',(127.,1.549253281859,2.154235360054));
#1974 = CARTESIAN_POINT('',(2.481677936554E-16,1.117648383032,
    3.205330301079));
#1975 = CARTESIAN_POINT('',(25.129465799076,3.185756118289,
    6.699218853341));
#1976 = CARTESIAN_POINT('',(51.002888635297,2.620150928751,
    5.017459124152));
#1977 = CARTESIAN_POINT('',(76.026124709435,3.3094162601,4.67931773543)
  );
#1978 = CARTESIAN_POINT('',(101.85754323881,2.24678545766,6.159796176193
    ));
#1979 = CARTESIAN_POINT('',(127.,0.247795359089,2.958766431766));
#1980 = CARTESIAN_POINT('',(-1.681433178074E-16,-0.757250183422,
    3.48633374917));
#1981 = CARTESIAN_POINT('',(25.129465799076,-0.965616103434,
    7.286522943754));
#1982 = CARTESIAN_POINT('',(51.002888635297,-0.516920303354,
    5.457327462692));
#1983 = CARTESIAN_POINT('',(76.026124709435,0.49218395787,5.089542047814
    ));
#1984 = CARTESIAN_POINT('',(101.85754323881,-1.761029704496,
    6.699810403069));
#1985 = CARTESIAN_POINT('',(127.,-1.509922046953,3.218154230001));
#1986 = CARTESIAN_POINT('',(-6.002003761578E-16,-2.703062190412,
    2.987339838595));
#1987 = CARTESIAN_POINT('',(25.129465799076,-5.275576771364,
    6.243613446494));
#1988 = CARTESIAN_POINT('',(51.002888635297,-3.77334907869,
    4.676228070921));
#1989 = CARTESIAN_POINT('',(76.026124709435,-2.431566095986,
    4.361083250464));
#1990 = CARTESIAN_POINT('',(101.85754323881,-5.922180578352,
    5.740876223893));
#1991 = CARTESIAN_POINT('',(127.,-3.334120803517,2.757544466397));
#1992 = CARTESIAN_POINT('',(-9.302084076923E-16,-4.18928623826,
    1.731301637724));
#1993 = CARTESIAN_POINT('',(25.129465799076,-8.56466975729,3.61846283608
    ));
#1994 = CARTESIAN_POINT('',(51.002888635297,-6.259337582164,
    2.71009049993));
#1995 = CARTESIAN_POINT('',(76.026124709435,-4.664813777877,
    2.527449497662));
#1996 = CARTESIAN_POINT('',(101.85754323881,-9.097287279003,
    3.327103357627));
#1997 = CARTESIAN_POINT('',(127.,-4.727455848364,1.598124588667));
#1998 = CARTESIAN_POINT('',(-1.054232242565E-15,-4.747839934779,
    -1.867320622083E-13));
#1999 = CARTESIAN_POINT('',(25.129465799076,-9.804248139773,
    1.128262027216E-10));
#2000 = CARTESIAN_POINT('',(51.002888635297,-7.195179477998,
    2.153452824724E-10));
#2001 = CARTESIAN_POINT('',(76.026124709435,-5.50403244643,
    -1.489687258366E-10));
#2002 = CARTESIAN_POINT('',(101.85754323881,-10.2944175567,
    2.383760891971E-10));
#2003 = CARTESIAN_POINT('',(127.,-5.251099938855,1.831632528053E-13));
#2004 = CARTESIAN_POINT('',(-9.302084076915E-16,-4.189286238256,
    -1.731301637724));
#2005 = CARTESIAN_POINT('',(25.129465799076,-8.564669757288,
    -3.618462836286));
#2006 = CARTESIAN_POINT('',(51.002888635297,-6.259337582164,
    -2.710090500323));
#2007 = CARTESIAN_POINT('',(76.026124709435,-4.664813777899,
    -2.52744949739));
#2008 = CARTESIAN_POINT('',(101.85754323881,-9.097287278983,
    -3.327103358064));
#2009 = CARTESIAN_POINT('',(127.,-4.727455848369,-1.598124588667));
#2010 = CARTESIAN_POINT('',(-6.002003761589E-16,-2.703062190417,
    -2.987339838594));
#2011 = CARTESIAN_POINT('',(25.129465799076,-5.275576771365,
    -6.243613446337));
#2012 = CARTESIAN_POINT('',(51.002888635297,-3.773349078693,
    -4.676228070625));
#2013 = CARTESIAN_POINT('',(76.026124709435,-2.431566095951,
    -4.361083250667));
#2014 = CARTESIAN_POINT('',(101.85754323881,-5.922180578382,
    -5.74087622356));
#2015 = CARTESIAN_POINT('',(127.,-3.334120803509,-2.757544466397));
#2016 = CARTESIAN_POINT('',(-1.681433178064E-16,-0.757250183418,
    -3.48633374917));
#2017 = CARTESIAN_POINT('',(25.129465799076,-0.965616103436,
    -7.286522943851));
#2018 = CARTESIAN_POINT('',(51.002888635297,-0.516920303349,
    -5.457327462873));
#2019 = CARTESIAN_POINT('',(76.026124709435,0.492183957837,
    -5.08954204769));
#2020 = CARTESIAN_POINT('',(101.85754323881,-1.761029704469,
    -6.699810403276));
#2021 = CARTESIAN_POINT('',(127.,-1.50992204696,-3.218154230001));
#2022 = CARTESIAN_POINT('',(2.481677936548E-16,1.117648383029,
    -3.205330301078));
#2023 = CARTESIAN_POINT('',(25.129465799076,3.185756118291,
    -6.699218853294));
#2024 = CARTESIAN_POINT('',(51.002888635297,2.620150928746,
    -5.017459124065));
#2025 = CARTESIAN_POINT('',(76.026124709435,3.309416260122,
    -4.679317735489));
#2026 = CARTESIAN_POINT('',(101.85754323881,2.246785457642,
    -6.159796176091));
#2027 = CARTESIAN_POINT('',(127.,0.247795359094,-2.958766431766));
#2028 = CARTESIAN_POINT('',(5.564149512952E-16,2.505870167316,
    -2.333754973392));
#2029 = CARTESIAN_POINT('',(25.129465799076,6.259969220235,
    -4.877605066625));
#2030 = CARTESIAN_POINT('',(51.002888635297,4.943111261637,
    -3.653139952769));
#2031 = CARTESIAN_POINT('',(76.026124709435,5.395355273365,
    -3.406944062372));
#2032 = CARTESIAN_POINT('',(101.85754323881,5.214754068496,
    -4.484859159858));
#2033 = CARTESIAN_POINT('',(127.,1.549253281857,-2.154235360054));
#2034 = CARTESIAN_POINT('',(7.105427357601E-16,3.2,-1.166877271333));
#2035 = CARTESIAN_POINT('',(25.129465799076,7.79704906498,
    -2.438802083197));
#2036 = CARTESIAN_POINT('',(51.002888635297,6.104592330694,
    -1.826569639259));
#2037 = CARTESIAN_POINT('',(76.026124709435,6.438354861503,
    -1.703471716793));
#2038 = CARTESIAN_POINT('',(101.85754323881,6.698702494962,
    -2.242429166049));
#2039 = CARTESIAN_POINT('',(127.,2.2,-1.077117481231));
#2040 = CARTESIAN_POINT('',(7.105427357601E-16,3.2,-2.087224558914E-15)
  );
#2041 = CARTESIAN_POINT('',(25.129465799076,7.797049064977,
    1.824316335875E-15));
#2042 = CARTESIAN_POINT('',(51.002888635297,6.104592330698,
    -3.65693261848E-15));
#2043 = CARTESIAN_POINT('',(76.026124709435,6.438354861496,
    3.654200905595E-15));
#2044 = CARTESIAN_POINT('',(101.85754323881,6.698702494964,
    -1.747381604009E-14));
#2045 = CARTESIAN_POINT('',(127.,2.2,4.530717267163E-15));
#2046 = DEFINITIONAL_REPRESENTATION('',(#2047),#2051);
#2047 = LINE('',#2048,#2049);
#2048 = CARTESIAN_POINT('',(0.,0.));
#2049 = VECTOR('',#2050,1.);
#2050 = DIRECTION('',(0.,1.));
#2051 = ( GEOMETRIC_REPRESENTATION_CONTEXT(2) 
PARAMETRIC_REPRESENTATION_CONTEXT() REPRESENTATION_CONTEXT('2D SPACE',''
  ) );
#2052 = PCURVE('',#1955,#2053);
#2053 = DEFINITIONAL_REPRESENTATION('',(#2054),#2058);
#2054 = LINE('',#2055,#2056);
#2055 = CARTESIAN_POINT('',(1.,0.));
#2056 = VECTOR('',#2057,1.);
#2057 = DIRECTION('',(0.,1.));
#2058 = ( GEOMETRIC_REPRESENTATION_CONTEXT(2) 
PARAMETRIC_REPRESENTATION_CONTEXT() REPRESENTATION_CONTEXT('2D SPACE',''
  ) );
#2059 = ORIENTED_EDGE('',*,*,#2060,.T.);
#2060 = EDGE_CURVE('',#1942,#1942,#2061,.T.);
#2061 = SURFACE_CURVE('',#2062,(#2078,#2085),.PCURVE_S1.);
#2062 = B_SPLINE_CURVE_WITH_KNOTS('',14,(#2063,#2064,#2065,#2066,#2067,
    #2068,#2069,#2070,#2071,#2072,#2073,#2074,#2075,#2076,#2077),
  .UNSPECIFIED.,.T.,.F.,(15,15),(0.,1.),.PIECEWISE_BEZIER_KNOTS.);
#2063 = CARTESIAN_POINT('',(7.105427357601E-16,3.2,-2.012554999787E-15)
  );
#2064 = CARTESIAN_POINT('',(7.105427357602E-16,3.2,1.166877271333));
#2065 = CARTESIAN_POINT('',(5.564149512949E-16,2.505870167315,
    2.333754973392));
#2066 = CARTESIAN_POINT('',(2.481677936554E-16,1.117648383032,
    3.205330301079));
#2067 = CARTESIAN_POINT('',(-1.681433178074E-16,-0.757250183422,
    3.48633374917));
#2068 = CARTESIAN_POINT('',(-6.002003761578E-16,-2.703062190412,
    2.987339838595));
#2069 = CARTESIAN_POINT('',(-9.302084076923E-16,-4.18928623826,
    1.731301637724));
#2070 = CARTESIAN_POINT('',(-1.054232242565E-15,-4.747839934779,
    -1.867320622083E-13));
#2071 = CARTESIAN_POINT('',(-9.302084076915E-16,-4.189286238256,
    -1.731301637724));
#2072 = CARTESIAN_POINT('',(-6.002003761589E-16,-2.703062190417,
    -2.987339838594));
#2073 = CARTESIAN_POINT('',(-1.681433178064E-16,-0.757250183418,
    -3.48633374917));
#2074 = CARTESIAN_POINT('',(2.481677936548E-16,1.117648383029,
    -3.205330301078));
#2075 = CARTESIAN_POINT('',(5.564149512952E-16,2.505870167316,
    -2.333754973392));
#2076 = CARTESIAN_POINT('',(7.105427357601E-16,3.2,-1.166877271333));
#2077 = CARTESIAN_POINT('',(7.105427357601E-16,3.2,-2.087224558914E-15)
  );
#2078 = PCURVE('',#1955,#2079);
#2079 = DEFINITIONAL_REPRESENTATION('',(#2080),#2084);
#2080 = LINE('',#2081,#2082);
#2081 = CARTESIAN_POINT('',(0.,0.));
#2082 = VECTOR('',#2083,1.);
#2083 = DIRECTION('',(1.,0.));
#2084 = ( GEOMETRIC_REPRESENTATION_CONTEXT(2) 
PARAMETRIC_REPRESENTATION_CONTEXT() REPRESENTATION_CONTEXT('2D SPACE',''
  ) );
#2085 = PCURVE('',#2086,#2091);
#2086 = PLANE('',#2087);
#2087 = AXIS2_PLACEMENT_3D('',#2088,#2089,#2090);
#2088 = CARTESIAN_POINT('',(7.105427357601E-16,3.2,-2.012554999787E-15)
  );
#2089 = DIRECTION('',(-1.,2.22044604925E-16,-4.930380657631E-32));
#2090 = DIRECTION('',(-2.22044604925E-16,-1.,5.122201969499E-16));
#2091 = DEFINITIONAL_REPRESENTATION('',(#2092),#2108);
#2092 = B_SPLINE_CURVE_WITH_KNOTS('',14,(#2093,#2094,#2095,#2096,#2097,
    #2098,#2099,#2100,#2101,#2102,#2103,#2104,#2105,#2106,#2107),
  .UNSPECIFIED.,.F.,.F.,(15,15),(0.,1.),.PIECEWISE_BEZIER_KNOTS.);
#2093 = CARTESIAN_POINT('',(0.,0.));
#2094 = CARTESIAN_POINT('',(-2.771116669464E-13,1.166877271333));
#2095 = CARTESIAN_POINT('',(0.694129832685,2.333754973392));
#2096 = CARTESIAN_POINT('',(2.082351616968,3.205330301079));
#2097 = CARTESIAN_POINT('',(3.957250183422,3.48633374917));
#2098 = CARTESIAN_POINT('',(5.903062190412,2.987339838595));
#2099 = CARTESIAN_POINT('',(7.38928623826,1.731301637724));
#2100 = CARTESIAN_POINT('',(7.947839934779,-1.887905513452E-13));
#2101 = CARTESIAN_POINT('',(7.389286238256,-1.731301637724));
#2102 = CARTESIAN_POINT('',(5.903062190417,-2.987339838594));
#2103 = CARTESIAN_POINT('',(3.957250183418,-3.48633374917));
#2104 = CARTESIAN_POINT('',(2.082351616971,-3.205330301078));
#2105 = CARTESIAN_POINT('',(0.694129832684,-2.333754973392));
#2106 = CARTESIAN_POINT('',(6.217248937901E-15,-1.166877271333));
#2107 = CARTESIAN_POINT('',(0.,-7.466955912737E-17));
#2108 = ( GEOMETRIC_REPRESENTATION_CONTEXT(2) 
PARAMETRIC_REPRESENTATION_CONTEXT() REPRESENTATION_CONTEXT('2D SPACE',''
  ) );
#2109 = ORIENTED_EDGE('',*,*,#1941,.T.);
#2110 = ORIENTED_EDGE('',*,*,#2111,.F.);
#2111 = EDGE_CURVE('',#1944,#1944,#2112,.T.);
#2112 = SURFACE_CURVE('',#2113,(#2129,#2136),.PCURVE_S1.);
#2113 = B_SPLINE_CURVE_WITH_KNOTS('',14,(#2114,#2115,#2116,#2117,#2118,
    #2119,#2120,#2121,#2122,#2123,#2124,#2125,#2126,#2127,#2128),
  .UNSPECIFIED.,.T.,.F.,(15,15),(0.,1.),.PIECEWISE_BEZIER_KNOTS.);
#2114 = CARTESIAN_POINT('',(127.,2.2,-2.779070011151E-15));
#2115 = CARTESIAN_POINT('',(127.,2.2,1.077117481231));
#2116 = CARTESIAN_POINT('',(127.,1.549253281859,2.154235360054));
#2117 = CARTESIAN_POINT('',(127.,0.247795359089,2.958766431766));
#2118 = CARTESIAN_POINT('',(127.,-1.509922046953,3.218154230001));
#2119 = CARTESIAN_POINT('',(127.,-3.334120803517,2.757544466397));
#2120 = CARTESIAN_POINT('',(127.,-4.727455848364,1.598124588667));
#2121 = CARTESIAN_POINT('',(127.,-5.251099938855,1.831632528053E-13));
#2122 = CARTESIAN_POINT('',(127.,-4.727455848369,-1.598124588667));
#2123 = CARTESIAN_POINT('',(127.,-3.334120803509,-2.757544466397));
#2124 = CARTESIAN_POINT('',(127.,-1.50992204696,-3.218154230001));
#2125 = CARTESIAN_POINT('',(127.,0.247795359094,-2.958766431766));
#2126 = CARTESIAN_POINT('',(127.,1.549253281857,-2.154235360054));
#2127 = CARTESIAN_POINT('',(127.,2.2,-1.077117481231));
#2128 = CARTESIAN_POINT('',(127.,2.2,4.530717267163E-15));
#2129 = PCURVE('',#1955,#2130);
#2130 = DEFINITIONAL_REPRESENTATION('',(#2131),#2135);
#2131 = LINE('',#2132,#2133);
#2132 = CARTESIAN_POINT('',(0.,1.));
#2133 = VECTOR('',#2134,1.);
#2134 = DIRECTION('',(1.,0.));
#2135 = ( GEOMETRIC_REPRESENTATION_CONTEXT(2) 
PARAMETRIC_REPRESENTATION_CONTEXT() REPRESENTATION_CONTEXT('2D SPACE',''
  ) );
#2136 = PCURVE('',#2137,#2142);
#2137 = PLANE('',#2138);
#2138 = AXIS2_PLACEMENT_3D('',#2139,#2140,#2141);
#2139 = CARTESIAN_POINT('',(127.,2.2,-2.779070011151E-15));
#2140 = DIRECTION('',(-1.,2.22044604925E-16,-4.930380657631E-32));
#2141 = DIRECTION('',(-2.22044604925E-16,-1.,6.963251735859E-16));
#2142 = DEFINITIONAL_REPRESENTATION('',(#2143),#2159);
#2143 = B_SPLINE_CURVE_WITH_KNOTS('',14,(#2144,#2145,#2146,#2147,#2148,
    #2149,#2150,#2151,#2152,#2153,#2154,#2155,#2156,#2157,#2158),
  .UNSPECIFIED.,.F.,.F.,(15,15),(0.,1.),.PIECEWISE_BEZIER_KNOTS.);
#2144 = CARTESIAN_POINT('',(0.,0.));
#2145 = CARTESIAN_POINT('',(8.260059303211E-14,1.077117481231));
#2146 = CARTESIAN_POINT('',(0.650746718141,2.154235360054));
#2147 = CARTESIAN_POINT('',(1.952204640911,2.958766431766));
#2148 = CARTESIAN_POINT('',(3.709922046953,3.218154230001));
#2149 = CARTESIAN_POINT('',(5.534120803517,2.757544466397));
#2150 = CARTESIAN_POINT('',(6.927455848364,1.598124588667));
#2151 = CARTESIAN_POINT('',(7.451099938855,1.807539343581E-13));
#2152 = CARTESIAN_POINT('',(6.927455848369,-1.598124588667));
#2153 = CARTESIAN_POINT('',(5.534120803509,-2.757544466397));
#2154 = CARTESIAN_POINT('',(3.70992204696,-3.218154230001));
#2155 = CARTESIAN_POINT('',(1.952204640906,-2.958766431766));
#2156 = CARTESIAN_POINT('',(0.650746718143,-2.154235360054));
#2157 = CARTESIAN_POINT('',(-3.965716643961E-13,-1.077117481231));
#2158 = CARTESIAN_POINT('',(2.6645352591E-15,7.309787278314E-15));
#2159 = ( GEOMETRIC_REPRESENTATION_CONTEXT(2) 
PARAMETRIC_REPRESENTATION_CONTEXT() REPRESENTATION_CONTEXT('2D SPACE',''
  ) );
#2160 = FACE_BOUND('',#2161,.T.);
#2161 = EDGE_LOOP('',(#2162));
#2162 = ORIENTED_EDGE('',*,*,#2163,.T.);
#2163 = EDGE_CURVE('',#2164,#2164,#2166,.T.);
#2164 = VERTEX_POINT('',#2165);
#2165 = CARTESIAN_POINT('',(8.435543732991,-2.329004538361,
    -2.712333225734));
#2166 = SURFACE_CURVE('',#2167,(#2513,#2862),.PCURVE_S1.);
#2167 = B_SPLINE_CURVE_WITH_KNOTS('',8,(#2168,#2169,#2170,#2171,#2172,
    #2173,#2174,#2175,#2176,#2177,#2178,#2179,#2180,#2181,#2182,#2183,
    #2184,#2185,#2186,#2187,#2188,#2189,#2190,#2191,#2192,#2193,#2194,
    #2195,#2196,#2197,#2198,#2199,#2200,#2201,#2202,#2203,#2204,#2205,
    #2206,#2207,#2208,#2209,#2210,#2211,#2212,#2213,#2214,#2215,#2216,
    #2217,#2218,#2219,#2220,#2221,#2222,#2223,#2224,#2225,#2226,#2227,
    #2228,#2229,#2230,#2231,#2232,#2233,#2234,#2235,#2236,#2237,#2238,
    #2239,#2240,#2241,#2242,#2243,#2244,#2245,#2246,#2247,#2248,#2249,
    #2250,#2251,#2252,#2253,#2254,#2255,#2256,#2257,#2258,#2259,#2260,
    #2261,#2262,#2263,#2264,#2265,#2266,#2267,#2268,#2269,#2270,#2271,
    #2272,#2273,#2274,#2275,#2276,#2277,#2278,#2279,#2280,#2281,#2282,
    #2283,#2284,#2285,#2286,#2287,#2288,#2289,#2290,#2291,#2292,#2293,
    #2294,#2295,#2296,#2297,#2298,#2299,#2300,#2301,#2302,#2303,#2304,
    #2305,#2306,#2307,#2308,#2309,#2310,#2311,#2312,#2313,#2314,#2315,
    #2316,#2317,#2318,#2319,#2320,#2321,#2322,#2323,#2324,#2325,#2326,
    #2327,#2328,#2329,#2330,#2331,#2332,#2333,#2334,#2335,#2336,#2337,
    #2338,#2339,#2340,#2341,#2342,#2343,#2344,#2345,#2346,#2347,#2348,
    #2349,#2350,#2351,#2352,#2353,#2354,#2355,#2356,#2357,#2358,#2359,
    #2360,#2361,#2362,#2363,#2364,#2365,#2366,#2367,#2368,#2369,#2370,
    #2371,#2372,#2373,#2374,#2375,#2376,#2377,#2378,#2379,#2380,#2381,
    #2382,#2383,#2384,#2385,#2386,#2387,#2388,#2389,#2390,#2391,#2392,
    #2393,#2394,#2395,#2396,#2397,#2398,#2399,#2400,#2401,#2402,#2403,
    #2404,#2405,#2406,#2407,#2408,#2409,#2410,#2411,#2412,#2413,#2414,
    #2415,#2416,#2417,#2418,#2419,#2420,#2421,#2422,#2423,#2424,#2425,
    #2426,#2427,#2428,#2429,#2430,#2431,#2432,#2433,#2434,#2435,#2436,
    #2437,#2438,#2439,#2440,#2441,#2442,#2443,#2444,#2445,#2446,#2447,
    #2448,#2449,#2450,#2451,#2452,#2453,#2454,#2455,#2456,#2457,#2458,
    #2459,#2460,#2461,#2462,#2463,#2464,#2465,#2466,#2467,#2468,#2469,
    #2470,#2471,#2472,#2473,#2474,#2475,#2476,#2477,#2478,#2479,#2480,
    #2481,#2482,#2483,#2484,#2485,#2486,#2487,#2488,#2489,#2490,#2491,
    #2492,#2493,#2494,#2495,#2496,#2497,#2498,#2499,#2500,#2501,#2502,
    #2503,#2504,#2505,#2506,#2507,#2508,#2509,#2510,#2511,#2512),
  .UNSPECIFIED.,.T.,.F.,(9,7,7,7,7,7,7,7,7,7,7,7,7,7,7,7,7,7,7,7,7,7,7,7
    ,7,7,7,7,7,7,7,7,7,7,7,7,7,7,7,7,7,7,7,7,7,7,7,7,7,9),(0.,
    3.786182779903E-02,7.641163033678E-02,0.171268254216,0.220985578362,
    0.241815646153,0.26187300655,0.282700178541,0.361367174448,
    0.44311396781,0.46316565604,0.487843648477,0.527937514094,
    0.595735878345,0.625756183894,0.656552757726,0.669664107901,
    0.682291142098,0.692796165355,0.697731557601,0.700361287221,
    0.702226767431,0.70367001245,0.705133375755,0.706330675821,
    0.707661007537,0.711105553634,0.714706417055,0.719062794596,
    0.730553571694,0.742262055378,0.766751219859,0.791204891513,
    0.842061639677,0.905535319564,0.927423798248,0.94961664472,
    0.959312884855,0.969339655362,0.973236367377,0.976191049786,
    0.979174318026,0.98047162769,0.981378260153,0.98276160397,
    0.984240135558,0.986608639399,0.988944730408,0.994116697703,1.),
  .UNSPECIFIED.);
#2168 = CARTESIAN_POINT('',(8.435543732991,-2.329004538361,
    -2.712333225734));
#2169 = CARTESIAN_POINT('',(9.209155684336,-2.43576553997,
    -2.712333225734));
#2170 = CARTESIAN_POINT('',(9.984040962728,-2.533157716736,
    -2.712333225734));
#2171 = CARTESIAN_POINT('',(10.759900319651,-2.622701279842,
    -2.712333225734));
#2172 = CARTESIAN_POINT('',(11.536527420428,-2.705335665945,
    -2.712333225734));
#2173 = CARTESIAN_POINT('',(12.313769133162,-2.781770745871,
    -2.712333225734));
#2174 = CARTESIAN_POINT('',(13.091514696873,-2.852587422511,
    -2.712333225734));
#2175 = CARTESIAN_POINT('',(13.8696953503,-2.918243337109,
    -2.712333225734));
#2176 = CARTESIAN_POINT('',(15.441003986627,-3.041141991393,
    -2.712333225734));
#2177 = CARTESIAN_POINT('',(16.234115664135,-3.098207287541,
    -2.712333225734));
#2178 = CARTESIAN_POINT('',(17.027547350539,-3.150751450355,
    -2.712333225734));
#2179 = CARTESIAN_POINT('',(17.821246196873,-3.199116412595,
    -2.712333225734));
#2180 = CARTESIAN_POINT('',(18.615168639502,-3.243594258092,
    -2.712333225734));
#2181 = CARTESIAN_POINT('',(19.409279349972,-3.284443953386,
    -2.712333225734));
#2182 = CARTESIAN_POINT('',(20.203550685226,-3.321900433906,
    -2.712333225734));
#2183 = CARTESIAN_POINT('',(22.952712879846,-3.440515483733,
    -2.712333225734));
#2184 = CARTESIAN_POINT('',(24.908254099109,-3.505595537536,
    -2.712333225734));
#2185 = CARTESIAN_POINT('',(26.864300300847,-3.55458782169,
    -2.712333225734));
#2186 = CARTESIAN_POINT('',(28.820636982846,-3.589938890669,
    -2.712333225734));
#2187 = CARTESIAN_POINT('',(30.777111873923,-3.613772573329,
    -2.712333225734));
#2188 = CARTESIAN_POINT('',(32.733632833288,-3.627999973449,
    -2.712333225734));
#2189 = CARTESIAN_POINT('',(34.690168074574,-3.634318091061,
    -2.712333225734));
#2190 = CARTESIAN_POINT('',(37.672246467604,-3.634257017835,
    -2.712333225734));
#2191 = CARTESIAN_POINT('',(38.697748507879,-3.632489189818,
    -2.712333225734));
#2192 = CARTESIAN_POINT('',(39.723247300004,-3.629197018895,
    -2.712333225734));
#2193 = CARTESIAN_POINT('',(40.748740986465,-3.624591214076,
    -2.712333225734));
#2194 = CARTESIAN_POINT('',(41.774228552154,-3.618871104671,
    -2.712333225734));
#2195 = CARTESIAN_POINT('',(42.79970982552,-3.612225034317,
    -2.712333225734));
#2196 = CARTESIAN_POINT('',(43.825185479715,-3.604830755003,
    -2.712333225734));
#2197 = CARTESIAN_POINT('',(45.280298860908,-3.593514562952,
    -2.712333225734));
#2198 = CARTESIAN_POINT('',(45.709939891582,-3.590071368235,
    -2.712333225734));
#2199 = CARTESIAN_POINT('',(46.139580198443,-3.586538546519,
    -2.712333225734));
#2200 = CARTESIAN_POINT('',(46.56921985893,-3.582928082697,
    -2.712333225734));
#2201 = CARTESIAN_POINT('',(46.998858955233,-3.579251636969,
    -2.712333225734));
#2202 = CARTESIAN_POINT('',(47.428497574287,-3.575520544843,
    -2.712333225734));
#2203 = CARTESIAN_POINT('',(47.858135807782,-3.571745817141,
    -2.712333225734));
#2204 = CARTESIAN_POINT('',(48.701473946358,-3.564271711553,
    -2.712333225734));
#2205 = CARTESIAN_POINT('',(49.115173867499,-3.560574729979,
    -2.712333225734));
#2206 = CARTESIAN_POINT('',(49.528873600295,-3.55685673801,
    -2.712333225734));
#2207 = CARTESIAN_POINT('',(49.942573227196,-3.55312699337,
    -2.712333225734));
#2208 = CARTESIAN_POINT('',(50.356272828395,-3.549394468763,
    -2.712333225734));
#2209 = CARTESIAN_POINT('',(50.76997248182,-3.545667851872,
    -2.712333225734));
#2210 = CARTESIAN_POINT('',(51.183672263142,-3.541955545357,
    -2.712333225734));
#2211 = CARTESIAN_POINT('',(52.026950242086,-3.534434168969,
    -2.712333225734));
#2212 = CARTESIAN_POINT('',(52.456528452391,-3.530626847411,
    -2.712333225734));
#2213 = CARTESIAN_POINT('',(52.886106957919,-3.526852793205,
    -2.712333225734));
#2214 = CARTESIAN_POINT('',(53.315685832942,-3.523120752894,
    -2.712333225734));
#2215 = CARTESIAN_POINT('',(53.745265144771,-3.519439128548,
    -2.712333225734));
#2216 = CARTESIAN_POINT('',(54.174844953756,-3.515815977767,
    -2.712333225734));
#2217 = CARTESIAN_POINT('',(54.604425313284,-3.512259013678,
    -2.712333225734));
#2218 = CARTESIAN_POINT('',(56.656590620718,-3.495618307273,
    -2.712333225734));
#2219 = CARTESIAN_POINT('',(58.279184077964,-3.483510411955,
    -2.712333225734));
#2220 = CARTESIAN_POINT('',(59.901788366554,-3.472848325027,
    -2.712333225734));
#2221 = CARTESIAN_POINT('',(61.524403897,-3.463957122533,-2.712333225734
    ));
#2222 = CARTESIAN_POINT('',(63.14702974598,-3.457086456371,
    -2.712333225734));
#2223 = CARTESIAN_POINT('',(64.769663637018,-3.452406460157,
    -2.712333225734));
#2224 = CARTESIAN_POINT('',(66.392301921166,-3.450003655086,
    -2.712333225734));
#2225 = CARTESIAN_POINT('',(69.701103139314,-3.449745092328,
    -2.712333225734));
#2226 = CARTESIAN_POINT('',(71.387268133784,-3.452071202204,
    -2.712333225734));
#2227 = CARTESIAN_POINT('',(73.073428541912,-3.456853012845,
    -2.712333225734));
#2228 = CARTESIAN_POINT('',(74.759580163549,-3.463986837938,
    -2.712333225734));
#2229 = CARTESIAN_POINT('',(76.445720632003,-3.473261265,-2.712333225734
    ));
#2230 = CARTESIAN_POINT('',(78.131849448442,-3.484350942959,
    -2.712333225734));
#2231 = CARTESIAN_POINT('',(79.817968016312,-3.496810369725,
    -2.712333225734));
#2232 = CARTESIAN_POINT('',(81.917666361222,-3.513319568149,
    -2.712333225734));
#2233 = CARTESIAN_POINT('',(82.331252667175,-3.516619435159,
    -2.712333225734));
#2234 = CARTESIAN_POINT('',(82.744838655742,-3.5199588439,
    -2.712333225734));
#2235 = CARTESIAN_POINT('',(83.15842439498,-3.523328874212,
    -2.712333225734));
#2236 = CARTESIAN_POINT('',(83.572009958863,-3.526720122676,
    -2.712333225734));
#2237 = CARTESIAN_POINT('',(83.985595427288,-3.530122702614,
    -2.712333225734));
#2238 = CARTESIAN_POINT('',(84.399180886063,-3.533526244085,
    -2.712333225734));
#2239 = CARTESIAN_POINT('',(85.321773984396,-3.541096522969,
    -2.712333225734));
#2240 = CARTESIAN_POINT('',(85.830781652046,-3.54525811544,
    -2.712333225734));
#2241 = CARTESIAN_POINT('',(86.339789610789,-3.549384478389,
    -2.712333225734));
#2242 = CARTESIAN_POINT('',(86.848798035438,-3.553454189393,
    -2.712333225734));
#2243 = CARTESIAN_POINT('',(87.357807094713,-3.557444596521,
    -2.712333225734));
#2244 = CARTESIAN_POINT('',(87.866816951231,-3.561331818327,
    -2.712333225734));
#2245 = CARTESIAN_POINT('',(88.375827761509,-3.565090743859,
    -2.712333225734));
#2246 = CARTESIAN_POINT('',(89.711821666012,-3.574550852198,
    -2.712333225734));
#2247 = CARTESIAN_POINT('',(90.538806229406,-3.579998440756,
    -2.712333225734));
#2248 = CARTESIAN_POINT('',(91.365794353075,-3.58492429116,
    -2.712333225734));
#2249 = CARTESIAN_POINT('',(92.192786501414,-3.589206012662,
    -2.712333225734));
#2250 = CARTESIAN_POINT('',(93.019782619785,-3.592711427888,
    -2.712333225734));
#2251 = CARTESIAN_POINT('',(93.846782138014,-3.595297669808,
    -2.712333225734));
#2252 = CARTESIAN_POINT('',(94.673783973888,-3.596810278697,
    -2.712333225734));
#2253 = CARTESIAN_POINT('',(96.899240392979,-3.597542283149,
    -2.712333225734));
#2254 = CARTESIAN_POINT('',(98.297677290435,-3.594454905787,
    -2.712333225734));
#2255 = CARTESIAN_POINT('',(99.696109508158,-3.5870105411,
    -2.712333225734));
#2256 = CARTESIAN_POINT('',(101.09452412568,-3.574298820747,
    -2.712333225734));
#2257 = CARTESIAN_POINT('',(102.49288233438,-3.555275170148,
    -2.712333225734));
#2258 = CARTESIAN_POINT('',(103.89111926775,-3.528745275554,
    -2.712333225734));
#2259 = CARTESIAN_POINT('',(105.28914316655,-3.493305932474,
    -2.712333225734));
#2260 = CARTESIAN_POINT('',(107.30571291622,-3.426757035585,
    -2.712333225734));
#2261 = CARTESIAN_POINT('',(107.92452206059,-3.404238294799,
    -2.712333225734));
#2262 = CARTESIAN_POINT('',(108.54324907681,-3.379470550593,
    -2.712333225734));
#2263 = CARTESIAN_POINT('',(109.1618784012,-3.352284347383,
    -2.712333225734));
#2264 = CARTESIAN_POINT('',(109.78038989998,-3.322493248183,
    -2.712333225734));
#2265 = CARTESIAN_POINT('',(110.3987586293,-3.289888807724,
    -2.712333225734));
#2266 = CARTESIAN_POINT('',(111.01695441266,-3.254231997438,
    -2.712333225734));
#2267 = CARTESIAN_POINT('',(112.26890802832,-3.175241935942,
    -2.712333225734));
#2268 = CARTESIAN_POINT('',(112.90263858147,-3.131735208391,
    -2.712333225734));
#2269 = CARTESIAN_POINT('',(113.53610761666,-3.084414112939,
    -2.712333225734));
#2270 = CARTESIAN_POINT('',(114.16926885957,-3.032928986684,
    -2.712333225734));
#2271 = CARTESIAN_POINT('',(114.80205185468,-2.976856081148,
    -2.712333225734));
#2272 = CARTESIAN_POINT('',(115.43436105063,-2.91568668529,
    -2.712333225734));
#2273 = CARTESIAN_POINT('',(116.06607092477,-2.848772870215,
    -2.712333225734));
#2274 = CARTESIAN_POINT('',(116.96562765187,-2.743828777397,
    -2.712333225734));
#2275 = CARTESIAN_POINT('',(117.23410102139,-2.711278592246,
    -2.712333225734));
#2276 = CARTESIAN_POINT('',(117.50241803648,-2.677442576896,
    -2.712333225734));
#2277 = CARTESIAN_POINT('',(117.77056151623,-2.642237010052,
    -2.712333225734));
#2278 = CARTESIAN_POINT('',(118.03850994944,-2.605566341719,
    -2.712333225734));
#2279 = CARTESIAN_POINT('',(118.30623693024,-2.567319055255,
    -2.712333225734));
#2280 = CARTESIAN_POINT('',(118.57371016614,-2.527360511423,
    -2.712333225734));
#2281 = CARTESIAN_POINT('',(119.09820067832,-2.445230468263,
    -2.712333225734));
#2282 = CARTESIAN_POINT('',(119.35522712888,-2.403197182425,
    -2.712333225734));
#2283 = CARTESIAN_POINT('',(119.61194405287,-2.359270410387,
    -2.712333225734));
#2284 = CARTESIAN_POINT('',(119.86830932381,-2.313272131811,
    -2.712333225734));
#2285 = CARTESIAN_POINT('',(120.12426040135,-2.264981147173,
    -2.712333225734));
#2286 = CARTESIAN_POINT('',(120.37971291106,-2.214125374496,
    -2.712333225734));
#2287 = CARTESIAN_POINT('',(120.63455461137,-2.160350175236,
    -2.712333225734));
#2288 = CARTESIAN_POINT('',(121.10000342962,-2.055523605039,
    -2.712333225734));
#2289 = CARTESIAN_POINT('',(121.31073731647,-2.005557014347,
    -2.712333225734));
#2290 = CARTESIAN_POINT('',(121.52084046095,-1.952912452169,
    -2.712333225734));
#2291 = CARTESIAN_POINT('',(121.7302157112,-1.897175951584,
    -2.712333225734));
#2292 = CARTESIAN_POINT('',(121.93868049191,-1.837888929761,
    -2.712333225734));
#2293 = CARTESIAN_POINT('',(122.14587920753,-1.774292156329,
    -2.712333225734));
#2294 = CARTESIAN_POINT('',(122.35134993665,-1.705518913285,
    -2.712333225734));
#2295 = CARTESIAN_POINT('',(122.64948304716,-1.593797413588,
    -2.712333225734));
#2296 = CARTESIAN_POINT('',(122.74408579782,-1.556530348681,
    -2.712333225734));
#2297 = CARTESIAN_POINT('',(122.8379893221,-1.517469674126,
    -2.712333225734));
#2298 = CARTESIAN_POINT('',(122.93107764217,-1.476330517169,
    -2.712333225734));
#2299 = CARTESIAN_POINT('',(123.02314015131,-1.432797933774,
    -2.712333225734));
#2300 = CARTESIAN_POINT('',(123.11380208591,-1.386407329823,
    -2.712333225734));
#2301 = CARTESIAN_POINT('',(123.20256880582,-1.336616053535,
    -2.712333225734));
#2302 = CARTESIAN_POINT('',(123.33436136282,-1.253309517283,
    -2.712333225734));
#2303 = CARTESIAN_POINT('',(123.37927127463,-1.223128208335,
    -2.712333225734));
#2304 = CARTESIAN_POINT('',(123.42323134183,-1.191505472706,
    -2.712333225734));
#2305 = CARTESIAN_POINT('',(123.46606894732,-1.158226289496,
    -2.712333225734));
#2306 = CARTESIAN_POINT('',(123.50746220109,-1.123059388064,
    -2.712333225734));
#2307 = CARTESIAN_POINT('',(123.5469446186,-1.085759991853,
    -2.712333225734));
#2308 = CARTESIAN_POINT('',(123.58388149906,-1.046041663124,
    -2.712333225734));
#2309 = CARTESIAN_POINT('',(123.64111128619,-0.973260010129,
    -2.712333225734));
#2310 = CARTESIAN_POINT('',(123.6631394145,-0.941594079463,
    -2.712333225734));
#2311 = CARTESIAN_POINT('',(123.68304635278,-0.90839126192,
    -2.712333225734));
#2312 = CARTESIAN_POINT('',(123.70031102847,-0.873651775962,
    -2.712333225734));
#2313 = CARTESIAN_POINT('',(123.7143374176,-0.837467583012,
    -2.712333225734));
#2314 = CARTESIAN_POINT('',(123.7245259623,-0.800046868942,
    -2.712333225734));
#2315 = CARTESIAN_POINT('',(123.73041652595,-0.761765894597,
    -2.712333225734));
#2316 = CARTESIAN_POINT('',(123.73313596915,-0.693483415654,
    -2.712333225734));
#2317 = CARTESIAN_POINT('',(123.7316779856,-0.664495507418,
    -2.712333225734));
#2318 = CARTESIAN_POINT('',(123.72787512851,-0.635402851706,
    -2.712333225734));
#2319 = CARTESIAN_POINT('',(123.721572648,-0.605738873328,
    -2.712333225734));
#2320 = CARTESIAN_POINT('',(123.71249944751,-0.575406538881,
    -2.712333225734));
#2321 = CARTESIAN_POINT('',(123.70050936891,-0.544610961331,
    -2.712333225734));
#2322 = CARTESIAN_POINT('',(123.6857594997,-0.513806873503,
    -2.712333225734));
#2323 = CARTESIAN_POINT('',(123.65172282604,-0.453129397372,
    -2.712333225734));
#2324 = CARTESIAN_POINT('',(123.63191520209,-0.422455494515,
    -2.712333225734));
#2325 = CARTESIAN_POINT('',(123.60941828446,-0.391647271495,
    -2.712333225734));
#2326 = CARTESIAN_POINT('',(123.58420984689,-0.360695365791,
    -2.712333225734));
#2327 = CARTESIAN_POINT('',(123.55626323703,-0.329590199354,
    -2.712333225734));
#2328 = CARTESIAN_POINT('',(123.5255473764,-0.298321978601,
    -2.712333225734));
#2329 = CARTESIAN_POINT('',(123.49202676044,-0.266880694422,
    -2.712333225734));
#2330 = CARTESIAN_POINT('',(123.42590795956,-0.20938141128,
    -2.712333225734));
#2331 = CARTESIAN_POINT('',(123.39424980641,-0.183383875224,
    -2.712333225734));
#2332 = CARTESIAN_POINT('',(123.36066507958,-0.157257858456,
    -2.712333225734));
#2333 = CARTESIAN_POINT('',(123.32512945265,-0.130997559684,
    -2.712333225734));
#2334 = CARTESIAN_POINT('',(123.28761619223,-0.10459703188,
    -2.712333225734));
#2335 = CARTESIAN_POINT('',(123.24809615794,-7.805018227054E-02,
    -2.712333225734));
#2336 = CARTESIAN_POINT('',(123.20653780238,-5.135077234706E-02,
    -2.712333225734));
#2337 = CARTESIAN_POINT('',(123.1144287537,5.350160332E-03,
    -2.712333225734));
#2338 = CARTESIAN_POINT('',(123.06339132143,3.538926985163E-02,
    -2.712333225734));
#2339 = CARTESIAN_POINT('',(123.00974841967,6.563339915101E-02,
    -2.712333225734));
#2340 = CARTESIAN_POINT('',(122.95344897756,9.609160932462E-02,
    -2.712333225734));
#2341 = CARTESIAN_POINT('',(122.89443723658,0.126773404333,
    -2.712333225734));
#2342 = CARTESIAN_POINT('',(122.83265267901,0.157688601224,
    -2.712333225734));
#2343 = CARTESIAN_POINT('',(122.76802995639,0.188847200353,
    -2.712333225734));
#2344 = CARTESIAN_POINT('',(122.5256445947,0.301592558382,
    -2.712333225734));
#2345 = CARTESIAN_POINT('',(122.34802853241,0.376840946867,
    -2.712333225734));
#2346 = CARTESIAN_POINT('',(122.1685417651,0.447659619975,
    -2.712333225734));
#2347 = CARTESIAN_POINT('',(121.98764797665,0.514786922701,
    -2.712333225734));
#2348 = CARTESIAN_POINT('',(121.80570298442,0.578850426116,
    -2.712333225734));
#2349 = CARTESIAN_POINT('',(121.62290297378,0.640249318679,
    -2.712333225734));
#2350 = CARTESIAN_POINT('',(121.43936375775,0.699339207072,
    -2.712333225734));
#2351 = CARTESIAN_POINT('',(121.06248272017,0.816053845457,
    -2.712333225734));
#2352 = CARTESIAN_POINT('',(120.86916986911,0.873461772601,
    -2.712333225734));
#2353 = CARTESIAN_POINT('',(120.67528269944,0.928924614978,
    -2.712333225734));
#2354 = CARTESIAN_POINT('',(120.48090877261,0.982660920607,
    -2.712333225734));
#2355 = CARTESIAN_POINT('',(120.28611482396,1.034839176515,
    -2.712333225734));
#2356 = CARTESIAN_POINT('',(120.0909524677,1.085598005891,
    -2.712333225734));
#2357 = CARTESIAN_POINT('',(119.89546093262,1.13505608345,
    -2.712333225734));
#2358 = CARTESIAN_POINT('',(119.46279224138,1.241692207286,
    -2.712333225734));
#2359 = CARTESIAN_POINT('',(119.22548455452,1.298310973746,
    -2.712333225734));
#2360 = CARTESIAN_POINT('',(118.98779993909,1.353342294986,
    -2.712333225734));
#2361 = CARTESIAN_POINT('',(118.74978315265,1.40692290967,
    -2.712333225734));
#2362 = CARTESIAN_POINT('',(118.51147026932,1.459164026289,
    -2.712333225734));
#2363 = CARTESIAN_POINT('',(118.27289057351,1.510159656422,
    -2.712333225734));
#2364 = CARTESIAN_POINT('',(118.03406761744,1.559991323487,
    -2.712333225734));
#2365 = CARTESIAN_POINT('',(117.16448426306,1.737284457204,
    -2.712333225734));
#2366 = CARTESIAN_POINT('',(116.53241348788,1.858224633646,
    -2.712333225734));
#2367 = CARTESIAN_POINT('',(115.89914167139,1.97283867683,
    -2.712333225734));
#2368 = CARTESIAN_POINT('',(115.26489018757,2.081908699274,
    -2.712333225734));
#2369 = CARTESIAN_POINT('',(114.62982203091,2.186016589587,
    -2.712333225734));
#2370 = CARTESIAN_POINT('',(113.99405706646,2.285632053061,
    -2.712333225734));
#2371 = CARTESIAN_POINT('',(113.35767271817,2.381117849632,
    -2.712333225734));
#2372 = CARTESIAN_POINT('',(112.07168952316,2.566195052702,
    -2.712333225734));
#2373 = CARTESIAN_POINT('',(111.42209510808,2.655636295672,
    -2.712333225734));
#2374 = CARTESIAN_POINT('',(110.77200334873,2.741436356912,
    -2.712333225734));
#2375 = CARTESIAN_POINT('',(110.12147271227,2.823854275109,
    -2.712333225734));
#2376 = CARTESIAN_POINT('',(109.47055141881,2.90310515601,
    -2.712333225734));
#2377 = CARTESIAN_POINT('',(108.81927935254,2.979375042396,
    -2.712333225734));
#2378 = CARTESIAN_POINT('',(108.16768908885,3.052829047717,
    -2.712333225734));
#2379 = CARTESIAN_POINT('',(106.15234414954,3.27166213862,
    -2.712333225734));
#2380 = CARTESIAN_POINT('',(104.78762644263,3.408028225842,
    -2.712333225734));
#2381 = CARTESIAN_POINT('',(103.42189122975,3.534047953646,
    -2.712333225734));
#2382 = CARTESIAN_POINT('',(102.0553238946,3.650723065115,
    -2.712333225734));
#2383 = CARTESIAN_POINT('',(100.68807211275,3.758890981174,
    -2.712333225734));
#2384 = CARTESIAN_POINT('',(99.320250921914,3.85928343447,
    -2.712333225734));
#2385 = CARTESIAN_POINT('',(97.951943750206,3.952538827233,
    -2.712333225734));
#2386 = CARTESIAN_POINT('',(95.216451022611,4.125804075902,
    -2.712333225734));
#2387 = CARTESIAN_POINT('',(93.849285272125,4.205831631296,
    -2.712333225734));
#2388 = CARTESIAN_POINT('',(92.481776089696,4.279888840215,
    -2.712333225734));
#2389 = CARTESIAN_POINT('',(91.11398103592,4.348482185029,
    -2.712333225734));
#2390 = CARTESIAN_POINT('',(89.745948125194,4.412066639684,
    -2.712333225734));
#2391 = CARTESIAN_POINT('',(88.377716309034,4.471055050077,
    -2.712333225734));
#2392 = CARTESIAN_POINT('',(87.009315719523,4.525822988205,
    -2.712333225734));
#2393 = CARTESIAN_POINT('',(82.794573271466,4.68253781602,
    -2.712333225734));
#2394 = CARTESIAN_POINT('',(79.947790159232,4.771575619993,
    -2.712333225734));
#2395 = CARTESIAN_POINT('',(77.100591198278,4.846872614866,
    -2.712333225734));
#2396 = CARTESIAN_POINT('',(74.253110581977,4.910812478904,
    -2.712333225734));
#2397 = CARTESIAN_POINT('',(71.405446068966,4.965194009091,
    -2.712333225734));
#2398 = CARTESIAN_POINT('',(68.557659078999,5.011232485094,
    -2.712333225734));
#2399 = CARTESIAN_POINT('',(65.709774122006,5.049534405892,
    -2.712333225734));
#2400 = CARTESIAN_POINT('',(59.307231499586,5.118246677344,
    -2.712333225734));
#2401 = CARTESIAN_POINT('',(55.752677025566,5.144339402822,
    -2.712333225734));
#2402 = CARTESIAN_POINT('',(52.198008201767,5.158378380233,
    -2.712333225734));
#2403 = CARTESIAN_POINT('',(48.643217940908,5.158864591555,
    -2.712333225734));
#2404 = CARTESIAN_POINT('',(45.08839902579,5.142803070181,
    -2.712333225734));
#2405 = CARTESIAN_POINT('',(41.53374632325,5.105561618525,
    -2.712333225734));
#2406 = CARTESIAN_POINT('',(37.979556265452,5.040880210919,
    -2.712333225734));
#2407 = CARTESIAN_POINT('',(33.200894858525,4.905201899706,
    -2.712333225734));
#2408 = CARTESIAN_POINT('',(31.975681667206,4.866106324982,
    -2.712333225734));
#2409 = CARTESIAN_POINT('',(30.750617296031,4.8223470256,-2.712333225734
    ));
#2410 = CARTESIAN_POINT('',(29.525734895578,4.773528632225,
    -2.712333225734));
#2411 = CARTESIAN_POINT('',(28.301078358428,4.719217185699,
    -2.712333225734));
#2412 = CARTESIAN_POINT('',(27.076702627706,4.658933092097,
    -2.712333225734));
#2413 = CARTESIAN_POINT('',(25.852674253921,4.592138899131,
    -2.712333225734));
#2414 = CARTESIAN_POINT('',(23.388455485104,4.44327704398,
    -2.712333225734));
#2415 = CARTESIAN_POINT('',(22.148304895455,4.361011823338,
    -2.712333225734));
#2416 = CARTESIAN_POINT('',(20.908681764314,4.270783814415,
    -2.712333225734));
#2417 = CARTESIAN_POINT('',(19.669687119063,4.171877943183,
    -2.712333225734));
#2418 = CARTESIAN_POINT('',(18.431466197617,4.063462308207,
    -2.712333225734));
#2419 = CARTESIAN_POINT('',(17.194209482079,3.944575483482,
    -2.712333225734));
#2420 = CARTESIAN_POINT('',(15.958159379361,3.814051328243,
    -2.712333225734));
#2421 = CARTESIAN_POINT('',(14.184256206326,3.607475647452,
    -2.712333225734));
#2422 = CARTESIAN_POINT('',(13.64517787572,3.542137134419,
    -2.712333225734));
#2423 = CARTESIAN_POINT('',(13.106422864464,3.474138558724,
    -2.712333225734));
#2424 = CARTESIAN_POINT('',(12.568024600229,3.40332919306,
    -2.712333225734));
#2425 = CARTESIAN_POINT('',(12.03002392991,3.329539364316,
    -2.712333225734));
#2426 = CARTESIAN_POINT('',(11.492470074848,3.252573466009,
    -2.712333225734));
#2427 = CARTESIAN_POINT('',(10.95542237179,3.172197440775,
    -2.712333225734));
#2428 = CARTESIAN_POINT('',(9.864195779448,3.001177975434,
    -2.712333225734));
#2429 = CARTESIAN_POINT('',(9.310089146921,2.910283486712,
    -2.712333225734));
#2430 = CARTESIAN_POINT('',(8.756684519573,2.8151072863,-2.712333225734)
  );
#2431 = CARTESIAN_POINT('',(8.204072217836,2.715269351344,
    -2.712333225734));
#2432 = CARTESIAN_POINT('',(7.652394868604,2.610275990858,
    -2.712333225734));
#2433 = CARTESIAN_POINT('',(7.101847714374,2.499516616113,
    -2.712333225734));
#2434 = CARTESIAN_POINT('',(6.552696613365,2.38216987719,-2.712333225734
    ));
#2435 = CARTESIAN_POINT('',(5.792626900816,2.208172017543,
    -2.712333225734));
#2436 = CARTESIAN_POINT('',(5.580187275572,2.15827560427,-2.712333225734
    ));
#2437 = CARTESIAN_POINT('',(5.368048850087,2.107098795617,
    -2.712333225734));
#2438 = CARTESIAN_POINT('',(5.1562424922,2.054547922389,-2.712333225734)
  );
#2439 = CARTESIAN_POINT('',(4.944807138301,2.000514757882,
    -2.712333225734));
#2440 = CARTESIAN_POINT('',(4.733791296346,1.944870627883,
    -2.712333225734));
#2441 = CARTESIAN_POINT('',(4.523255841301,1.887455619311,
    -2.712333225734));
#2442 = CARTESIAN_POINT('',(4.154062454824,1.783028340577,
    -2.712333225734));
#2443 = CARTESIAN_POINT('',(3.995174392757,1.736858306978,
    -2.712333225734));
#2444 = CARTESIAN_POINT('',(3.836642835267,1.689462244543,
    -2.712333225734));
#2445 = CARTESIAN_POINT('',(3.678509599365,1.640732297716,
    -2.712333225734));
#2446 = CARTESIAN_POINT('',(3.520829310957,1.590543198428,
    -2.712333225734));
#2447 = CARTESIAN_POINT('',(3.363672057551,1.538743919736,
    -2.712333225734));
#2448 = CARTESIAN_POINT('',(3.207128783382,1.48514108219,-2.712333225734
    ));
#2449 = CARTESIAN_POINT('',(2.894002653053,1.373268579352,
    -2.712333225734));
#2450 = CARTESIAN_POINT('',(2.737541499107,1.314996235919,
    -2.712333225734));
#2451 = CARTESIAN_POINT('',(2.581955072736,1.254359863057,
    -2.712333225734));
#2452 = CARTESIAN_POINT('',(2.427381927366,1.190992351378,
    -2.712333225734));
#2453 = CARTESIAN_POINT('',(2.274060126099,1.124487597623,
    -2.712333225734));
#2454 = CARTESIAN_POINT('',(2.122420265313,1.054216550646,
    -2.712333225734));
#2455 = CARTESIAN_POINT('',(1.973023655272,0.979446707132,
    -2.712333225734));
#2456 = CARTESIAN_POINT('',(1.763409680803,0.863352320838,
    -2.712333225734));
#2457 = CARTESIAN_POINT('',(1.700560966663,0.827036014368,
    -2.712333225734));
#2458 = CARTESIAN_POINT('',(1.63844853324,0.789438255701,-2.712333225734
    ));
#2459 = CARTESIAN_POINT('',(1.577185672748,0.750399786469,
    -2.712333225734));
#2460 = CARTESIAN_POINT('',(1.516957217457,0.709732149724,
    -2.712333225734));
#2461 = CARTESIAN_POINT('',(1.458019971298,0.667216073053,
    -2.712333225734));
#2462 = CARTESIAN_POINT('',(1.400723397541,0.622570994319,
    -2.712333225734));
#2463 = CARTESIAN_POINT('',(1.307053197599,0.542347319437,
    -2.712333225734));
#2464 = CARTESIAN_POINT('',(1.269655937552,0.508156200888,
    -2.712333225734));
#2465 = CARTESIAN_POINT('',(1.233499799869,0.472576721274,
    -2.712333225734));
#2466 = CARTESIAN_POINT('',(1.198823560428,0.435430021102,
    -2.712333225734));
#2467 = CARTESIAN_POINT('',(1.165998937976,0.396556962317,
    -2.712333225734));
#2468 = CARTESIAN_POINT('',(1.135534124191,0.355815122158,
    -2.712333225734));
#2469 = CARTESIAN_POINT('',(1.108081268151,0.313072938797,
    -2.712333225734));
#2470 = CARTESIAN_POINT('',(1.048388040918,0.199735219742,
    -2.712333225734));
#2471 = CARTESIAN_POINT('',(1.019864858009,0.123737054414,
    -2.712333225734));
#2472 = CARTESIAN_POINT('',(1.005573991185,4.412887014996E-02,
    -2.712333225734));
#2473 = CARTESIAN_POINT('',(1.008994273909,-3.590514040013E-02,
    -2.712333225734));
#2474 = CARTESIAN_POINT('',(1.029643247932,-0.113802306157,
    -2.712333225734));
#2475 = CARTESIAN_POINT('',(1.064398101237,-0.187455621497,
    -2.712333225734));
#2476 = CARTESIAN_POINT('',(1.10839371021,-0.255046347589,
    -2.712333225734));
#2477 = CARTESIAN_POINT('',(1.206930659582,-0.378893798294,
    -2.712333225734));
#2478 = CARTESIAN_POINT('',(1.264472482226,-0.437173471948,
    -2.712333225734));
#2479 = CARTESIAN_POINT('',(1.326392889028,-0.491074332554,
    -2.712333225734));
#2480 = CARTESIAN_POINT('',(1.391399634462,-0.541186812774,
    -2.712333225734));
#2481 = CARTESIAN_POINT('',(1.458500220201,-0.588107042856,
    -2.712333225734));
#2482 = CARTESIAN_POINT('',(1.52716730765,-0.632280171495,
    -2.712333225734));
#2483 = CARTESIAN_POINT('',(1.597156539069,-0.674171514103,
    -2.712333225734));
#2484 = CARTESIAN_POINT('',(1.782955393393,-0.778391379463,
    -2.712333225734));
#2485 = CARTESIAN_POINT('',(1.900164782444,-0.837384915295,
    -2.712333225734));
#2486 = CARTESIAN_POINT('',(2.019310564562,-0.892509040547,
    -2.712333225734));
#2487 = CARTESIAN_POINT('',(2.139898734194,-0.944390258739,
    -2.712333225734));
#2488 = CARTESIAN_POINT('',(2.261557713214,-0.993553027181,
    -2.712333225734));
#2489 = CARTESIAN_POINT('',(2.384073952339,-1.040353554549,
    -2.712333225734));
#2490 = CARTESIAN_POINT('',(2.507327116454,-1.085107639219,
    -2.712333225734));
#2491 = CARTESIAN_POINT('',(2.753579372542,-1.170454359331,
    -2.712333225734));
#2492 = CARTESIAN_POINT('',(2.876467104878,-1.211064398137,
    -2.712333225734));
#2493 = CARTESIAN_POINT('',(2.999861795593,-1.250130394465,
    -2.712333225734));
#2494 = CARTESIAN_POINT('',(3.123684877132,-1.287821016515,
    -2.712333225734));
#2495 = CARTESIAN_POINT('',(3.247875690769,-1.32426887818,
    -2.712333225734));
#2496 = CARTESIAN_POINT('',(3.372387187572,-1.359584333576,
    -2.712333225734));
#2497 = CARTESIAN_POINT('',(3.497183791066,-1.393862512705,
    -2.712333225734));
#2498 = CARTESIAN_POINT('',(3.899111617512,-1.50095451049,
    -2.712333225734));
#2499 = CARTESIAN_POINT('',(4.177218083143,-1.570024286837,
    -2.712333225734));
#2500 = CARTESIAN_POINT('',(4.456268644493,-1.635264086383,
    -2.712333225734));
#2501 = CARTESIAN_POINT('',(4.736069423581,-1.697211761063,
    -2.712333225734));
#2502 = CARTESIAN_POINT('',(5.016479614018,-1.75626739234,
    -2.712333225734));
#2503 = CARTESIAN_POINT('',(5.297398374809,-1.812751889046,
    -2.712333225734));
#2504 = CARTESIAN_POINT('',(5.578763683,-1.866912981844,-2.712333225734)
  );
#2505 = CARTESIAN_POINT('',(6.181077267059,-1.978171695331,
    -2.712333225734));
#2506 = CARTESIAN_POINT('',(6.502114885998,-2.034642478601,
    -2.712333225734));
#2507 = CARTESIAN_POINT('',(6.82357767963,-2.08867825451,-2.712333225734
    ));
#2508 = CARTESIAN_POINT('',(7.145404755227,-2.14050859185,
    -2.712333225734));
#2509 = CARTESIAN_POINT('',(7.467548247336,-2.190315343562,
    -2.712333225734));
#2510 = CARTESIAN_POINT('',(7.789970462595,-2.238250052233,
    -2.712333225734));
#2511 = CARTESIAN_POINT('',(8.112642412339,-2.284443090785,
    -2.712333225734));
#2512 = CARTESIAN_POINT('',(8.435543732991,-2.329004538361,
    -2.712333225734));
#2513 = PCURVE('',#1955,#2514);
#2514 = DEFINITIONAL_REPRESENTATION('',(#2515),#2861);
#2515 = B_SPLINE_CURVE_WITH_KNOTS('',8,(#2516,#2517,#2518,#2519,#2520,
    #2521,#2522,#2523,#2524,#2525,#2526,#2527,#2528,#2529,#2530,#2531,
    #2532,#2533,#2534,#2535,#2536,#2537,#2538,#2539,#2540,#2541,#2542,
    #2543,#2544,#2545,#2546,#2547,#2548,#2549,#2550,#2551,#2552,#2553,
    #2554,#2555,#2556,#2557,#2558,#2559,#2560,#2561,#2562,#2563,#2564,
    #2565,#2566,#2567,#2568,#2569,#2570,#2571,#2572,#2573,#2574,#2575,
    #2576,#2577,#2578,#2579,#2580,#2581,#2582,#2583,#2584,#2585,#2586,
    #2587,#2588,#2589,#2590,#2591,#2592,#2593,#2594,#2595,#2596,#2597,
    #2598,#2599,#2600,#2601,#2602,#2603,#2604,#2605,#2606,#2607,#2608,
    #2609,#2610,#2611,#2612,#2613,#2614,#2615,#2616,#2617,#2618,#2619,
    #2620,#2621,#2622,#2623,#2624,#2625,#2626,#2627,#2628,#2629,#2630,
    #2631,#2632,#2633,#2634,#2635,#2636,#2637,#2638,#2639,#2640,#2641,
    #2642,#2643,#2644,#2645,#2646,#2647,#2648,#2649,#2650,#2651,#2652,
    #2653,#2654,#2655,#2656,#2657,#2658,#2659,#2660,#2661,#2662,#2663,
    #2664,#2665,#2666,#2667,#2668,#2669,#2670,#2671,#2672,#2673,#2674,
    #2675,#2676,#2677,#2678,#2679,#2680,#2681,#2682,#2683,#2684,#2685,
    #2686,#2687,#2688,#2689,#2690,#2691,#2692,#2693,#2694,#2695,#2696,
    #2697,#2698,#2699,#2700,#2701,#2702,#2703,#2704,#2705,#2706,#2707,
    #2708,#2709,#2710,#2711,#2712,#2713,#2714,#2715,#2716,#2717,#2718,
    #2719,#2720,#2721,#2722,#2723,#2724,#2725,#2726,#2727,#2728,#2729,
    #2730,#2731,#2732,#2733,#2734,#2735,#2736,#2737,#2738,#2739,#2740,
    #2741,#2742,#2743,#2744,#2745,#2746,#2747,#2748,#2749,#2750,#2751,
    #2752,#2753,#2754,#2755,#2756,#2757,#2758,#2759,#2760,#2761,#2762,
    #2763,#2764,#2765,#2766,#2767,#2768,#2769,#2770,#2771,#2772,#2773,
    #2774,#2775,#2776,#2777,#2778,#2779,#2780,#2781,#2782,#2783,#2784,
    #2785,#2786,#2787,#2788,#2789,#2790,#2791,#2792,#2793,#2794,#2795,
    #2796,#2797,#2798,#2799,#2800,#2801,#2802,#2803,#2804,#2805,#2806,
    #2807,#2808,#2809,#2810,#2811,#2812,#2813,#2814,#2815,#2816,#2817,
    #2818,#2819,#2820,#2821,#2822,#2823,#2824,#2825,#2826,#2827,#2828,
    #2829,#2830,#2831,#2832,#2833,#2834,#2835,#2836,#2837,#2838,#2839,
    #2840,#2841,#2842,#2843,#2844,#2845,#2846,#2847,#2848,#2849,#2850,
    #2851,#2852,#2853,#2854,#2855,#2856,#2857,#2858,#2859,#2860),
  .UNSPECIFIED.,.T.,.F.,(9,7,7,7,7,7,7,7,7,7,7,7,7,7,7,7,7,7,7,7,7,7,7,7
    ,7,7,7,7,7,7,7,7,7,7,7,7,7,7,7,7,7,7,7,7,7,7,7,7,7,9),(0.,
    3.786182779903E-02,7.641163033678E-02,0.171268254216,0.220985578362,
    0.241815646153,0.26187300655,0.282700178541,0.361367174448,
    0.44311396781,0.46316565604,0.487843648477,0.527937514094,
    0.595735878345,0.625756183894,0.656552757726,0.669664107901,
    0.682291142098,0.692796165355,0.697731557601,0.700361287221,
    0.702226767431,0.70367001245,0.705133375755,0.706330675821,
    0.707661007537,0.711105553634,0.714706417055,0.719062794596,
    0.730553571694,0.742262055378,0.766751219859,0.791204891513,
    0.842061639677,0.905535319564,0.927423798248,0.94961664472,
    0.959312884855,0.969339655362,0.973236367377,0.976191049786,
    0.979174318026,0.98047162769,0.981378260153,0.98276160397,
    0.984240135558,0.986608639399,0.988944730408,0.994116697703,1.),
  .UNSPECIFIED.);
#2516 = CARTESIAN_POINT('',(0.648524754263,6.690709223995E-02));
#2517 = CARTESIAN_POINT('',(0.644929363776,7.302513591082E-02));
#2518 = CARTESIAN_POINT('',(0.641767093772,7.91500983469E-02));
#2519 = CARTESIAN_POINT('',(0.638946456911,8.527979718285E-02));
#2520 = CARTESIAN_POINT('',(0.636410386838,9.141278366661E-02));
#2521 = CARTESIAN_POINT('',(0.634116589641,9.754802447743E-02));
#2522 = CARTESIAN_POINT('',(0.632031486175,0.103684814232));
#2523 = CARTESIAN_POINT('',(0.630129422212,0.109822771817));
#2524 = CARTESIAN_POINT('',(0.626616596623,0.122212325346));
#2525 = CARTESIAN_POINT('',(0.625011848194,0.128463715363));
#2526 = CARTESIAN_POINT('',(0.623552142782,0.134715603604));
#2527 = CARTESIAN_POINT('',(0.622220069973,0.140967727345));
#2528 = CARTESIAN_POINT('',(0.6210016552,0.147219888963));
#2529 = CARTESIAN_POINT('',(0.619885249047,0.153471947648));
#2530 = CARTESIAN_POINT('',(0.618860894873,0.159723815185));
#2531 = CARTESIAN_POINT('',(0.615605414922,0.181358401527));
#2532 = CARTESIAN_POINT('',(0.61379695818,0.196739497755));
#2533 = CARTESIAN_POINT('',(0.612369033393,0.212118307017));
#2534 = CARTESIAN_POINT('',(0.611245676526,0.227494671637));
#2535 = CARTESIAN_POINT('',(0.610371486404,0.242868664757));
#2536 = CARTESIAN_POINT('',(0.609702562269,0.258240599473));
#2537 = CARTESIAN_POINT('',(0.60920540113,0.273611056926));
#2538 = CARTESIAN_POINT('',(0.608666059519,0.297036706716));
#2539 = CARTESIAN_POINT('',(0.6085199614,0.305092257034));
#2540 = CARTESIAN_POINT('',(0.608409201488,0.313147617612));
#2541 = CARTESIAN_POINT('',(0.608330170004,0.321202853958));
#2542 = CARTESIAN_POINT('',(0.608279629582,0.329258025627));
#2543 = CARTESIAN_POINT('',(0.608254660392,0.337313187237));
#2544 = CARTESIAN_POINT('',(0.608252605256,0.345368389486));
#2545 = CARTESIAN_POINT('',(0.608278727799,0.356798605398));
#2546 = CARTESIAN_POINT('',(0.608290033657,0.360173545554));
#2547 = CARTESIAN_POINT('',(0.608304753862,0.363548503827));
#2548 = CARTESIAN_POINT('',(0.608322716502,0.366923483168));
#2549 = CARTESIAN_POINT('',(0.608343756233,0.370298486299));
#2550 = CARTESIAN_POINT('',(0.608367714279,0.373673515709));
#2551 = CARTESIAN_POINT('',(0.60839443843,0.377048573656));
#2552 = CARTESIAN_POINT('',(0.608452039096,0.383673549171));
#2553 = CARTESIAN_POINT('',(0.608482724459,0.386923464498));
#2554 = CARTESIAN_POINT('',(0.608515708893,0.390173409946));
#2555 = CARTESIAN_POINT('',(0.608550867166,0.393423387112));
#2556 = CARTESIAN_POINT('',(0.608588079051,0.396673397384));
#2557 = CARTESIAN_POINT('',(0.608627229327,0.399923441949));
#2558 = CARTESIAN_POINT('',(0.60866820778,0.403173521785));
#2559 = CARTESIAN_POINT('',(0.608755249523,0.409798494635));
#2560 = CARTESIAN_POINT('',(0.608801447474,0.413173390468));
#2561 = CARTESIAN_POINT('',(0.608849385131,0.416548326025));
#2562 = CARTESIAN_POINT('',(0.608898950113,0.419923301942));
#2563 = CARTESIAN_POINT('',(0.608950035578,0.423298318632));
#2564 = CARTESIAN_POINT('',(0.609002540223,0.426673376286));
#2565 = CARTESIAN_POINT('',(0.609056368286,0.430048474872));
#2566 = CARTESIAN_POINT('',(0.609319403229,0.446171963601));
#2567 = CARTESIAN_POINT('',(0.609544964966,0.458920898239));
#2568 = CARTESIAN_POINT('',(0.609783269208,0.471670399706));
#2569 = CARTESIAN_POINT('',(0.610030556811,0.484420410429));
#2570 = CARTESIAN_POINT('',(0.610284213375,0.497170843384));
#2571 = CARTESIAN_POINT('',(0.610542827578,0.509921591871));
#2572 = CARTESIAN_POINT('',(0.61080624951,0.522672539294));
#2573 = CARTESIAN_POINT('',(0.611355595442,0.548673798883));
#2574 = CARTESIAN_POINT('',(0.611641984936,0.561924134221));
#2575 = CARTESIAN_POINT('',(0.611936193692,0.575174441288));
#2576 = CARTESIAN_POINT('',(0.612241083154,0.588424613222));
#2577 = CARTESIAN_POINT('',(0.612561169631,0.601674582264));
#2578 = CARTESIAN_POINT('',(0.612902793919,0.614924332044));
#2579 = CARTESIAN_POINT('',(0.613274290935,0.628173909889));
#2580 = CARTESIAN_POINT('',(0.613787186623,0.644673418936));
#2581 = CARTESIAN_POINT('',(0.613890644736,0.64792339613));
#2582 = CARTESIAN_POINT('',(0.613996688923,0.651173372592));
#2583 = CARTESIAN_POINT('',(0.61410548362,0.65442335051));
#2584 = CARTESIAN_POINT('',(0.614217202456,0.657673332359));
#2585 = CARTESIAN_POINT('',(0.614332028253,0.660923320902));
#2586 = CARTESIAN_POINT('',(0.614450153024,0.66417331919));
#2587 = CARTESIAN_POINT('',(0.614721464101,0.671423181105));
#2588 = CARTESIAN_POINT('',(0.614876454608,0.675423051402));
#2589 = CARTESIAN_POINT('',(0.615037122293,0.679422947733));
#2590 = CARTESIAN_POINT('',(0.615203867122,0.683422876997));
#2591 = CARTESIAN_POINT('',(0.615377116226,0.687422846707));
#2592 = CARTESIAN_POINT('',(0.615557323901,0.691422864993));
#2593 = CARTESIAN_POINT('',(0.615744971608,0.695422940601));
#2594 = CARTESIAN_POINT('',(0.61625834968,0.705922038104));
#2595 = CARTESIAN_POINT('',(0.616597114354,0.712421166734));
#2596 = CARTESIAN_POINT('',(0.616959076102,0.718920511885));
#2597 = CARTESIAN_POINT('',(0.617346651156,0.725420117607));
#2598 = CARTESIAN_POINT('',(0.617762513605,0.731920029273));
#2599 = CARTESIAN_POINT('',(0.618209651116,0.738420293969));
#2600 = CARTESIAN_POINT('',(0.618691420654,0.74492096087));
#2601 = CARTESIAN_POINT('',(0.620091229892,0.762415418038));
#2602 = CARTESIAN_POINT('',(0.621080686007,0.773409902573));
#2603 = CARTESIAN_POINT('',(0.622198425198,0.784405941909));
#2604 = CARTESIAN_POINT('',(0.62346630998,0.795403797672));
#2605 = CARTESIAN_POINT('',(0.624911688943,0.806403585909));
#2606 = CARTESIAN_POINT('',(0.626568547639,0.817405280654));
#2607 = CARTESIAN_POINT('',(0.628481461957,0.828408711982));
#2608 = CARTESIAN_POINT('',(0.631705544757,0.844286359248));
#2609 = CARTESIAN_POINT('',(0.632758081179,0.849159401681));
#2610 = CARTESIAN_POINT('',(0.633879378186,0.854032643413));
#2611 = CARTESIAN_POINT('',(0.635075998142,0.858906018835));
#2612 = CARTESIAN_POINT('',(0.636355488372,0.863779429139));
#2613 = CARTESIAN_POINT('',(0.637726693724,0.868652740439));
#2614 = CARTESIAN_POINT('',(0.63920027197,0.873525780406));
#2615 = CARTESIAN_POINT('',(0.642419644279,0.883396881464));
#2616 = CARTESIAN_POINT('',(0.644171443128,0.888394788269));
#2617 = CARTESIAN_POINT('',(0.646059176918,0.893391928212));
#2618 = CARTESIAN_POINT('',(0.648099807108,0.898388013314));
#2619 = CARTESIAN_POINT('',(0.650314594725,0.903382567745));
#2620 = CARTESIAN_POINT('',(0.652729854843,0.90837492022));
#2621 = CARTESIAN_POINT('',(0.655379967972,0.913364164746));
#2622 = CARTESIAN_POINT('',(0.659565784333,0.920471303793));
#2623 = CARTESIAN_POINT('',(0.660867498817,0.922592745279));
#2624 = CARTESIAN_POINT('',(0.662224921958,0.924713268697));
#2625 = CARTESIAN_POINT('',(0.663642561596,0.926832744979));
#2626 = CARTESIAN_POINT('',(0.66512557667,0.928951010821));
#2627 = CARTESIAN_POINT('',(0.666679989912,0.931067864164));
#2628 = CARTESIAN_POINT('',(0.66831304868,0.933183056276));
#2629 = CARTESIAN_POINT('',(0.671690859376,0.937331444861));
#2630 = CARTESIAN_POINT('',(0.673429176955,0.939364688359));
#2631 = CARTESIAN_POINT('',(0.675256817491,0.941395816072));
#2632 = CARTESIAN_POINT('',(0.677183266847,0.943424500424));
#2633 = CARTESIAN_POINT('',(0.67922022572,0.945450252023));
#2634 = CARTESIAN_POINT('',(0.681382008786,0.947472408216));
#2635 = CARTESIAN_POINT('',(0.68368708364,0.949490084988));
#2636 = CARTESIAN_POINT('',(0.688221640366,0.953175876139));
#2637 = CARTESIAN_POINT('',(0.690397698506,0.954844883238));
#2638 = CARTESIAN_POINT('',(0.69270654669,0.956509147061));
#2639 = CARTESIAN_POINT('',(0.695168999647,0.95816789977));
#2640 = CARTESIAN_POINT('',(0.697808286275,0.95981969644));
#2641 = CARTESIAN_POINT('',(0.700661919931,0.961461719075));
#2642 = CARTESIAN_POINT('',(0.703772892969,0.963090304742));
#2643 = CARTESIAN_POINT('',(0.708868865298,0.965453711957));
#2644 = CARTESIAN_POINT('',(0.71057447171,0.96620371765));
#2645 = CARTESIAN_POINT('',(0.712368099746,0.966948235364));
#2646 = CARTESIAN_POINT('',(0.714263300465,0.96768634462));
#2647 = CARTESIAN_POINT('',(0.716275078336,0.968416374342));
#2648 = CARTESIAN_POINT('',(0.718425299186,0.969135350728));
#2649 = CARTESIAN_POINT('',(0.720739423893,0.969839348078));
#2650 = CARTESIAN_POINT('',(0.724619568143,0.970884648442));
#2651 = CARTESIAN_POINT('',(0.726026731141,0.97124086073));
#2652 = CARTESIAN_POINT('',(0.72750235201,0.971589552042));
#2653 = CARTESIAN_POINT('',(0.729056320565,0.971929352345));
#2654 = CARTESIAN_POINT('',(0.730699157233,0.972257707262));
#2655 = CARTESIAN_POINT('',(0.732441836722,0.972570914862));
#2656 = CARTESIAN_POINT('',(0.734296952243,0.972863938007));
#2657 = CARTESIAN_POINT('',(0.737692819738,0.973317957756));
#2658 = CARTESIAN_POINT('',(0.739169327759,0.973492716701));
#2659 = CARTESIAN_POINT('',(0.740716036255,0.973650650415));
#2660 = CARTESIAN_POINT('',(0.742332209197,0.973787623933));
#2661 = CARTESIAN_POINT('',(0.744012635033,0.973898907278));
#2662 = CARTESIAN_POINT('',(0.74574645746,0.973979742376));
#2663 = CARTESIAN_POINT('',(0.747514963983,0.974026477718));
#2664 = CARTESIAN_POINT('',(0.750659145061,0.974048053609));
#2665 = CARTESIAN_POINT('',(0.751990474444,0.974036486068));
#2666 = CARTESIAN_POINT('',(0.753323129791,0.974006314389));
#2667 = CARTESIAN_POINT('',(0.754678072516,0.973956310949));
#2668 = CARTESIAN_POINT('',(0.756058974292,0.97388432516));
#2669 = CARTESIAN_POINT('',(0.757455674499,0.973789198066));
#2670 = CARTESIAN_POINT('',(0.758847049098,0.973672177023));
#2671 = CARTESIAN_POINT('',(0.761576769337,0.973402144586));
#2672 = CARTESIAN_POINT('',(0.76295096922,0.973245001303));
#2673 = CARTESIAN_POINT('',(0.764325062775,0.973066525282));
#2674 = CARTESIAN_POINT('',(0.765699049188,0.972866541479));
#2675 = CARTESIAN_POINT('',(0.767072925951,0.972644839996));
#2676 = CARTESIAN_POINT('',(0.768446688863,0.972401176088));
#2677 = CARTESIAN_POINT('',(0.76982033203,0.972135270157));
#2678 = CARTESIAN_POINT('',(0.772317636192,0.971610792504));
#2679 = CARTESIAN_POINT('',(0.77344134376,0.971359674632));
#2680 = CARTESIAN_POINT('',(0.774564968623,0.971093281519));
#2681 = CARTESIAN_POINT('',(0.775688508422,0.970811421609));
#2682 = CARTESIAN_POINT('',(0.776811960381,0.970513884401));
#2683 = CARTESIAN_POINT('',(0.777935321311,0.970200440456));
#2684 = CARTESIAN_POINT('',(0.779058587607,0.969870841393));
#2685 = CARTESIAN_POINT('',(0.78142971771,0.96914035204));
#2686 = CARTESIAN_POINT('',(0.782677570403,0.968735604432));
#2687 = CARTESIAN_POINT('',(0.783925295362,0.968310211369));
#2688 = CARTESIAN_POINT('',(0.785172887016,0.967863770802));
#2689 = CARTESIAN_POINT('',(0.786420345845,0.967395843792));
#2690 = CARTESIAN_POINT('',(0.787667672034,0.966905953971));
#2691 = CARTESIAN_POINT('',(0.788914859133,0.96639358701));
#2692 = CARTESIAN_POINT('',(0.79339074211,0.964471919726));
#2693 = CARTESIAN_POINT('',(0.796309517401,0.963063943387));
#2694 = CARTESIAN_POINT('',(0.798999574603,0.961641334024));
#2695 = CARTESIAN_POINT('',(0.801498537665,0.960207770297));
#2696 = CARTESIAN_POINT('',(0.803838285022,0.958766073838));
#2697 = CARTESIAN_POINT('',(0.806039460918,0.957317799327));
#2698 = CARTESIAN_POINT('',(0.808120208642,0.955863864133));
#2699 = CARTESIAN_POINT('',(0.812158916057,0.952878739319));
#2700 = CARTESIAN_POINT('',(0.814106039023,0.951347797181));
#2701 = CARTESIAN_POINT('',(0.815951695322,0.949812517575));
#2702 = CARTESIAN_POINT('',(0.817707460429,0.948273592712));
#2703 = CARTESIAN_POINT('',(0.819382387948,0.946731549367));
#2704 = CARTESIAN_POINT('',(0.820983987336,0.945186794268));
#2705 = CARTESIAN_POINT('',(0.822518709007,0.943639635892));
#2706 = CARTESIAN_POINT('',(0.82577426945,0.940215852374));
#2707 = CARTESIAN_POINT('',(0.827466551808,0.938338286799));
#2708 = CARTESIAN_POINT('',(0.829078355982,0.936458026658));
#2709 = CARTESIAN_POINT('',(0.830617313521,0.934575421968));
#2710 = CARTESIAN_POINT('',(0.832089709339,0.932690753794));
#2711 = CARTESIAN_POINT('',(0.833500898205,0.930804249332));
#2712 = CARTESIAN_POINT('',(0.834855543788,0.928916090353));
#2713 = CARTESIAN_POINT('',(0.839592313704,0.922042035606));
#2714 = CARTESIAN_POINT('',(0.842661524601,0.917047353901));
#2715 = CARTESIAN_POINT('',(0.84543945907,0.912044931941));
#2716 = CARTESIAN_POINT('',(0.847972599162,0.907036434189));
#2717 = CARTESIAN_POINT('',(0.850295659472,0.902023064131));
#2718 = CARTESIAN_POINT('',(0.852436412039,0.897005686313));
#2719 = CARTESIAN_POINT('',(0.854416249698,0.891984832387));
#2720 = CARTESIAN_POINT('',(0.858125151487,0.881841560683));
#2721 = CARTESIAN_POINT('',(0.859848658369,0.87671922885));
#2722 = CARTESIAN_POINT('',(0.861442702321,0.871594277512));
#2723 = CARTESIAN_POINT('',(0.862922097312,0.866467089736));
#2724 = CARTESIAN_POINT('',(0.864298856191,0.861337970771));
#2725 = CARTESIAN_POINT('',(0.865583078399,0.856207163297));
#2726 = CARTESIAN_POINT('',(0.866783456861,0.851074855609));
#2727 = CARTESIAN_POINT('',(0.870258223213,0.835203724075));
#2728 = CARTESIAN_POINT('',(0.872274698647,0.824460490311));
#2729 = CARTESIAN_POINT('',(0.87402491357,0.813712762509));
#2730 = CARTESIAN_POINT('',(0.875554888978,0.802961465926));
#2731 = CARTESIAN_POINT('',(0.876899644445,0.792207288741));
#2732 = CARTESIAN_POINT('',(0.87808732972,0.781450719199));
#2733 = CARTESIAN_POINT('',(0.879140399918,0.770692050063));
#2734 = CARTESIAN_POINT('',(0.881013855662,0.749186344198));
#2735 = CARTESIAN_POINT('',(0.881834557589,0.738439459097));
#2736 = CARTESIAN_POINT('',(0.882558646414,0.727690964732));
#2737 = CARTESIAN_POINT('',(0.883201172409,0.716941050123));
#2738 = CARTESIAN_POINT('',(0.883774569686,0.706189874289));
#2739 = CARTESIAN_POINT('',(0.88428939873,0.695437566023));
#2740 = CARTESIAN_POINT('',(0.884754764368,0.684684221693));
#2741 = CARTESIAN_POINT('',(0.886059470949,0.651563943787));
#2742 = CARTESIAN_POINT('',(0.886760118688,0.629194149452));
#2743 = CARTESIAN_POINT('',(0.887350171276,0.606820907385));
#2744 = CARTESIAN_POINT('',(0.887876024184,0.584444914702));
#2745 = CARTESIAN_POINT('',(0.888368565388,0.562067031615));
#2746 = CARTESIAN_POINT('',(0.888845184412,0.539688117417));
#2747 = CARTESIAN_POINT('',(0.889309867298,0.517308860105));
#2748 = CARTESIAN_POINT('',(0.890311397079,0.466998349962));
#2749 = CARTESIAN_POINT('',(0.890837472642,0.439068396138));
#2750 = CARTESIAN_POINT('',(0.891319479143,0.411139779088));
#2751 = CARTESIAN_POINT('',(0.891714333075,0.383213201031));
#2752 = CARTESIAN_POINT('',(0.891955921322,0.355289535205));
#2753 = CARTESIAN_POINT('',(0.891951134904,0.327369338663));
#2754 = CARTESIAN_POINT('',(0.891585383852,0.29945235961));
#2755 = CARTESIAN_POINT('',(0.890342769612,0.261910698795));
#2756 = CARTESIAN_POINT('',(0.8899577498,0.252284689215));
#2757 = CARTESIAN_POINT('',(0.889498283757,0.242659049092));
#2758 = CARTESIAN_POINT('',(0.88895503173,0.233033816775));
#2759 = CARTESIAN_POINT('',(0.888317223583,0.223409082796));
#2760 = CARTESIAN_POINT('',(0.887572131689,0.213784989975));
#2761 = CARTESIAN_POINT('',(0.886704163623,0.204161735598));
#2762 = CARTESIAN_POINT('',(0.884668933092,0.18478361584));
#2763 = CARTESIAN_POINT('',(0.883497711267,0.175029000245));
#2764 = CARTESIAN_POINT('',(0.882159134214,0.165275831001));
#2765 = CARTESIAN_POINT('',(0.880628372051,0.155524481062));
#2766 = CARTESIAN_POINT('',(0.878873553405,0.145775628128));
#2767 = CARTESIAN_POINT('',(0.876854464568,0.136030261296));
#2768 = CARTESIAN_POINT('',(0.874517193606,0.12628973368));
#2769 = CARTESIAN_POINT('',(0.870582629616,0.112303155918));
#2770 = CARTESIAN_POINT('',(0.869309745555,0.108051713424));
#2771 = CARTESIAN_POINT('',(0.867953443661,0.103801763094));
#2772 = CARTESIAN_POINT('',(0.86650568253,9.955351688726E-02));
#2773 = CARTESIAN_POINT('',(0.864957137996,9.530724381603E-02));
#2774 = CARTESIAN_POINT('',(0.863296760762,9.106327766002E-02));
#2775 = CARTESIAN_POINT('',(0.861511015785,8.682203098386E-02));
#2776 = CARTESIAN_POINT('',(0.857588861192,7.820153229059E-02));
#2777 = CARTESIAN_POINT('',(0.855442713402,7.38227584464E-02));
#2778 = CARTESIAN_POINT('',(0.853125122125,6.944803906407E-02));
#2779 = CARTESIAN_POINT('',(0.850613402786,6.507802361485E-02));
#2780 = CARTESIAN_POINT('',(0.847877939757,6.071377487913E-02));
#2781 = CARTESIAN_POINT('',(0.844881698716,5.635677235445E-02));
#2782 = CARTESIAN_POINT('',(0.841574957833,5.200905687901E-02));
#2783 = CARTESIAN_POINT('',(0.836440525876,4.59889345585E-02));
#2784 = CARTESIAN_POINT('',(0.834944586386,4.430603306153E-02));
#2785 = CARTESIAN_POINT('',(0.833384962587,4.262523762055E-02));
#2786 = CARTESIAN_POINT('',(0.831756184586,4.094678949288E-02));
#2787 = CARTESIAN_POINT('',(0.830051950836,3.927099407733E-02));
#2788 = CARTESIAN_POINT('',(0.828264821014,3.759823294418E-02));
#2789 = CARTESIAN_POINT('',(0.82638566227,3.592898615953E-02));
#2790 = CARTESIAN_POINT('',(0.822899380315,3.300128648882E-02));
#2791 = CARTESIAN_POINT('',(0.821336364002,3.174113498161E-02));
#2792 = CARTESIAN_POINT('',(0.819708733839,3.048363883282E-02));
#2793 = CARTESIAN_POINT('',(0.818010482446,2.92291289894E-02));
#2794 = CARTESIAN_POINT('',(0.816234648198,2.797803826039E-02));
#2795 = CARTESIAN_POINT('',(0.814372895611,2.673092250977E-02));
#2796 = CARTESIAN_POINT('',(0.812414689033,2.548850367666E-02));
#2797 = CARTESIAN_POINT('',(0.808257416797,2.300300013065E-02));
#2798 = CARTESIAN_POINT('',(0.806057586784,2.176087804111E-02));
#2799 = CARTESIAN_POINT('',(0.803731218686,2.05255212825E-02));
#2800 = CARTESIAN_POINT('',(0.80125904589,1.929803122425E-02));
#2801 = CARTESIAN_POINT('',(0.798619375418,1.808030006087E-02));
#2802 = CARTESIAN_POINT('',(0.795779136236,1.687575153875E-02));
#2803 = CARTESIAN_POINT('',(0.792699652232,1.568885043484E-02));
#2804 = CARTESIAN_POINT('',(0.787818142292,1.402331224503E-02));
#2805 = CARTESIAN_POINT('',(0.786278940783,1.352390138173E-02));
#2806 = CARTESIAN_POINT('',(0.784672520379,1.30303105365E-02));
#2807 = CARTESIAN_POINT('',(0.782990794811,1.25434410606E-02));
#2808 = CARTESIAN_POINT('',(0.781224104405,1.206476317772E-02));
#2809 = CARTESIAN_POINT('',(0.779361158197,1.159631964009E-02));
#2810 = CARTESIAN_POINT('',(0.777387592346,1.114089045481E-02));
#2811 = CARTESIAN_POINT('',(0.773808593594,1.039630123006E-02));
#2812 = CARTESIAN_POINT('',(0.772274357285,1.00990166578E-02));
#2813 = CARTESIAN_POINT('',(0.770668502701,9.811587207703E-03));
#2814 = CARTESIAN_POINT('',(0.7689820114,9.535912211251E-03));
#2815 = CARTESIAN_POINT('',(0.767206573263,9.274948289489E-03));
#2816 = CARTESIAN_POINT('',(0.765334544927,9.032737658556E-03));
#2817 = CARTESIAN_POINT('',(0.763358809341,8.814467673345E-03));
#2818 = CARTESIAN_POINT('',(0.758089292039,8.339853707059E-03));
#2819 = CARTESIAN_POINT('',(0.754529025795,8.113058704E-03));
#2820 = CARTESIAN_POINT('',(0.750767689097,7.999420056941E-03));
#2821 = CARTESIAN_POINT('',(0.746957867574,8.026615270775E-03));
#2822 = CARTESIAN_POINT('',(0.743233567542,8.190812014506E-03));
#2823 = CARTESIAN_POINT('',(0.739705596323,8.467157737465E-03));
#2824 = CARTESIAN_POINT('',(0.736467246826,8.816957834067E-03));
#2825 = CARTESIAN_POINT('',(0.730536815083,9.600363981623E-03));
#2826 = CARTESIAN_POINT('',(0.727748119302,1.005782245019E-02));
#2827 = CARTESIAN_POINT('',(0.725174468705,1.05500620285E-02));
#2828 = CARTESIAN_POINT('',(0.722788338171,1.10668029561E-02));
#2829 = CARTESIAN_POINT('',(0.72056145187,1.16001515457E-02));
#2830 = CARTESIAN_POINT('',(0.71847226339,1.214591377887E-02));
#2831 = CARTESIAN_POINT('',(0.716498360252,1.270214549829E-02));
#2832 = CARTESIAN_POINT('',(0.711606963571,1.41786555348E-02));
#2833 = CARTESIAN_POINT('',(0.708858207955,1.510999504217E-02));
#2834 = CARTESIAN_POINT('',(0.70630896797,1.605661236053E-02));
#2835 = CARTESIAN_POINT('',(0.703928031205,1.701457799516E-02));
#2836 = CARTESIAN_POINT('',(0.701689186805,1.798093712658E-02));
#2837 = CARTESIAN_POINT('',(0.699574356778,1.895399193198E-02));
#2838 = CARTESIAN_POINT('',(0.697567585645,1.99327854743E-02));
#2839 = CARTESIAN_POINT('',(0.69377014675,2.188812714269E-02));
#2840 = CARTESIAN_POINT('',(0.691978282474,2.286379412403E-02));
#2841 = CARTESIAN_POINT('',(0.690268656767,2.384337474765E-02));
#2842 = CARTESIAN_POINT('',(0.688632516989,2.482624476891E-02));
#2843 = CARTESIAN_POINT('',(0.687062901854,2.581192250558E-02));
#2844 = CARTESIAN_POINT('',(0.685553974982,2.680003456886E-02));
#2845 = CARTESIAN_POINT('',(0.684100683151,2.779029879586E-02));
#2846 = CARTESIAN_POINT('',(0.679594918387,3.097925313618E-02));
#2847 = CARTESIAN_POINT('',(0.676743189178,3.318525309108E-02));
#2848 = CARTESIAN_POINT('',(0.674096923158,3.539820903397E-02));
#2849 = CARTESIAN_POINT('',(0.671626400307,3.761658892097E-02));
#2850 = CARTESIAN_POINT('',(0.669309154469,3.983928340581E-02));
#2851 = CARTESIAN_POINT('',(0.667127020167,4.206550103546E-02));
#2852 = CARTESIAN_POINT('',(0.665065766729,4.429475869418E-02));
#2853 = CARTESIAN_POINT('',(0.660892095933,4.906584346548E-02));
#2854 = CARTESIAN_POINT('',(0.658811866838,5.160823457723E-02));
#2855 = CARTESIAN_POINT('',(0.656854975348,5.415337362152E-02));
#2856 = CARTESIAN_POINT('',(0.655007900447,5.670079151089E-02));
#2857 = CARTESIAN_POINT('',(0.653259799644,5.925012273142E-02));
#2858 = CARTESIAN_POINT('',(0.651601589506,6.180108248165E-02));
#2859 = CARTESIAN_POINT('',(0.650025450231,6.435345487991E-02));
#2860 = CARTESIAN_POINT('',(0.648524754263,6.690709223995E-02));
#2861 = ( GEOMETRIC_REPRESENTATION_CONTEXT(2) 
PARAMETRIC_REPRESENTATION_CONTEXT() REPRESENTATION_CONTEXT('2D SPACE',''
  ) );
#2862 = PCURVE('',#2863,#2868);
#2863 = PLANE('',#2864);
#2864 = AXIS2_PLACEMENT_3D('',#2865,#2866,#2867);
#2865 = CARTESIAN_POINT('',(-2.E+03,-1.E+03,-2.712333225734));
#2866 = DIRECTION('',(0.,0.,1.));
#2867 = DIRECTION('',(1.,0.,-0.));
#2868 = DEFINITIONAL_REPRESENTATION('',(#2869),#3215);
#2869 = B_SPLINE_CURVE_WITH_KNOTS('',8,(#2870,#2871,#2872,#2873,#2874,
    #2875,#2876,#2877,#2878,#2879,#2880,#2881,#2882,#2883,#2884,#2885,
    #2886,#2887,#2888,#2889,#2890,#2891,#2892,#2893,#2894,#2895,#2896,
    #2897,#2898,#2899,#2900,#2901,#2902,#2903,#2904,#2905,#2906,#2907,
    #2908,#2909,#2910,#2911,#2912,#2913,#2914,#2915,#2916,#2917,#2918,
    #2919,#2920,#2921,#2922,#2923,#2924,#2925,#2926,#2927,#2928,#2929,
    #2930,#2931,#2932,#2933,#2934,#2935,#2936,#2937,#2938,#2939,#2940,
    #2941,#2942,#2943,#2944,#2945,#2946,#2947,#2948,#2949,#2950,#2951,
    #2952,#2953,#2954,#2955,#2956,#2957,#2958,#2959,#2960,#2961,#2962,
    #2963,#2964,#2965,#2966,#2967,#2968,#2969,#2970,#2971,#2972,#2973,
    #2974,#2975,#2976,#2977,#2978,#2979,#2980,#2981,#2982,#2983,#2984,
    #2985,#2986,#2987,#2988,#2989,#2990,#2991,#2992,#2993,#2994,#2995,
    #2996,#2997,#2998,#2999,#3000,#3001,#3002,#3003,#3004,#3005,#3006,
    #3007,#3008,#3009,#3010,#3011,#3012,#3013,#3014,#3015,#3016,#3017,
    #3018,#3019,#3020,#3021,#3022,#3023,#3024,#3025,#3026,#3027,#3028,
    #3029,#3030,#3031,#3032,#3033,#3034,#3035,#3036,#3037,#3038,#3039,
    #3040,#3041,#3042,#3043,#3044,#3045,#3046,#3047,#3048,#3049,#3050,
    #3051,#3052,#3053,#3054,#3055,#3056,#3057,#3058,#3059,#3060,#3061,
    #3062,#3063,#3064,#3065,#3066,#3067,#3068,#3069,#3070,#3071,#3072,
    #3073,#3074,#3075,#3076,#3077,#3078,#3079,#3080,#3081,#3082,#3083,
    #3084,#3085,#3086,#3087,#3088,#3089,#3090,#3091,#3092,#3093,#3094,
    #3095,#3096,#3097,#3098,#3099,#3100,#3101,#3102,#3103,#3104,#3105,
    #3106,#3107,#3108,#3109,#3110,#3111,#3112,#3113,#3114,#3115,#3116,
    #3117,#3118,#3119,#3120,#3121,#3122,#3123,#3124,#3125,#3126,#3127,
    #3128,#3129,#3130,#3131,#3132,#3133,#3134,#3135,#3136,#3137,#3138,
    #3139,#3140,#3141,#3142,#3143,#3144,#3145,#3146,#3147,#3148,#3149,
    #3150,#3151,#3152,#3153,#3154,#3155,#3156,#3157,#3158,#3159,#3160,
    #3161,#3162,#3163,#3164,#3165,#3166,#3167,#3168,#3169,#3170,#3171,
    #3172,#3173,#3174,#3175,#3176,#3177,#3178,#3179,#3180,#3181,#3182,
    #3183,#3184,#3185,#3186,#3187,#3188,#3189,#3190,#3191,#3192,#3193,
    #3194,#3195,#3196,#3197,#3198,#3199,#3200,#3201,#3202,#3203,#3204,
    #3205,#3206,#3207,#3208,#3209,#3210,#3211,#3212,#3213,#3214),
  .UNSPECIFIED.,.T.,.F.,(9,7,7,7,7,7,7,7,7,7,7,7,7,7,7,7,7,7,7,7,7,7,7,7
    ,7,7,7,7,7,7,7,7,7,7,7,7,7,7,7,7,7,7,7,7,7,7,7,7,7,9),(0.,
    3.786182779903E-02,7.641163033678E-02,0.171268254216,0.220985578362,
    0.241815646153,0.26187300655,0.282700178541,0.361367174448,
    0.44311396781,0.46316565604,0.487843648477,0.527937514094,
    0.595735878345,0.625756183894,0.656552757726,0.669664107901,
    0.682291142098,0.692796165355,0.697731557601,0.700361287221,
    0.702226767431,0.70367001245,0.705133375755,0.706330675821,
    0.707661007537,0.711105553634,0.714706417055,0.719062794596,
    0.730553571694,0.742262055378,0.766751219859,0.791204891513,
    0.842061639677,0.905535319564,0.927423798248,0.94961664472,
    0.959312884855,0.969339655362,0.973236367377,0.976191049786,
    0.979174318026,0.98047162769,0.981378260153,0.98276160397,
    0.984240135558,0.986608639399,0.988944730408,0.994116697703,1.),
  .UNSPECIFIED.);
#2870 = CARTESIAN_POINT('',(2.008435543733E+03,997.67099546163));
#2871 = CARTESIAN_POINT('',(2.009209155684E+03,997.56423446003));
#2872 = CARTESIAN_POINT('',(2.009984040963E+03,997.46684228326));
#2873 = CARTESIAN_POINT('',(2.01075990032E+03,997.37729872015));
#2874 = CARTESIAN_POINT('',(2.01153652742E+03,997.29466433405));
#2875 = CARTESIAN_POINT('',(2.012313769133E+03,997.21822925412));
#2876 = CARTESIAN_POINT('',(2.013091514697E+03,997.14741257748));
#2877 = CARTESIAN_POINT('',(2.01386969535E+03,997.08175666289));
#2878 = CARTESIAN_POINT('',(2.015441003987E+03,996.9588580086));
#2879 = CARTESIAN_POINT('',(2.016234115664E+03,996.90179271245));
#2880 = CARTESIAN_POINT('',(2.017027547351E+03,996.84924854964));
#2881 = CARTESIAN_POINT('',(2.017821246197E+03,996.8008835874));
#2882 = CARTESIAN_POINT('',(2.01861516864E+03,996.7564057419));
#2883 = CARTESIAN_POINT('',(2.01940927935E+03,996.71555604661));
#2884 = CARTESIAN_POINT('',(2.020203550685E+03,996.67809956609));
#2885 = CARTESIAN_POINT('',(2.02295271288E+03,996.55948451626));
#2886 = CARTESIAN_POINT('',(2.024908254099E+03,996.49440446246));
#2887 = CARTESIAN_POINT('',(2.026864300301E+03,996.44541217831));
#2888 = CARTESIAN_POINT('',(2.028820636983E+03,996.41006110933));
#2889 = CARTESIAN_POINT('',(2.030777111874E+03,996.38622742667));
#2890 = CARTESIAN_POINT('',(2.032733632833E+03,996.37200002655));
#2891 = CARTESIAN_POINT('',(2.034690168075E+03,996.36568190893));
#2892 = CARTESIAN_POINT('',(2.037672246468E+03,996.36574298216));
#2893 = CARTESIAN_POINT('',(2.038697748508E+03,996.36751081018));
#2894 = CARTESIAN_POINT('',(2.0397232473E+03,996.3708029811));
#2895 = CARTESIAN_POINT('',(2.040748740986E+03,996.37540878592));
#2896 = CARTESIAN_POINT('',(2.041774228552E+03,996.38112889532));
#2897 = CARTESIAN_POINT('',(2.042799709826E+03,996.38777496568));
#2898 = CARTESIAN_POINT('',(2.04382518548E+03,996.39516924499));
#2899 = CARTESIAN_POINT('',(2.045280298861E+03,996.40648543704));
#2900 = CARTESIAN_POINT('',(2.045709939892E+03,996.40992863176));
#2901 = CARTESIAN_POINT('',(2.046139580198E+03,996.41346145348));
#2902 = CARTESIAN_POINT('',(2.046569219859E+03,996.4170719173));
#2903 = CARTESIAN_POINT('',(2.046998858955E+03,996.42074836303));
#2904 = CARTESIAN_POINT('',(2.047428497574E+03,996.42447945515));
#2905 = CARTESIAN_POINT('',(2.047858135808E+03,996.42825418285));
#2906 = CARTESIAN_POINT('',(2.048701473946E+03,996.43572828844));
#2907 = CARTESIAN_POINT('',(2.049115173867E+03,996.43942527002));
#2908 = CARTESIAN_POINT('',(2.0495288736E+03,996.44314326199));
#2909 = CARTESIAN_POINT('',(2.049942573227E+03,996.44687300663));
#2910 = CARTESIAN_POINT('',(2.050356272828E+03,996.45060553123));
#2911 = CARTESIAN_POINT('',(2.050769972482E+03,996.45433214812));
#2912 = CARTESIAN_POINT('',(2.051183672263E+03,996.45804445464));
#2913 = CARTESIAN_POINT('',(2.052026950242E+03,996.46556583103));
#2914 = CARTESIAN_POINT('',(2.052456528452E+03,996.46937315258));
#2915 = CARTESIAN_POINT('',(2.052886106958E+03,996.47314720679));
#2916 = CARTESIAN_POINT('',(2.053315685833E+03,996.4768792471));
#2917 = CARTESIAN_POINT('',(2.053745265145E+03,996.48056087145));
#2918 = CARTESIAN_POINT('',(2.054174844954E+03,996.48418402223));
#2919 = CARTESIAN_POINT('',(2.054604425313E+03,996.48774098632));
#2920 = CARTESIAN_POINT('',(2.056656590621E+03,996.50438169272));
#2921 = CARTESIAN_POINT('',(2.058279184078E+03,996.51648958804));
#2922 = CARTESIAN_POINT('',(2.059901788367E+03,996.52715167497));
#2923 = CARTESIAN_POINT('',(2.061524403897E+03,996.53604287746));
#2924 = CARTESIAN_POINT('',(2.063147029746E+03,996.54291354362));
#2925 = CARTESIAN_POINT('',(2.064769663637E+03,996.54759353984));
#2926 = CARTESIAN_POINT('',(2.066392301921E+03,996.54999634491));
#2927 = CARTESIAN_POINT('',(2.069701103139E+03,996.55025490767));
#2928 = CARTESIAN_POINT('',(2.071387268134E+03,996.54792879779));
#2929 = CARTESIAN_POINT('',(2.073073428542E+03,996.54314698715));
#2930 = CARTESIAN_POINT('',(2.074759580164E+03,996.53601316206));
#2931 = CARTESIAN_POINT('',(2.076445720632E+03,996.526738735));
#2932 = CARTESIAN_POINT('',(2.078131849448E+03,996.51564905704));
#2933 = CARTESIAN_POINT('',(2.079817968016E+03,996.50318963027));
#2934 = CARTESIAN_POINT('',(2.081917666361E+03,996.48668043185));
#2935 = CARTESIAN_POINT('',(2.082331252667E+03,996.48338056484));
#2936 = CARTESIAN_POINT('',(2.082744838656E+03,996.4800411561));
#2937 = CARTESIAN_POINT('',(2.083158424395E+03,996.47667112578));
#2938 = CARTESIAN_POINT('',(2.083572009959E+03,996.47327987732));
#2939 = CARTESIAN_POINT('',(2.083985595427E+03,996.46987729738));
#2940 = CARTESIAN_POINT('',(2.084399180886E+03,996.46647375591));
#2941 = CARTESIAN_POINT('',(2.085321773984E+03,996.45890347703));
#2942 = CARTESIAN_POINT('',(2.085830781652E+03,996.45474188456));
#2943 = CARTESIAN_POINT('',(2.086339789611E+03,996.45061552161));
#2944 = CARTESIAN_POINT('',(2.086848798035E+03,996.4465458106));
#2945 = CARTESIAN_POINT('',(2.087357807095E+03,996.44255540347));
#2946 = CARTESIAN_POINT('',(2.087866816951E+03,996.43866818167));
#2947 = CARTESIAN_POINT('',(2.088375827762E+03,996.43490925614));
#2948 = CARTESIAN_POINT('',(2.089711821666E+03,996.4254491478));
#2949 = CARTESIAN_POINT('',(2.090538806229E+03,996.42000155924));
#2950 = CARTESIAN_POINT('',(2.091365794353E+03,996.41507570884));
#2951 = CARTESIAN_POINT('',(2.092192786501E+03,996.41079398733));
#2952 = CARTESIAN_POINT('',(2.09301978262E+03,996.40728857211));
#2953 = CARTESIAN_POINT('',(2.093846782138E+03,996.40470233019));
#2954 = CARTESIAN_POINT('',(2.094673783974E+03,996.4031897213));
#2955 = CARTESIAN_POINT('',(2.096899240393E+03,996.40245771685));
#2956 = CARTESIAN_POINT('',(2.09829767729E+03,996.40554509421));
#2957 = CARTESIAN_POINT('',(2.099696109508E+03,996.4129894589));
#2958 = CARTESIAN_POINT('',(2.101094524126E+03,996.42570117925));
#2959 = CARTESIAN_POINT('',(2.102492882334E+03,996.44472482985));
#2960 = CARTESIAN_POINT('',(2.103891119268E+03,996.47125472444));
#2961 = CARTESIAN_POINT('',(2.105289143167E+03,996.50669406752));
#2962 = CARTESIAN_POINT('',(2.107305712916E+03,996.57324296441));
#2963 = CARTESIAN_POINT('',(2.107924522061E+03,996.5957617052));
#2964 = CARTESIAN_POINT('',(2.108543249077E+03,996.6205294494));
#2965 = CARTESIAN_POINT('',(2.109161878401E+03,996.64771565261));
#2966 = CARTESIAN_POINT('',(2.1097803899E+03,996.67750675181));
#2967 = CARTESIAN_POINT('',(2.110398758629E+03,996.71011119227));
#2968 = CARTESIAN_POINT('',(2.111016954413E+03,996.74576800256));
#2969 = CARTESIAN_POINT('',(2.112268908028E+03,996.82475806405));
#2970 = CARTESIAN_POINT('',(2.112902638581E+03,996.8682647916));
#2971 = CARTESIAN_POINT('',(2.113536107617E+03,996.91558588706));
#2972 = CARTESIAN_POINT('',(2.11416926886E+03,996.96707101331));
#2973 = CARTESIAN_POINT('',(2.114802051855E+03,997.02314391885));
#2974 = CARTESIAN_POINT('',(2.115434361051E+03,997.08431331471));
#2975 = CARTESIAN_POINT('',(2.116066070925E+03,997.15122712978));
#2976 = CARTESIAN_POINT('',(2.116965627652E+03,997.2561712226));
#2977 = CARTESIAN_POINT('',(2.117234101021E+03,997.28872140775));
#2978 = CARTESIAN_POINT('',(2.117502418036E+03,997.3225574231));
#2979 = CARTESIAN_POINT('',(2.117770561516E+03,997.35776298994));
#2980 = CARTESIAN_POINT('',(2.118038509949E+03,997.39443365828));
#2981 = CARTESIAN_POINT('',(2.11830623693E+03,997.43268094474));
#2982 = CARTESIAN_POINT('',(2.118573710166E+03,997.47263948857));
#2983 = CARTESIAN_POINT('',(2.119098200678E+03,997.55476953173));
#2984 = CARTESIAN_POINT('',(2.119355227129E+03,997.59680281757));
#2985 = CARTESIAN_POINT('',(2.119611944053E+03,997.64072958961));
#2986 = CARTESIAN_POINT('',(2.119868309324E+03,997.68672786818));
#2987 = CARTESIAN_POINT('',(2.120124260401E+03,997.73501885282));
#2988 = CARTESIAN_POINT('',(2.120379712911E+03,997.7858746255));
#2989 = CARTESIAN_POINT('',(2.120634554611E+03,997.83964982476));
#2990 = CARTESIAN_POINT('',(2.12110000343E+03,997.94447639496));
#2991 = CARTESIAN_POINT('',(2.121310737316E+03,997.99444298565));
#2992 = CARTESIAN_POINT('',(2.121520840461E+03,998.04708754783));
#2993 = CARTESIAN_POINT('',(2.121730215711E+03,998.10282404841));
#2994 = CARTESIAN_POINT('',(2.121938680492E+03,998.16211107023));
#2995 = CARTESIAN_POINT('',(2.122145879208E+03,998.22570784367));
#2996 = CARTESIAN_POINT('',(2.122351349937E+03,998.29448108671));
#2997 = CARTESIAN_POINT('',(2.122649483047E+03,998.40620258641));
#2998 = CARTESIAN_POINT('',(2.122744085798E+03,998.44346965131));
#2999 = CARTESIAN_POINT('',(2.122837989322E+03,998.48253032587));
#3000 = CARTESIAN_POINT('',(2.122931077642E+03,998.52366948283));
#3001 = CARTESIAN_POINT('',(2.123023140151E+03,998.56720206622));
#3002 = CARTESIAN_POINT('',(2.123113802086E+03,998.61359267017));
#3003 = CARTESIAN_POINT('',(2.123202568806E+03,998.66338394646));
#3004 = CARTESIAN_POINT('',(2.123334361363E+03,998.74669048271));
#3005 = CARTESIAN_POINT('',(2.123379271275E+03,998.77687179166));
#3006 = CARTESIAN_POINT('',(2.123423231342E+03,998.80849452729));
#3007 = CARTESIAN_POINT('',(2.123466068947E+03,998.8417737105));
#3008 = CARTESIAN_POINT('',(2.123507462201E+03,998.87694061193));
#3009 = CARTESIAN_POINT('',(2.123546944619E+03,998.91424000814));
#3010 = CARTESIAN_POINT('',(2.123583881499E+03,998.95395833687));
#3011 = CARTESIAN_POINT('',(2.123641111286E+03,999.02673998987));
#3012 = CARTESIAN_POINT('',(2.123663139415E+03,999.05840592053));
#3013 = CARTESIAN_POINT('',(2.123683046353E+03,999.09160873808));
#3014 = CARTESIAN_POINT('',(2.123700311028E+03,999.12634822403));
#3015 = CARTESIAN_POINT('',(2.123714337418E+03,999.16253241698));
#3016 = CARTESIAN_POINT('',(2.123724525962E+03,999.19995313105));
#3017 = CARTESIAN_POINT('',(2.123730416526E+03,999.2382341054));
#3018 = CARTESIAN_POINT('',(2.123733135969E+03,999.30651658434));
#3019 = CARTESIAN_POINT('',(2.123731677986E+03,999.33550449258));
#3020 = CARTESIAN_POINT('',(2.123727875129E+03,999.36459714829));
#3021 = CARTESIAN_POINT('',(2.123721572648E+03,999.39426112667));
#3022 = CARTESIAN_POINT('',(2.123712499448E+03,999.42459346111));
#3023 = CARTESIAN_POINT('',(2.123700509369E+03,999.45538903866));
#3024 = CARTESIAN_POINT('',(2.1236857595E+03,999.48619312649));
#3025 = CARTESIAN_POINT('',(2.123651722826E+03,999.54687060262));
#3026 = CARTESIAN_POINT('',(2.123631915202E+03,999.57754450548));
#3027 = CARTESIAN_POINT('',(2.123609418284E+03,999.6083527285));
#3028 = CARTESIAN_POINT('',(2.123584209847E+03,999.6393046342));
#3029 = CARTESIAN_POINT('',(2.123556263237E+03,999.67040980064));
#3030 = CARTESIAN_POINT('',(2.123525547376E+03,999.70167802139));
#3031 = CARTESIAN_POINT('',(2.12349202676E+03,999.73311930557));
#3032 = CARTESIAN_POINT('',(2.12342590796E+03,999.79061858872));
#3033 = CARTESIAN_POINT('',(2.123394249806E+03,999.81661612477));
#3034 = CARTESIAN_POINT('',(2.12336066508E+03,999.84274214154));
#3035 = CARTESIAN_POINT('',(2.123325129453E+03,999.86900244031));
#3036 = CARTESIAN_POINT('',(2.123287616192E+03,999.89540296812));
#3037 = CARTESIAN_POINT('',(2.123248096158E+03,999.92194981772));
#3038 = CARTESIAN_POINT('',(2.123206537802E+03,999.94864922765));
#3039 = CARTESIAN_POINT('',(2.123114428754E+03,1.00000535016E+03));
#3040 = CARTESIAN_POINT('',(2.123063391321E+03,1.00003538927E+03));
#3041 = CARTESIAN_POINT('',(2.12300974842E+03,1.000065633399E+03));
#3042 = CARTESIAN_POINT('',(2.122953448978E+03,1.000096091609E+03));
#3043 = CARTESIAN_POINT('',(2.122894437237E+03,1.000126773404E+03));
#3044 = CARTESIAN_POINT('',(2.122832652679E+03,1.000157688601E+03));
#3045 = CARTESIAN_POINT('',(2.122768029956E+03,1.0001888472E+03));
#3046 = CARTESIAN_POINT('',(2.122525644595E+03,1.000301592558E+03));
#3047 = CARTESIAN_POINT('',(2.122348028532E+03,1.000376840947E+03));
#3048 = CARTESIAN_POINT('',(2.122168541765E+03,1.00044765962E+03));
#3049 = CARTESIAN_POINT('',(2.121987647977E+03,1.000514786923E+03));
#3050 = CARTESIAN_POINT('',(2.121805702984E+03,1.000578850426E+03));
#3051 = CARTESIAN_POINT('',(2.121622902974E+03,1.000640249319E+03));
#3052 = CARTESIAN_POINT('',(2.121439363758E+03,1.000699339207E+03));
#3053 = CARTESIAN_POINT('',(2.12106248272E+03,1.000816053845E+03));
#3054 = CARTESIAN_POINT('',(2.120869169869E+03,1.000873461773E+03));
#3055 = CARTESIAN_POINT('',(2.120675282699E+03,1.000928924615E+03));
#3056 = CARTESIAN_POINT('',(2.120480908773E+03,1.000982660921E+03));
#3057 = CARTESIAN_POINT('',(2.120286114824E+03,1.001034839177E+03));
#3058 = CARTESIAN_POINT('',(2.120090952468E+03,1.001085598006E+03));
#3059 = CARTESIAN_POINT('',(2.119895460933E+03,1.001135056083E+03));
#3060 = CARTESIAN_POINT('',(2.119462792241E+03,1.001241692207E+03));
#3061 = CARTESIAN_POINT('',(2.119225484555E+03,1.001298310974E+03));
#3062 = CARTESIAN_POINT('',(2.118987799939E+03,1.001353342295E+03));
#3063 = CARTESIAN_POINT('',(2.118749783153E+03,1.00140692291E+03));
#3064 = CARTESIAN_POINT('',(2.118511470269E+03,1.001459164026E+03));
#3065 = CARTESIAN_POINT('',(2.118272890574E+03,1.001510159656E+03));
#3066 = CARTESIAN_POINT('',(2.118034067617E+03,1.001559991323E+03));
#3067 = CARTESIAN_POINT('',(2.117164484263E+03,1.001737284457E+03));
#3068 = CARTESIAN_POINT('',(2.116532413488E+03,1.001858224634E+03));
#3069 = CARTESIAN_POINT('',(2.115899141671E+03,1.001972838677E+03));
#3070 = CARTESIAN_POINT('',(2.115264890188E+03,1.002081908699E+03));
#3071 = CARTESIAN_POINT('',(2.114629822031E+03,1.00218601659E+03));
#3072 = CARTESIAN_POINT('',(2.113994057066E+03,1.002285632053E+03));
#3073 = CARTESIAN_POINT('',(2.113357672718E+03,1.00238111785E+03));
#3074 = CARTESIAN_POINT('',(2.112071689523E+03,1.002566195053E+03));
#3075 = CARTESIAN_POINT('',(2.111422095108E+03,1.002655636296E+03));
#3076 = CARTESIAN_POINT('',(2.110772003349E+03,1.002741436357E+03));
#3077 = CARTESIAN_POINT('',(2.110121472712E+03,1.002823854275E+03));
#3078 = CARTESIAN_POINT('',(2.109470551419E+03,1.002903105156E+03));
#3079 = CARTESIAN_POINT('',(2.108819279353E+03,1.002979375042E+03));
#3080 = CARTESIAN_POINT('',(2.108167689089E+03,1.003052829048E+03));
#3081 = CARTESIAN_POINT('',(2.10615234415E+03,1.003271662139E+03));
#3082 = CARTESIAN_POINT('',(2.104787626443E+03,1.003408028226E+03));
#3083 = CARTESIAN_POINT('',(2.10342189123E+03,1.003534047954E+03));
#3084 = CARTESIAN_POINT('',(2.102055323895E+03,1.003650723065E+03));
#3085 = CARTESIAN_POINT('',(2.100688072113E+03,1.003758890981E+03));
#3086 = CARTESIAN_POINT('',(2.099320250922E+03,1.003859283434E+03));
#3087 = CARTESIAN_POINT('',(2.09795194375E+03,1.003952538827E+03));
#3088 = CARTESIAN_POINT('',(2.095216451023E+03,1.004125804076E+03));
#3089 = CARTESIAN_POINT('',(2.093849285272E+03,1.004205831631E+03));
#3090 = CARTESIAN_POINT('',(2.09248177609E+03,1.00427988884E+03));
#3091 = CARTESIAN_POINT('',(2.091113981036E+03,1.004348482185E+03));
#3092 = CARTESIAN_POINT('',(2.089745948125E+03,1.00441206664E+03));
#3093 = CARTESIAN_POINT('',(2.088377716309E+03,1.00447105505E+03));
#3094 = CARTESIAN_POINT('',(2.08700931572E+03,1.004525822988E+03));
#3095 = CARTESIAN_POINT('',(2.082794573271E+03,1.004682537816E+03));
#3096 = CARTESIAN_POINT('',(2.079947790159E+03,1.00477157562E+03));
#3097 = CARTESIAN_POINT('',(2.077100591198E+03,1.004846872615E+03));
#3098 = CARTESIAN_POINT('',(2.074253110582E+03,1.004910812479E+03));
#3099 = CARTESIAN_POINT('',(2.071405446069E+03,1.004965194009E+03));
#3100 = CARTESIAN_POINT('',(2.068557659079E+03,1.005011232485E+03));
#3101 = CARTESIAN_POINT('',(2.065709774122E+03,1.005049534406E+03));
#3102 = CARTESIAN_POINT('',(2.0593072315E+03,1.005118246677E+03));
#3103 = CARTESIAN_POINT('',(2.055752677026E+03,1.005144339403E+03));
#3104 = CARTESIAN_POINT('',(2.052198008202E+03,1.00515837838E+03));
#3105 = CARTESIAN_POINT('',(2.048643217941E+03,1.005158864592E+03));
#3106 = CARTESIAN_POINT('',(2.045088399026E+03,1.00514280307E+03));
#3107 = CARTESIAN_POINT('',(2.041533746323E+03,1.005105561619E+03));
#3108 = CARTESIAN_POINT('',(2.037979556265E+03,1.005040880211E+03));
#3109 = CARTESIAN_POINT('',(2.033200894859E+03,1.0049052019E+03));
#3110 = CARTESIAN_POINT('',(2.031975681667E+03,1.004866106325E+03));
#3111 = CARTESIAN_POINT('',(2.030750617296E+03,1.004822347026E+03));
#3112 = CARTESIAN_POINT('',(2.029525734896E+03,1.004773528632E+03));
#3113 = CARTESIAN_POINT('',(2.028301078358E+03,1.004719217186E+03));
#3114 = CARTESIAN_POINT('',(2.027076702628E+03,1.004658933092E+03));
#3115 = CARTESIAN_POINT('',(2.025852674254E+03,1.004592138899E+03));
#3116 = CARTESIAN_POINT('',(2.023388455485E+03,1.004443277044E+03));
#3117 = CARTESIAN_POINT('',(2.022148304895E+03,1.004361011823E+03));
#3118 = CARTESIAN_POINT('',(2.020908681764E+03,1.004270783814E+03));
#3119 = CARTESIAN_POINT('',(2.019669687119E+03,1.004171877943E+03));
#3120 = CARTESIAN_POINT('',(2.018431466198E+03,1.004063462308E+03));
#3121 = CARTESIAN_POINT('',(2.017194209482E+03,1.003944575483E+03));
#3122 = CARTESIAN_POINT('',(2.015958159379E+03,1.003814051328E+03));
#3123 = CARTESIAN_POINT('',(2.014184256206E+03,1.003607475647E+03));
#3124 = CARTESIAN_POINT('',(2.013645177876E+03,1.003542137134E+03));
#3125 = CARTESIAN_POINT('',(2.013106422864E+03,1.003474138559E+03));
#3126 = CARTESIAN_POINT('',(2.0125680246E+03,1.003403329193E+03));
#3127 = CARTESIAN_POINT('',(2.01203002393E+03,1.003329539364E+03));
#3128 = CARTESIAN_POINT('',(2.011492470075E+03,1.003252573466E+03));
#3129 = CARTESIAN_POINT('',(2.010955422372E+03,1.003172197441E+03));
#3130 = CARTESIAN_POINT('',(2.009864195779E+03,1.003001177975E+03));
#3131 = CARTESIAN_POINT('',(2.009310089147E+03,1.002910283487E+03));
#3132 = CARTESIAN_POINT('',(2.00875668452E+03,1.002815107286E+03));
#3133 = CARTESIAN_POINT('',(2.008204072218E+03,1.002715269351E+03));
#3134 = CARTESIAN_POINT('',(2.007652394869E+03,1.002610275991E+03));
#3135 = CARTESIAN_POINT('',(2.007101847714E+03,1.002499516616E+03));
#3136 = CARTESIAN_POINT('',(2.006552696613E+03,1.002382169877E+03));
#3137 = CARTESIAN_POINT('',(2.005792626901E+03,1.002208172018E+03));
#3138 = CARTESIAN_POINT('',(2.005580187276E+03,1.002158275604E+03));
#3139 = CARTESIAN_POINT('',(2.00536804885E+03,1.002107098796E+03));
#3140 = CARTESIAN_POINT('',(2.005156242492E+03,1.002054547922E+03));
#3141 = CARTESIAN_POINT('',(2.004944807138E+03,1.002000514758E+03));
#3142 = CARTESIAN_POINT('',(2.004733791296E+03,1.001944870628E+03));
#3143 = CARTESIAN_POINT('',(2.004523255841E+03,1.001887455619E+03));
#3144 = CARTESIAN_POINT('',(2.004154062455E+03,1.001783028341E+03));
#3145 = CARTESIAN_POINT('',(2.003995174393E+03,1.001736858307E+03));
#3146 = CARTESIAN_POINT('',(2.003836642835E+03,1.001689462245E+03));
#3147 = CARTESIAN_POINT('',(2.003678509599E+03,1.001640732298E+03));
#3148 = CARTESIAN_POINT('',(2.003520829311E+03,1.001590543198E+03));
#3149 = CARTESIAN_POINT('',(2.003363672058E+03,1.00153874392E+03));
#3150 = CARTESIAN_POINT('',(2.003207128783E+03,1.001485141082E+03));
#3151 = CARTESIAN_POINT('',(2.002894002653E+03,1.001373268579E+03));
#3152 = CARTESIAN_POINT('',(2.002737541499E+03,1.001314996236E+03));
#3153 = CARTESIAN_POINT('',(2.002581955073E+03,1.001254359863E+03));
#3154 = CARTESIAN_POINT('',(2.002427381927E+03,1.001190992351E+03));
#3155 = CARTESIAN_POINT('',(2.002274060126E+03,1.001124487598E+03));
#3156 = CARTESIAN_POINT('',(2.002122420265E+03,1.001054216551E+03));
#3157 = CARTESIAN_POINT('',(2.001973023655E+03,1.000979446707E+03));
#3158 = CARTESIAN_POINT('',(2.001763409681E+03,1.000863352321E+03));
#3159 = CARTESIAN_POINT('',(2.001700560967E+03,1.000827036014E+03));
#3160 = CARTESIAN_POINT('',(2.001638448533E+03,1.000789438256E+03));
#3161 = CARTESIAN_POINT('',(2.001577185673E+03,1.000750399786E+03));
#3162 = CARTESIAN_POINT('',(2.001516957217E+03,1.00070973215E+03));
#3163 = CARTESIAN_POINT('',(2.001458019971E+03,1.000667216073E+03));
#3164 = CARTESIAN_POINT('',(2.001400723398E+03,1.000622570994E+03));
#3165 = CARTESIAN_POINT('',(2.001307053198E+03,1.000542347319E+03));
#3166 = CARTESIAN_POINT('',(2.001269655938E+03,1.000508156201E+03));
#3167 = CARTESIAN_POINT('',(2.0012334998E+03,1.000472576721E+03));
#3168 = CARTESIAN_POINT('',(2.00119882356E+03,1.000435430021E+03));
#3169 = CARTESIAN_POINT('',(2.001165998938E+03,1.000396556962E+03));
#3170 = CARTESIAN_POINT('',(2.001135534124E+03,1.000355815122E+03));
#3171 = CARTESIAN_POINT('',(2.001108081268E+03,1.000313072939E+03));
#3172 = CARTESIAN_POINT('',(2.001048388041E+03,1.00019973522E+03));
#3173 = CARTESIAN_POINT('',(2.001019864858E+03,1.000123737054E+03));
#3174 = CARTESIAN_POINT('',(2.001005573991E+03,1.00004412887E+03));
#3175 = CARTESIAN_POINT('',(2.001008994274E+03,999.9640948596));
#3176 = CARTESIAN_POINT('',(2.001029643248E+03,999.88619769384));
#3177 = CARTESIAN_POINT('',(2.001064398101E+03,999.8125443785));
#3178 = CARTESIAN_POINT('',(2.00110839371E+03,999.74495365241));
#3179 = CARTESIAN_POINT('',(2.00120693066E+03,999.6211062017));
#3180 = CARTESIAN_POINT('',(2.001264472482E+03,999.56282652805));
#3181 = CARTESIAN_POINT('',(2.001326392889E+03,999.50892566744));
#3182 = CARTESIAN_POINT('',(2.001391399634E+03,999.45881318722));
#3183 = CARTESIAN_POINT('',(2.00145850022E+03,999.41189295714));
#3184 = CARTESIAN_POINT('',(2.001527167308E+03,999.3677198285));
#3185 = CARTESIAN_POINT('',(2.001597156539E+03,999.32582848589));
#3186 = CARTESIAN_POINT('',(2.001782955393E+03,999.22160862053));
#3187 = CARTESIAN_POINT('',(2.001900164782E+03,999.1626150847));
#3188 = CARTESIAN_POINT('',(2.002019310565E+03,999.10749095945));
#3189 = CARTESIAN_POINT('',(2.002139898734E+03,999.05560974126));
#3190 = CARTESIAN_POINT('',(2.002261557713E+03,999.00644697281));
#3191 = CARTESIAN_POINT('',(2.002384073952E+03,998.95964644545));
#3192 = CARTESIAN_POINT('',(2.002507327116E+03,998.91489236078));
#3193 = CARTESIAN_POINT('',(2.002753579373E+03,998.82954564066));
#3194 = CARTESIAN_POINT('',(2.002876467105E+03,998.78893560186));
#3195 = CARTESIAN_POINT('',(2.002999861796E+03,998.74986960553));
#3196 = CARTESIAN_POINT('',(2.003123684877E+03,998.71217898348));
#3197 = CARTESIAN_POINT('',(2.003247875691E+03,998.67573112182));
#3198 = CARTESIAN_POINT('',(2.003372387188E+03,998.64041566642));
#3199 = CARTESIAN_POINT('',(2.003497183791E+03,998.60613748729));
#3200 = CARTESIAN_POINT('',(2.003899111618E+03,998.49904548951));
#3201 = CARTESIAN_POINT('',(2.004177218083E+03,998.42997571316));
#3202 = CARTESIAN_POINT('',(2.004456268644E+03,998.36473591361));
#3203 = CARTESIAN_POINT('',(2.004736069424E+03,998.30278823893));
#3204 = CARTESIAN_POINT('',(2.005016479614E+03,998.24373260766));
#3205 = CARTESIAN_POINT('',(2.005297398375E+03,998.18724811095));
#3206 = CARTESIAN_POINT('',(2.005578763683E+03,998.13308701815));
#3207 = CARTESIAN_POINT('',(2.006181077267E+03,998.02182830466));
#3208 = CARTESIAN_POINT('',(2.006502114886E+03,997.96535752139));
#3209 = CARTESIAN_POINT('',(2.00682357768E+03,997.91132174549));
#3210 = CARTESIAN_POINT('',(2.007145404755E+03,997.85949140815));
#3211 = CARTESIAN_POINT('',(2.007467548247E+03,997.80968465643));
#3212 = CARTESIAN_POINT('',(2.007789970463E+03,997.76174994776));
#3213 = CARTESIAN_POINT('',(2.008112642412E+03,997.71555690921));
#3214 = CARTESIAN_POINT('',(2.008435543733E+03,997.67099546163));
#3215 = ( GEOMETRIC_REPRESENTATION_CONTEXT(2) 
PARAMETRIC_REPRESENTATION_CONTEXT() REPRESENTATION_CONTEXT('2D SPACE',''
  ) );
#3216 = ADVANCED_FACE('',(#3217),#2137,.F.);
#3217 = FACE_BOUND('',#3218,.T.);
#3218 = EDGE_LOOP('',(#3219));
#3219 = ORIENTED_EDGE('',*,*,#2111,.T.);
#3220 = ADVANCED_FACE('',(#3221),#2086,.T.);
#3221 = FACE_BOUND('',#3222,.T.);
#3222 = EDGE_LOOP('',(#3223));
#3223 = ORIENTED_EDGE('',*,*,#2060,.F.);
#3224 = ADVANCED_FACE('',(#3225),#2863,.F.);
#3225 = FACE_BOUND('',#3226,.F.);
#3226 = EDGE_LOOP('',(#3227));
#3227 = ORIENTED_EDGE('',*,*,#2163,.T.);
#3228 = ( GEOMETRIC_REPRESENTATION_CONTEXT(3) 
GLOBAL_UNCERTAINTY_ASSIGNED_CONTEXT((#3232)) 
GLOBAL_UNIT_ASSIGNED_CONTEXT((#3229,#3230,#3231)) REPRESENTATION_CONTEXT
('Context #1','3D Context with UNIT and UNCERTAINTY') );
#3229 = ( LENGTH_UNIT() NAMED_UNIT(*) SI_UNIT(.MILLI.,.METRE.) );
#3230 = ( NAMED_UNIT(*) PLANE_ANGLE_UNIT() SI_UNIT($,.RADIAN.) );
#3231 = ( NAMED_UNIT(*) SI_UNIT($,.STERADIAN.) SOLID_ANGLE_UNIT() );
#3232 = UNCERTAINTY_MEASURE_WITH_UNIT(LENGTH_MEASURE(1.E-06),#3229,
  'distance_accuracy_value','confusion accuracy');
#3233 = CONTEXT_DEPENDENT_SHAPE_REPRESENTATION(#3234,#3236);
#3234 = ( REPRESENTATION_RELATIONSHIP('','',#1934,#10) 
REPRESENTATION_RELATIONSHIP_WITH_TRANSFORMATION(#3235) 
SHAPE_REPRESENTATION_RELATIONSHIP() );
#3235 = ITEM_DEFINED_TRANSFORMATION('','',#11,#27);
#3236 = PRODUCT_DEFINITION_SHAPE('Placement','Placement of an item',
  #3237);
#3237 = NEXT_ASSEMBLY_USAGE_OCCURRENCE('4','leek_1','',#5,#1929,$);
#3238 = PRODUCT_RELATED_PRODUCT_CATEGORY('part',$,(#1931));
#3239 = SHAPE_DEFINITION_REPRESENTATION(#3240,#3246);
#3240 = PRODUCT_DEFINITION_SHAPE('','',#3241);
#3241 = PRODUCT_DEFINITION('design','',#3242,#3245);
#3242 = PRODUCT_DEFINITION_FORMATION('','',#3243);
#3243 = PRODUCT('leek_2','leek_2','',(#3244));
#3244 = PRODUCT_CONTEXT('',#2,'mechanical');
#3245 = PRODUCT_DEFINITION_CONTEXT('part definition',#2,'design');
#3246 = ADVANCED_BREP_SHAPE_REPRESENTATION('',(#11,#3247),#4456);
#3247 = MANIFOLD_SOLID_BREP('',#3248);
#3248 = CLOSED_SHELL('',(#3249,#4444,#4448,#4452));
#3249 = ADVANCED_FACE('',(#3250,#3472),#3267,.T.);
#3250 = FACE_BOUND('',#3251,.T.);
#3251 = EDGE_LOOP('',(#3252,#3371,#3421,#3422));
#3252 = ORIENTED_EDGE('',*,*,#3253,.F.);
#3253 = EDGE_CURVE('',#3254,#3256,#3258,.T.);
#3254 = VERTEX_POINT('',#3255);
#3255 = CARTESIAN_POINT('',(7.105427357601E-16,3.2,-7.105427357601E-16)
  );
#3256 = VERTEX_POINT('',#3257);
#3257 = CARTESIAN_POINT('',(136.,2.2,-4.884981308351E-16));
#3258 = SEAM_CURVE('',#3259,(#3266,#3364),.PCURVE_S1.);
#3259 = ( BOUNDED_CURVE() B_SPLINE_CURVE(5,(#3260,#3261,#3262,#3263,
#3264,#3265),.UNSPECIFIED.,.F.,.F.) B_SPLINE_CURVE_WITH_KNOTS((6,6),(0.,
1.),.PIECEWISE_BEZIER_KNOTS.) CURVE() GEOMETRIC_REPRESENTATION_ITEM() 
RATIONAL_B_SPLINE_CURVE((1.,1.,1.,1.,1.,1.)) REPRESENTATION_ITEM('') );
#3260 = CARTESIAN_POINT('',(7.105427357601E-16,3.2,-2.012554999787E-15)
  );
#3261 = CARTESIAN_POINT('',(26.947124837292,7.799373197943,
    3.238155616389E-15));
#3262 = CARTESIAN_POINT('',(54.589807270271,6.104281788169,
    -2.523415656735E-14));
#3263 = CARTESIAN_POINT('',(81.437258074481,6.434980982596,
    2.518321816878E-14));
#3264 = CARTESIAN_POINT('',(109.04078036264,6.702450475566,
    -3.292270386835E-15));
#3265 = CARTESIAN_POINT('',(136.,2.2,-2.779070011151E-15));
#3266 = PCURVE('',#3267,#3358);
#3267 = ( BOUNDED_SURFACE() B_SPLINE_SURFACE(14,5,(
    (#3268,#3269,#3270,#3271,#3272,#3273)
    ,(#3274,#3275,#3276,#3277,#3278,#3279)
    ,(#3280,#3281,#3282,#3283,#3284,#3285)
    ,(#3286,#3287,#3288,#3289,#3290,#3291)
    ,(#3292,#3293,#3294,#3295,#3296,#3297)
    ,(#3298,#3299,#3300,#3301,#3302,#3303)
    ,(#3304,#3305,#3306,#3307,#3308,#3309)
    ,(#3310,#3311,#3312,#3313,#3314,#3315)
    ,(#3316,#3317,#3318,#3319,#3320,#3321)
    ,(#3322,#3323,#3324,#3325,#3326,#3327)
    ,(#3328,#3329,#3330,#3331,#3332,#3333)
    ,(#3334,#3335,#3336,#3337,#3338,#3339)
    ,(#3340,#3341,#3342,#3343,#3344,#3345)
    ,(#3346,#3347,#3348,#3349,#3350,#3351)
    ,(#3352,#3353,#3354,#3355,#3356,#3357
)),.UNSPECIFIED.,.T.,.F.,.F.) B_SPLINE_SURFACE_WITH_KNOTS((15,15),(6,6),
  (0.,1.),(0.,1.),.PIECEWISE_BEZIER_KNOTS.) 
GEOMETRIC_REPRESENTATION_ITEM() RATIONAL_B_SPLINE_SURFACE((
    (1.,1.,1.,1.,1.,1.)
    ,(1.,1.,1.,1.,1.,1.)
    ,(1.,1.,1.,1.,1.,1.)
    ,(1.,1.,1.,1.,1.,1.)
    ,(1.,1.,1.,1.,1.,1.)
    ,(1.,1.,1.,1.,1.,1.)
    ,(1.,1.,1.,1.,1.,1.)
    ,(1.,1.,1.,1.,1.,1.)
    ,(1.,1.,1.,1.,1.,1.)
    ,(1.,1.,1.,1.,1.,1.)
    ,(1.,1.,1.,1.,1.,1.)
    ,(1.,1.,1.,1.,1.,1.)
    ,(1.,1.,1.,1.,1.,1.)
    ,(1.,1.,1.,1.,1.,1.)
,(1.,1.,1.,1.,1.,1.))) REPRESENTATION_ITEM('') SURFACE() );
#3268 = CARTESIAN_POINT('',(7.105427357601E-16,3.2,-2.012554999787E-15)
  );
#3269 = CARTESIAN_POINT('',(26.947124837292,7.799373197943,
    3.238155616389E-15));
#3270 = CARTESIAN_POINT('',(54.589807270271,6.104281788169,
    -2.523415656735E-14));
#3271 = CARTESIAN_POINT('',(81.437258074481,6.434980982596,
    2.518321816878E-14));
#3272 = CARTESIAN_POINT('',(109.04078036264,6.702450475566,
    -3.292270386835E-15));
#3273 = CARTESIAN_POINT('',(136.,2.2,-2.779070011151E-15));
#3274 = CARTESIAN_POINT('',(7.105427357602E-16,3.2,1.166877271333));
#3275 = CARTESIAN_POINT('',(26.947124837292,7.799373197945,
    2.439374052369));
#3276 = CARTESIAN_POINT('',(54.589807270271,6.104281788166,
    1.826461978002));
#3277 = CARTESIAN_POINT('',(81.437258074481,6.434980982601,
    1.702711125525));
#3278 = CARTESIAN_POINT('',(109.04078036264,6.702450475566,
    2.243218449516));
#3279 = CARTESIAN_POINT('',(136.,2.2,1.077117481231));
#3280 = CARTESIAN_POINT('',(5.564149512949E-16,2.505870167315,
    2.333754973392));
#3281 = CARTESIAN_POINT('',(26.947124837292,6.261912817782,
    4.878749005156));
#3282 = CARTESIAN_POINT('',(54.589807270271,4.94284132088,3.652924630172
    ));
#3283 = CARTESIAN_POINT('',(81.437258074481,5.392537738376,
    3.405422879585));
#3284 = CARTESIAN_POINT('',(109.04078036264,5.217953557962,
    4.486437727029));
#3285 = CARTESIAN_POINT('',(136.,1.549253281859,2.154235360054));
#3286 = CARTESIAN_POINT('',(2.481677936554E-16,1.117648383032,
    3.205330301079));
#3287 = CARTESIAN_POINT('',(26.947124837292,3.186938615928,
    6.700790012666));
#3288 = CARTESIAN_POINT('',(54.589807270271,2.619962185938,
    5.017163386188));
#3289 = CARTESIAN_POINT('',(81.437258074481,3.307711472835,
    4.677228444395));
#3290 = CARTESIAN_POINT('',(109.04078036264,2.248887921402,
    6.161964282684));
#3291 = CARTESIAN_POINT('',(136.,0.247795359089,2.958766431766));
#3292 = CARTESIAN_POINT('',(-1.681433178074E-16,-0.757250183422,
    3.48633374917));
#3293 = CARTESIAN_POINT('',(26.947124837292,-0.965461316395,
    7.288231842765));
#3294 = CARTESIAN_POINT('',(54.589807270271,-0.516999367737,
    5.457005798105));
#3295 = CARTESIAN_POINT('',(81.437258074481,0.491981635766,
    5.087269593756));
#3296 = CARTESIAN_POINT('',(109.04078036264,-1.760408544141,
    6.702168582139));
#3297 = CARTESIAN_POINT('',(136.,-1.509922046953,3.218154230001));
#3298 = CARTESIAN_POINT('',(-6.002003761578E-16,-2.703062190412,
    2.987339838595));
#3299 = CARTESIAN_POINT('',(26.947124837292,-5.276489136522,
    6.245077753259));
#3300 = CARTESIAN_POINT('',(54.589807270271,-3.773314355213,
    4.675952445722));
#3301 = CARTESIAN_POINT('',(81.437258074481,-2.430208091405,
    4.359136049471));
#3302 = CARTESIAN_POINT('',(109.04078036264,-5.923097589036,
    5.742896880202));
#3303 = CARTESIAN_POINT('',(136.,-3.334120803517,2.757544466397));
#3304 = CARTESIAN_POINT('',(-9.302084076923E-16,-4.18928623826,
    1.731301637724));
#3305 = CARTESIAN_POINT('',(26.947124837292,-8.566396173706,
    3.619311469592));
#3306 = CARTESIAN_POINT('',(54.589807270271,-6.259215875485,
    2.709930762376));
#3307 = CARTESIAN_POINT('',(81.437258074481,-4.662265881749,
    2.526321004605));
#3308 = CARTESIAN_POINT('',(109.04078036264,-9.099377613271,
    3.328274421438));
#3309 = CARTESIAN_POINT('',(136.,-4.727455848364,1.598124588667));
#3310 = CARTESIAN_POINT('',(-1.054232242565E-15,-4.747839934779,
    -1.867320622083E-13));
#3311 = CARTESIAN_POINT('',(26.947124837292,-9.806281752767,
    1.129197042181E-10));
#3312 = CARTESIAN_POINT('',(54.589807270271,-7.195025167003,
    2.152964096516E-10));
#3313 = CARTESIAN_POINT('',(81.437258074481,-5.501035082901,
    -1.490308771566E-10));
#3314 = CARTESIAN_POINT('',(109.04078036264,-10.29695070505,
    2.384374664756E-10));
#3315 = CARTESIAN_POINT('',(136.,-5.251099938855,1.831632528053E-13));
#3316 = CARTESIAN_POINT('',(-9.302084076915E-16,-4.189286238256,
    -1.731301637724));
#3317 = CARTESIAN_POINT('',(26.947124837292,-8.566396173704,
    -3.619311469799));
#3318 = CARTESIAN_POINT('',(54.589807270271,-6.259215875484,
    -2.709930762769));
#3319 = CARTESIAN_POINT('',(81.437258074481,-4.662265881771,
    -2.526321004333));
#3320 = CARTESIAN_POINT('',(109.04078036264,-9.099377613251,
    -3.328274421875));
#3321 = CARTESIAN_POINT('',(136.,-4.727455848369,-1.598124588667));
#3322 = CARTESIAN_POINT('',(-6.002003761589E-16,-2.703062190417,
    -2.987339838594));
#3323 = CARTESIAN_POINT('',(26.947124837292,-5.276489136522,
    -6.245077753102));
#3324 = CARTESIAN_POINT('',(54.589807270271,-3.773314355216,
    -4.675952445426));
#3325 = CARTESIAN_POINT('',(81.437258074481,-2.43020809137,
    -4.359136049675));
#3326 = CARTESIAN_POINT('',(109.04078036264,-5.923097589066,
    -5.742896879869));
#3327 = CARTESIAN_POINT('',(136.,-3.334120803509,-2.757544466397));
#3328 = CARTESIAN_POINT('',(-1.681433178064E-16,-0.757250183418,
    -3.48633374917));
#3329 = CARTESIAN_POINT('',(26.947124837292,-0.965461316397,
    -7.288231842862));
#3330 = CARTESIAN_POINT('',(54.589807270271,-0.516999367732,
    -5.457005798286));
#3331 = CARTESIAN_POINT('',(81.437258074481,0.491981635733,
    -5.087269593632));
#3332 = CARTESIAN_POINT('',(109.04078036264,-1.760408544114,
    -6.702168582347));
#3333 = CARTESIAN_POINT('',(136.,-1.50992204696,-3.218154230001));
#3334 = CARTESIAN_POINT('',(2.481677936548E-16,1.117648383029,
    -3.205330301078));
#3335 = CARTESIAN_POINT('',(26.947124837292,3.18693861593,
    -6.700790012619));
#3336 = CARTESIAN_POINT('',(54.589807270271,2.619962185933,
    -5.017163386101));
#3337 = CARTESIAN_POINT('',(81.437258074481,3.307711472857,
    -4.677228444454));
#3338 = CARTESIAN_POINT('',(109.04078036264,2.248887921385,
    -6.161964282582));
#3339 = CARTESIAN_POINT('',(136.,0.247795359094,-2.958766431766));
#3340 = CARTESIAN_POINT('',(5.564149512952E-16,2.505870167316,
    -2.333754973392));
#3341 = CARTESIAN_POINT('',(26.947124837292,6.261912817781,
    -4.878749005173));
#3342 = CARTESIAN_POINT('',(54.589807270271,4.942841320883,
    -3.652924630203));
#3343 = CARTESIAN_POINT('',(81.437258074481,5.392537738366,
    -3.405422879565));
#3344 = CARTESIAN_POINT('',(109.04078036264,5.217953557969,
    -4.486437727066));
#3345 = CARTESIAN_POINT('',(136.,1.549253281857,-2.154235360054));
#3346 = CARTESIAN_POINT('',(7.105427357601E-16,3.2,-1.166877271333));
#3347 = CARTESIAN_POINT('',(26.947124837292,7.799373197945,
    -2.439374052365));
#3348 = CARTESIAN_POINT('',(54.589807270271,6.104281788165,
    -1.826461977996));
#3349 = CARTESIAN_POINT('',(81.437258074481,6.434980982603,
    -1.70271112553));
#3350 = CARTESIAN_POINT('',(109.04078036264,6.702450475564,
    -2.243218449508));
#3351 = CARTESIAN_POINT('',(136.,2.2,-1.077117481231));
#3352 = CARTESIAN_POINT('',(7.105427357601E-16,3.2,-2.087224558914E-15)
  );
#3353 = CARTESIAN_POINT('',(26.947124837292,7.799373197943,
    1.829153401078E-15));
#3354 = CARTESIAN_POINT('',(54.589807270271,6.104281788169,
    -3.673208765206E-15));
#3355 = CARTESIAN_POINT('',(81.437258074481,6.434980982596,
    3.676775702458E-15));
#3356 = CARTESIAN_POINT('',(109.04078036264,6.702450475566,
    -1.748667725614E-14));
#3357 = CARTESIAN_POINT('',(136.,2.2,4.530717267163E-15));
#3358 = DEFINITIONAL_REPRESENTATION('',(#3359),#3363);
#3359 = LINE('',#3360,#3361);
#3360 = CARTESIAN_POINT('',(0.,0.));
#3361 = VECTOR('',#3362,1.);
#3362 = DIRECTION('',(0.,1.));
#3363 = ( GEOMETRIC_REPRESENTATION_CONTEXT(2) 
PARAMETRIC_REPRESENTATION_CONTEXT() REPRESENTATION_CONTEXT('2D SPACE',''
  ) );
#3364 = PCURVE('',#3267,#3365);
#3365 = DEFINITIONAL_REPRESENTATION('',(#3366),#3370);
#3366 = LINE('',#3367,#3368);
#3367 = CARTESIAN_POINT('',(1.,0.));
#3368 = VECTOR('',#3369,1.);
#3369 = DIRECTION('',(0.,1.));
#3370 = ( GEOMETRIC_REPRESENTATION_CONTEXT(2) 
PARAMETRIC_REPRESENTATION_CONTEXT() REPRESENTATION_CONTEXT('2D SPACE',''
  ) );
#3371 = ORIENTED_EDGE('',*,*,#3372,.T.);
#3372 = EDGE_CURVE('',#3254,#3254,#3373,.T.);
#3373 = SURFACE_CURVE('',#3374,(#3390,#3397),.PCURVE_S1.);
#3374 = B_SPLINE_CURVE_WITH_KNOTS('',14,(#3375,#3376,#3377,#3378,#3379,
    #3380,#3381,#3382,#3383,#3384,#3385,#3386,#3387,#3388,#3389),
  .UNSPECIFIED.,.T.,.F.,(15,15),(0.,1.),.PIECEWISE_BEZIER_KNOTS.);
#3375 = CARTESIAN_POINT('',(7.105427357601E-16,3.2,-2.012554999787E-15)
  );
#3376 = CARTESIAN_POINT('',(7.105427357602E-16,3.2,1.166877271333));
#3377 = CARTESIAN_POINT('',(5.564149512949E-16,2.505870167315,
    2.333754973392));
#3378 = CARTESIAN_POINT('',(2.481677936554E-16,1.117648383032,
    3.205330301079));
#3379 = CARTESIAN_POINT('',(-1.681433178074E-16,-0.757250183422,
    3.48633374917));
#3380 = CARTESIAN_POINT('',(-6.002003761578E-16,-2.703062190412,
    2.987339838595));
#3381 = CARTESIAN_POINT('',(-9.302084076923E-16,-4.18928623826,
    1.731301637724));
#3382 = CARTESIAN_POINT('',(-1.054232242565E-15,-4.747839934779,
    -1.867320622083E-13));
#3383 = CARTESIAN_POINT('',(-9.302084076915E-16,-4.189286238256,
    -1.731301637724));
#3384 = CARTESIAN_POINT('',(-6.002003761589E-16,-2.703062190417,
    -2.987339838594));
#3385 = CARTESIAN_POINT('',(-1.681433178064E-16,-0.757250183418,
    -3.48633374917));
#3386 = CARTESIAN_POINT('',(2.481677936548E-16,1.117648383029,
    -3.205330301078));
#3387 = CARTESIAN_POINT('',(5.564149512952E-16,2.505870167316,
    -2.333754973392));
#3388 = CARTESIAN_POINT('',(7.105427357601E-16,3.2,-1.166877271333));
#3389 = CARTESIAN_POINT('',(7.105427357601E-16,3.2,-2.087224558914E-15)
  );
#3390 = PCURVE('',#3267,#3391);
#3391 = DEFINITIONAL_REPRESENTATION('',(#3392),#3396);
#3392 = LINE('',#3393,#3394);
#3393 = CARTESIAN_POINT('',(0.,0.));
#3394 = VECTOR('',#3395,1.);
#3395 = DIRECTION('',(1.,0.));
#3396 = ( GEOMETRIC_REPRESENTATION_CONTEXT(2) 
PARAMETRIC_REPRESENTATION_CONTEXT() REPRESENTATION_CONTEXT('2D SPACE',''
  ) );
#3397 = PCURVE('',#3398,#3403);
#3398 = PLANE('',#3399);
#3399 = AXIS2_PLACEMENT_3D('',#3400,#3401,#3402);
#3400 = CARTESIAN_POINT('',(7.105427357601E-16,3.2,-2.012554999787E-15)
  );
#3401 = DIRECTION('',(-1.,2.22044604925E-16,-4.930380657631E-32));
#3402 = DIRECTION('',(-2.22044604925E-16,-1.,5.122201969499E-16));
#3403 = DEFINITIONAL_REPRESENTATION('',(#3404),#3420);
#3404 = B_SPLINE_CURVE_WITH_KNOTS('',14,(#3405,#3406,#3407,#3408,#3409,
    #3410,#3411,#3412,#3413,#3414,#3415,#3416,#3417,#3418,#3419),
  .UNSPECIFIED.,.F.,.F.,(15,15),(0.,1.),.PIECEWISE_BEZIER_KNOTS.);
#3405 = CARTESIAN_POINT('',(0.,0.));
#3406 = CARTESIAN_POINT('',(-2.771116669464E-13,1.166877271333));
#3407 = CARTESIAN_POINT('',(0.694129832685,2.333754973392));
#3408 = CARTESIAN_POINT('',(2.082351616968,3.205330301079));
#3409 = CARTESIAN_POINT('',(3.957250183422,3.48633374917));
#3410 = CARTESIAN_POINT('',(5.903062190412,2.987339838595));
#3411 = CARTESIAN_POINT('',(7.38928623826,1.731301637724));
#3412 = CARTESIAN_POINT('',(7.947839934779,-1.887905513452E-13));
#3413 = CARTESIAN_POINT('',(7.389286238256,-1.731301637724));
#3414 = CARTESIAN_POINT('',(5.903062190417,-2.987339838594));
#3415 = CARTESIAN_POINT('',(3.957250183418,-3.48633374917));
#3416 = CARTESIAN_POINT('',(2.082351616971,-3.205330301078));
#3417 = CARTESIAN_POINT('',(0.694129832684,-2.333754973392));
#3418 = CARTESIAN_POINT('',(6.217248937901E-15,-1.166877271333));
#3419 = CARTESIAN_POINT('',(0.,-7.466955912737E-17));
#3420 = ( GEOMETRIC_REPRESENTATION_CONTEXT(2) 
PARAMETRIC_REPRESENTATION_CONTEXT() REPRESENTATION_CONTEXT('2D SPACE',''
  ) );
#3421 = ORIENTED_EDGE('',*,*,#3253,.T.);
#3422 = ORIENTED_EDGE('',*,*,#3423,.F.);
#3423 = EDGE_CURVE('',#3256,#3256,#3424,.T.);
#3424 = SURFACE_CURVE('',#3425,(#3441,#3448),.PCURVE_S1.);
#3425 = B_SPLINE_CURVE_WITH_KNOTS('',14,(#3426,#3427,#3428,#3429,#3430,
    #3431,#3432,#3433,#3434,#3435,#3436,#3437,#3438,#3439,#3440),
  .UNSPECIFIED.,.T.,.F.,(15,15),(0.,1.),.PIECEWISE_BEZIER_KNOTS.);
#3426 = CARTESIAN_POINT('',(136.,2.2,-2.779070011151E-15));
#3427 = CARTESIAN_POINT('',(136.,2.2,1.077117481231));
#3428 = CARTESIAN_POINT('',(136.,1.549253281859,2.154235360054));
#3429 = CARTESIAN_POINT('',(136.,0.247795359089,2.958766431766));
#3430 = CARTESIAN_POINT('',(136.,-1.509922046953,3.218154230001));
#3431 = CARTESIAN_POINT('',(136.,-3.334120803517,2.757544466397));
#3432 = CARTESIAN_POINT('',(136.,-4.727455848364,1.598124588667));
#3433 = CARTESIAN_POINT('',(136.,-5.251099938855,1.831632528053E-13));
#3434 = CARTESIAN_POINT('',(136.,-4.727455848369,-1.598124588667));
#3435 = CARTESIAN_POINT('',(136.,-3.334120803509,-2.757544466397));
#3436 = CARTESIAN_POINT('',(136.,-1.50992204696,-3.218154230001));
#3437 = CARTESIAN_POINT('',(136.,0.247795359094,-2.958766431766));
#3438 = CARTESIAN_POINT('',(136.,1.549253281857,-2.154235360054));
#3439 = CARTESIAN_POINT('',(136.,2.2,-1.077117481231));
#3440 = CARTESIAN_POINT('',(136.,2.2,4.530717267163E-15));
#3441 = PCURVE('',#3267,#3442);
#3442 = DEFINITIONAL_REPRESENTATION('',(#3443),#3447);
#3443 = LINE('',#3444,#3445);
#3444 = CARTESIAN_POINT('',(0.,1.));
#3445 = VECTOR('',#3446,1.);
#3446 = DIRECTION('',(1.,0.));
#3447 = ( GEOMETRIC_REPRESENTATION_CONTEXT(2) 
PARAMETRIC_REPRESENTATION_CONTEXT() REPRESENTATION_CONTEXT('2D SPACE',''
  ) );
#3448 = PCURVE('',#3449,#3454);
#3449 = PLANE('',#3450);
#3450 = AXIS2_PLACEMENT_3D('',#3451,#3452,#3453);
#3451 = CARTESIAN_POINT('',(136.,2.2,-2.779070011151E-15));
#3452 = DIRECTION('',(-1.,2.22044604925E-16,-4.930380657631E-32));
#3453 = DIRECTION('',(-2.22044604925E-16,-1.,6.963251735859E-16));
#3454 = DEFINITIONAL_REPRESENTATION('',(#3455),#3471);
#3455 = B_SPLINE_CURVE_WITH_KNOTS('',14,(#3456,#3457,#3458,#3459,#3460,
    #3461,#3462,#3463,#3464,#3465,#3466,#3467,#3468,#3469,#3470),
  .UNSPECIFIED.,.F.,.F.,(15,15),(0.,1.),.PIECEWISE_BEZIER_KNOTS.);
#3456 = CARTESIAN_POINT('',(0.,0.));
#3457 = CARTESIAN_POINT('',(8.260059303211E-14,1.077117481231));
#3458 = CARTESIAN_POINT('',(0.650746718141,2.154235360054));
#3459 = CARTESIAN_POINT('',(1.952204640911,2.958766431766));
#3460 = CARTESIAN_POINT('',(3.709922046953,3.218154230001));
#3461 = CARTESIAN_POINT('',(5.534120803517,2.757544466397));
#3462 = CARTESIAN_POINT('',(6.927455848364,1.598124588667));
#3463 = CARTESIAN_POINT('',(7.451099938855,1.807539343581E-13));
#3464 = CARTESIAN_POINT('',(6.927455848369,-1.598124588667));
#3465 = CARTESIAN_POINT('',(5.534120803509,-2.757544466397));
#3466 = CARTESIAN_POINT('',(3.70992204696,-3.218154230001));
#3467 = CARTESIAN_POINT('',(1.952204640906,-2.958766431766));
#3468 = CARTESIAN_POINT('',(0.650746718143,-2.154235360054));
#3469 = CARTESIAN_POINT('',(-3.965716643961E-13,-1.077117481231));
#3470 = CARTESIAN_POINT('',(2.6645352591E-15,7.309787278314E-15));
#3471 = ( GEOMETRIC_REPRESENTATION_CONTEXT(2) 
PARAMETRIC_REPRESENTATION_CONTEXT() REPRESENTATION_CONTEXT('2D SPACE',''
  ) );
#3472 = FACE_BOUND('',#3473,.T.);
#3473 = EDGE_LOOP('',(#3474));
#3474 = ORIENTED_EDGE('',*,*,#3475,.T.);
#3475 = EDGE_CURVE('',#3476,#3476,#3478,.T.);
#3476 = VERTEX_POINT('',#3477);
#3477 = CARTESIAN_POINT('',(9.040632538152,-2.329224660177,
    -2.712439792533));
#3478 = SURFACE_CURVE('',#3479,(#3797,#4118),.PCURVE_S1.);
#3479 = B_SPLINE_CURVE_WITH_KNOTS('',8,(#3480,#3481,#3482,#3483,#3484,
    #3485,#3486,#3487,#3488,#3489,#3490,#3491,#3492,#3493,#3494,#3495,
    #3496,#3497,#3498,#3499,#3500,#3501,#3502,#3503,#3504,#3505,#3506,
    #3507,#3508,#3509,#3510,#3511,#3512,#3513,#3514,#3515,#3516,#3517,
    #3518,#3519,#3520,#3521,#3522,#3523,#3524,#3525,#3526,#3527,#3528,
    #3529,#3530,#3531,#3532,#3533,#3534,#3535,#3536,#3537,#3538,#3539,
    #3540,#3541,#3542,#3543,#3544,#3545,#3546,#3547,#3548,#3549,#3550,
    #3551,#3552,#3553,#3554,#3555,#3556,#3557,#3558,#3559,#3560,#3561,
    #3562,#3563,#3564,#3565,#3566,#3567,#3568,#3569,#3570,#3571,#3572,
    #3573,#3574,#3575,#3576,#3577,#3578,#3579,#3580,#3581,#3582,#3583,
    #3584,#3585,#3586,#3587,#3588,#3589,#3590,#3591,#3592,#3593,#3594,
    #3595,#3596,#3597,#3598,#3599,#3600,#3601,#3602,#3603,#3604,#3605,
    #3606,#3607,#3608,#3609,#3610,#3611,#3612,#3613,#3614,#3615,#3616,
    #3617,#3618,#3619,#3620,#3621,#3622,#3623,#3624,#3625,#3626,#3627,
    #3628,#3629,#3630,#3631,#3632,#3633,#3634,#3635,#3636,#3637,#3638,
    #3639,#3640,#3641,#3642,#3643,#3644,#3645,#3646,#3647,#3648,#3649,
    #3650,#3651,#3652,#3653,#3654,#3655,#3656,#3657,#3658,#3659,#3660,
    #3661,#3662,#3663,#3664,#3665,#3666,#3667,#3668,#3669,#3670,#3671,
    #3672,#3673,#3674,#3675,#3676,#3677,#3678,#3679,#3680,#3681,#3682,
    #3683,#3684,#3685,#3686,#3687,#3688,#3689,#3690,#3691,#3692,#3693,
    #3694,#3695,#3696,#3697,#3698,#3699,#3700,#3701,#3702,#3703,#3704,
    #3705,#3706,#3707,#3708,#3709,#3710,#3711,#3712,#3713,#3714,#3715,
    #3716,#3717,#3718,#3719,#3720,#3721,#3722,#3723,#3724,#3725,#3726,
    #3727,#3728,#3729,#3730,#3731,#3732,#3733,#3734,#3735,#3736,#3737,
    #3738,#3739,#3740,#3741,#3742,#3743,#3744,#3745,#3746,#3747,#3748,
    #3749,#3750,#3751,#3752,#3753,#3754,#3755,#3756,#3757,#3758,#3759,
    #3760,#3761,#3762,#3763,#3764,#3765,#3766,#3767,#3768,#3769,#3770,
    #3771,#3772,#3773,#3774,#3775,#3776,#3777,#3778,#3779,#3780,#3781,
    #3782,#3783,#3784,#3785,#3786,#3787,#3788,#3789,#3790,#3791,#3792,
    #3793,#3794,#3795,#3796),.UNSPECIFIED.,.T.,.F.,(9,7,7,7,7,7,7,7,7,7,
    7,7,7,7,7,7,7,7,7,7,7,7,7,7,7,7,7,7,7,7,7,7,7,7,7,7,7,7,7,7,7,7,7,7,
    7,9),(0.,3.022660834806E-02,6.039237474516E-02,0.136128842464,
    0.176438605356,0.193069181966,0.209082955338,0.225711507939,
    0.288521118722,0.353790270367,0.369800101577,0.389503804579,
    0.421516803682,0.475655269007,0.499628887145,0.524218974938,
    0.534683089416,0.544752835143,0.553108902927,0.556611042604,
    0.559051043484,0.561758048222,0.563248060315,0.565214430087,
    0.568792088274,0.574488495877,0.583091587211,0.59207532285,
    0.618008606086,0.644283204078,0.721287491902,0.765682649856,
    0.859947268513,0.89252224687,0.925545273505,0.940392288036,
    0.955296080264,0.965117371481,0.969574087743,0.971494991865,
    0.972813648134,0.974667067225,0.976573042005,0.979615815458,
    0.985939396591,1.),.UNSPECIFIED.);
#3480 = CARTESIAN_POINT('',(9.040632538152,-2.329224660177,
    -2.712439792533));
#3481 = CARTESIAN_POINT('',(9.869770832695,-2.436050214965,
    -2.712439792533));
#3482 = CARTESIAN_POINT('',(10.700091857522,-2.533481158423,
    -2.712439792533));
#3483 = CARTESIAN_POINT('',(11.531322869088,-2.623048418136,
    -2.712439792533));
#3484 = CARTESIAN_POINT('',(12.363274244434,-2.705698607035,
    -2.712439792533));
#3485 = CARTESIAN_POINT('',(13.195803868129,-2.782144978694,
    -2.712439792533));
#3486 = CARTESIAN_POINT('',(14.028806837895,-2.852969210729,
    -2.712439792533));
#3487 = CARTESIAN_POINT('',(14.862214720169,-2.918629099265,
    -2.712439792533));
#3488 = CARTESIAN_POINT('',(16.528084782339,-3.040302547948,
    -2.712439792533));
#3489 = CARTESIAN_POINT('',(17.360524863281,-3.096332746351,
    -2.712439792533));
#3490 = CARTESIAN_POINT('',(18.193253176803,-3.148010210453,
    -2.712439792533));
#3491 = CARTESIAN_POINT('',(19.026223241068,-3.195658653375,
    -2.712439792533));
#3492 = CARTESIAN_POINT('',(19.85939648,-3.23955528025,-2.712439792533)
  );
#3493 = CARTESIAN_POINT('',(20.692741351714,-3.279946048073,
    -2.712439792533));
#3494 = CARTESIAN_POINT('',(21.52623287073,-3.317054038682,
    -2.712439792533));
#3495 = CARTESIAN_POINT('',(24.452801701269,-3.436511303312,
    -2.712439792533));
#3496 = CARTESIAN_POINT('',(26.546498317486,-3.502522230652,
    -2.712439792533));
#3497 = CARTESIAN_POINT('',(28.640676362443,-3.552313602047,
    -2.712439792533));
#3498 = CARTESIAN_POINT('',(30.735134992111,-3.588349034017,
    -2.712439792533));
#3499 = CARTESIAN_POINT('',(32.829730426535,-3.612763845006,
    -2.712439792533));
#3500 = CARTESIAN_POINT('',(34.924373729712,-3.627477659521,
    -2.712439792533));
#3501 = CARTESIAN_POINT('',(37.019030813014,-3.634194852064,
    -2.712439792533));
#3502 = CARTESIAN_POINT('',(40.228593011559,-3.634625500554,
    -2.712439792533));
#3503 = CARTESIAN_POINT('',(41.343464751024,-3.632951466656,
    -2.712439792533));
#3504 = CARTESIAN_POINT('',(42.458333482954,-3.629687971003,
    -2.712439792533));
#3505 = CARTESIAN_POINT('',(43.573197318116,-3.625056533913,
    -2.712439792533));
#3506 = CARTESIAN_POINT('',(44.688055218843,-3.619266575393,
    -2.712439792533));
#3507 = CARTESIAN_POINT('',(45.802907000621,-3.612515840165,
    -2.712439792533));
#3508 = CARTESIAN_POINT('',(46.917753333691,-3.604990822688,
    -2.712439792533));
#3509 = CARTESIAN_POINT('',(48.492545662887,-3.593515617848,
    -2.712439792533));
#3510 = CARTESIAN_POINT('',(48.952494835009,-3.590062131301,
    -2.712439792533));
#3511 = CARTESIAN_POINT('',(49.412443329289,-3.586519052541,
    -2.712439792533));
#3512 = CARTESIAN_POINT('',(49.872391218427,-3.582898376751,
    -2.712439792533));
#3513 = CARTESIAN_POINT('',(50.332338579553,-3.579211774291,
    -2.712439792533));
#3514 = CARTESIAN_POINT('',(50.792285494227,-3.575470590699,
    -2.712439792533));
#3515 = CARTESIAN_POINT('',(51.252232048439,-3.571685846689,
    -2.712439792533));
#3516 = CARTESIAN_POINT('',(52.155065896304,-3.564192219746,
    -2.712439792533));
#3517 = CARTESIAN_POINT('',(52.597953204935,-3.56048572492,
    -2.712439792533));
#3518 = CARTESIAN_POINT('',(53.040840337929,-3.556758305425,
    -2.712439792533));
#3519 = CARTESIAN_POINT('',(53.483727372588,-3.553019227781,
    -2.712439792533));
#3520 = CARTESIAN_POINT('',(53.926614384085,-3.549277473276,
    -2.712439792533));
#3521 = CARTESIAN_POINT('',(54.369501445464,-3.545541737969,
    -2.712439792533));
#3522 = CARTESIAN_POINT('',(54.812388627643,-3.541820432688,
    -2.712439792533));
#3523 = CARTESIAN_POINT('',(55.715166107091,-3.534280936827,
    -2.712439792533));
#3524 = CARTESIAN_POINT('',(56.175056416294,-3.530464501828,
    -2.712439792533));
#3525 = CARTESIAN_POINT('',(56.634947003152,-3.526681478333,
    -2.712439792533));
#3526 = CARTESIAN_POINT('',(57.094837937269,-3.52294062189,
    -2.712439792533));
#3527 = CARTESIAN_POINT('',(57.55472928172,-3.519250343284,
    -2.712439792533));
#3528 = CARTESIAN_POINT('',(58.014621093043,-3.515618708546,
    -2.712439792533));
#3529 = CARTESIAN_POINT('',(58.474513421253,-3.512053438948,
    -2.712439792533));
#3530 = CARTESIAN_POINT('',(60.671520409816,-3.495373620366,
    -2.712439792533));
#3531 = CARTESIAN_POINT('',(62.408643013144,-3.483237460897,
    -2.712439792533));
#3532 = CARTESIAN_POINT('',(64.145775772871,-3.472550199473,
    -2.712439792533));
#3533 = CARTESIAN_POINT('',(65.882919093965,-3.463637234061,
    -2.712439792533));
#3534 = CARTESIAN_POINT('',(67.62007211621,-3.456748499818,
    -2.712439792533));
#3535 = CARTESIAN_POINT('',(69.357232697119,-3.452054375186,
    -2.712439792533));
#3536 = CARTESIAN_POINT('',(71.094397394836,-3.449641587979,
    -2.712439792533));
#3537 = CARTESIAN_POINT('',(74.636750514164,-3.449371334733,
    -2.712439792533));
#3538 = CARTESIAN_POINT('',(76.441940852632,-3.451696235928,
    -2.712439792533));
#3539 = CARTESIAN_POINT('',(78.247126882133,-3.456481705559,
    -2.712439792533));
#3540 = CARTESIAN_POINT('',(80.052304694384,-3.463624064683,
    -2.712439792533));
#3541 = CARTESIAN_POINT('',(81.857472082898,-3.472911873113,
    -2.712439792533));
#3542 = CARTESIAN_POINT('',(83.662628568736,-3.484019727599,
    -2.712439792533));
#3543 = CARTESIAN_POINT('',(85.467775426263,-3.496502060015,
    -2.712439792533));
#3544 = CARTESIAN_POINT('',(87.71569748171,-3.51304554611,
    -2.712439792533));
#3545 = CARTESIAN_POINT('',(88.158478897351,-3.516352396866,
    -2.712439792533));
#3546 = CARTESIAN_POINT('',(88.60126001396,-3.51969904835,
    -2.712439792533));
#3547 = CARTESIAN_POINT('',(89.044040895226,-3.523076577561,
    -2.712439792533));
#3548 = CARTESIAN_POINT('',(89.486821610398,-3.526475577959,
    -2.712439792533));
#3549 = CARTESIAN_POINT('',(89.929602234283,-3.529886159465,
    -2.712439792533));
#3550 = CARTESIAN_POINT('',(90.372382847249,-3.533297948459,
    -2.712439792533));
#3551 = CARTESIAN_POINT('',(91.360104899561,-3.540887202179,
    -2.712439792533));
#3552 = CARTESIAN_POINT('',(91.905046364637,-3.545059619998,
    -2.712439792533));
#3553 = CARTESIAN_POINT('',(92.449988099785,-3.549197143006,
    -2.712439792533));
#3554 = CARTESIAN_POINT('',(92.994930268766,-3.553278343432,
    -2.712439792533));
#3555 = CARTESIAN_POINT('',(93.539873029773,-3.557280563963,
    -2.712439792533));
#3556 = CARTESIAN_POINT('',(94.084816535418,-3.561179917746,
    -2.712439792533));
#3557 = CARTESIAN_POINT('',(94.629760932741,-3.56495128839,
    -2.712439792533));
#3558 = CARTESIAN_POINT('',(96.060090038388,-3.574444942561,
    -2.712439792533));
#3559 = CARTESIAN_POINT('',(96.945476129538,-3.579914103685,
    -2.712439792533));
#3560 = CARTESIAN_POINT('',(97.830865556287,-3.584862212329,
    -2.712439792533));
#3561 = CARTESIAN_POINT('',(98.716258752965,-3.589166792141,
    -2.712439792533));
#3562 = CARTESIAN_POINT('',(99.601655672004,-3.592695595111,
    -2.712439792533));
#3563 = CARTESIAN_POINT('',(100.48705578736,-3.595305705264,
    -2.712439792533));
#3564 = CARTESIAN_POINT('',(101.37245809793,-3.59684264235,
    -2.712439792533));
#3565 = CARTESIAN_POINT('',(103.75520158431,-3.597641305299,
    -2.712439792533));
#3566 = CARTESIAN_POINT('',(105.25252880593,-3.594596624569,
    -2.712439792533));
#3567 = CARTESIAN_POINT('',(106.7498522143,-3.587194919518,
    -2.712439792533));
#3568 = CARTESIAN_POINT('',(108.24715846247,-3.574525712288,
    -2.712439792533));
#3569 = CARTESIAN_POINT('',(109.74441095374,-3.555544691081,
    -2.712439792533));
#3570 = CARTESIAN_POINT('',(111.24154962018,-3.529057529121,
    -2.712439792533));
#3571 = CARTESIAN_POINT('',(112.73849007759,-3.493660727544,
    -2.712439792533));
#3572 = CARTESIAN_POINT('',(114.89786010682,-3.427172808776,
    -2.712439792533));
#3573 = CARTESIAN_POINT('',(115.56053288131,-3.404671421367,
    -2.712439792533));
#3574 = CARTESIAN_POINT('',(116.2231290588,-3.379920796238,
    -2.712439792533));
#3575 = CARTESIAN_POINT('',(116.88563398243,-3.352751462048,
    -2.712439792533));
#3576 = CARTESIAN_POINT('',(117.54802880778,-3.322976872838,
    -2.712439792533));
#3577 = CARTESIAN_POINT('',(118.21029027818,-3.290388394961,
    -2.712439792533));
#3578 = CARTESIAN_POINT('',(118.87239034092,-3.254746753038,
    -2.712439792533));
#3579 = CARTESIAN_POINT('',(120.21322117783,-3.175790737724,
    -2.712439792533));
#3580 = CARTESIAN_POINT('',(120.89192981193,-3.132303666156,
    -2.712439792533));
#3581 = CARTESIAN_POINT('',(121.57039504059,-3.08500124972,
    -2.712439792533));
#3582 = CARTESIAN_POINT('',(122.24857175377,-3.033533667221,
    -2.712439792533));
#3583 = CARTESIAN_POINT('',(122.92639350237,-2.97747667683,
    -2.712439792533));
#3584 = CARTESIAN_POINT('',(123.60377152791,-2.916319928047,
    -2.712439792533));
#3585 = CARTESIAN_POINT('',(124.28059016308,-2.849412189698,
    -2.712439792533));
#3586 = CARTESIAN_POINT('',(125.24440343291,-2.74447495071,
    -2.712439792533));
#3587 = CARTESIAN_POINT('',(125.53197997777,-2.711935955917,
    -2.712439792533));
#3588 = CARTESIAN_POINT('',(125.81941050862,-2.67810983172,
    -2.712439792533));
#3589 = CARTESIAN_POINT('',(126.10667880595,-2.642912455065,
    -2.712439792533));
#3590 = CARTESIAN_POINT('',(126.39376466377,-2.606247677217,
    -2.712439792533));
#3591 = CARTESIAN_POINT('',(126.68064335805,-2.56800315794,
    -2.712439792533));
#3592 = CARTESIAN_POINT('',(126.96728472536,-2.528043148421,
    -2.712439792533));
#3593 = CARTESIAN_POINT('',(127.52922740596,-2.445930504913,
    -2.712439792533));
#3594 = CARTESIAN_POINT('',(127.80453952628,-2.403916831504,
    -2.712439792533));
#3595 = CARTESIAN_POINT('',(128.07956345494,-2.36000945278,
    -2.712439792533));
#3596 = CARTESIAN_POINT('',(128.35425702303,-2.314021899926,
    -2.712439792533));
#3597 = CARTESIAN_POINT('',(128.62856164075,-2.265734505216,
    -2.712439792533));
#3598 = CARTESIAN_POINT('',(128.90239892371,-2.21487543946,
    -2.712439792533));
#3599 = CARTESIAN_POINT('',(129.17566295569,-2.161077266918,
    -2.712439792533));
#3600 = CARTESIAN_POINT('',(129.67437117262,-2.056286704779,
    -2.712439792533));
#3601 = CARTESIAN_POINT('',(129.89996636045,-2.006386586709,
    -2.712439792533));
#3602 = CARTESIAN_POINT('',(130.12497827361,-1.953799231683,
    -2.712439792533));
#3603 = CARTESIAN_POINT('',(130.34929882707,-1.898104444174,
    -2.712439792533));
#3604 = CARTESIAN_POINT('',(130.5727477825,-1.838843748988,
    -2.712439792533));
#3605 = CARTESIAN_POINT('',(130.7949935919,-1.775236780845,
    -2.712439792533));
#3606 = CARTESIAN_POINT('',(131.0156131216,-1.706392812341,
    -2.712439792533));
#3607 = CARTESIAN_POINT('',(131.32519575997,-1.598185648401,
    -2.712439792533));
#3608 = CARTESIAN_POINT('',(131.41614092104,-1.564946345691,
    -2.712439792533));
#3609 = CARTESIAN_POINT('',(131.50656108093,-1.530254239508,
    -2.712439792533));
#3610 = CARTESIAN_POINT('',(131.59637025478,-1.493922184845,
    -2.712439792533));
#3611 = CARTESIAN_POINT('',(131.68541685986,-1.455701849964,
    -2.712439792533));
#3612 = CARTESIAN_POINT('',(131.77348620582,-1.415289154461,
    -2.712439792533));
#3613 = CARTESIAN_POINT('',(131.86027764711,-1.372272608109,
    -2.712439792533));
#3614 = CARTESIAN_POINT('',(132.00455133226,-1.293620428178,
    -2.712439792533));
#3615 = CARTESIAN_POINT('',(132.06275360995,-1.259801353056,
    -2.712439792533));
#3616 = CARTESIAN_POINT('',(132.11993055786,-1.224142830105,
    -2.712439792533));
#3617 = CARTESIAN_POINT('',(132.17586359946,-1.186291666455,
    -2.712439792533));
#3618 = CARTESIAN_POINT('',(132.23014445762,-1.145912806534,
    -2.712439792533));
#3619 = CARTESIAN_POINT('',(132.28203658922,-1.102520229007,
    -2.712439792533));
#3620 = CARTESIAN_POINT('',(132.33059651206,-1.055624828151,
    -2.712439792533));
#3621 = CARTESIAN_POINT('',(132.4224270554,-0.946873485715,
    -2.712439792533));
#3622 = CARTESIAN_POINT('',(132.46766953419,-0.880237125623,
    -2.712439792533));
#3623 = CARTESIAN_POINT('',(132.50172313734,-0.806445824968,
    -2.712439792533));
#3624 = CARTESIAN_POINT('',(132.51761789774,-0.728102705297,
    -2.712439792533));
#3625 = CARTESIAN_POINT('',(132.51089757908,-0.6485328602,
    -2.712439792533));
#3626 = CARTESIAN_POINT('',(132.48425619152,-0.57161671475,
    -2.712439792533));
#3627 = CARTESIAN_POINT('',(132.44475624526,-0.500944548931,
    -2.712439792533));
#3628 = CARTESIAN_POINT('',(132.37738028462,-0.406571482933,
    -2.712439792533));
#3629 = CARTESIAN_POINT('',(132.35002779824,-0.372906715799,
    -2.712439792533));
#3630 = CARTESIAN_POINT('',(132.31921248037,-0.339069135514,
    -2.712439792533));
#3631 = CARTESIAN_POINT('',(132.28489771051,-0.305046347572,
    -2.712439792533));
#3632 = CARTESIAN_POINT('',(132.24703984723,-0.270825581437,
    -2.712439792533));
#3633 = CARTESIAN_POINT('',(132.20558822818,-0.236393690538,
    -2.712439792533));
#3634 = CARTESIAN_POINT('',(132.16048517005,-0.201737152272,
    -2.712439792533));
#3635 = CARTESIAN_POINT('',(132.0472386104,-0.120790987453,
    -2.712439792533));
#3636 = CARTESIAN_POINT('',(131.98086192403,-7.755620129205E-02,
    -2.712439792533));
#3637 = CARTESIAN_POINT('',(131.91304741421,-3.655158183869E-02,
    -2.712439792533));
#3638 = CARTESIAN_POINT('',(131.84411867778,2.558284876159E-03,
    -2.712439792533));
#3639 = CARTESIAN_POINT('',(131.77430909108,4.002503410118E-02,
    -2.712439792533));
#3640 = CARTESIAN_POINT('',(131.70378590961,7.60578065084E-02,
    -2.712439792533));
#3641 = CARTESIAN_POINT('',(131.63264854297,0.110820405101,
    -2.712439792533));
#3642 = CARTESIAN_POINT('',(131.4304951496,0.205681124757,
    -2.712439792533));
#3643 = CARTESIAN_POINT('',(131.29832018293,0.263130311046,
    -2.712439792533));
#3644 = CARTESIAN_POINT('',(131.16488087309,0.317648320226,
    -2.712439792533));
#3645 = CARTESIAN_POINT('',(131.03045830765,0.369703714303,
    -2.712439792533));
#3646 = CARTESIAN_POINT('',(130.89525319059,0.419639193671,
    -2.712439792533));
#3647 = CARTESIAN_POINT('',(130.7594094235,0.467731139953,
    -2.712439792533));
#3648 = CARTESIAN_POINT('',(130.62301240475,0.514185520318,
    -2.712439792533));
#3649 = CARTESIAN_POINT('',(130.26812689712,0.630840261298,
    -2.712439792533));
#3650 = CARTESIAN_POINT('',(130.04894456631,0.698780392954,
    -2.712439792533));
#3651 = CARTESIAN_POINT('',(129.8288344843,0.763706423676,
    -2.712439792533));
#3652 = CARTESIAN_POINT('',(129.60797669219,0.826050582602,
    -2.712439792533));
#3653 = CARTESIAN_POINT('',(129.38650307005,0.886134165178,
    -2.712439792533));
#3654 = CARTESIAN_POINT('',(129.16451077365,0.944214491953,
    -2.712439792533));
#3655 = CARTESIAN_POINT('',(128.9420638218,1.000490545501,
    -2.712439792533));
#3656 = CARTESIAN_POINT('',(128.382619517,1.137661039387,-2.712439792533
    ));
#3657 = CARTESIAN_POINT('',(128.04513185224,1.216455598182,
    -2.712439792533));
#3658 = CARTESIAN_POINT('',(127.70691069508,1.292086498053,
    -2.712439792533));
#3659 = CARTESIAN_POINT('',(127.36807949796,1.364945666336,
    -2.712439792533));
#3660 = CARTESIAN_POINT('',(127.02872947201,1.435321835415,
    -2.712439792533));
#3661 = CARTESIAN_POINT('',(126.68892976941,1.503447517953,
    -2.712439792533));
#3662 = CARTESIAN_POINT('',(126.34873195819,1.569519667469,
    -2.712439792533));
#3663 = CARTESIAN_POINT('',(125.65253837972,1.700707927456,
    -2.712439792533));
#3664 = CARTESIAN_POINT('',(125.29651923296,1.765652685365,
    -2.712439792533));
#3665 = CARTESIAN_POINT('',(124.94015746171,1.82870928901,
    -2.712439792533));
#3666 = CARTESIAN_POINT('',(124.58349050286,1.890021871708,
    -2.712439792533));
#3667 = CARTESIAN_POINT('',(124.2265490653,1.949709044325,
    -2.712439792533));
#3668 = CARTESIAN_POINT('',(123.86935849813,2.007871858564,
    -2.712439792533));
#3669 = CARTESIAN_POINT('',(123.51193957921,2.064598398295,
    -2.712439792533));
#3670 = CARTESIAN_POINT('',(122.12193741182,2.279791144916,
    -2.712439792533));
#3671 = CARTESIAN_POINT('',(121.08784415796,2.428282544265,
    -2.712439792533));
#3672 = CARTESIAN_POINT('',(120.052402549,2.567278021544,-2.712439792533
    ));
#3673 = CARTESIAN_POINT('',(119.01586535996,2.697889559791,
    -2.712439792533));
#3674 = CARTESIAN_POINT('',(117.97842272008,2.8209562552,-2.712439792533
    ));
#3675 = CARTESIAN_POINT('',(116.94021781784,2.937167234445,
    -2.712439792533));
#3676 = CARTESIAN_POINT('',(115.90134701918,3.047062941315,
    -2.712439792533));
#3677 = CARTESIAN_POINT('',(113.80871406854,3.256554662266,
    -2.712439792533));
#3678 = CARTESIAN_POINT('',(112.75496041651,3.355992125286,
    -2.712439792533));
#3679 = CARTESIAN_POINT('',(111.70069349169,3.449925093912,
    -2.712439792533));
#3680 = CARTESIAN_POINT('',(110.64598276521,3.538757706646,
    -2.712439792533));
#3681 = CARTESIAN_POINT('',(109.59088630342,3.622837047427,
    -2.712439792533));
#3682 = CARTESIAN_POINT('',(108.53545233295,3.702471744721,
    -2.712439792533));
#3683 = CARTESIAN_POINT('',(107.4797200721,3.777941857274,
    -2.712439792533));
#3684 = CARTESIAN_POINT('',(103.32884676291,4.059219292241,
    -2.712439792533));
#3685 = CARTESIAN_POINT('',(100.23181423895,4.235333808599,
    -2.712439792533));
#3686 = CARTESIAN_POINT('',(97.133287385048,4.38423877099,
    -2.712439792533));
#3687 = CARTESIAN_POINT('',(94.033754414007,4.510520229712,
    -2.712439792533));
#3688 = CARTESIAN_POINT('',(90.933577177517,4.618091515123,
    -2.712439792533));
#3689 = CARTESIAN_POINT('',(87.832985931965,4.710074768488,
    -2.712439792533));
#3690 = CARTESIAN_POINT('',(84.732087949822,4.788991565181,
    -2.712439792533));
#3691 = CARTESIAN_POINT('',(79.842921490612,4.895733043318,
    -2.712439792533));
#3692 = CARTESIAN_POINT('',(78.054898442193,4.931041739699,
    -2.712439792533));
#3693 = CARTESIAN_POINT('',(76.26681011604,4.962980468191,
    -2.712439792533));
#3694 = CARTESIAN_POINT('',(74.478668704502,4.991835016843,
    -2.712439792533));
#3695 = CARTESIAN_POINT('',(72.6904840405,5.017820341851,-2.712439792533
    ));
#3696 = CARTESIAN_POINT('',(70.902263590868,5.041080118797,
    -2.712439792533));
#3697 = CARTESIAN_POINT('',(69.114012449684,5.061686293894,
    -2.712439792533));
#3698 = CARTESIAN_POINT('',(63.5286649838,5.117756991734,-2.712439792533
    ));
#3699 = CARTESIAN_POINT('',(59.731579360692,5.143908385811,
    -2.712439792533));
#3700 = CARTESIAN_POINT('',(55.934385601861,5.158093278514,
    -2.712439792533));
#3701 = CARTESIAN_POINT('',(52.137082065582,5.158821584266,
    -2.712439792533));
#3702 = CARTESIAN_POINT('',(48.339756266104,5.14311795358,
    -2.712439792533));
#3703 = CARTESIAN_POINT('',(44.542585930997,5.106385898379,
    -2.712439792533));
#3704 = CARTESIAN_POINT('',(40.745839005711,5.042408095866,
    -2.712439792533));
#3705 = CARTESIAN_POINT('',(35.638112092345,4.907967939852,
    -2.712439792533));
#3706 = CARTESIAN_POINT('',(34.326460702451,4.869149882167,
    -2.712439792533));
#3707 = CARTESIAN_POINT('',(33.014946831919,4.825683004402,
    -2.712439792533));
#3708 = CARTESIAN_POINT('',(31.703601402407,4.777172865521,
    -2.712439792533));
#3709 = CARTESIAN_POINT('',(30.392465182142,4.723186438618,
    -2.712439792533));
#3710 = CARTESIAN_POINT('',(29.081589071552,4.663245156383,
    -2.712439792533));
#3711 = CARTESIAN_POINT('',(27.771034598885,4.596812858488,
    -2.712439792533));
#3712 = CARTESIAN_POINT('',(25.132694385806,4.448732834064,
    -2.712439792533));
#3713 = CARTESIAN_POINT('',(23.804940603505,4.366890050219,
    -2.712439792533));
#3714 = CARTESIAN_POINT('',(22.477674358363,4.277109362301,
    -2.712439792533));
#3715 = CARTESIAN_POINT('',(21.150992098473,4.17867832816,
    -2.712439792533));
#3716 = CARTESIAN_POINT('',(19.825029316593,4.07076846091,
    -2.712439792533));
#3717 = CARTESIAN_POINT('',(18.499961695876,3.952421140077,
    -2.712439792533));
#3718 = CARTESIAN_POINT('',(17.176011278313,3.822472800529,
    -2.712439792533));
#3719 = CARTESIAN_POINT('',(15.258854053481,3.614971035067,
    -2.712439792533));
#3720 = CARTESIAN_POINT('',(14.664534107297,3.5479466313,-2.712439792533
    ));
#3721 = CARTESIAN_POINT('',(14.070531979601,3.478110757383,
    -2.712439792533));
#3722 = CARTESIAN_POINT('',(13.47688173111,3.405299250594,
    -2.712439792533));
#3723 = CARTESIAN_POINT('',(12.883625050976,3.329326661189,
    -2.712439792533));
#3724 = CARTESIAN_POINT('',(12.290812282856,3.24997822627,
    -2.712439792533));
#3725 = CARTESIAN_POINT('',(11.698504300043,3.16699520933,
    -2.712439792533));
#3726 = CARTESIAN_POINT('',(10.51278414814,2.992779317186,
    -2.712439792533));
#3727 = CARTESIAN_POINT('',(9.919399696684,2.90152066608,-2.712439792533
    ));
#3728 = CARTESIAN_POINT('',(9.326677539892,2.805940154286,
    -2.712439792533));
#3729 = CARTESIAN_POINT('',(8.734708296938,2.705650857728,
    -2.712439792533));
#3730 = CARTESIAN_POINT('',(8.143630210073,2.60014655624,-2.712439792533
    ));
#3731 = CARTESIAN_POINT('',(7.553629814648,2.488797787635,
    -2.712439792533));
#3732 = CARTESIAN_POINT('',(6.964959881252,2.37075271962,-2.712439792533
    ));
#3733 = CARTESIAN_POINT('',(5.991211695751,2.161437702399,
    -2.712439792533));
#3734 = CARTESIAN_POINT('',(5.605249939153,2.07477973246,-2.712439792533
    ));
#3735 = CARTESIAN_POINT('',(5.220157605282,1.984196346992,
    -2.712439792533));
#3736 = CARTESIAN_POINT('',(4.836083322627,1.889126271109,
    -2.712439792533));
#3737 = CARTESIAN_POINT('',(4.453258097352,1.788957695457,
    -2.712439792533));
#3738 = CARTESIAN_POINT('',(4.072102471441,1.682635048382,
    -2.712439792533));
#3739 = CARTESIAN_POINT('',(3.693144775923,1.568956270374,
    -2.712439792533));
#3740 = CARTESIAN_POINT('',(3.146989783472,1.388664070803,
    -2.712439792533));
#3741 = CARTESIAN_POINT('',(2.977281579009,1.330287506708,
    -2.712439792533));
#3742 = CARTESIAN_POINT('',(2.808382660566,1.269522067319,
    -2.712439792533));
#3743 = CARTESIAN_POINT('',(2.640438938831,1.205995166784,
    -2.712439792533));
#3744 = CARTESIAN_POINT('',(2.473680693349,1.139297676019,
    -2.712439792533));
#3745 = CARTESIAN_POINT('',(2.308511327073,1.068771265501,
    -2.712439792533));
#3746 = CARTESIAN_POINT('',(2.145448182173,0.993648639235,
    -2.712439792533));
#3747 = CARTESIAN_POINT('',(1.916556179349,0.87703231508,-2.712439792533
    ));
#3748 = CARTESIAN_POINT('',(1.848244599504,0.840751366207,
    -2.712439792533));
#3749 = CARTESIAN_POINT('',(1.780621983965,0.803160509209,
    -2.712439792533));
#3750 = CARTESIAN_POINT('',(1.713799591805,0.764096013173,
    -2.712439792533));
#3751 = CARTESIAN_POINT('',(1.647957853982,0.723355624517,
    -2.712439792533));
#3752 = CARTESIAN_POINT('',(1.583346325624,0.680698558918,
    -2.712439792533));
#3753 = CARTESIAN_POINT('',(1.520306912941,0.63580898027,-2.712439792533
    ));
#3754 = CARTESIAN_POINT('',(1.417523375741,0.555447581843,
    -2.712439792533));
#3755 = CARTESIAN_POINT('',(1.376771212566,0.521509904508,
    -2.712439792533));
#3756 = CARTESIAN_POINT('',(1.337188623304,0.486130029195,
    -2.712439792533));
#3757 = CARTESIAN_POINT('',(1.299010904586,0.449098762205,
    -2.712439792533));
#3758 = CARTESIAN_POINT('',(1.262616555096,0.410221061308,
    -2.712439792533));
#3759 = CARTESIAN_POINT('',(1.22853786551,0.369307198483,-2.712439792533
    ));
#3760 = CARTESIAN_POINT('',(1.197490590654,0.326147194991,
    -2.712439792533));
#3761 = CARTESIAN_POINT('',(1.132378046671,0.216265444589,
    -2.712439792533));
#3762 = CARTESIAN_POINT('',(1.100296823706,0.14386545944,-2.712439792533
    ));
#3763 = CARTESIAN_POINT('',(1.081267558468,6.681631737433E-02,
    -2.712439792533));
#3764 = CARTESIAN_POINT('',(1.080055592041,-1.153371865041E-02,
    -2.712439792533));
#3765 = CARTESIAN_POINT('',(1.097110838165,-8.809995683578E-02,
    -2.712439792533));
#3766 = CARTESIAN_POINT('',(1.128894806011,-0.160504295673,
    -2.712439792533));
#3767 = CARTESIAN_POINT('',(1.1704973209,-0.226927111195,-2.712439792533
    ));
#3768 = CARTESIAN_POINT('',(1.263688255444,-0.346592110035,
    -2.712439792533));
#3769 = CARTESIAN_POINT('',(1.317337207524,-0.401729638316,
    -2.712439792533));
#3770 = CARTESIAN_POINT('',(1.375200978619,-0.452700553383,
    -2.712439792533));
#3771 = CARTESIAN_POINT('',(1.436061079258,-0.500072145347,
    -2.712439792533));
#3772 = CARTESIAN_POINT('',(1.498964799487,-0.544425779968,
    -2.712439792533));
#3773 = CARTESIAN_POINT('',(1.563390713979,-0.586166483019,
    -2.712439792533));
#3774 = CARTESIAN_POINT('',(1.629068172726,-0.625730686331,
    -2.712439792533));
#3775 = CARTESIAN_POINT('',(1.802945036466,-0.723843757196,
    -2.712439792533));
#3776 = CARTESIAN_POINT('',(1.912493547382,-0.779286517806,
    -2.712439792533));
#3777 = CARTESIAN_POINT('',(2.023871255943,-0.831084835461,
    -2.712439792533));
#3778 = CARTESIAN_POINT('',(2.136610401774,-0.879861749232,
    -2.712439792533));
#3779 = CARTESIAN_POINT('',(2.25038346877,-0.926071484129,
    -2.712439792533));
#3780 = CARTESIAN_POINT('',(2.364963470094,-0.970087807493,
    -2.712439792533));
#3781 = CARTESIAN_POINT('',(2.480237015953,-1.012175556373,
    -2.712439792533));
#3782 = CARTESIAN_POINT('',(2.837080834984,-1.13656986792,
    -2.712439792533));
#3783 = CARTESIAN_POINT('',(3.080467292805,-1.213179329391,
    -2.712439792533));
#3784 = CARTESIAN_POINT('',(3.325524734731,-1.28445006155,
    -2.712439792533));
#3785 = CARTESIAN_POINT('',(3.571833048682,-1.351288740533,
    -2.712439792533));
#3786 = CARTESIAN_POINT('',(3.819069697661,-1.414454660052,
    -2.712439792533));
#3787 = CARTESIAN_POINT('',(4.067049358706,-1.474421716184,
    -2.712439792533));
#3788 = CARTESIAN_POINT('',(4.3156587984,-1.531608264572,-2.712439792533
    ));
#3789 = CARTESIAN_POINT('',(5.118996559193,-1.70800760136,
    -2.712439792533));
#3790 = CARTESIAN_POINT('',(5.675694045123,-1.817425453473,
    -2.712439792533));
#3791 = CARTESIAN_POINT('',(6.234113578411,-1.918032923813,
    -2.712439792533));
#3792 = CARTESIAN_POINT('',(6.793820961103,-2.011250316842,
    -2.712439792533));
#3793 = CARTESIAN_POINT('',(7.354477055115,-2.098303203533,
    -2.712439792533));
#3794 = CARTESIAN_POINT('',(7.915892225662,-2.179913785983,
    -2.712439792533));
#3795 = CARTESIAN_POINT('',(8.47795164773,-2.256729384605,
    -2.712439792533));
#3796 = CARTESIAN_POINT('',(9.040632538151,-2.329224660177,
    -2.712439792533));
#3797 = PCURVE('',#3267,#3798);
#3798 = DEFINITIONAL_REPRESENTATION('',(#3799),#4117);
#3799 = B_SPLINE_CURVE_WITH_KNOTS('',8,(#3800,#3801,#3802,#3803,#3804,
    #3805,#3806,#3807,#3808,#3809,#3810,#3811,#3812,#3813,#3814,#3815,
    #3816,#3817,#3818,#3819,#3820,#3821,#3822,#3823,#3824,#3825,#3826,
    #3827,#3828,#3829,#3830,#3831,#3832,#3833,#3834,#3835,#3836,#3837,
    #3838,#3839,#3840,#3841,#3842,#3843,#3844,#3845,#3846,#3847,#3848,
    #3849,#3850,#3851,#3852,#3853,#3854,#3855,#3856,#3857,#3858,#3859,
    #3860,#3861,#3862,#3863,#3864,#3865,#3866,#3867,#3868,#3869,#3870,
    #3871,#3872,#3873,#3874,#3875,#3876,#3877,#3878,#3879,#3880,#3881,
    #3882,#3883,#3884,#3885,#3886,#3887,#3888,#3889,#3890,#3891,#3892,
    #3893,#3894,#3895,#3896,#3897,#3898,#3899,#3900,#3901,#3902,#3903,
    #3904,#3905,#3906,#3907,#3908,#3909,#3910,#3911,#3912,#3913,#3914,
    #3915,#3916,#3917,#3918,#3919,#3920,#3921,#3922,#3923,#3924,#3925,
    #3926,#3927,#3928,#3929,#3930,#3931,#3932,#3933,#3934,#3935,#3936,
    #3937,#3938,#3939,#3940,#3941,#3942,#3943,#3944,#3945,#3946,#3947,
    #3948,#3949,#3950,#3951,#3952,#3953,#3954,#3955,#3956,#3957,#3958,
    #3959,#3960,#3961,#3962,#3963,#3964,#3965,#3966,#3967,#3968,#3969,
    #3970,#3971,#3972,#3973,#3974,#3975,#3976,#3977,#3978,#3979,#3980,
    #3981,#3982,#3983,#3984,#3985,#3986,#3987,#3988,#3989,#3990,#3991,
    #3992,#3993,#3994,#3995,#3996,#3997,#3998,#3999,#4000,#4001,#4002,
    #4003,#4004,#4005,#4006,#4007,#4008,#4009,#4010,#4011,#4012,#4013,
    #4014,#4015,#4016,#4017,#4018,#4019,#4020,#4021,#4022,#4023,#4024,
    #4025,#4026,#4027,#4028,#4029,#4030,#4031,#4032,#4033,#4034,#4035,
    #4036,#4037,#4038,#4039,#4040,#4041,#4042,#4043,#4044,#4045,#4046,
    #4047,#4048,#4049,#4050,#4051,#4052,#4053,#4054,#4055,#4056,#4057,
    #4058,#4059,#4060,#4061,#4062,#4063,#4064,#4065,#4066,#4067,#4068,
    #4069,#4070,#4071,#4072,#4073,#4074,#4075,#4076,#4077,#4078,#4079,
    #4080,#4081,#4082,#4083,#4084,#4085,#4086,#4087,#4088,#4089,#4090,
    #4091,#4092,#4093,#4094,#4095,#4096,#4097,#4098,#4099,#4100,#4101,
    #4102,#4103,#4104,#4105,#4106,#4107,#4108,#4109,#4110,#4111,#4112,
    #4113,#4114,#4115,#4116),.UNSPECIFIED.,.F.,.F.,(9,7,7,7,7,7,7,7,7,7,
    7,7,7,7,7,7,7,7,7,7,7,7,7,7,7,7,7,7,7,7,7,7,7,7,7,7,7,7,7,7,7,7,7,7,
    7,9),(0.,3.022660834806E-02,6.039237474516E-02,0.136128842464,
    0.176438605356,0.193069181966,0.209082955338,0.225711507939,
    0.288521118722,0.353790270367,0.369800101577,0.389503804579,
    0.421516803682,0.475655269007,0.499628887145,0.524218974938,
    0.534683089416,0.544752835143,0.553108902927,0.556611042604,
    0.559051043484,0.561758048222,0.563248060315,0.565214430087,
    0.568792088274,0.574488495877,0.583091587211,0.59207532285,
    0.618008606086,0.644283204078,0.721287491902,0.765682649856,
    0.859947268513,0.89252224687,0.925545273505,0.940392288036,
    0.955296080264,0.965117371481,0.969574087743,0.971494991865,
    0.972813648134,0.974667067225,0.976573042005,0.979615815458,
    0.985939396591,1.),.UNSPECIFIED.);
#3800 = CARTESIAN_POINT('',(0.648518246413,6.689893626143E-02));
#3801 = CARTESIAN_POINT('',(0.644920991234,7.301877325639E-02));
#3802 = CARTESIAN_POINT('',(0.641757825387,7.914458877991E-02));
#3803 = CARTESIAN_POINT('',(0.638936820711,8.527453213852E-02));
#3804 = CARTESIAN_POINT('',(0.636400621468,9.140736405926E-02));
#3805 = CARTESIAN_POINT('',(0.634106809789,9.754219085013E-02));
#3806 = CARTESIAN_POINT('',(0.632021793773,0.103678387128));
#3807 = CARTESIAN_POINT('',(0.630119923225,0.109815589828));
#3808 = CARTESIAN_POINT('',(0.626642671514,0.122079351959));
#3809 = CARTESIAN_POINT('',(0.625066733399,0.128205756111));
#3810 = CARTESIAN_POINT('',(0.623630589075,0.134332582206));
#3811 = CARTESIAN_POINT('',(0.622317742589,0.140459614754));
#3812 = CARTESIAN_POINT('',(0.621114895681,0.146586689877));
#3813 = CARTESIAN_POINT('',(0.620010937034,0.152713688926));
#3814 = CARTESIAN_POINT('',(0.618996361709,0.158840535073));
#3815 = CARTESIAN_POINT('',(0.615720067917,0.180349247883));
#3816 = CARTESIAN_POINT('',(0.613889486981,0.195729672725));
#3817 = CARTESIAN_POINT('',(0.612443674275,0.211108105162));
#3818 = CARTESIAN_POINT('',(0.611305545216,0.226484414187));
#3819 = CARTESIAN_POINT('',(0.610419017755,0.241858661601));
#3820 = CARTESIAN_POINT('',(0.609739773507,0.257231108107));
#3821 = CARTESIAN_POINT('',(0.609234025981,0.272602236193));
#3822 = CARTESIAN_POINT('',(0.608680746059,0.296153527601));
#3823 = CARTESIAN_POINT('',(0.608529563724,0.304334051698));
#3824 = CARTESIAN_POINT('',(0.608415116462,0.312514400958));
#3825 = CARTESIAN_POINT('',(0.608333599641,0.320694635461));
#3826 = CARTESIAN_POINT('',(0.608281606262,0.328874809808));
#3827 = CARTESIAN_POINT('',(0.608256067398,0.33705497409));
#3828 = CARTESIAN_POINT('',(0.608254192637,0.345235174851));
#3829 = CARTESIAN_POINT('',(0.608281340375,0.356790390145));
#3830 = CARTESIAN_POINT('',(0.608292861578,0.360165337371));
#3831 = CARTESIAN_POINT('',(0.608307795518,0.363540300506));
#3832 = CARTESIAN_POINT('',(0.608325970148,0.366915282125));
#3833 = CARTESIAN_POINT('',(0.608347219982,0.370290284599));
#3834 = CARTESIAN_POINT('',(0.608371386099,0.3736653101));
#3835 = CARTESIAN_POINT('',(0.608398316137,0.377040360596));
#3836 = CARTESIAN_POINT('',(0.60845631648,0.383665338537));
#3837 = CARTESIAN_POINT('',(0.608487195672,0.38691526403));
#3838 = CARTESIAN_POINT('',(0.608520371481,0.390165215899));
#3839 = CARTESIAN_POINT('',(0.608555718519,0.393415195535));
#3840 = CARTESIAN_POINT('',(0.608593116405,0.396665204148));
#3841 = CARTESIAN_POINT('',(0.60863244976,0.399915242768));
#3842 = CARTESIAN_POINT('',(0.608673608214,0.403165312248));
#3843 = CARTESIAN_POINT('',(0.608761010664,0.409790287772));
#3844 = CARTESIAN_POINT('',(0.608807389038,0.413165196295));
#3845 = CARTESIAN_POINT('',(0.608855503412,0.416540139571));
#3846 = CARTESIAN_POINT('',(0.608905241219,0.419915118151));
#3847 = CARTESIAN_POINT('',(0.608956495432,0.423290132391));
#3848 = CARTESIAN_POINT('',(0.609009164567,0.426665182452));
#3849 = CARTESIAN_POINT('',(0.609063152681,0.430040268301));
#3850 = CARTESIAN_POINT('',(0.609326937016,0.446163947363));
#3851 = CARTESIAN_POINT('',(0.609553023472,0.458913016345));
#3852 = CARTESIAN_POINT('',(0.609791776806,0.471662580695));
#3853 = CARTESIAN_POINT('',(0.610039430581,0.484412590047));
#3854 = CARTESIAN_POINT('',(0.610293362775,0.497162968186));
#3855 = CARTESIAN_POINT('',(0.610552154691,0.509913621591));
#3856 = CARTESIAN_POINT('',(0.610815649883,0.522664447991));
#3857 = CARTESIAN_POINT('',(0.611364933957,0.548665549794));
#3858 = CARTESIAN_POINT('',(0.611651171463,0.561915845286));
#3859 = CARTESIAN_POINT('',(0.611945105614,0.575166114599));
#3860 = CARTESIAN_POINT('',(0.612249602958,0.588416264317));
#3861 = CARTESIAN_POINT('',(0.612569184144,0.601666235099));
#3862 = CARTESIAN_POINT('',(0.612910191498,0.614916012365));
#3863 = CARTESIAN_POINT('',(0.613280956601,0.628165637002));
#3864 = CARTESIAN_POINT('',(0.613792786789,0.644665197318));
#3865 = CARTESIAN_POINT('',(0.613896030202,0.647915176132));
#3866 = CARTESIAN_POINT('',(0.614001853356,0.651165154156));
#3867 = CARTESIAN_POINT('',(0.614110420696,0.654415133295));
#3868 = CARTESIAN_POINT('',(0.614221905849,0.657665115709));
#3869 = CARTESIAN_POINT('',(0.614336491634,0.660915103808));
#3870 = CARTESIAN_POINT('',(0.614454370056,0.664165100255));
#3871 = CARTESIAN_POINT('',(0.614725117315,0.671414974442));
#3872 = CARTESIAN_POINT('',(0.614879788497,0.675414857945));
#3873 = CARTESIAN_POINT('',(0.615040128501,0.679414763953));
#3874 = CARTESIAN_POINT('',(0.615206537098,0.683414698485));
#3875 = CARTESIAN_POINT('',(0.615379441191,0.687414668099));
#3876 = CARTESIAN_POINT('',(0.615559294807,0.691414679893));
#3877 = CARTESIAN_POINT('',(0.615746579104,0.695414741503));
#3878 = CARTESIAN_POINT('',(0.616258989523,0.705913934981));
#3879 = CARTESIAN_POINT('',(0.6165971352,0.71241315976));
#3880 = CARTESIAN_POINT('',(0.616958456117,0.71891257306));
#3881 = CARTESIAN_POINT('',(0.617345370339,0.725412213344));
#3882 = CARTESIAN_POINT('',(0.617760552701,0.731912120263));
#3883 = CARTESIAN_POINT('',(0.61820699024,0.73841233498));
#3884 = CARTESIAN_POINT('',(0.618688037631,0.744912900514));
#3885 = CARTESIAN_POINT('',(0.620085917993,0.762407897948));
#3886 = CARTESIAN_POINT('',(0.621074135901,0.773402954103));
#3887 = CARTESIAN_POINT('',(0.622190604494,0.784399370574));
#3888 = CARTESIAN_POINT('',(0.623457171681,0.795397366539));
#3889 = CARTESIAN_POINT('',(0.624901157868,0.806397041012));
#3890 = CARTESIAN_POINT('',(0.626556543547,0.817398375476));
#3891 = CARTESIAN_POINT('',(0.628467918306,0.82840123175));
#3892 = CARTESIAN_POINT('',(0.631689664241,0.844278181304));
#3893 = CARTESIAN_POINT('',(0.632741526665,0.849151229611));
#3894 = CARTESIAN_POINT('',(0.633862136084,0.854024453101));
#3895 = CARTESIAN_POINT('',(0.635058054029,0.858897793719));
#3896 = CARTESIAN_POINT('',(0.636336831406,0.86377116506));
#3897 = CARTESIAN_POINT('',(0.637707319678,0.868644450732));
#3898 = CARTESIAN_POINT('',(0.639180184373,0.873517501519));
#3899 = CARTESIAN_POINT('',(0.642397909055,0.88338805655));
#3900 = CARTESIAN_POINT('',(0.64414874531,0.88838545058));
#3901 = CARTESIAN_POINT('',(0.646035526286,0.893382182994));
#3902 = CARTESIAN_POINT('',(0.648075213471,0.898377988904));
#3903 = CARTESIAN_POINT('',(0.650289080214,0.903372448851));
#3904 = CARTESIAN_POINT('',(0.652703502527,0.908364981384));
#3905 = CARTESIAN_POINT('',(0.65535299288,0.913354808622));
#3906 = CARTESIAN_POINT('',(0.65953793328,0.920462626694));
#3907 = CARTESIAN_POINT('',(0.660839012098,0.922583683703));
#3908 = CARTESIAN_POINT('',(0.662195840612,0.924703940692));
#3909 = CARTESIAN_POINT('',(0.663612942579,0.926823283926));
#3910 = CARTESIAN_POINT('',(0.665095501618,0.928941570269));
#3911 = CARTESIAN_POINT('',(0.666649575218,0.931058623216));
#3912 = CARTESIAN_POINT('',(0.668282458609,0.933174226033));
#3913 = CARTESIAN_POINT('',(0.671659078944,0.937322337476));
#3914 = CARTESIAN_POINT('',(0.673396347537,0.939354903128));
#3915 = CARTESIAN_POINT('',(0.675222907464,0.941385631347));
#3916 = CARTESIAN_POINT('',(0.677148638444,0.943414215858));
#3917 = CARTESIAN_POINT('',(0.679185161987,0.945440228957));
#3918 = CARTESIAN_POINT('',(0.681346772181,0.947463096398));
#3919 = CARTESIAN_POINT('',(0.683652532017,0.949482039947));
#3920 = CARTESIAN_POINT('',(0.688185001555,0.953167197932));
#3921 = CARTESIAN_POINT('',(0.690357891885,0.954834429899));
#3922 = CARTESIAN_POINT('',(0.692663922218,0.956497570906));
#3923 = CARTESIAN_POINT('',(0.695124203702,0.958155823803));
#3924 = CARTESIAN_POINT('',(0.697761955604,0.959807857749));
#3925 = CARTESIAN_POINT('',(0.700615668311,0.96145122155));
#3926 = CARTESIAN_POINT('',(0.703729450131,0.963082785103));
#3927 = CARTESIAN_POINT('',(0.708664760063,0.965372576965));
#3928 = CARTESIAN_POINT('',(0.71018539769,0.96604528142));
#3929 = CARTESIAN_POINT('',(0.711777253296,0.966714141466));
#3930 = CARTESIAN_POINT('',(0.713449271559,0.967378520584));
#3931 = CARTESIAN_POINT('',(0.715213237458,0.96803729673));
#3932 = CARTESIAN_POINT('',(0.717083526107,0.968688880605));
#3933 = CARTESIAN_POINT('',(0.719079456602,0.969331046347));
#3934 = CARTESIAN_POINT('',(0.722737058918,0.970398579012));
#3935 = CARTESIAN_POINT('',(0.72431194076,0.970829255599));
#3936 = CARTESIAN_POINT('',(0.725974503551,0.971252361525));
#3937 = CARTESIAN_POINT('',(0.727741064283,0.971666278496));
#3938 = CARTESIAN_POINT('',(0.72962706402,0.972067984115));
#3939 = CARTESIAN_POINT('',(0.731654532542,0.972452025829));
#3940 = CARTESIAN_POINT('',(0.733845364563,0.972811418404));
#3941 = CARTESIAN_POINT('',(0.73891942536,0.973491075208));
#3942 = CARTESIAN_POINT('',(0.742025096399,0.973825935883));
#3943 = CARTESIAN_POINT('',(0.745456380894,0.974077993853));
#3944 = CARTESIAN_POINT('',(0.749084761523,0.974195652228));
#3945 = CARTESIAN_POINT('',(0.752742796541,0.974145903711));
#3946 = CARTESIAN_POINT('',(0.756243553488,0.97394870629));
#3947 = CARTESIAN_POINT('',(0.759429916437,0.973656344935));
#3948 = CARTESIAN_POINT('',(0.763652533522,0.973157673529));
#3949 = CARTESIAN_POINT('',(0.765151507176,0.972955231761));
#3950 = CARTESIAN_POINT('',(0.766650350756,0.972727164722));
#3951 = CARTESIAN_POINT('',(0.768149060921,0.972473203096));
#3952 = CARTESIAN_POINT('',(0.769647633788,0.972193025948));
#3953 = CARTESIAN_POINT('',(0.771146064939,0.971886260721));
#3954 = CARTESIAN_POINT('',(0.772644349411,0.971552483239));
#3955 = CARTESIAN_POINT('',(0.776119566593,0.970714450734));
#3956 = CARTESIAN_POINT('',(0.777957639701,0.970223278994));
#3957 = CARTESIAN_POINT('',(0.779684901409,0.969721489715));
#3958 = CARTESIAN_POINT('',(0.781317726476,0.96921147878));
#3959 = CARTESIAN_POINT('',(0.782868460447,0.968694973974));
#3960 = CARTESIAN_POINT('',(0.784347339596,0.968173213526));
#3961 = CARTESIAN_POINT('',(0.785762348251,0.967646933467));
#3962 = CARTESIAN_POINT('',(0.789592471048,0.966151455821));
#3963 = CARTESIAN_POINT('',(0.791874230482,0.965173741362));
#3964 = CARTESIAN_POINT('',(0.794006777486,0.964186757786));
#3965 = CARTESIAN_POINT('',(0.796013378246,0.963192585925));
#3966 = CARTESIAN_POINT('',(0.797911194322,0.962192711189));
#3967 = CARTESIAN_POINT('',(0.7997140891,0.961188198364));
#3968 = CARTESIAN_POINT('',(0.801432444146,0.960179679212));
#3969 = CARTESIAN_POINT('',(0.805691568625,0.957555876265));
#3970 = CARTESIAN_POINT('',(0.808115586548,0.955935592103));
#3971 = CARTESIAN_POINT('',(0.810382857611,0.954308663238));
#3972 = CARTESIAN_POINT('',(0.812515766688,0.952676419942));
#3973 = CARTESIAN_POINT('',(0.814531172669,0.951039835622));
#3974 = CARTESIAN_POINT('',(0.816442669676,0.949399626516));
#3975 = CARTESIAN_POINT('',(0.818260883337,0.94775626361));
#3976 = CARTESIAN_POINT('',(0.822613910046,0.943623787572));
#3977 = CARTESIAN_POINT('',(0.825040698577,0.941131312096));
#3978 = CARTESIAN_POINT('',(0.827305910297,0.938633873123));
#3979 = CARTESIAN_POINT('',(0.829431128549,0.936132373924));
#3980 = CARTESIAN_POINT('',(0.831432566838,0.933627478915));
#3981 = CARTESIAN_POINT('',(0.833323398925,0.931119689255));
#3982 = CARTESIAN_POINT('',(0.835114806417,0.928609376144));
#3983 = CARTESIAN_POINT('',(0.838591950262,0.923473004487));
#3984 = CARTESIAN_POINT('',(0.840269556236,0.920846810032));
#3985 = CARTESIAN_POINT('',(0.841858965,0.918218517924));
#3986 = CARTESIAN_POINT('',(0.843368563134,0.915588393506));
#3987 = CARTESIAN_POINT('',(0.844805308894,0.912956652454));
#3988 = CARTESIAN_POINT('',(0.846175149587,0.910323470958));
#3989 = CARTESIAN_POINT('',(0.847483268014,0.907688991595));
#3990 = CARTESIAN_POINT('',(0.85234507769,0.897444958224));
#3991 = CARTESIAN_POINT('',(0.855479181567,0.889827022742));
#3992 = CARTESIAN_POINT('',(0.858244572752,0.882202020099));
#3993 = CARTESIAN_POINT('',(0.860706684894,0.87457157052));
#3994 = CARTESIAN_POINT('',(0.862913470119,0.866936845451));
#3995 = CARTESIAN_POINT('',(0.86490280427,0.859298684611));
#3996 = CARTESIAN_POINT('',(0.866703181999,0.851657596979));
#3997 = CARTESIAN_POINT('',(0.869995870838,0.836269487264));
#3998 = CARTESIAN_POINT('',(0.871483704715,0.828522574955));
#3999 = CARTESIAN_POINT('',(0.872826867593,0.820773526715));
#4000 = CARTESIAN_POINT('',(0.874044393118,0.813022674763));
#4001 = CARTESIAN_POINT('',(0.875151548072,0.8052702817));
#4002 = CARTESIAN_POINT('',(0.876161075292,0.797516551597));
#4003 = CARTESIAN_POINT('',(0.877083888341,0.789761635573));
#4004 = CARTESIAN_POINT('',(0.880406670599,0.75927472138));
#4005 = CARTESIAN_POINT('',(0.882218818747,0.736535513757));
#4006 = CARTESIAN_POINT('',(0.883599543559,0.713789762358));
#4007 = CARTESIAN_POINT('',(0.884673209399,0.691038852163));
#4008 = CARTESIAN_POINT('',(0.885537057138,0.668284026349));
#4009 = CARTESIAN_POINT('',(0.88625748493,0.645526194583));
#4010 = CARTESIAN_POINT('',(0.886884978071,0.622765840158));
#4011 = CARTESIAN_POINT('',(0.887779293145,0.586879328334));
#4012 = CARTESIAN_POINT('',(0.888086354166,0.573755143167));
#4013 = CARTESIAN_POINT('',(0.888379733501,0.560630396786));
#4014 = CARTESIAN_POINT('',(0.888663978666,0.547505216965));
#4015 = CARTESIAN_POINT('',(0.888941981142,0.534379739462));
#4016 = CARTESIAN_POINT('',(0.889215077883,0.521254097946));
#4017 = CARTESIAN_POINT('',(0.889483152813,0.508128413909));
#4018 = CARTESIAN_POINT('',(0.890300165421,0.467133029809));
#4019 = CARTESIAN_POINT('',(0.890826236903,0.43926432767));
#4020 = CARTESIAN_POINT('',(0.891308966703,0.411396772331));
#4021 = CARTESIAN_POINT('',(0.891705520788,0.383531012888));
#4022 = CARTESIAN_POINT('',(0.891950198812,0.355667822933));
#4023 = CARTESIAN_POINT('',(0.891950767318,0.327807672753));
#4024 = CARTESIAN_POINT('',(0.891593328758,0.299950305842));
#4025 = CARTESIAN_POINT('',(0.890368328469,0.262468180576));
#4026 = CARTESIAN_POINT('',(0.889987671562,0.252842343469));
#4027 = CARTESIAN_POINT('',(0.88953295495,0.243216826699));
#4028 = CARTESIAN_POINT('',(0.888994890479,0.233591664269));
#4029 = CARTESIAN_POINT('',(0.888362764597,0.223966934361));
#4030 = CARTESIAN_POINT('',(0.887623920282,0.214342759386));
#4031 = CARTESIAN_POINT('',(0.886762865425,0.204719307671));
#4032 = CARTESIAN_POINT('',(0.884743345133,0.185341935448));
#4033 = CARTESIAN_POINT('',(0.883580992564,0.17558819546));
#4034 = CARTESIAN_POINT('',(0.882252287868,0.165835694681));
#4035 = CARTESIAN_POINT('',(0.880732607596,0.156084774693));
#4036 = CARTESIAN_POINT('',(0.878990375482,0.146336026267));
#4037 = CARTESIAN_POINT('',(0.876985704193,0.136590296348));
#4038 = CARTESIAN_POINT('',(0.87466509903,0.126848733052));
#4039 = CARTESIAN_POINT('',(0.870724449492,0.11273574689));
#4040 = CARTESIAN_POINT('',(0.869421812208,0.108359786004));
#4041 = CARTESIAN_POINT('',(0.868031329139,0.103985190738));
#4042 = CARTESIAN_POINT('',(0.866544283441,9.961216261256E-02));
#4043 = CARTESIAN_POINT('',(0.864950527328,9.524095782429E-02));
#4044 = CARTESIAN_POINT('',(0.863237975572,9.08718949546E-02));
#4045 = CARTESIAN_POINT('',(0.861391717933,8.650536902112E-02));
#4046 = CARTESIAN_POINT('',(0.85738612466,7.776169432584E-02));
#4047 = CARTESIAN_POINT('',(0.855225752437,7.338474044697E-02));
#4048 = CARTESIAN_POINT('',(0.852891987004,6.901136555088E-02));
#4049 = CARTESIAN_POINT('',(0.850361779258,6.464218143496E-02));
#4050 = CARTESIAN_POINT('',(0.847604886221,6.027815097848E-02));
#4051 = CARTESIAN_POINT('',(0.844583346832,5.59205937998E-02));
#4052 = CARTESIAN_POINT('',(0.841245943877,5.157132041261E-02));
#4053 = CARTESIAN_POINT('',(0.835047049208,4.437432030281E-02));
#4054 = CARTESIAN_POINT('',(0.832411753704,4.152097025063E-02));
#4055 = CARTESIAN_POINT('',(0.829579804089,3.867333555051E-02));
#4056 = CARTESIAN_POINT('',(0.826519175466,3.583250071701E-02));
#4057 = CARTESIAN_POINT('',(0.823194124302,3.300016015598E-02));
#4058 = CARTESIAN_POINT('',(0.819545633221,3.017941470489E-02));
#4059 = CARTESIAN_POINT('',(0.815505500603,2.737416676728E-02));
#4060 = CARTESIAN_POINT('',(0.808832483429,2.333011931618E-02));
#4061 = CARTESIAN_POINT('',(0.806637346802,2.207334223988E-02));
#4062 = CARTESIAN_POINT('',(0.804314934205,2.082239878446E-02));
#4063 = CARTESIAN_POINT('',(0.801845686148,1.957837033333E-02));
#4064 = CARTESIAN_POINT('',(0.79920779972,1.834296372829E-02));
#4065 = CARTESIAN_POINT('',(0.796366910617,1.711917028683E-02));
#4066 = CARTESIAN_POINT('',(0.793282822247,1.591082753442E-02));
#4067 = CARTESIAN_POINT('',(0.788393283339,1.421446376589E-02));
#4068 = CARTESIAN_POINT('',(0.786859879459,1.370816524196E-02));
#4069 = CARTESIAN_POINT('',(0.785258146485,1.320694560211E-02));
#4070 = CARTESIAN_POINT('',(0.783579788101,1.271163028396E-02));
#4071 = CARTESIAN_POINT('',(0.781814503955,1.222355773166E-02));
#4072 = CARTESIAN_POINT('',(0.779950002342,1.174457920905E-02));
#4073 = CARTESIAN_POINT('',(0.777970257601,1.127723123088E-02));
#4074 = CARTESIAN_POINT('',(0.774392651654,1.051520028264E-02));
#4075 = CARTESIAN_POINT('',(0.772872967479,1.021305562739E-02));
#4076 = CARTESIAN_POINT('',(0.771279422506,9.919572495153E-03));
#4077 = CARTESIAN_POINT('',(0.769601567978,9.636496363913E-03));
#4078 = CARTESIAN_POINT('',(0.767829370977,9.366634827697E-03));
#4079 = CARTESIAN_POINT('',(0.765952880869,9.113936366729E-03));
#4080 = CARTESIAN_POINT('',(0.763961130735,8.883710479301E-03));
#4081 = CARTESIAN_POINT('',(0.758859332438,8.40086986351E-03));
#4082 = CARTESIAN_POINT('',(0.755473744083,8.162963485734E-03));
#4083 = CARTESIAN_POINT('',(0.751840830462,8.0218392411E-03));
#4084 = CARTESIAN_POINT('',(0.748117227159,8.012848603254E-03));
#4085 = CARTESIAN_POINT('',(0.74446053135,8.139336264904E-03));
#4086 = CARTESIAN_POINT('',(0.740994777737,8.375042882534E-03));
#4087 = CARTESIAN_POINT('',(0.737813107853,8.683548161845E-03));
#4088 = CARTESIAN_POINT('',(0.732082170404,9.374580460229E-03));
#4089 = CARTESIAN_POINT('',(0.729442150584,9.772386190525E-03));
#4090 = CARTESIAN_POINT('',(0.727005463302,1.020142570492E-02));
#4091 = CARTESIAN_POINT('',(0.724745739142,1.065265955673E-02));
#4092 = CARTESIAN_POINT('',(0.722635539835,1.111902106125E-02));
#4093 = CARTESIAN_POINT('',(0.72065535876,1.159664267162E-02));
#4094 = CARTESIAN_POINT('',(0.718784251552,1.208351651349E-02));
#4095 = CARTESIAN_POINT('',(0.714159567933,1.337241300115E-02));
#4096 = CARTESIAN_POINT('',(0.711562005944,1.418439471998E-02));
#4097 = CARTESIAN_POINT('',(0.709150582261,1.500986217836E-02));
#4098 = CARTESIAN_POINT('',(0.706894614596,1.584534533687E-02));
#4099 = CARTESIAN_POINT('',(0.704771518771,1.668841503034E-02));
#4100 = CARTESIAN_POINT('',(0.702762652128,1.753738793969E-02));
#4101 = CARTESIAN_POINT('',(0.700854664246,1.8391423098E-02));
#4102 = CARTESIAN_POINT('',(0.695253270168,2.103495985652E-02));
#4103 = CARTESIAN_POINT('',(0.691858918062,2.28376619487E-02));
#4104 = CARTESIAN_POINT('',(0.688749173091,2.465240603117E-02));
#4105 = CARTESIAN_POINT('',(0.685876322408,2.647607978037E-02));
#4106 = CARTESIAN_POINT('',(0.683200444912,2.830629578563E-02));
#4107 = CARTESIAN_POINT('',(0.680695868585,3.014168472397E-02));
#4108 = CARTESIAN_POINT('',(0.678340082512,3.19814114414E-02));
#4109 = CARTESIAN_POINT('',(0.67117030742,3.792513521233E-02));
#4110 = CARTESIAN_POINT('',(0.666878314139,4.204244427131E-02));
#4111 = CARTESIAN_POINT('',(0.663051223452,4.617095500068E-02));
#4112 = CARTESIAN_POINT('',(0.659605279989,5.030750504444E-02));
#4113 = CARTESIAN_POINT('',(0.656469608971,5.444963800712E-02));
#4114 = CARTESIAN_POINT('',(0.653600433419,5.859600544478E-02));
#4115 = CARTESIAN_POINT('',(0.650959459166,6.274581083807E-02));
#4116 = CARTESIAN_POINT('',(0.648518246413,6.689893626143E-02));
#4117 = ( GEOMETRIC_REPRESENTATION_CONTEXT(2) 
PARAMETRIC_REPRESENTATION_CONTEXT() REPRESENTATION_CONTEXT('2D SPACE',''
  ) );
#4118 = PCURVE('',#4119,#4124);
#4119 = PLANE('',#4120);
#4120 = AXIS2_PLACEMENT_3D('',#4121,#4122,#4123);
#4121 = CARTESIAN_POINT('',(-2.E+03,-1.E+03,-2.712439792533));
#4122 = DIRECTION('',(0.,0.,1.));
#4123 = DIRECTION('',(1.,0.,-0.));
#4124 = DEFINITIONAL_REPRESENTATION('',(#4125),#4443);
#4125 = B_SPLINE_CURVE_WITH_KNOTS('',8,(#4126,#4127,#4128,#4129,#4130,
    #4131,#4132,#4133,#4134,#4135,#4136,#4137,#4138,#4139,#4140,#4141,
    #4142,#4143,#4144,#4145,#4146,#4147,#4148,#4149,#4150,#4151,#4152,
    #4153,#4154,#4155,#4156,#4157,#4158,#4159,#4160,#4161,#4162,#4163,
    #4164,#4165,#4166,#4167,#4168,#4169,#4170,#4171,#4172,#4173,#4174,
    #4175,#4176,#4177,#4178,#4179,#4180,#4181,#4182,#4183,#4184,#4185,
    #4186,#4187,#4188,#4189,#4190,#4191,#4192,#4193,#4194,#4195,#4196,
    #4197,#4198,#4199,#4200,#4201,#4202,#4203,#4204,#4205,#4206,#4207,
    #4208,#4209,#4210,#4211,#4212,#4213,#4214,#4215,#4216,#4217,#4218,
    #4219,#4220,#4221,#4222,#4223,#4224,#4225,#4226,#4227,#4228,#4229,
    #4230,#4231,#4232,#4233,#4234,#4235,#4236,#4237,#4238,#4239,#4240,
    #4241,#4242,#4243,#4244,#4245,#4246,#4247,#4248,#4249,#4250,#4251,
    #4252,#4253,#4254,#4255,#4256,#4257,#4258,#4259,#4260,#4261,#4262,
    #4263,#4264,#4265,#4266,#4267,#4268,#4269,#4270,#4271,#4272,#4273,
    #4274,#4275,#4276,#4277,#4278,#4279,#4280,#4281,#4282,#4283,#4284,
    #4285,#4286,#4287,#4288,#4289,#4290,#4291,#4292,#4293,#4294,#4295,
    #4296,#4297,#4298,#4299,#4300,#4301,#4302,#4303,#4304,#4305,#4306,
    #4307,#4308,#4309,#4310,#4311,#4312,#4313,#4314,#4315,#4316,#4317,
    #4318,#4319,#4320,#4321,#4322,#4323,#4324,#4325,#4326,#4327,#4328,
    #4329,#4330,#4331,#4332,#4333,#4334,#4335,#4336,#4337,#4338,#4339,
    #4340,#4341,#4342,#4343,#4344,#4345,#4346,#4347,#4348,#4349,#4350,
    #4351,#4352,#4353,#4354,#4355,#4356,#4357,#4358,#4359,#4360,#4361,
    #4362,#4363,#4364,#4365,#4366,#4367,#4368,#4369,#4370,#4371,#4372,
    #4373,#4374,#4375,#4376,#4377,#4378,#4379,#4380,#4381,#4382,#4383,
    #4384,#4385,#4386,#4387,#4388,#4389,#4390,#4391,#4392,#4393,#4394,
    #4395,#4396,#4397,#4398,#4399,#4400,#4401,#4402,#4403,#4404,#4405,
    #4406,#4407,#4408,#4409,#4410,#4411,#4412,#4413,#4414,#4415,#4416,
    #4417,#4418,#4419,#4420,#4421,#4422,#4423,#4424,#4425,#4426,#4427,
    #4428,#4429,#4430,#4431,#4432,#4433,#4434,#4435,#4436,#4437,#4438,
    #4439,#4440,#4441,#4442),.UNSPECIFIED.,.F.,.F.,(9,7,7,7,7,7,7,7,7,7,
    7,7,7,7,7,7,7,7,7,7,7,7,7,7,7,7,7,7,7,7,7,7,7,7,7,7,7,7,7,7,7,7,7,7,
    7,9),(0.,3.022660834806E-02,6.039237474516E-02,0.136128842464,
    0.176438605356,0.193069181966,0.209082955338,0.225711507939,
    0.288521118722,0.353790270367,0.369800101577,0.389503804579,
    0.421516803682,0.475655269007,0.499628887145,0.524218974938,
    0.534683089416,0.544752835143,0.553108902927,0.556611042604,
    0.559051043484,0.561758048222,0.563248060315,0.565214430087,
    0.568792088274,0.574488495877,0.583091587211,0.59207532285,
    0.618008606086,0.644283204078,0.721287491902,0.765682649856,
    0.859947268513,0.89252224687,0.925545273505,0.940392288036,
    0.955296080264,0.965117371481,0.969574087743,0.971494991865,
    0.972813648134,0.974667067225,0.976573042005,0.979615815458,
    0.985939396591,1.),.UNSPECIFIED.);
#4126 = CARTESIAN_POINT('',(2.009040632538E+03,997.67077533982));
#4127 = CARTESIAN_POINT('',(2.009869770833E+03,997.56394978503));
#4128 = CARTESIAN_POINT('',(2.010700091858E+03,997.46651884157));
#4129 = CARTESIAN_POINT('',(2.011531322869E+03,997.37695158186));
#4130 = CARTESIAN_POINT('',(2.012363274244E+03,997.29430139296));
#4131 = CARTESIAN_POINT('',(2.013195803868E+03,997.2178550213));
#4132 = CARTESIAN_POINT('',(2.014028806838E+03,997.14703078927));
#4133 = CARTESIAN_POINT('',(2.01486221472E+03,997.08137090073));
#4134 = CARTESIAN_POINT('',(2.016528084782E+03,996.95969745205));
#4135 = CARTESIAN_POINT('',(2.017360524863E+03,996.90366725364));
#4136 = CARTESIAN_POINT('',(2.018193253177E+03,996.85198978954));
#4137 = CARTESIAN_POINT('',(2.019026223241E+03,996.80434134662));
#4138 = CARTESIAN_POINT('',(2.01985939648E+03,996.76044471975));
#4139 = CARTESIAN_POINT('',(2.020692741352E+03,996.72005395192));
#4140 = CARTESIAN_POINT('',(2.021526232871E+03,996.68294596131));
#4141 = CARTESIAN_POINT('',(2.024452801701E+03,996.56348869668));
#4142 = CARTESIAN_POINT('',(2.026546498317E+03,996.49747776934));
#4143 = CARTESIAN_POINT('',(2.028640676362E+03,996.44768639795));
#4144 = CARTESIAN_POINT('',(2.030735134992E+03,996.41165096598));
#4145 = CARTESIAN_POINT('',(2.032829730427E+03,996.38723615499));
#4146 = CARTESIAN_POINT('',(2.03492437373E+03,996.37252234047));
#4147 = CARTESIAN_POINT('',(2.037019030813E+03,996.36580514793));
#4148 = CARTESIAN_POINT('',(2.040228593012E+03,996.36537449944));
#4149 = CARTESIAN_POINT('',(2.041343464751E+03,996.36704853334));
#4150 = CARTESIAN_POINT('',(2.042458333483E+03,996.37031202899));
#4151 = CARTESIAN_POINT('',(2.043573197318E+03,996.37494346608));
#4152 = CARTESIAN_POINT('',(2.044688055219E+03,996.3807334246));
#4153 = CARTESIAN_POINT('',(2.045802907001E+03,996.38748415983));
#4154 = CARTESIAN_POINT('',(2.046917753334E+03,996.39500917731));
#4155 = CARTESIAN_POINT('',(2.048492545663E+03,996.40648438215));
#4156 = CARTESIAN_POINT('',(2.048952494835E+03,996.40993786869));
#4157 = CARTESIAN_POINT('',(2.049412443329E+03,996.41348094745));
#4158 = CARTESIAN_POINT('',(2.049872391218E+03,996.41710162324));
#4159 = CARTESIAN_POINT('',(2.05033233858E+03,996.4207882257));
#4160 = CARTESIAN_POINT('',(2.050792285494E+03,996.4245294093));
#4161 = CARTESIAN_POINT('',(2.051252232048E+03,996.42831415331));
#4162 = CARTESIAN_POINT('',(2.052155065896E+03,996.43580778025));
#4163 = CARTESIAN_POINT('',(2.052597953205E+03,996.43951427508));
#4164 = CARTESIAN_POINT('',(2.053040840338E+03,996.44324169457));
#4165 = CARTESIAN_POINT('',(2.053483727373E+03,996.44698077221));
#4166 = CARTESIAN_POINT('',(2.053926614384E+03,996.45072252672));
#4167 = CARTESIAN_POINT('',(2.054369501445E+03,996.45445826203));
#4168 = CARTESIAN_POINT('',(2.054812388628E+03,996.45817956731));
#4169 = CARTESIAN_POINT('',(2.055715166107E+03,996.46571906317));
#4170 = CARTESIAN_POINT('',(2.056175056416E+03,996.46953549817));
#4171 = CARTESIAN_POINT('',(2.056634947003E+03,996.47331852166));
#4172 = CARTESIAN_POINT('',(2.057094837937E+03,996.47705937811));
#4173 = CARTESIAN_POINT('',(2.057554729282E+03,996.48074965671));
#4174 = CARTESIAN_POINT('',(2.058014621093E+03,996.48438129145));
#4175 = CARTESIAN_POINT('',(2.058474513421E+03,996.48794656105));
#4176 = CARTESIAN_POINT('',(2.06067152041E+03,996.50462637963));
#4177 = CARTESIAN_POINT('',(2.062408643013E+03,996.5167625391));
#4178 = CARTESIAN_POINT('',(2.064145775773E+03,996.52744980052));
#4179 = CARTESIAN_POINT('',(2.065882919094E+03,996.53636276593));
#4180 = CARTESIAN_POINT('',(2.067620072116E+03,996.54325150018));
#4181 = CARTESIAN_POINT('',(2.069357232697E+03,996.54794562481));
#4182 = CARTESIAN_POINT('',(2.071094397395E+03,996.55035841202));
#4183 = CARTESIAN_POINT('',(2.074636750514E+03,996.55062866526));
#4184 = CARTESIAN_POINT('',(2.076441940853E+03,996.54830376407));
#4185 = CARTESIAN_POINT('',(2.078247126882E+03,996.54351829444));
#4186 = CARTESIAN_POINT('',(2.080052304694E+03,996.53637593531));
#4187 = CARTESIAN_POINT('',(2.081857472083E+03,996.52708812688));
#4188 = CARTESIAN_POINT('',(2.083662628569E+03,996.5159802724));
#4189 = CARTESIAN_POINT('',(2.085467775426E+03,996.50349793998));
#4190 = CARTESIAN_POINT('',(2.087715697482E+03,996.48695445389));
#4191 = CARTESIAN_POINT('',(2.088158478897E+03,996.48364760313));
#4192 = CARTESIAN_POINT('',(2.088601260014E+03,996.48030095165));
#4193 = CARTESIAN_POINT('',(2.089044040895E+03,996.47692342243));
#4194 = CARTESIAN_POINT('',(2.08948682161E+03,996.47352442204));
#4195 = CARTESIAN_POINT('',(2.089929602234E+03,996.47011384053));
#4196 = CARTESIAN_POINT('',(2.090372382847E+03,996.46670205154));
#4197 = CARTESIAN_POINT('',(2.0913601049E+03,996.45911279782));
#4198 = CARTESIAN_POINT('',(2.091905046365E+03,996.45494038));
#4199 = CARTESIAN_POINT('',(2.0924499881E+03,996.45080285699));
#4200 = CARTESIAN_POINT('',(2.092994930269E+03,996.44672165656));
#4201 = CARTESIAN_POINT('',(2.09353987303E+03,996.44271943603));
#4202 = CARTESIAN_POINT('',(2.094084816535E+03,996.43882008225));
#4203 = CARTESIAN_POINT('',(2.094629760933E+03,996.43504871161));
#4204 = CARTESIAN_POINT('',(2.096060090038E+03,996.42555505743));
#4205 = CARTESIAN_POINT('',(2.09694547613E+03,996.42008589631));
#4206 = CARTESIAN_POINT('',(2.097830865556E+03,996.41513778767));
#4207 = CARTESIAN_POINT('',(2.098716258753E+03,996.41083320785));
#4208 = CARTESIAN_POINT('',(2.099601655672E+03,996.40730440488));
#4209 = CARTESIAN_POINT('',(2.100487055787E+03,996.40469429473));
#4210 = CARTESIAN_POINT('',(2.101372458098E+03,996.40315735765));
#4211 = CARTESIAN_POINT('',(2.103755201584E+03,996.4023586947));
#4212 = CARTESIAN_POINT('',(2.105252528806E+03,996.40540337543));
#4213 = CARTESIAN_POINT('',(2.106749852214E+03,996.41280508048));
#4214 = CARTESIAN_POINT('',(2.108247158462E+03,996.42547428771));
#4215 = CARTESIAN_POINT('',(2.109744410954E+03,996.44445530891));
#4216 = CARTESIAN_POINT('',(2.11124154962E+03,996.47094247087));
#4217 = CARTESIAN_POINT('',(2.112738490078E+03,996.50633927245));
#4218 = CARTESIAN_POINT('',(2.114897860107E+03,996.57282719122));
#4219 = CARTESIAN_POINT('',(2.115560532881E+03,996.59532857863));
#4220 = CARTESIAN_POINT('',(2.116223129059E+03,996.62007920376));
#4221 = CARTESIAN_POINT('',(2.116885633982E+03,996.64724853795));
#4222 = CARTESIAN_POINT('',(2.117548028808E+03,996.67702312716));
#4223 = CARTESIAN_POINT('',(2.118210290278E+03,996.70961160503));
#4224 = CARTESIAN_POINT('',(2.118872390341E+03,996.74525324696));
#4225 = CARTESIAN_POINT('',(2.120213221178E+03,996.82420926227));
#4226 = CARTESIAN_POINT('',(2.120891929812E+03,996.86769633384));
#4227 = CARTESIAN_POINT('',(2.121570395041E+03,996.91499875028));
#4228 = CARTESIAN_POINT('',(2.122248571754E+03,996.96646633277));
#4229 = CARTESIAN_POINT('',(2.122926393502E+03,997.02252332317));
#4230 = CARTESIAN_POINT('',(2.123603771528E+03,997.08368007195));
#4231 = CARTESIAN_POINT('',(2.124280590163E+03,997.1505878103));
#4232 = CARTESIAN_POINT('',(2.125244403433E+03,997.25552504929));
#4233 = CARTESIAN_POINT('',(2.125531979978E+03,997.28806404408));
#4234 = CARTESIAN_POINT('',(2.125819410509E+03,997.32189016828));
#4235 = CARTESIAN_POINT('',(2.126106678806E+03,997.35708754493));
#4236 = CARTESIAN_POINT('',(2.126393764664E+03,997.39375232278));
#4237 = CARTESIAN_POINT('',(2.126680643358E+03,997.43199684206));
#4238 = CARTESIAN_POINT('',(2.126967284725E+03,997.47195685157));
#4239 = CARTESIAN_POINT('',(2.127529227406E+03,997.55406949508));
#4240 = CARTESIAN_POINT('',(2.127804539526E+03,997.59608316849));
#4241 = CARTESIAN_POINT('',(2.128079563455E+03,997.63999054722));
#4242 = CARTESIAN_POINT('',(2.128354257023E+03,997.68597810007));
#4243 = CARTESIAN_POINT('',(2.128628561641E+03,997.73426549478));
#4244 = CARTESIAN_POINT('',(2.128902398924E+03,997.78512456054));
#4245 = CARTESIAN_POINT('',(2.129175662956E+03,997.83892273308));
#4246 = CARTESIAN_POINT('',(2.129674371173E+03,997.94371329522));
#4247 = CARTESIAN_POINT('',(2.12989996636E+03,997.99361341329));
#4248 = CARTESIAN_POINT('',(2.130124978274E+03,998.04620076831));
#4249 = CARTESIAN_POINT('',(2.130349298827E+03,998.10189555582));
#4250 = CARTESIAN_POINT('',(2.130572747782E+03,998.16115625101));
#4251 = CARTESIAN_POINT('',(2.130794993592E+03,998.22476321915));
#4252 = CARTESIAN_POINT('',(2.131015613122E+03,998.29360718765));
#4253 = CARTESIAN_POINT('',(2.13132519576E+03,998.40181435159));
#4254 = CARTESIAN_POINT('',(2.131416140921E+03,998.4350536543));
#4255 = CARTESIAN_POINT('',(2.131506561081E+03,998.46974576049));
#4256 = CARTESIAN_POINT('',(2.131596370255E+03,998.50607781515));
#4257 = CARTESIAN_POINT('',(2.13168541686E+03,998.54429815003));
#4258 = CARTESIAN_POINT('',(2.131773486206E+03,998.58471084553));
#4259 = CARTESIAN_POINT('',(2.131860277647E+03,998.62772739189));
#4260 = CARTESIAN_POINT('',(2.132004551332E+03,998.70637957182));
#4261 = CARTESIAN_POINT('',(2.13206275361E+03,998.74019864694));
#4262 = CARTESIAN_POINT('',(2.132119930558E+03,998.77585716989));
#4263 = CARTESIAN_POINT('',(2.132175863599E+03,998.81370833354));
#4264 = CARTESIAN_POINT('',(2.132230144458E+03,998.85408719346));
#4265 = CARTESIAN_POINT('',(2.132282036589E+03,998.89747977099));
#4266 = CARTESIAN_POINT('',(2.132330596512E+03,998.94437517184));
#4267 = CARTESIAN_POINT('',(2.132422427055E+03,999.05312651428));
#4268 = CARTESIAN_POINT('',(2.132467669534E+03,999.11976287437));
#4269 = CARTESIAN_POINT('',(2.132501723137E+03,999.19355417503));
#4270 = CARTESIAN_POINT('',(2.132517617898E+03,999.2718972947));
#4271 = CARTESIAN_POINT('',(2.132510897579E+03,999.3514671398));
#4272 = CARTESIAN_POINT('',(2.132484256192E+03,999.42838328525));
#4273 = CARTESIAN_POINT('',(2.132444756245E+03,999.49905545106));
#4274 = CARTESIAN_POINT('',(2.132377380285E+03,999.59342851706));
#4275 = CARTESIAN_POINT('',(2.132350027798E+03,999.6270932842));
#4276 = CARTESIAN_POINT('',(2.13231921248E+03,999.66093086448));
#4277 = CARTESIAN_POINT('',(2.132284897711E+03,999.69495365242));
#4278 = CARTESIAN_POINT('',(2.132247039847E+03,999.72917441856));
#4279 = CARTESIAN_POINT('',(2.132205588228E+03,999.76360630946));
#4280 = CARTESIAN_POINT('',(2.13216048517E+03,999.79826284772));
#4281 = CARTESIAN_POINT('',(2.13204723861E+03,999.87920901254));
#4282 = CARTESIAN_POINT('',(2.131980861924E+03,999.9224437987));
#4283 = CARTESIAN_POINT('',(2.131913047414E+03,999.96344841816));
#4284 = CARTESIAN_POINT('',(2.131844118678E+03,1.000002558285E+03));
#4285 = CARTESIAN_POINT('',(2.131774309091E+03,1.000040025034E+03));
#4286 = CARTESIAN_POINT('',(2.13170378591E+03,1.000076057807E+03));
#4287 = CARTESIAN_POINT('',(2.131632648543E+03,1.000110820405E+03));
#4288 = CARTESIAN_POINT('',(2.13143049515E+03,1.000205681125E+03));
#4289 = CARTESIAN_POINT('',(2.131298320183E+03,1.000263130311E+03));
#4290 = CARTESIAN_POINT('',(2.131164880873E+03,1.00031764832E+03));
#4291 = CARTESIAN_POINT('',(2.131030458308E+03,1.000369703714E+03));
#4292 = CARTESIAN_POINT('',(2.130895253191E+03,1.000419639194E+03));
#4293 = CARTESIAN_POINT('',(2.130759409424E+03,1.00046773114E+03));
#4294 = CARTESIAN_POINT('',(2.130623012405E+03,1.00051418552E+03));
#4295 = CARTESIAN_POINT('',(2.130268126897E+03,1.000630840261E+03));
#4296 = CARTESIAN_POINT('',(2.130048944566E+03,1.000698780393E+03));
#4297 = CARTESIAN_POINT('',(2.129828834484E+03,1.000763706424E+03));
#4298 = CARTESIAN_POINT('',(2.129607976692E+03,1.000826050583E+03));
#4299 = CARTESIAN_POINT('',(2.12938650307E+03,1.000886134165E+03));
#4300 = CARTESIAN_POINT('',(2.129164510774E+03,1.000944214492E+03));
#4301 = CARTESIAN_POINT('',(2.128942063822E+03,1.001000490546E+03));
#4302 = CARTESIAN_POINT('',(2.128382619517E+03,1.001137661039E+03));
#4303 = CARTESIAN_POINT('',(2.128045131852E+03,1.001216455598E+03));
#4304 = CARTESIAN_POINT('',(2.127706910695E+03,1.001292086498E+03));
#4305 = CARTESIAN_POINT('',(2.127368079498E+03,1.001364945666E+03));
#4306 = CARTESIAN_POINT('',(2.127028729472E+03,1.001435321835E+03));
#4307 = CARTESIAN_POINT('',(2.126688929769E+03,1.001503447518E+03));
#4308 = CARTESIAN_POINT('',(2.126348731958E+03,1.001569519667E+03));
#4309 = CARTESIAN_POINT('',(2.12565253838E+03,1.001700707927E+03));
#4310 = CARTESIAN_POINT('',(2.125296519233E+03,1.001765652685E+03));
#4311 = CARTESIAN_POINT('',(2.124940157462E+03,1.001828709289E+03));
#4312 = CARTESIAN_POINT('',(2.124583490503E+03,1.001890021872E+03));
#4313 = CARTESIAN_POINT('',(2.124226549065E+03,1.001949709044E+03));
#4314 = CARTESIAN_POINT('',(2.123869358498E+03,1.002007871859E+03));
#4315 = CARTESIAN_POINT('',(2.123511939579E+03,1.002064598398E+03));
#4316 = CARTESIAN_POINT('',(2.122121937412E+03,1.002279791145E+03));
#4317 = CARTESIAN_POINT('',(2.121087844158E+03,1.002428282544E+03));
#4318 = CARTESIAN_POINT('',(2.120052402549E+03,1.002567278022E+03));
#4319 = CARTESIAN_POINT('',(2.11901586536E+03,1.00269788956E+03));
#4320 = CARTESIAN_POINT('',(2.11797842272E+03,1.002820956255E+03));
#4321 = CARTESIAN_POINT('',(2.116940217818E+03,1.002937167234E+03));
#4322 = CARTESIAN_POINT('',(2.115901347019E+03,1.003047062941E+03));
#4323 = CARTESIAN_POINT('',(2.113808714069E+03,1.003256554662E+03));
#4324 = CARTESIAN_POINT('',(2.112754960417E+03,1.003355992125E+03));
#4325 = CARTESIAN_POINT('',(2.111700693492E+03,1.003449925094E+03));
#4326 = CARTESIAN_POINT('',(2.110645982765E+03,1.003538757707E+03));
#4327 = CARTESIAN_POINT('',(2.109590886303E+03,1.003622837047E+03));
#4328 = CARTESIAN_POINT('',(2.108535452333E+03,1.003702471745E+03));
#4329 = CARTESIAN_POINT('',(2.107479720072E+03,1.003777941857E+03));
#4330 = CARTESIAN_POINT('',(2.103328846763E+03,1.004059219292E+03));
#4331 = CARTESIAN_POINT('',(2.100231814239E+03,1.004235333809E+03));
#4332 = CARTESIAN_POINT('',(2.097133287385E+03,1.004384238771E+03));
#4333 = CARTESIAN_POINT('',(2.094033754414E+03,1.00451052023E+03));
#4334 = CARTESIAN_POINT('',(2.090933577178E+03,1.004618091515E+03));
#4335 = CARTESIAN_POINT('',(2.087832985932E+03,1.004710074768E+03));
#4336 = CARTESIAN_POINT('',(2.08473208795E+03,1.004788991565E+03));
#4337 = CARTESIAN_POINT('',(2.079842921491E+03,1.004895733043E+03));
#4338 = CARTESIAN_POINT('',(2.078054898442E+03,1.00493104174E+03));
#4339 = CARTESIAN_POINT('',(2.076266810116E+03,1.004962980468E+03));
#4340 = CARTESIAN_POINT('',(2.074478668705E+03,1.004991835017E+03));
#4341 = CARTESIAN_POINT('',(2.072690484041E+03,1.005017820342E+03));
#4342 = CARTESIAN_POINT('',(2.070902263591E+03,1.005041080119E+03));
#4343 = CARTESIAN_POINT('',(2.06911401245E+03,1.005061686294E+03));
#4344 = CARTESIAN_POINT('',(2.063528664984E+03,1.005117756992E+03));
#4345 = CARTESIAN_POINT('',(2.059731579361E+03,1.005143908386E+03));
#4346 = CARTESIAN_POINT('',(2.055934385602E+03,1.005158093279E+03));
#4347 = CARTESIAN_POINT('',(2.052137082066E+03,1.005158821584E+03));
#4348 = CARTESIAN_POINT('',(2.048339756266E+03,1.005143117954E+03));
#4349 = CARTESIAN_POINT('',(2.044542585931E+03,1.005106385898E+03));
#4350 = CARTESIAN_POINT('',(2.040745839006E+03,1.005042408096E+03));
#4351 = CARTESIAN_POINT('',(2.035638112092E+03,1.00490796794E+03));
#4352 = CARTESIAN_POINT('',(2.034326460702E+03,1.004869149882E+03));
#4353 = CARTESIAN_POINT('',(2.033014946832E+03,1.004825683004E+03));
#4354 = CARTESIAN_POINT('',(2.031703601402E+03,1.004777172866E+03));
#4355 = CARTESIAN_POINT('',(2.030392465182E+03,1.004723186439E+03));
#4356 = CARTESIAN_POINT('',(2.029081589072E+03,1.004663245156E+03));
#4357 = CARTESIAN_POINT('',(2.027771034599E+03,1.004596812858E+03));
#4358 = CARTESIAN_POINT('',(2.025132694386E+03,1.004448732834E+03));
#4359 = CARTESIAN_POINT('',(2.023804940604E+03,1.00436689005E+03));
#4360 = CARTESIAN_POINT('',(2.022477674358E+03,1.004277109362E+03));
#4361 = CARTESIAN_POINT('',(2.021150992098E+03,1.004178678328E+03));
#4362 = CARTESIAN_POINT('',(2.019825029317E+03,1.004070768461E+03));
#4363 = CARTESIAN_POINT('',(2.018499961696E+03,1.00395242114E+03));
#4364 = CARTESIAN_POINT('',(2.017176011278E+03,1.003822472801E+03));
#4365 = CARTESIAN_POINT('',(2.015258854053E+03,1.003614971035E+03));
#4366 = CARTESIAN_POINT('',(2.014664534107E+03,1.003547946631E+03));
#4367 = CARTESIAN_POINT('',(2.01407053198E+03,1.003478110757E+03));
#4368 = CARTESIAN_POINT('',(2.013476881731E+03,1.003405299251E+03));
#4369 = CARTESIAN_POINT('',(2.012883625051E+03,1.003329326661E+03));
#4370 = CARTESIAN_POINT('',(2.012290812283E+03,1.003249978226E+03));
#4371 = CARTESIAN_POINT('',(2.0116985043E+03,1.003166995209E+03));
#4372 = CARTESIAN_POINT('',(2.010512784148E+03,1.002992779317E+03));
#4373 = CARTESIAN_POINT('',(2.009919399697E+03,1.002901520666E+03));
#4374 = CARTESIAN_POINT('',(2.00932667754E+03,1.002805940154E+03));
#4375 = CARTESIAN_POINT('',(2.008734708297E+03,1.002705650858E+03));
#4376 = CARTESIAN_POINT('',(2.00814363021E+03,1.002600146556E+03));
#4377 = CARTESIAN_POINT('',(2.007553629815E+03,1.002488797788E+03));
#4378 = CARTESIAN_POINT('',(2.006964959881E+03,1.00237075272E+03));
#4379 = CARTESIAN_POINT('',(2.005991211696E+03,1.002161437702E+03));
#4380 = CARTESIAN_POINT('',(2.005605249939E+03,1.002074779732E+03));
#4381 = CARTESIAN_POINT('',(2.005220157605E+03,1.001984196347E+03));
#4382 = CARTESIAN_POINT('',(2.004836083323E+03,1.001889126271E+03));
#4383 = CARTESIAN_POINT('',(2.004453258097E+03,1.001788957695E+03));
#4384 = CARTESIAN_POINT('',(2.004072102471E+03,1.001682635048E+03));
#4385 = CARTESIAN_POINT('',(2.003693144776E+03,1.00156895627E+03));
#4386 = CARTESIAN_POINT('',(2.003146989783E+03,1.001388664071E+03));
#4387 = CARTESIAN_POINT('',(2.002977281579E+03,1.001330287507E+03));
#4388 = CARTESIAN_POINT('',(2.002808382661E+03,1.001269522067E+03));
#4389 = CARTESIAN_POINT('',(2.002640438939E+03,1.001205995167E+03));
#4390 = CARTESIAN_POINT('',(2.002473680693E+03,1.001139297676E+03));
#4391 = CARTESIAN_POINT('',(2.002308511327E+03,1.001068771266E+03));
#4392 = CARTESIAN_POINT('',(2.002145448182E+03,1.000993648639E+03));
#4393 = CARTESIAN_POINT('',(2.001916556179E+03,1.000877032315E+03));
#4394 = CARTESIAN_POINT('',(2.0018482446E+03,1.000840751366E+03));
#4395 = CARTESIAN_POINT('',(2.001780621984E+03,1.000803160509E+03));
#4396 = CARTESIAN_POINT('',(2.001713799592E+03,1.000764096013E+03));
#4397 = CARTESIAN_POINT('',(2.001647957854E+03,1.000723355625E+03));
#4398 = CARTESIAN_POINT('',(2.001583346326E+03,1.000680698559E+03));
#4399 = CARTESIAN_POINT('',(2.001520306913E+03,1.00063580898E+03));
#4400 = CARTESIAN_POINT('',(2.001417523376E+03,1.000555447582E+03));
#4401 = CARTESIAN_POINT('',(2.001376771213E+03,1.000521509905E+03));
#4402 = CARTESIAN_POINT('',(2.001337188623E+03,1.000486130029E+03));
#4403 = CARTESIAN_POINT('',(2.001299010905E+03,1.000449098762E+03));
#4404 = CARTESIAN_POINT('',(2.001262616555E+03,1.000410221061E+03));
#4405 = CARTESIAN_POINT('',(2.001228537866E+03,1.000369307198E+03));
#4406 = CARTESIAN_POINT('',(2.001197490591E+03,1.000326147195E+03));
#4407 = CARTESIAN_POINT('',(2.001132378047E+03,1.000216265445E+03));
#4408 = CARTESIAN_POINT('',(2.001100296824E+03,1.000143865459E+03));
#4409 = CARTESIAN_POINT('',(2.001081267558E+03,1.000066816317E+03));
#4410 = CARTESIAN_POINT('',(2.001080055592E+03,999.98846628135));
#4411 = CARTESIAN_POINT('',(2.001097110838E+03,999.91190004316));
#4412 = CARTESIAN_POINT('',(2.001128894806E+03,999.83949570432));
#4413 = CARTESIAN_POINT('',(2.001170497321E+03,999.7730728888));
#4414 = CARTESIAN_POINT('',(2.001263688255E+03,999.65340788996));
#4415 = CARTESIAN_POINT('',(2.001317337208E+03,999.59827036168));
#4416 = CARTESIAN_POINT('',(2.001375200979E+03,999.54729944661));
#4417 = CARTESIAN_POINT('',(2.001436061079E+03,999.49992785465));
#4418 = CARTESIAN_POINT('',(2.001498964799E+03,999.45557422003));
#4419 = CARTESIAN_POINT('',(2.001563390714E+03,999.41383351698));
#4420 = CARTESIAN_POINT('',(2.001629068173E+03,999.37426931366));
#4421 = CARTESIAN_POINT('',(2.001802945036E+03,999.2761562428));
#4422 = CARTESIAN_POINT('',(2.001912493547E+03,999.22071348219));
#4423 = CARTESIAN_POINT('',(2.002023871256E+03,999.16891516453));
#4424 = CARTESIAN_POINT('',(2.002136610402E+03,999.12013825076));
#4425 = CARTESIAN_POINT('',(2.002250383469E+03,999.07392851587));
#4426 = CARTESIAN_POINT('',(2.00236496347E+03,999.0299121925));
#4427 = CARTESIAN_POINT('',(2.002480237016E+03,998.98782444362));
#4428 = CARTESIAN_POINT('',(2.002837080835E+03,998.86343013208));
#4429 = CARTESIAN_POINT('',(2.003080467293E+03,998.7868206706));
#4430 = CARTESIAN_POINT('',(2.003325524735E+03,998.71554993845));
#4431 = CARTESIAN_POINT('',(2.003571833049E+03,998.64871125946));
#4432 = CARTESIAN_POINT('',(2.003819069698E+03,998.58554533994));
#4433 = CARTESIAN_POINT('',(2.004067049359E+03,998.52557828381));
#4434 = CARTESIAN_POINT('',(2.004315658798E+03,998.46839173542));
#4435 = CARTESIAN_POINT('',(2.005118996559E+03,998.29199239864));
#4436 = CARTESIAN_POINT('',(2.005675694045E+03,998.18257454652));
#4437 = CARTESIAN_POINT('',(2.006234113578E+03,998.08196707618));
#4438 = CARTESIAN_POINT('',(2.006793820961E+03,997.98874968315));
#4439 = CARTESIAN_POINT('',(2.007354477055E+03,997.90169679646));
#4440 = CARTESIAN_POINT('',(2.007915892226E+03,997.82008621401));
#4441 = CARTESIAN_POINT('',(2.008477951648E+03,997.74327061539));
#4442 = CARTESIAN_POINT('',(2.009040632538E+03,997.67077533982));
#4443 = ( GEOMETRIC_REPRESENTATION_CONTEXT(2) 
PARAMETRIC_REPRESENTATION_CONTEXT() REPRESENTATION_CONTEXT('2D SPACE',''
  ) );
#4444 = ADVANCED_FACE('',(#4445),#3449,.F.);
#4445 = FACE_BOUND('',#4446,.T.);
#4446 = EDGE_LOOP('',(#4447));
#4447 = ORIENTED_EDGE('',*,*,#3423,.T.);
#4448 = ADVANCED_FACE('',(#4449),#3398,.T.);
#4449 = FACE_BOUND('',#4450,.T.);
#4450 = EDGE_LOOP('',(#4451));
#4451 = ORIENTED_EDGE('',*,*,#3372,.F.);
#4452 = ADVANCED_FACE('',(#4453),#4119,.F.);
#4453 = FACE_BOUND('',#4454,.F.);
#4454 = EDGE_LOOP('',(#4455));
#4455 = ORIENTED_EDGE('',*,*,#3475,.T.);
#4456 = ( GEOMETRIC_REPRESENTATION_CONTEXT(3) 
GLOBAL_UNCERTAINTY_ASSIGNED_CONTEXT((#4460)) 
GLOBAL_UNIT_ASSIGNED_CONTEXT((#4457,#4458,#4459)) REPRESENTATION_CONTEXT
('Context #1','3D Context with UNIT and UNCERTAINTY') );
#4457 = ( LENGTH_UNIT() NAMED_UNIT(*) SI_UNIT(.MILLI.,.METRE.) );
#4458 = ( NAMED_UNIT(*) PLANE_ANGLE_UNIT() SI_UNIT($,.RADIAN.) );
#4459 = ( NAMED_UNIT(*) SI_UNIT($,.STERADIAN.) SOLID_ANGLE_UNIT() );
#4460 = UNCERTAINTY_MEASURE_WITH_UNIT(LENGTH_MEASURE(1.E-06),#4457,
  'distance_accuracy_value','confusion accuracy');
#4461 = CONTEXT_DEPENDENT_SHAPE_REPRESENTATION(#4462,#4464);
#4462 = ( REPRESENTATION_RELATIONSHIP('','',#3246,#10) 
REPRESENTATION_RELATIONSHIP_WITH_TRANSFORMATION(#4463) 
SHAPE_REPRESENTATION_RELATIONSHIP() );
#4463 = ITEM_DEFINED_TRANSFORMATION('','',#11,#31);
#4464 = PRODUCT_DEFINITION_SHAPE('Placement','Placement of an item',
  #4465);
#4465 = NEXT_ASSEMBLY_USAGE_OCCURRENCE('5','leek_2','',#5,#3241,$);
#4466 = PRODUCT_RELATED_PRODUCT_CATEGORY('part',$,(#3243));
#4467 = SHAPE_DEFINITION_REPRESENTATION(#4468,#4474);
#4468 = PRODUCT_DEFINITION_SHAPE('','',#4469);
#4469 = PRODUCT_DEFINITION('design','',#4470,#4473);
#4470 = PRODUCT_DEFINITION_FORMATION('','',#4471);
#4471 = PRODUCT('leek_3','leek_3','',(#4472));
#4472 = PRODUCT_CONTEXT('',#2,'mechanical');
#4473 = PRODUCT_DEFINITION_CONTEXT('part definition',#2,'design');
#4474 = ADVANCED_BREP_SHAPE_REPRESENTATION('',(#11,#4475),#5747);
#4475 = MANIFOLD_SOLID_BREP('',#4476);
#4476 = CLOSED_SHELL('',(#4477,#5735,#5739,#5743));
#4477 = ADVANCED_FACE('',(#4478,#4700),#4495,.T.);
#4478 = FACE_BOUND('',#4479,.T.);
#4479 = EDGE_LOOP('',(#4480,#4599,#4649,#4650));
#4480 = ORIENTED_EDGE('',*,*,#4481,.F.);
#4481 = EDGE_CURVE('',#4482,#4484,#4486,.T.);
#4482 = VERTEX_POINT('',#4483);
#4483 = CARTESIAN_POINT('',(7.105427357601E-16,3.2,-7.105427357601E-16)
  );
#4484 = VERTEX_POINT('',#4485);
#4485 = CARTESIAN_POINT('',(145.,2.2,-4.884981308351E-16));
#4486 = SEAM_CURVE('',#4487,(#4494,#4592),.PCURVE_S1.);
#4487 = ( BOUNDED_CURVE() B_SPLINE_CURVE(5,(#4488,#4489,#4490,#4491,
#4492,#4493),.UNSPECIFIED.,.F.,.F.) B_SPLINE_CURVE_WITH_KNOTS((6,6),(0.,
1.),.PIECEWISE_BEZIER_KNOTS.) CURVE() GEOMETRIC_REPRESENTATION_ITEM() 
RATIONAL_B_SPLINE_CURVE((1.,1.,1.,1.,1.,1.)) REPRESENTATION_ITEM('') );
#4488 = CARTESIAN_POINT('',(7.105427357601E-16,3.2,-2.012554999787E-15)
  );
#4489 = CARTESIAN_POINT('',(28.762632587868,7.801281416063,
    3.231385539546E-15));
#4490 = CARTESIAN_POINT('',(58.178292088563,6.104028525234,
    -2.52193535405E-14));
#4491 = CARTESIAN_POINT('',(86.847071724718,6.432207516129,
    2.51670161596E-14));
#4492 = CARTESIAN_POINT('',(116.2260514561,6.705528862062,
    -3.283188630364E-15));
#4493 = CARTESIAN_POINT('',(145.,2.2,-2.779070011151E-15));
#4494 = PCURVE('',#4495,#4586);
#4495 = ( BOUNDED_SURFACE() B_SPLINE_SURFACE(14,5,(
    (#4496,#4497,#4498,#4499,#4500,#4501)
    ,(#4502,#4503,#4504,#4505,#4506,#4507)
    ,(#4508,#4509,#4510,#4511,#4512,#4513)
    ,(#4514,#4515,#4516,#4517,#4518,#4519)
    ,(#4520,#4521,#4522,#4523,#4524,#4525)
    ,(#4526,#4527,#4528,#4529,#4530,#4531)
    ,(#4532,#4533,#4534,#4535,#4536,#4537)
    ,(#4538,#4539,#4540,#4541,#4542,#4543)
    ,(#4544,#4545,#4546,#4547,#4548,#4549)
    ,(#4550,#4551,#4552,#4553,#4554,#4555)
    ,(#4556,#4557,#4558,#4559,#4560,#4561)
    ,(#4562,#4563,#4564,#4565,#4566,#4567)
    ,(#4568,#4569,#4570,#4571,#4572,#4573)
    ,(#4574,#4575,#4576,#4577,#4578,#4579)
    ,(#4580,#4581,#4582,#4583,#4584,#4585
)),.UNSPECIFIED.,.T.,.F.,.F.) B_SPLINE_SURFACE_WITH_KNOTS((15,15),(6,6),
  (0.,1.),(0.,1.),.PIECEWISE_BEZIER_KNOTS.) 
GEOMETRIC_REPRESENTATION_ITEM() RATIONAL_B_SPLINE_SURFACE((
    (1.,1.,1.,1.,1.,1.)
    ,(1.,1.,1.,1.,1.,1.)
    ,(1.,1.,1.,1.,1.,1.)
    ,(1.,1.,1.,1.,1.,1.)
    ,(1.,1.,1.,1.,1.,1.)
    ,(1.,1.,1.,1.,1.,1.)
    ,(1.,1.,1.,1.,1.,1.)
    ,(1.,1.,1.,1.,1.,1.)
    ,(1.,1.,1.,1.,1.,1.)
    ,(1.,1.,1.,1.,1.,1.)
    ,(1.,1.,1.,1.,1.,1.)
    ,(1.,1.,1.,1.,1.,1.)
    ,(1.,1.,1.,1.,1.,1.)
    ,(1.,1.,1.,1.,1.,1.)
,(1.,1.,1.,1.,1.,1.))) REPRESENTATION_ITEM('') SURFACE() );
#4496 = CARTESIAN_POINT('',(7.105427357601E-16,3.2,-2.012554999787E-15)
  );
#4497 = CARTESIAN_POINT('',(28.762632587868,7.801281416063,
    3.231385539546E-15));
#4498 = CARTESIAN_POINT('',(58.178292088563,6.104028525234,
    -2.52193535405E-14));
#4499 = CARTESIAN_POINT('',(86.847071724718,6.432207516129,
    2.51670161596E-14));
#4500 = CARTESIAN_POINT('',(116.2260514561,6.705528862062,
    -3.283188630364E-15));
#4501 = CARTESIAN_POINT('',(145.,2.2,-2.779070011151E-15));
#4502 = CARTESIAN_POINT('',(7.105427357602E-16,3.2,1.166877271333));
#4503 = CARTESIAN_POINT('',(28.762632587868,7.801281416065,
    2.439843739137));
#4504 = CARTESIAN_POINT('',(58.178292088563,6.104028525231,
    1.826373897103));
#4505 = CARTESIAN_POINT('',(86.847071724718,6.432207516133,1.70208588733
    ));
#4506 = CARTESIAN_POINT('',(116.2260514561,6.705528862062,2.243866791721
    ));
#4507 = CARTESIAN_POINT('',(145.,2.2,1.077117481231));
#4508 = CARTESIAN_POINT('',(5.564149512949E-16,2.505870167315,
    2.333754973392));
#4509 = CARTESIAN_POINT('',(28.762632587868,6.263508544509,
    4.879688378866));
#4510 = CARTESIAN_POINT('',(58.178292088563,4.942621190643,
    3.652748468342));
#4511 = CARTESIAN_POINT('',(86.847071724718,5.390221565606,
    3.404172402963));
#4512 = CARTESIAN_POINT('',(116.2260514561,5.220581398252,4.48773441168)
  );
#4513 = CARTESIAN_POINT('',(145.,1.549253281859,2.154235360054));
#4514 = CARTESIAN_POINT('',(2.481677936554E-16,1.117648383032,
    3.205330301079));
#4515 = CARTESIAN_POINT('',(28.762632587868,3.187909335982,
    6.702080209388));
#4516 = CARTESIAN_POINT('',(58.178292088563,2.619808316481,
    5.016921434116));
#4517 = CARTESIAN_POINT('',(86.847071724718,3.306309936711,
    4.675510958775));
#4518 = CARTESIAN_POINT('',(116.2260514561,2.250614633562,6.163745233404
    ));
#4519 = CARTESIAN_POINT('',(145.,0.247795359089,2.958766431766));
#4520 = CARTESIAN_POINT('',(-1.681433178074E-16,-0.757250183422,
    3.48633374917));
#4521 = CARTESIAN_POINT('',(28.762632587868,-0.965334540658,
    7.28963514787));
#4522 = CARTESIAN_POINT('',(58.178292088563,-0.517063735037,
    5.456742634688));
#4523 = CARTESIAN_POINT('',(86.847071724718,0.491815069343,
    5.085401540383));
#4524 = CARTESIAN_POINT('',(116.2260514561,-1.759898616659,
    6.704105664442));
#4525 = CARTESIAN_POINT('',(145.,-1.509922046953,3.218154230001));
#4526 = CARTESIAN_POINT('',(-6.002003761578E-16,-2.703062190412,
    2.987339838595));
#4527 = CARTESIAN_POINT('',(28.762632587868,-5.277238694238,
    6.246280205333));
#4528 = CARTESIAN_POINT('',(58.178292088563,-3.773285867299,
    4.675726948504));
#4529 = CARTESIAN_POINT('',(86.847071724718,-2.429092128235,
    4.357535367877));
#4530 = CARTESIAN_POINT('',(116.2260514561,-5.923851159063,
    5.744556710714));
#4531 = CARTESIAN_POINT('',(145.,-3.334120803517,2.757544466397));
#4532 = CARTESIAN_POINT('',(-9.302084076923E-16,-4.18928623826,
    1.731301637724));
#4533 = CARTESIAN_POINT('',(28.762632587868,-8.56781422095,
    3.620008346197));
#4534 = CARTESIAN_POINT('',(58.178292088563,-6.259116405224,
    2.709800076307));
#4535 = CARTESIAN_POINT('',(86.847071724718,-4.660171872496,
    2.52539333557));
#4536 = CARTESIAN_POINT('',(116.2260514561,-9.101094984483,
    3.329236370008));
#4537 = CARTESIAN_POINT('',(145.,-4.727455848364,1.598124588667));
#4538 = CARTESIAN_POINT('',(-1.054232242565E-15,-4.747839934779,
    -1.867320622083E-13));
#4539 = CARTESIAN_POINT('',(28.762632587868,-9.807952066626,
    1.129964569468E-10));
#4540 = CARTESIAN_POINT('',(58.178292088563,-7.194899091005,
    2.152563728408E-10));
#4541 = CARTESIAN_POINT('',(86.847071724718,-5.49857162857,
    -1.490820631198E-10));
#4542 = CARTESIAN_POINT('',(116.2260514561,-10.29903181656,
    2.384879442867E-10));
#4543 = CARTESIAN_POINT('',(145.,-5.251099938855,1.831632528053E-13));
#4544 = CARTESIAN_POINT('',(-9.302084076915E-16,-4.189286238256,
    -1.731301637724));
#4545 = CARTESIAN_POINT('',(28.762632587868,-8.567814220948,
    -3.620008346404));
#4546 = CARTESIAN_POINT('',(58.178292088563,-6.259116405224,
    -2.709800076699));
#4547 = CARTESIAN_POINT('',(86.847071724718,-4.660171872518,
    -2.525393335298));
#4548 = CARTESIAN_POINT('',(116.2260514561,-9.101094984463,
    -3.329236370444));
#4549 = CARTESIAN_POINT('',(145.,-4.727455848369,-1.598124588667));
#4550 = CARTESIAN_POINT('',(-6.002003761589E-16,-2.703062190417,
    -2.987339838594));
#4551 = CARTESIAN_POINT('',(28.762632587868,-5.277238694239,
    -6.246280205176));
#4552 = CARTESIAN_POINT('',(58.178292088563,-3.773285867301,
    -4.675726948208));
#4553 = CARTESIAN_POINT('',(86.847071724718,-2.4290921282,
    -4.357535368081));
#4554 = CARTESIAN_POINT('',(116.2260514561,-5.923851159092,
    -5.744556710381));
#4555 = CARTESIAN_POINT('',(145.,-3.334120803509,-2.757544466397));
#4556 = CARTESIAN_POINT('',(-1.681433178064E-16,-0.757250183418,
    -3.48633374917));
#4557 = CARTESIAN_POINT('',(28.762632587868,-0.965334540659,
    -7.289635147967));
#4558 = CARTESIAN_POINT('',(58.178292088563,-0.517063735032,
    -5.456742634869));
#4559 = CARTESIAN_POINT('',(86.847071724718,0.49181506931,
    -5.085401540259));
#4560 = CARTESIAN_POINT('',(116.2260514561,-1.759898616632,
    -6.70410566465));
#4561 = CARTESIAN_POINT('',(145.,-1.50992204696,-3.218154230001));
#4562 = CARTESIAN_POINT('',(2.481677936548E-16,1.117648383029,
    -3.205330301078));
#4563 = CARTESIAN_POINT('',(28.762632587868,3.187909335984,
    -6.702080209341));
#4564 = CARTESIAN_POINT('',(58.178292088563,2.619808316476,
    -5.016921434029));
#4565 = CARTESIAN_POINT('',(86.847071724718,3.306309936733,
    -4.675510958833));
#4566 = CARTESIAN_POINT('',(116.2260514561,2.250614633545,
    -6.163745233302));
#4567 = CARTESIAN_POINT('',(145.,0.247795359094,-2.958766431766));
#4568 = CARTESIAN_POINT('',(5.564149512952E-16,2.505870167316,
    -2.333754973392));
#4569 = CARTESIAN_POINT('',(28.762632587868,6.263508544507,
    -4.879688378883));
#4570 = CARTESIAN_POINT('',(58.178292088563,4.942621190646,
    -3.652748468373));
#4571 = CARTESIAN_POINT('',(86.847071724718,5.390221565596,
    -3.404172402943));
#4572 = CARTESIAN_POINT('',(116.2260514561,5.22058139826,-4.487734411716
    ));
#4573 = CARTESIAN_POINT('',(145.,1.549253281857,-2.154235360054));
#4574 = CARTESIAN_POINT('',(7.105427357601E-16,3.2,-1.166877271333));
#4575 = CARTESIAN_POINT('',(28.762632587868,7.801281416066,
    -2.439843739134));
#4576 = CARTESIAN_POINT('',(58.178292088563,6.10402852523,
    -1.826373897097));
#4577 = CARTESIAN_POINT('',(86.847071724718,6.432207516136,
    -1.702085887334));
#4578 = CARTESIAN_POINT('',(116.2260514561,6.70552886206,-2.243866791713
    ));
#4579 = CARTESIAN_POINT('',(145.,2.2,-1.077117481231));
#4580 = CARTESIAN_POINT('',(7.105427357601E-16,3.2,-2.087224558914E-15)
  );
#4581 = CARTESIAN_POINT('',(28.762632587868,7.801281416063,
    1.833122138598E-15));
#4582 = CARTESIAN_POINT('',(58.178292088563,6.104028525234,
    -3.686571530821E-15));
#4583 = CARTESIAN_POINT('',(86.847071724718,6.432207516129,
    3.695314812773E-15));
#4584 = CARTESIAN_POINT('',(116.2260514561,6.705528862062,
    -1.749723934799E-14));
#4585 = CARTESIAN_POINT('',(145.,2.2,4.530717267163E-15));
#4586 = DEFINITIONAL_REPRESENTATION('',(#4587),#4591);
#4587 = LINE('',#4588,#4589);
#4588 = CARTESIAN_POINT('',(0.,0.));
#4589 = VECTOR('',#4590,1.);
#4590 = DIRECTION('',(0.,1.));
#4591 = ( GEOMETRIC_REPRESENTATION_CONTEXT(2) 
PARAMETRIC_REPRESENTATION_CONTEXT() REPRESENTATION_CONTEXT('2D SPACE',''
  ) );
#4592 = PCURVE('',#4495,#4593);
#4593 = DEFINITIONAL_REPRESENTATION('',(#4594),#4598);
#4594 = LINE('',#4595,#4596);
#4595 = CARTESIAN_POINT('',(1.,0.));
#4596 = VECTOR('',#4597,1.);
#4597 = DIRECTION('',(0.,1.));
#4598 = ( GEOMETRIC_REPRESENTATION_CONTEXT(2) 
PARAMETRIC_REPRESENTATION_CONTEXT() REPRESENTATION_CONTEXT('2D SPACE',''
  ) );
#4599 = ORIENTED_EDGE('',*,*,#4600,.T.);
#4600 = EDGE_CURVE('',#4482,#4482,#4601,.T.);
#4601 = SURFACE_CURVE('',#4602,(#4618,#4625),.PCURVE_S1.);
#4602 = B_SPLINE_CURVE_WITH_KNOTS('',14,(#4603,#4604,#4605,#4606,#4607,
    #4608,#4609,#4610,#4611,#4612,#4613,#4614,#4615,#4616,#4617),
  .UNSPECIFIED.,.T.,.F.,(15,15),(0.,1.),.PIECEWISE_BEZIER_KNOTS.);
#4603 = CARTESIAN_POINT('',(7.105427357601E-16,3.2,-2.012554999787E-15)
  );
#4604 = CARTESIAN_POINT('',(7.105427357602E-16,3.2,1.166877271333));
#4605 = CARTESIAN_POINT('',(5.564149512949E-16,2.505870167315,
    2.333754973392));
#4606 = CARTESIAN_POINT('',(2.481677936554E-16,1.117648383032,
    3.205330301079));
#4607 = CARTESIAN_POINT('',(-1.681433178074E-16,-0.757250183422,
    3.48633374917));
#4608 = CARTESIAN_POINT('',(-6.002003761578E-16,-2.703062190412,
    2.987339838595));
#4609 = CARTESIAN_POINT('',(-9.302084076923E-16,-4.18928623826,
    1.731301637724));
#4610 = CARTESIAN_POINT('',(-1.054232242565E-15,-4.747839934779,
    -1.867320622083E-13));
#4611 = CARTESIAN_POINT('',(-9.302084076915E-16,-4.189286238256,
    -1.731301637724));
#4612 = CARTESIAN_POINT('',(-6.002003761589E-16,-2.703062190417,
    -2.987339838594));
#4613 = CARTESIAN_POINT('',(-1.681433178064E-16,-0.757250183418,
    -3.48633374917));
#4614 = CARTESIAN_POINT('',(2.481677936548E-16,1.117648383029,
    -3.205330301078));
#4615 = CARTESIAN_POINT('',(5.564149512952E-16,2.505870167316,
    -2.333754973392));
#4616 = CARTESIAN_POINT('',(7.105427357601E-16,3.2,-1.166877271333));
#4617 = CARTESIAN_POINT('',(7.105427357601E-16,3.2,-2.087224558914E-15)
  );
#4618 = PCURVE('',#4495,#4619);
#4619 = DEFINITIONAL_REPRESENTATION('',(#4620),#4624);
#4620 = LINE('',#4621,#4622);
#4621 = CARTESIAN_POINT('',(0.,0.));
#4622 = VECTOR('',#4623,1.);
#4623 = DIRECTION('',(1.,0.));
#4624 = ( GEOMETRIC_REPRESENTATION_CONTEXT(2) 
PARAMETRIC_REPRESENTATION_CONTEXT() REPRESENTATION_CONTEXT('2D SPACE',''
  ) );
#4625 = PCURVE('',#4626,#4631);
#4626 = PLANE('',#4627);
#4627 = AXIS2_PLACEMENT_3D('',#4628,#4629,#4630);
#4628 = CARTESIAN_POINT('',(7.105427357601E-16,3.2,-2.012554999787E-15)
  );
#4629 = DIRECTION('',(-1.,2.22044604925E-16,-4.930380657631E-32));
#4630 = DIRECTION('',(-2.22044604925E-16,-1.,5.122201969499E-16));
#4631 = DEFINITIONAL_REPRESENTATION('',(#4632),#4648);
#4632 = B_SPLINE_CURVE_WITH_KNOTS('',14,(#4633,#4634,#4635,#4636,#4637,
    #4638,#4639,#4640,#4641,#4642,#4643,#4644,#4645,#4646,#4647),
  .UNSPECIFIED.,.F.,.F.,(15,15),(0.,1.),.PIECEWISE_BEZIER_KNOTS.);
#4633 = CARTESIAN_POINT('',(0.,0.));
#4634 = CARTESIAN_POINT('',(-2.771116669464E-13,1.166877271333));
#4635 = CARTESIAN_POINT('',(0.694129832685,2.333754973392));
#4636 = CARTESIAN_POINT('',(2.082351616968,3.205330301079));
#4637 = CARTESIAN_POINT('',(3.957250183422,3.48633374917));
#4638 = CARTESIAN_POINT('',(5.903062190412,2.987339838595));
#4639 = CARTESIAN_POINT('',(7.38928623826,1.731301637724));
#4640 = CARTESIAN_POINT('',(7.947839934779,-1.887905513452E-13));
#4641 = CARTESIAN_POINT('',(7.389286238256,-1.731301637724));
#4642 = CARTESIAN_POINT('',(5.903062190417,-2.987339838594));
#4643 = CARTESIAN_POINT('',(3.957250183418,-3.48633374917));
#4644 = CARTESIAN_POINT('',(2.082351616971,-3.205330301078));
#4645 = CARTESIAN_POINT('',(0.694129832684,-2.333754973392));
#4646 = CARTESIAN_POINT('',(6.217248937901E-15,-1.166877271333));
#4647 = CARTESIAN_POINT('',(0.,-7.466955912737E-17));
#4648 = ( GEOMETRIC_REPRESENTATION_CONTEXT(2) 
PARAMETRIC_REPRESENTATION_CONTEXT() REPRESENTATION_CONTEXT('2D SPACE',''
  ) );
#4649 = ORIENTED_EDGE('',*,*,#4481,.T.);
#4650 = ORIENTED_EDGE('',*,*,#4651,.F.);
#4651 = EDGE_CURVE('',#4484,#4484,#4652,.T.);
#4652 = SURFACE_CURVE('',#4653,(#4669,#4676),.PCURVE_S1.);
#4653 = B_SPLINE_CURVE_WITH_KNOTS('',14,(#4654,#4655,#4656,#4657,#4658,
    #4659,#4660,#4661,#4662,#4663,#4664,#4665,#4666,#4667,#4668),
  .UNSPECIFIED.,.T.,.F.,(15,15),(0.,1.),.PIECEWISE_BEZIER_KNOTS.);
#4654 = CARTESIAN_POINT('',(145.,2.2,-2.779070011151E-15));
#4655 = CARTESIAN_POINT('',(145.,2.2,1.077117481231));
#4656 = CARTESIAN_POINT('',(145.,1.549253281859,2.154235360054));
#4657 = CARTESIAN_POINT('',(145.,0.247795359089,2.958766431766));
#4658 = CARTESIAN_POINT('',(145.,-1.509922046953,3.218154230001));
#4659 = CARTESIAN_POINT('',(145.,-3.334120803517,2.757544466397));
#4660 = CARTESIAN_POINT('',(145.,-4.727455848364,1.598124588667));
#4661 = CARTESIAN_POINT('',(145.,-5.251099938855,1.831632528053E-13));
#4662 = CARTESIAN_POINT('',(145.,-4.727455848369,-1.598124588667));
#4663 = CARTESIAN_POINT('',(145.,-3.334120803509,-2.757544466397));
#4664 = CARTESIAN_POINT('',(145.,-1.50992204696,-3.218154230001));
#4665 = CARTESIAN_POINT('',(145.,0.247795359094,-2.958766431766));
#4666 = CARTESIAN_POINT('',(145.,1.549253281857,-2.154235360054));
#4667 = CARTESIAN_POINT('',(145.,2.2,-1.077117481231));
#4668 = CARTESIAN_POINT('',(145.,2.2,4.530717267163E-15));
#4669 = PCURVE('',#4495,#4670);
#4670 = DEFINITIONAL_REPRESENTATION('',(#4671),#4675);
#4671 = LINE('',#4672,#4673);
#4672 = CARTESIAN_POINT('',(0.,1.));
#4673 = VECTOR('',#4674,1.);
#4674 = DIRECTION('',(1.,0.));
#4675 = ( GEOMETRIC_REPRESENTATION_CONTEXT(2) 
PARAMETRIC_REPRESENTATION_CONTEXT() REPRESENTATION_CONTEXT('2D SPACE',''
  ) );
#4676 = PCURVE('',#4677,#4682);
#4677 = PLANE('',#4678);
#4678 = AXIS2_PLACEMENT_3D('',#4679,#4680,#4681);
#4679 = CARTESIAN_POINT('',(145.,2.2,-2.779070011151E-15));
#4680 = DIRECTION('',(-1.,2.22044604925E-16,-4.930380657631E-32));
#4681 = DIRECTION('',(-2.22044604925E-16,-1.,6.963251735859E-16));
#4682 = DEFINITIONAL_REPRESENTATION('',(#4683),#4699);
#4683 = B_SPLINE_CURVE_WITH_KNOTS('',14,(#4684,#4685,#4686,#4687,#4688,
    #4689,#4690,#4691,#4692,#4693,#4694,#4695,#4696,#4697,#4698),
  .UNSPECIFIED.,.F.,.F.,(15,15),(0.,1.),.PIECEWISE_BEZIER_KNOTS.);
#4684 = CARTESIAN_POINT('',(0.,0.));
#4685 = CARTESIAN_POINT('',(8.260059303211E-14,1.077117481231));
#4686 = CARTESIAN_POINT('',(0.650746718141,2.154235360054));
#4687 = CARTESIAN_POINT('',(1.952204640911,2.958766431766));
#4688 = CARTESIAN_POINT('',(3.709922046953,3.218154230001));
#4689 = CARTESIAN_POINT('',(5.534120803517,2.757544466397));
#4690 = CARTESIAN_POINT('',(6.927455848364,1.598124588667));
#4691 = CARTESIAN_POINT('',(7.451099938855,1.807539343581E-13));
#4692 = CARTESIAN_POINT('',(6.927455848369,-1.598124588667));
#4693 = CARTESIAN_POINT('',(5.534120803509,-2.757544466397));
#4694 = CARTESIAN_POINT('',(3.70992204696,-3.218154230001));
#4695 = CARTESIAN_POINT('',(1.952204640906,-2.958766431766));
#4696 = CARTESIAN_POINT('',(0.650746718143,-2.154235360054));
#4697 = CARTESIAN_POINT('',(-3.965716643961E-13,-1.077117481231));
#4698 = CARTESIAN_POINT('',(2.6645352591E-15,7.309787278314E-15));
#4699 = ( GEOMETRIC_REPRESENTATION_CONTEXT(2) 
PARAMETRIC_REPRESENTATION_CONTEXT() REPRESENTATION_CONTEXT('2D SPACE',''
  ) );
#4700 = FACE_BOUND('',#4701,.T.);
#4701 = EDGE_LOOP('',(#4702));
#4702 = ORIENTED_EDGE('',*,*,#4703,.T.);
#4703 = EDGE_CURVE('',#4704,#4704,#4706,.T.);
#4704 = VERTEX_POINT('',#4705);
#4705 = CARTESIAN_POINT('',(9.645294793309,-2.329405016785,-2.7125276862
    ));
#4706 = SURFACE_CURVE('',#4707,(#5046,#5388),.PCURVE_S1.);
#4707 = B_SPLINE_CURVE_WITH_KNOTS('',8,(#4708,#4709,#4710,#4711,#4712,
    #4713,#4714,#4715,#4716,#4717,#4718,#4719,#4720,#4721,#4722,#4723,
    #4724,#4725,#4726,#4727,#4728,#4729,#4730,#4731,#4732,#4733,#4734,
    #4735,#4736,#4737,#4738,#4739,#4740,#4741,#4742,#4743,#4744,#4745,
    #4746,#4747,#4748,#4749,#4750,#4751,#4752,#4753,#4754,#4755,#4756,
    #4757,#4758,#4759,#4760,#4761,#4762,#4763,#4764,#4765,#4766,#4767,
    #4768,#4769,#4770,#4771,#4772,#4773,#4774,#4775,#4776,#4777,#4778,
    #4779,#4780,#4781,#4782,#4783,#4784,#4785,#4786,#4787,#4788,#4789,
    #4790,#4791,#4792,#4793,#4794,#4795,#4796,#4797,#4798,#4799,#4800,
    #4801,#4802,#4803,#4804,#4805,#4806,#4807,#4808,#4809,#4810,#4811,
    #4812,#4813,#4814,#4815,#4816,#4817,#4818,#4819,#4820,#4821,#4822,
    #4823,#4824,#4825,#4826,#4827,#4828,#4829,#4830,#4831,#4832,#4833,
    #4834,#4835,#4836,#4837,#4838,#4839,#4840,#4841,#4842,#4843,#4844,
    #4845,#4846,#4847,#4848,#4849,#4850,#4851,#4852,#4853,#4854,#4855,
    #4856,#4857,#4858,#4859,#4860,#4861,#4862,#4863,#4864,#4865,#4866,
    #4867,#4868,#4869,#4870,#4871,#4872,#4873,#4874,#4875,#4876,#4877,
    #4878,#4879,#4880,#4881,#4882,#4883,#4884,#4885,#4886,#4887,#4888,
    #4889,#4890,#4891,#4892,#4893,#4894,#4895,#4896,#4897,#4898,#4899,
    #4900,#4901,#4902,#4903,#4904,#4905,#4906,#4907,#4908,#4909,#4910,
    #4911,#4912,#4913,#4914,#4915,#4916,#4917,#4918,#4919,#4920,#4921,
    #4922,#4923,#4924,#4925,#4926,#4927,#4928,#4929,#4930,#4931,#4932,
    #4933,#4934,#4935,#4936,#4937,#4938,#4939,#4940,#4941,#4942,#4943,
    #4944,#4945,#4946,#4947,#4948,#4949,#4950,#4951,#4952,#4953,#4954,
    #4955,#4956,#4957,#4958,#4959,#4960,#4961,#4962,#4963,#4964,#4965,
    #4966,#4967,#4968,#4969,#4970,#4971,#4972,#4973,#4974,#4975,#4976,
    #4977,#4978,#4979,#4980,#4981,#4982,#4983,#4984,#4985,#4986,#4987,
    #4988,#4989,#4990,#4991,#4992,#4993,#4994,#4995,#4996,#4997,#4998,
    #4999,#5000,#5001,#5002,#5003,#5004,#5005,#5006,#5007,#5008,#5009,
    #5010,#5011,#5012,#5013,#5014,#5015,#5016,#5017,#5018,#5019,#5020,
    #5021,#5022,#5023,#5024,#5025,#5026,#5027,#5028,#5029,#5030,#5031,
    #5032,#5033,#5034,#5035,#5036,#5037,#5038,#5039,#5040,#5041,#5042,
    #5043,#5044,#5045),.UNSPECIFIED.,.T.,.F.,(9,7,7,7,7,7,7,7,7,7,7,7,7,
    7,7,7,7,7,7,7,7,7,7,7,7,7,7,7,7,7,7,7,7,7,7,7,7,7,7,7,7,7,7,7,7,7,7,
    7,9),(0.,3.526445518945E-02,7.046270413607E-02,0.158829498086,
    0.205799551735,0.225202643396,0.243886220891,0.263287229996,
    0.336570299938,0.412723542786,0.432121510461,0.457984485744,
    0.49892640075,0.564243863548,0.590065311358,0.615891335473,
    0.626664881234,0.636702134612,0.645625773313,0.649342907828,
    0.651993506875,0.655052730131,0.656685405909,0.658318079216,
    0.661450652744,0.668371372126,0.677806972086,0.687180148439,
    0.712191777653,0.737489201999,0.806323017802,0.81596339446,
    0.890251771389,0.915862546384,0.941822864899,0.953157387558,
    0.964861247187,0.972643336223,0.976046717248,0.977779171772,
    0.978715615954,0.979394222227,0.979755811359,0.980707914395,
    0.981930403951,0.983651712538,0.988102151867,0.993687086185,1.),
  .UNSPECIFIED.);
#4708 = CARTESIAN_POINT('',(9.645294793309,-2.329405016785,-2.7125276862
    ));
#4709 = CARTESIAN_POINT('',(10.529907686985,-2.436282894712,
    -2.7125276862));
#4710 = CARTESIAN_POINT('',(11.415640840271,-2.533745266023,
    -2.7125276862));
#4711 = CARTESIAN_POINT('',(12.3022296085,-2.623333949413,-2.7125276862)
  );
#4712 = CARTESIAN_POINT('',(13.189492087477,-2.705997746362,
    -2.7125276862));
#4713 = CARTESIAN_POINT('',(14.077293491986,-2.782452089145,
    -2.7125276862));
#4714 = CARTESIAN_POINT('',(14.965536490941,-2.853281572248,
    -2.7125276862));
#4715 = CARTESIAN_POINT('',(15.854160920176,-2.918945360086,
    -2.7125276862));
#4716 = CARTESIAN_POINT('',(17.630442686322,-3.040631232638,
    -2.7125276862));
#4717 = CARTESIAN_POINT('',(18.518072373301,-3.096668894619,
    -2.7125276862));
#4718 = CARTESIAN_POINT('',(19.40597261154,-3.148351820028,-2.7125276862
    ));
#4719 = CARTESIAN_POINT('',(20.294099522387,-3.196004141268,
    -2.7125276862));
#4720 = CARTESIAN_POINT('',(21.182416837139,-3.239903210432,
    -2.7125276862));
#4721 = CARTESIAN_POINT('',(22.070895043233,-3.280295077553,
    -2.7125276862));
#4722 = CARTESIAN_POINT('',(22.959510931371,-3.317402989688,
    -2.7125276862));
#4723 = CARTESIAN_POINT('',(26.079460954461,-3.436852522808,
    -2.7125276862));
#4724 = CARTESIAN_POINT('',(28.311382537401,-3.502850177244,
    -2.7125276862));
#4725 = CARTESIAN_POINT('',(30.543756812103,-3.552630394448,
    -2.7125276862));
#4726 = CARTESIAN_POINT('',(32.776392444809,-3.588637890007,
    -2.7125276862));
#4727 = CARTESIAN_POINT('',(35.009152896108,-3.613034440964,
    -2.7125276862));
#4728 = CARTESIAN_POINT('',(37.241956410453,-3.627714570213,
    -2.7125276862));
#4729 = CARTESIAN_POINT('',(39.474773698884,-3.634400478486,
    -2.7125276862));
#4730 = CARTESIAN_POINT('',(42.894468572551,-3.634776357392,
    -2.7125276862));
#4731 = CARTESIAN_POINT('',(44.081308801148,-3.633087305254,
    -2.7125276862));
#4732 = CARTESIAN_POINT('',(45.2681461922,-3.629812052824,-2.7125276862)
  );
#4733 = CARTESIAN_POINT('',(46.454978976677,-3.625171428936,
    -2.7125276862));
#4734 = CARTESIAN_POINT('',(47.641806185029,-3.619374209697,
    -2.7125276862));
#4735 = CARTESIAN_POINT('',(48.82862764814,-3.612617541428,-2.7125276862
    ));
#4736 = CARTESIAN_POINT('',(50.015443998281,-3.605087363619,
    -2.7125276862));
#4737 = CARTESIAN_POINT('',(51.692522983703,-3.593600976509,
    -2.7125276862));
#4738 = CARTESIAN_POINT('',(52.182788594645,-3.590141001711,
    -2.7125276862));
#4739 = CARTESIAN_POINT('',(52.6730535671,-3.586591240994,-2.7125276862)
  );
#4740 = CARTESIAN_POINT('',(53.163317969455,-3.582963702873,
    -2.7125276862));
#4741 = CARTESIAN_POINT('',(53.65358187427,-3.579270070863,-2.7125276862
    ));
#4742 = CARTESIAN_POINT('',(54.143845358278,-3.575521703479,
    -2.7125276862));
#4743 = CARTESIAN_POINT('',(54.634108502384,-3.571729634237,
    -2.7125276862));
#4744 = CARTESIAN_POINT('',(55.596454132142,-3.564221351751,
    -2.7125276862));
#4745 = CARTESIAN_POINT('',(56.068536631953,-3.560507537103,
    -2.7125276862));
#4746 = CARTESIAN_POINT('',(56.540618965841,-3.556772690785,
    -2.7125276862));
#4747 = CARTESIAN_POINT('',(57.01270120655,-3.553026090458,-2.7125276862
    ));
#4748 = CARTESIAN_POINT('',(57.484783424831,-3.549276728368,
    -2.7125276862));
#4749 = CARTESIAN_POINT('',(57.956865689439,-3.54553331134,-2.7125276862
    ));
#4750 = CARTESIAN_POINT('',(58.428948067132,-3.541804260786,
    -2.7125276862));
#4751 = CARTESIAN_POINT('',(59.391240699444,-3.534248836685,
    -2.7125276862));
#4752 = CARTESIAN_POINT('',(59.881450965284,-3.530424218135,
    -2.7125276862));
#4753 = CARTESIAN_POINT('',(60.371661491867,-3.52663296906,-2.7125276862
    ));
#4754 = CARTESIAN_POINT('',(60.861872344732,-3.522883856498,
    -2.7125276862));
#4755 = CARTESIAN_POINT('',(61.352083583283,-3.519185302506,
    -2.7125276862));
#4756 = CARTESIAN_POINT('',(61.842295260789,-3.515545384163,
    -2.7125276862));
#4757 = CARTESIAN_POINT('',(62.332507424383,-3.51197183357,-2.7125276862
    ));
#4758 = CARTESIAN_POINT('',(64.674391371111,-3.495252324721,
    -2.7125276862));
#4759 = CARTESIAN_POINT('',(66.526070665135,-3.483084945685,
    -2.7125276862));
#4760 = CARTESIAN_POINT('',(68.377759524615,-3.47236734466,-2.7125276862
    ));
#4761 = CARTESIAN_POINT('',(70.229458316762,-3.463425530466,
    -2.7125276862));
#4762 = CARTESIAN_POINT('',(72.081166231565,-3.456509993501,
    -2.7125276862));
#4763 = CARTESIAN_POINT('',(73.932881264842,-3.451791622408,
    -2.7125276862));
#4764 = CARTESIAN_POINT('',(75.784600201288,-3.449357620757,
    -2.7125276862));
#4765 = CARTESIAN_POINT('',(79.560560592638,-3.449051344119,
    -2.7125276862));
#4766 = CARTESIAN_POINT('',(81.484803866765,-3.451361630848,
    -2.7125276862));
#4767 = CARTESIAN_POINT('',(83.409043125139,-3.456136800544,
    -2.7125276862));
#4768 = CARTESIAN_POINT('',(85.333274654897,-3.463273762915,
    -2.7125276862));
#4769 = CARTESIAN_POINT('',(87.25749635536,-3.472561584932,-2.7125276862
    ));
#4770 = CARTESIAN_POINT('',(89.181707768334,-3.483675255021,
    -2.7125276862));
#4771 = CARTESIAN_POINT('',(91.10591010839,-3.496169447263,-2.7125276862
    ));
#4772 = CARTESIAN_POINT('',(93.520242943905,-3.51286082189,-2.7125276862
    ));
#4773 = CARTESIAN_POINT('',(94.010379229756,-3.516301795046,
    -2.7125276862));
#4774 = CARTESIAN_POINT('',(94.500515211942,-3.51978575858,-2.7125276862
    ));
#4775 = CARTESIAN_POINT('',(94.99065095771,-3.523302702554,-2.7125276862
    ));
#4776 = CARTESIAN_POINT('',(95.480786540325,-3.526842053577,
    -2.7125276862));
#4777 = CARTESIAN_POINT('',(95.970922039073,-3.530392674799,
    -2.7125276862));
#4778 = CARTESIAN_POINT('',(96.461057539255,-3.533942865914,
    -2.7125276862));
#4779 = CARTESIAN_POINT('',(97.604682453235,-3.542196847139,
    -2.7125276862));
#4780 = CARTESIAN_POINT('',(98.258171916531,-3.54689067216,-2.7125276862
    ));
#4781 = CARTESIAN_POINT('',(98.911661756896,-3.55153285578,-2.7125276862
    ));
#4782 = CARTESIAN_POINT('',(99.565152196531,-3.556092420602,
    -2.7125276862));
#4783 = CARTESIAN_POINT('',(100.21864344502,-3.560536394276,
    -2.7125276862));
#4784 = CARTESIAN_POINT('',(100.87213569932,-3.564829809497,
    -2.7125276862));
#4785 = CARTESIAN_POINT('',(101.5256291438,-3.568935704005,-2.7125276862
    ));
#4786 = CARTESIAN_POINT('',(103.21362707777,-3.57895636081,-2.7125276862
    ));
#4787 = CARTESIAN_POINT('',(104.24813307367,-3.584529969451,
    -2.7125276862));
#4788 = CARTESIAN_POINT('',(105.28264316085,-3.589380397256,
    -2.7125276862));
#4789 = CARTESIAN_POINT('',(106.31715773228,-3.593339118734,
    -2.7125276862));
#4790 = CARTESIAN_POINT('',(107.35167635454,-3.596223007345,
    -2.7125276862));
#4791 = CARTESIAN_POINT('',(108.38619777153,-3.597832710685,
    -2.7125276862));
#4792 = CARTESIAN_POINT('',(109.42071990814,-3.597951025665,
    -2.7125276862));
#4793 = CARTESIAN_POINT('',(112.10568097715,-3.593773125294,
    -2.7125276862));
#4794 = CARTESIAN_POINT('',(113.75609023224,-3.586806903903,
    -2.7125276862));
#4795 = CARTESIAN_POINT('',(115.40648284263,-3.574476769953,
    -2.7125276862));
#4796 = CARTESIAN_POINT('',(117.05684136802,-3.555695726752,
    -2.7125276862));
#4797 = CARTESIAN_POINT('',(118.70711426157,-3.529197929948,
    -2.7125276862));
#4798 = CARTESIAN_POINT('',(120.35721576993,-3.493525111151,
    -2.7125276862));
#4799 = CARTESIAN_POINT('',(122.00702439964,-3.446934180425,
    -2.7125276862));
#4800 = CARTESIAN_POINT('',(124.30840303203,-3.363450502764,
    -2.7125276862));
#4801 = CARTESIAN_POINT('',(124.96035203733,-3.337728754664,
    -2.7125276862));
#4802 = CARTESIAN_POINT('',(125.61221343245,-3.309794569146,
    -2.7125276862));
#4803 = CARTESIAN_POINT('',(126.26397235209,-3.279489114213,
    -2.7125276862));
#4804 = CARTESIAN_POINT('',(126.91560974266,-3.246636507051,
    -2.7125276862));
#4805 = CARTESIAN_POINT('',(127.56710209115,-3.211038394635,
    -2.7125276862));
#4806 = CARTESIAN_POINT('',(128.21842094269,-3.172464592662,
    -2.7125276862));
#4807 = CARTESIAN_POINT('',(129.52075886669,-3.08880756042,-2.7125276862
    ));
#4808 = CARTESIAN_POINT('',(130.17176369874,-3.043724226696,
    -2.7125276862));
#4809 = CARTESIAN_POINT('',(130.82252433994,-2.995111706967,
    -2.7125276862));
#4810 = CARTESIAN_POINT('',(131.47300041192,-2.942651047781,
    -2.7125276862));
#4811 = CARTESIAN_POINT('',(132.12313045854,-2.885951613851,
    -2.7125276862));
#4812 = CARTESIAN_POINT('',(132.77283107005,-2.824540525631,
    -2.7125276862));
#4813 = CARTESIAN_POINT('',(133.42199217343,-2.75780934538,-2.7125276862
    ));
#4814 = CARTESIAN_POINT('',(134.34097737049,-2.654421501685,
    -2.7125276862));
#4815 = CARTESIAN_POINT('',(134.61136894696,-2.622905247657,
    -2.7125276862));
#4816 = CARTESIAN_POINT('',(134.88162631176,-2.590240840026,
    -2.7125276862));
#4817 = CARTESIAN_POINT('',(135.15173515049,-2.556353175658,
    -2.7125276862));
#4818 = CARTESIAN_POINT('',(135.42167759462,-2.521156404579,
    -2.7125276862));
#4819 = CARTESIAN_POINT('',(135.69143174115,-2.484550234144,
    -2.7125276862));
#4820 = CARTESIAN_POINT('',(135.96097081751,-2.446413598563,
    -2.7125276862));
#4821 = CARTESIAN_POINT('',(136.48114910049,-2.369499049096,
    -2.7125276862));
#4822 = CARTESIAN_POINT('',(136.73181306529,-2.330943670941,
    -2.7125276862));
#4823 = CARTESIAN_POINT('',(136.98223415057,-2.290808746677,
    -2.7125276862));
#4824 = CARTESIAN_POINT('',(137.23237955367,-2.248945582032,
    -2.7125276862));
#4825 = CARTESIAN_POINT('',(137.48220396772,-2.205179690237,
    -2.7125276862));
#4826 = CARTESIAN_POINT('',(137.73164717952,-2.159297010073,
    -2.7125276862));
#4827 = CARTESIAN_POINT('',(137.98062870244,-2.111014252841,
    -2.7125276862));
#4828 = CARTESIAN_POINT('',(138.44988947428,-2.014519832103,
    -2.7125276862));
#4829 = CARTESIAN_POINT('',(138.67020006168,-1.966911546698,
    -2.7125276862));
#4830 = CARTESIAN_POINT('',(138.88997689663,-1.91681778359,-2.7125276862
    ));
#4831 = CARTESIAN_POINT('',(139.109137704,-1.863856995901,-2.7125276862)
  );
#4832 = CARTESIAN_POINT('',(139.32752979191,-1.807601769387,
    -2.7125276862));
#4833 = CARTESIAN_POINT('',(139.54485914216,-1.747348708225,
    -2.7125276862));
#4834 = CARTESIAN_POINT('',(139.76074245798,-1.682284694244,
    -2.7125276862));
#4835 = CARTESIAN_POINT('',(140.06344475256,-1.580605569318,
    -2.7125276862));
#4836 = CARTESIAN_POINT('',(140.15203349383,-1.549555385485,
    -2.7125276862));
#4837 = CARTESIAN_POINT('',(140.24016939267,-1.517207791113,
    -2.7125276862));
#4838 = CARTESIAN_POINT('',(140.32778478678,-1.483397956862,
    -2.7125276862));
#4839 = CARTESIAN_POINT('',(140.41475849535,-1.44791250722,-2.7125276862
    ));
#4840 = CARTESIAN_POINT('',(140.50091720665,-1.410490943084,
    -2.7125276862));
#4841 = CARTESIAN_POINT('',(140.58601844155,-1.370783779143,
    -2.7125276862));
#4842 = CARTESIAN_POINT('',(140.72933739865,-1.297820951813,
    -2.7125276862));
#4843 = CARTESIAN_POINT('',(140.78807710754,-1.266076695109,
    -2.7125276862));
#4844 = CARTESIAN_POINT('',(140.84594083621,-1.23267312062,-2.7125276862
    ));
#4845 = CARTESIAN_POINT('',(140.90277203882,-1.197296295734,
    -2.7125276862));
#4846 = CARTESIAN_POINT('',(140.95825625925,-1.159631577319,
    -2.7125276862));
#4847 = CARTESIAN_POINT('',(141.01179477405,-1.119233226668,
    -2.7125276862));
#4848 = CARTESIAN_POINT('',(141.06261505914,-1.075635566064,
    -2.7125276862));
#4849 = CARTESIAN_POINT('',(141.16320689582,-0.97252821762,-2.7125276862
    ));
#4850 = CARTESIAN_POINT('',(141.21772393076,-0.905332834944,
    -2.7125276862));
#4851 = CARTESIAN_POINT('',(141.26158816847,-0.829373271488,
    -2.7125276862));
#4852 = CARTESIAN_POINT('',(141.28503455975,-0.747737619936,
    -2.7125276862));
#4853 = CARTESIAN_POINT('',(141.28252448427,-0.663866864732,
    -2.7125276862));
#4854 = CARTESIAN_POINT('',(141.25473154834,-0.581825307051,
    -2.7125276862));
#4855 = CARTESIAN_POINT('',(141.21054819895,-0.506459488974,
    -2.7125276862));
#4856 = CARTESIAN_POINT('',(141.13826301927,-0.410218238528,
    -2.7125276862));
#4857 = CARTESIAN_POINT('',(141.10945085439,-0.376568439105,
    -2.7125276862));
#4858 = CARTESIAN_POINT('',(141.07694866241,-0.342746922249,
    -2.7125276862));
#4859 = CARTESIAN_POINT('',(141.04071783389,-0.308741314328,
    -2.7125276862));
#4860 = CARTESIAN_POINT('',(141.00071248111,-0.274538735646,
    -2.7125276862));
#4861 = CARTESIAN_POINT('',(140.95687928334,-0.240125950384,
    -2.7125276862));
#4862 = CARTESIAN_POINT('',(140.90915733218,-0.205489516536,
    -2.7125276862));
#4863 = CARTESIAN_POINT('',(140.80579869988,-0.135742407967,
    -2.7125276862));
#4864 = CARTESIAN_POINT('',(140.75016077832,-0.100630911499,
    -2.7125276862));
#4865 = CARTESIAN_POINT('',(140.69049601606,-6.526821313355E-02,
    -2.7125276862));
#4866 = CARTESIAN_POINT('',(140.62672685912,-2.963997024881E-02,
    -2.7125276862));
#4867 = CARTESIAN_POINT('',(140.55876623091,6.268987770795E-03,
    -2.7125276862));
#4868 = CARTESIAN_POINT('',(140.4865173675,4.247437821357E-02,
    -2.7125276862));
#4869 = CARTESIAN_POINT('',(140.40987365289,7.899218372188E-02,
    -2.7125276862));
#4870 = CARTESIAN_POINT('',(140.17300780104,0.186534321193,-2.7125276862
    ));
#4871 = CARTESIAN_POINT('',(140.01496150949,0.251959898471,-2.7125276862
    ));
#4872 = CARTESIAN_POINT('',(139.8553285926,0.313539712203,-2.7125276862)
  );
#4873 = CARTESIAN_POINT('',(139.69450224285,0.371918792756,-2.7125276862
    ));
#4874 = CARTESIAN_POINT('',(139.5327832967,0.427641399272,-2.7125276862)
  );
#4875 = CARTESIAN_POINT('',(139.37033905163,0.48105687818,-2.7125276862)
  );
#4876 = CARTESIAN_POINT('',(139.20726849125,0.532474423687,-2.7125276862
    ));
#4877 = CARTESIAN_POINT('',(138.68197607377,0.691862620785,-2.7125276862
    ));
#4878 = CARTESIAN_POINT('',(138.31779161066,0.792913360228,-2.7125276862
    ));
#4879 = CARTESIAN_POINT('',(137.95189735539,0.887792766756,-2.7125276862
    ));
#4880 = CARTESIAN_POINT('',(137.58471586386,0.977535824633,-2.7125276862
    ));
#4881 = CARTESIAN_POINT('',(137.21657772052,1.063044530901,-2.7125276862
    ));
#4882 = CARTESIAN_POINT('',(136.84765507315,1.144851093522,-2.7125276862
    ));
#4883 = CARTESIAN_POINT('',(136.47804980439,1.22343336227,-2.7125276862)
  );
#4884 = CARTESIAN_POINT('',(135.60294130702,1.402380993103,-2.7125276862
    ));
#4885 = CARTESIAN_POINT('',(135.09702520218,1.500253904779,-2.7125276862
    ));
#4886 = CARTESIAN_POINT('',(134.59025037059,1.593657771043,-2.7125276862
    ));
#4887 = CARTESIAN_POINT('',(134.08276981518,1.68315447729,-2.7125276862)
  );
#4888 = CARTESIAN_POINT('',(133.57469670652,1.769164584661,-2.7125276862
    ));
#4889 = CARTESIAN_POINT('',(133.06611480794,1.85202604657,-2.7125276862)
  );
#4890 = CARTESIAN_POINT('',(132.55707992284,1.932002887165,-2.7125276862
    ));
#4891 = CARTESIAN_POINT('',(131.54154391161,2.086127321472,-2.7125276862
    ));
#4892 = CARTESIAN_POINT('',(131.03506348776,2.160307473265,-2.7125276862
    ));
#4893 = CARTESIAN_POINT('',(130.52823230853,2.232078380152,-2.7125276862
    ));
#4894 = CARTESIAN_POINT('',(130.02108858122,2.301613321499,-2.7125276862
    ));
#4895 = CARTESIAN_POINT('',(129.51366375228,2.369055476706,-2.7125276862
    ));
#4896 = CARTESIAN_POINT('',(129.0059838333,2.434527503848,-2.7125276862)
  );
#4897 = CARTESIAN_POINT('',(128.49807014981,2.498137014152,-2.7125276862
    ));
#4898 = CARTESIAN_POINT('',(126.63403041575,2.72499589441,-2.7125276862)
  );
#4899 = CARTESIAN_POINT('',(125.27660634534,2.877418840474,-2.7125276862
    ));
#4900 = CARTESIAN_POINT('',(123.91798420138,3.019034218061,-2.7125276862
    ));
#4901 = CARTESIAN_POINT('',(122.55838984863,3.151006863061,-2.7125276862
    ));
#4902 = CARTESIAN_POINT('',(121.19799626757,3.274252166064,-2.7125276862
    ));
#4903 = CARTESIAN_POINT('',(119.83693402387,3.389542822464,-2.7125276862
    ));
#4904 = CARTESIAN_POINT('',(118.47529164218,3.497514611656,-2.7125276862
    ));
#4905 = CARTESIAN_POINT('',(115.73539049675,3.701115282235,-2.7125276862
    ));
#4906 = CARTESIAN_POINT('',(114.35714730019,3.796586476404,-2.7125276862
    ));
#4907 = CARTESIAN_POINT('',(112.97847236812,3.885732112135,-2.7125276862
    ));
#4908 = CARTESIAN_POINT('',(111.59943175113,3.969050578748,-2.7125276862
    ));
#4909 = CARTESIAN_POINT('',(110.22008059001,4.046981175788,-2.7125276862
    ));
#4910 = CARTESIAN_POINT('',(108.8404641429,4.119920700599,-2.7125276862)
  );
#4911 = CARTESIAN_POINT('',(107.46061831253,4.188232213617,-2.7125276862
    ));
#4912 = CARTESIAN_POINT('',(102.32548328451,4.426426239443,-2.7125276862
    ));
#4913 = CARTESIAN_POINT('',(98.569021216077,4.568783183963,-2.7125276862
    ));
#4914 = CARTESIAN_POINT('',(94.811641439807,4.685991959796,-2.7125276862
    ));
#4915 = CARTESIAN_POINT('',(91.053683667548,4.783049822613,-2.7125276862
    ));
#4916 = CARTESIAN_POINT('',(87.295390299413,4.863969090419,-2.7125276862
    ));
#4917 = CARTESIAN_POINT('',(83.536902866152,4.931649891527,-2.7125276862
    ));
#4918 = CARTESIAN_POINT('',(79.77826520654,4.987951991965,-2.7125276862)
  );
#4919 = CARTESIAN_POINT('',(75.492984654521,5.0400364354,-2.7125276862)
  );
#4920 = CARTESIAN_POINT('',(74.966545123282,5.046226643899,-2.7125276862
    ));
#4921 = CARTESIAN_POINT('',(74.440103181821,5.052210706798,-2.7125276862
    ));
#4922 = CARTESIAN_POINT('',(73.913658943009,5.05799030534,-2.7125276862)
  );
#4923 = CARTESIAN_POINT('',(73.387212513469,5.063566700301,-2.7125276862
    ));
#4924 = CARTESIAN_POINT('',(72.86076399358,5.068940731991,-2.7125276862)
  );
#4925 = CARTESIAN_POINT('',(72.334313477477,5.074112820248,-2.7125276862
    ));
#4926 = CARTESIAN_POINT('',(67.751038635281,5.11738270716,-2.7125276862)
  );
#4927 = CARTESIAN_POINT('',(63.694209657604,5.143689268533,-2.7125276862
    ));
#4928 = CARTESIAN_POINT('',(59.637280040297,5.158005819643,-2.7125276862
    ));
#4929 = CARTESIAN_POINT('',(55.580243298944,5.158830542851,-2.7125276862
    ));
#4930 = CARTESIAN_POINT('',(51.523180112702,5.143160586983,-2.7125276862
    ));
#4931 = CARTESIAN_POINT('',(47.46626032237,5.106352351782,-2.7125276862)
  );
#4932 = CARTESIAN_POINT('',(43.40974250615,5.042129360556,-2.7125276862)
  );
#4933 = CARTESIAN_POINT('',(37.9557643326,4.907092394018,-2.7125276862)
  );
#4934 = CARTESIAN_POINT('',(36.557658293526,4.868171964966,-2.7125276862
    ));
#4935 = CARTESIAN_POINT('',(35.159681995559,4.824591016068,-2.7125276862
    ));
#4936 = CARTESIAN_POINT('',(33.761864420794,4.775953781035,-2.7125276862
    ));
#4937 = CARTESIAN_POINT('',(32.364243959085,4.721825854427,-2.7125276862
    ));
#4938 = CARTESIAN_POINT('',(30.966868679297,4.66172709904,-2.7125276862)
  );
#4939 = CARTESIAN_POINT('',(29.569796818398,4.595119350539,-2.7125276862
    ));
#4940 = CARTESIAN_POINT('',(26.757335588019,4.446652193104,-2.7125276862
    ));
#4941 = CARTESIAN_POINT('',(25.341980979945,4.364598556497,-2.7125276862
    ));
#4942 = CARTESIAN_POINT('',(23.927087175889,4.274585198631,-2.7125276862
    ));
#4943 = CARTESIAN_POINT('',(22.512742483438,4.175896281091,-2.7125276862
    ));
#4944 = CARTESIAN_POINT('',(21.099074005405,4.067698170362,-2.7125276862
    ));
#4945 = CARTESIAN_POINT('',(19.686248568776,3.949026391538,-2.7125276862
    ));
#4946 = CARTESIAN_POINT('',(18.274478639989,3.818709452679,-2.7125276862
    ));
#4947 = CARTESIAN_POINT('',(16.248230881352,3.612448578146,-2.7125276862
    ));
#4948 = CARTESIAN_POINT('',(15.632680259107,3.547235492798,-2.7125276862
    ));
#4949 = CARTESIAN_POINT('',(15.017412319842,3.47936160726,-2.7125276862)
  );
#4950 = CARTESIAN_POINT('',(14.402456352234,3.40867532612,-2.7125276862)
  );
#4951 = CARTESIAN_POINT('',(13.787848181364,3.335005798273,-2.7125276862
    ));
#4952 = CARTESIAN_POINT('',(13.173631017875,3.258155808826,-2.7125276862
    ));
#4953 = CARTESIAN_POINT('',(12.559857005276,3.1778890491,-2.7125276862)
  );
#4954 = CARTESIAN_POINT('',(11.313338518956,3.007198069089,-2.7125276862
    ));
#4955 = CARTESIAN_POINT('',(10.680656244985,2.916532546958,-2.7125276862
    ));
#4956 = CARTESIAN_POINT('',(10.048587467678,2.821583757034,-2.7125276862
    ));
#4957 = CARTESIAN_POINT('',(9.417211120401,2.721969268241,-2.7125276862)
  );
#4958 = CARTESIAN_POINT('',(8.786652499267,2.617190025298,-2.7125276862)
  );
#4959 = CARTESIAN_POINT('',(8.157083456468,2.506627497073,-2.7125276862)
  );
#4960 = CARTESIAN_POINT('',(7.52873846731,2.389447699608,-2.7125276862)
  );
#4961 = CARTESIAN_POINT('',(6.485228823298,2.181014286142,-2.7125276862)
  );
#4962 = CARTESIAN_POINT('',(6.069296295376,2.094251414746,-2.7125276862)
  );
#4963 = CARTESIAN_POINT('',(5.654182416338,2.003548249299,-2.7125276862)
  );
#4964 = CARTESIAN_POINT('',(5.240006759083,1.908342649373,-2.7125276862)
  );
#4965 = CARTESIAN_POINT('',(4.826973813302,1.808018505521,-2.7125276862)
  );
#4966 = CARTESIAN_POINT('',(4.415484481901,1.701508256679,-2.7125276862)
  );
#4967 = CARTESIAN_POINT('',(4.006046811644,1.587612252766,-2.7125276862)
  );
#4968 = CARTESIAN_POINT('',(3.422002185363,1.408986883076,-2.7125276862)
  );
#4969 = CARTESIAN_POINT('',(3.244976643533,1.352677785675,-2.7125276862)
  );
#4970 = CARTESIAN_POINT('',(3.068654636077,1.294145117417,-2.7125276862)
  );
#4971 = CARTESIAN_POINT('',(2.893145936461,1.23305764379,-2.7125276862)
  );
#4972 = CARTESIAN_POINT('',(2.718635400605,1.169038353182,-2.7125276862)
  );
#4973 = CARTESIAN_POINT('',(2.545447671931,1.101510860876,-2.7125276862)
  );
#4974 = CARTESIAN_POINT('',(2.374009951287,1.029784370007,-2.7125276862)
  );
#4975 = CARTESIAN_POINT('',(2.119144832542,0.912968671824,-2.7125276862)
  );
#4976 = CARTESIAN_POINT('',(2.033931237981,0.872135922059,-2.7125276862)
  );
#4977 = CARTESIAN_POINT('',(1.949501601701,0.82965164779,-2.7125276862)
  );
#4978 = CARTESIAN_POINT('',(1.865986242203,0.785256135698,-2.7125276862)
  );
#4979 = CARTESIAN_POINT('',(1.783608777362,0.738665435924,-2.7125276862)
  );
#4980 = CARTESIAN_POINT('',(1.702752308324,0.689474211732,-2.7125276862)
  );
#4981 = CARTESIAN_POINT('',(1.623921646326,0.637207031157,-2.7125276862)
  );
#4982 = CARTESIAN_POINT('',(1.506983870157,0.550428200814,-2.7125276862)
  );
#4983 = CARTESIAN_POINT('',(1.466902468888,0.51886319743,-2.7125276862)
  );
#4984 = CARTESIAN_POINT('',(1.427837516755,0.485982793077,-2.7125276862)
  );
#4985 = CARTESIAN_POINT('',(1.389974120096,0.451599101087,-2.7125276862)
  );
#4986 = CARTESIAN_POINT('',(1.353632604094,0.41552228159,-2.7125276862)
  );
#4987 = CARTESIAN_POINT('',(1.31926670709,0.377560775255,-2.7125276862)
  );
#4988 = CARTESIAN_POINT('',(1.287483585263,0.337501057234,-2.7125276862)
  );
#4989 = CARTESIAN_POINT('',(1.238577885445,0.264258660006,-2.7125276862)
  );
#4990 = CARTESIAN_POINT('',(1.219809129554,0.232190571043,-2.7125276862)
  );
#4991 = CARTESIAN_POINT('',(1.203214160939,0.198804997943,-2.7125276862)
  );
#4992 = CARTESIAN_POINT('',(1.189277681661,0.164152177038,-2.7125276862)
  );
#4993 = CARTESIAN_POINT('',(1.178532498416,0.128369233255,-2.7125276862)
  );
#4994 = CARTESIAN_POINT('',(1.171488040835,9.169909852949E-02,
    -2.7125276862));
#4995 = CARTESIAN_POINT('',(1.168500391665,5.452725754742E-02,
    -2.7125276862));
#4996 = CARTESIAN_POINT('',(1.170115009537,-2.309723382723E-03,
    -2.7125276862));
#4997 = CARTESIAN_POINT('',(1.171823683781,-2.203958134419E-02,
    -2.7125276862));
#4998 = CARTESIAN_POINT('',(1.174676929362,-4.165481622522E-02,
    -2.7125276862));
#4999 = CARTESIAN_POINT('',(1.178644423816,-6.108179702551E-02,
    -2.7125276862));
#5000 = CARTESIAN_POINT('',(1.183674449643,-8.025922237971E-02,
    -2.7125276862));
#5001 = CARTESIAN_POINT('',(1.189699986728,-9.913707504484E-02,
    -2.7125276862));
#5002 = CARTESIAN_POINT('',(1.196644804754,-0.11767557639,-2.7125276862)
  );
#5003 = CARTESIAN_POINT('',(1.224927641078,-0.18368392336,-2.7125276862)
  );
#5004 = CARTESIAN_POINT('',(1.251165503544,-0.228765401271,-2.7125276862
    ));
#5005 = CARTESIAN_POINT('',(1.281837192875,-0.271122644712,-2.7125276862
    ));
#5006 = CARTESIAN_POINT('',(1.315800904809,-0.310910145764,-2.7125276862
    ));
#5007 = CARTESIAN_POINT('',(1.352174448469,-0.348335610822,-2.7125276862
    ));
#5008 = CARTESIAN_POINT('',(1.390349035945,-0.383648512251,-2.7125276862
    ));
#5009 = CARTESIAN_POINT('',(1.429977509214,-0.417147899162,-2.7125276862
    ));
#5010 = CARTESIAN_POINT('',(1.523656700746,-0.49029279302,-2.7125276862)
  );
#5011 = CARTESIAN_POINT('',(1.578332631787,-0.528768856309,-2.7125276862
    ));
#5012 = CARTESIAN_POINT('',(1.634500630878,-0.56510033569,-2.7125276862)
  );
#5013 = CARTESIAN_POINT('',(1.691818245284,-0.599589570118,-2.7125276862
    ));
#5014 = CARTESIAN_POINT('',(1.750037233295,-0.632470241947,-2.7125276862
    ));
#5015 = CARTESIAN_POINT('',(1.808983025395,-0.663941563739,-2.7125276862
    ));
#5016 = CARTESIAN_POINT('',(1.86855613973,-0.694167678775,-2.7125276862)
  );
#5017 = CARTESIAN_POINT('',(2.013419425514,-0.764322916628,-2.7125276862
    ));
#5018 = CARTESIAN_POINT('',(2.099183706846,-0.803129371153,-2.7125276862
    ));
#5019 = CARTESIAN_POINT('',(2.185773920503,-0.84009558776,-2.7125276862)
  );
#5020 = CARTESIAN_POINT('',(2.273028387753,-0.875468357142,-2.7125276862
    ));
#5021 = CARTESIAN_POINT('',(2.360827120759,-0.909437237735,-2.7125276862
    ));
#5022 = CARTESIAN_POINT('',(2.449082241234,-0.942158035892,-2.7125276862
    ));
#5023 = CARTESIAN_POINT('',(2.53773631739,-0.973757271231,-2.7125276862)
  );
#5024 = CARTESIAN_POINT('',(2.856916676769,-1.083432542168,-2.7125276862
    ));
#5025 = CARTESIAN_POINT('',(3.089359363907,-1.155707161494,-2.7125276862
    ));
#5026 = CARTESIAN_POINT('',(3.323338208449,-1.223024999048,-2.7125276862
    ));
#5027 = CARTESIAN_POINT('',(3.55845775624,-1.286224567614,-2.7125276862)
  );
#5028 = CARTESIAN_POINT('',(3.794418645783,-1.346009356448,-2.7125276862
    ));
#5029 = CARTESIAN_POINT('',(4.031057302784,-1.402824473329,-2.7125276862
    ));
#5030 = CARTESIAN_POINT('',(4.268282621749,-1.457058931406,-2.7125276862
    ));
#5031 = CARTESIAN_POINT('',(4.804516100658,-1.574212783737,-2.7125276862
    ));
#5032 = CARTESIAN_POINT('',(5.103726381916,-1.635794112601,-2.7125276862
    ));
#5033 = CARTESIAN_POINT('',(5.403558321485,-1.694332738047,-2.7125276862
    ));
#5034 = CARTESIAN_POINT('',(5.703898439937,-1.750212166187,-2.7125276862
    ));
#5035 = CARTESIAN_POINT('',(6.004661925185,-1.80372467854,-2.7125276862)
  );
#5036 = CARTESIAN_POINT('',(6.305786022092,-1.855106537339,-2.7125276862
    ));
#5037 = CARTESIAN_POINT('',(6.607228504478,-1.904546379626,-2.7125276862
    ));
#5038 = CARTESIAN_POINT('',(7.250029125714,-2.006075874727,-2.7125276862
    ));
#5039 = CARTESIAN_POINT('',(7.591453145456,-2.05766845693,-2.7125276862)
  );
#5040 = CARTESIAN_POINT('',(7.933184861377,-2.107211084686,-2.7125276862
    ));
#5041 = CARTESIAN_POINT('',(8.275183791903,-2.154881439349,-2.7125276862
    ));
#5042 = CARTESIAN_POINT('',(8.617417499058,-2.200823114836,-2.7125276862
    ));
#5043 = CARTESIAN_POINT('',(8.959859974067,-2.245157045973,-2.7125276862
    ));
#5044 = CARTESIAN_POINT('',(9.302490757409,-2.287987840794,-2.7125276862
    ));
#5045 = CARTESIAN_POINT('',(9.645294793309,-2.329405016785,-2.7125276862
    ));
#5046 = PCURVE('',#4495,#5047);
#5047 = DEFINITIONAL_REPRESENTATION('',(#5048),#5387);
#5048 = B_SPLINE_CURVE_WITH_KNOTS('',8,(#5049,#5050,#5051,#5052,#5053,
    #5054,#5055,#5056,#5057,#5058,#5059,#5060,#5061,#5062,#5063,#5064,
    #5065,#5066,#5067,#5068,#5069,#5070,#5071,#5072,#5073,#5074,#5075,
    #5076,#5077,#5078,#5079,#5080,#5081,#5082,#5083,#5084,#5085,#5086,
    #5087,#5088,#5089,#5090,#5091,#5092,#5093,#5094,#5095,#5096,#5097,
    #5098,#5099,#5100,#5101,#5102,#5103,#5104,#5105,#5106,#5107,#5108,
    #5109,#5110,#5111,#5112,#5113,#5114,#5115,#5116,#5117,#5118,#5119,
    #5120,#5121,#5122,#5123,#5124,#5125,#5126,#5127,#5128,#5129,#5130,
    #5131,#5132,#5133,#5134,#5135,#5136,#5137,#5138,#5139,#5140,#5141,
    #5142,#5143,#5144,#5145,#5146,#5147,#5148,#5149,#5150,#5151,#5152,
    #5153,#5154,#5155,#5156,#5157,#5158,#5159,#5160,#5161,#5162,#5163,
    #5164,#5165,#5166,#5167,#5168,#5169,#5170,#5171,#5172,#5173,#5174,
    #5175,#5176,#5177,#5178,#5179,#5180,#5181,#5182,#5183,#5184,#5185,
    #5186,#5187,#5188,#5189,#5190,#5191,#5192,#5193,#5194,#5195,#5196,
    #5197,#5198,#5199,#5200,#5201,#5202,#5203,#5204,#5205,#5206,#5207,
    #5208,#5209,#5210,#5211,#5212,#5213,#5214,#5215,#5216,#5217,#5218,
    #5219,#5220,#5221,#5222,#5223,#5224,#5225,#5226,#5227,#5228,#5229,
    #5230,#5231,#5232,#5233,#5234,#5235,#5236,#5237,#5238,#5239,#5240,
    #5241,#5242,#5243,#5244,#5245,#5246,#5247,#5248,#5249,#5250,#5251,
    #5252,#5253,#5254,#5255,#5256,#5257,#5258,#5259,#5260,#5261,#5262,
    #5263,#5264,#5265,#5266,#5267,#5268,#5269,#5270,#5271,#5272,#5273,
    #5274,#5275,#5276,#5277,#5278,#5279,#5280,#5281,#5282,#5283,#5284,
    #5285,#5286,#5287,#5288,#5289,#5290,#5291,#5292,#5293,#5294,#5295,
    #5296,#5297,#5298,#5299,#5300,#5301,#5302,#5303,#5304,#5305,#5306,
    #5307,#5308,#5309,#5310,#5311,#5312,#5313,#5314,#5315,#5316,#5317,
    #5318,#5319,#5320,#5321,#5322,#5323,#5324,#5325,#5326,#5327,#5328,
    #5329,#5330,#5331,#5332,#5333,#5334,#5335,#5336,#5337,#5338,#5339,
    #5340,#5341,#5342,#5343,#5344,#5345,#5346,#5347,#5348,#5349,#5350,
    #5351,#5352,#5353,#5354,#5355,#5356,#5357,#5358,#5359,#5360,#5361,
    #5362,#5363,#5364,#5365,#5366,#5367,#5368,#5369,#5370,#5371,#5372,
    #5373,#5374,#5375,#5376,#5377,#5378,#5379,#5380,#5381,#5382,#5383,
    #5384,#5385,#5386),.UNSPECIFIED.,.T.,.F.,(9,7,7,7,7,7,7,7,7,7,7,7,7,
    7,7,7,7,7,7,7,7,7,7,7,7,7,7,7,7,7,7,7,7,7,7,7,7,7,7,7,7,7,7,7,7,7,7,
    7,9),(0.,3.526445518945E-02,7.046270413607E-02,0.158829498086,
    0.205799551735,0.225202643396,0.243886220891,0.263287229996,
    0.336570299938,0.412723542786,0.432121510461,0.457984485744,
    0.49892640075,0.564243863548,0.590065311358,0.615891335473,
    0.626664881234,0.636702134612,0.645625773313,0.649342907828,
    0.651993506875,0.655052730131,0.656685405909,0.658318079216,
    0.661450652744,0.668371372126,0.677806972086,0.687180148439,
    0.712191777653,0.737489201999,0.806323017802,0.81596339446,
    0.890251771389,0.915862546384,0.941822864899,0.953157387558,
    0.964861247187,0.972643336223,0.976046717248,0.977779171772,
    0.978715615954,0.979394222227,0.979755811359,0.980707914395,
    0.981930403951,0.983651712538,0.988102151867,0.993687086185,1.),
  .UNSPECIFIED.);
#5049 = CARTESIAN_POINT('',(0.648512927242,6.689225157686E-02));
#5050 = CARTESIAN_POINT('',(0.644914153543,7.301348641822E-02));
#5051 = CARTESIAN_POINT('',(0.641750290069,7.914005061517E-02));
#5052 = CARTESIAN_POINT('',(0.638928901065,8.527025688538E-02));
#5053 = CARTESIAN_POINT('',(0.63639256844,9.14029881634E-02));
#5054 = CARTESIAN_POINT('',(0.634098802877,9.753744869253E-02));
#5055 = CARTESIAN_POINT('',(0.63201389283,0.103673096106));
#5056 = CARTESIAN_POINT('',(0.630112140414,0.109809639058));
#5057 = CARTESIAN_POINT('',(0.626634993088,0.122072808466));
#5058 = CARTESIAN_POINT('',(0.625059067709,0.128199250112));
#5059 = CARTESIAN_POINT('',(0.623622978985,0.134326063171));
#5060 = CARTESIAN_POINT('',(0.622310216906,0.140453056303));
#5061 = CARTESIAN_POINT('',(0.621107481682,0.146580084872));
#5062 = CARTESIAN_POINT('',(0.620003661202,0.152707045099));
#5063 = CARTESIAN_POINT('',(0.61898924379,0.158833871036));
#5064 = CARTESIAN_POINT('',(0.61571363297,0.180341799417));
#5065 = CARTESIAN_POINT('',(0.613883746571,0.195721676069));
#5066 = CARTESIAN_POINT('',(0.612438235191,0.21109980535));
#5067 = CARTESIAN_POINT('',(0.61130122881,0.226476052542));
#5068 = CARTESIAN_POINT('',(0.610414951302,0.241850461181));
#5069 = CARTESIAN_POINT('',(0.609736729117,0.257223272836));
#5070 = CARTESIAN_POINT('',(0.609231660207,0.272594931054));
#5071 = CARTESIAN_POINT('',(0.60867988282,0.296136419404));
#5072 = CARTESIAN_POINT('',(0.608529283639,0.304306524988));
#5073 = CARTESIAN_POINT('',(0.608415334627,0.312476477278));
#5074 = CARTESIAN_POINT('',(0.608334241654,0.320646328963));
#5075 = CARTESIAN_POINT('',(0.608282607682,0.328816127959));
#5076 = CARTESIAN_POINT('',(0.608257373283,0.336985918248));
#5077 = CARTESIAN_POINT('',(0.608255757159,0.345155740717));
#5078 = CARTESIAN_POINT('',(0.60828322702,0.356700575604));
#5079 = CARTESIAN_POINT('',(0.608294851088,0.360075528786));
#5080 = CARTESIAN_POINT('',(0.608309889942,0.363450495994));
#5081 = CARTESIAN_POINT('',(0.60832817123,0.3668254795));
#5082 = CARTESIAN_POINT('',(0.608349529163,0.370200481397));
#5083 = CARTESIAN_POINT('',(0.608373804522,0.3735755036));
#5084 = CARTESIAN_POINT('',(0.608400844653,0.376950547845));
#5085 = CARTESIAN_POINT('',(0.608459062469,0.383575527754));
#5086 = CARTESIAN_POINT('',(0.608490049198,0.386825461687));
#5087 = CARTESIAN_POINT('',(0.608523333019,0.390075418875));
#5088 = CARTESIAN_POINT('',(0.6085587883,0.393325400543));
#5089 = CARTESIAN_POINT('',(0.608596294418,0.396575407762));
#5090 = CARTESIAN_POINT('',(0.608635735759,0.399825441439));
#5091 = CARTESIAN_POINT('',(0.608677001717,0.403075502329));
#5092 = CARTESIAN_POINT('',(0.608764622253,0.409700480033));
#5093 = CARTESIAN_POINT('',(0.608811111249,0.413075399025));
#5094 = CARTESIAN_POINT('',(0.608859335321,0.416450348657));
#5095 = CARTESIAN_POINT('',(0.60890918165,0.419825329415));
#5096 = CARTESIAN_POINT('',(0.608960542964,0.423200341615));
#5097 = CARTESIAN_POINT('',(0.609013317536,0.4265753854));
#5098 = CARTESIAN_POINT('',(0.609067409187,0.429950460743));
#5099 = CARTESIAN_POINT('',(0.609331679277,0.446074295065));
#5100 = CARTESIAN_POINT('',(0.609558124371,0.458823473822));
#5101 = CARTESIAN_POINT('',(0.609797194239,0.471573089402));
#5102 = CARTESIAN_POINT('',(0.610045108634,0.484323097245));
#5103 = CARTESIAN_POINT('',(0.610299234039,0.497073430072));
#5104 = CARTESIAN_POINT('',(0.61055814232,0.509824005412));
#5105 = CARTESIAN_POINT('',(0.610821669381,0.522574733127));
#5106 = CARTESIAN_POINT('',(0.611370825703,0.548575704652));
#5107 = CARTESIAN_POINT('',(0.61165690473,0.561825966251));
#5108 = CARTESIAN_POINT('',(0.611950573964,0.575076204308));
#5109 = CARTESIAN_POINT('',(0.612254685793,0.588326336015));
#5110 = CARTESIAN_POINT('',(0.612573750865,0.601576308653));
#5111 = CARTESIAN_POINT('',(0.612914107035,0.61482610906));
#5112 = CARTESIAN_POINT('',(0.613284088308,0.628075773096));
#5113 = CARTESIAN_POINT('',(0.613798656997,0.644700376006));
#5114 = CARTESIAN_POINT('',(0.613905725592,0.64807535442));
#5115 = CARTESIAN_POINT('',(0.614015573338,0.651450331985));
#5116 = CARTESIAN_POINT('',(0.614128384736,0.654825310586));
#5117 = CARTESIAN_POINT('',(0.614244355006,0.658200292371));
#5118 = CARTESIAN_POINT('',(0.614363690098,0.661575279741));
#5119 = CARTESIAN_POINT('',(0.614486606683,0.66495027536));
#5120 = CARTESIAN_POINT('',(0.614782293045,0.672825120407));
#5121 = CARTESIAN_POINT('',(0.614958029679,0.677324978424));
#5122 = CARTESIAN_POINT('',(0.615141076145,0.681824863209));
#5123 = CARTESIAN_POINT('',(0.615332011337,0.686324782517));
#5124 = CARTESIAN_POINT('',(0.615531458959,0.69082474485));
#5125 = CARTESIAN_POINT('',(0.615740087525,0.695324759455));
#5126 = CARTESIAN_POINT('',(0.615958610358,0.699824836324));
#5127 = CARTESIAN_POINT('',(0.616550577302,0.711448867019));
#5128 = CARTESIAN_POINT('',(0.616940066222,0.718572927141));
#5129 = CARTESIAN_POINT('',(0.617359321268,0.725697213234));
#5130 = CARTESIAN_POINT('',(0.617811709438,0.73282177201));
#5131 = CARTESIAN_POINT('',(0.618300998072,0.739946650677));
#5132 = CARTESIAN_POINT('',(0.618831457115,0.747071897395));
#5133 = CARTESIAN_POINT('',(0.619407961377,0.754197561732));
#5134 = CARTESIAN_POINT('',(0.621038194194,0.772692507542));
#5135 = CARTESIAN_POINT('',(0.622171675929,0.784062332468));
#5136 = CARTESIAN_POINT('',(0.623459520161,0.795433564235));
#5137 = CARTESIAN_POINT('',(0.624929047623,0.806806420897));
#5138 = CARTESIAN_POINT('',(0.626615456416,0.818180938523));
#5139 = CARTESIAN_POINT('',(0.628563024032,0.829556974888));
#5140 = CARTESIAN_POINT('',(0.630831261778,0.840934202889));
#5141 = CARTESIAN_POINT('',(0.634573584416,0.856809999925));
#5142 = CARTESIAN_POINT('',(0.635698530874,0.861307987485));
#5143 = CARTESIAN_POINT('',(0.636893896205,0.865805998222));
#5144 = CARTESIAN_POINT('',(0.638166327024,0.870303966729));
#5145 = CARTESIAN_POINT('',(0.639523478435,0.874801800296));
#5146 = CARTESIAN_POINT('',(0.640974341217,0.879299377025));
#5147 = CARTESIAN_POINT('',(0.642529788234,0.883796542469));
#5148 = CARTESIAN_POINT('',(0.645877188462,0.892790464033));
#5149 = CARTESIAN_POINT('',(0.647669140789,0.897287122104));
#5150 = CARTESIAN_POINT('',(0.649592851205,0.901782968107));
#5151 = CARTESIAN_POINT('',(0.651664422314,0.906277768353));
#5152 = CARTESIAN_POINT('',(0.653904050449,0.910771144967));
#5153 = CARTESIAN_POINT('',(0.656336722924,0.915262569614));
#5154 = CARTESIAN_POINT('',(0.658995100818,0.919751330516));
#5155 = CARTESIAN_POINT('',(0.663151088378,0.926107428756));
#5156 = CARTESIAN_POINT('',(0.664422171842,0.927977768056));
#5157 = CARTESIAN_POINT('',(0.665744488383,0.929847377152));
#5158 = CARTESIAN_POINT('',(0.66712207452,0.931716160647));
#5159 = CARTESIAN_POINT('',(0.668559544834,0.933583998542));
#5160 = CARTESIAN_POINT('',(0.670062278797,0.935450742889));
#5161 = CARTESIAN_POINT('',(0.671636735821,0.937316211967));
#5162 = CARTESIAN_POINT('',(0.674832011426,0.940916763443));
#5163 = CARTESIAN_POINT('',(0.676442286725,0.942651988577));
#5164 = CARTESIAN_POINT('',(0.678128121019,0.944385723609));
#5165 = CARTESIAN_POINT('',(0.679897323186,0.94611774421));
#5166 = CARTESIAN_POINT('',(0.681759031834,0.947847739373));
#5167 = CARTESIAN_POINT('',(0.683724385432,0.949575294671));
#5168 = CARTESIAN_POINT('',(0.685807945123,0.951299854935));
#5169 = CARTESIAN_POINT('',(0.690005276844,0.954550556904));
#5170 = CARTESIAN_POINT('',(0.692089316442,0.95607687271));
#5171 = CARTESIAN_POINT('',(0.694296612277,0.957599654285));
#5172 = CARTESIAN_POINT('',(0.696646216341,0.959118332727));
#5173 = CARTESIAN_POINT('',(0.699159579435,0.960631851006));
#5174 = CARTESIAN_POINT('',(0.701871229893,0.962138171575));
#5175 = CARTESIAN_POINT('',(0.704821185352,0.96363463691));
#5176 = CARTESIAN_POINT('',(0.709466433348,0.965733148926));
#5177 = CARTESIAN_POINT('',(0.710888879573,0.966347327474));
#5178 = CARTESIAN_POINT('',(0.712374788475,0.966958395138));
#5179 = CARTESIAN_POINT('',(0.713932013249,0.967565882492));
#5180 = CARTESIAN_POINT('',(0.715570663003,0.968168948891));
#5181 = CARTESIAN_POINT('',(0.717303036751,0.968766391987));
#5182 = CARTESIAN_POINT('',(0.719145534377,0.969356529432));
#5183 = CARTESIAN_POINT('',(0.722538195168,0.970350424048));
#5184 = CARTESIAN_POINT('',(0.724016199082,0.970757788163));
#5185 = CARTESIAN_POINT('',(0.725573278048,0.971159090227));
#5186 = CARTESIAN_POINT('',(0.72722396422,0.971553243986));
#5187 = CARTESIAN_POINT('',(0.728982798086,0.971938067866));
#5188 = CARTESIAN_POINT('',(0.730870101754,0.97230940815));
#5189 = CARTESIAN_POINT('',(0.732906930424,0.97266190491));
#5190 = CARTESIAN_POINT('',(0.737719554156,0.973359640873));
#5191 = CARTESIAN_POINT('',(0.740853465662,0.973737799075));
#5192 = CARTESIAN_POINT('',(0.744389763829,0.9740420773));
#5193 = CARTESIAN_POINT('',(0.748176213783,0.974204732119));
#5194 = CARTESIAN_POINT('',(0.752039579635,0.974187315199));
#5195 = CARTESIAN_POINT('',(0.755778304319,0.973994514151));
#5196 = CARTESIAN_POINT('',(0.759177483256,0.973688028261));
#5197 = CARTESIAN_POINT('',(0.76348555067,0.973186622806));
#5198 = CARTESIAN_POINT('',(0.764984544479,0.972986769941));
#5199 = CARTESIAN_POINT('',(0.766483402683,0.97276132492));
#5200 = CARTESIAN_POINT('',(0.767982121803,0.97251002143));
#5201 = CARTESIAN_POINT('',(0.769480705195,0.972232542952));
#5202 = CARTESIAN_POINT('',(0.770979154923,0.97192852171));
#5203 = CARTESIAN_POINT('',(0.772477463624,0.971597537619));
#5204 = CARTESIAN_POINT('',(0.775473746876,0.970880697393));
#5205 = CARTESIAN_POINT('',(0.776971756617,0.970494832654));
#5206 = CARTESIAN_POINT('',(0.77846959969,0.970081052738));
#5207 = CARTESIAN_POINT('',(0.779967267548,0.969638822798));
#5208 = CARTESIAN_POINT('',(0.781464765025,0.969167542321));
#5209 = CARTESIAN_POINT('',(0.782962096335,0.968666544033));
#5210 = CARTESIAN_POINT('',(0.784459251084,0.968135092795));
#5211 = CARTESIAN_POINT('',(0.788828333786,0.966492728791));
#5212 = CARTESIAN_POINT('',(0.791436457747,0.965396968101));
#5213 = CARTESIAN_POINT('',(0.793849567766,0.964290299661));
#5214 = CARTESIAN_POINT('',(0.796099756828,0.963175451139));
#5215 = CARTESIAN_POINT('',(0.798214055202,0.962054509008));
#5216 = CARTESIAN_POINT('',(0.800210041559,0.960928633198));
#5217 = CARTESIAN_POINT('',(0.802103116698,0.95979850992));
#5218 = CARTESIAN_POINT('',(0.807887118201,0.956158389936));
#5219 = CARTESIAN_POINT('',(0.8114214203,0.953635153381));
#5220 = CARTESIAN_POINT('',(0.814634449832,0.951100521813));
#5221 = CARTESIAN_POINT('',(0.817581308018,0.94855741723));
#5222 = CARTESIAN_POINT('',(0.820309570251,0.946008122677));
#5223 = CARTESIAN_POINT('',(0.822848362172,0.94345382196));
#5224 = CARTESIAN_POINT('',(0.82522343935,0.940895212134));
#5225 = CARTESIAN_POINT('',(0.830495696416,0.934838196955));
#5226 = CARTESIAN_POINT('',(0.833268087246,0.93133728375));
#5227 = CARTESIAN_POINT('',(0.835820476526,0.927831162374));
#5228 = CARTESIAN_POINT('',(0.838184899362,0.924320868562));
#5229 = CARTESIAN_POINT('',(0.840385654543,0.920807161912));
#5230 = CARTESIAN_POINT('',(0.842442341795,0.917290598537));
#5231 = CARTESIAN_POINT('',(0.844370413553,0.913771541335));
#5232 = CARTESIAN_POINT('',(0.84798360195,0.906752169841));
#5233 = CARTESIAN_POINT('',(0.849670178224,0.903251990534));
#5234 = CARTESIAN_POINT('',(0.851255449289,0.899749971456));
#5235 = CARTESIAN_POINT('',(0.852749608979,0.896246354934));
#5236 = CARTESIAN_POINT('',(0.854161072177,0.892741336956));
#5237 = CARTESIAN_POINT('',(0.855497002351,0.889235076416));
#5238 = CARTESIAN_POINT('',(0.856763622511,0.885727700344));
#5239 = CARTESIAN_POINT('',(0.861175591307,0.872857411426));
#5240 = CARTESIAN_POINT('',(0.863929661343,0.863488466904));
#5241 = CARTESIAN_POINT('',(0.86633077779,0.854114285101));
#5242 = CARTESIAN_POINT('',(0.86844247983,0.844736077767));
#5243 = CARTESIAN_POINT('',(0.870311638183,0.835354720098));
#5244 = CARTESIAN_POINT('',(0.871975359634,0.825970822892));
#5245 = CARTESIAN_POINT('',(0.873461967978,0.816584734055));
#5246 = CARTESIAN_POINT('',(0.876143834605,0.797701176239));
#5247 = CARTESIAN_POINT('',(0.877335518251,0.788203850642));
#5248 = CARTESIAN_POINT('',(0.878394648333,0.778704911462));
#5249 = CARTESIAN_POINT('',(0.87934017084,0.769204596314));
#5250 = CARTESIAN_POINT('',(0.880187382692,0.759703093143));
#5251 = CARTESIAN_POINT('',(0.880949123584,0.750200545762));
#5252 = CARTESIAN_POINT('',(0.881636441042,0.740697055844));
#5253 = CARTESIAN_POINT('',(0.883951961712,0.705331457257));
#5254 = CARTESIAN_POINT('',(0.885163796888,0.679464551056));
#5255 = CARTESIAN_POINT('',(0.886084479954,0.653592597953));
#5256 = CARTESIAN_POINT('',(0.886822536625,0.627716548233));
#5257 = CARTESIAN_POINT('',(0.887459303268,0.601837554635));
#5258 = CARTESIAN_POINT('',(0.888044347997,0.575956688123));
#5259 = CARTESIAN_POINT('',(0.888604150731,0.550074695101));
#5260 = CARTESIAN_POINT('',(0.889217695122,0.520566736018));
#5261 = CARTESIAN_POINT('',(0.889292643646,0.516941741285));
#5262 = CARTESIAN_POINT('',(0.889367178157,0.513316740008));
#5263 = CARTESIAN_POINT('',(0.889441300371,0.50969173445));
#5264 = CARTESIAN_POINT('',(0.889515003726,0.506066726838));
#5265 = CARTESIAN_POINT('',(0.889588273379,0.502441719359));
#5266 = CARTESIAN_POINT('',(0.889661086205,0.498816714161));
#5267 = CARTESIAN_POINT('',(0.890290741364,0.467257594605));
#5268 = CARTESIAN_POINT('',(0.89081905219,0.43932447085));
#5269 = CARTESIAN_POINT('',(0.891304268962,0.411392369595));
#5270 = CARTESIAN_POINT('',(0.891703271331,0.383461835955));
#5271 = CARTESIAN_POINT('',(0.89194984334,0.355533544581));
#5272 = CARTESIAN_POINT('',(0.891950793005,0.327607925445));
#5273 = CARTESIAN_POINT('',(0.891591449313,0.29968478242));
#5274 = CARTESIAN_POINT('',(0.890358632818,0.262136953337));
#5275 = CARTESIAN_POINT('',(0.88997632224,0.252511251227));
#5276 = CARTESIAN_POINT('',(0.889519708585,0.242885832284));
#5277 = CARTESIAN_POINT('',(0.888979466668,0.233260725627));
#5278 = CARTESIAN_POINT('',(0.888344844662,0.223636000367));
#5279 = CARTESIAN_POINT('',(0.887603137494,0.214011765663));
#5280 = CARTESIAN_POINT('',(0.886738780195,0.204388172358));
#5281 = CARTESIAN_POINT('',(0.884711602182,0.185011325738));
#5282 = CARTESIAN_POINT('',(0.88354489843,0.175258264384));
#5283 = CARTESIAN_POINT('',(0.882211225408,0.165506308848));
#5284 = CARTESIAN_POINT('',(0.880685815382,0.15575574375));
#5285 = CARTESIAN_POINT('',(0.878936857812,0.146007087743));
#5286 = CARTESIAN_POINT('',(0.876924204252,0.136261098576));
#5287 = CARTESIAN_POINT('',(0.874593996413,0.126518813425));
#5288 = CARTESIAN_POINT('',(0.87067124737,0.112530355932));
#5289 = CARTESIAN_POINT('',(0.869402737539,0.108280052949));
#5290 = CARTESIAN_POINT('',(0.868051034612,0.104030891426));
#5291 = CARTESIAN_POINT('',(0.866608103664,9.978303371516E-02));
#5292 = CARTESIAN_POINT('',(0.865064623087,9.553668609327E-02));
#5293 = CARTESIAN_POINT('',(0.863409538342,9.129210472959E-02));
#5294 = CARTESIAN_POINT('',(0.861629293194,8.704960653065E-02));
#5295 = CARTESIAN_POINT('',(0.857721536931,7.843140152064E-02));
#5296 = CARTESIAN_POINT('',(0.855584715933,7.405605684724E-02));
#5297 = CARTESIAN_POINT('',(0.853277073568,6.968381205682E-02));
#5298 = CARTESIAN_POINT('',(0.85077596207,6.531516292786E-02));
#5299 = CARTESIAN_POINT('',(0.848051716393,6.095092542262E-02));
#5300 = CARTESIAN_POINT('',(0.845067196319,5.659223757935E-02));
#5301 = CARTESIAN_POINT('',(0.841772425449,5.22406720299E-02));
#5302 = CARTESIAN_POINT('',(0.835635351945,4.501157384856E-02));
#5303 = CARTESIAN_POINT('',(0.833011964579,4.212950594468E-02));
#5304 = CARTESIAN_POINT('',(0.830192222725,3.925247420273E-02));
#5305 = CARTESIAN_POINT('',(0.827144188994,3.638129352937E-02));
#5306 = CARTESIAN_POINT('',(0.82383204535,3.3517367716E-02));
#5307 = CARTESIAN_POINT('',(0.820196299863,3.066346560946E-02));
#5308 = CARTESIAN_POINT('',(0.816168959536,2.782310215915E-02));
#5309 = CARTESIAN_POINT('',(0.80958911167,2.37704548722E-02));
#5310 = CARTESIAN_POINT('',(0.807482742361,2.254195283954E-02));
#5311 = CARTESIAN_POINT('',(0.805258308562,2.131819938102E-02));
#5312 = CARTESIAN_POINT('',(0.802898471923,2.009995662096E-02));
#5313 = CARTESIAN_POINT('',(0.800383285327,1.88885081771E-02));
#5314 = CARTESIAN_POINT('',(0.797682720356,1.768610927251E-02));
#5315 = CARTESIAN_POINT('',(0.794760735814,1.649572853419E-02));
#5316 = CARTESIAN_POINT('',(0.789903969129,1.472587651145E-02));
#5317 = CARTESIAN_POINT('',(0.788190707906,1.413409694562E-02));
#5318 = CARTESIAN_POINT('',(0.786391513403,1.354772882386E-02));
#5319 = CARTESIAN_POINT('',(0.784493374519,1.296767803908E-02));
#5320 = CARTESIAN_POINT('',(0.78248184564,1.239549870468E-02));
#5321 = CARTESIAN_POINT('',(0.780336375364,1.183385333569E-02));
#5322 = CARTESIAN_POINT('',(0.778032817689,1.128625069396E-02));
#5323 = CARTESIAN_POINT('',(0.774165112592,1.047389447244E-02));
#5324 = CARTESIAN_POINT('',(0.772750681626,1.019544472587E-02));
#5325 = CARTESIAN_POINT('',(0.771269304748,9.924048921339E-03));
#5326 = CARTESIAN_POINT('',(0.769711655285,9.660993646108E-03));
#5327 = CARTESIAN_POINT('',(0.768068094998,9.408505090509E-03));
#5328 = CARTESIAN_POINT('',(0.766328746273,9.169736694424E-03));
#5329 = CARTESIAN_POINT('',(0.764482605924,8.948908265945E-03));
#5330 = CARTESIAN_POINT('',(0.761087592367,8.609106691817E-03));
#5331 = CARTESIAN_POINT('',(0.759595489923,8.478697545883E-03));
#5332 = CARTESIAN_POINT('',(0.75803618658,8.36339069913E-03));
#5333 = CARTESIAN_POINT('',(0.756411594676,8.266554631395E-03));
#5334 = CARTESIAN_POINT('',(0.754727860242,8.191892253084E-03));
#5335 = CARTESIAN_POINT('',(0.75299644679,8.142943990746E-03));
#5336 = CARTESIAN_POINT('',(0.751236016085,8.122184409687E-03));
#5337 = CARTESIAN_POINT('',(0.74853748194,8.133403532032E-03));
#5338 = CARTESIAN_POINT('',(0.747599478631,8.145276200049E-03));
#5339 = CARTESIAN_POINT('',(0.746665777074,8.165101876129E-03));
#5340 = CARTESIAN_POINT('',(0.745740017666,8.192669821517E-03));
#5341 = CARTESIAN_POINT('',(0.744825269464,8.227620607972E-03));
#5342 = CARTESIAN_POINT('',(0.74392406839,8.269488459617E-03));
#5343 = CARTESIAN_POINT('',(0.743038455446,8.31774359479E-03));
#5344 = CARTESIAN_POINT('',(0.739883317701,8.514261911959E-03));
#5345 = CARTESIAN_POINT('',(0.737724934651,8.696569095939E-03));
#5346 = CARTESIAN_POINT('',(0.735695594006,8.909680000218E-03));
#5347 = CARTESIAN_POINT('',(0.733789404654,9.145659009783E-03));
#5348 = CARTESIAN_POINT('',(0.731997260013,9.398375058112E-03));
#5349 = CARTESIAN_POINT('',(0.73030764859,9.663597359603E-03));
#5350 = CARTESIAN_POINT('',(0.728706516412,9.938913160763E-03));
#5351 = CARTESIAN_POINT('',(0.725215005931,1.058972359367E-02));
#5352 = CARTESIAN_POINT('',(0.723381792387,1.096955660815E-02));
#5353 = CARTESIAN_POINT('',(0.721654628631,1.135974067713E-02));
#5354 = CARTESIAN_POINT('',(0.720019091258,1.175789564345E-02));
#5355 = CARTESIAN_POINT('',(0.718463944209,1.216229623927E-02));
#5356 = CARTESIAN_POINT('',(0.716979567684,1.257172923439E-02));
#5357 = CARTESIAN_POINT('',(0.715558004074,1.298550313856E-02));
#5358 = CARTESIAN_POINT('',(0.712268286823,1.399163226295E-02));
#5359 = CARTESIAN_POINT('',(0.710456905372,1.458726406097E-02));
#5360 = CARTESIAN_POINT('',(0.708739492489,1.518859813366E-02));
#5361 = CARTESIAN_POINT('',(0.707103911723,1.579451079595E-02));
#5362 = CARTESIAN_POINT('',(0.705540773896,1.640416820926E-02));
#5363 = CARTESIAN_POINT('',(0.70404232805,1.701695971857E-02));
#5364 = CARTESIAN_POINT('',(0.702602251254,1.76324862231E-02));
#5365 = CARTESIAN_POINT('',(0.69762827667,1.984843357544E-02));
#5366 = CARTESIAN_POINT('',(0.694397240396,2.146195970599E-02));
#5367 = CARTESIAN_POINT('',(0.69142885112,2.308591145694E-02));
#5368 = CARTESIAN_POINT('',(0.688679483062,2.47175430097E-02));
#5369 = CARTESIAN_POINT('',(0.686112557884,2.635477712894E-02));
#5370 = CARTESIAN_POINT('',(0.68370433415,2.79964803314E-02));
#5371 = CARTESIAN_POINT('',(0.681434167425,2.964202226567E-02));
#5372 = CARTESIAN_POINT('',(0.676590185641,3.336115375077E-02));
#5373 = CARTESIAN_POINT('',(0.674087625621,3.543601380184E-02));
#5374 = CARTESIAN_POINT('',(0.671747246665,3.751482944489E-02));
#5375 = CARTESIAN_POINT('',(0.669547794028,3.959681854193E-02));
#5376 = CARTESIAN_POINT('',(0.667472827529,4.16813983571E-02));
#5377 = CARTESIAN_POINT('',(0.665508937352,4.376813942942E-02));
#5378 = CARTESIAN_POINT('',(0.663645286699,4.585675480911E-02));
#5379 = CARTESIAN_POINT('',(0.659868863277,5.03098560824E-02));
#5380 = CARTESIAN_POINT('',(0.657981443458,5.267470793405E-02));
#5381 = CARTESIAN_POINT('',(0.656197130523,5.504128349857E-02));
#5382 = CARTESIAN_POINT('',(0.654505487129,5.740931081268E-02));
#5383 = CARTESIAN_POINT('',(0.652897988342,5.977857375038E-02));
#5384 = CARTESIAN_POINT('',(0.651367416697,6.214890074508E-02));
#5385 = CARTESIAN_POINT('',(0.649907519337,6.452015862716E-02));
#5386 = CARTESIAN_POINT('',(0.648512927242,6.689225157686E-02));
#5387 = ( GEOMETRIC_REPRESENTATION_CONTEXT(2) 
PARAMETRIC_REPRESENTATION_CONTEXT() REPRESENTATION_CONTEXT('2D SPACE',''
  ) );
#5388 = PCURVE('',#5389,#5394);
#5389 = PLANE('',#5390);
#5390 = AXIS2_PLACEMENT_3D('',#5391,#5392,#5393);
#5391 = CARTESIAN_POINT('',(-2.E+03,-1.E+03,-2.7125276862));
#5392 = DIRECTION('',(0.,0.,1.));
#5393 = DIRECTION('',(1.,0.,-0.));
#5394 = DEFINITIONAL_REPRESENTATION('',(#5395),#5734);
#5395 = B_SPLINE_CURVE_WITH_KNOTS('',8,(#5396,#5397,#5398,#5399,#5400,
    #5401,#5402,#5403,#5404,#5405,#5406,#5407,#5408,#5409,#5410,#5411,
    #5412,#5413,#5414,#5415,#5416,#5417,#5418,#5419,#5420,#5421,#5422,
    #5423,#5424,#5425,#5426,#5427,#5428,#5429,#5430,#5431,#5432,#5433,
    #5434,#5435,#5436,#5437,#5438,#5439,#5440,#5441,#5442,#5443,#5444,
    #5445,#5446,#5447,#5448,#5449,#5450,#5451,#5452,#5453,#5454,#5455,
    #5456,#5457,#5458,#5459,#5460,#5461,#5462,#5463,#5464,#5465,#5466,
    #5467,#5468,#5469,#5470,#5471,#5472,#5473,#5474,#5475,#5476,#5477,
    #5478,#5479,#5480,#5481,#5482,#5483,#5484,#5485,#5486,#5487,#5488,
    #5489,#5490,#5491,#5492,#5493,#5494,#5495,#5496,#5497,#5498,#5499,
    #5500,#5501,#5502,#5503,#5504,#5505,#5506,#5507,#5508,#5509,#5510,
    #5511,#5512,#5513,#5514,#5515,#5516,#5517,#5518,#5519,#5520,#5521,
    #5522,#5523,#5524,#5525,#5526,#5527,#5528,#5529,#5530,#5531,#5532,
    #5533,#5534,#5535,#5536,#5537,#5538,#5539,#5540,#5541,#5542,#5543,
    #5544,#5545,#5546,#5547,#5548,#5549,#5550,#5551,#5552,#5553,#5554,
    #5555,#5556,#5557,#5558,#5559,#5560,#5561,#5562,#5563,#5564,#5565,
    #5566,#5567,#5568,#5569,#5570,#5571,#5572,#5573,#5574,#5575,#5576,
    #5577,#5578,#5579,#5580,#5581,#5582,#5583,#5584,#5585,#5586,#5587,
    #5588,#5589,#5590,#5591,#5592,#5593,#5594,#5595,#5596,#5597,#5598,
    #5599,#5600,#5601,#5602,#5603,#5604,#5605,#5606,#5607,#5608,#5609,
    #5610,#5611,#5612,#5613,#5614,#5615,#5616,#5617,#5618,#5619,#5620,
    #5621,#5622,#5623,#5624,#5625,#5626,#5627,#5628,#5629,#5630,#5631,
    #5632,#5633,#5634,#5635,#5636,#5637,#5638,#5639,#5640,#5641,#5642,
    #5643,#5644,#5645,#5646,#5647,#5648,#5649,#5650,#5651,#5652,#5653,
    #5654,#5655,#5656,#5657,#5658,#5659,#5660,#5661,#5662,#5663,#5664,
    #5665,#5666,#5667,#5668,#5669,#5670,#5671,#5672,#5673,#5674,#5675,
    #5676,#5677,#5678,#5679,#5680,#5681,#5682,#5683,#5684,#5685,#5686,
    #5687,#5688,#5689,#5690,#5691,#5692,#5693,#5694,#5695,#5696,#5697,
    #5698,#5699,#5700,#5701,#5702,#5703,#5704,#5705,#5706,#5707,#5708,
    #5709,#5710,#5711,#5712,#5713,#5714,#5715,#5716,#5717,#5718,#5719,
    #5720,#5721,#5722,#5723,#5724,#5725,#5726,#5727,#5728,#5729,#5730,
    #5731,#5732,#5733),.UNSPECIFIED.,.T.,.F.,(9,7,7,7,7,7,7,7,7,7,7,7,7,
    7,7,7,7,7,7,7,7,7,7,7,7,7,7,7,7,7,7,7,7,7,7,7,7,7,7,7,7,7,7,7,7,7,7,
    7,9),(0.,3.526445518945E-02,7.046270413607E-02,0.158829498086,
    0.205799551735,0.225202643396,0.243886220891,0.263287229996,
    0.336570299938,0.412723542786,0.432121510461,0.457984485744,
    0.49892640075,0.564243863548,0.590065311358,0.615891335473,
    0.626664881234,0.636702134612,0.645625773313,0.649342907828,
    0.651993506875,0.655052730131,0.656685405909,0.658318079216,
    0.661450652744,0.668371372126,0.677806972086,0.687180148439,
    0.712191777653,0.737489201999,0.806323017802,0.81596339446,
    0.890251771389,0.915862546384,0.941822864899,0.953157387558,
    0.964861247187,0.972643336223,0.976046717248,0.977779171772,
    0.978715615954,0.979394222227,0.979755811359,0.980707914395,
    0.981930403951,0.983651712538,0.988102151867,0.993687086185,1.),
  .UNSPECIFIED.);
#5396 = CARTESIAN_POINT('',(2.009645294793E+03,997.67059498321));
#5397 = CARTESIAN_POINT('',(2.010529907687E+03,997.56371710528));
#5398 = CARTESIAN_POINT('',(2.01141564084E+03,997.46625473397));
#5399 = CARTESIAN_POINT('',(2.012302229609E+03,997.37666605058));
#5400 = CARTESIAN_POINT('',(2.013189492087E+03,997.29400225363));
#5401 = CARTESIAN_POINT('',(2.014077293492E+03,997.21754791085));
#5402 = CARTESIAN_POINT('',(2.014965536491E+03,997.14671842775));
#5403 = CARTESIAN_POINT('',(2.01585416092E+03,997.08105463991));
#5404 = CARTESIAN_POINT('',(2.017630442686E+03,996.95936876736));
#5405 = CARTESIAN_POINT('',(2.018518072373E+03,996.90333110538));
#5406 = CARTESIAN_POINT('',(2.019405972612E+03,996.85164817997));
#5407 = CARTESIAN_POINT('',(2.020294099522E+03,996.80399585873));
#5408 = CARTESIAN_POINT('',(2.021182416837E+03,996.76009678956));
#5409 = CARTESIAN_POINT('',(2.022070895043E+03,996.71970492244));
#5410 = CARTESIAN_POINT('',(2.022959510931E+03,996.68259701031));
#5411 = CARTESIAN_POINT('',(2.026079460954E+03,996.56314747719));
#5412 = CARTESIAN_POINT('',(2.028311382537E+03,996.49714982275));
#5413 = CARTESIAN_POINT('',(2.030543756812E+03,996.44736960555));
#5414 = CARTESIAN_POINT('',(2.032776392445E+03,996.41136210999));
#5415 = CARTESIAN_POINT('',(2.035009152896E+03,996.38696555903));
#5416 = CARTESIAN_POINT('',(2.03724195641E+03,996.37228542978));
#5417 = CARTESIAN_POINT('',(2.039474773699E+03,996.36559952151));
#5418 = CARTESIAN_POINT('',(2.042894468573E+03,996.3652236426));
#5419 = CARTESIAN_POINT('',(2.044081308801E+03,996.36691269474));
#5420 = CARTESIAN_POINT('',(2.045268146192E+03,996.37018794717));
#5421 = CARTESIAN_POINT('',(2.046454978977E+03,996.37482857106));
#5422 = CARTESIAN_POINT('',(2.047641806185E+03,996.3806257903));
#5423 = CARTESIAN_POINT('',(2.048828627648E+03,996.38738245857));
#5424 = CARTESIAN_POINT('',(2.050015443998E+03,996.39491263638));
#5425 = CARTESIAN_POINT('',(2.051692522984E+03,996.40639902349));
#5426 = CARTESIAN_POINT('',(2.052182788595E+03,996.40985899828));
#5427 = CARTESIAN_POINT('',(2.052673053567E+03,996.413408759));
#5428 = CARTESIAN_POINT('',(2.053163317969E+03,996.41703629712));
#5429 = CARTESIAN_POINT('',(2.053653581874E+03,996.42072992913));
#5430 = CARTESIAN_POINT('',(2.054143845358E+03,996.42447829652));
#5431 = CARTESIAN_POINT('',(2.054634108502E+03,996.42827036576));
#5432 = CARTESIAN_POINT('',(2.055596454132E+03,996.43577864824));
#5433 = CARTESIAN_POINT('',(2.056068536632E+03,996.43949246289));
#5434 = CARTESIAN_POINT('',(2.056540618966E+03,996.44322730921));
#5435 = CARTESIAN_POINT('',(2.057012701207E+03,996.44697390954));
#5436 = CARTESIAN_POINT('',(2.057484783425E+03,996.45072327163));
#5437 = CARTESIAN_POINT('',(2.057956865689E+03,996.45446668866));
#5438 = CARTESIAN_POINT('',(2.058428948067E+03,996.45819573921));
#5439 = CARTESIAN_POINT('',(2.059391240699E+03,996.46575116331));
#5440 = CARTESIAN_POINT('',(2.059881450965E+03,996.46957578186));
#5441 = CARTESIAN_POINT('',(2.060371661492E+03,996.47336703094));
#5442 = CARTESIAN_POINT('',(2.060861872345E+03,996.4771161435));
#5443 = CARTESIAN_POINT('',(2.061352083583E+03,996.48081469749));
#5444 = CARTESIAN_POINT('',(2.061842295261E+03,996.48445461583));
#5445 = CARTESIAN_POINT('',(2.062332507424E+03,996.48802816643));
#5446 = CARTESIAN_POINT('',(2.064674391371E+03,996.50474767527));
#5447 = CARTESIAN_POINT('',(2.066526070665E+03,996.51691505431));
#5448 = CARTESIAN_POINT('',(2.068377759525E+03,996.52763265534));
#5449 = CARTESIAN_POINT('',(2.070229458317E+03,996.53657446953));
#5450 = CARTESIAN_POINT('',(2.072081166232E+03,996.54349000649));
#5451 = CARTESIAN_POINT('',(2.073932881265E+03,996.54820837759));
#5452 = CARTESIAN_POINT('',(2.075784600201E+03,996.55064237924));
#5453 = CARTESIAN_POINT('',(2.079560560593E+03,996.55094865588));
#5454 = CARTESIAN_POINT('',(2.081484803867E+03,996.54863836915));
#5455 = CARTESIAN_POINT('',(2.083409043125E+03,996.54386319945));
#5456 = CARTESIAN_POINT('',(2.085333274655E+03,996.53672623708));
#5457 = CARTESIAN_POINT('',(2.087257496355E+03,996.52743841506));
#5458 = CARTESIAN_POINT('',(2.089181707768E+03,996.51632474497));
#5459 = CARTESIAN_POINT('',(2.091105910108E+03,996.50383055273));
#5460 = CARTESIAN_POINT('',(2.093520242944E+03,996.48713917811));
#5461 = CARTESIAN_POINT('',(2.09401037923E+03,996.48369820495));
#5462 = CARTESIAN_POINT('',(2.094500515212E+03,996.48021424142));
#5463 = CARTESIAN_POINT('',(2.094990650958E+03,996.47669729744));
#5464 = CARTESIAN_POINT('',(2.09548078654E+03,996.47315794642));
#5465 = CARTESIAN_POINT('',(2.095970922039E+03,996.4696073252));
#5466 = CARTESIAN_POINT('',(2.096461057539E+03,996.46605713408));
#5467 = CARTESIAN_POINT('',(2.097604682453E+03,996.45780315286));
#5468 = CARTESIAN_POINT('',(2.098258171917E+03,996.45310932784));
#5469 = CARTESIAN_POINT('',(2.098911661757E+03,996.44846714422));
#5470 = CARTESIAN_POINT('',(2.099565152197E+03,996.44390757939));
#5471 = CARTESIAN_POINT('',(2.100218643445E+03,996.43946360572));
#5472 = CARTESIAN_POINT('',(2.100872135699E+03,996.4351701905));
#5473 = CARTESIAN_POINT('',(2.101525629144E+03,996.43106429599));
#5474 = CARTESIAN_POINT('',(2.103213627078E+03,996.42104363919));
#5475 = CARTESIAN_POINT('',(2.104248133074E+03,996.41547003054));
#5476 = CARTESIAN_POINT('',(2.105282643161E+03,996.41061960274));
#5477 = CARTESIAN_POINT('',(2.106317157732E+03,996.40666088126));
#5478 = CARTESIAN_POINT('',(2.107351676355E+03,996.40377699265));
#5479 = CARTESIAN_POINT('',(2.108386197772E+03,996.40216728931));
#5480 = CARTESIAN_POINT('',(2.109420719908E+03,996.40204897433));
#5481 = CARTESIAN_POINT('',(2.112105680977E+03,996.4062268747));
#5482 = CARTESIAN_POINT('',(2.113756090232E+03,996.41319309609));
#5483 = CARTESIAN_POINT('',(2.115406482843E+03,996.42552323004));
#5484 = CARTESIAN_POINT('',(2.117056841368E+03,996.44430427324));
#5485 = CARTESIAN_POINT('',(2.118707114262E+03,996.47080207005));
#5486 = CARTESIAN_POINT('',(2.12035721577E+03,996.50647488884));
#5487 = CARTESIAN_POINT('',(2.1220070244E+03,996.55306581957));
#5488 = CARTESIAN_POINT('',(2.124308403032E+03,996.63654949723));
#5489 = CARTESIAN_POINT('',(2.124960352037E+03,996.66227124533));
#5490 = CARTESIAN_POINT('',(2.125612213432E+03,996.69020543085));
#5491 = CARTESIAN_POINT('',(2.126263972352E+03,996.72051088578));
#5492 = CARTESIAN_POINT('',(2.126915609743E+03,996.75336349294));
#5493 = CARTESIAN_POINT('',(2.127567102091E+03,996.78896160536));
#5494 = CARTESIAN_POINT('',(2.128218420943E+03,996.82753540733));
#5495 = CARTESIAN_POINT('',(2.129520758867E+03,996.91119243958));
#5496 = CARTESIAN_POINT('',(2.130171763699E+03,996.9562757733));
#5497 = CARTESIAN_POINT('',(2.13082252434E+03,997.00488829303));
#5498 = CARTESIAN_POINT('',(2.131473000412E+03,997.05734895221));
#5499 = CARTESIAN_POINT('',(2.132123130459E+03,997.11404838614));
#5500 = CARTESIAN_POINT('',(2.13277283107E+03,997.17545947436));
#5501 = CARTESIAN_POINT('',(2.133421992173E+03,997.24219065462));
#5502 = CARTESIAN_POINT('',(2.13434097737E+03,997.34557849831));
#5503 = CARTESIAN_POINT('',(2.134611368947E+03,997.37709475234));
#5504 = CARTESIAN_POINT('',(2.134881626312E+03,997.40975915997));
#5505 = CARTESIAN_POINT('',(2.13515173515E+03,997.44364682434));
#5506 = CARTESIAN_POINT('',(2.135421677595E+03,997.47884359542));
#5507 = CARTESIAN_POINT('',(2.135691431741E+03,997.51544976585));
#5508 = CARTESIAN_POINT('',(2.135960970818E+03,997.55358640143));
#5509 = CARTESIAN_POINT('',(2.1364811491E+03,997.6305009509));
#5510 = CARTESIAN_POINT('',(2.136731813065E+03,997.66905632905));
#5511 = CARTESIAN_POINT('',(2.136982234151E+03,997.70919125332));
#5512 = CARTESIAN_POINT('',(2.137232379554E+03,997.75105441796));
#5513 = CARTESIAN_POINT('',(2.137482203968E+03,997.79482030976));
#5514 = CARTESIAN_POINT('',(2.13773164718E+03,997.84070298992));
#5515 = CARTESIAN_POINT('',(2.137980628702E+03,997.88898574715));
#5516 = CARTESIAN_POINT('',(2.138449889474E+03,997.98548016789));
#5517 = CARTESIAN_POINT('',(2.138670200062E+03,998.0330884533));
#5518 = CARTESIAN_POINT('',(2.138889976897E+03,998.08318221641));
#5519 = CARTESIAN_POINT('',(2.139109137704E+03,998.13614300409));
#5520 = CARTESIAN_POINT('',(2.139327529792E+03,998.19239823061));
#5521 = CARTESIAN_POINT('',(2.139544859142E+03,998.25265129177));
#5522 = CARTESIAN_POINT('',(2.139760742458E+03,998.31771530575));
#5523 = CARTESIAN_POINT('',(2.140063444753E+03,998.41939443068));
#5524 = CARTESIAN_POINT('',(2.140152033494E+03,998.45044461451));
#5525 = CARTESIAN_POINT('',(2.140240169393E+03,998.48279220888));
#5526 = CARTESIAN_POINT('',(2.140327784787E+03,998.51660204313));
#5527 = CARTESIAN_POINT('',(2.140414758495E+03,998.55208749278));
#5528 = CARTESIAN_POINT('',(2.140500917207E+03,998.58950905691));
#5529 = CARTESIAN_POINT('',(2.140586018442E+03,998.62921622085));
#5530 = CARTESIAN_POINT('',(2.140729337399E+03,998.70217904818));
#5531 = CARTESIAN_POINT('',(2.140788077108E+03,998.73392330489));
#5532 = CARTESIAN_POINT('',(2.140845940836E+03,998.76732687938));
#5533 = CARTESIAN_POINT('',(2.140902772039E+03,998.80270370426));
#5534 = CARTESIAN_POINT('',(2.140958256259E+03,998.84036842268));
#5535 = CARTESIAN_POINT('',(2.141011794774E+03,998.88076677333));
#5536 = CARTESIAN_POINT('',(2.141062615059E+03,998.92436443393));
#5537 = CARTESIAN_POINT('',(2.141163206896E+03,999.02747178238));
#5538 = CARTESIAN_POINT('',(2.141217723931E+03,999.09466716505));
#5539 = CARTESIAN_POINT('',(2.141261588168E+03,999.17062672851));
#5540 = CARTESIAN_POINT('',(2.14128503456E+03,999.25226238006));
#5541 = CARTESIAN_POINT('',(2.141282524484E+03,999.33613313526));
#5542 = CARTESIAN_POINT('',(2.141254731548E+03,999.41817469294));
#5543 = CARTESIAN_POINT('',(2.141210548199E+03,999.49354051102));
#5544 = CARTESIAN_POINT('',(2.141138263019E+03,999.58978176147));
#5545 = CARTESIAN_POINT('',(2.141109450854E+03,999.62343156089));
#5546 = CARTESIAN_POINT('',(2.141076948662E+03,999.65725307775));
#5547 = CARTESIAN_POINT('',(2.141040717834E+03,999.69125868567));
#5548 = CARTESIAN_POINT('',(2.141000712481E+03,999.72546126435));
#5549 = CARTESIAN_POINT('',(2.140956879283E+03,999.75987404961));
#5550 = CARTESIAN_POINT('',(2.140909157332E+03,999.79451048346));
#5551 = CARTESIAN_POINT('',(2.1408057987E+03,999.86425759203));
#5552 = CARTESIAN_POINT('',(2.140750160778E+03,999.8993690885));
#5553 = CARTESIAN_POINT('',(2.140690496016E+03,999.93473178686));
#5554 = CARTESIAN_POINT('',(2.140626726859E+03,999.97036002975));
#5555 = CARTESIAN_POINT('',(2.140558766231E+03,1.000006268988E+03));
#5556 = CARTESIAN_POINT('',(2.140486517368E+03,1.000042474378E+03));
#5557 = CARTESIAN_POINT('',(2.140409873653E+03,1.000078992184E+03));
#5558 = CARTESIAN_POINT('',(2.140173007801E+03,1.000186534321E+03));
#5559 = CARTESIAN_POINT('',(2.140014961509E+03,1.000251959898E+03));
#5560 = CARTESIAN_POINT('',(2.139855328593E+03,1.000313539712E+03));
#5561 = CARTESIAN_POINT('',(2.139694502243E+03,1.000371918793E+03));
#5562 = CARTESIAN_POINT('',(2.139532783297E+03,1.000427641399E+03));
#5563 = CARTESIAN_POINT('',(2.139370339052E+03,1.000481056878E+03));
#5564 = CARTESIAN_POINT('',(2.139207268491E+03,1.000532474424E+03));
#5565 = CARTESIAN_POINT('',(2.138681976074E+03,1.000691862621E+03));
#5566 = CARTESIAN_POINT('',(2.138317791611E+03,1.00079291336E+03));
#5567 = CARTESIAN_POINT('',(2.137951897355E+03,1.000887792767E+03));
#5568 = CARTESIAN_POINT('',(2.137584715864E+03,1.000977535825E+03));
#5569 = CARTESIAN_POINT('',(2.137216577721E+03,1.001063044531E+03));
#5570 = CARTESIAN_POINT('',(2.136847655073E+03,1.001144851094E+03));
#5571 = CARTESIAN_POINT('',(2.136478049804E+03,1.001223433362E+03));
#5572 = CARTESIAN_POINT('',(2.135602941307E+03,1.001402380993E+03));
#5573 = CARTESIAN_POINT('',(2.135097025202E+03,1.001500253905E+03));
#5574 = CARTESIAN_POINT('',(2.134590250371E+03,1.001593657771E+03));
#5575 = CARTESIAN_POINT('',(2.134082769815E+03,1.001683154477E+03));
#5576 = CARTESIAN_POINT('',(2.133574696707E+03,1.001769164585E+03));
#5577 = CARTESIAN_POINT('',(2.133066114808E+03,1.001852026047E+03));
#5578 = CARTESIAN_POINT('',(2.132557079923E+03,1.001932002887E+03));
#5579 = CARTESIAN_POINT('',(2.131541543912E+03,1.002086127321E+03));
#5580 = CARTESIAN_POINT('',(2.131035063488E+03,1.002160307473E+03));
#5581 = CARTESIAN_POINT('',(2.130528232309E+03,1.00223207838E+03));
#5582 = CARTESIAN_POINT('',(2.130021088581E+03,1.002301613321E+03));
#5583 = CARTESIAN_POINT('',(2.129513663752E+03,1.002369055477E+03));
#5584 = CARTESIAN_POINT('',(2.129005983833E+03,1.002434527504E+03));
#5585 = CARTESIAN_POINT('',(2.12849807015E+03,1.002498137014E+03));
#5586 = CARTESIAN_POINT('',(2.126634030416E+03,1.002724995894E+03));
#5587 = CARTESIAN_POINT('',(2.125276606345E+03,1.00287741884E+03));
#5588 = CARTESIAN_POINT('',(2.123917984201E+03,1.003019034218E+03));
#5589 = CARTESIAN_POINT('',(2.122558389849E+03,1.003151006863E+03));
#5590 = CARTESIAN_POINT('',(2.121197996268E+03,1.003274252166E+03));
#5591 = CARTESIAN_POINT('',(2.119836934024E+03,1.003389542822E+03));
#5592 = CARTESIAN_POINT('',(2.118475291642E+03,1.003497514612E+03));
#5593 = CARTESIAN_POINT('',(2.115735390497E+03,1.003701115282E+03));
#5594 = CARTESIAN_POINT('',(2.1143571473E+03,1.003796586476E+03));
#5595 = CARTESIAN_POINT('',(2.112978472368E+03,1.003885732112E+03));
#5596 = CARTESIAN_POINT('',(2.111599431751E+03,1.003969050579E+03));
#5597 = CARTESIAN_POINT('',(2.11022008059E+03,1.004046981176E+03));
#5598 = CARTESIAN_POINT('',(2.108840464143E+03,1.004119920701E+03));
#5599 = CARTESIAN_POINT('',(2.107460618313E+03,1.004188232214E+03));
#5600 = CARTESIAN_POINT('',(2.102325483285E+03,1.004426426239E+03));
#5601 = CARTESIAN_POINT('',(2.098569021216E+03,1.004568783184E+03));
#5602 = CARTESIAN_POINT('',(2.09481164144E+03,1.00468599196E+03));
#5603 = CARTESIAN_POINT('',(2.091053683668E+03,1.004783049823E+03));
#5604 = CARTESIAN_POINT('',(2.087295390299E+03,1.00486396909E+03));
#5605 = CARTESIAN_POINT('',(2.083536902866E+03,1.004931649892E+03));
#5606 = CARTESIAN_POINT('',(2.079778265207E+03,1.004987951992E+03));
#5607 = CARTESIAN_POINT('',(2.075492984655E+03,1.005040036435E+03));
#5608 = CARTESIAN_POINT('',(2.074966545123E+03,1.005046226644E+03));
#5609 = CARTESIAN_POINT('',(2.074440103182E+03,1.005052210707E+03));
#5610 = CARTESIAN_POINT('',(2.073913658943E+03,1.005057990305E+03));
#5611 = CARTESIAN_POINT('',(2.073387212513E+03,1.0050635667E+03));
#5612 = CARTESIAN_POINT('',(2.072860763994E+03,1.005068940732E+03));
#5613 = CARTESIAN_POINT('',(2.072334313477E+03,1.00507411282E+03));
#5614 = CARTESIAN_POINT('',(2.067751038635E+03,1.005117382707E+03));
#5615 = CARTESIAN_POINT('',(2.063694209658E+03,1.005143689269E+03));
#5616 = CARTESIAN_POINT('',(2.05963728004E+03,1.00515800582E+03));
#5617 = CARTESIAN_POINT('',(2.055580243299E+03,1.005158830543E+03));
#5618 = CARTESIAN_POINT('',(2.051523180113E+03,1.005143160587E+03));
#5619 = CARTESIAN_POINT('',(2.047466260322E+03,1.005106352352E+03));
#5620 = CARTESIAN_POINT('',(2.043409742506E+03,1.005042129361E+03));
#5621 = CARTESIAN_POINT('',(2.037955764333E+03,1.004907092394E+03));
#5622 = CARTESIAN_POINT('',(2.036557658294E+03,1.004868171965E+03));
#5623 = CARTESIAN_POINT('',(2.035159681996E+03,1.004824591016E+03));
#5624 = CARTESIAN_POINT('',(2.033761864421E+03,1.004775953781E+03));
#5625 = CARTESIAN_POINT('',(2.032364243959E+03,1.004721825854E+03));
#5626 = CARTESIAN_POINT('',(2.030966868679E+03,1.004661727099E+03));
#5627 = CARTESIAN_POINT('',(2.029569796818E+03,1.004595119351E+03));
#5628 = CARTESIAN_POINT('',(2.026757335588E+03,1.004446652193E+03));
#5629 = CARTESIAN_POINT('',(2.02534198098E+03,1.004364598556E+03));
#5630 = CARTESIAN_POINT('',(2.023927087176E+03,1.004274585199E+03));
#5631 = CARTESIAN_POINT('',(2.022512742483E+03,1.004175896281E+03));
#5632 = CARTESIAN_POINT('',(2.021099074005E+03,1.00406769817E+03));
#5633 = CARTESIAN_POINT('',(2.019686248569E+03,1.003949026392E+03));
#5634 = CARTESIAN_POINT('',(2.01827447864E+03,1.003818709453E+03));
#5635 = CARTESIAN_POINT('',(2.016248230881E+03,1.003612448578E+03));
#5636 = CARTESIAN_POINT('',(2.015632680259E+03,1.003547235493E+03));
#5637 = CARTESIAN_POINT('',(2.01501741232E+03,1.003479361607E+03));
#5638 = CARTESIAN_POINT('',(2.014402456352E+03,1.003408675326E+03));
#5639 = CARTESIAN_POINT('',(2.013787848181E+03,1.003335005798E+03));
#5640 = CARTESIAN_POINT('',(2.013173631018E+03,1.003258155809E+03));
#5641 = CARTESIAN_POINT('',(2.012559857005E+03,1.003177889049E+03));
#5642 = CARTESIAN_POINT('',(2.011313338519E+03,1.003007198069E+03));
#5643 = CARTESIAN_POINT('',(2.010680656245E+03,1.002916532547E+03));
#5644 = CARTESIAN_POINT('',(2.010048587468E+03,1.002821583757E+03));
#5645 = CARTESIAN_POINT('',(2.00941721112E+03,1.002721969268E+03));
#5646 = CARTESIAN_POINT('',(2.008786652499E+03,1.002617190025E+03));
#5647 = CARTESIAN_POINT('',(2.008157083456E+03,1.002506627497E+03));
#5648 = CARTESIAN_POINT('',(2.007528738467E+03,1.0023894477E+03));
#5649 = CARTESIAN_POINT('',(2.006485228823E+03,1.002181014286E+03));
#5650 = CARTESIAN_POINT('',(2.006069296295E+03,1.002094251415E+03));
#5651 = CARTESIAN_POINT('',(2.005654182416E+03,1.002003548249E+03));
#5652 = CARTESIAN_POINT('',(2.005240006759E+03,1.001908342649E+03));
#5653 = CARTESIAN_POINT('',(2.004826973813E+03,1.001808018506E+03));
#5654 = CARTESIAN_POINT('',(2.004415484482E+03,1.001701508257E+03));
#5655 = CARTESIAN_POINT('',(2.004006046812E+03,1.001587612253E+03));
#5656 = CARTESIAN_POINT('',(2.003422002185E+03,1.001408986883E+03));
#5657 = CARTESIAN_POINT('',(2.003244976644E+03,1.001352677786E+03));
#5658 = CARTESIAN_POINT('',(2.003068654636E+03,1.001294145117E+03));
#5659 = CARTESIAN_POINT('',(2.002893145936E+03,1.001233057644E+03));
#5660 = CARTESIAN_POINT('',(2.002718635401E+03,1.001169038353E+03));
#5661 = CARTESIAN_POINT('',(2.002545447672E+03,1.001101510861E+03));
#5662 = CARTESIAN_POINT('',(2.002374009951E+03,1.00102978437E+03));
#5663 = CARTESIAN_POINT('',(2.002119144833E+03,1.000912968672E+03));
#5664 = CARTESIAN_POINT('',(2.002033931238E+03,1.000872135922E+03));
#5665 = CARTESIAN_POINT('',(2.001949501602E+03,1.000829651648E+03));
#5666 = CARTESIAN_POINT('',(2.001865986242E+03,1.000785256136E+03));
#5667 = CARTESIAN_POINT('',(2.001783608777E+03,1.000738665436E+03));
#5668 = CARTESIAN_POINT('',(2.001702752308E+03,1.000689474212E+03));
#5669 = CARTESIAN_POINT('',(2.001623921646E+03,1.000637207031E+03));
#5670 = CARTESIAN_POINT('',(2.00150698387E+03,1.000550428201E+03));
#5671 = CARTESIAN_POINT('',(2.001466902469E+03,1.000518863197E+03));
#5672 = CARTESIAN_POINT('',(2.001427837517E+03,1.000485982793E+03));
#5673 = CARTESIAN_POINT('',(2.00138997412E+03,1.000451599101E+03));
#5674 = CARTESIAN_POINT('',(2.001353632604E+03,1.000415522282E+03));
#5675 = CARTESIAN_POINT('',(2.001319266707E+03,1.000377560775E+03));
#5676 = CARTESIAN_POINT('',(2.001287483585E+03,1.000337501057E+03));
#5677 = CARTESIAN_POINT('',(2.001238577885E+03,1.00026425866E+03));
#5678 = CARTESIAN_POINT('',(2.00121980913E+03,1.000232190571E+03));
#5679 = CARTESIAN_POINT('',(2.001203214161E+03,1.000198804998E+03));
#5680 = CARTESIAN_POINT('',(2.001189277682E+03,1.000164152177E+03));
#5681 = CARTESIAN_POINT('',(2.001178532498E+03,1.000128369233E+03));
#5682 = CARTESIAN_POINT('',(2.001171488041E+03,1.000091699099E+03));
#5683 = CARTESIAN_POINT('',(2.001168500392E+03,1.000054527258E+03));
#5684 = CARTESIAN_POINT('',(2.00117011501E+03,999.99769027661));
#5685 = CARTESIAN_POINT('',(2.001171823684E+03,999.97796041865));
#5686 = CARTESIAN_POINT('',(2.001174676929E+03,999.95834518377));
#5687 = CARTESIAN_POINT('',(2.001178644424E+03,999.93891820297));
#5688 = CARTESIAN_POINT('',(2.00118367445E+03,999.91974077762));
#5689 = CARTESIAN_POINT('',(2.001189699987E+03,999.90086292495));
#5690 = CARTESIAN_POINT('',(2.001196644805E+03,999.88232442361));
#5691 = CARTESIAN_POINT('',(2.001224927641E+03,999.81631607664));
#5692 = CARTESIAN_POINT('',(2.001251165504E+03,999.77123459872));
#5693 = CARTESIAN_POINT('',(2.001281837193E+03,999.72887735528));
#5694 = CARTESIAN_POINT('',(2.001315800905E+03,999.68908985423));
#5695 = CARTESIAN_POINT('',(2.001352174448E+03,999.65166438917));
#5696 = CARTESIAN_POINT('',(2.001390349036E+03,999.61635148774));
#5697 = CARTESIAN_POINT('',(2.001429977509E+03,999.58285210083));
#5698 = CARTESIAN_POINT('',(2.001523656701E+03,999.50970720698));
#5699 = CARTESIAN_POINT('',(2.001578332632E+03,999.47123114369));
#5700 = CARTESIAN_POINT('',(2.001634500631E+03,999.43489966431));
#5701 = CARTESIAN_POINT('',(2.001691818245E+03,999.40041042988));
#5702 = CARTESIAN_POINT('',(2.001750037233E+03,999.36752975805));
#5703 = CARTESIAN_POINT('',(2.001808983025E+03,999.33605843626));
#5704 = CARTESIAN_POINT('',(2.00186855614E+03,999.30583232122));
#5705 = CARTESIAN_POINT('',(2.002013419426E+03,999.23567708337));
#5706 = CARTESIAN_POINT('',(2.002099183707E+03,999.19687062884));
#5707 = CARTESIAN_POINT('',(2.002185773921E+03,999.15990441224));
#5708 = CARTESIAN_POINT('',(2.002273028388E+03,999.12453164285));
#5709 = CARTESIAN_POINT('',(2.002360827121E+03,999.09056276226));
#5710 = CARTESIAN_POINT('',(2.002449082241E+03,999.0578419641));
#5711 = CARTESIAN_POINT('',(2.002537736317E+03,999.02624272876));
#5712 = CARTESIAN_POINT('',(2.002856916677E+03,998.91656745783));
#5713 = CARTESIAN_POINT('',(2.003089359364E+03,998.8442928385));
#5714 = CARTESIAN_POINT('',(2.003323338208E+03,998.77697500095));
#5715 = CARTESIAN_POINT('',(2.003558457756E+03,998.71377543238));
#5716 = CARTESIAN_POINT('',(2.003794418646E+03,998.65399064355));
#5717 = CARTESIAN_POINT('',(2.004031057303E+03,998.59717552667));
#5718 = CARTESIAN_POINT('',(2.004268282622E+03,998.54294106859));
#5719 = CARTESIAN_POINT('',(2.004804516101E+03,998.42578721626));
#5720 = CARTESIAN_POINT('',(2.005103726382E+03,998.36420588739));
#5721 = CARTESIAN_POINT('',(2.005403558321E+03,998.30566726195));
#5722 = CARTESIAN_POINT('',(2.00570389844E+03,998.24978783381));
#5723 = CARTESIAN_POINT('',(2.006004661925E+03,998.19627532146));
#5724 = CARTESIAN_POINT('',(2.006305786022E+03,998.14489346266));
#5725 = CARTESIAN_POINT('',(2.006607228504E+03,998.09545362037));
#5726 = CARTESIAN_POINT('',(2.007250029126E+03,997.99392412527));
#5727 = CARTESIAN_POINT('',(2.007591453145E+03,997.94233154307));
#5728 = CARTESIAN_POINT('',(2.007933184861E+03,997.89278891531));
#5729 = CARTESIAN_POINT('',(2.008275183792E+03,997.84511856065));
#5730 = CARTESIAN_POINT('',(2.008617417499E+03,997.79917688516));
#5731 = CARTESIAN_POINT('',(2.008959859974E+03,997.75484295402));
#5732 = CARTESIAN_POINT('',(2.009302490757E+03,997.7120121592));
#5733 = CARTESIAN_POINT('',(2.009645294793E+03,997.67059498321));
#5734 = ( GEOMETRIC_REPRESENTATION_CONTEXT(2) 
PARAMETRIC_REPRESENTATION_CONTEXT() REPRESENTATION_CONTEXT('2D SPACE',''
  ) );
#5735 = ADVANCED_FACE('',(#5736),#4677,.F.);
#5736 = FACE_BOUND('',#5737,.T.);
#5737 = EDGE_LOOP('',(#5738));
#5738 = ORIENTED_EDGE('',*,*,#4651,.T.);
#5739 = ADVANCED_FACE('',(#5740),#4626,.T.);
#5740 = FACE_BOUND('',#5741,.T.);
#5741 = EDGE_LOOP('',(#5742));
#5742 = ORIENTED_EDGE('',*,*,#4600,.F.);
#5743 = ADVANCED_FACE('',(#5744),#5389,.F.);
#5744 = FACE_BOUND('',#5745,.F.);
#5745 = EDGE_LOOP('',(#5746));
#5746 = ORIENTED_EDGE('',*,*,#4703,.T.);
#5747 = ( GEOMETRIC_REPRESENTATION_CONTEXT(3) 
GLOBAL_UNCERTAINTY_ASSIGNED_CONTEXT((#5751)) 
GLOBAL_UNIT_ASSIGNED_CONTEXT((#5748,#5749,#5750)) REPRESENTATION_CONTEXT
('Context #1','3D Context with UNIT and UNCERTAINTY') );
#5748 = ( LENGTH_UNIT() NAMED_UNIT(*) SI_UNIT(.MILLI.,.METRE.) );
#5749 = ( NAMED_UNIT(*) PLANE_ANGLE_UNIT() SI_UNIT($,.RADIAN.) );
#5750 = ( NAMED_UNIT(*) SI_UNIT($,.STERADIAN.) SOLID_ANGLE_UNIT() );
#5751 = UNCERTAINTY_MEASURE_WITH_UNIT(LENGTH_MEASURE(1.E-06),#5748,
  'distance_accuracy_value','confusion accuracy');
#5752 = CONTEXT_DEPENDENT_SHAPE_REPRESENTATION(#5753,#5755);
#5753 = ( REPRESENTATION_RELATIONSHIP('','',#4474,#10) 
REPRESENTATION_RELATIONSHIP_WITH_TRANSFORMATION(#5754) 
SHAPE_REPRESENTATION_RELATIONSHIP() );
#5754 = ITEM_DEFINED_TRANSFORMATION('','',#11,#35);
#5755 = PRODUCT_DEFINITION_SHAPE('Placement','Placement of an item',
  #5756);
#5756 = NEXT_ASSEMBLY_USAGE_OCCURRENCE('6','leek_3','',#5,#4469,$);
#5757 = PRODUCT_RELATED_PRODUCT_CATEGORY('part',$,(#4471));
#5758 = SHAPE_DEFINITION_REPRESENTATION(#5759,#5765);
#5759 = PRODUCT_DEFINITION_SHAPE('','',#5760);
#5760 = PRODUCT_DEFINITION('design','',#5761,#5764);
#5761 = PRODUCT_DEFINITION_FORMATION('','',#5762);
#5762 = PRODUCT('leek_curl','leek_curl','',(#5763));
#5763 = PRODUCT_CONTEXT('',#2,'mechanical');
#5764 = PRODUCT_DEFINITION_CONTEXT('part definition',#2,'design');
#5765 = ADVANCED_BREP_SHAPE_REPRESENTATION('',(#11,#5766),#6431);
#5766 = MANIFOLD_SOLID_BREP('',#5767);
#5767 = CLOSED_SHELL('',(#5768,#6423,#6427));
#5768 = ADVANCED_FACE('',(#5769),#5793,.T.);
#5769 = FACE_BOUND('',#5770,.T.);
#5770 = EDGE_LOOP('',(#5771,#6319,#6372,#6422));
#5771 = ORIENTED_EDGE('',*,*,#5772,.T.);
#5772 = EDGE_CURVE('',#5773,#5773,#5775,.T.);
#5773 = VERTEX_POINT('',#5774);
#5774 = CARTESIAN_POINT('',(18.015958150541,-0.246112405384,
    4.192752559041));
#5775 = SURFACE_CURVE('',#5776,(#5792,#6295),.PCURVE_S1.);
#5776 = B_SPLINE_CURVE_WITH_KNOTS('',14,(#5777,#5778,#5779,#5780,#5781,
    #5782,#5783,#5784,#5785,#5786,#5787,#5788,#5789,#5790,#5791),
  .UNSPECIFIED.,.T.,.F.,(15,15),(0.,1.),.PIECEWISE_BEZIER_KNOTS.);
#5777 = CARTESIAN_POINT('',(18.015958150541,-0.246112405384,
    4.192752559041));
#5778 = CARTESIAN_POINT('',(18.463816613328,-0.217072858357,
    4.192752559042));
#5779 = CARTESIAN_POINT('',(18.908213689399,-0.134647985413,
    3.283284316027));
#5780 = CARTESIAN_POINT('',(19.235809382554,-6.186785688735E-03,
    1.464346667342));
#5781 = CARTESIAN_POINT('',(19.33431178889,0.14499561914,-0.992049760445
    ));
#5782 = CARTESIAN_POINT('',(19.13308804725,0.282254345577,
    -3.541935311968));
#5783 = CARTESIAN_POINT('',(18.643599954384,0.365257522962,
    -5.488487944524));
#5784 = CARTESIAN_POINT('',(17.976320839808,0.365188626429,
    -6.221326168415));
#5785 = CARTESIAN_POINT('',(17.314620276507,0.279085280923,
    -5.488487944523));
#5786 = CARTESIAN_POINT('',(16.839949838449,0.133565194008,
    -3.541935311969));
#5787 = CARTESIAN_POINT('',(16.658136475477,-2.853000407519E-02,
    -0.992049760444));
#5788 = CARTESIAN_POINT('',(16.775337597502,-0.165725997401,
    1.464346667342));
#5789 = CARTESIAN_POINT('',(17.116779507619,-0.250806194961,
    3.283284316027));
#5790 = CARTESIAN_POINT('',(17.568099687754,-0.275151952412,
    4.192752559042));
#5791 = CARTESIAN_POINT('',(18.015958150541,-0.246112405384,
    4.192752559041));
#5792 = PCURVE('',#5793,#6289);
#5793 = ( BOUNDED_SURFACE() B_SPLINE_SURFACE(14,8,(
    (#5794,#5795,#5796,#5797,#5798,#5799,#5800,#5801,#5802,#5803,#5804
      ,#5805,#5806,#5807,#5808,#5809,#5810,#5811,#5812,#5813,#5814,#5815
      ,#5816,#5817,#5818,#5819,#5820,#5821,#5822,#5823,#5824,#5825,#5826
      )
    ,(#5827,#5828,#5829,#5830,#5831,#5832,#5833,#5834,#5835,#5836,#5837
      ,#5838,#5839,#5840,#5841,#5842,#5843,#5844,#5845,#5846,#5847,#5848
      ,#5849,#5850,#5851,#5852,#5853,#5854,#5855,#5856,#5857,#5858,#5859
      )
    ,(#5860,#5861,#5862,#5863,#5864,#5865,#5866,#5867,#5868,#5869,#5870
      ,#5871,#5872,#5873,#5874,#5875,#5876,#5877,#5878,#5879,#5880,#5881
      ,#5882,#5883,#5884,#5885,#5886,#5887,#5888,#5889,#5890,#5891,#5892
      )
    ,(#5893,#5894,#5895,#5896,#5897,#5898,#5899,#5900,#5901,#5902,#5903
      ,#5904,#5905,#5906,#5907,#5908,#5909,#5910,#5911,#5912,#5913,#5914
      ,#5915,#5916,#5917,#5918,#5919,#5920,#5921,#5922,#5923,#5924,#5925
      )
    ,(#5926,#5927,#5928,#5929,#5930,#5931,#5932,#5933,#5934,#5935,#5936
      ,#5937,#5938,#5939,#5940,#5941,#5942,#5943,#5944,#5945,#5946,#5947
      ,#5948,#5949,#5950,#5951,#5952,#5953,#5954,#5955,#5956,#5957,#5958
      )
    ,(#5959,#5960,#5961,#5962,#5963,#5964,#5965,#5966,#5967,#5968,#5969
      ,#5970,#5971,#5972,#5973,#5974,#5975,#5976,#5977,#5978,#5979,#5980
      ,#5981,#5982,#5983,#5984,#5985,#5986,#5987,#5988,#5989,#5990,#5991
      )
    ,(#5992,#5993,#5994,#5995,#5996,#5997,#5998,#5999,#6000,#6001,#6002
      ,#6003,#6004,#6005,#6006,#6007,#6008,#6009,#6010,#6011,#6012,#6013
      ,#6014,#6015,#6016,#6017,#6018,#6019,#6020,#6021,#6022,#6023,#6024
      )
    ,(#6025,#6026,#6027,#6028,#6029,#6030,#6031,#6032,#6033,#6034,#6035
      ,#6036,#6037,#6038,#6039,#6040,#6041,#6042,#6043,#6044,#6045,#6046
      ,#6047,#6048,#6049,#6050,#6051,#6052,#6053,#6054,#6055,#6056,#6057
      )
    ,(#6058,#6059,#6060,#6061,#6062,#6063,#6064,#6065,#6066,#6067,#6068
      ,#6069,#6070,#6071,#6072,#6073,#6074,#6075,#6076,#6077,#6078,#6079
      ,#6080,#6081,#6082,#6083,#6084,#6085,#6086,#6087,#6088,#6089,#6090
      )
    ,(#6091,#6092,#6093,#6094,#6095,#6096,#6097,#6098,#6099,#6100,#6101
      ,#6102,#6103,#6104,#6105,#6106,#6107,#6108,#6109,#6110,#6111,#6112
      ,#6113,#6114,#6115,#6116,#6117,#6118,#6119,#6120,#6121,#6122,#6123
      )
    ,(#6124,#6125,#6126,#6127,#6128,#6129,#6130,#6131,#6132,#6133,#6134
      ,#6135,#6136,#6137,#6138,#6139,#6140,#6141,#6142,#6143,#6144,#6145
      ,#6146,#6147,#6148,#6149,#6150,#6151,#6152,#6153,#6154,#6155,#6156
      )
    ,(#6157,#6158,#6159,#6160,#6161,#6162,#6163,#6164,#6165,#6166,#6167
      ,#6168,#6169,#6170,#6171,#6172,#6173,#6174,#6175,#6176,#6177,#6178
      ,#6179,#6180,#6181,#6182,#6183,#6184,#6185,#6186,#6187,#6188,#6189
      )
    ,(#6190,#6191,#6192,#6193,#6194,#6195,#6196,#6197,#6198,#6199,#6200
      ,#6201,#6202,#6203,#6204,#6205,#6206,#6207,#6208,#6209,#6210,#6211
      ,#6212,#6213,#6214,#6215,#6216,#6217,#6218,#6219,#6220,#6221,#6222
      )
    ,(#6223,#6224,#6225,#6226,#6227,#6228,#6229,#6230,#6231,#6232,#6233
      ,#6234,#6235,#6236,#6237,#6238,#6239,#6240,#6241,#6242,#6243,#6244
      ,#6245,#6246,#6247,#6248,#6249,#6250,#6251,#6252,#6253,#6254,#6255
      )
    ,(#6256,#6257,#6258,#6259,#6260,#6261,#6262,#6263,#6264,#6265,#6266
      ,#6267,#6268,#6269,#6270,#6271,#6272,#6273,#6274,#6275,#6276,#6277
      ,#6278,#6279,#6280,#6281,#6282,#6283,#6284,#6285,#6286,#6287,#6288
)),.UNSPECIFIED.,.T.,.F.,.F.) B_SPLINE_SURFACE_WITH_KNOTS((15,15),(9,6,6
    ,6,6,9),(0.,1.),(0.,0.268811550169,0.503079828608,0.702898708826,
0.868430874727,1.),.UNSPECIFIED.) GEOMETRIC_REPRESENTATION_ITEM() 
RATIONAL_B_SPLINE_SURFACE((
    (1.,1.000000000001,0.999999999998,1.000000000002,0.999999999998
      ,1.000000000001,1.,1.,1.,1.,1.,1.,1.,1.,1.,1.,1.,1.,1.,1.,1.,1.,1.
      ,1.,1.,1.,1.,1.,1.,1.,1.,1.,1.)
    ,(1.,1.000000000001,0.999999999998,1.000000000002,0.999999999998
      ,1.000000000001,1.,1.,1.,1.,1.,1.,1.,1.,1.,1.,1.,1.,1.,1.,1.,1.,1.
      ,1.,1.,1.,1.,1.,1.,1.,1.,1.,1.)
    ,(1.,1.000000000001,0.999999999998,1.000000000002,0.999999999998
      ,1.000000000001,1.,1.,1.,1.,1.,1.,1.,1.,1.,1.,1.,1.,1.,1.,1.,1.,1.
      ,1.,1.,1.,1.,1.,1.,1.,1.,1.,1.)
    ,(1.,1.000000000001,0.999999999998,1.000000000002,0.999999999998
      ,1.000000000001,1.,1.,1.,1.,1.,1.,1.,1.,1.,1.,1.,1.,1.,1.,1.,1.,1.
      ,1.,1.,1.,1.,1.,1.,1.,1.,1.,1.)
    ,(1.,1.000000000001,0.999999999998,1.000000000002,0.999999999998
      ,1.000000000001,1.,1.,1.,1.,1.,1.,1.,1.,1.,1.,1.,1.,1.,1.,1.,1.,1.
      ,1.,1.,1.,1.,1.,1.,1.,1.,1.,1.)
    ,(1.,1.000000000001,0.999999999998,1.000000000002,0.999999999998
      ,1.000000000001,1.,1.,1.,1.,1.,1.,1.,1.,1.,1.,1.,1.,1.,1.,1.,1.,1.
      ,1.,1.,1.,1.,1.,1.,1.,1.,1.,1.)
    ,(1.,1.000000000001,0.999999999998,1.000000000002,0.999999999998
      ,1.000000000001,1.,1.,1.,1.,1.,1.,1.,1.,1.,1.,1.,1.,1.,1.,1.,1.,1.
      ,1.,1.,1.,1.,1.,1.,1.,1.,1.,1.)
    ,(1.,1.000000000001,0.999999999998,1.000000000002,0.999999999998
      ,1.000000000001,1.,1.,1.,1.,1.,1.,1.,1.,1.,1.,1.,1.,1.,1.,1.,1.,1.
      ,1.,1.,1.,1.,1.,1.,1.,1.,1.,1.)
    ,(1.,1.000000000001,0.999999999998,1.000000000002,0.999999999998
      ,1.000000000001,1.,1.,1.,1.,1.,1.,1.,1.,1.,1.,1.,1.,1.,1.,1.,1.,1.
      ,1.,1.,1.,1.,1.,1.,1.,1.,1.,1.)
    ,(1.,1.000000000001,0.999999999998,1.000000000002,0.999999999998
      ,1.000000000001,1.,1.,1.,1.,1.,1.,1.,1.,1.,1.,1.,1.,1.,1.,1.,1.,1.
      ,1.,1.,1.,1.,1.,1.,1.,1.,1.,1.)
    ,(1.,1.000000000001,0.999999999998,1.000000000002,0.999999999998
      ,1.000000000001,1.,1.,1.,1.,1.,1.,1.,1.,1.,1.,1.,1.,1.,1.,1.,1.,1.
      ,1.,1.,1.,1.,1.,1.,1.,1.,1.,1.)
    ,(1.,1.000000000001,0.999999999998,1.000000000002,0.999999999998
      ,1.000000000001,1.,1.,1.,1.,1.,1.,1.,1.,1.,1.,1.,1.,1.,1.,1.,1.,1.
      ,1.,1.,1.,1.,1.,1.,1.,1.,1.,1.)
    ,(1.,1.000000000001,0.999999999998,1.000000000002,0.999999999998
      ,1.000000000001,1.,1.,1.,1.,1.,1.,1.,1.,1.,1.,1.,1.,1.,1.,1.,1.,1.
      ,1.,1.,1.,1.,1.,1.,1.,1.,1.,1.)
    ,(1.,1.000000000001,0.999999999998,1.000000000002,0.999999999998
      ,1.000000000001,1.,1.,1.,1.,1.,1.,1.,1.,1.,1.,1.,1.,1.,1.,1.,1.,1.
      ,1.,1.,1.,1.,1.,1.,1.,1.,1.,1.)
    ,(1.,1.000000000001,0.999999999998,1.000000000002,0.999999999998
      ,1.000000000001,1.,1.,1.,1.,1.,1.,1.,1.,1.,1.,1.,1.,1.,1.,1.,1.,1.
,1.,1.,1.,1.,1.,1.,1.,1.,1.,1.))) REPRESENTATION_ITEM('') SURFACE() );
#5794 = CARTESIAN_POINT('',(18.015958150541,-0.246112405384,
    4.192752559041));
#5795 = CARTESIAN_POINT('',(17.812512239857,3.738719888483,
    4.427434872279));
#5796 = CARTESIAN_POINT('',(16.598534661494,7.671442732242,4.66591695797
    ));
#5797 = CARTESIAN_POINT('',(14.370256444774,11.251883738617,
    4.908413123937));
#5798 = CARTESIAN_POINT('',(11.230422168508,14.165406657925,
    5.15516182953));
#5799 = CARTESIAN_POINT('',(7.40221095844,16.126813435548,5.406430273649
    ));
#5800 = CARTESIAN_POINT('',(3.224437778406,16.943527070177,
    5.662520944737));
#5801 = CARTESIAN_POINT('',(-4.508512479979,16.252111757117,
    6.151466554808));
#5802 = CARTESIAN_POINT('',(-10.78155993259,11.806753690887,
    6.659932852582));
#5803 = CARTESIAN_POINT('',(-13.14051822091,8.998331370645,6.90121039698
    ));
#5804 = CARTESIAN_POINT('',(-14.70576918826,5.617348796231,7.14729067818
    ));
#5805 = CARTESIAN_POINT('',(-15.29968020446,1.92154464079,7.39851654376)
  );
#5806 = CARTESIAN_POINT('',(-14.84855757524,-1.757125788405,
    7.655282519808));
#5807 = CARTESIAN_POINT('',(-12.20425396968,-7.90428827473,8.14217520695
    ));
#5808 = CARTESIAN_POINT('',(-6.886565631733,-11.83945211743,
    8.651568358027));
#5809 = CARTESIAN_POINT('',(-3.994684522662,-13.00644554929,
    8.891162901504));
#5810 = CARTESIAN_POINT('',(-0.849314972968,-13.38554994971,
    9.136260569282));
#5811 = CARTESIAN_POINT('',(2.297814502568,-12.89762031152,
    9.387314551163));
#5812 = CARTESIAN_POINT('',(5.157444628924,-11.56441592126,
    9.644857466303));
#5813 = CARTESIAN_POINT('',(9.371462189312,-7.845673087418,
    10.128779529402));
#5814 = CARTESIAN_POINT('',(11.116112081787,-2.585383852016,
    10.639173910906));
#5815 = CARTESIAN_POINT('',(11.295144474155,-2.178095506098E-02,
    10.876307051632));
#5816 = CARTESIAN_POINT('',(10.797598570777,2.541002501755,
    11.119850682528));
#5817 = CARTESIAN_POINT('',(9.62111176055,4.888350658229,11.370424197571
    ));
#5818 = CARTESIAN_POINT('',(7.850128942371,6.796126245554,
    11.628775461611));
#5819 = CARTESIAN_POINT('',(3.930306477516,9.105867352111,
    12.108081372041));
#5820 = CARTESIAN_POINT('',(-0.537951744576,9.130355747564,
    12.619293156337));
#5821 = CARTESIAN_POINT('',(-2.502375299032,8.648564232287,
    12.85254257586));
#5822 = CARTESIAN_POINT('',(-4.306039835054,7.666619906431,
    13.093375964557));
#5823 = CARTESIAN_POINT('',(-5.789729634078,6.229491671292,
    13.342665212507));
#5824 = CARTESIAN_POINT('',(-6.802297426008,4.448423911421,
    13.601493921759));
#5825 = CARTESIAN_POINT('',(-7.243052969337,2.505235259707,
    13.871244162328));
#5826 = CARTESIAN_POINT('',(-7.102139644318,0.612591298254,
    14.15382948547));
#5827 = CARTESIAN_POINT('',(18.463816613328,-0.217072858357,
    4.192752559042));
#5828 = CARTESIAN_POINT('',(18.253914804332,3.867320322433,
    4.427434872279));
#5829 = CARTESIAN_POINT('',(17.008082539028,7.899594079744,
    4.665916957973));
#5830 = CARTESIAN_POINT('',(14.72157553868,11.572076515613,
    4.908413123935));
#5831 = CARTESIAN_POINT('',(11.498750451621,14.561776522705,
    5.155161829534));
#5832 = CARTESIAN_POINT('',(7.567594909096,16.575294151533,
    5.406430273648));
#5833 = CARTESIAN_POINT('',(3.275257324843,17.413593717528,
    5.662520944738));
#5834 = CARTESIAN_POINT('',(-4.67364409882,16.700408316214,
    6.151466554808));
#5835 = CARTESIAN_POINT('',(-11.12689721495,12.123493527383,
    6.659932852583));
#5836 = CARTESIAN_POINT('',(-13.5547181508,9.231240525513,6.901210396981
    ));
#5837 = CARTESIAN_POINT('',(-15.16633747003,5.747738079406,7.14729067818
    ));
#5838 = CARTESIAN_POINT('',(-15.77765076212,1.937616699086,
    7.398516543761));
#5839 = CARTESIAN_POINT('',(-15.31102535075,-1.857309230213,
    7.655282519809));
#5840 = CARTESIAN_POINT('',(-12.57782487058,-8.202348024185,
    8.14217520695));
#5841 = CARTESIAN_POINT('',(-7.07745373853,-12.26710946889,
    8.651568358028));
#5842 = CARTESIAN_POINT('',(-4.084805828761,-13.47282369023,
    8.891162901505));
#5843 = CARTESIAN_POINT('',(-0.82770292608,-13.86376023242,
    9.136260569281));
#5844 = CARTESIAN_POINT('',(2.433784946095,-13.35646557617,
    9.387314551166));
#5845 = CARTESIAN_POINT('',(5.399745828993,-11.97150284144,
    9.644857466303));
#5846 = CARTESIAN_POINT('',(9.772917901921,-8.105450332955,
    10.128779529405));
#5847 = CARTESIAN_POINT('',(11.582024143686,-2.629295544047,
    10.639173910905));
#5848 = CARTESIAN_POINT('',(11.765680877874,4.146680991726E-02,
    10.876307051638));
#5849 = CARTESIAN_POINT('',(11.244073800907,2.71381944491,11.11985068252
    ));
#5850 = CARTESIAN_POINT('',(10.012879288023,5.164035769851,
    11.370424197579));
#5851 = CARTESIAN_POINT('',(8.158045879513,7.157222884144,
    11.628775461608));
#5852 = CARTESIAN_POINT('',(4.047254915656,9.570018535276,
    12.108081372045));
#5853 = CARTESIAN_POINT('',(-0.648221511322,9.58468928878,
    12.619293156335));
#5854 = CARTESIAN_POINT('',(-2.714705257147,9.072878245062,
    12.852542575872));
#5855 = CARTESIAN_POINT('',(-4.614322603393,8.033086949226,
    13.093375964537));
#5856 = CARTESIAN_POINT('',(-6.178578129953,6.510577248524,
    13.342665212527));
#5857 = CARTESIAN_POINT('',(-7.245980033689,4.620543713905,
    13.601493921748));
#5858 = CARTESIAN_POINT('',(-7.706214812816,2.554219124613,
    13.871244162332));
#5859 = CARTESIAN_POINT('',(-7.544827385465,0.538780311135,
    14.153829485471));
#5860 = CARTESIAN_POINT('',(18.908213689399,-0.134647985413,
    3.283284316027));
#5861 = CARTESIAN_POINT('',(18.679938859645,4.049297036023,
    3.518011456157));
#5862 = CARTESIAN_POINT('',(17.389947277712,8.17809705659,3.756541282803
    ));
#5863 = CARTESIAN_POINT('',(15.033379746827,11.936293226509,
    3.999088434384));
#5864 = CARTESIAN_POINT('',(11.717245424666,14.99252675189,4.2458917618)
  );
#5865 = CARTESIAN_POINT('',(7.675466740468,17.045566256955,
    4.497218931003));
#5866 = CARTESIAN_POINT('',(3.264570647189,17.890774862595,
    4.753373001349));
#5867 = CARTESIAN_POINT('',(-4.899608653154,17.126906902038,
    5.242447335935));
#5868 = CARTESIAN_POINT('',(-11.51687105792,12.392174584999,
    5.751064450057));
#5869 = CARTESIAN_POINT('',(-14.00259437446,9.405449039168,
    5.992417627401));
#5870 = CARTESIAN_POINT('',(-15.64649321402,5.81150774691,6.238579682283
    ));
#5871 = CARTESIAN_POINT('',(-16.2587259952,1.883007270779,6.4898943621)
  );
#5872 = CARTESIAN_POINT('',(-15.75897816394,-2.027449199239,
    6.746757323641));
#5873 = CARTESIAN_POINT('',(-12.90528896344,-8.559433153429,
    7.233847534951));
#5874 = CARTESIAN_POINT('',(-7.198823007542,-12.72639452358,
    7.743478040144));
#5875 = CARTESIAN_POINT('',(-4.097488915583,-13.95496314232,
    7.983191513307));
#5876 = CARTESIAN_POINT('',(-0.72477291985,-14.33925090901,
    8.228419305918));
#5877 = CARTESIAN_POINT('',(2.649833731241,-13.79263744787,
    8.479616507489));
#5878 = CARTESIAN_POINT('',(5.715025032035,-12.33618863598,
    8.737318224607));
#5879 = CARTESIAN_POINT('',(10.22365176163,-8.291093460644,
    9.221565123942));
#5880 = CARTESIAN_POINT('',(12.057262307621,-2.582335432457,
    9.732363670748));
#5881 = CARTESIAN_POINT('',(12.224674311489,0.198890793071,
    9.969698976229));
#5882 = CARTESIAN_POINT('',(11.656407946706,2.978649673726,
    10.213467362003));
#5883 = CARTESIAN_POINT('',(10.347788650871,5.523125805696,
    10.464292744116));
#5884 = CARTESIAN_POINT('',(8.388485808492,7.58617718551,10.722929284511
    ));
#5885 = CARTESIAN_POINT('',(4.058367732958,10.062569115228,
    11.202822543832));
#5886 = CARTESIAN_POINT('',(-0.86903189019,10.013348617417,
    11.714803150832));
#5887 = CARTESIAN_POINT('',(-3.033753762968,9.445660242167,
    11.948435818253));
#5888 = CARTESIAN_POINT('',(-5.018406462682,8.321760069768,
    12.189704875679));
#5889 = CARTESIAN_POINT('',(-6.644332354746,6.689404238561,
    12.439494922039));
#5890 = CARTESIAN_POINT('',(-7.739479721568,4.670663461633,
    12.698908877124));
#5891 = CARTESIAN_POINT('',(-8.18502968824,2.469871933741,
    12.969355728391));
#5892 = CARTESIAN_POINT('',(-7.965359734317,0.332089446634,
    13.252804216096));
#5893 = CARTESIAN_POINT('',(19.235809382554,-6.186785688735E-03,
    1.464346667342));
#5894 = CARTESIAN_POINT('',(18.978878195052,4.252105056272,
    1.699163461316));
#5895 = CARTESIAN_POINT('',(17.640484148708,8.449213236117,
    1.937788769918));
#5896 = CARTESIAN_POINT('',(15.216760342185,12.263502419319,
    2.180437892822));
#5897 = CARTESIAN_POINT('',(11.818000915317,15.357347668994,
    2.427350463919));
#5898 = CARTESIAN_POINT('',(7.683972496269,17.424132313634,
    2.678795083395));
#5899 = CARTESIAN_POINT('',(3.179516713062,18.256110275094,
    2.935075952323));
#5900 = CARTESIAN_POINT('',(-5.144616195824,17.418156625468,
    3.424407736109));
#5901 = CARTESIAN_POINT('',(-11.86408666506,12.532639133204,
    3.933326483114));
#5902 = CARTESIAN_POINT('',(-14.37932494196,9.462014282402,
    4.174830926453));
#5903 = CARTESIAN_POINT('',(-16.02967996683,5.77565996651,4.4211565288)
  );
#5904 = CARTESIAN_POINT('',(-16.62194541772,1.753648893538,
    4.672648837206));
#5905 = CARTESIAN_POINT('',(-16.075378811,-2.242192260497,4.929705769858
    ));
#5906 = CARTESIAN_POINT('',(-13.09210622559,-8.900113457245,
    5.417191029754));
#5907 = CARTESIAN_POINT('',(-7.202365104653,-13.10907964571,
    5.927296243483));
#5908 = CARTESIAN_POINT('',(-4.009926594524,-14.33483714036,
    6.167247576167));
#5909 = CARTESIAN_POINT('',(-0.545994232775,-14.69100081862,
    6.412735618616));
#5910 = CARTESIAN_POINT('',(2.911550783435,-14.09001546486,
    6.664219259749));
#5911 = CARTESIAN_POINT('',(6.041962922859,-12.55545135422,
    6.922238581023));
#5912 = CARTESIAN_POINT('',(10.622067030336,-8.33686028682,
    7.407135153247));
#5913 = CARTESIAN_POINT('',(12.423917751244,-2.433390624993,
    7.918742031172));
#5914 = CARTESIAN_POINT('',(12.553045639149,0.434484939279,
    8.156481666427));
#5915 = CARTESIAN_POINT('',(11.921611028819,3.291758348152,
    8.400699562237));
#5916 = CARTESIAN_POINT('',(10.526694774076,5.895852963823,
    8.652028678819));
#5917 = CARTESIAN_POINT('',(8.463523781178,7.991606146766,8.911235772287
    ));
#5918 = CARTESIAN_POINT('',(3.934048535222,10.466055921361,
    9.392303730141));
#5919 = CARTESIAN_POINT('',(-1.17247694168,10.301355054265,
    9.905821983529));
#5920 = CARTESIAN_POINT('',(-3.40578639679,9.659528583609,
    10.140221147235));
#5921 = CARTESIAN_POINT('',(-5.440274105043,8.439896985364,
    10.382361542688));
#5922 = CARTESIAN_POINT('',(-7.088586126695,6.694837900859,
    10.633153186488));
#5923 = CARTESIAN_POINT('',(-8.170513349411,4.555224467044,
    10.893737634004));
#5924 = CARTESIAN_POINT('',(-8.562284781896,2.239797120671,
    11.165577707549));
#5925 = CARTESIAN_POINT('',(-8.251705230505,1.119795564947E-02,
    11.450752525483));
#5926 = CARTESIAN_POINT('',(19.33431178889,0.14499561914,-0.992049760445
    ));
#5927 = CARTESIAN_POINT('',(19.043638785293,4.427238845524,
    -0.757111892842));
#5928 = CARTESIAN_POINT('',(17.664339873451,8.640151117971,
    -0.518357639992));
#5929 = CARTESIAN_POINT('',(15.194637122946,12.459514748246,
    -0.275570809249));
#5930 = CARTESIAN_POINT('',(11.748023024617,15.545658169822,
    -2.851070928581E-02));
#5931 = CARTESIAN_POINT('',(7.568464190303,17.590990170362,
    0.223092521681));
#5932 = CARTESIAN_POINT('',(3.025631770333,18.388525324386,
    0.479544626601));
#5933 = CARTESIAN_POINT('',(-5.34868705909,17.467238970388,
    0.969224084368));
#5934 = CARTESIAN_POINT('',(-12.06780883663,12.479112359154,
    1.478550173505));
#5935 = CARTESIAN_POINT('',(-14.57002756614,9.359557004254,
    1.720258895008));
#5936 = CARTESIAN_POINT('',(-16.19349607825,5.627125823986,
    1.966805361118));
#5937 = CARTESIAN_POINT('',(-16.74543366289,1.566614608334,2.21853754923
    ));
#5938 = CARTESIAN_POINT('',(-16.14754459993,-2.455264633445,
    2.475856431457));
#5939 = CARTESIAN_POINT('',(-13.05753736746,-9.131313437645,
    2.96387518734));
#5940 = CARTESIAN_POINT('',(-7.060569471883,-13.29748995839,
    3.474621474365));
#5941 = CARTESIAN_POINT('',(-3.822475164871,-14.48971824785,
    3.714894026021));
#5942 = CARTESIAN_POINT('',(-0.321156817214,-14.79881590393,
    3.960733524589));
#5943 = CARTESIAN_POINT('',(3.160579386174,-14.13927366882,4.21260398993
    ));
#5944 = CARTESIAN_POINT('',(6.297420222455,-12.53896241058,
    4.471052221848));
#5945 = CARTESIAN_POINT('',(10.85183992763,-8.199188756174,
    4.956826149139));
#5946 = CARTESIAN_POINT('',(12.561305666709,-2.198528228457,
    5.469524643193));
#5947 = CARTESIAN_POINT('',(12.63518157825,0.70407795079,5.707810308274)
  );
#5948 = CARTESIAN_POINT('',(11.936917075334,3.581895433381,
    5.952635247901));
#5949 = CARTESIAN_POINT('',(10.467469447638,6.187511859208,
    6.204644636039));
#5950 = CARTESIAN_POINT('',(8.328416178045,8.261841640984,6.464622236693
    ));
#5951 = CARTESIAN_POINT('',(3.676358530171,10.65453513778,6.947276573984
    ));
#5952 = CARTESIAN_POINT('',(-1.497592423368,10.341421805922,
    7.462871352148));
#5953 = CARTESIAN_POINT('',(-3.745156496564,9.622526435178,
    7.698305635862));
#5954 = CARTESIAN_POINT('',(-5.77326401841,8.31803320473,7.941622735511)
  );
#5955 = CARTESIAN_POINT('',(-7.389942759551,6.486335948182,
    8.193766993267));
#5956 = CARTESIAN_POINT('',(-8.411910755519,4.267161826626,
    8.455932140028));
#5957 = CARTESIAN_POINT('',(-8.716098901739,1.891477351226,
    8.729653699866));
#5958 = CARTESIAN_POINT('',(-8.298471526009,-0.365474138902,
    9.017159851921));
#5959 = CARTESIAN_POINT('',(19.13308804725,0.282254345577,
    -3.541935311968));
#5960 = CARTESIAN_POINT('',(18.811763638324,4.521896697438,
    -3.306871762741));
#5961 = CARTESIAN_POINT('',(17.411588220881,8.683757480086,
    -3.067983658091));
#5962 = CARTESIAN_POINT('',(14.933613222685,12.446020140942,
    -2.825053878432));
#5963 = CARTESIAN_POINT('',(11.493558852627,15.472549957351,
    -2.577840634722));
#5964 = CARTESIAN_POINT('',(7.336493245221,17.460301803332,
    -2.326072755604));
#5965 = CARTESIAN_POINT('',(2.831454021222,18.207456349201,
    -2.069442897539));
#5966 = CARTESIAN_POINT('',(-5.448629277681,17.214417406315,
    -1.579402533508));
#5967 = CARTESIAN_POINT('',(-12.04527923935,12.208921085426,
    -1.069653599017));
#5968 = CARTESIAN_POINT('',(-14.48732062094,9.095377788612,
    -0.827732824633));
#5969 = CARTESIAN_POINT('',(-16.05145949675,5.384584968123,
    -0.580957088803));
#5970 = CARTESIAN_POINT('',(-16.54974233515,1.3615712498,-0.328975891294
    ));
#5971 = CARTESIAN_POINT('',(-15.9090824108,-2.608560738498,
    -7.138508983321E-02));
#5972 = CARTESIAN_POINT('',(-12.76851602145,-9.169343350807,
    0.417187466608));
#5973 = CARTESIAN_POINT('',(-6.784028749136,-13.20328452231,
    0.928599225832));
#5974 = CARTESIAN_POINT('',(-3.566821989825,-14.33446975996,
    1.169205221882));
#5975 = CARTESIAN_POINT('',(-0.102406833096,-14.5866924633,
    1.415409552796));
#5976 = CARTESIAN_POINT('',(3.326950427788,-13.87948670793,
    1.667681564671));
#5977 = CARTESIAN_POINT('',(6.398413440524,-12.24599817206,
    1.926575031337));
#5978 = CARTESIAN_POINT('',(10.818325907184,-7.880248862252,
    2.413259705358));
#5979 = CARTESIAN_POINT('',(12.388214026939,-1.924971925105,
    2.927091361861));
#5980 = CARTESIAN_POINT('',(12.401601583637,0.941073965547,3.16594383837
    ));
#5981 = CARTESIAN_POINT('',(11.650267862867,3.765971825759,
    3.411398925574));
#5982 = CARTESIAN_POINT('',(10.140522935286,6.303463085507,
    3.664114476036));
#5983 = CARTESIAN_POINT('',(7.979517671648,8.297678069546,3.924891908966
    ));
#5984 = CARTESIAN_POINT('',(3.329615101237,10.53567250215,4.409193002437
    ));
#5985 = CARTESIAN_POINT('',(-1.760361304018,10.075150777279,
    4.926943336794));
#5986 = CARTESIAN_POINT('',(-3.953565119345,9.296594953844,
    5.163452136617));
#5987 = CARTESIAN_POINT('',(-5.910030675348,7.943208211173,
    5.407990725209));
#5988 = CARTESIAN_POINT('',(-7.439279737691,6.079431043904,
    5.661539076652));
#5989 = CARTESIAN_POINT('',(-8.361850137554,3.85150491569,5.92534508324)
  );
#5990 = CARTESIAN_POINT('',(-8.561922224919,1.496708573941,
    6.201019737716));
#5991 = CARTESIAN_POINT('',(-8.047046377639,-0.706466823272,
    6.490945953212));
#5992 = CARTESIAN_POINT('',(18.643599954384,0.365257522962,
    -5.488487944524));
#5993 = CARTESIAN_POINT('',(18.30371829338,4.497712113819,
    -5.253328451424));
#5994 = CARTESIAN_POINT('',(16.911495761126,8.545941514821,
    -5.014338165883));
#5995 = CARTESIAN_POINT('',(14.470875126973,12.195586510514,
    -4.771299260704));
#5996 = CARTESIAN_POINT('',(11.098068224557,15.119478178375,
    -4.523969108857));
#5997 = CARTESIAN_POINT('',(7.035377887822,17.024192920183,
    -4.27207553928));
#5998 = CARTESIAN_POINT('',(2.645108348203,17.716698901833,
    -4.015309986554));
#5999 = CARTESIAN_POINT('',(-5.401081763645,16.685211587785,
    -3.524994110928));
#6000 = CARTESIAN_POINT('',(-11.76909101251,11.765117809453,
    -3.014922381267));
#6001 = CARTESIAN_POINT('',(-14.1135494338,8.719033765496,
    -2.772839728209));
#6002 = CARTESIAN_POINT('',(-15.59762232065,5.101645291231,
    -2.525888970571));
#6003 = CARTESIAN_POINT('',(-16.04189473357,1.192990149639,
    -2.273717682219));
#6004 = CARTESIAN_POINT('',(-15.38021051451,-2.650451535411,
    -2.015919300813));
#6005 = CARTESIAN_POINT('',(-12.26771702377,-8.974841834464,
    -1.526923979541));
#6006 = CARTESIAN_POINT('',(-6.429762232446,-12.81064298495,
    -1.015004206668));
#6007 = CARTESIAN_POINT('',(-3.304071923841,-13.86618960376,
    -0.774143663093));
#6008 = CARTESIAN_POINT('',(4.837614507769E-02,-14.06612099569,
    -0.527660823455));
#6009 = CARTESIAN_POINT('',(3.351983631839,-13.33705247259,
    -0.275082275683));
#6010 = CARTESIAN_POINT('',(6.293794092342,-11.71705351863,
    -1.58489220457E-02));
#6011 = CARTESIAN_POINT('',(10.491665682488,-7.441951168906,
    0.471531005313));
#6012 = CARTESIAN_POINT('',(11.906662159479,-1.683210217086,0.9862277047
    ));
#6013 = CARTESIAN_POINT('',(11.870405542959,1.074560595698,
    1.225512878383));
#6014 = CARTESIAN_POINT('',(11.096604340701,3.776887658858,
    1.471449012837));
#6015 = CARTESIAN_POINT('',(9.597125556592,6.185225882452,1.724703639307
    ));
#6016 = CARTESIAN_POINT('',(7.482247048146,8.054226882025,1.986091654788
    ));
#6017 = CARTESIAN_POINT('',(2.977208511754,10.09683900837,2.471649862555
    ));
#6018 = CARTESIAN_POINT('',(-1.878257982435,9.531150296259,2.99104572315
    ));
#6019 = CARTESIAN_POINT('',(-3.953422681686,8.729563852299,3.22837479593
    ));
#6020 = CARTESIAN_POINT('',(-5.783236765024,7.38223533292,3.473845854814
    ));
#6021 = CARTESIAN_POINT('',(-7.18532190799,5.558001484688,3.728466074856
    ));
#6022 = CARTESIAN_POINT('',(-7.990889922291,3.40511422857,3.993524694535
    ));
#6023 = CARTESIAN_POINT('',(-8.096872373444,1.158610758867,
    4.270690318479));
#6024 = CARTESIAN_POINT('',(-7.523112959588,-0.911421285867,
    4.562463981937));
#6025 = CARTESIAN_POINT('',(17.976320839808,0.365188626429,
    -6.221326168415));
#6026 = CARTESIAN_POINT('',(17.636415159924,4.349916912929,
    -5.986130554357));
#6027 = CARTESIAN_POINT('',(16.281540677426,8.248004870798,
    -5.747101799767));
#6028 = CARTESIAN_POINT('',(13.917780522942,11.755988731875,
    -5.504021810974));
#6029 = CARTESIAN_POINT('',(10.659793067602,14.559085382655,
    -5.256647645587));
#6030 = CARTESIAN_POINT('',(6.743654292713,16.376338938894,
    -5.00470675603));
#6031 = CARTESIAN_POINT('',(2.520146166035,17.024991302684,
    -4.747890116985));
#6032 = CARTESIAN_POINT('',(-5.205093531093,16.0025070735,
    -4.257470516736));
#6033 = CARTESIAN_POINT('',(-11.29267984513,11.256444069664,
    -3.747277261139));
#6034 = CARTESIAN_POINT('',(-13.52613474474,8.326164971211,
    -3.505133663986));
#6035 = CARTESIAN_POINT('',(-14.9300580568,4.854504761965,
    -3.258117014135));
#6036 = CARTESIAN_POINT('',(-15.3352289958,1.112189686894,
    -3.005874160369));
#6037 = CARTESIAN_POINT('',(-14.68234865126,-2.55817893393,
    -2.747997629258));
#6038 = CARTESIAN_POINT('',(-11.67629560677,-8.580170924868,
    -2.258843145462));
#6039 = CARTESIAN_POINT('',(-6.090523121092,-12.20161071942,
    -1.746732115589));
#6040 = CARTESIAN_POINT('',(-3.107959708796,-13.18692215607,
    -1.505775739948));
#6041 = CARTESIAN_POINT('',(8.183523919301E-02,-13.3544064428,
    -1.259188047336));
#6042 = CARTESIAN_POINT('',(3.214769698898,-12.63799138574,
    -1.006494094913));
#6043 = CARTESIAN_POINT('',(5.993095288253,-11.07889019928,
    -0.747132780614));
#6044 = CARTESIAN_POINT('',(9.935731435863,-6.996781942323,
    -0.259491104247));
#6045 = CARTESIAN_POINT('',(11.222900824069,-1.5448348355,0.255531266524
    ));
#6046 = CARTESIAN_POINT('',(11.162967007778,1.056605579871,0.49497934206
    ));
#6047 = CARTESIAN_POINT('',(10.406656216115,3.594621409162,
    0.741096581203));
#6048 = CARTESIAN_POINT('',(8.970042398692,5.843397075811,0.994554159035
    ));
#6049 = CARTESIAN_POINT('',(6.96295904675,7.573144750336,1.256172046661)
  );
#6050 = CARTESIAN_POINT('',(2.718410465113,9.431059322278,1.742203532877
    ));
#6051 = CARTESIAN_POINT('',(-1.803722399227,8.836365254118,
    2.262218901264));
#6052 = CARTESIAN_POINT('',(-3.724380080177,8.058483046584,
    2.499856790448));
#6053 = CARTESIAN_POINT('',(-5.403031319861,6.775820864368,
    2.745678905779));
#6054 = CARTESIAN_POINT('',(-6.67035501815,5.058554625191,3.000702662974
    ));
#6055 = CARTESIAN_POINT('',(-7.372737673505,3.051433036324,
    3.266232866476));
#6056 = CARTESIAN_POINT('',(-7.422289713273,0.978496629066,
    3.543959810679));
#6057 = CARTESIAN_POINT('',(-6.848442274375,-0.908980489718,
    3.836429001429));
#6058 = CARTESIAN_POINT('',(17.314620276507,0.279085280923,
    -5.488487944523));
#6059 = CARTESIAN_POINT('',(16.993895912664,4.116101901032,
    -5.25332845142));
#6060 = CARTESIAN_POINT('',(15.696199296771,7.868922926325,
    -5.014338165889));
#6061 = CARTESIAN_POINT('',(13.428367337008,11.245443264443,
    -4.771299260691));
#6062 = CARTESIAN_POINT('',(10.301828195882,13.943286280706,
    -4.523969108868));
#6063 = CARTESIAN_POINT('',(6.544615899974,15.693366761968,
    -4.272075539273));
#6064 = CARTESIAN_POINT('',(2.494305918274,16.321818435154,
    -4.015309986555));
#6065 = CARTESIAN_POINT('',(-4.911068547758,15.354931898543,
    -3.524994110926));
#6066 = CARTESIAN_POINT('',(-10.74433370991,10.825220853486,
    -3.014922381268));
#6067 = CARTESIAN_POINT('',(-12.8844484228,8.027896811906,
    -2.772839728206));
#6068 = CARTESIAN_POINT('',(-14.2309273989,4.714726829372,
    -2.525888970573));
#6069 = CARTESIAN_POINT('',(-14.62356012446,1.145297763241,
    -2.273717682216));
#6070 = CARTESIAN_POINT('',(-14.00787901607,-2.353166189066,
    -2.015919300812));
#6071 = CARTESIAN_POINT('',(-11.1591789994,-8.090376355452,
    -1.52692397954));
#6072 = CARTESIAN_POINT('',(-5.863318956809,-11.5416082867,
    -1.015004206668));
#6073 = CARTESIAN_POINT('',(-3.036645059551,-12.48225444787,
    -0.774143663092));
#6074 = CARTESIAN_POINT('',(-1.575565882748E-02,-12.64707502406,
    -0.527660823455));
#6075 = CARTESIAN_POINT('',(2.94850357898,-11.9754704491,-0.275082275682
    ));
#6076 = CARTESIAN_POINT('',(5.574787089964,-10.50905972373,
    -1.584892204503E-02));
#6077 = CARTESIAN_POINT('',(9.300381989191,-6.671085574576,
    0.471531005314));
#6078 = CARTESIAN_POINT('',(10.524110051185,-1.552906223345,
    0.986227704701));
#6079 = CARTESIAN_POINT('',(10.474131116553,0.88687854587,1.225512878384
    ));
#6080 = CARTESIAN_POINT('',(9.771729281219,3.264068934803,1.471449012837
    ));
#6081 = CARTESIAN_POINT('',(8.434590680685,5.367155127332,1.724703639309
    ));
#6082 = CARTESIAN_POINT('',(6.568531251889,6.982705108273,1.986091654788
    ));
#6083 = CARTESIAN_POINT('',(2.630174547764,8.719512149232,2.471649862557
    ));
#6084 = CARTESIAN_POINT('',(-1.551042374679,8.182956405948,2.99104572315
    ));
#6085 = CARTESIAN_POINT('',(-3.323352642184,7.470450210672,
    3.228374795934));
#6086 = CARTESIAN_POINT('',(-4.868435397611,6.29477736805,3.473845854807
    ));
#6087 = CARTESIAN_POINT('',(-6.031448995615,4.723905333967,
    3.728466074865));
#6088 = CARTESIAN_POINT('',(-6.674301718583,2.894364206693,3.99352469453
    ));
#6089 = CARTESIAN_POINT('',(-6.722481290777,1.01325554866,4.270690318481
    ));
#6090 = CARTESIAN_POINT('',(-6.209476932775,-0.692393825105,
    4.562463981938));
#6091 = CARTESIAN_POINT('',(16.839949838449,0.133565194008,
    -3.541935311969));
#6092 = CARTESIAN_POINT('',(16.551681111885,3.863432934295,
    -3.306871762741));
#6093 = CARTESIAN_POINT('',(15.314609009064,7.515570171348,
    -3.067983658096));
#6094 = CARTESIAN_POINT('',(13.134778758977,10.80655956995,
    -2.825053878427));
#6095 = CARTESIAN_POINT('',(10.11965640435,13.443045198018,
    -2.577840634728));
#6096 = CARTESIAN_POINT('',(6.489689426863,15.163977515202,
    -2.326072755602));
#6097 = CARTESIAN_POINT('',(2.571246269507,15.800607133911,
    -2.069442897541));
#6098 = CARTESIAN_POINT('',(-4.603117456183,14.919036043764,
    -1.579402533509));
#6099 = CARTESIAN_POINT('',(-10.27707302489,10.587140363018,
    -1.069653599019));
#6100 = CARTESIAN_POINT('',(-12.3665218324,7.902829413197,
    -0.827732824633));
#6101 = CARTESIAN_POINT('',(-13.69324409513,4.716961886049,
    -0.580957088805));
#6102 = CARTESIAN_POINT('',(-14.10242328341,1.279278619334,
    -0.328975891294));
#6103 = CARTESIAN_POINT('',(-13.54114116491,-2.095598502904,
    -7.138508983435E-02));
#6104 = CARTESIAN_POINT('',(-10.85574719442,-7.643208965122,
    0.417187466608));
#6105 = CARTESIAN_POINT('',(-5.806637792676,-11.01358064399,
    0.928599225831));
#6106 = CARTESIAN_POINT('',(-3.105380200471,-11.9465065448,
    1.169205221881));
#6107 = CARTESIAN_POINT('',(-0.213065477763,-12.13814596425,
    1.415409552794));
#6108 = CARTESIAN_POINT('',(2.63075052263,-11.53009354979,1.66768156467)
  );
#6109 = CARTESIAN_POINT('',(5.157775636205,-10.16161962722,
    1.926575031336));
#6110 = CARTESIAN_POINT('',(8.762780438658,-6.550129690652,
    2.413259705357));
#6111 = CARTESIAN_POINT('',(10.002637243515,-1.700133974775,
    2.92709136186));
#6112 = CARTESIAN_POINT('',(9.99234710784,0.617230879963,3.165943838369)
  );
#6113 = CARTESIAN_POINT('',(9.364212122996,2.881109378349,3.411398925573
    ));
#6114 = CARTESIAN_POINT('',(8.134583200176,4.89189198529,3.664114476035)
  );
#6115 = CARTESIAN_POINT('',(6.402912220668,6.448780331035,3.924891908965
    ));
#6116 = CARTESIAN_POINT('',(2.730812233276,8.159111822347,4.409193002436
    ));
#6117 = CARTESIAN_POINT('',(-1.195754767779,7.748858679507,
    4.926943336793));
#6118 = CARTESIAN_POINT('',(-2.866386958637,7.124009737601,
    5.163452136614));
#6119 = CARTESIAN_POINT('',(-4.331552084605,6.066812769458,
    5.407990725212));
#6120 = CARTESIAN_POINT('',(-5.448286114892,4.640208319222,
    5.661539076647));
#6121 = CARTESIAN_POINT('',(-6.090093266152,2.970211988639,
    5.925345083241));
#6122 = CARTESIAN_POINT('',(-6.190427191575,1.245899933354,
    6.201019737714));
#6123 = CARTESIAN_POINT('',(-5.78038345142,-0.328537613811,
    6.490945953212));
#6124 = CARTESIAN_POINT('',(16.658136475477,-2.853000407519E-02,
    -0.992049760444));
#6125 = CARTESIAN_POINT('',(16.406040649981,3.658787794067,
    -0.757111892841));
#6126 = CARTESIAN_POINT('',(15.217089211537,7.276834234091,
    -0.518357639991));
#6127 = CARTESIAN_POINT('',(13.095332176431,10.546204904778,
    -0.275570809249));
#6128 = CARTESIAN_POINT('',(10.144629124975,13.177152636835,
    -2.851070928452E-02));
#6129 = CARTESIAN_POINT('',(6.580213475477,14.911096587037,
    0.223092521681));
#6130 = CARTESIAN_POINT('',(2.72195990319,15.579645149456,0.479544626602
    ));
#6131 = CARTESIAN_POINT('',(-4.361944151404,14.78844581534,
    0.969224084369));
#6132 = CARTESIAN_POINT('',(-10.00424816592,10.586435539054,
    1.478550173505));
#6133 = CARTESIAN_POINT('',(-12.09497859579,7.967809873586,
    1.720258895009));
#6134 = CARTESIAN_POINT('',(-13.44137332467,4.84798551571,1.966805361119
    ));
#6135 = CARTESIAN_POINT('',(-13.88932372361,1.470576129154,2.21853754923
    ));
#6136 = CARTESIAN_POINT('',(-13.38407143396,-1.85661913256,
    2.475856431457));
#6137 = CARTESIAN_POINT('',(-10.82526689395,-7.350259355407,
    2.963875187341));
#6138 = CARTESIAN_POINT('',(-5.919918838966,-10.74202625352,
    3.474621474366));
#6139 = CARTESIAN_POINT('',(-3.283955890062,-11.70287871886,
    3.714894026023));
#6140 = CARTESIAN_POINT('',(-0.450299461968,-11.94127348919,
    3.960733524587));
#6141 = CARTESIAN_POINT('',(2.348088890734,-11.39744679281,
    4.212603989932));
#6142 = CARTESIAN_POINT('',(4.849550987157,-10.10641718321,
    4.471052221848));
#6143 = CARTESIAN_POINT('',(8.452943944235,-6.646891525564,4.95682614914
    ));
#6144 = CARTESIAN_POINT('',(9.777251189944,-1.936134200097,
    5.469524643193));
#6145 = CARTESIAN_POINT('',(9.823494377234,0.326141345075,5.707810308275
    ));
#6146 = CARTESIAN_POINT('',(9.269007259582,2.549228920553,5.952635247901
    ));
#6147 = CARTESIAN_POINT('',(8.12646515113,4.540157278907,6.20464463604)
  );
#6148 = CARTESIAN_POINT('',(6.488460535289,6.104111040258,6.464622236693
    ));
#6149 = CARTESIAN_POINT('',(2.977533903426,7.881002780373,6.947276573985
    ));
#6150 = CARTESIAN_POINT('',(-0.838676153831,7.626554703735,
    7.462871352149));
#6151 = CARTESIAN_POINT('',(-2.476380221415,7.087040828734,
    7.698305635864));
#6152 = CARTESIAN_POINT('',(-3.931122353731,6.128211788806,7.94162273551
    ));
#6153 = CARTESIAN_POINT('',(-5.066381117238,4.806710920993,
    8.193766993269));
#6154 = CARTESIAN_POINT('',(-5.760688236967,3.238661073291,
    8.455932140027));
#6155 = CARTESIAN_POINT('',(-5.948478337153,1.59877458706,8.729653699867
    ));
#6156 = CARTESIAN_POINT('',(-5.653193825915,7.558293157679E-02,
    9.017159851921));
#6157 = CARTESIAN_POINT('',(16.775337597502,-0.165725997401,
    1.464346667342));
#6158 = CARTESIAN_POINT('',(16.553874212794,3.545592250163,
    1.699163461316));
#6159 = CARTESIAN_POINT('',(15.39048536335,7.195781627952,1.937788769918
    ));
#6160 = CARTESIAN_POINT('',(13.286662353746,10.504408064625,
    2.180437892823));
#6161 = CARTESIAN_POINT('',(10.343842839566,13.179747043441,
    2.427350463918));
#6162 = CARTESIAN_POINT('',(6.775376191611,14.960241956487,
    2.678795083395));
#6163 = CARTESIAN_POINT('',(2.900321229389,15.673629828705,
    2.935075952323));
#6164 = CARTESIAN_POINT('',(-4.237406166909,14.955278000529,
    3.424407736109));
#6165 = CARTESIAN_POINT('',(-9.966851913085,10.792514750944,
    3.933326483114));
#6166 = CARTESIAN_POINT('',(-12.10376843127,8.182443945666,
    4.174830926454));
#6167 = CARTESIAN_POINT('',(-13.49938221307,5.059319472864,
    4.421156528798));
#6168 = CARTESIAN_POINT('',(-13.99604199302,1.665351252077,
    4.672648837207));
#6169 = CARTESIAN_POINT('',(-13.53464550421,-1.691798436596,
    4.929705769857));
#6170 = CARTESIAN_POINT('',(-11.03975992035,-7.262614861756,
    5.417191029754));
#6171 = CARTESIAN_POINT('',(-6.153652531592,-10.75958994224,
    5.927296243482));
#6172 = CARTESIAN_POINT('',(-3.514812737546,-11.77262083256,
    6.167247576171));
#6173 = CARTESIAN_POINT('',(-0.664727797079,-12.06378037801,
    6.412735618611));
#6174 = CARTESIAN_POINT('',(2.164548175034,-11.56918372633,
    6.664219259752));
#6175 = CARTESIAN_POINT('',(4.710794002782,-10.31897272452,
    6.922238581021));
#6176 = CARTESIAN_POINT('',(8.41652546778,-6.909680416057,7.407135153248
    ));
#6177 = CARTESIAN_POINT('',(9.864262016512,-2.192145927716,
    7.918742031171));
#6178 = CARTESIAN_POINT('',(9.967984416955,8.701056036746E-02,
    8.15648166643));
#6179 = CARTESIAN_POINT('',(9.468738530587,2.342326221839,8.400699562234
    ));
#6180 = CARTESIAN_POINT('',(8.374378746283,4.381277500669,8.652028678821
    ));
#6181 = CARTESIAN_POINT('',(6.771871174542,6.007791694764,8.911235772286
    ));
#6182 = CARTESIAN_POINT('',(3.291550165184,7.916074208236,9.392303730142
    ));
#6183 = CARTESIAN_POINT('',(-0.566670258621,7.805310093525,
    9.905821983528));
#6184 = CARTESIAN_POINT('',(-2.239275290097,7.328406715482,
    10.14022114724));
#6185 = CARTESIAN_POINT('',(-3.74661167296,6.426578283404,
    10.382361542676));
#6186 = CARTESIAN_POINT('',(-4.952306850408,5.150593034641,
    10.633153186499));
#6187 = CARTESIAN_POINT('',(-5.732983128544,3.609622334099,
    10.893737633997));
#6188 = CARTESIAN_POINT('',(-6.017738362696,1.97068661471,
    11.165577707551));
#6189 = CARTESIAN_POINT('',(-5.819640667288,0.416705200288,
    11.450752525483));
#6190 = CARTESIAN_POINT('',(17.116779507619,-0.250806194961,
    3.283284316027));
#6191 = CARTESIAN_POINT('',(16.914328275875,3.534895205281,
    3.518011456158));
#6192 = CARTESIAN_POINT('',(15.751755465243,7.265491498152,
    3.756541282799));
#6193 = CARTESIAN_POINT('',(13.628103111822,10.655521882138,
    3.999088434389));
#6194 = CARTESIAN_POINT('',(10.643932094136,13.407047000154,
    4.245891761795));
#6195 = CARTESIAN_POINT('',(7.013930815744,15.25164306192,4.497218931006
    ));
#6196 = CARTESIAN_POINT('',(3.061292423926,16.010507926171,
    4.753373001348));
#6197 = CARTESIAN_POINT('',(-4.239082055886,15.333720334691,
    5.242447335936));
#6198 = CARTESIAN_POINT('',(-10.13552167354,11.125215005188,
    5.751064450056));
#6199 = CARTESIAN_POINT('',(-12.34579434912,8.473812247741,
    5.992417627403));
#6200 = CARTESIAN_POINT('',(-13.80421974692,5.289950517966,
    6.238579682281));
#6201 = CARTESIAN_POINT('',(-14.34684341168,1.818719025717,
    6.489894362102));
#6202 = CARTESIAN_POINT('',(-13.90910672049,-1.626715358043,
    6.746757323641));
#6203 = CARTESIAN_POINT('',(-11.41100508407,-7.36719393557,
    7.233847534951));
#6204 = CARTESIAN_POINT('',(-6.435270439429,-11.01576480203,
    7.743478040143));
#6205 = CARTESIAN_POINT('',(-3.737003624654,-12.08945023427,
    7.983191513309));
#6206 = CARTESIAN_POINT('',(-0.811221123363,-12.42640942512,
    8.228419305914));
#6207 = CARTESIAN_POINT('',(2.105951856756,-11.95725605055,
    8.479616507493));
#6208 = CARTESIAN_POINT('',(4.745820052878,-10.70784065475,
    8.737318224605));
#6209 = CARTESIAN_POINT('',(8.617828614823,-7.25198428672,9.221565123944
    ));
#6210 = CARTESIAN_POINT('',(10.193613716061,-2.406688631912,
    9.732363670745));
#6211 = CARTESIAN_POINT('',(10.342528349251,-5.410031353788E-02,
    9.969698976237));
#6212 = CARTESIAN_POINT('',(9.87050669656,2.287381773529,10.213467361991
    ));
#6213 = CARTESIAN_POINT('',(8.780718251768,4.420385155684,
    10.464292744126));
#6214 = CARTESIAN_POINT('',(7.156817832605,6.141790364571,
    10.722929284507));
#6215 = CARTESIAN_POINT('',(3.590573894062,8.205964039909,
    11.202822543837));
#6216 = CARTESIAN_POINT('',(-0.427952741801,8.196014117142,
    11.714803150828));
#6217 = CARTESIAN_POINT('',(-2.184433773751,7.748403877829,
    11.948435818269));
#6218 = CARTESIAN_POINT('',(-3.785275161736,6.85589162802,
    12.189704875653));
#6219 = CARTESIAN_POINT('',(-5.088938084181,5.56506172215,
    12.439494922064));
#6220 = CARTESIAN_POINT('',(-5.964748963298,3.982184124612,
    12.69890887711));
#6221 = CARTESIAN_POINT('',(-6.332381972395,2.273936437963,
    12.969355728395));
#6222 = CARTESIAN_POINT('',(-6.194608442914,0.6273334496,13.252804216096
    ));
#6223 = CARTESIAN_POINT('',(17.568099687754,-0.275151952412,
    4.192752559042));
#6224 = CARTESIAN_POINT('',(17.371109675384,3.610119454542,
    4.427434872279));
#6225 = CARTESIAN_POINT('',(16.188986783954,7.44329138471,4.665916957973
    ));
#6226 = CARTESIAN_POINT('',(14.018937350878,10.93169096167,
    4.908413123935));
#6227 = CARTESIAN_POINT('',(10.962093885385,13.769036793099,
    5.155161829534));
#6228 = CARTESIAN_POINT('',(7.23682700779,15.678332719588,5.406430273647
    ));
#6229 = CARTESIAN_POINT('',(3.173618231968,16.473460422822,
    5.662520944739));
#6230 = CARTESIAN_POINT('',(-4.343380861139,15.803815198024,
    6.151466554808));
#6231 = CARTESIAN_POINT('',(-10.43622265024,11.49001385439,
    6.659932852584));
#6232 = CARTESIAN_POINT('',(-12.72631829102,8.765422215782,6.90121039698
    ));
#6233 = CARTESIAN_POINT('',(-14.24520090649,5.486959513053,
    7.147290678181));
#6234 = CARTESIAN_POINT('',(-14.8217096468,1.905472582495,7.398516543761
    ));
#6235 = CARTESIAN_POINT('',(-14.38608979974,-1.656942346597,
    7.655282519809));
#6236 = CARTESIAN_POINT('',(-11.83068306878,-7.606228525275,
    8.142175206951));
#6237 = CARTESIAN_POINT('',(-6.695677524936,-11.41179476598,
    8.651568358027));
#6238 = CARTESIAN_POINT('',(-3.904563216561,-12.54006740835,
    8.891162901506));
#6239 = CARTESIAN_POINT('',(-0.87092701986,-12.907339667,9.13626056928)
  );
#6240 = CARTESIAN_POINT('',(2.161844059043,-12.43877504688,
    9.387314551166));
#6241 = CARTESIAN_POINT('',(4.915143428854,-11.15732900109,
    9.644857466303));
#6242 = CARTESIAN_POINT('',(8.970006476705,-7.585895841883,
    10.128779529404));
#6243 = CARTESIAN_POINT('',(10.650200019887,-2.541472159984,
    10.639173910905));
#6244 = CARTESIAN_POINT('',(10.824608070439,-8.502872004154E-02,
    10.876307051637));
#6245 = CARTESIAN_POINT('',(10.351123340644,2.368185558603,
    11.119850682521));
#6246 = CARTESIAN_POINT('',(9.229344233079,4.612665546606,
    11.370424197577));
#6247 = CARTESIAN_POINT('',(7.54221200523,6.435029606965,11.628775461609
    ));
#6248 = CARTESIAN_POINT('',(3.813358039376,8.641716168945,
    12.108081372044));
#6249 = CARTESIAN_POINT('',(-0.42768197783,8.676022206349,
    12.619293156336));
#6250 = CARTESIAN_POINT('',(-2.290045340917,8.224250219514,
    12.852542575867));
#6251 = CARTESIAN_POINT('',(-3.997757066713,7.300152863632,
    13.093375964548));
#6252 = CARTESIAN_POINT('',(-5.400881138205,5.948406094066,
    13.342665212516));
#6253 = CARTESIAN_POINT('',(-6.358614818327,4.276304108933,
    13.601493921755));
#6254 = CARTESIAN_POINT('',(-6.779891125858,2.456251394804,
    13.87124416233));
#6255 = CARTESIAN_POINT('',(-6.659451903171,0.686402285373,
    14.153829485471));
#6256 = CARTESIAN_POINT('',(18.015958150541,-0.246112405384,
    4.192752559041));
#6257 = CARTESIAN_POINT('',(17.812512239864,3.738719888488,
    4.427434872279));
#6258 = CARTESIAN_POINT('',(16.598534661474,7.671442732225,
    4.665916957972));
#6259 = CARTESIAN_POINT('',(14.370256444804,11.251883738643,
    4.908413123934));
#6260 = CARTESIAN_POINT('',(11.230422168481,14.165406657901,
    5.155161829533));
#6261 = CARTESIAN_POINT('',(7.402210958454,16.126813435561,
    5.406430273647));
#6262 = CARTESIAN_POINT('',(3.224437778403,16.943527070175,
    5.662520944737));
#6263 = CARTESIAN_POINT('',(-4.508512479977,16.252111757119,
    6.151466554808));
#6264 = CARTESIAN_POINT('',(-10.78155993259,11.806753690886,
    6.659932852582));
#6265 = CARTESIAN_POINT('',(-13.1405182209,8.998331370648,6.901210396982
    ));
#6266 = CARTESIAN_POINT('',(-14.70576918827,5.617348796229,
    7.147290678176));
#6267 = CARTESIAN_POINT('',(-15.29968020446,1.921544640791,
    7.398516543763));
#6268 = CARTESIAN_POINT('',(-14.84855757524,-1.757125788405,
    7.655282519807));
#6269 = CARTESIAN_POINT('',(-12.20425396968,-7.90428827473,
    8.142175206951));
#6270 = CARTESIAN_POINT('',(-6.886565631733,-11.83945211743,
    8.651568358026));
#6271 = CARTESIAN_POINT('',(-3.994684522661,-13.00644554929,
    8.891162901507));
#6272 = CARTESIAN_POINT('',(-0.849314972969,-13.38554994971,
    9.136260569278));
#6273 = CARTESIAN_POINT('',(2.297814502568,-12.89762031152,
    9.387314551166));
#6274 = CARTESIAN_POINT('',(5.157444628924,-11.56441592126,
    9.644857466302));
#6275 = CARTESIAN_POINT('',(9.371462189312,-7.845673087418,
    10.128779529403));
#6276 = CARTESIAN_POINT('',(11.116112081787,-2.585383852015,
    10.639173910905));
#6277 = CARTESIAN_POINT('',(11.295144474156,-2.178095506152E-02,
    10.876307051633));
#6278 = CARTESIAN_POINT('',(10.797598570775,2.541002501756,
    11.119850682526));
#6279 = CARTESIAN_POINT('',(9.621111760552,4.888350658229,
    11.370424197571));
#6280 = CARTESIAN_POINT('',(7.850128942371,6.796126245554,
    11.628775461611));
#6281 = CARTESIAN_POINT('',(3.930306477516,9.105867352111,
    12.108081372041));
#6282 = CARTESIAN_POINT('',(-0.537951744576,9.130355747564,
    12.619293156337));
#6283 = CARTESIAN_POINT('',(-2.502375299032,8.648564232289,
    12.852542575859));
#6284 = CARTESIAN_POINT('',(-4.306039835052,7.666619906426,
    13.093375964558));
#6285 = CARTESIAN_POINT('',(-5.78972963408,6.229491671297,
    13.342665212506));
#6286 = CARTESIAN_POINT('',(-6.802297426007,4.448423911417,
    13.601493921759));
#6287 = CARTESIAN_POINT('',(-7.243052969337,2.505235259708,
    13.871244162328));
#6288 = CARTESIAN_POINT('',(-7.102139644318,0.612591298254,
    14.15382948547));
#6289 = DEFINITIONAL_REPRESENTATION('',(#6290),#6294);
#6290 = LINE('',#6291,#6292);
#6291 = CARTESIAN_POINT('',(0.,0.));
#6292 = VECTOR('',#6293,1.);
#6293 = DIRECTION('',(1.,0.));
#6294 = ( GEOMETRIC_REPRESENTATION_CONTEXT(2) 
PARAMETRIC_REPRESENTATION_CONTEXT() REPRESENTATION_CONTEXT('2D SPACE',''
  ) );
#6295 = PCURVE('',#6296,#6301);
#6296 = PLANE('',#6297);
#6297 = AXIS2_PLACEMENT_3D('',#6298,#6299,#6300);
#6298 = CARTESIAN_POINT('',(18.015958150541,-0.246112405384,
    4.192752559041));
#6299 = DIRECTION('',(6.459337059143E-02,-0.996182469101,
    -5.872124599221E-02));
#6300 = DIRECTION('',(-3.799559652596E-03,5.859819175814E-02,
    -0.998274418819));
#6301 = DEFINITIONAL_REPRESENTATION('',(#6302),#6318);
#6302 = B_SPLINE_CURVE_WITH_KNOTS('',14,(#6303,#6304,#6305,#6306,#6307,
    #6308,#6309,#6310,#6311,#6312,#6313,#6314,#6315,#6316,#6317),
  .UNSPECIFIED.,.F.,.F.,(15,15),(0.,1.),.PIECEWISE_BEZIER_KNOTS.);
#6303 = CARTESIAN_POINT('',(0.,0.));
#6304 = CARTESIAN_POINT('',(-6.821210263297E-13,0.448798950513));
#6305 = CARTESIAN_POINT('',(0.91104031704,0.897598066687));
#6306 = CARTESIAN_POINT('',(2.733122115787,1.232819346574));
#6307 = CARTESIAN_POINT('',(5.193764581905,1.340897595825));
#6308 = CARTESIAN_POINT('',(7.748057773691,1.148976861012));
#6309 = CARTESIAN_POINT('',(9.697975146969,0.665885245262));
#6310 = CARTESIAN_POINT('',(10.432080128602,1.619682166165E-11));
#6311 = CARTESIAN_POINT('',(9.697975146968,-0.665885245291));
#6312 = CARTESIAN_POINT('',(7.748057773691,-1.148976860989));
#6313 = CARTESIAN_POINT('',(5.193764581905,-1.340897595839));
#6314 = CARTESIAN_POINT('',(2.733122115787,-1.232819346567));
#6315 = CARTESIAN_POINT('',(0.91104031704,-0.89759806669));
#6316 = CARTESIAN_POINT('',(-7.025491299828E-13,-0.448798950513));
#6317 = CARTESIAN_POINT('',(3.552713678801E-15,0.));
#6318 = ( GEOMETRIC_REPRESENTATION_CONTEXT(2) 
PARAMETRIC_REPRESENTATION_CONTEXT() REPRESENTATION_CONTEXT('2D SPACE',''
  ) );
#6319 = ORIENTED_EDGE('',*,*,#6320,.T.);
#6320 = EDGE_CURVE('',#5773,#6321,#6323,.T.);
#6321 = VERTEX_POINT('',#6322);
#6322 = CARTESIAN_POINT('',(-7.102139644318,0.612591298254,
    14.15382948547));
#6323 = SEAM_CURVE('',#6324,(#6358,#6365),.PCURVE_S1.);
#6324 = ( BOUNDED_CURVE() B_SPLINE_CURVE(8,(#6325,#6326,#6327,#6328,
    #6329,#6330,#6331,#6332,#6333,#6334,#6335,#6336,#6337,#6338,#6339,
    #6340,#6341,#6342,#6343,#6344,#6345,#6346,#6347,#6348,#6349,#6350,
    #6351,#6352,#6353,#6354,#6355,#6356,#6357),.UNSPECIFIED.,.F.,.F.) 
B_SPLINE_CURVE_WITH_KNOTS((9,6,6,6,6,9),(0.,0.268811550169,
    0.503079828608,0.702898708826,0.868430874727,1.),.UNSPECIFIED.) 
CURVE() GEOMETRIC_REPRESENTATION_ITEM() RATIONAL_B_SPLINE_CURVE((1.,
    1.000000000001,0.999999999998,1.000000000002,0.999999999998,
    1.000000000001,1.,1.,1.,1.,1.,1.,1.,1.,1.,1.,1.,1.,1.,1.,1.,1.,1.,1.
,1.,1.,1.,1.,1.,1.,1.,1.,1.)) REPRESENTATION_ITEM('') );
#6325 = CARTESIAN_POINT('',(18.015958150541,-0.246112405384,
    4.192752559041));
#6326 = CARTESIAN_POINT('',(17.812512239857,3.738719888483,
    4.427434872279));
#6327 = CARTESIAN_POINT('',(16.598534661494,7.671442732242,4.66591695797
    ));
#6328 = CARTESIAN_POINT('',(14.370256444774,11.251883738617,
    4.908413123937));
#6329 = CARTESIAN_POINT('',(11.230422168508,14.165406657925,
    5.15516182953));
#6330 = CARTESIAN_POINT('',(7.40221095844,16.126813435548,5.406430273649
    ));
#6331 = CARTESIAN_POINT('',(3.224437778406,16.943527070177,
    5.662520944737));
#6332 = CARTESIAN_POINT('',(-4.508512479979,16.252111757117,
    6.151466554808));
#6333 = CARTESIAN_POINT('',(-10.78155993259,11.806753690887,
    6.659932852582));
#6334 = CARTESIAN_POINT('',(-13.14051822091,8.998331370645,6.90121039698
    ));
#6335 = CARTESIAN_POINT('',(-14.70576918826,5.617348796231,7.14729067818
    ));
#6336 = CARTESIAN_POINT('',(-15.29968020446,1.92154464079,7.39851654376)
  );
#6337 = CARTESIAN_POINT('',(-14.84855757524,-1.757125788405,
    7.655282519808));
#6338 = CARTESIAN_POINT('',(-12.20425396968,-7.90428827473,8.14217520695
    ));
#6339 = CARTESIAN_POINT('',(-6.886565631733,-11.83945211743,
    8.651568358027));
#6340 = CARTESIAN_POINT('',(-3.994684522662,-13.00644554929,
    8.891162901504));
#6341 = CARTESIAN_POINT('',(-0.849314972968,-13.38554994971,
    9.136260569282));
#6342 = CARTESIAN_POINT('',(2.297814502568,-12.89762031152,
    9.387314551163));
#6343 = CARTESIAN_POINT('',(5.157444628924,-11.56441592126,
    9.644857466303));
#6344 = CARTESIAN_POINT('',(9.371462189312,-7.845673087418,
    10.128779529402));
#6345 = CARTESIAN_POINT('',(11.116112081787,-2.585383852016,
    10.639173910906));
#6346 = CARTESIAN_POINT('',(11.295144474155,-2.178095506098E-02,
    10.876307051632));
#6347 = CARTESIAN_POINT('',(10.797598570777,2.541002501755,
    11.119850682528));
#6348 = CARTESIAN_POINT('',(9.62111176055,4.888350658229,11.370424197571
    ));
#6349 = CARTESIAN_POINT('',(7.850128942371,6.796126245554,
    11.628775461611));
#6350 = CARTESIAN_POINT('',(3.930306477516,9.105867352111,
    12.108081372041));
#6351 = CARTESIAN_POINT('',(-0.537951744576,9.130355747564,
    12.619293156337));
#6352 = CARTESIAN_POINT('',(-2.502375299032,8.648564232287,
    12.85254257586));
#6353 = CARTESIAN_POINT('',(-4.306039835054,7.666619906431,
    13.093375964557));
#6354 = CARTESIAN_POINT('',(-5.789729634078,6.229491671292,
    13.342665212507));
#6355 = CARTESIAN_POINT('',(-6.802297426008,4.448423911421,
    13.601493921759));
#6356 = CARTESIAN_POINT('',(-7.243052969337,2.505235259707,
    13.871244162328));
#6357 = CARTESIAN_POINT('',(-7.102139644318,0.612591298254,
    14.15382948547));
#6358 = PCURVE('',#5793,#6359);
#6359 = DEFINITIONAL_REPRESENTATION('',(#6360),#6364);
#6360 = LINE('',#6361,#6362);
#6361 = CARTESIAN_POINT('',(1.,0.));
#6362 = VECTOR('',#6363,1.);
#6363 = DIRECTION('',(0.,1.));
#6364 = ( GEOMETRIC_REPRESENTATION_CONTEXT(2) 
PARAMETRIC_REPRESENTATION_CONTEXT() REPRESENTATION_CONTEXT('2D SPACE',''
  ) );
#6365 = PCURVE('',#5793,#6366);
#6366 = DEFINITIONAL_REPRESENTATION('',(#6367),#6371);
#6367 = LINE('',#6368,#6369);
#6368 = CARTESIAN_POINT('',(0.,0.));
#6369 = VECTOR('',#6370,1.);
#6370 = DIRECTION('',(0.,1.));
#6371 = ( GEOMETRIC_REPRESENTATION_CONTEXT(2) 
PARAMETRIC_REPRESENTATION_CONTEXT() REPRESENTATION_CONTEXT('2D SPACE',''
  ) );
#6372 = ORIENTED_EDGE('',*,*,#6373,.F.);
#6373 = EDGE_CURVE('',#6321,#6321,#6374,.T.);
#6374 = SURFACE_CURVE('',#6375,(#6391,#6398),.PCURVE_S1.);
#6375 = B_SPLINE_CURVE_WITH_KNOTS('',14,(#6376,#6377,#6378,#6379,#6380,
    #6381,#6382,#6383,#6384,#6385,#6386,#6387,#6388,#6389,#6390),
  .UNSPECIFIED.,.T.,.F.,(15,15),(0.,1.),.PIECEWISE_BEZIER_KNOTS.);
#6376 = CARTESIAN_POINT('',(-7.102139644318,0.612591298254,
    14.15382948547));
#6377 = CARTESIAN_POINT('',(-7.544827385465,0.538780311135,
    14.153829485471));
#6378 = CARTESIAN_POINT('',(-7.965359734317,0.332089446634,
    13.252804216096));
#6379 = CARTESIAN_POINT('',(-8.251705230505,1.119795564947E-02,
    11.450752525483));
#6380 = CARTESIAN_POINT('',(-8.298471526009,-0.365474138902,
    9.017159851921));
#6381 = CARTESIAN_POINT('',(-8.047046377639,-0.706466823272,
    6.490945953212));
#6382 = CARTESIAN_POINT('',(-7.523112959588,-0.911421285867,
    4.562463981937));
#6383 = CARTESIAN_POINT('',(-6.848442274375,-0.908980489718,
    3.836429001429));
#6384 = CARTESIAN_POINT('',(-6.209476932775,-0.692393825105,
    4.562463981938));
#6385 = CARTESIAN_POINT('',(-5.78038345142,-0.328537613811,
    6.490945953212));
#6386 = CARTESIAN_POINT('',(-5.653193825915,7.558293157679E-02,
    9.017159851921));
#6387 = CARTESIAN_POINT('',(-5.819640667288,0.416705200288,
    11.450752525483));
#6388 = CARTESIAN_POINT('',(-6.194608442914,0.6273334496,13.252804216096
    ));
#6389 = CARTESIAN_POINT('',(-6.659451903171,0.686402285373,
    14.153829485471));
#6390 = CARTESIAN_POINT('',(-7.102139644318,0.612591298254,
    14.15382948547));
#6391 = PCURVE('',#5793,#6392);
#6392 = DEFINITIONAL_REPRESENTATION('',(#6393),#6397);
#6393 = LINE('',#6394,#6395);
#6394 = CARTESIAN_POINT('',(0.,1.));
#6395 = VECTOR('',#6396,1.);
#6396 = DIRECTION('',(1.,0.));
#6397 = ( GEOMETRIC_REPRESENTATION_CONTEXT(2) 
PARAMETRIC_REPRESENTATION_CONTEXT() REPRESENTATION_CONTEXT('2D SPACE',''
  ) );
#6398 = PCURVE('',#6399,#6404);
#6399 = PLANE('',#6400);
#6400 = AXIS2_PLACEMENT_3D('',#6401,#6402,#6403);
#6401 = CARTESIAN_POINT('',(-7.102139644318,0.612591298254,
    14.15382948547));
#6402 = DIRECTION('',(-0.162655425901,0.975539901145,-0.147868569001));
#6403 = DIRECTION('',(2.431896293275E-02,-0.145855071013,-0.98900702035)
  );
#6404 = DEFINITIONAL_REPRESENTATION('',(#6405),#6421);
#6405 = B_SPLINE_CURVE_WITH_KNOTS('',14,(#6406,#6407,#6408,#6409,#6410,
    #6411,#6412,#6413,#6414,#6415,#6416,#6417,#6418,#6419,#6420),
  .UNSPECIFIED.,.F.,.F.,(15,15),(0.,1.),.PIECEWISE_BEZIER_KNOTS.);
#6406 = CARTESIAN_POINT('',(0.,0.));
#6407 = CARTESIAN_POINT('',(-6.821210263297E-13,0.448798950513));
#6408 = CARTESIAN_POINT('',(0.91104031704,0.897598066687));
#6409 = CARTESIAN_POINT('',(2.733122115787,1.232819346574));
#6410 = CARTESIAN_POINT('',(5.193764581905,1.340897595825));
#6411 = CARTESIAN_POINT('',(7.748057773691,1.148976861012));
#6412 = CARTESIAN_POINT('',(9.697975146969,0.665885245262));
#6413 = CARTESIAN_POINT('',(10.432080128602,1.619326894797E-11));
#6414 = CARTESIAN_POINT('',(9.697975146968,-0.665885245291));
#6415 = CARTESIAN_POINT('',(7.748057773691,-1.148976860989));
#6416 = CARTESIAN_POINT('',(5.193764581905,-1.340897595839));
#6417 = CARTESIAN_POINT('',(2.733122115787,-1.232819346567));
#6418 = CARTESIAN_POINT('',(0.91104031704,-0.89759806669));
#6419 = CARTESIAN_POINT('',(-7.052136652419E-13,-0.448798950513));
#6420 = CARTESIAN_POINT('',(3.552713678801E-15,8.881784197001E-16));
#6421 = ( GEOMETRIC_REPRESENTATION_CONTEXT(2) 
PARAMETRIC_REPRESENTATION_CONTEXT() REPRESENTATION_CONTEXT('2D SPACE',''
  ) );
#6422 = ORIENTED_EDGE('',*,*,#6320,.F.);
#6423 = ADVANCED_FACE('',(#6424),#6296,.T.);
#6424 = FACE_BOUND('',#6425,.T.);
#6425 = EDGE_LOOP('',(#6426));
#6426 = ORIENTED_EDGE('',*,*,#5772,.F.);
#6427 = ADVANCED_FACE('',(#6428),#6399,.F.);
#6428 = FACE_BOUND('',#6429,.T.);
#6429 = EDGE_LOOP('',(#6430));
#6430 = ORIENTED_EDGE('',*,*,#6373,.T.);
#6431 = ( GEOMETRIC_REPRESENTATION_CONTEXT(3) 
GLOBAL_UNCERTAINTY_ASSIGNED_CONTEXT((#6435)) 
GLOBAL_UNIT_ASSIGNED_CONTEXT((#6432,#6433,#6434)) REPRESENTATION_CONTEXT
('Context #1','3D Context with UNIT and UNCERTAINTY') );
#6432 = ( LENGTH_UNIT() NAMED_UNIT(*) SI_UNIT(.MILLI.,.METRE.) );
#6433 = ( NAMED_UNIT(*) PLANE_ANGLE_UNIT() SI_UNIT($,.RADIAN.) );
#6434 = ( NAMED_UNIT(*) SI_UNIT($,.STERADIAN.) SOLID_ANGLE_UNIT() );
#6435 = UNCERTAINTY_MEASURE_WITH_UNIT(LENGTH_MEASURE(1.E-07),#6432,
  'distance_accuracy_value','confusion accuracy');
#6436 = CONTEXT_DEPENDENT_SHAPE_REPRESENTATION(#6437,#6439);
#6437 = ( REPRESENTATION_RELATIONSHIP('','',#5765,#10) 
REPRESENTATION_RELATIONSHIP_WITH_TRANSFORMATION(#6438) 
SHAPE_REPRESENTATION_RELATIONSHIP() );
#6438 = ITEM_DEFINED_TRANSFORMATION('','',#11,#39);
#6439 = PRODUCT_DEFINITION_SHAPE('Placement','Placement of an item',
  #6440);
#6440 = NEXT_ASSEMBLY_USAGE_OCCURRENCE('7','leek_curl','',#5,#5760,$);
#6441 = PRODUCT_RELATED_PRODUCT_CATEGORY('part',$,(#5762));
#6442 = SHAPE_DEFINITION_REPRESENTATION(#6443,#6449);
#6443 = PRODUCT_DEFINITION_SHAPE('','',#6444);
#6444 = PRODUCT_DEFINITION('design','',#6445,#6448);
#6445 = PRODUCT_DEFINITION_FORMATION('','',#6446);
#6446 = PRODUCT('tomato_1','tomato_1','',(#6447));
#6447 = PRODUCT_CONTEXT('',#2,'mechanical');
#6448 = PRODUCT_DEFINITION_CONTEXT('part definition',#2,'design');
#6449 = ADVANCED_BREP_SHAPE_REPRESENTATION('',(#11,#6450),#7281);
#6450 = MANIFOLD_SOLID_BREP('',#6451);
#6451 = CLOSED_SHELL('',(#6452,#7269,#7273,#7277));
#6452 = ADVANCED_FACE('',(#6453,#6675),#6470,.T.);
#6453 = FACE_BOUND('',#6454,.T.);
#6454 = EDGE_LOOP('',(#6455,#6574,#6624,#6625));
#6455 = ORIENTED_EDGE('',*,*,#6456,.F.);
#6456 = EDGE_CURVE('',#6457,#6459,#6461,.T.);
#6457 = VERTEX_POINT('',#6458);
#6458 = CARTESIAN_POINT('',(7.549516567451E-16,3.4,-7.549516567451E-16)
  );
#6459 = VERTEX_POINT('',#6460);
#6460 = CARTESIAN_POINT('',(22.,3.6,-7.993605777301E-16));
#6461 = SEAM_CURVE('',#6462,(#6469,#6567),.PCURVE_S1.);
#6462 = ( BOUNDED_CURVE() B_SPLINE_CURVE(5,(#6463,#6464,#6465,#6466,
#6467,#6468),.UNSPECIFIED.,.F.,.F.) B_SPLINE_CURVE_WITH_KNOTS((6,6),(0.,
1.),.PIECEWISE_BEZIER_KNOTS.) CURVE() GEOMETRIC_REPRESENTATION_ITEM() 
RATIONAL_B_SPLINE_CURVE((1.,1.,1.,1.,1.,1.)) REPRESENTATION_ITEM('') );
#6463 = CARTESIAN_POINT('',(7.549516567451E-16,3.4,-3.811252508017E-15)
  );
#6464 = CARTESIAN_POINT('',(2.83380901439,9.557551266004,
    -8.833976105392E-14));
#6465 = CARTESIAN_POINT('',(2.960924049585,9.759371567164,
    1.582104912217E-13));
#6466 = CARTESIAN_POINT('',(19.487369522991,18.818910297535,
    -1.940598267481E-13));
#6467 = CARTESIAN_POINT('',(18.160423570328,5.811677051277,
    8.510714319776E-14));
#6468 = CARTESIAN_POINT('',(22.,3.6,-2.052987449942E-15));
#6469 = PCURVE('',#6470,#6561);
#6470 = ( BOUNDED_SURFACE() B_SPLINE_SURFACE(14,5,(
    (#6471,#6472,#6473,#6474,#6475,#6476)
    ,(#6477,#6478,#6479,#6480,#6481,#6482)
    ,(#6483,#6484,#6485,#6486,#6487,#6488)
    ,(#6489,#6490,#6491,#6492,#6493,#6494)
    ,(#6495,#6496,#6497,#6498,#6499,#6500)
    ,(#6501,#6502,#6503,#6504,#6505,#6506)
    ,(#6507,#6508,#6509,#6510,#6511,#6512)
    ,(#6513,#6514,#6515,#6516,#6517,#6518)
    ,(#6519,#6520,#6521,#6522,#6523,#6524)
    ,(#6525,#6526,#6527,#6528,#6529,#6530)
    ,(#6531,#6532,#6533,#6534,#6535,#6536)
    ,(#6537,#6538,#6539,#6540,#6541,#6542)
    ,(#6543,#6544,#6545,#6546,#6547,#6548)
    ,(#6549,#6550,#6551,#6552,#6553,#6554)
    ,(#6555,#6556,#6557,#6558,#6559,#6560
)),.UNSPECIFIED.,.T.,.F.,.F.) B_SPLINE_SURFACE_WITH_KNOTS((15,15),(6,6),
  (0.,1.),(0.,1.),.PIECEWISE_BEZIER_KNOTS.) 
GEOMETRIC_REPRESENTATION_ITEM() RATIONAL_B_SPLINE_SURFACE((
    (1.,1.,1.,1.,1.,1.)
    ,(1.,1.,1.,1.,1.,1.)
    ,(1.,1.,1.,1.,1.,1.)
    ,(1.,1.,1.,1.,1.,1.)
    ,(1.,1.,1.,1.,1.,1.)
    ,(1.,1.,1.,1.,1.,1.)
    ,(1.,1.,1.,1.,1.,1.)
    ,(1.,1.,1.,1.,1.,1.)
    ,(1.,1.,1.,1.,1.,1.)
    ,(1.,1.,1.,1.,1.,1.)
    ,(1.,1.,1.,1.,1.,1.)
    ,(1.,1.,1.,1.,1.,1.)
    ,(1.,1.,1.,1.,1.,1.)
    ,(1.,1.,1.,1.,1.,1.)
,(1.,1.,1.,1.,1.,1.))) REPRESENTATION_ITEM('') SURFACE() );
#6471 = CARTESIAN_POINT('',(7.549516567451E-16,3.4,-3.811252508017E-15)
  );
#6472 = CARTESIAN_POINT('',(2.83380901439,9.557551266004,
    -8.833976105392E-14));
#6473 = CARTESIAN_POINT('',(2.960924049585,9.759371567164,
    1.582104912217E-13));
#6474 = CARTESIAN_POINT('',(19.487369522991,18.818910297535,
    -1.940598267481E-13));
#6475 = CARTESIAN_POINT('',(18.160423570328,5.811677051277,
    8.510714319776E-14));
#6476 = CARTESIAN_POINT('',(22.,3.6,-2.052987449942E-15));
#6477 = CARTESIAN_POINT('',(7.549516567451E-16,3.4,1.346396851538));
#6478 = CARTESIAN_POINT('',(2.83380901439,9.557551266005,3.782931366702)
  );
#6479 = CARTESIAN_POINT('',(2.960924049585,9.759371567172,3.775533346099
    ));
#6480 = CARTESIAN_POINT('',(19.487369522991,18.818910297527,
    7.864617508835));
#6481 = CARTESIAN_POINT('',(18.160423570328,5.811677051284,
    2.065034803092));
#6482 = CARTESIAN_POINT('',(22.,3.6,1.436156641641));
#6483 = CARTESIAN_POINT('',(5.911908857511E-16,2.662487052773,
    2.692794200068));
#6484 = CARTESIAN_POINT('',(2.83380901439,7.484384752205,7.565864129767)
  );
#6485 = CARTESIAN_POINT('',(2.960924049585,7.64242279964,7.551068085823)
  );
#6486 = CARTESIAN_POINT('',(19.487369522991,14.736815916613,
    15.72923792066));
#6487 = CARTESIAN_POINT('',(18.160423570328,4.551045415988,
    4.130070368438));
#6488 = CARTESIAN_POINT('',(22.,2.819103938231,2.872313813406));
#6489 = CARTESIAN_POINT('',(2.636782807585E-16,1.187501406969,
    3.698458039705));
#6490 = CARTESIAN_POINT('',(2.83380901439,3.338012937277,10.391448042141
    ));
#6491 = CARTESIAN_POINT('',(2.960924049585,3.408531741379,
    10.371126196688));
#6492 = CARTESIAN_POINT('',(19.487369522991,6.572646688969,
    21.603554569826));
#6493 = CARTESIAN_POINT('',(18.160423570328,2.029734735824,
    5.672506260732));
#6494 = CARTESIAN_POINT('',(22.,1.257354430909,3.94502190902));
#6495 = CARTESIAN_POINT('',(-1.786522751697E-16,-0.804578319883,
    4.022692787505));
#6496 = CARTESIAN_POINT('',(2.83380901439,-2.261328395015,
    11.302440812305));
#6497 = CARTESIAN_POINT('',(2.960924049585,-2.309193696473,
    11.280337400364));
#6498 = CARTESIAN_POINT('',(19.487369522991,-4.452815366361,
    23.497485227236));
#6499 = CARTESIAN_POINT('',(18.160423570328,-1.374990817254,
    6.16980097571));
#6500 = CARTESIAN_POINT('',(22.,-0.851906456347,4.290872306671));
#6501 = CARTESIAN_POINT('',(-6.377128996683E-16,-2.872003577316,
    3.446930582992));
#6502 = CARTESIAN_POINT('',(2.83380901439,-8.074191677835,9.684738794806
    ));
#6503 = CARTESIAN_POINT('',(2.960924049585,-8.244427468303,
    9.665799012525));
#6504 = CARTESIAN_POINT('',(19.487369522991,-15.89761695815,
    20.134324128918));
#6505 = CARTESIAN_POINT('',(18.160423570328,-4.909823119168,
    5.28672627956));
#6506 = CARTESIAN_POINT('',(22.,-3.040944964217,3.676725955192));
#6507 = CARTESIAN_POINT('',(-9.883464331726E-16,-4.451116628149,
    1.997655735837));
#6508 = CARTESIAN_POINT('',(2.83380901439,-12.51090432639,5.61275416999)
  );
#6509 = CARTESIAN_POINT('',(2.960924049585,-12.77550792831,
    5.601777689582));
#6510 = CARTESIAN_POINT('',(19.487369522991,-24.63496361086,
    11.668772292778));
#6511 = CARTESIAN_POINT('',(18.160423570328,-7.607310853918,
    3.063902455192));
#6512 = CARTESIAN_POINT('',(22.,-4.71294701804,2.130832784892));
#6513 = CARTESIAN_POINT('',(-1.120121757726E-15,-5.044579930702,
    -1.310598594884E-13));
#6514 = CARTESIAN_POINT('',(2.83380901439,-14.18215158832,
    -1.745310448235E-11));
#6515 = CARTESIAN_POINT('',(2.960924049585,-14.48113717702,
    3.224283186367E-10));
#6516 = CARTESIAN_POINT('',(19.487369522991,-27.92377456523,
    2.38445878367E-10));
#6517 = CARTESIAN_POINT('',(18.160423570328,-8.624018857833,
    -1.99443392568E-11));
#6518 = CARTESIAN_POINT('',(22.,-5.341319926626,-6.774774633515E-13));
#6519 = CARTESIAN_POINT('',(-9.883464331727E-16,-4.451116628149,
    -1.997655735837));
#6520 = CARTESIAN_POINT('',(2.83380901439,-12.51090432642,
    -5.612754169961));
#6521 = CARTESIAN_POINT('',(2.960924049585,-12.77550792827,
    -5.60177769017));
#6522 = CARTESIAN_POINT('',(19.487369522991,-24.63496361093,
    -11.66877229321));
#6523 = CARTESIAN_POINT('',(18.160423570328,-7.607310853881,
    -3.063902455158));
#6524 = CARTESIAN_POINT('',(22.,-4.712947018041,-2.130832784892));
#6525 = CARTESIAN_POINT('',(-6.377128996682E-16,-2.872003577315,
    -3.446930582991));
#6526 = CARTESIAN_POINT('',(2.83380901439,-8.074191677797,
    -9.684738794824));
#6527 = CARTESIAN_POINT('',(2.960924049585,-8.24442746836,
    -9.665799012079));
#6528 = CARTESIAN_POINT('',(19.487369522991,-15.89761695806,
    -20.13432412858));
#6529 = CARTESIAN_POINT('',(18.160423570328,-4.909823119218,
    -5.286726279581));
#6530 = CARTESIAN_POINT('',(22.,-3.040944964216,-3.676725955191));
#6531 = CARTESIAN_POINT('',(-1.786522751698E-16,-0.804578319884,
    -4.022692787506));
#6532 = CARTESIAN_POINT('',(2.83380901439,-2.261328395043,
    -11.30244081229));
#6533 = CARTESIAN_POINT('',(2.960924049585,-2.309193696432,
    -11.28033740063));
#6534 = CARTESIAN_POINT('',(19.487369522991,-4.452815366434,
    -23.49748522744));
#6535 = CARTESIAN_POINT('',(18.160423570328,-1.374990817215,
    -6.169800975701));
#6536 = CARTESIAN_POINT('',(22.,-0.851906456348,-4.290872306673));
#6537 = CARTESIAN_POINT('',(2.636782807585E-16,1.18750140697,
    -3.698458039704));
#6538 = CARTESIAN_POINT('',(2.83380901439,3.338012937292,-10.39144804214
    ));
#6539 = CARTESIAN_POINT('',(2.960924049585,3.40853174136,-10.37112619655
    ));
#6540 = CARTESIAN_POINT('',(19.487369522991,6.572646689007,
    -21.60355456972));
#6541 = CARTESIAN_POINT('',(18.160423570328,2.029734735804,
    -5.672506260735));
#6542 = CARTESIAN_POINT('',(22.,1.25735443091,-3.945021909018));
#6543 = CARTESIAN_POINT('',(5.91190885751E-16,2.662487052773,
    -2.692794200069));
#6544 = CARTESIAN_POINT('',(2.83380901439,7.4843847522,-7.565864129769)
  );
#6545 = CARTESIAN_POINT('',(2.960924049585,7.642422799646,
    -7.551068085867));
#6546 = CARTESIAN_POINT('',(19.487369522991,14.7368159166,
    -15.72923792069));
#6547 = CARTESIAN_POINT('',(18.160423570328,4.551045415995,
    -4.130070368437));
#6548 = CARTESIAN_POINT('',(22.,2.81910393823,-2.872313813407));
#6549 = CARTESIAN_POINT('',(7.549516567451E-16,3.4,-1.346396851538));
#6550 = CARTESIAN_POINT('',(2.83380901439,9.557551266006,-3.782931366702
    ));
#6551 = CARTESIAN_POINT('',(2.960924049585,9.759371567171,-3.77553334609
    ));
#6552 = CARTESIAN_POINT('',(19.487369522991,18.818910297531,
    -7.864617508826));
#6553 = CARTESIAN_POINT('',(18.160423570328,5.811677051282,
    -2.065034803092));
#6554 = CARTESIAN_POINT('',(22.,3.6,-1.436156641641));
#6555 = CARTESIAN_POINT('',(7.549516567451E-16,3.4,-2.667624187425E-15)
  );
#6556 = CARTESIAN_POINT('',(2.83380901439,9.557551266005,
    3.834915935868E-14));
#6557 = CARTESIAN_POINT('',(2.960924049585,9.759371567164,
    -4.023824691045E-14));
#6558 = CARTESIAN_POINT('',(19.487369522991,18.818910297536,
    2.067219514331E-14));
#6559 = CARTESIAN_POINT('',(18.160423570328,5.811677051277,
    -7.543766153118E-15));
#6560 = CARTESIAN_POINT('',(22.,3.6,5.8796823021E-16));
#6561 = DEFINITIONAL_REPRESENTATION('',(#6562),#6566);
#6562 = LINE('',#6563,#6564);
#6563 = CARTESIAN_POINT('',(0.,0.));
#6564 = VECTOR('',#6565,1.);
#6565 = DIRECTION('',(0.,1.));
#6566 = ( GEOMETRIC_REPRESENTATION_CONTEXT(2) 
PARAMETRIC_REPRESENTATION_CONTEXT() REPRESENTATION_CONTEXT('2D SPACE',''
  ) );
#6567 = PCURVE('',#6470,#6568);
#6568 = DEFINITIONAL_REPRESENTATION('',(#6569),#6573);
#6569 = LINE('',#6570,#6571);
#6570 = CARTESIAN_POINT('',(1.,0.));
#6571 = VECTOR('',#6572,1.);
#6572 = DIRECTION('',(0.,1.));
#6573 = ( GEOMETRIC_REPRESENTATION_CONTEXT(2) 
PARAMETRIC_REPRESENTATION_CONTEXT() REPRESENTATION_CONTEXT('2D SPACE',''
  ) );
#6574 = ORIENTED_EDGE('',*,*,#6575,.T.);
#6575 = EDGE_CURVE('',#6457,#6457,#6576,.T.);
#6576 = SURFACE_CURVE('',#6577,(#6593,#6600),.PCURVE_S1.);
#6577 = B_SPLINE_CURVE_WITH_KNOTS('',14,(#6578,#6579,#6580,#6581,#6582,
    #6583,#6584,#6585,#6586,#6587,#6588,#6589,#6590,#6591,#6592),
  .UNSPECIFIED.,.T.,.F.,(15,15),(0.,1.),.PIECEWISE_BEZIER_KNOTS.);
#6578 = CARTESIAN_POINT('',(7.549516567451E-16,3.4,-3.811252508017E-15)
  );
#6579 = CARTESIAN_POINT('',(7.549516567451E-16,3.4,1.346396851538));
#6580 = CARTESIAN_POINT('',(5.911908857511E-16,2.662487052773,
    2.692794200068));
#6581 = CARTESIAN_POINT('',(2.636782807585E-16,1.187501406969,
    3.698458039705));
#6582 = CARTESIAN_POINT('',(-1.786522751697E-16,-0.804578319883,
    4.022692787505));
#6583 = CARTESIAN_POINT('',(-6.377128996683E-16,-2.872003577316,
    3.446930582992));
#6584 = CARTESIAN_POINT('',(-9.883464331726E-16,-4.451116628149,
    1.997655735837));
#6585 = CARTESIAN_POINT('',(-1.120121757726E-15,-5.044579930702,
    -1.310598594884E-13));
#6586 = CARTESIAN_POINT('',(-9.883464331727E-16,-4.451116628149,
    -1.997655735837));
#6587 = CARTESIAN_POINT('',(-6.377128996682E-16,-2.872003577315,
    -3.446930582991));
#6588 = CARTESIAN_POINT('',(-1.786522751698E-16,-0.804578319884,
    -4.022692787506));
#6589 = CARTESIAN_POINT('',(2.636782807585E-16,1.18750140697,
    -3.698458039704));
#6590 = CARTESIAN_POINT('',(5.91190885751E-16,2.662487052773,
    -2.692794200069));
#6591 = CARTESIAN_POINT('',(7.549516567451E-16,3.4,-1.346396851538));
#6592 = CARTESIAN_POINT('',(7.549516567451E-16,3.4,-2.667624187425E-15)
  );
#6593 = PCURVE('',#6470,#6594);
#6594 = DEFINITIONAL_REPRESENTATION('',(#6595),#6599);
#6595 = LINE('',#6596,#6597);
#6596 = CARTESIAN_POINT('',(0.,0.));
#6597 = VECTOR('',#6598,1.);
#6598 = DIRECTION('',(1.,0.));
#6599 = ( GEOMETRIC_REPRESENTATION_CONTEXT(2) 
PARAMETRIC_REPRESENTATION_CONTEXT() REPRESENTATION_CONTEXT('2D SPACE',''
  ) );
#6600 = PCURVE('',#6601,#6606);
#6601 = PLANE('',#6602);
#6602 = AXIS2_PLACEMENT_3D('',#6603,#6604,#6605);
#6603 = CARTESIAN_POINT('',(7.549516567451E-16,3.4,-3.811252508017E-15)
  );
#6604 = DIRECTION('',(-1.,2.22044604925E-16,-4.930380657631E-32));
#6605 = DIRECTION('',(-2.22044604925E-16,-1.,7.694614712988E-16));
#6606 = DEFINITIONAL_REPRESENTATION('',(#6607),#6623);
#6607 = B_SPLINE_CURVE_WITH_KNOTS('',14,(#6608,#6609,#6610,#6611,#6612,
    #6613,#6614,#6615,#6616,#6617,#6618,#6619,#6620,#6621,#6622),
  .UNSPECIFIED.,.F.,.F.,(15,15),(0.,1.),.PIECEWISE_BEZIER_KNOTS.);
#6608 = CARTESIAN_POINT('',(0.,0.));
#6609 = CARTESIAN_POINT('',(-5.906386491006E-14,1.346396851538));
#6610 = CARTESIAN_POINT('',(0.737512947227,2.692794200068));
#6611 = CARTESIAN_POINT('',(2.212498593031,3.698458039705));
#6612 = CARTESIAN_POINT('',(4.204578319883,4.022692787505));
#6613 = CARTESIAN_POINT('',(6.272003577316,3.446930582992));
#6614 = CARTESIAN_POINT('',(7.851116628149,1.997655735837));
#6615 = CARTESIAN_POINT('',(8.444579930702,-1.337463858783E-13));
#6616 = CARTESIAN_POINT('',(7.851116628149,-1.997655735837));
#6617 = CARTESIAN_POINT('',(6.272003577315,-3.446930582991));
#6618 = CARTESIAN_POINT('',(4.204578319884,-4.022692787506));
#6619 = CARTESIAN_POINT('',(2.21249859303,-3.698458039704));
#6620 = CARTESIAN_POINT('',(0.737512947227,-2.692794200069));
#6621 = CARTESIAN_POINT('',(-1.292299600664E-13,-1.346396851538));
#6622 = CARTESIAN_POINT('',(-2.6645352591E-15,1.143628320592E-15));
#6623 = ( GEOMETRIC_REPRESENTATION_CONTEXT(2) 
PARAMETRIC_REPRESENTATION_CONTEXT() REPRESENTATION_CONTEXT('2D SPACE',''
  ) );
#6624 = ORIENTED_EDGE('',*,*,#6456,.T.);
#6625 = ORIENTED_EDGE('',*,*,#6626,.F.);
#6626 = EDGE_CURVE('',#6459,#6459,#6627,.T.);
#6627 = SURFACE_CURVE('',#6628,(#6644,#6651),.PCURVE_S1.);
#6628 = B_SPLINE_CURVE_WITH_KNOTS('',14,(#6629,#6630,#6631,#6632,#6633,
    #6634,#6635,#6636,#6637,#6638,#6639,#6640,#6641,#6642,#6643),
  .UNSPECIFIED.,.T.,.F.,(15,15),(0.,1.),.PIECEWISE_BEZIER_KNOTS.);
#6629 = CARTESIAN_POINT('',(22.,3.6,-2.052987449942E-15));
#6630 = CARTESIAN_POINT('',(22.,3.6,1.436156641641));
#6631 = CARTESIAN_POINT('',(22.,2.819103938231,2.872313813406));
#6632 = CARTESIAN_POINT('',(22.,1.257354430909,3.94502190902));
#6633 = CARTESIAN_POINT('',(22.,-0.851906456347,4.290872306671));
#6634 = CARTESIAN_POINT('',(22.,-3.040944964217,3.676725955192));
#6635 = CARTESIAN_POINT('',(22.,-4.71294701804,2.130832784892));
#6636 = CARTESIAN_POINT('',(22.,-5.341319926626,-6.774774633515E-13));
#6637 = CARTESIAN_POINT('',(22.,-4.712947018041,-2.130832784892));
#6638 = CARTESIAN_POINT('',(22.,-3.040944964216,-3.676725955191));
#6639 = CARTESIAN_POINT('',(22.,-0.851906456348,-4.290872306673));
#6640 = CARTESIAN_POINT('',(22.,1.25735443091,-3.945021909018));
#6641 = CARTESIAN_POINT('',(22.,2.81910393823,-2.872313813407));
#6642 = CARTESIAN_POINT('',(22.,3.6,-1.436156641641));
#6643 = CARTESIAN_POINT('',(22.,3.6,5.8796823021E-16));
#6644 = PCURVE('',#6470,#6645);
#6645 = DEFINITIONAL_REPRESENTATION('',(#6646),#6650);
#6646 = LINE('',#6647,#6648);
#6647 = CARTESIAN_POINT('',(0.,1.));
#6648 = VECTOR('',#6649,1.);
#6649 = DIRECTION('',(1.,0.));
#6650 = ( GEOMETRIC_REPRESENTATION_CONTEXT(2) 
PARAMETRIC_REPRESENTATION_CONTEXT() REPRESENTATION_CONTEXT('2D SPACE',''
  ) );
#6651 = PCURVE('',#6652,#6657);
#6652 = PLANE('',#6653);
#6653 = AXIS2_PLACEMENT_3D('',#6654,#6655,#6656);
#6654 = CARTESIAN_POINT('',(22.,3.6,-2.052987449942E-15));
#6655 = DIRECTION('',(-1.,2.22044604925E-16,-4.930380657631E-32));
#6656 = DIRECTION('',(-2.22044604925E-16,-1.,5.503570928277E-16));
#6657 = DEFINITIONAL_REPRESENTATION('',(#6658),#6674);
#6658 = B_SPLINE_CURVE_WITH_KNOTS('',14,(#6659,#6660,#6661,#6662,#6663,
    #6664,#6665,#6666,#6667,#6668,#6669,#6670,#6671,#6672,#6673),
  .UNSPECIFIED.,.F.,.F.,(15,15),(0.,1.),.PIECEWISE_BEZIER_KNOTS.);
#6659 = CARTESIAN_POINT('',(0.,0.));
#6660 = CARTESIAN_POINT('',(-5.329070518201E-14,1.436156641641));
#6661 = CARTESIAN_POINT('',(0.780896061769,2.872313813406));
#6662 = CARTESIAN_POINT('',(2.342645569091,3.94502190902));
#6663 = CARTESIAN_POINT('',(4.451906456347,4.290872306671));
#6664 = CARTESIAN_POINT('',(6.640944964217,3.676725955192));
#6665 = CARTESIAN_POINT('',(8.31294701804,2.130832784892));
#6666 = CARTESIAN_POINT('',(8.941319926626,-6.803453947425E-13));
#6667 = CARTESIAN_POINT('',(8.312947018041,-2.130832784892));
#6668 = CARTESIAN_POINT('',(6.640944964216,-3.676725955191));
#6669 = CARTESIAN_POINT('',(4.451906456348,-4.290872306673));
#6670 = CARTESIAN_POINT('',(2.34264556909,-3.945021909018));
#6671 = CARTESIAN_POINT('',(0.78089606177,-2.872313813407));
#6672 = CARTESIAN_POINT('',(-2.056133041606E-13,-1.436156641641));
#6673 = CARTESIAN_POINT('',(3.552713678801E-15,2.640955680152E-15));
#6674 = ( GEOMETRIC_REPRESENTATION_CONTEXT(2) 
PARAMETRIC_REPRESENTATION_CONTEXT() REPRESENTATION_CONTEXT('2D SPACE',''
  ) );
#6675 = FACE_BOUND('',#6676,.T.);
#6676 = EDGE_LOOP('',(#6677));
#6677 = ORIENTED_EDGE('',*,*,#6678,.T.);
#6678 = EDGE_CURVE('',#6679,#6679,#6681,.T.);
#6679 = VERTEX_POINT('',#6680);
#6680 = CARTESIAN_POINT('',(4.34706697707,-0.278753474509,
    -8.162997558259));
#6681 = SURFACE_CURVE('',#6682,(#6874,#7069),.PCURVE_S1.);
#6682 = B_SPLINE_CURVE_WITH_KNOTS('',8,(#6683,#6684,#6685,#6686,#6687,
    #6688,#6689,#6690,#6691,#6692,#6693,#6694,#6695,#6696,#6697,#6698,
    #6699,#6700,#6701,#6702,#6703,#6704,#6705,#6706,#6707,#6708,#6709,
    #6710,#6711,#6712,#6713,#6714,#6715,#6716,#6717,#6718,#6719,#6720,
    #6721,#6722,#6723,#6724,#6725,#6726,#6727,#6728,#6729,#6730,#6731,
    #6732,#6733,#6734,#6735,#6736,#6737,#6738,#6739,#6740,#6741,#6742,
    #6743,#6744,#6745,#6746,#6747,#6748,#6749,#6750,#6751,#6752,#6753,
    #6754,#6755,#6756,#6757,#6758,#6759,#6760,#6761,#6762,#6763,#6764,
    #6765,#6766,#6767,#6768,#6769,#6770,#6771,#6772,#6773,#6774,#6775,
    #6776,#6777,#6778,#6779,#6780,#6781,#6782,#6783,#6784,#6785,#6786,
    #6787,#6788,#6789,#6790,#6791,#6792,#6793,#6794,#6795,#6796,#6797,
    #6798,#6799,#6800,#6801,#6802,#6803,#6804,#6805,#6806,#6807,#6808,
    #6809,#6810,#6811,#6812,#6813,#6814,#6815,#6816,#6817,#6818,#6819,
    #6820,#6821,#6822,#6823,#6824,#6825,#6826,#6827,#6828,#6829,#6830,
    #6831,#6832,#6833,#6834,#6835,#6836,#6837,#6838,#6839,#6840,#6841,
    #6842,#6843,#6844,#6845,#6846,#6847,#6848,#6849,#6850,#6851,#6852,
    #6853,#6854,#6855,#6856,#6857,#6858,#6859,#6860,#6861,#6862,#6863,
    #6864,#6865,#6866,#6867,#6868,#6869,#6870,#6871,#6872,#6873),
  .UNSPECIFIED.,.T.,.F.,(9,7,7,7,7,7,7,7,7,7,7,7,7,7,7,7,7,7,7,7,7,7,7,7
    ,7,7,7,9),(0.,9.443092877276E-02,0.119111273765,0.1671313262,
    0.211214069273,0.229044512194,0.255200528197,0.278577229392,
    0.319143101945,0.348923291865,0.363615536926,0.389114752736,
    0.417469985934,0.493545020573,0.549041574065,0.598451727669,
    0.623951823767,0.637802484346,0.668399995537,0.708960930458,
    0.731849877148,0.758012513059,0.775838405977,0.820700702214,
    0.868764061949,0.893477953694,0.920066121273,1.),.UNSPECIFIED.);
#6683 = CARTESIAN_POINT('',(4.34706697707,-0.278753474509,
    -8.162997558259));
#6684 = CARTESIAN_POINT('',(4.369043878069,-0.792691335388,
    -8.162997558259));
#6685 = CARTESIAN_POINT('',(4.437339945445,-1.305100791033,
    -8.162997558259));
#6686 = CARTESIAN_POINT('',(4.551809898586,-1.810442612491,
    -8.162997558259));
#6687 = CARTESIAN_POINT('',(4.711219150469,-2.303853028196,
    -8.162997558259));
#6688 = CARTESIAN_POINT('',(4.913708527136,-2.781007143179,
    -8.162997558259));
#6689 = CARTESIAN_POINT('',(5.15653680933,-3.238215245555,
    -8.162997558259));
#6690 = CARTESIAN_POINT('',(5.436215896868,-3.672373550868,
    -8.162997558259));
#6691 = CARTESIAN_POINT('',(5.830370447036,-4.187661233504,
    -8.162997558259));
#6692 = CARTESIAN_POINT('',(5.914299164395,-4.292702289197,
    -8.162997558259));
#6693 = CARTESIAN_POINT('',(6.000421962712,-4.395975466294,
    -8.162997558259));
#6694 = CARTESIAN_POINT('',(6.088674301208,-4.497444923122,
    -8.162997558259));
#6695 = CARTESIAN_POINT('',(6.178991726981,-4.597077798956,
    -8.162997558259));
#6696 = CARTESIAN_POINT('',(6.271310306574,-4.694843831202,
    -8.162997558259));
#6697 = CARTESIAN_POINT('',(6.365567057551,-4.7907149726,-8.162997558259
    ));
#6698 = CARTESIAN_POINT('',(6.64874503061,-5.067461678526,
    -8.162997558259));
#6699 = CARTESIAN_POINT('',(6.842884951393,-5.242977098017,
    -8.162997558259));
#6700 = CARTESIAN_POINT('',(7.043675640501,-5.411029751103,
    -8.162997558259));
#6701 = CARTESIAN_POINT('',(7.250683188617,-5.571450789287,
    -8.162997558259));
#6702 = CARTESIAN_POINT('',(7.463489807283,-5.724076587165,
    -8.162997558259));
#6703 = CARTESIAN_POINT('',(7.681699357182,-5.868741298226,
    -8.162997558259));
#6704 = CARTESIAN_POINT('',(7.904942876411,-6.005269410662,
    -8.162997558259));
#6705 = CARTESIAN_POINT('',(8.342134168442,-6.251154701889,
    -8.162997558259));
#6706 = CARTESIAN_POINT('',(8.555322086484,-6.361810412221,
    -8.162997558259));
#6707 = CARTESIAN_POINT('',(8.772189073418,-6.465288728867,
    -8.162997558259));
#6708 = CARTESIAN_POINT('',(8.992472615835,-6.561416158912,
    -8.162997558259));
#6709 = CARTESIAN_POINT('',(9.215906476377,-6.649992421825,
    -8.162997558259));
#6710 = CARTESIAN_POINT('',(9.442220693736,-6.730790449459,
    -8.162997558259));
#6711 = CARTESIAN_POINT('',(9.671141582658,-6.80355638605,
    -8.162997558259));
#6712 = CARTESIAN_POINT('',(9.995927627803,-6.894079465322,
    -8.162997558259));
#6713 = CARTESIAN_POINT('',(10.089842332292,-6.91878874088,
    -8.162997558259));
#6714 = CARTESIAN_POINT('',(10.184116498296,-6.942118445158,
    -8.162997558259));
#6715 = CARTESIAN_POINT('',(10.278729932533,-6.964048875555,
    -8.162997558259));
#6716 = CARTESIAN_POINT('',(10.373661597553,-6.984559596608,
    -8.162997558259));
#6717 = CARTESIAN_POINT('',(10.468889611731,-7.003629439989,
    -8.162997558259));
#6718 = CARTESIAN_POINT('',(10.564391249274,-7.021236504505,
    -8.162997558259));
#6719 = CARTESIAN_POINT('',(10.800604032011,-7.061007583132,
    -8.162997558259));
#6720 = CARTESIAN_POINT('',(10.941601753049,-7.081460502537,
    -8.162997558259));
#6721 = CARTESIAN_POINT('',(11.083062366543,-7.098646346502,
    -8.162997558259));
#6722 = CARTESIAN_POINT('',(11.224905547083,-7.112491109491,
    -8.162997558259));
#6723 = CARTESIAN_POINT('',(11.367044278195,-7.12291858225,
    -8.162997558259));
#6724 = CARTESIAN_POINT('',(11.509384749918,-7.129851585825,
    -8.162997558259));
#6725 = CARTESIAN_POINT('',(11.651826256368,-7.13321320557,
    -8.162997558259));
#6726 = CARTESIAN_POINT('',(11.921560958439,-7.132673186104,
    -8.162997558259));
#6727 = CARTESIAN_POINT('',(12.048854692996,-7.129505368696,
    -8.162997558259));
#6728 = CARTESIAN_POINT('',(12.176064602549,-7.123371085827,
    -8.162997558259));
#6729 = CARTESIAN_POINT('',(12.303107525667,-7.114217853143,
    -8.162997558259));
#6730 = CARTESIAN_POINT('',(12.42989495258,-7.101995553256,
    -8.162997558259));
#6731 = CARTESIAN_POINT('',(12.556333143846,-7.086657799952,
    -8.162997558259));
#6732 = CARTESIAN_POINT('',(12.682323249008,-7.068163302405,
    -8.162997558259));
#6733 = CARTESIAN_POINT('',(13.025435854955,-7.008845157463,
    -8.162997558259));
#6734 = CARTESIAN_POINT('',(13.241475849891,-6.961597751583,
    -8.162997558259));
#6735 = CARTESIAN_POINT('',(13.455304030825,-6.904555632443,
    -8.162997558259));
#6736 = CARTESIAN_POINT('',(13.666330705359,-6.837603492501,
    -8.162997558259));
#6737 = CARTESIAN_POINT('',(13.87395913373,-6.760705108678,
    -8.162997558259));
#6738 = CARTESIAN_POINT('',(14.077591972529,-6.673921510078,
    -8.162997558259));
#6739 = CARTESIAN_POINT('',(14.27663889635,-6.577432300722,
    -8.162997558259));
#6740 = CARTESIAN_POINT('',(14.612861151286,-6.393837391471,
    -8.162997558259));
#6741 = CARTESIAN_POINT('',(14.752439675521,-6.31104477608,
    -8.162997558259));
#6742 = CARTESIAN_POINT('',(14.889039453455,-6.223303053843,
    -8.162997558259));
#6743 = CARTESIAN_POINT('',(15.022467601889,-6.130759246315,
    -8.162997558259));
#6744 = CARTESIAN_POINT('',(15.152558036178,-6.033584044294,
    -8.162997558259));
#6745 = CARTESIAN_POINT('',(15.279169635365,-5.931969218233,
    -8.162997558259));
#6746 = CARTESIAN_POINT('',(15.402184407312,-5.826125028648,
    -8.162997558259));
#6747 = CARTESIAN_POINT('',(15.58037357118,-5.662083852234,
    -8.162997558259));
#6748 = CARTESIAN_POINT('',(15.63834381308,-5.60691412902,
    -8.162997558259));
#6749 = CARTESIAN_POINT('',(15.695405811637,-5.550795034832,
    -8.162997558259));
#6750 = CARTESIAN_POINT('',(15.751550471562,-5.493753272352,
    -8.162997558259));
#6751 = CARTESIAN_POINT('',(15.80677017018,-5.435815678993,
    -8.162997558259));
#6752 = CARTESIAN_POINT('',(15.861058757431,-5.377009226896,
    -8.162997558259));
#6753 = CARTESIAN_POINT('',(15.914411555866,-5.317361022934,
    -8.162997558259));
#6754 = CARTESIAN_POINT('',(16.057792386211,-5.151961750243,
    -8.162997558259));
#6755 = CARTESIAN_POINT('',(16.145930523626,-5.044570951858,
    -8.162997558259));
#6756 = CARTESIAN_POINT('',(16.231222212939,-4.93486678246,
    -8.162997558259));
#6757 = CARTESIAN_POINT('',(16.313661584504,-4.822987849202,
    -8.162997558259));
#6758 = CARTESIAN_POINT('',(16.393252666179,-4.709069201235,
    -8.162997558259));
#6759 = CARTESIAN_POINT('',(16.470007590531,-4.59324103347,
    -8.162997558259));
#6760 = CARTESIAN_POINT('',(16.543944802045,-4.475627390334,
    -8.162997558259));
#6761 = CARTESIAN_POINT('',(16.694198012854,-4.223702293114,
    -8.162997558259));
#6762 = CARTESIAN_POINT('',(16.769851813062,-4.088997964088,
    -8.162997558259));
#6763 = CARTESIAN_POINT('',(16.842081798726,-3.952391282549,
    -8.162997558259));
#6764 = CARTESIAN_POINT('',(16.910926160816,-3.814033216449,
    -8.162997558259));
#6765 = CARTESIAN_POINT('',(16.976426671488,-3.674065583932,
    -8.162997558259));
#6766 = CARTESIAN_POINT('',(17.03862720808,-3.532620335664,
    -8.162997558259));
#6767 = CARTESIAN_POINT('',(17.09757227711,-3.389818837172,
    -8.162997558259));
#6768 = CARTESIAN_POINT('',(17.30283373135,-2.859303067759,
    -8.162997558259));
#6769 = CARTESIAN_POINT('',(17.429169428094,-2.464053553555,
    -8.162997558259));
#6770 = CARTESIAN_POINT('',(17.533287759941,-2.061948891152,
    -8.162997558259));
#6771 = CARTESIAN_POINT('',(17.615895311606,-1.654706597836,
    -8.162997558259));
#6772 = CARTESIAN_POINT('',(17.677508555947,-1.243850917654,
    -8.162997558259));
#6773 = CARTESIAN_POINT('',(17.718488712173,-0.830720778387,
    -8.162997558259));
#6774 = CARTESIAN_POINT('',(17.739033027436,-0.416470213444,
    -8.162997558259));
#6775 = CARTESIAN_POINT('',(17.739187397228,0.300249831014,
    -8.162997558259));
#6776 = CARTESIAN_POINT('',(17.728365850134,0.602534574193,
    -8.162997558259));
#6777 = CARTESIAN_POINT('',(17.706661098223,0.904375912132,
    -8.162997558259));
#6778 = CARTESIAN_POINT('',(17.67402051707,1.205320049923,
    -8.162997558259));
#6779 = CARTESIAN_POINT('',(17.630344696057,1.504877380613,
    -8.162997558259));
#6780 = CARTESIAN_POINT('',(17.575487657292,1.802522279409,
    -8.162997558259));
#6781 = CARTESIAN_POINT('',(17.509248197498,2.09769177798,
    -8.162997558259));
#6782 = CARTESIAN_POINT('',(17.361999418586,2.649840391365,
    -8.162997558259));
#6783 = CARTESIAN_POINT('',(17.28342149194,2.907403595409,
    -8.162997558259));
#6784 = CARTESIAN_POINT('',(17.19542927778,3.16205662089,-8.162997558259
    ));
#6785 = CARTESIAN_POINT('',(17.097807342441,3.413290899646,
    -8.162997558259));
#6786 = CARTESIAN_POINT('',(16.990322414897,3.660508717232,
    -8.162997558259));
#6787 = CARTESIAN_POINT('',(16.872736397366,3.903028595131,
    -8.162997558259));
#6788 = CARTESIAN_POINT('',(16.744824085395,4.140092743378,
    -8.162997558259));
#6789 = CARTESIAN_POINT('',(16.534954036097,4.48998194621,
    -8.162997558259));
#6790 = CARTESIAN_POINT('',(16.4607155709,4.607407661508,-8.162997558259
    ));
#6791 = CARTESIAN_POINT('',(16.383657598409,4.723036609284,
    -8.162997558259));
#6792 = CARTESIAN_POINT('',(16.303762127681,4.836744266497,
    -8.162997558259));
#6793 = CARTESIAN_POINT('',(16.22101758333,4.948400018386,
    -8.162997558259));
#6794 = CARTESIAN_POINT('',(16.135420608611,5.057868469593,
    -8.162997558259));
#6795 = CARTESIAN_POINT('',(16.046977868501,5.165010755278,
    -8.162997558259));
#6796 = CARTESIAN_POINT('',(15.906133499219,5.326541245348,
    -8.162997558259));
#6797 = CARTESIAN_POINT('',(15.855725154263,5.38266896761,
    -8.162997558259));
#6798 = CARTESIAN_POINT('',(15.804485664188,5.438046210736,
    -8.162997558259));
#6799 = CARTESIAN_POINT('',(15.75241903809,5.492650271319,
    -8.162997558259));
#6800 = CARTESIAN_POINT('',(15.699530447873,5.546458550838,
    -8.162997558259));
#6801 = CARTESIAN_POINT('',(15.64582622825,5.599448555653,
    -8.162997558259));
#6802 = CARTESIAN_POINT('',(15.591313876746,5.651597897005,
    -8.162997558259));
#6803 = CARTESIAN_POINT('',(15.413812664352,5.816181348394,
    -8.162997558259));
#6804 = CARTESIAN_POINT('',(15.287715428007,5.925274167054,
    -8.162997558259));
#6805 = CARTESIAN_POINT('',(15.157813372816,6.029916307009,
    -8.162997558259));
#6806 = CARTESIAN_POINT('',(15.024233128745,6.129878832583,
    -8.162997558259));
#6807 = CARTESIAN_POINT('',(14.887127031294,6.224953281457,
    -8.162997558259));
#6808 = CARTESIAN_POINT('',(14.746675225222,6.314954633718,
    -8.162997558259));
#6809 = CARTESIAN_POINT('',(14.603087768279,6.399724280898,
    -8.162997558259));
#6810 = CARTESIAN_POINT('',(14.262427189239,6.584399535624,
    -8.162997558259));
#6811 = CARTESIAN_POINT('',(14.063117533791,6.680270013416,
    -8.162997558259));
#6812 = CARTESIAN_POINT('',(13.859254313433,6.766426966953,
    -8.162997558259));
#6813 = CARTESIAN_POINT('',(13.651428987092,6.842695958956,
    -8.162997558259));
#6814 = CARTESIAN_POINT('',(13.440239103345,6.909020796065,
    -8.162997558259));
#6815 = CARTESIAN_POINT('',(13.226280667455,6.965441969968,
    -8.162997558259));
#6816 = CARTESIAN_POINT('',(13.01014169985,7.012078319901,
    -8.162997558259));
#6817 = CARTESIAN_POINT('',(12.669521460467,7.070010366677,
    -8.162997558259));
#6818 = CARTESIAN_POINT('',(12.546125929856,7.087852258254,
    -8.162997558259));
#6819 = CARTESIAN_POINT('',(12.422307522193,7.102670750861,
    -8.162997558259));
#6820 = CARTESIAN_POINT('',(12.298158762858,7.11450486092,
    -8.162997558259));
#6821 = CARTESIAN_POINT('',(12.17376746864,7.123398235167,
    -8.162997558259));
#6822 = CARTESIAN_POINT('',(12.049216641731,7.129397924114,
    -8.162997558259));
#6823 = CARTESIAN_POINT('',(11.924584363724,7.132553155536,
    -8.162997558259));
#6824 = CARTESIAN_POINT('',(11.657476323503,7.133326725574,
    -8.162997558259));
#6825 = CARTESIAN_POINT('',(11.514998963096,7.130088612901,
    -8.162997558259));
#6826 = CARTESIAN_POINT('',(11.372619626855,7.123275182665,
    -8.162997558259));
#6827 = CARTESIAN_POINT('',(11.230439303951,7.112963389765,
    -8.162997558259));
#6828 = CARTESIAN_POINT('',(11.088552055391,7.099230486309,
    -8.162997558259));
#6829 = CARTESIAN_POINT('',(10.947045115156,7.082152776671,
    -8.162997558259));
#6830 = CARTESIAN_POINT('',(10.805998991351,7.061804372555,
    -8.162997558259));
#6831 = CARTESIAN_POINT('',(10.569750238857,7.022211307332,
    -8.162997558259));
#6832 = CARTESIAN_POINT('',(10.47426182658,7.004681134058,
    -8.162997558259));
#6833 = CARTESIAN_POINT('',(10.379045919372,6.985688065562,
    -8.162997558259));
#6834 = CARTESIAN_POINT('',(10.284125259257,6.96525400849,
    -8.162997558259));
#6835 = CARTESIAN_POINT('',(10.189521741425,6.943400138777,
    -8.162997558259));
#6836 = CARTESIAN_POINT('',(10.095256414222,6.92014690166,
    -8.162997558259));
#6837 = CARTESIAN_POINT('',(10.001349479158,6.895514011668,
    -8.162997558259));
#6838 = CARTESIAN_POINT('',(9.672437670106,6.804102789322,
    -8.162997558259));
#6839 = CARTESIAN_POINT('',(9.439462568848,6.730071245576,
    -8.162997558259));
#6840 = CARTESIAN_POINT('',(9.209187036381,6.647721824511,
    -8.162997558259));
#6841 = CARTESIAN_POINT('',(8.981899317738,6.557321893004,
    -8.162997558259));
#6842 = CARTESIAN_POINT('',(8.757883853723,6.459110181686,
    -8.162997558259));
#6843 = CARTESIAN_POINT('',(8.537421280919,6.353296784947,
    -8.162997558259));
#6844 = CARTESIAN_POINT('',(8.320788431683,6.240063160927,
    -8.162997558259));
#6845 = CARTESIAN_POINT('',(7.880561705416,5.990461743162,
    -8.162997558259));
#6846 = CARTESIAN_POINT('',(7.657599818403,5.853033765244,
    -8.162997558259));
#6847 = CARTESIAN_POINT('',(7.439710865757,5.707469707649,
    -8.162997558259));
#6848 = CARTESIAN_POINT('',(7.227266156482,5.553944409203,
    -8.162997558259));
#6849 = CARTESIAN_POINT('',(7.020664448761,5.392623608782,
    -8.162997558259));
#6850 = CARTESIAN_POINT('',(6.820326282774,5.223671516418,
    -8.162997558259));
#6851 = CARTESIAN_POINT('',(6.626688313525,5.047258384398,
    -8.162997558259));
#6852 = CARTESIAN_POINT('',(6.344305246515,4.769115612941,
    -8.162997558259));
#6853 = CARTESIAN_POINT('',(6.250304855806,4.672741351844,
    -8.162997558259));
#6854 = CARTESIAN_POINT('',(6.158258495086,4.574471866134,
    -8.162997558259));
#6855 = CARTESIAN_POINT('',(6.068229538846,4.474335616761,
    -8.162997558259));
#6856 = CARTESIAN_POINT('',(5.980282274835,4.372363339588,
    -8.162997558259));
#6857 = CARTESIAN_POINT('',(5.894481466378,4.268588430409,
    -8.162997558259));
#6858 = CARTESIAN_POINT('',(5.810891914688,4.163047329962,
    -8.162997558259));
#6859 = CARTESIAN_POINT('',(5.642097406067,3.940377488611,
    -8.162997558259));
#6860 = CARTESIAN_POINT('',(5.557250446257,3.822976666355,
    -8.162997558259));
#6861 = CARTESIAN_POINT('',(5.475117713636,3.703627525533,
    -8.162997558259));
#6862 = CARTESIAN_POINT('',(5.395778822128,3.582384410737,
    -8.162997558259));
#6863 = CARTESIAN_POINT('',(5.319311807969,3.459306323069,
    -8.162997558259));
#6864 = CARTESIAN_POINT('',(5.245792509971,3.33445731541,-8.162997558259
    ));
#6865 = CARTESIAN_POINT('',(5.175293949768,3.207906887691,
    -8.162997558259));
#6866 = CARTESIAN_POINT('',(4.905231517944,2.694384293958,
    -8.162997558259));
#6867 = CARTESIAN_POINT('',(4.730415816019,2.294164128656,
    -8.162997558259));
#6868 = CARTESIAN_POINT('',(4.585500496096,1.881335425626,
    -8.162997558259));
#6869 = CARTESIAN_POINT('',(4.472013326349,1.458373338546,
    -8.162997558259));
#6870 = CARTESIAN_POINT('',(4.390977978804,1.027953482422,
    -8.162997558259));
#6871 = CARTESIAN_POINT('',(4.343029573076,0.592924039196,
    -8.162997558259));
#6872 = CARTESIAN_POINT('',(4.328463711289,0.156290762919,
    -8.162997558259));
#6873 = CARTESIAN_POINT('',(4.34706697707,-0.278753474509,
    -8.162997558259));
#6874 = PCURVE('',#6470,#6875);
#6875 = DEFINITIONAL_REPRESENTATION('',(#6876),#7068);
#6876 = B_SPLINE_CURVE_WITH_KNOTS('',8,(#6877,#6878,#6879,#6880,#6881,
    #6882,#6883,#6884,#6885,#6886,#6887,#6888,#6889,#6890,#6891,#6892,
    #6893,#6894,#6895,#6896,#6897,#6898,#6899,#6900,#6901,#6902,#6903,
    #6904,#6905,#6906,#6907,#6908,#6909,#6910,#6911,#6912,#6913,#6914,
    #6915,#6916,#6917,#6918,#6919,#6920,#6921,#6922,#6923,#6924,#6925,
    #6926,#6927,#6928,#6929,#6930,#6931,#6932,#6933,#6934,#6935,#6936,
    #6937,#6938,#6939,#6940,#6941,#6942,#6943,#6944,#6945,#6946,#6947,
    #6948,#6949,#6950,#6951,#6952,#6953,#6954,#6955,#6956,#6957,#6958,
    #6959,#6960,#6961,#6962,#6963,#6964,#6965,#6966,#6967,#6968,#6969,
    #6970,#6971,#6972,#6973,#6974,#6975,#6976,#6977,#6978,#6979,#6980,
    #6981,#6982,#6983,#6984,#6985,#6986,#6987,#6988,#6989,#6990,#6991,
    #6992,#6993,#6994,#6995,#6996,#6997,#6998,#6999,#7000,#7001,#7002,
    #7003,#7004,#7005,#7006,#7007,#7008,#7009,#7010,#7011,#7012,#7013,
    #7014,#7015,#7016,#7017,#7018,#7019,#7020,#7021,#7022,#7023,#7024,
    #7025,#7026,#7027,#7028,#7029,#7030,#7031,#7032,#7033,#7034,#7035,
    #7036,#7037,#7038,#7039,#7040,#7041,#7042,#7043,#7044,#7045,#7046,
    #7047,#7048,#7049,#7050,#7051,#7052,#7053,#7054,#7055,#7056,#7057,
    #7058,#7059,#7060,#7061,#7062,#7063,#7064,#7065,#7066,#7067),
  .UNSPECIFIED.,.F.,.F.,(9,7,7,7,7,7,7,7,7,7,7,7,7,7,7,7,7,7,7,7,7,7,7,7
    ,7,7,7,9),(0.,9.443092877276E-02,0.119111273765,0.1671313262,
    0.211214069273,0.229044512194,0.255200528197,0.278577229392,
    0.319143101945,0.348923291865,0.363615536926,0.389114752736,
    0.417469985934,0.493545020573,0.549041574065,0.598451727669,
    0.623951823767,0.637802484346,0.668399995537,0.708960930458,
    0.731849877148,0.758012513059,0.775838405977,0.820700702214,
    0.868764061949,0.893477953694,0.920066121273,1.),.UNSPECIFIED.);
#6877 = CARTESIAN_POINT('',(0.745189406696,0.269702236172));
#6878 = CARTESIAN_POINT('',(0.736325265094,0.270647360089));
#6879 = CARTESIAN_POINT('',(0.727520118223,0.273581653457));
#6880 = CARTESIAN_POINT('',(0.718948674868,0.278477340117));
#6881 = CARTESIAN_POINT('',(0.71076857563,0.285199258856));
#6882 = CARTESIAN_POINT('',(0.703091988912,0.293527844638));
#6883 = CARTESIAN_POINT('',(0.695975262298,0.303214535149));
#6884 = CARTESIAN_POINT('',(0.689442440771,0.314019939108));
#6885 = CARTESIAN_POINT('',(0.681939863941,0.328784637582));
#6886 = CARTESIAN_POINT('',(0.680424920207,0.331906078309));
#6887 = CARTESIAN_POINT('',(0.678949523769,0.335086031209));
#6888 = CARTESIAN_POINT('',(0.677513492757,0.338321054461));
#6889 = CARTESIAN_POINT('',(0.676116554113,0.341607897284));
#6890 = CARTESIAN_POINT('',(0.674758361579,0.344943510907));
#6891 = CARTESIAN_POINT('',(0.673438513695,0.348325059531));
#6892 = CARTESIAN_POINT('',(0.669662315533,0.358413632807));
#6893 = CARTESIAN_POINT('',(0.66731170129,0.365241025529));
#6894 = CARTESIAN_POINT('',(0.665101255391,0.372213170681));
#6895 = CARTESIAN_POINT('',(0.663027235433,0.379313937895));
#6896 = CARTESIAN_POINT('',(0.661085843689,0.386529882224));
#6897 = CARTESIAN_POINT('',(0.659273440509,0.393850121151));
#6898 = CARTESIAN_POINT('',(0.657586757729,0.401266211585));
#6899 = CARTESIAN_POINT('',(0.654587669722,0.415662416672));
#6900 = CARTESIAN_POINT('',(0.653256062404,0.422627601649));
#6901 = CARTESIAN_POINT('',(0.652026100937,0.429663108005));
#6902 = CARTESIAN_POINT('',(0.650896171814,0.436765051054));
#6903 = CARTESIAN_POINT('',(0.649865237198,0.443930135215));
#6904 = CARTESIAN_POINT('',(0.648932834923,0.451155654019));
#6905 = CARTESIAN_POINT('',(0.648099078492,0.458439490103));
#6906 = CARTESIAN_POINT('',(0.647067605377,0.468749227579));
#6907 = CARTESIAN_POINT('',(0.646786819321,0.471727538216));
#6908 = CARTESIAN_POINT('',(0.646522351554,0.47471490538));
#6909 = CARTESIAN_POINT('',(0.646274273115,0.477711173984));
#6910 = CARTESIAN_POINT('',(0.64604267344,0.480716175599));
#6911 = CARTESIAN_POINT('',(0.645827660357,0.483729728453));
#6912 = CARTESIAN_POINT('',(0.645629360091,0.48675163743));
#6913 = CARTESIAN_POINT('',(0.645181752995,0.494226575784));
#6914 = CARTESIAN_POINT('',(0.644951866524,0.498688943013));
#6915 = CARTESIAN_POINT('',(0.644758710388,0.503168148135));
#6916 = CARTESIAN_POINT('',(0.644602827995,0.507663393355));
#6917 = CARTESIAN_POINT('',(0.644484847554,0.512173712861));
#6918 = CARTESIAN_POINT('',(0.644405476,0.516697954977));
#6919 = CARTESIAN_POINT('',(0.64436549293,0.521234764319));
#6920 = CARTESIAN_POINT('',(0.644365969001,0.529847118465));
#6921 = CARTESIAN_POINT('',(0.644398332567,0.533920425948));
#6922 = CARTESIAN_POINT('',(0.644463435548,0.538001328573));
#6923 = CARTESIAN_POINT('',(0.644561921706,0.542088495236));
#6924 = CARTESIAN_POINT('',(0.64469446763,0.546180406431));
#6925 = CARTESIAN_POINT('',(0.644861772102,0.550275339131));
#6926 = CARTESIAN_POINT('',(0.645064545477,0.554371351672));
#6927 = CARTESIAN_POINT('',(0.645718158269,0.565572227588));
#6928 = CARTESIAN_POINT('',(0.646241812355,0.572675787594));
#6929 = CARTESIAN_POINT('',(0.646878156813,0.579764441185));
#6930 = CARTESIAN_POINT('',(0.647630796391,0.586824578883));
#6931 = CARTESIAN_POINT('',(0.648503160527,0.593841274191));
#6932 = CARTESIAN_POINT('',(0.649498273427,0.600798125294));
#6933 = CARTESIAN_POINT('',(0.650618378784,0.607677153474));
#6934 = CARTESIAN_POINT('',(0.65277915958,0.619437265504));
#6935 = CARTESIAN_POINT('',(0.65376192518,0.624364098174));
#6936 = CARTESIAN_POINT('',(0.654813164341,0.629231752908));
#6937 = CARTESIAN_POINT('',(0.655933134797,0.634033091908));
#6938 = CARTESIAN_POINT('',(0.657121877591,0.638761316328));
#6939 = CARTESIAN_POINT('',(0.658379191033,0.643409939677));
#6940 = CARTESIAN_POINT('',(0.659704604663,0.647972761228));
#6941 = CARTESIAN_POINT('',(0.661784473453,0.654649674468));
#6942 = CARTESIAN_POINT('',(0.662488000193,0.65683323512));
#6943 = CARTESIAN_POINT('',(0.663207851815,0.658993843831));
#6944 = CARTESIAN_POINT('',(0.663943936621,0.661130854408));
#6945 = CARTESIAN_POINT('',(0.664696152833,0.663243652017));
#6946 = CARTESIAN_POINT('',(0.665464388587,0.665331653182));
#6947 = CARTESIAN_POINT('',(0.666248521934,0.667394305787));
#6948 = CARTESIAN_POINT('',(0.668436691005,0.672966040495));
#6949 = CARTESIAN_POINT('',(0.669872452129,0.676423066147));
#6950 = CARTESIAN_POINT('',(0.671355022977,0.679799442869));
#6951 = CARTESIAN_POINT('',(0.67288364708,0.683092729319));
#6952 = CARTESIAN_POINT('',(0.674457498998,0.686300739199));
#6953 = CARTESIAN_POINT('',(0.676075690572,0.689421514488));
#6954 = CARTESIAN_POINT('',(0.677737277173,0.692453298669));
#6955 = CARTESIAN_POINT('',(0.681336104515,0.698665148938));
#6956 = CARTESIAN_POINT('',(0.683283347585,0.701823745114));
#6957 = CARTESIAN_POINT('',(0.685281649517,0.704868171337));
#6958 = CARTESIAN_POINT('',(0.687329549361,0.707796493018));
#6959 = CARTESIAN_POINT('',(0.689425477804,0.710606951235));
#6960 = CARTESIAN_POINT('',(0.691567766116,0.713297945826));
#6961 = CARTESIAN_POINT('',(0.693754655087,0.715868018493));
#6962 = CARTESIAN_POINT('',(0.701966286672,0.724883155743));
#6963 = CARTESIAN_POINT('',(0.708253083255,0.730567151944));
#6964 = CARTESIAN_POINT('',(0.714812274049,0.735347656646));
#6965 = CARTESIAN_POINT('',(0.721602044794,0.739200658897));
#6966 = CARTESIAN_POINT('',(0.728571177285,0.742105260414));
#6967 = CARTESIAN_POINT('',(0.735661294078,0.74404752528));
#6968 = CARTESIAN_POINT('',(0.742811357237,0.745021223572));
#6969 = CARTESIAN_POINT('',(0.755182563979,0.74502854496));
#6970 = CARTESIAN_POINT('',(0.760400317069,0.744515649708));
#6971 = CARTESIAN_POINT('',(0.765594727061,0.743486910311));
#6972 = CARTESIAN_POINT('',(0.770742093729,0.741944209699));
#6973 = CARTESIAN_POINT('',(0.775819257169,0.739891596999));
#6974 = CARTESIAN_POINT('',(0.780804593007,0.737335126818));
#6975 = CARTESIAN_POINT('',(0.785678715668,0.734282127364));
#6976 = CARTESIAN_POINT('',(0.794650541881,0.727586148501));
#6977 = CARTESIAN_POINT('',(0.79877388038,0.724045272416));
#6978 = CARTESIAN_POINT('',(0.80278326741,0.720122599905));
#6979 = CARTESIAN_POINT('',(0.806667565869,0.715824333639));
#6980 = CARTESIAN_POINT('',(0.810416533836,0.711157648503));
#6981 = CARTESIAN_POINT('',(0.814021056852,0.706130785431));
#6982 = CARTESIAN_POINT('',(0.817473217952,0.700753138767));
#6983 = CARTESIAN_POINT('',(0.822465684629,0.692084436155));
#6984 = CARTESIAN_POINT('',(0.8241226716,0.689043105617));
#6985 = CARTESIAN_POINT('',(0.825736175482,0.685912940693));
#6986 = CARTESIAN_POINT('',(0.827305255952,0.682695712767));
#6987 = CARTESIAN_POINT('',(0.828829029465,0.679393396389));
#6988 = CARTESIAN_POINT('',(0.830306675507,0.676008196195));
#6989 = CARTESIAN_POINT('',(0.831737442835,0.672542573819));
#6990 = CARTESIAN_POINT('',(0.833871962876,0.667074692466));
#6991 = CARTESIAN_POINT('',(0.834609241015,0.665127194424));
#6992 = CARTESIAN_POINT('',(0.835332380642,0.663157220403));
#6993 = CARTESIAN_POINT('',(0.836041280216,0.661165234897));
#6994 = CARTESIAN_POINT('',(0.836735846152,0.65915172718));
#6995 = CARTESIAN_POINT('',(0.83741599282,0.657117211301));
#6996 = CARTESIAN_POINT('',(0.838081642546,0.65506222609));
#6997 = CARTESIAN_POINT('',(0.840171036256,0.648403691763));
#6998 = CARTESIAN_POINT('',(0.841538339203,0.643722644125));
#6999 = CARTESIAN_POINT('',(0.84283378195,0.638950610226));
#7000 = CARTESIAN_POINT('',(0.844056841749,0.63409429561));
#7001 = CARTESIAN_POINT('',(0.845207295882,0.629160723807));
#7002 = CARTESIAN_POINT('',(0.84628519193,0.624157266769));
#7003 = CARTESIAN_POINT('',(0.847290818049,0.619091675296));
#7004 = CARTESIAN_POINT('',(0.849462621143,0.60718546725));
#7005 = CARTESIAN_POINT('',(0.850574738339,0.600302406511));
#7006 = CARTESIAN_POINT('',(0.851562009681,0.593342506639));
#7007 = CARTESIAN_POINT('',(0.852426712023,0.58632370117));
#7008 = CARTESIAN_POINT('',(0.853171893966,0.579262327523));
#7009 = CARTESIAN_POINT('',(0.853801001,0.572173231543));
#7010 = CARTESIAN_POINT('',(0.854317646031,0.565069926823));
#7011 = CARTESIAN_POINT('',(0.854955695574,0.553955318733));
#7012 = CARTESIAN_POINT('',(0.855151243791,0.549944968644));
#7013 = CARTESIAN_POINT('',(0.855312837606,0.545935784129));
#7014 = CARTESIAN_POINT('',(0.855441143144,0.541929576607));
#7015 = CARTESIAN_POINT('',(0.855536815463,0.537927956952));
#7016 = CARTESIAN_POINT('',(0.855600489014,0.533932349089));
#7017 = CARTESIAN_POINT('',(0.85563276811,0.529944003589));
#7018 = CARTESIAN_POINT('',(0.855635874341,0.521414780954));
#7019 = CARTESIAN_POINT('',(0.855597252772,0.516876495488));
#7020 = CARTESIAN_POINT('',(0.855519200963,0.512350740768));
#7021 = CARTESIAN_POINT('',(0.85540250082,0.50783887963));
#7022 = CARTESIAN_POINT('',(0.855247861708,0.503342069783));
#7023 = CARTESIAN_POINT('',(0.855055914295,0.498861281739));
#7024 = CARTESIAN_POINT('',(0.854827204392,0.494397316759));
#7025 = CARTESIAN_POINT('',(0.854381617453,0.486921210698));
#7026 = CARTESIAN_POINT('',(0.854184193941,0.483899730572));
#7027 = CARTESIAN_POINT('',(0.853970061412,0.480886593505));
#7028 = CARTESIAN_POINT('',(0.853739346634,0.47788199513));
#7029 = CARTESIAN_POINT('',(0.853492158,0.474886117614));
#7030 = CARTESIAN_POINT('',(0.853228585525,0.471899129654));
#7031 = CARTESIAN_POINT('',(0.852948700844,0.468921186482));
#7032 = CARTESIAN_POINT('',(0.8519072419,0.458480982739));
#7033 = CARTESIAN_POINT('',(0.851059042331,0.451068334705));
#7034 = CARTESIAN_POINT('',(0.850108690518,0.443716070663));
#7035 = CARTESIAN_POINT('',(0.849056302682,0.436426415749));
#7036 = CARTESIAN_POINT('',(0.847901379254,0.429202235331));
#7037 = CARTESIAN_POINT('',(0.84664280488,0.422047035012));
#7038 = CARTESIAN_POINT('',(0.845278848413,0.414964960626));
#7039 = CARTESIAN_POINT('',(0.842230473559,0.400456866072));
#7040 = CARTESIAN_POINT('',(0.840530314483,0.39304336449));
#7041 = CARTESIAN_POINT('',(0.838703957036,0.385726556841));
#7042 = CARTESIAN_POINT('',(0.836748091903,0.37851505563));
#7043 = CARTESIAN_POINT('',(0.834659048024,0.371419943351));
#7044 = CARTESIAN_POINT('',(0.832433011492,0.364454893329));
#7045 = CARTESIAN_POINT('',(0.830066244466,0.357636290557));
#7046 = CARTESIAN_POINT('',(0.826264197651,0.347562450091));
#7047 = CARTESIAN_POINT('',(0.8249350102,0.344185430746));
#7048 = CARTESIAN_POINT('',(0.823567306912,0.340854946827));
#7049 = CARTESIAN_POINT('',(0.82216069212,0.337573875749));
#7050 = CARTESIAN_POINT('',(0.820714827589,0.334345308416));
#7051 = CARTESIAN_POINT('',(0.819229450816,0.33117253764));
#7052 = CARTESIAN_POINT('',(0.817704393321,0.328059046557));
#7053 = CARTESIAN_POINT('',(0.814456133185,0.321726596512));
#7054 = CARTESIAN_POINT('',(0.812726671117,0.318517539381));
#7055 = CARTESIAN_POINT('',(0.810951151646,0.315385882155));
#7056 = CARTESIAN_POINT('',(0.809129662307,0.312336412644));
#7057 = CARTESIAN_POINT('',(0.807262468656,0.309374100548));
#7058 = CARTESIAN_POINT('',(0.805350043681,0.306504048051));
#7059 = CARTESIAN_POINT('',(0.803393097201,0.303731440412));
#7060 = CARTESIAN_POINT('',(0.795378398428,0.293034646923));
#7061 = CARTESIAN_POINT('',(0.788967762034,0.285931992381));
#7062 = CARTESIAN_POINT('',(0.782190700226,0.279901472648));
#7063 = CARTESIAN_POINT('',(0.775094191804,0.275083130236));
#7064 = CARTESIAN_POINT('',(0.767748886969,0.271597241735));
#7065 = CARTESIAN_POINT('',(0.760246928839,0.26952657218));
#7066 = CARTESIAN_POINT('',(0.752692839045,0.268902184514));
#7067 = CARTESIAN_POINT('',(0.745189406696,0.269702236172));
#7068 = ( GEOMETRIC_REPRESENTATION_CONTEXT(2) 
PARAMETRIC_REPRESENTATION_CONTEXT() REPRESENTATION_CONTEXT('2D SPACE',''
  ) );
#7069 = PCURVE('',#7070,#7075);
#7070 = PLANE('',#7071);
#7071 = AXIS2_PLACEMENT_3D('',#7072,#7073,#7074);
#7072 = CARTESIAN_POINT('',(-2.E+03,-1.E+03,-8.162997558259));
#7073 = DIRECTION('',(0.,0.,1.));
#7074 = DIRECTION('',(1.,0.,-0.));
#7075 = DEFINITIONAL_REPRESENTATION('',(#7076),#7268);
#7076 = B_SPLINE_CURVE_WITH_KNOTS('',8,(#7077,#7078,#7079,#7080,#7081,
    #7082,#7083,#7084,#7085,#7086,#7087,#7088,#7089,#7090,#7091,#7092,
    #7093,#7094,#7095,#7096,#7097,#7098,#7099,#7100,#7101,#7102,#7103,
    #7104,#7105,#7106,#7107,#7108,#7109,#7110,#7111,#7112,#7113,#7114,
    #7115,#7116,#7117,#7118,#7119,#7120,#7121,#7122,#7123,#7124,#7125,
    #7126,#7127,#7128,#7129,#7130,#7131,#7132,#7133,#7134,#7135,#7136,
    #7137,#7138,#7139,#7140,#7141,#7142,#7143,#7144,#7145,#7146,#7147,
    #7148,#7149,#7150,#7151,#7152,#7153,#7154,#7155,#7156,#7157,#7158,
    #7159,#7160,#7161,#7162,#7163,#7164,#7165,#7166,#7167,#7168,#7169,
    #7170,#7171,#7172,#7173,#7174,#7175,#7176,#7177,#7178,#7179,#7180,
    #7181,#7182,#7183,#7184,#7185,#7186,#7187,#7188,#7189,#7190,#7191,
    #7192,#7193,#7194,#7195,#7196,#7197,#7198,#7199,#7200,#7201,#7202,
    #7203,#7204,#7205,#7206,#7207,#7208,#7209,#7210,#7211,#7212,#7213,
    #7214,#7215,#7216,#7217,#7218,#7219,#7220,#7221,#7222,#7223,#7224,
    #7225,#7226,#7227,#7228,#7229,#7230,#7231,#7232,#7233,#7234,#7235,
    #7236,#7237,#7238,#7239,#7240,#7241,#7242,#7243,#7244,#7245,#7246,
    #7247,#7248,#7249,#7250,#7251,#7252,#7253,#7254,#7255,#7256,#7257,
    #7258,#7259,#7260,#7261,#7262,#7263,#7264,#7265,#7266,#7267),
  .UNSPECIFIED.,.F.,.F.,(9,7,7,7,7,7,7,7,7,7,7,7,7,7,7,7,7,7,7,7,7,7,7,7
    ,7,7,7,9),(0.,9.443092877276E-02,0.119111273765,0.1671313262,
    0.211214069273,0.229044512194,0.255200528197,0.278577229392,
    0.319143101945,0.348923291865,0.363615536926,0.389114752736,
    0.417469985934,0.493545020573,0.549041574065,0.598451727669,
    0.623951823767,0.637802484346,0.668399995537,0.708960930458,
    0.731849877148,0.758012513059,0.775838405977,0.820700702214,
    0.868764061949,0.893477953694,0.920066121273,1.),.UNSPECIFIED.);
#7077 = CARTESIAN_POINT('',(2.004347066977E+03,999.72124652549));
#7078 = CARTESIAN_POINT('',(2.004369043878E+03,999.20730866461));
#7079 = CARTESIAN_POINT('',(2.004437339945E+03,998.69489920896));
#7080 = CARTESIAN_POINT('',(2.004551809899E+03,998.1895573875));
#7081 = CARTESIAN_POINT('',(2.00471121915E+03,997.6961469718));
#7082 = CARTESIAN_POINT('',(2.004913708527E+03,997.21899285682));
#7083 = CARTESIAN_POINT('',(2.005156536809E+03,996.76178475444));
#7084 = CARTESIAN_POINT('',(2.005436215897E+03,996.32762644913));
#7085 = CARTESIAN_POINT('',(2.005830370447E+03,995.81233876649));
#7086 = CARTESIAN_POINT('',(2.005914299164E+03,995.7072977108));
#7087 = CARTESIAN_POINT('',(2.006000421963E+03,995.6040245337));
#7088 = CARTESIAN_POINT('',(2.006088674301E+03,995.50255507687));
#7089 = CARTESIAN_POINT('',(2.006178991727E+03,995.40292220104));
#7090 = CARTESIAN_POINT('',(2.006271310307E+03,995.30515616879));
#7091 = CARTESIAN_POINT('',(2.006365567058E+03,995.2092850274));
#7092 = CARTESIAN_POINT('',(2.006648745031E+03,994.93253832147));
#7093 = CARTESIAN_POINT('',(2.006842884951E+03,994.75702290198));
#7094 = CARTESIAN_POINT('',(2.007043675641E+03,994.58897024889));
#7095 = CARTESIAN_POINT('',(2.007250683189E+03,994.42854921071));
#7096 = CARTESIAN_POINT('',(2.007463489807E+03,994.27592341283));
#7097 = CARTESIAN_POINT('',(2.007681699357E+03,994.13125870177));
#7098 = CARTESIAN_POINT('',(2.007904942876E+03,993.99473058933));
#7099 = CARTESIAN_POINT('',(2.008342134168E+03,993.74884529811));
#7100 = CARTESIAN_POINT('',(2.008555322086E+03,993.63818958777));
#7101 = CARTESIAN_POINT('',(2.008772189073E+03,993.53471127113));
#7102 = CARTESIAN_POINT('',(2.008992472616E+03,993.43858384108));
#7103 = CARTESIAN_POINT('',(2.009215906476E+03,993.35000757817));
#7104 = CARTESIAN_POINT('',(2.009442220694E+03,993.26920955054));
#7105 = CARTESIAN_POINT('',(2.009671141583E+03,993.19644361395));
#7106 = CARTESIAN_POINT('',(2.009995927628E+03,993.10592053467));
#7107 = CARTESIAN_POINT('',(2.010089842332E+03,993.08121125912));
#7108 = CARTESIAN_POINT('',(2.010184116498E+03,993.05788155484));
#7109 = CARTESIAN_POINT('',(2.010278729933E+03,993.03595112444));
#7110 = CARTESIAN_POINT('',(2.010373661598E+03,993.01544040339));
#7111 = CARTESIAN_POINT('',(2.010468889612E+03,992.99637056001));
#7112 = CARTESIAN_POINT('',(2.010564391249E+03,992.97876349549));
#7113 = CARTESIAN_POINT('',(2.010800604032E+03,992.93899241686));
#7114 = CARTESIAN_POINT('',(2.010941601753E+03,992.91853949746));
#7115 = CARTESIAN_POINT('',(2.011083062367E+03,992.90135365349));
#7116 = CARTESIAN_POINT('',(2.011224905547E+03,992.8875088905));
#7117 = CARTESIAN_POINT('',(2.011367044278E+03,992.87708141775));
#7118 = CARTESIAN_POINT('',(2.01150938475E+03,992.87014841417));
#7119 = CARTESIAN_POINT('',(2.011651826256E+03,992.86678679443));
#7120 = CARTESIAN_POINT('',(2.011921560958E+03,992.86732681389));
#7121 = CARTESIAN_POINT('',(2.012048854693E+03,992.8704946313));
#7122 = CARTESIAN_POINT('',(2.012176064603E+03,992.87662891417));
#7123 = CARTESIAN_POINT('',(2.012303107526E+03,992.88578214685));
#7124 = CARTESIAN_POINT('',(2.012429894953E+03,992.89800444674));
#7125 = CARTESIAN_POINT('',(2.012556333144E+03,992.91334220004));
#7126 = CARTESIAN_POINT('',(2.012682323249E+03,992.93183669759));
#7127 = CARTESIAN_POINT('',(2.013025435855E+03,992.99115484253));
#7128 = CARTESIAN_POINT('',(2.01324147585E+03,993.03840224841));
#7129 = CARTESIAN_POINT('',(2.013455304031E+03,993.09544436755));
#7130 = CARTESIAN_POINT('',(2.013666330705E+03,993.16239650749));
#7131 = CARTESIAN_POINT('',(2.013873959134E+03,993.23929489132));
#7132 = CARTESIAN_POINT('',(2.014077591973E+03,993.32607848992));
#7133 = CARTESIAN_POINT('',(2.014276638896E+03,993.42256769927));
#7134 = CARTESIAN_POINT('',(2.014612861151E+03,993.60616260852));
#7135 = CARTESIAN_POINT('',(2.014752439676E+03,993.68895522392));
#7136 = CARTESIAN_POINT('',(2.014889039453E+03,993.77669694615));
#7137 = CARTESIAN_POINT('',(2.015022467602E+03,993.86924075368));
#7138 = CARTESIAN_POINT('',(2.015152558036E+03,993.9664159557));
#7139 = CARTESIAN_POINT('',(2.015279169635E+03,994.06803078176));
#7140 = CARTESIAN_POINT('',(2.015402184407E+03,994.17387497135));
#7141 = CARTESIAN_POINT('',(2.015580373571E+03,994.33791614776));
#7142 = CARTESIAN_POINT('',(2.015638343813E+03,994.39308587098));
#7143 = CARTESIAN_POINT('',(2.015695405812E+03,994.44920496516));
#7144 = CARTESIAN_POINT('',(2.015751550472E+03,994.50624672764));
#7145 = CARTESIAN_POINT('',(2.01580677017E+03,994.564184321));
#7146 = CARTESIAN_POINT('',(2.015861058757E+03,994.6229907731));
#7147 = CARTESIAN_POINT('',(2.015914411556E+03,994.68263897706));
#7148 = CARTESIAN_POINT('',(2.016057792386E+03,994.84803824975));
#7149 = CARTESIAN_POINT('',(2.016145930524E+03,994.95542904814));
#7150 = CARTESIAN_POINT('',(2.016231222213E+03,995.06513321754));
#7151 = CARTESIAN_POINT('',(2.016313661585E+03,995.17701215079));
#7152 = CARTESIAN_POINT('',(2.016393252666E+03,995.29093079876));
#7153 = CARTESIAN_POINT('',(2.016470007591E+03,995.40675896653));
#7154 = CARTESIAN_POINT('',(2.016543944802E+03,995.52437260966));
#7155 = CARTESIAN_POINT('',(2.016694198013E+03,995.77629770688));
#7156 = CARTESIAN_POINT('',(2.016769851813E+03,995.91100203591));
#7157 = CARTESIAN_POINT('',(2.016842081799E+03,996.04760871745));
#7158 = CARTESIAN_POINT('',(2.016910926161E+03,996.18596678355));
#7159 = CARTESIAN_POINT('',(2.016976426671E+03,996.32593441606));
#7160 = CARTESIAN_POINT('',(2.017038627208E+03,996.46737966433));
#7161 = CARTESIAN_POINT('',(2.017097572277E+03,996.61018116282));
#7162 = CARTESIAN_POINT('',(2.017302833731E+03,997.14069693224));
#7163 = CARTESIAN_POINT('',(2.017429169428E+03,997.53594644644));
#7164 = CARTESIAN_POINT('',(2.01753328776E+03,997.93805110884));
#7165 = CARTESIAN_POINT('',(2.017615895312E+03,998.34529340216));
#7166 = CARTESIAN_POINT('',(2.017677508556E+03,998.75614908234));
#7167 = CARTESIAN_POINT('',(2.017718488712E+03,999.16927922161));
#7168 = CARTESIAN_POINT('',(2.017739033027E+03,999.58352978655));
#7169 = CARTESIAN_POINT('',(2.017739187397E+03,1.000300249831E+03));
#7170 = CARTESIAN_POINT('',(2.01772836585E+03,1.000602534574E+03));
#7171 = CARTESIAN_POINT('',(2.017706661098E+03,1.000904375912E+03));
#7172 = CARTESIAN_POINT('',(2.017674020517E+03,1.00120532005E+03));
#7173 = CARTESIAN_POINT('',(2.017630344696E+03,1.001504877381E+03));
#7174 = CARTESIAN_POINT('',(2.017575487657E+03,1.001802522279E+03));
#7175 = CARTESIAN_POINT('',(2.017509248197E+03,1.002097691778E+03));
#7176 = CARTESIAN_POINT('',(2.017361999419E+03,1.002649840391E+03));
#7177 = CARTESIAN_POINT('',(2.017283421492E+03,1.002907403595E+03));
#7178 = CARTESIAN_POINT('',(2.017195429278E+03,1.003162056621E+03));
#7179 = CARTESIAN_POINT('',(2.017097807342E+03,1.0034132909E+03));
#7180 = CARTESIAN_POINT('',(2.016990322415E+03,1.003660508717E+03));
#7181 = CARTESIAN_POINT('',(2.016872736397E+03,1.003903028595E+03));
#7182 = CARTESIAN_POINT('',(2.016744824085E+03,1.004140092743E+03));
#7183 = CARTESIAN_POINT('',(2.016534954036E+03,1.004489981946E+03));
#7184 = CARTESIAN_POINT('',(2.016460715571E+03,1.004607407662E+03));
#7185 = CARTESIAN_POINT('',(2.016383657598E+03,1.004723036609E+03));
#7186 = CARTESIAN_POINT('',(2.016303762128E+03,1.004836744266E+03));
#7187 = CARTESIAN_POINT('',(2.016221017583E+03,1.004948400018E+03));
#7188 = CARTESIAN_POINT('',(2.016135420609E+03,1.00505786847E+03));
#7189 = CARTESIAN_POINT('',(2.016046977869E+03,1.005165010755E+03));
#7190 = CARTESIAN_POINT('',(2.015906133499E+03,1.005326541245E+03));
#7191 = CARTESIAN_POINT('',(2.015855725154E+03,1.005382668968E+03));
#7192 = CARTESIAN_POINT('',(2.015804485664E+03,1.005438046211E+03));
#7193 = CARTESIAN_POINT('',(2.015752419038E+03,1.005492650271E+03));
#7194 = CARTESIAN_POINT('',(2.015699530448E+03,1.005546458551E+03));
#7195 = CARTESIAN_POINT('',(2.015645826228E+03,1.005599448556E+03));
#7196 = CARTESIAN_POINT('',(2.015591313877E+03,1.005651597897E+03));
#7197 = CARTESIAN_POINT('',(2.015413812664E+03,1.005816181348E+03));
#7198 = CARTESIAN_POINT('',(2.015287715428E+03,1.005925274167E+03));
#7199 = CARTESIAN_POINT('',(2.015157813373E+03,1.006029916307E+03));
#7200 = CARTESIAN_POINT('',(2.015024233129E+03,1.006129878833E+03));
#7201 = CARTESIAN_POINT('',(2.014887127031E+03,1.006224953281E+03));
#7202 = CARTESIAN_POINT('',(2.014746675225E+03,1.006314954634E+03));
#7203 = CARTESIAN_POINT('',(2.014603087768E+03,1.006399724281E+03));
#7204 = CARTESIAN_POINT('',(2.014262427189E+03,1.006584399536E+03));
#7205 = CARTESIAN_POINT('',(2.014063117534E+03,1.006680270013E+03));
#7206 = CARTESIAN_POINT('',(2.013859254313E+03,1.006766426967E+03));
#7207 = CARTESIAN_POINT('',(2.013651428987E+03,1.006842695959E+03));
#7208 = CARTESIAN_POINT('',(2.013440239103E+03,1.006909020796E+03));
#7209 = CARTESIAN_POINT('',(2.013226280667E+03,1.00696544197E+03));
#7210 = CARTESIAN_POINT('',(2.0130101417E+03,1.00701207832E+03));
#7211 = CARTESIAN_POINT('',(2.01266952146E+03,1.007070010367E+03));
#7212 = CARTESIAN_POINT('',(2.01254612593E+03,1.007087852258E+03));
#7213 = CARTESIAN_POINT('',(2.012422307522E+03,1.007102670751E+03));
#7214 = CARTESIAN_POINT('',(2.012298158763E+03,1.007114504861E+03));
#7215 = CARTESIAN_POINT('',(2.012173767469E+03,1.007123398235E+03));
#7216 = CARTESIAN_POINT('',(2.012049216642E+03,1.007129397924E+03));
#7217 = CARTESIAN_POINT('',(2.011924584364E+03,1.007132553156E+03));
#7218 = CARTESIAN_POINT('',(2.011657476324E+03,1.007133326726E+03));
#7219 = CARTESIAN_POINT('',(2.011514998963E+03,1.007130088613E+03));
#7220 = CARTESIAN_POINT('',(2.011372619627E+03,1.007123275183E+03));
#7221 = CARTESIAN_POINT('',(2.011230439304E+03,1.00711296339E+03));
#7222 = CARTESIAN_POINT('',(2.011088552055E+03,1.007099230486E+03));
#7223 = CARTESIAN_POINT('',(2.010947045115E+03,1.007082152777E+03));
#7224 = CARTESIAN_POINT('',(2.010805998991E+03,1.007061804373E+03));
#7225 = CARTESIAN_POINT('',(2.010569750239E+03,1.007022211307E+03));
#7226 = CARTESIAN_POINT('',(2.010474261827E+03,1.007004681134E+03));
#7227 = CARTESIAN_POINT('',(2.010379045919E+03,1.006985688066E+03));
#7228 = CARTESIAN_POINT('',(2.010284125259E+03,1.006965254008E+03));
#7229 = CARTESIAN_POINT('',(2.010189521741E+03,1.006943400139E+03));
#7230 = CARTESIAN_POINT('',(2.010095256414E+03,1.006920146902E+03));
#7231 = CARTESIAN_POINT('',(2.010001349479E+03,1.006895514012E+03));
#7232 = CARTESIAN_POINT('',(2.00967243767E+03,1.006804102789E+03));
#7233 = CARTESIAN_POINT('',(2.009439462569E+03,1.006730071246E+03));
#7234 = CARTESIAN_POINT('',(2.009209187036E+03,1.006647721825E+03));
#7235 = CARTESIAN_POINT('',(2.008981899318E+03,1.006557321893E+03));
#7236 = CARTESIAN_POINT('',(2.008757883854E+03,1.006459110182E+03));
#7237 = CARTESIAN_POINT('',(2.008537421281E+03,1.006353296785E+03));
#7238 = CARTESIAN_POINT('',(2.008320788432E+03,1.006240063161E+03));
#7239 = CARTESIAN_POINT('',(2.007880561705E+03,1.005990461743E+03));
#7240 = CARTESIAN_POINT('',(2.007657599818E+03,1.005853033765E+03));
#7241 = CARTESIAN_POINT('',(2.007439710866E+03,1.005707469708E+03));
#7242 = CARTESIAN_POINT('',(2.007227266156E+03,1.005553944409E+03));
#7243 = CARTESIAN_POINT('',(2.007020664449E+03,1.005392623609E+03));
#7244 = CARTESIAN_POINT('',(2.006820326283E+03,1.005223671516E+03));
#7245 = CARTESIAN_POINT('',(2.006626688314E+03,1.005047258384E+03));
#7246 = CARTESIAN_POINT('',(2.006344305247E+03,1.004769115613E+03));
#7247 = CARTESIAN_POINT('',(2.006250304856E+03,1.004672741352E+03));
#7248 = CARTESIAN_POINT('',(2.006158258495E+03,1.004574471866E+03));
#7249 = CARTESIAN_POINT('',(2.006068229539E+03,1.004474335617E+03));
#7250 = CARTESIAN_POINT('',(2.005980282275E+03,1.00437236334E+03));
#7251 = CARTESIAN_POINT('',(2.005894481466E+03,1.00426858843E+03));
#7252 = CARTESIAN_POINT('',(2.005810891915E+03,1.00416304733E+03));
#7253 = CARTESIAN_POINT('',(2.005642097406E+03,1.003940377489E+03));
#7254 = CARTESIAN_POINT('',(2.005557250446E+03,1.003822976666E+03));
#7255 = CARTESIAN_POINT('',(2.005475117714E+03,1.003703627526E+03));
#7256 = CARTESIAN_POINT('',(2.005395778822E+03,1.003582384411E+03));
#7257 = CARTESIAN_POINT('',(2.005319311808E+03,1.003459306323E+03));
#7258 = CARTESIAN_POINT('',(2.00524579251E+03,1.003334457315E+03));
#7259 = CARTESIAN_POINT('',(2.00517529395E+03,1.003207906888E+03));
#7260 = CARTESIAN_POINT('',(2.004905231518E+03,1.002694384294E+03));
#7261 = CARTESIAN_POINT('',(2.004730415816E+03,1.002294164129E+03));
#7262 = CARTESIAN_POINT('',(2.004585500496E+03,1.001881335426E+03));
#7263 = CARTESIAN_POINT('',(2.004472013326E+03,1.001458373339E+03));
#7264 = CARTESIAN_POINT('',(2.004390977979E+03,1.001027953482E+03));
#7265 = CARTESIAN_POINT('',(2.004343029573E+03,1.000592924039E+03));
#7266 = CARTESIAN_POINT('',(2.004328463711E+03,1.000156290763E+03));
#7267 = CARTESIAN_POINT('',(2.004347066977E+03,999.72124652549));
#7268 = ( GEOMETRIC_REPRESENTATION_CONTEXT(2) 
PARAMETRIC_REPRESENTATION_CONTEXT() REPRESENTATION_CONTEXT('2D SPACE',''
  ) );
#7269 = ADVANCED_FACE('',(#7270),#6652,.F.);
#7270 = FACE_BOUND('',#7271,.T.);
#7271 = EDGE_LOOP('',(#7272));
#7272 = ORIENTED_EDGE('',*,*,#6626,.T.);
#7273 = ADVANCED_FACE('',(#7274),#6601,.T.);
#7274 = FACE_BOUND('',#7275,.T.);
#7275 = EDGE_LOOP('',(#7276));
#7276 = ORIENTED_EDGE('',*,*,#6575,.F.);
#7277 = ADVANCED_FACE('',(#7278),#7070,.F.);
#7278 = FACE_BOUND('',#7279,.F.);
#7279 = EDGE_LOOP('',(#7280));
#7280 = ORIENTED_EDGE('',*,*,#6678,.T.);
#7281 = ( GEOMETRIC_REPRESENTATION_CONTEXT(3) 
GLOBAL_UNCERTAINTY_ASSIGNED_CONTEXT((#7285)) 
GLOBAL_UNIT_ASSIGNED_CONTEXT((#7282,#7283,#7284)) REPRESENTATION_CONTEXT
('Context #1','3D Context with UNIT and UNCERTAINTY') );
#7282 = ( LENGTH_UNIT() NAMED_UNIT(*) SI_UNIT(.MILLI.,.METRE.) );
#7283 = ( NAMED_UNIT(*) PLANE_ANGLE_UNIT() SI_UNIT($,.RADIAN.) );
#7284 = ( NAMED_UNIT(*) SI_UNIT($,.STERADIAN.) SOLID_ANGLE_UNIT() );
#7285 = UNCERTAINTY_MEASURE_WITH_UNIT(LENGTH_MEASURE(1.E-06),#7282,
  'distance_accuracy_value','confusion accuracy');
#7286 = CONTEXT_DEPENDENT_SHAPE_REPRESENTATION(#7287,#7289);
#7287 = ( REPRESENTATION_RELATIONSHIP('','',#6449,#10) 
REPRESENTATION_RELATIONSHIP_WITH_TRANSFORMATION(#7288) 
SHAPE_REPRESENTATION_RELATIONSHIP() );
#7288 = ITEM_DEFINED_TRANSFORMATION('','',#11,#43);
#7289 = PRODUCT_DEFINITION_SHAPE('Placement','Placement of an item',
  #7290);
#7290 = NEXT_ASSEMBLY_USAGE_OCCURRENCE('8','tomato_1','',#5,#6444,$);
#7291 = PRODUCT_RELATED_PRODUCT_CATEGORY('part',$,(#6446));
#7292 = SHAPE_DEFINITION_REPRESENTATION(#7293,#7299);
#7293 = PRODUCT_DEFINITION_SHAPE('','',#7294);
#7294 = PRODUCT_DEFINITION('design','',#7295,#7298);
#7295 = PRODUCT_DEFINITION_FORMATION('','',#7296);
#7296 = PRODUCT('tomato_2','tomato_2','',(#7297));
#7297 = PRODUCT_CONTEXT('',#2,'mechanical');
#7298 = PRODUCT_DEFINITION_CONTEXT('part definition',#2,'design');
#7299 = ADVANCED_BREP_SHAPE_REPRESENTATION('',(#11,#7300),#8014);
#7300 = MANIFOLD_SOLID_BREP('',#7301);
#7301 = CLOSED_SHELL('',(#7302,#8002,#8006,#8010));
#7302 = ADVANCED_FACE('',(#7303,#7525),#7320,.T.);
#7303 = FACE_BOUND('',#7304,.T.);
#7304 = EDGE_LOOP('',(#7305,#7424,#7474,#7475));
#7305 = ORIENTED_EDGE('',*,*,#7306,.F.);
#7306 = EDGE_CURVE('',#7307,#7309,#7311,.T.);
#7307 = VERTEX_POINT('',#7308);
#7308 = CARTESIAN_POINT('',(7.549516567451E-16,3.4,-7.549516567451E-16)
  );
#7309 = VERTEX_POINT('',#7310);
#7310 = CARTESIAN_POINT('',(24.,3.6,-7.993605777301E-16));
#7311 = SEAM_CURVE('',#7312,(#7319,#7417),.PCURVE_S1.);
#7312 = ( BOUNDED_CURVE() B_SPLINE_CURVE(5,(#7313,#7314,#7315,#7316,
#7317,#7318),.UNSPECIFIED.,.F.,.F.) B_SPLINE_CURVE_WITH_KNOTS((6,6),(0.,
1.),.PIECEWISE_BEZIER_KNOTS.) CURVE() GEOMETRIC_REPRESENTATION_ITEM() 
RATIONAL_B_SPLINE_CURVE((1.,1.,1.,1.,1.,1.)) REPRESENTATION_ITEM('') );
#7313 = CARTESIAN_POINT('',(7.549516567451E-16,3.4,-3.811252508017E-15)
  );
#7314 = CARTESIAN_POINT('',(2.74546717221,9.892063076131,
    -8.286989619022E-14));
#7315 = CARTESIAN_POINT('',(4.86380262276,9.694968741207,
    1.485081425515E-13));
#7316 = CARTESIAN_POINT('',(19.576034038516,18.517748544468,
    -1.843006370352E-13));
#7317 = CARTESIAN_POINT('',(20.238335966678,6.264974186751,
    7.927592157643E-14));
#7318 = CARTESIAN_POINT('',(24.,3.6,-2.052987449942E-15));
#7319 = PCURVE('',#7320,#7411);
#7320 = ( BOUNDED_SURFACE() B_SPLINE_SURFACE(14,5,(
    (#7321,#7322,#7323,#7324,#7325,#7326)
    ,(#7327,#7328,#7329,#7330,#7331,#7332)
    ,(#7333,#7334,#7335,#7336,#7337,#7338)
    ,(#7339,#7340,#7341,#7342,#7343,#7344)
    ,(#7345,#7346,#7347,#7348,#7349,#7350)
    ,(#7351,#7352,#7353,#7354,#7355,#7356)
    ,(#7357,#7358,#7359,#7360,#7361,#7362)
    ,(#7363,#7364,#7365,#7366,#7367,#7368)
    ,(#7369,#7370,#7371,#7372,#7373,#7374)
    ,(#7375,#7376,#7377,#7378,#7379,#7380)
    ,(#7381,#7382,#7383,#7384,#7385,#7386)
    ,(#7387,#7388,#7389,#7390,#7391,#7392)
    ,(#7393,#7394,#7395,#7396,#7397,#7398)
    ,(#7399,#7400,#7401,#7402,#7403,#7404)
    ,(#7405,#7406,#7407,#7408,#7409,#7410
)),.UNSPECIFIED.,.T.,.F.,.F.) B_SPLINE_SURFACE_WITH_KNOTS((15,15),(6,6),
  (0.,1.),(0.,1.),.PIECEWISE_BEZIER_KNOTS.) 
GEOMETRIC_REPRESENTATION_ITEM() RATIONAL_B_SPLINE_SURFACE((
    (1.,1.,1.,1.,1.,1.)
    ,(1.,1.,1.,1.,1.,1.)
    ,(1.,1.,1.,1.,1.,1.)
    ,(1.,1.,1.,1.,1.,1.)
    ,(1.,1.,1.,1.,1.,1.)
    ,(1.,1.,1.,1.,1.,1.)
    ,(1.,1.,1.,1.,1.,1.)
    ,(1.,1.,1.,1.,1.,1.)
    ,(1.,1.,1.,1.,1.,1.)
    ,(1.,1.,1.,1.,1.,1.)
    ,(1.,1.,1.,1.,1.,1.)
    ,(1.,1.,1.,1.,1.,1.)
    ,(1.,1.,1.,1.,1.,1.)
    ,(1.,1.,1.,1.,1.,1.)
,(1.,1.,1.,1.,1.,1.))) REPRESENTATION_ITEM('') SURFACE() );
#7321 = CARTESIAN_POINT('',(7.549516567451E-16,3.4,-3.811252508017E-15)
  );
#7322 = CARTESIAN_POINT('',(2.74546717221,9.892063076131,
    -8.286989619022E-14));
#7323 = CARTESIAN_POINT('',(4.86380262276,9.694968741207,
    1.485081425515E-13));
#7324 = CARTESIAN_POINT('',(19.576034038516,18.517748544468,
    -1.843006370352E-13));
#7325 = CARTESIAN_POINT('',(20.238335966678,6.264974186751,
    7.927592157643E-14));
#7326 = CARTESIAN_POINT('',(24.,3.6,-2.052987449942E-15));
#7327 = CARTESIAN_POINT('',(7.549516567451E-16,3.4,1.346396851538));
#7328 = CARTESIAN_POINT('',(2.74546717221,9.892063076132,3.914984595917)
  );
#7329 = CARTESIAN_POINT('',(4.86380262276,9.694968741215,3.758040139312)
  );
#7330 = CARTESIAN_POINT('',(19.576034038516,18.517748544461,7.7331208648
    ));
#7331 = CARTESIAN_POINT('',(20.238335966678,6.264974186757,
    2.255721530863));
#7332 = CARTESIAN_POINT('',(24.,3.6,1.436156641641));
#7333 = CARTESIAN_POINT('',(5.911908857511E-16,2.662487052773,
    2.692794200068));
#7334 = CARTESIAN_POINT('',(2.74546717221,7.746336239123,7.829970636939)
  );
#7335 = CARTESIAN_POINT('',(4.86380262276,7.591989828493,7.51608166579)
  );
#7336 = CARTESIAN_POINT('',(19.576034038516,14.500980400792,
    15.466244584052));
#7337 = CARTESIAN_POINT('',(20.238335966678,4.906015988286,
    4.511443894365));
#7338 = CARTESIAN_POINT('',(24.,2.819103938231,2.872313813406));
#7339 = CARTESIAN_POINT('',(2.636782807585E-16,1.187501406969,
    3.698458039705));
#7340 = CARTESIAN_POINT('',(2.74546717221,3.454842761023,10.754189032439
    ));
#7341 = CARTESIAN_POINT('',(4.86380262276,3.386038928142,10.323073580396
    ));
#7342 = CARTESIAN_POINT('',(19.576034038516,6.467464451532,
    21.242342480113));
#7343 = CARTESIAN_POINT('',(20.238335966678,2.188051102079,
    6.196309373155));
#7344 = CARTESIAN_POINT('',(24.,1.257354430909,3.94502190902));
#7345 = CARTESIAN_POINT('',(-1.786522751697E-16,-0.804578319883,
    4.022692787505));
#7346 = CARTESIAN_POINT('',(2.74546717221,-2.340475146851,
    11.696982415778));
#7347 = CARTESIAN_POINT('',(4.86380262276,-2.2939563725,11.228072129032)
  );
#7348 = CARTESIAN_POINT('',(19.576034038516,-4.381559086669,
    23.104606559303));
#7349 = CARTESIAN_POINT('',(20.238335966678,-1.482243363512,
    6.739524622637));
#7350 = CARTESIAN_POINT('',(24.,-0.851906456347,4.290872306671));
#7351 = CARTESIAN_POINT('',(-6.377128996683E-16,-2.872003577316,
    3.446930582992));
#7352 = CARTESIAN_POINT('',(2.74546717221,-8.356784354739,
    10.022810228838));
#7353 = CARTESIAN_POINT('',(4.86380262276,-8.190019086711,9.621014393924
    ));
#7354 = CARTESIAN_POINT('',(19.576034038516,-15.64319875284,
    19.797677616883));
#7355 = CARTESIAN_POINT('',(20.238335966678,-5.292762917856,
    5.774906204358));
#7356 = CARTESIAN_POINT('',(24.,-3.040944964217,3.676725955192));
#7357 = CARTESIAN_POINT('',(-9.883464331726E-16,-4.451116628149,
    1.997655735837));
#7358 = CARTESIAN_POINT('',(2.74546717221,-12.94878582715,5.808682205958
    ));
#7359 = CARTESIAN_POINT('',(4.86380262276,-12.69120586043,5.575822931282
    ));
#7360 = CARTESIAN_POINT('',(19.576034038516,-24.24073687253,
    11.473670065002));
#7361 = CARTESIAN_POINT('',(20.238335966678,-8.200687026216,
    3.346825305937));
#7362 = CARTESIAN_POINT('',(24.,-4.71294701804,2.130832784892));
#7363 = CARTESIAN_POINT('',(-1.120121757726E-15,-5.044579930702,
    -1.310598594884E-13));
#7364 = CARTESIAN_POINT('',(2.74546717221,-14.6785195897,
    -1.016255218208E-12));
#7365 = CARTESIAN_POINT('',(4.86380262276,-14.38556985197,
    3.06228981702E-10));
#7366 = CARTESIAN_POINT('',(19.576034038516,-27.47689449425,
    2.452162844488E-10));
#7367 = CARTESIAN_POINT('',(20.238335966678,-9.296644240831,
    -1.516991140889E-11));
#7368 = CARTESIAN_POINT('',(24.,-5.341319926626,-6.774774633515E-13));
#7369 = CARTESIAN_POINT('',(-9.883464331727E-16,-4.451116628149,
    -1.997655735837));
#7370 = CARTESIAN_POINT('',(2.74546717221,-12.94878582718,
    -5.808682205958));
#7371 = CARTESIAN_POINT('',(4.86380262276,-12.69120586039,
    -5.575822931841));
#7372 = CARTESIAN_POINT('',(19.576034038516,-24.2407368726,
    -11.47367006545));
#7373 = CARTESIAN_POINT('',(20.238335966678,-8.200687026181,
    -3.346825305912));
#7374 = CARTESIAN_POINT('',(24.,-4.712947018041,-2.130832784892));
#7375 = CARTESIAN_POINT('',(-6.377128996682E-16,-2.872003577315,
    -3.446930582991));
#7376 = CARTESIAN_POINT('',(2.74546717221,-8.356784354704,
    -10.02281022883));
#7377 = CARTESIAN_POINT('',(4.86380262276,-8.190019086763,
    -9.621014393501));
#7378 = CARTESIAN_POINT('',(19.576034038516,-15.64319875275,
    -19.79767761654));
#7379 = CARTESIAN_POINT('',(20.238335966678,-5.292762917903,
    -5.774906204372));
#7380 = CARTESIAN_POINT('',(24.,-3.040944964216,-3.676725955191));
#7381 = CARTESIAN_POINT('',(-1.786522751698E-16,-0.804578319884,
    -4.022692787506));
#7382 = CARTESIAN_POINT('',(2.74546717221,-2.340475146879,
    -11.69698241578));
#7383 = CARTESIAN_POINT('',(4.86380262276,-2.293956372461,
    -11.22807212929));
#7384 = CARTESIAN_POINT('',(19.576034038516,-4.381559086739,
    -23.10460655951));
#7385 = CARTESIAN_POINT('',(20.238335966678,-1.482243363476,
    -6.739524622632));
#7386 = CARTESIAN_POINT('',(24.,-0.851906456348,-4.290872306673));
#7387 = CARTESIAN_POINT('',(2.636782807585E-16,1.18750140697,
    -3.698458039704));
#7388 = CARTESIAN_POINT('',(2.74546717221,3.454842761038,-10.75418903243
    ));
#7389 = CARTESIAN_POINT('',(4.86380262276,3.386038928122,-10.32307358027
    ));
#7390 = CARTESIAN_POINT('',(19.576034038516,6.46746445157,-21.24234248)
  );
#7391 = CARTESIAN_POINT('',(20.238335966678,2.18805110206,
    -6.196309373156));
#7392 = CARTESIAN_POINT('',(24.,1.25735443091,-3.945021909018));
#7393 = CARTESIAN_POINT('',(5.91190885751E-16,2.662487052773,
    -2.692794200069));
#7394 = CARTESIAN_POINT('',(2.74546717221,7.746336239118,-7.829970636943
    ));
#7395 = CARTESIAN_POINT('',(4.86380262276,7.591989828499,-7.516081665834
    ));
#7396 = CARTESIAN_POINT('',(19.576034038516,14.500980400778,
    -15.46624458409));
#7397 = CARTESIAN_POINT('',(20.238335966678,4.906015988293,
    -4.511443894366));
#7398 = CARTESIAN_POINT('',(24.,2.81910393823,-2.872313813407));
#7399 = CARTESIAN_POINT('',(7.549516567451E-16,3.4,-1.346396851538));
#7400 = CARTESIAN_POINT('',(2.74546717221,9.892063076133,-3.914984595916
    ));
#7401 = CARTESIAN_POINT('',(4.86380262276,9.694968741213,-3.758040139303
    ));
#7402 = CARTESIAN_POINT('',(19.576034038516,18.517748544465,
    -7.733120864791));
#7403 = CARTESIAN_POINT('',(20.238335966678,6.264974186755,
    -2.255721530863));
#7404 = CARTESIAN_POINT('',(24.,3.6,-1.436156641641));
#7405 = CARTESIAN_POINT('',(7.549516567451E-16,3.4,-2.667624187425E-15)
  );
#7406 = CARTESIAN_POINT('',(2.74546717221,9.892063076132,
    3.721701650212E-14));
#7407 = CARTESIAN_POINT('',(4.86380262276,9.694968741207,
    -3.910832669822E-14));
#7408 = CARTESIAN_POINT('',(19.576034038516,18.517748544469,
    1.985986744839E-14));
#7409 = CARTESIAN_POINT('',(20.238335966678,6.264974186751,
    -7.210471883841E-15));
#7410 = CARTESIAN_POINT('',(24.,3.6,5.8796823021E-16));
#7411 = DEFINITIONAL_REPRESENTATION('',(#7412),#7416);
#7412 = LINE('',#7413,#7414);
#7413 = CARTESIAN_POINT('',(0.,0.));
#7414 = VECTOR('',#7415,1.);
#7415 = DIRECTION('',(0.,1.));
#7416 = ( GEOMETRIC_REPRESENTATION_CONTEXT(2) 
PARAMETRIC_REPRESENTATION_CONTEXT() REPRESENTATION_CONTEXT('2D SPACE',''
  ) );
#7417 = PCURVE('',#7320,#7418);
#7418 = DEFINITIONAL_REPRESENTATION('',(#7419),#7423);
#7419 = LINE('',#7420,#7421);
#7420 = CARTESIAN_POINT('',(1.,0.));
#7421 = VECTOR('',#7422,1.);
#7422 = DIRECTION('',(0.,1.));
#7423 = ( GEOMETRIC_REPRESENTATION_CONTEXT(2) 
PARAMETRIC_REPRESENTATION_CONTEXT() REPRESENTATION_CONTEXT('2D SPACE',''
  ) );
#7424 = ORIENTED_EDGE('',*,*,#7425,.T.);
#7425 = EDGE_CURVE('',#7307,#7307,#7426,.T.);
#7426 = SURFACE_CURVE('',#7427,(#7443,#7450),.PCURVE_S1.);
#7427 = B_SPLINE_CURVE_WITH_KNOTS('',14,(#7428,#7429,#7430,#7431,#7432,
    #7433,#7434,#7435,#7436,#7437,#7438,#7439,#7440,#7441,#7442),
  .UNSPECIFIED.,.T.,.F.,(15,15),(0.,1.),.PIECEWISE_BEZIER_KNOTS.);
#7428 = CARTESIAN_POINT('',(7.549516567451E-16,3.4,-3.811252508017E-15)
  );
#7429 = CARTESIAN_POINT('',(7.549516567451E-16,3.4,1.346396851538));
#7430 = CARTESIAN_POINT('',(5.911908857511E-16,2.662487052773,
    2.692794200068));
#7431 = CARTESIAN_POINT('',(2.636782807585E-16,1.187501406969,
    3.698458039705));
#7432 = CARTESIAN_POINT('',(-1.786522751697E-16,-0.804578319883,
    4.022692787505));
#7433 = CARTESIAN_POINT('',(-6.377128996683E-16,-2.872003577316,
    3.446930582992));
#7434 = CARTESIAN_POINT('',(-9.883464331726E-16,-4.451116628149,
    1.997655735837));
#7435 = CARTESIAN_POINT('',(-1.120121757726E-15,-5.044579930702,
    -1.310598594884E-13));
#7436 = CARTESIAN_POINT('',(-9.883464331727E-16,-4.451116628149,
    -1.997655735837));
#7437 = CARTESIAN_POINT('',(-6.377128996682E-16,-2.872003577315,
    -3.446930582991));
#7438 = CARTESIAN_POINT('',(-1.786522751698E-16,-0.804578319884,
    -4.022692787506));
#7439 = CARTESIAN_POINT('',(2.636782807585E-16,1.18750140697,
    -3.698458039704));
#7440 = CARTESIAN_POINT('',(5.91190885751E-16,2.662487052773,
    -2.692794200069));
#7441 = CARTESIAN_POINT('',(7.549516567451E-16,3.4,-1.346396851538));
#7442 = CARTESIAN_POINT('',(7.549516567451E-16,3.4,-2.667624187425E-15)
  );
#7443 = PCURVE('',#7320,#7444);
#7444 = DEFINITIONAL_REPRESENTATION('',(#7445),#7449);
#7445 = LINE('',#7446,#7447);
#7446 = CARTESIAN_POINT('',(0.,0.));
#7447 = VECTOR('',#7448,1.);
#7448 = DIRECTION('',(1.,0.));
#7449 = ( GEOMETRIC_REPRESENTATION_CONTEXT(2) 
PARAMETRIC_REPRESENTATION_CONTEXT() REPRESENTATION_CONTEXT('2D SPACE',''
  ) );
#7450 = PCURVE('',#7451,#7456);
#7451 = PLANE('',#7452);
#7452 = AXIS2_PLACEMENT_3D('',#7453,#7454,#7455);
#7453 = CARTESIAN_POINT('',(7.549516567451E-16,3.4,-3.811252508017E-15)
  );
#7454 = DIRECTION('',(-1.,2.22044604925E-16,-4.930380657631E-32));
#7455 = DIRECTION('',(-2.22044604925E-16,-1.,7.694614712988E-16));
#7456 = DEFINITIONAL_REPRESENTATION('',(#7457),#7473);
#7457 = B_SPLINE_CURVE_WITH_KNOTS('',14,(#7458,#7459,#7460,#7461,#7462,
    #7463,#7464,#7465,#7466,#7467,#7468,#7469,#7470,#7471,#7472),
  .UNSPECIFIED.,.F.,.F.,(15,15),(0.,1.),.PIECEWISE_BEZIER_KNOTS.);
#7458 = CARTESIAN_POINT('',(0.,0.));
#7459 = CARTESIAN_POINT('',(-5.906386491006E-14,1.346396851538));
#7460 = CARTESIAN_POINT('',(0.737512947227,2.692794200068));
#7461 = CARTESIAN_POINT('',(2.212498593031,3.698458039705));
#7462 = CARTESIAN_POINT('',(4.204578319883,4.022692787505));
#7463 = CARTESIAN_POINT('',(6.272003577316,3.446930582992));
#7464 = CARTESIAN_POINT('',(7.851116628149,1.997655735837));
#7465 = CARTESIAN_POINT('',(8.444579930702,-1.337463858783E-13));
#7466 = CARTESIAN_POINT('',(7.851116628149,-1.997655735837));
#7467 = CARTESIAN_POINT('',(6.272003577315,-3.446930582991));
#7468 = CARTESIAN_POINT('',(4.204578319884,-4.022692787506));
#7469 = CARTESIAN_POINT('',(2.21249859303,-3.698458039704));
#7470 = CARTESIAN_POINT('',(0.737512947227,-2.692794200069));
#7471 = CARTESIAN_POINT('',(-1.292299600664E-13,-1.346396851538));
#7472 = CARTESIAN_POINT('',(-2.6645352591E-15,1.143628320592E-15));
#7473 = ( GEOMETRIC_REPRESENTATION_CONTEXT(2) 
PARAMETRIC_REPRESENTATION_CONTEXT() REPRESENTATION_CONTEXT('2D SPACE',''
  ) );
#7474 = ORIENTED_EDGE('',*,*,#7306,.T.);
#7475 = ORIENTED_EDGE('',*,*,#7476,.F.);
#7476 = EDGE_CURVE('',#7309,#7309,#7477,.T.);
#7477 = SURFACE_CURVE('',#7478,(#7494,#7501),.PCURVE_S1.);
#7478 = B_SPLINE_CURVE_WITH_KNOTS('',14,(#7479,#7480,#7481,#7482,#7483,
    #7484,#7485,#7486,#7487,#7488,#7489,#7490,#7491,#7492,#7493),
  .UNSPECIFIED.,.T.,.F.,(15,15),(0.,1.),.PIECEWISE_BEZIER_KNOTS.);
#7479 = CARTESIAN_POINT('',(24.,3.6,-2.052987449942E-15));
#7480 = CARTESIAN_POINT('',(24.,3.6,1.436156641641));
#7481 = CARTESIAN_POINT('',(24.,2.819103938231,2.872313813406));
#7482 = CARTESIAN_POINT('',(24.,1.257354430909,3.94502190902));
#7483 = CARTESIAN_POINT('',(24.,-0.851906456347,4.290872306671));
#7484 = CARTESIAN_POINT('',(24.,-3.040944964217,3.676725955192));
#7485 = CARTESIAN_POINT('',(24.,-4.71294701804,2.130832784892));
#7486 = CARTESIAN_POINT('',(24.,-5.341319926626,-6.774774633515E-13));
#7487 = CARTESIAN_POINT('',(24.,-4.712947018041,-2.130832784892));
#7488 = CARTESIAN_POINT('',(24.,-3.040944964216,-3.676725955191));
#7489 = CARTESIAN_POINT('',(24.,-0.851906456348,-4.290872306673));
#7490 = CARTESIAN_POINT('',(24.,1.25735443091,-3.945021909018));
#7491 = CARTESIAN_POINT('',(24.,2.81910393823,-2.872313813407));
#7492 = CARTESIAN_POINT('',(24.,3.6,-1.436156641641));
#7493 = CARTESIAN_POINT('',(24.,3.6,5.8796823021E-16));
#7494 = PCURVE('',#7320,#7495);
#7495 = DEFINITIONAL_REPRESENTATION('',(#7496),#7500);
#7496 = LINE('',#7497,#7498);
#7497 = CARTESIAN_POINT('',(0.,1.));
#7498 = VECTOR('',#7499,1.);
#7499 = DIRECTION('',(1.,0.));
#7500 = ( GEOMETRIC_REPRESENTATION_CONTEXT(2) 
PARAMETRIC_REPRESENTATION_CONTEXT() REPRESENTATION_CONTEXT('2D SPACE',''
  ) );
#7501 = PCURVE('',#7502,#7507);
#7502 = PLANE('',#7503);
#7503 = AXIS2_PLACEMENT_3D('',#7504,#7505,#7506);
#7504 = CARTESIAN_POINT('',(24.,3.6,-2.052987449942E-15));
#7505 = DIRECTION('',(-1.,2.22044604925E-16,-4.930380657631E-32));
#7506 = DIRECTION('',(-2.22044604925E-16,-1.,5.503570928277E-16));
#7507 = DEFINITIONAL_REPRESENTATION('',(#7508),#7524);
#7508 = B_SPLINE_CURVE_WITH_KNOTS('',14,(#7509,#7510,#7511,#7512,#7513,
    #7514,#7515,#7516,#7517,#7518,#7519,#7520,#7521,#7522,#7523),
  .UNSPECIFIED.,.F.,.F.,(15,15),(0.,1.),.PIECEWISE_BEZIER_KNOTS.);
#7509 = CARTESIAN_POINT('',(0.,0.));
#7510 = CARTESIAN_POINT('',(-5.329070518201E-14,1.436156641641));
#7511 = CARTESIAN_POINT('',(0.780896061769,2.872313813406));
#7512 = CARTESIAN_POINT('',(2.342645569091,3.94502190902));
#7513 = CARTESIAN_POINT('',(4.451906456347,4.290872306671));
#7514 = CARTESIAN_POINT('',(6.640944964217,3.676725955192));
#7515 = CARTESIAN_POINT('',(8.31294701804,2.130832784892));
#7516 = CARTESIAN_POINT('',(8.941319926626,-6.803453947425E-13));
#7517 = CARTESIAN_POINT('',(8.312947018041,-2.130832784892));
#7518 = CARTESIAN_POINT('',(6.640944964216,-3.676725955191));
#7519 = CARTESIAN_POINT('',(4.451906456348,-4.290872306673));
#7520 = CARTESIAN_POINT('',(2.34264556909,-3.945021909018));
#7521 = CARTESIAN_POINT('',(0.78089606177,-2.872313813407));
#7522 = CARTESIAN_POINT('',(-2.056133041606E-13,-1.436156641641));
#7523 = CARTESIAN_POINT('',(3.552713678801E-15,2.640955680152E-15));
#7524 = ( GEOMETRIC_REPRESENTATION_CONTEXT(2) 
PARAMETRIC_REPRESENTATION_CONTEXT() REPRESENTATION_CONTEXT('2D SPACE',''
  ) );
#7525 = FACE_BOUND('',#7526,.T.);
#7526 = EDGE_LOOP('',(#7527));
#7527 = ORIENTED_EDGE('',*,*,#7528,.T.);
#7528 = EDGE_CURVE('',#7529,#7529,#7531,.T.);
#7529 = VERTEX_POINT('',#7530);
#7530 = CARTESIAN_POINT('',(4.779394202654,-0.311346702716,
    -8.171860545019));
#7531 = SURFACE_CURVE('',#7532,(#7685,#7841),.PCURVE_S1.);
#7532 = B_SPLINE_CURVE_WITH_KNOTS('',7,(#7533,#7534,#7535,#7536,#7537,
    #7538,#7539,#7540,#7541,#7542,#7543,#7544,#7545,#7546,#7547,#7548,
    #7549,#7550,#7551,#7552,#7553,#7554,#7555,#7556,#7557,#7558,#7559,
    #7560,#7561,#7562,#7563,#7564,#7565,#7566,#7567,#7568,#7569,#7570,
    #7571,#7572,#7573,#7574,#7575,#7576,#7577,#7578,#7579,#7580,#7581,
    #7582,#7583,#7584,#7585,#7586,#7587,#7588,#7589,#7590,#7591,#7592,
    #7593,#7594,#7595,#7596,#7597,#7598,#7599,#7600,#7601,#7602,#7603,
    #7604,#7605,#7606,#7607,#7608,#7609,#7610,#7611,#7612,#7613,#7614,
    #7615,#7616,#7617,#7618,#7619,#7620,#7621,#7622,#7623,#7624,#7625,
    #7626,#7627,#7628,#7629,#7630,#7631,#7632,#7633,#7634,#7635,#7636,
    #7637,#7638,#7639,#7640,#7641,#7642,#7643,#7644,#7645,#7646,#7647,
    #7648,#7649,#7650,#7651,#7652,#7653,#7654,#7655,#7656,#7657,#7658,
    #7659,#7660,#7661,#7662,#7663,#7664,#7665,#7666,#7667,#7668,#7669,
    #7670,#7671,#7672,#7673,#7674,#7675,#7676,#7677,#7678,#7679,#7680,
    #7681,#7682,#7683,#7684),.UNSPECIFIED.,.T.,.F.,(8,6,6,6,6,6,6,6,6,6,
    6,6,6,6,6,6,6,6,6,6,6,6,6,6,6,8),(0.,8.018640054679E-02,
    0.109369188532,0.171381093674,0.233067366964,0.260234997543,
    0.284758170971,0.299224292625,0.329670704152,0.370987672119,
    0.394722439945,0.421751629661,0.493832348678,0.545246889212,
    0.591438457618,0.615252308964,0.65661304689,0.687068761005,
    0.701537154785,0.726062583256,0.753006058946,0.814668823052,
    0.877512468563,0.906723872137,0.935420462916,1.),.UNSPECIFIED.);
#7533 = CARTESIAN_POINT('',(4.779394202654,-0.311346702716,
    -8.171860545019));
#7534 = CARTESIAN_POINT('',(4.806910476428,-0.829503413863,
    -8.171860545019));
#7535 = CARTESIAN_POINT('',(4.887839087766,-1.345372986067,
    -8.171860545019));
#7536 = CARTESIAN_POINT('',(5.021627086541,-1.851276083642,
    -8.171860545019));
#7537 = CARTESIAN_POINT('',(5.205215627869,-2.341301053148,
    -8.171860545019));
#7538 = CARTESIAN_POINT('',(5.434435910563,-2.810878591435,
    -8.171860545019));
#7539 = CARTESIAN_POINT('',(5.704130910294,-3.256729348858,
    -8.171860545019));
#7540 = CARTESIAN_POINT('',(6.119947785942,-3.829340061924,
    -8.171860545019));
#7541 = CARTESIAN_POINT('',(6.235586381959,-3.97872146198,
    -8.171860545019));
#7542 = CARTESIAN_POINT('',(6.355676727532,-4.124604955592,
    -8.171860545019));
#7543 = CARTESIAN_POINT('',(6.479987356968,-4.266918649173,
    -8.171860545019));
#7544 = CARTESIAN_POINT('',(6.608294314811,-4.405606233498,
    -8.171860545019));
#7545 = CARTESIAN_POINT('',(6.74038478679,-4.5406238226,-8.171860545019)
  );
#7546 = CARTESIAN_POINT('',(7.164365190943,-4.950970326861,
    -8.171860545019));
#7547 = CARTESIAN_POINT('',(7.468794188494,-5.213212470055,
    -8.171860545019));
#7548 = CARTESIAN_POINT('',(7.787519754055,-5.458432093352,
    -8.171860545019));
#7549 = CARTESIAN_POINT('',(8.118881538418,-5.686398497658,
    -8.171860545019));
#7550 = CARTESIAN_POINT('',(8.461409188401,-5.89684899699,
    -8.171860545019));
#7551 = CARTESIAN_POINT('',(8.813854705603,-6.089440878661,
    -8.171860545019));
#7552 = CARTESIAN_POINT('',(9.534717103011,-6.437019342917,
    -8.171860545019));
#7553 = CARTESIAN_POINT('',(9.902886493393,-6.592123703508,
    -8.171860545019));
#7554 = CARTESIAN_POINT('',(10.278770631082,-6.728549535975,
    -8.171860545019));
#7555 = CARTESIAN_POINT('',(10.661342622728,-6.845548646142,
    -8.171860545019));
#7556 = CARTESIAN_POINT('',(11.049498991104,-6.942143935617,
    -8.171860545019));
#7557 = CARTESIAN_POINT('',(11.442047082579,-7.017167765848,
    -8.171860545019));
#7558 = CARTESIAN_POINT('',(12.011954700377,-7.092217698337,
    -8.171860545019));
#7559 = CARTESIAN_POINT('',(12.18679136555,-7.110716346133,
    -8.171860545019));
#7560 = CARTESIAN_POINT('',(12.36209090108,-7.124651927978,
    -8.171860545019));
#7561 = CARTESIAN_POINT('',(12.53771873643,-7.133903128369,
    -8.171860545019));
#7562 = CARTESIAN_POINT('',(12.713526547665,-7.138345489944,
    -8.171860545019));
#7563 = CARTESIAN_POINT('',(12.889352079446,-7.137854889304,
    -8.171860545019));
#7564 = CARTESIAN_POINT('',(13.22358672626,-7.127306808419,
    -8.171860545019));
#7565 = CARTESIAN_POINT('',(13.382024246153,-7.118185222264,
    -8.171860545019));
#7566 = CARTESIAN_POINT('',(13.540200551811,-7.104858316491,
    -8.171860545019));
#7567 = CARTESIAN_POINT('',(13.697973458629,-7.087240857197,
    -8.171860545019));
#7568 = CARTESIAN_POINT('',(13.855189994319,-7.065253995003,
    -8.171860545019));
#7569 = CARTESIAN_POINT('',(14.011686820947,-7.038828945617,
    -8.171860545019));
#7570 = CARTESIAN_POINT('',(14.259080706858,-6.989672047849,
    -8.171860545019));
#7571 = CARTESIAN_POINT('',(14.350560253208,-6.969870098009,
    -8.171860545019));
#7572 = CARTESIAN_POINT('',(14.441693602532,-6.948493205246,
    -8.171860545019));
#7573 = CARTESIAN_POINT('',(14.532444265477,-6.925531844801,
    -8.171860545019));
#7574 = CARTESIAN_POINT('',(14.622774956813,-6.900978582778,
    -8.171860545019));
#7575 = CARTESIAN_POINT('',(14.712647595443,-6.874828076149,
    -8.171860545019));
#7576 = CARTESIAN_POINT('',(14.990129725664,-6.788670539039,
    -8.171860545019));
#7577 = CARTESIAN_POINT('',(15.176043805414,-6.723172607524,
    -8.171860545019));
#7578 = CARTESIAN_POINT('',(15.359391875579,-6.650559263776,
    -8.171860545019));
#7579 = CARTESIAN_POINT('',(15.539806952033,-6.570852651886,
    -8.171860545019));
#7580 = CARTESIAN_POINT('',(15.716931524439,-6.484127272092,
    -8.171860545019));
#7581 = CARTESIAN_POINT('',(15.890420346097,-6.390516178407,
    -8.171860545019));
#7582 = CARTESIAN_POINT('',(16.289992124061,-6.154107931273,
    -8.171860545019));
#7583 = CARTESIAN_POINT('',(16.512784134238,-6.00565415755,
    -8.171860545019));
#7584 = CARTESIAN_POINT('',(16.727466807673,-5.845357335137,
    -8.171860545019));
#7585 = CARTESIAN_POINT('',(16.933376036057,-5.673863749694,
    -8.171860545019));
#7586 = CARTESIAN_POINT('',(17.130008225849,-5.491930409689,
    -8.171860545019));
#7587 = CARTESIAN_POINT('',(17.31699247469,-5.300390963617,
    -8.171860545019));
#7588 = CARTESIAN_POINT('',(17.595781699199,-4.985076051055,
    -8.171860545019));
#7589 = CARTESIAN_POINT('',(17.694236241861,-4.867141835297,
    -8.171860545019));
#7590 = CARTESIAN_POINT('',(17.78938149995,-4.746478189138,
    -8.171860545019));
#7591 = CARTESIAN_POINT('',(17.881186949651,-4.623243519703,
    -8.171860545019));
#7592 = CARTESIAN_POINT('',(17.969633861615,-4.497593505418,
    -8.171860545019));
#7593 = CARTESIAN_POINT('',(18.054712743394,-4.369679179379,
    -8.171860545019));
#7594 = CARTESIAN_POINT('',(18.22947003764,-4.09156197319,
    -8.171860545019));
#7595 = CARTESIAN_POINT('',(18.318147145347,-3.94073071918,
    -8.171860545019));
#7596 = CARTESIAN_POINT('',(18.402449529957,-3.787363557933,
    -8.171860545019));
#7597 = CARTESIAN_POINT('',(18.482384207899,-3.631663787108,
    -8.171860545019));
#7598 = CARTESIAN_POINT('',(18.557964999561,-3.473824254163,
    -8.171860545019));
#7599 = CARTESIAN_POINT('',(18.629209741789,-3.314025915731,
    -8.171860545019));
#7600 = CARTESIAN_POINT('',(18.874618713653,-2.72151377192,
    -8.171860545019));
#7601 = CARTESIAN_POINT('',(19.022337656291,-2.278003540108,
    -8.171860545019));
#7602 = CARTESIAN_POINT('',(19.139787739638,-1.824887182414,
    -8.171860545019));
#7603 = CARTESIAN_POINT('',(19.227268991526,-1.36490097505,
    -8.171860545019));
#7604 = CARTESIAN_POINT('',(19.284924732122,-0.900544790247,
    -8.171860545019));
#7605 = CARTESIAN_POINT('',(19.312885595526,-0.434112014374,
    -8.171860545019));
#7606 = CARTESIAN_POINT('',(19.309859537692,0.365044089195,
    -8.171860545019));
#7607 = CARTESIAN_POINT('',(19.293475526489,0.697677698145,
    -8.171860545019));
#7608 = CARTESIAN_POINT('',(19.261968357269,1.02944268795,
    -8.171860545019));
#7609 = CARTESIAN_POINT('',(19.215311100924,1.359508126652,
    -8.171860545019));
#7610 = CARTESIAN_POINT('',(19.153459346805,1.68700421467,
    -8.171860545019));
#7611 = CARTESIAN_POINT('',(19.076341336858,2.011020509743,
    -8.171860545019));
#7612 = CARTESIAN_POINT('',(18.900712253076,2.617717701304,
    -8.171860545019));
#7613 = CARTESIAN_POINT('',(18.805181891512,2.901215430589,
    -8.171860545019));
#7614 = CARTESIAN_POINT('',(18.697147802274,3.180406742615,
    -8.171860545019));
#7615 = CARTESIAN_POINT('',(18.576509281215,3.454500243197,
    -8.171860545019));
#7616 = CARTESIAN_POINT('',(18.443166409689,3.722606396594,
    -8.171860545019));
#7617 = CARTESIAN_POINT('',(18.297047576301,3.983749824713,
    -8.171860545019));
#7618 = CARTESIAN_POINT('',(18.056234040337,4.367393081234,
    -8.171860545019));
#7619 = CARTESIAN_POINT('',(17.970922833123,4.495765894564,
    -8.171860545019));
#7620 = CARTESIAN_POINT('',(17.882221077718,4.621861131563,
    -8.171860545019));
#7621 = CARTESIAN_POINT('',(17.790138278453,4.745526290728,
    -8.171860545019));
#7622 = CARTESIAN_POINT('',(17.69469328568,4.866604152946,
    -8.171860545019));
#7623 = CARTESIAN_POINT('',(17.595916895129,4.984934728595,
    -8.171860545019));
#7624 = CARTESIAN_POINT('',(17.316588649306,5.300827565514,
    -8.171860545019));
#7625 = CARTESIAN_POINT('',(17.129388199563,5.492549110059,
    -8.171860545019));
#7626 = CARTESIAN_POINT('',(16.932520141619,5.674642752613,
    -8.171860545019));
#7627 = CARTESIAN_POINT('',(16.726356813301,5.846272264677,
    -8.171860545019));
#7628 = CARTESIAN_POINT('',(16.511403779602,6.006678508649,
    -8.171860545019));
#7629 = CARTESIAN_POINT('',(16.288327765616,6.155213671565,
    -8.171860545019));
#7630 = CARTESIAN_POINT('',(15.888372678655,6.391637692616,
    -8.171860545019));
#7631 = CARTESIAN_POINT('',(15.714795100257,6.48520648858,
    -8.171860545019));
#7632 = CARTESIAN_POINT('',(15.537582545349,6.571884252885,
    -8.171860545019));
#7633 = CARTESIAN_POINT('',(15.357080713568,6.651538207563,
    -8.171860545019));
#7634 = CARTESIAN_POINT('',(15.173647512466,6.724094201649,
    -8.171860545019));
#7635 = CARTESIAN_POINT('',(14.98765025685,6.789530482292,
    -8.171860545019));
#7636 = CARTESIAN_POINT('',(14.710061960525,6.875587209907,
    -8.171860545019));
#7637 = CARTESIAN_POINT('',(14.620164768566,6.901702051342,
    -8.171860545019));
#7638 = CARTESIAN_POINT('',(14.529810178365,6.926219284351,
    -8.171860545019));
#7639 = CARTESIAN_POINT('',(14.439036277091,6.949144291985,
    -8.171860545019));
#7640 = CARTESIAN_POINT('',(14.347880352959,6.970484546179,
    -8.171860545019));
#7641 = CARTESIAN_POINT('',(14.256378895241,6.990249607753,
    -8.171860545019));
#7642 = CARTESIAN_POINT('',(14.008937865137,7.039304493805,
    -8.171860545019));
#7643 = CARTESIAN_POINT('',(13.852417163245,7.065664599073,
    -8.171860545019));
#7644 = CARTESIAN_POINT('',(13.695178717372,7.087586635398,
    -8.171860545019));
#7645 = CARTESIAN_POINT('',(13.537385802292,7.105139513862,
    -8.171860545019));
#7646 = CARTESIAN_POINT('',(13.379191318474,7.118402184543,
    -8.171860545019));
#7647 = CARTESIAN_POINT('',(13.22073737181,7.127459957628,
    -8.171860545019));
#7648 = CARTESIAN_POINT('',(12.887937164422,7.137828872515,
    -8.171860545019));
#7649 = CARTESIAN_POINT('',(12.713565513935,7.138288175814,
    -8.171860545019));
#7650 = CARTESIAN_POINT('',(12.53921175852,7.133896132411,
    -8.171860545019));
#7651 = CARTESIAN_POINT('',(12.365034127133,7.124773795667,
    -8.171860545019));
#7652 = CARTESIAN_POINT('',(12.191177389624,7.111042542749,
    -8.171860545019));
#7653 = CARTESIAN_POINT('',(12.017773025321,7.092820743086,
    -8.171860545019));
#7654 = CARTESIAN_POINT('',(11.449392882961,7.018497519036,
    -8.171860545019));
#7655 = CARTESIAN_POINT('',(11.056931731216,6.943853973576,
    -8.171860545019));
#7656 = CARTESIAN_POINT('',(10.668842450856,6.847639343757,
    -8.171860545019));
#7657 = CARTESIAN_POINT('',(10.286318160804,6.731022336501,
    -8.171860545019));
#7658 = CARTESIAN_POINT('',(9.910461895083,6.594981552101,
    -8.171860545019));
#7659 = CARTESIAN_POINT('',(9.542299234571,6.440266849509,
    -8.171860545019));
#7660 = CARTESIAN_POINT('',(8.816416519901,6.091083709707,
    -8.171860545019));
#7661 = CARTESIAN_POINT('',(8.459194310486,5.895989272208,
    -8.171860545019));
#7662 = CARTESIAN_POINT('',(8.112151854688,5.682555319023,
    -8.171860545019));
#7663 = CARTESIAN_POINT('',(7.776588393712,5.451137228791,
    -8.171860545019));
#7664 = CARTESIAN_POINT('',(7.454038623831,5.202006867885,
    -8.171860545019));
#7665 = CARTESIAN_POINT('',(7.146237723611,4.935404392252,
    -8.171860545019));
#7666 = CARTESIAN_POINT('',(6.719767051896,4.519641406204,
    -8.171860545019));
#7667 = CARTESIAN_POINT('',(6.588051751072,4.384001585536,
    -8.171860545019));
#7668 = CARTESIAN_POINT('',(6.460150782861,4.244689415041,
    -8.171860545019));
#7669 = CARTESIAN_POINT('',(6.336278598077,4.101749880346,
    -8.171860545019));
#7670 = CARTESIAN_POINT('',(6.216660681024,3.955240721933,
    -8.171860545019));
#7671 = CARTESIAN_POINT('',(6.101529846077,3.805235633794,
    -8.171860545019));
#7672 = CARTESIAN_POINT('',(5.88266109621,3.501123083634,-8.171860545019
    ));
#7673 = CARTESIAN_POINT('',(5.778758359193,3.347134858228,
    -8.171860545019));
#7674 = CARTESIAN_POINT('',(5.679639531484,3.1899529057,-8.171860545019)
  );
#7675 = CARTESIAN_POINT('',(5.585533298808,3.029686291598,
    -8.171860545019));
#7676 = CARTESIAN_POINT('',(5.496666871718,2.866465924056,
    -8.171860545019));
#7677 = CARTESIAN_POINT('',(5.413261032962,2.700447450663,
    -8.171860545019));
#7678 = CARTESIAN_POINT('',(5.160586487145,2.152317711444,
    -8.171860545019));
#7679 = CARTESIAN_POINT('',(5.014265703072,1.759368084756,
    -8.171860545019));
#7680 = CARTESIAN_POINT('',(4.899150010837,1.35534578184,-8.171860545019
    ));
#7681 = CARTESIAN_POINT('',(4.817198413215,0.942985231267,
    -8.171860545019));
#7682 = CARTESIAN_POINT('',(4.769684365544,0.525382640959,
    -8.171860545019));
#7683 = CARTESIAN_POINT('',(4.757231807297,0.105984172677,
    -8.171860545019));
#7684 = CARTESIAN_POINT('',(4.779394202654,-0.311346702716,
    -8.171860545019));
#7685 = PCURVE('',#7320,#7686);
#7686 = DEFINITIONAL_REPRESENTATION('',(#7687),#7840);
#7687 = B_SPLINE_CURVE_WITH_KNOTS('',7,(#7688,#7689,#7690,#7691,#7692,
    #7693,#7694,#7695,#7696,#7697,#7698,#7699,#7700,#7701,#7702,#7703,
    #7704,#7705,#7706,#7707,#7708,#7709,#7710,#7711,#7712,#7713,#7714,
    #7715,#7716,#7717,#7718,#7719,#7720,#7721,#7722,#7723,#7724,#7725,
    #7726,#7727,#7728,#7729,#7730,#7731,#7732,#7733,#7734,#7735,#7736,
    #7737,#7738,#7739,#7740,#7741,#7742,#7743,#7744,#7745,#7746,#7747,
    #7748,#7749,#7750,#7751,#7752,#7753,#7754,#7755,#7756,#7757,#7758,
    #7759,#7760,#7761,#7762,#7763,#7764,#7765,#7766,#7767,#7768,#7769,
    #7770,#7771,#7772,#7773,#7774,#7775,#7776,#7777,#7778,#7779,#7780,
    #7781,#7782,#7783,#7784,#7785,#7786,#7787,#7788,#7789,#7790,#7791,
    #7792,#7793,#7794,#7795,#7796,#7797,#7798,#7799,#7800,#7801,#7802,
    #7803,#7804,#7805,#7806,#7807,#7808,#7809,#7810,#7811,#7812,#7813,
    #7814,#7815,#7816,#7817,#7818,#7819,#7820,#7821,#7822,#7823,#7824,
    #7825,#7826,#7827,#7828,#7829,#7830,#7831,#7832,#7833,#7834,#7835,
    #7836,#7837,#7838,#7839),.UNSPECIFIED.,.T.,.F.,(8,6,6,6,6,6,6,6,6,6,
    6,6,6,6,6,6,6,6,6,6,6,6,6,6,6,8),(0.,8.018640054679E-02,
    0.109369188532,0.171381093674,0.233067366964,0.260234997543,
    0.284758170971,0.299224292625,0.329670704152,0.370987672119,
    0.394722439945,0.421751629661,0.493832348678,0.545246889212,
    0.591438457618,0.615252308964,0.65661304689,0.687068761005,
    0.701537154785,0.726062583256,0.753006058946,0.814668823052,
    0.877512468563,0.906723872137,0.935420462916,1.),.UNSPECIFIED.);
#7688 = CARTESIAN_POINT('',(0.74463318808,0.264816230709));
#7689 = CARTESIAN_POINT('',(0.735707958066,0.265896546325));
#7690 = CARTESIAN_POINT('',(0.726859880977,0.269070395185));
#7691 = CARTESIAN_POINT('',(0.718307272559,0.274294248635));
#7692 = CARTESIAN_POINT('',(0.710230481863,0.281357979867));
#7693 = CARTESIAN_POINT('',(0.702724159505,0.28996409922));
#7694 = CARTESIAN_POINT('',(0.695823901678,0.299821364992));
#7695 = CARTESIAN_POINT('',(0.687241716179,0.314618165842));
#7696 = CARTESIAN_POINT('',(0.685031673494,0.318698730046));
#7697 = CARTESIAN_POINT('',(0.682901356017,0.322899846692));
#7698 = CARTESIAN_POINT('',(0.680849975854,0.327210566921));
#7699 = CARTESIAN_POINT('',(0.678876304452,0.331620894332));
#7700 = CARTESIAN_POINT('',(0.676978816064,0.336121877578));
#7701 = CARTESIAN_POINT('',(0.671282074378,0.350446089669));
#7702 = CARTESIAN_POINT('',(0.667745610961,0.360558329484));
#7703 = CARTESIAN_POINT('',(0.664528674958,0.370969739691));
#7704 = CARTESIAN_POINT('',(0.661612956,0.381625632531));
#7705 = CARTESIAN_POINT('',(0.658981817165,0.392486672023));
#7706 = CARTESIAN_POINT('',(0.656621661904,0.403527083279));
#7707 = CARTESIAN_POINT('',(0.652434267239,0.42588149913));
#7708 = CARTESIAN_POINT('',(0.650605205162,0.437189005889));
#7709 = CARTESIAN_POINT('',(0.649025042404,0.448643417396));
#7710 = CARTESIAN_POINT('',(0.647689129082,0.460234612151));
#7711 = CARTESIAN_POINT('',(0.646597314617,0.471953846599));
#7712 = CARTESIAN_POINT('',(0.645753838616,0.483792614493));
#7713 = CARTESIAN_POINT('',(0.644910253188,0.501004246165));
#7714 = CARTESIAN_POINT('',(0.644702357717,0.506287638951));
#7715 = CARTESIAN_POINT('',(0.64454530408,0.51159072525));
#7716 = CARTESIAN_POINT('',(0.644440090094,0.516912041325));
#7717 = CARTESIAN_POINT('',(0.644387889183,0.522249751973));
#7718 = CARTESIAN_POINT('',(0.644390033742,0.527601606329));
#7719 = CARTESIAN_POINT('',(0.644500320626,0.53780612654));
#7720 = CARTESIAN_POINT('',(0.644598125615,0.5426566449));
#7721 = CARTESIAN_POINT('',(0.644742491868,0.547514407559));
#7722 = CARTESIAN_POINT('',(0.644934593722,0.552377011161));
#7723 = CARTESIAN_POINT('',(0.645175673262,0.557241654655));
#7724 = CARTESIAN_POINT('',(0.645467012141,0.56210510376));
#7725 = CARTESIAN_POINT('',(0.646012174091,0.569829695525));
#7726 = CARTESIAN_POINT('',(0.646232381331,0.572694035026));
#7727 = CARTESIAN_POINT('',(0.646470793542,0.575555914708));
#7728 = CARTESIAN_POINT('',(0.646727675685,0.578414523973));
#7729 = CARTESIAN_POINT('',(0.647003289252,0.581269000831));
#7730 = CARTESIAN_POINT('',(0.647297892268,0.58411843191));
#7731 = CARTESIAN_POINT('',(0.648272279751,0.592946314641));
#7732 = CARTESIAN_POINT('',(0.649018092833,0.598904415215));
#7733 = CARTESIAN_POINT('',(0.6498514577,0.604826767584));
#7734 = CARTESIAN_POINT('',(0.650774563041,0.610703516507));
#7735 = CARTESIAN_POINT('',(0.65178935671,0.616524304601));
#7736 = CARTESIAN_POINT('',(0.652897395364,0.622278238835));
#7737 = CARTESIAN_POINT('',(0.655731249952,0.635655894522));
#7738 = CARTESIAN_POINT('',(0.657536725385,0.643215239402));
#7739 = CARTESIAN_POINT('',(0.659518494207,0.650602554255));
#7740 = CARTESIAN_POINT('',(0.661677893031,0.657790995819));
#7741 = CARTESIAN_POINT('',(0.664014927381,0.664755867537));
#7742 = CARTESIAN_POINT('',(0.666527977789,0.6714742721));
#7743 = CARTESIAN_POINT('',(0.670756218127,0.681630287786));
#7744 = CARTESIAN_POINT('',(0.67235594919,0.685247675244));
#7745 = CARTESIAN_POINT('',(0.674012125658,0.688773086768));
#7746 = CARTESIAN_POINT('',(0.675724038431,0.692202979048));
#7747 = CARTESIAN_POINT('',(0.677490839405,0.695534072418));
#7748 = CARTESIAN_POINT('',(0.679311538157,0.698763318201));
#7749 = CARTESIAN_POINT('',(0.683318498299,0.705446105896));
#7750 = CARTESIAN_POINT('',(0.685520408095,0.708868543877));
#7751 = CARTESIAN_POINT('',(0.687789077575,0.712151021384));
#7752 = CARTESIAN_POINT('',(0.690122579702,0.715289655134));
#7753 = CARTESIAN_POINT('',(0.69251870993,0.718280820942));
#7754 = CARTESIAN_POINT('',(0.694974985301,0.7211211375));
#7755 = CARTESIAN_POINT('',(0.704191998142,0.730971238454));
#7756 = CARTESIAN_POINT('',(0.711301153811,0.737037319082));
#7757 = CARTESIAN_POINT('',(0.718766541719,0.74195089177));
#7758 = CARTESIAN_POINT('',(0.726519908949,0.745658330187));
#7759 = CARTESIAN_POINT('',(0.734470254962,0.748116984146));
#7760 = CARTESIAN_POINT('',(0.742515279297,0.749308887061));
#7761 = CARTESIAN_POINT('',(0.756293896533,0.749179890784));
#7762 = CARTESIAN_POINT('',(0.762027405034,0.748481488303));
#7763 = CARTESIAN_POINT('',(0.767721899413,0.747138768071));
#7764 = CARTESIAN_POINT('',(0.773340518758,0.745157350376));
#7765 = CARTESIAN_POINT('',(0.778848800007,0.742548415229));
#7766 = CARTESIAN_POINT('',(0.784216660585,0.739327490545));
#7767 = CARTESIAN_POINT('',(0.79409324158,0.732083557911));
#7768 = CARTESIAN_POINT('',(0.79863320653,0.728175756472));
#7769 = CARTESIAN_POINT('',(0.803021119199,0.723800934784));
#7770 = CARTESIAN_POINT('',(0.807241105139,0.718973870859));
#7771 = CARTESIAN_POINT('',(0.811279998794,0.713711166099));
#7772 = CARTESIAN_POINT('',(0.815127414455,0.708031157912));
#7773 = CARTESIAN_POINT('',(0.820655925868,0.698821057057));
#7774 = CARTESIAN_POINT('',(0.822483473193,0.695582605437));
#7775 = CARTESIAN_POINT('',(0.824256775961,0.692241592446));
#7776 = CARTESIAN_POINT('',(0.825974832594,0.688801095159));
#7777 = CARTESIAN_POINT('',(0.827636785748,0.685264424554));
#7778 = CARTESIAN_POINT('',(0.829241918941,0.681635158684));
#7779 = CARTESIAN_POINT('',(0.833477820905,0.67145965541));
#7780 = CARTESIAN_POINT('',(0.83599314792,0.664733674173));
#7781 = CARTESIAN_POINT('',(0.838332084064,0.657760750583));
#7782 = CARTESIAN_POINT('',(0.840493007338,0.650563859031));
#7783 = CARTESIAN_POINT('',(0.84247592808,0.643167778687));
#7784 = CARTESIAN_POINT('',(0.844282193136,0.635599442325));
#7785 = CARTESIAN_POINT('',(0.8471159082,0.622210225656));
#7786 = CARTESIAN_POINT('',(0.848223319945,0.616453894583));
#7787 = CARTESIAN_POINT('',(0.84923744417,0.610630764358));
#7788 = CARTESIAN_POINT('',(0.850159841595,0.604751735715));
#7789 = CARTESIAN_POINT('',(0.850992464129,0.598827171336));
#7790 = CARTESIAN_POINT('',(0.85173750425,0.592866929472));
#7791 = CARTESIAN_POINT('',(0.852710664624,0.584036415853));
#7792 = CARTESIAN_POINT('',(0.853004840387,0.581186441513));
#7793 = CARTESIAN_POINT('',(0.853280026471,0.578331438956));
#7794 = CARTESIAN_POINT('',(0.853536481107,0.575472321133));
#7795 = CARTESIAN_POINT('',(0.85377446596,0.572609949553));
#7796 = CARTESIAN_POINT('',(0.853994246127,0.569745134278));
#7797 = CARTESIAN_POINT('',(0.854538235801,0.56201961839));
#7798 = CARTESIAN_POINT('',(0.854828836912,0.557155750807));
#7799 = CARTESIAN_POINT('',(0.85506918678,0.552290730512));
#7800 = CARTESIAN_POINT('',(0.855260567028,0.547427788145));
#7801 = CARTESIAN_POINT('',(0.855404219461,0.542569721209));
#7802 = CARTESIAN_POINT('',(0.855501317926,0.53771892962));
#7803 = CARTESIAN_POINT('',(0.855609652507,0.527558634726));
#7804 = CARTESIAN_POINT('',(0.855611480075,0.522251095733));
#7805 = CARTESIAN_POINT('',(0.855559860136,0.51695747279));
#7806 = CARTESIAN_POINT('',(0.85545609207,0.511679960462));
#7807 = CARTESIAN_POINT('',(0.85530132146,0.506420351737));
#7808 = CARTESIAN_POINT('',(0.855096524176,0.501180080382));
#7809 = CARTESIAN_POINT('',(0.854261110505,0.484014204327));
#7810 = CARTESIAN_POINT('',(0.853421985422,0.472178173857));
#7811 = CARTESIAN_POINT('',(0.852334640564,0.460461464753));
#7812 = CARTESIAN_POINT('',(0.851003364777,0.448872598999));
#7813 = CARTESIAN_POINT('',(0.849428061412,0.437420299654));
#7814 = CARTESIAN_POINT('',(0.847604138486,0.426114630563));
#7815 = CARTESIAN_POINT('',(0.843398846219,0.403608518966));
#7816 = CARTESIAN_POINT('',(0.841008432813,0.392419268352));
#7817 = CARTESIAN_POINT('',(0.838339783405,0.381414029772));
#7818 = CARTESIAN_POINT('',(0.835378733864,0.370619619852));
#7819 = CARTESIAN_POINT('',(0.832107911667,0.360077199493));
#7820 = CARTESIAN_POINT('',(0.828508215307,0.349844182539));
#7821 = CARTESIAN_POINT('',(0.822726572934,0.335419834801));
#7822 = CARTESIAN_POINT('',(0.820817081675,0.330926504189));
#7823 = CARTESIAN_POINT('',(0.818831087813,0.326524982549));
#7824 = CARTESIAN_POINT('',(0.816767083495,0.322224341499));
#7825 = CARTESIAN_POINT('',(0.814623869203,0.318034699977));
#7826 = CARTESIAN_POINT('',(0.81240069979,0.313967126641));
#7827 = CARTESIAN_POINT('',(0.80783475673,0.306169280217));
#7828 = CARTESIAN_POINT('',(0.805494791352,0.302434337995));
#7829 = CARTESIAN_POINT('',(0.8030774374,0.29883999573));
#7830 = CARTESIAN_POINT('',(0.800583195178,0.295398356455));
#7831 = CARTESIAN_POINT('',(0.798013325988,0.292122027201));
#7832 = CARTESIAN_POINT('',(0.795370015819,0.289023800084));
#7833 = CARTESIAN_POINT('',(0.786550069869,0.279573289127));
#7834 = CARTESIAN_POINT('',(0.780084806723,0.273992629404));
#7835 = CARTESIAN_POINT('',(0.773302604958,0.269525462271));
#7836 = CARTESIAN_POINT('',(0.766267133613,0.266305897258));
#7837 = CARTESIAN_POINT('',(0.759070178402,0.264432922842));
#7838 = CARTESIAN_POINT('',(0.751821689733,0.26394613177));
#7839 = CARTESIAN_POINT('',(0.74463318808,0.264816230709));
#7840 = ( GEOMETRIC_REPRESENTATION_CONTEXT(2) 
PARAMETRIC_REPRESENTATION_CONTEXT() REPRESENTATION_CONTEXT('2D SPACE',''
  ) );
#7841 = PCURVE('',#7842,#7847);
#7842 = PLANE('',#7843);
#7843 = AXIS2_PLACEMENT_3D('',#7844,#7845,#7846);
#7844 = CARTESIAN_POINT('',(-2.E+03,-1.E+03,-8.171860545019));
#7845 = DIRECTION('',(0.,0.,1.));
#7846 = DIRECTION('',(1.,0.,-0.));
#7847 = DEFINITIONAL_REPRESENTATION('',(#7848),#8001);
#7848 = B_SPLINE_CURVE_WITH_KNOTS('',7,(#7849,#7850,#7851,#7852,#7853,
    #7854,#7855,#7856,#7857,#7858,#7859,#7860,#7861,#7862,#7863,#7864,
    #7865,#7866,#7867,#7868,#7869,#7870,#7871,#7872,#7873,#7874,#7875,
    #7876,#7877,#7878,#7879,#7880,#7881,#7882,#7883,#7884,#7885,#7886,
    #7887,#7888,#7889,#7890,#7891,#7892,#7893,#7894,#7895,#7896,#7897,
    #7898,#7899,#7900,#7901,#7902,#7903,#7904,#7905,#7906,#7907,#7908,
    #7909,#7910,#7911,#7912,#7913,#7914,#7915,#7916,#7917,#7918,#7919,
    #7920,#7921,#7922,#7923,#7924,#7925,#7926,#7927,#7928,#7929,#7930,
    #7931,#7932,#7933,#7934,#7935,#7936,#7937,#7938,#7939,#7940,#7941,
    #7942,#7943,#7944,#7945,#7946,#7947,#7948,#7949,#7950,#7951,#7952,
    #7953,#7954,#7955,#7956,#7957,#7958,#7959,#7960,#7961,#7962,#7963,
    #7964,#7965,#7966,#7967,#7968,#7969,#7970,#7971,#7972,#7973,#7974,
    #7975,#7976,#7977,#7978,#7979,#7980,#7981,#7982,#7983,#7984,#7985,
    #7986,#7987,#7988,#7989,#7990,#7991,#7992,#7993,#7994,#7995,#7996,
    #7997,#7998,#7999,#8000),.UNSPECIFIED.,.T.,.F.,(8,6,6,6,6,6,6,6,6,6,
    6,6,6,6,6,6,6,6,6,6,6,6,6,6,6,8),(0.,8.018640054679E-02,
    0.109369188532,0.171381093674,0.233067366964,0.260234997543,
    0.284758170971,0.299224292625,0.329670704152,0.370987672119,
    0.394722439945,0.421751629661,0.493832348678,0.545246889212,
    0.591438457618,0.615252308964,0.65661304689,0.687068761005,
    0.701537154785,0.726062583256,0.753006058946,0.814668823052,
    0.877512468563,0.906723872137,0.935420462916,1.),.UNSPECIFIED.);
#7849 = CARTESIAN_POINT('',(2.004779394203E+03,999.68865329728));
#7850 = CARTESIAN_POINT('',(2.004806910476E+03,999.17049658613));
#7851 = CARTESIAN_POINT('',(2.004887839088E+03,998.65462701393));
#7852 = CARTESIAN_POINT('',(2.005021627087E+03,998.14872391635));
#7853 = CARTESIAN_POINT('',(2.005205215628E+03,997.65869894685));
#7854 = CARTESIAN_POINT('',(2.005434435911E+03,997.18912140856));
#7855 = CARTESIAN_POINT('',(2.00570413091E+03,996.74327065114));
#7856 = CARTESIAN_POINT('',(2.006119947786E+03,996.17065993807));
#7857 = CARTESIAN_POINT('',(2.006235586382E+03,996.02127853802));
#7858 = CARTESIAN_POINT('',(2.006355676728E+03,995.8753950444));
#7859 = CARTESIAN_POINT('',(2.006479987357E+03,995.73308135082));
#7860 = CARTESIAN_POINT('',(2.006608294315E+03,995.5943937665));
#7861 = CARTESIAN_POINT('',(2.006740384787E+03,995.4593761774));
#7862 = CARTESIAN_POINT('',(2.007164365191E+03,995.04902967313));
#7863 = CARTESIAN_POINT('',(2.007468794188E+03,994.78678752994));
#7864 = CARTESIAN_POINT('',(2.007787519754E+03,994.54156790664));
#7865 = CARTESIAN_POINT('',(2.008118881538E+03,994.31360150234));
#7866 = CARTESIAN_POINT('',(2.008461409188E+03,994.10315100301));
#7867 = CARTESIAN_POINT('',(2.008813854706E+03,993.91055912133));
#7868 = CARTESIAN_POINT('',(2.009534717103E+03,993.56298065708));
#7869 = CARTESIAN_POINT('',(2.009902886493E+03,993.40787629649));
#7870 = CARTESIAN_POINT('',(2.010278770631E+03,993.27145046402));
#7871 = CARTESIAN_POINT('',(2.010661342623E+03,993.15445135385));
#7872 = CARTESIAN_POINT('',(2.011049498991E+03,993.05785606438));
#7873 = CARTESIAN_POINT('',(2.011442047083E+03,992.98283223415));
#7874 = CARTESIAN_POINT('',(2.0120119547E+03,992.90778230166));
#7875 = CARTESIAN_POINT('',(2.012186791366E+03,992.88928365386));
#7876 = CARTESIAN_POINT('',(2.012362090901E+03,992.87534807202));
#7877 = CARTESIAN_POINT('',(2.012537718736E+03,992.86609687163));
#7878 = CARTESIAN_POINT('',(2.012713526548E+03,992.86165451005));
#7879 = CARTESIAN_POINT('',(2.012889352079E+03,992.86214511069));
#7880 = CARTESIAN_POINT('',(2.013223586726E+03,992.87269319158));
#7881 = CARTESIAN_POINT('',(2.013382024246E+03,992.88181477773));
#7882 = CARTESIAN_POINT('',(2.013540200552E+03,992.8951416835));
#7883 = CARTESIAN_POINT('',(2.013697973459E+03,992.9127591428));
#7884 = CARTESIAN_POINT('',(2.013855189994E+03,992.93474600499));
#7885 = CARTESIAN_POINT('',(2.014011686821E+03,992.96117105438));
#7886 = CARTESIAN_POINT('',(2.014259080707E+03,993.01032795215));
#7887 = CARTESIAN_POINT('',(2.014350560253E+03,993.03012990199));
#7888 = CARTESIAN_POINT('',(2.014441693603E+03,993.05150679475));
#7889 = CARTESIAN_POINT('',(2.014532444265E+03,993.07446815519));
#7890 = CARTESIAN_POINT('',(2.014622774957E+03,993.09902141722));
#7891 = CARTESIAN_POINT('',(2.014712647595E+03,993.12517192385));
#7892 = CARTESIAN_POINT('',(2.014990129726E+03,993.21132946096));
#7893 = CARTESIAN_POINT('',(2.015176043805E+03,993.27682739247));
#7894 = CARTESIAN_POINT('',(2.015359391876E+03,993.34944073622));
#7895 = CARTESIAN_POINT('',(2.015539806952E+03,993.42914734811));
#7896 = CARTESIAN_POINT('',(2.015716931524E+03,993.5158727279));
#7897 = CARTESIAN_POINT('',(2.015890420346E+03,993.60948382159));
#7898 = CARTESIAN_POINT('',(2.016289992124E+03,993.84589206872));
#7899 = CARTESIAN_POINT('',(2.016512784134E+03,993.99434584245));
#7900 = CARTESIAN_POINT('',(2.016727466808E+03,994.15464266486));
#7901 = CARTESIAN_POINT('',(2.016933376036E+03,994.3261362503));
#7902 = CARTESIAN_POINT('',(2.017130008226E+03,994.50806959031));
#7903 = CARTESIAN_POINT('',(2.017316992475E+03,994.69960903638));
#7904 = CARTESIAN_POINT('',(2.017595781699E+03,995.01492394894));
#7905 = CARTESIAN_POINT('',(2.017694236242E+03,995.1328581647));
#7906 = CARTESIAN_POINT('',(2.0177893815E+03,995.25352181086));
#7907 = CARTESIAN_POINT('',(2.01788118695E+03,995.37675648029));
#7908 = CARTESIAN_POINT('',(2.017969633862E+03,995.50240649458));
#7909 = CARTESIAN_POINT('',(2.018054712743E+03,995.63032082062));
#7910 = CARTESIAN_POINT('',(2.018229470038E+03,995.90843802681));
#7911 = CARTESIAN_POINT('',(2.018318147145E+03,996.05926928082));
#7912 = CARTESIAN_POINT('',(2.01840244953E+03,996.21263644206));
#7913 = CARTESIAN_POINT('',(2.018482384208E+03,996.36833621289));
#7914 = CARTESIAN_POINT('',(2.018557965E+03,996.52617574583));
#7915 = CARTESIAN_POINT('',(2.018629209742E+03,996.68597408426));
#7916 = CARTESIAN_POINT('',(2.018874618714E+03,997.27848622808));
#7917 = CARTESIAN_POINT('',(2.019022337656E+03,997.72199645989));
#7918 = CARTESIAN_POINT('',(2.01913978774E+03,998.17511281758));
#7919 = CARTESIAN_POINT('',(2.019227268992E+03,998.63509902495));
#7920 = CARTESIAN_POINT('',(2.019284924732E+03,999.09945520975));
#7921 = CARTESIAN_POINT('',(2.019312885596E+03,999.56588798562));
#7922 = CARTESIAN_POINT('',(2.019309859538E+03,1.000365044089E+03));
#7923 = CARTESIAN_POINT('',(2.019293475526E+03,1.000697677698E+03));
#7924 = CARTESIAN_POINT('',(2.019261968357E+03,1.001029442688E+03));
#7925 = CARTESIAN_POINT('',(2.019215311101E+03,1.001359508127E+03));
#7926 = CARTESIAN_POINT('',(2.019153459347E+03,1.001687004215E+03));
#7927 = CARTESIAN_POINT('',(2.019076341337E+03,1.00201102051E+03));
#7928 = CARTESIAN_POINT('',(2.018900712253E+03,1.002617717701E+03));
#7929 = CARTESIAN_POINT('',(2.018805181892E+03,1.002901215431E+03));
#7930 = CARTESIAN_POINT('',(2.018697147802E+03,1.003180406743E+03));
#7931 = CARTESIAN_POINT('',(2.018576509281E+03,1.003454500243E+03));
#7932 = CARTESIAN_POINT('',(2.01844316641E+03,1.003722606397E+03));
#7933 = CARTESIAN_POINT('',(2.018297047576E+03,1.003983749825E+03));
#7934 = CARTESIAN_POINT('',(2.01805623404E+03,1.004367393081E+03));
#7935 = CARTESIAN_POINT('',(2.017970922833E+03,1.004495765895E+03));
#7936 = CARTESIAN_POINT('',(2.017882221078E+03,1.004621861132E+03));
#7937 = CARTESIAN_POINT('',(2.017790138278E+03,1.004745526291E+03));
#7938 = CARTESIAN_POINT('',(2.017694693286E+03,1.004866604153E+03));
#7939 = CARTESIAN_POINT('',(2.017595916895E+03,1.004984934729E+03));
#7940 = CARTESIAN_POINT('',(2.017316588649E+03,1.005300827566E+03));
#7941 = CARTESIAN_POINT('',(2.0171293882E+03,1.00549254911E+03));
#7942 = CARTESIAN_POINT('',(2.016932520142E+03,1.005674642753E+03));
#7943 = CARTESIAN_POINT('',(2.016726356813E+03,1.005846272265E+03));
#7944 = CARTESIAN_POINT('',(2.01651140378E+03,1.006006678509E+03));
#7945 = CARTESIAN_POINT('',(2.016288327766E+03,1.006155213672E+03));
#7946 = CARTESIAN_POINT('',(2.015888372679E+03,1.006391637693E+03));
#7947 = CARTESIAN_POINT('',(2.0157147951E+03,1.006485206489E+03));
#7948 = CARTESIAN_POINT('',(2.015537582545E+03,1.006571884253E+03));
#7949 = CARTESIAN_POINT('',(2.015357080714E+03,1.006651538208E+03));
#7950 = CARTESIAN_POINT('',(2.015173647512E+03,1.006724094202E+03));
#7951 = CARTESIAN_POINT('',(2.014987650257E+03,1.006789530482E+03));
#7952 = CARTESIAN_POINT('',(2.014710061961E+03,1.00687558721E+03));
#7953 = CARTESIAN_POINT('',(2.014620164769E+03,1.006901702051E+03));
#7954 = CARTESIAN_POINT('',(2.014529810178E+03,1.006926219284E+03));
#7955 = CARTESIAN_POINT('',(2.014439036277E+03,1.006949144292E+03));
#7956 = CARTESIAN_POINT('',(2.014347880353E+03,1.006970484546E+03));
#7957 = CARTESIAN_POINT('',(2.014256378895E+03,1.006990249608E+03));
#7958 = CARTESIAN_POINT('',(2.014008937865E+03,1.007039304494E+03));
#7959 = CARTESIAN_POINT('',(2.013852417163E+03,1.007065664599E+03));
#7960 = CARTESIAN_POINT('',(2.013695178717E+03,1.007087586635E+03));
#7961 = CARTESIAN_POINT('',(2.013537385802E+03,1.007105139514E+03));
#7962 = CARTESIAN_POINT('',(2.013379191318E+03,1.007118402185E+03));
#7963 = CARTESIAN_POINT('',(2.013220737372E+03,1.007127459958E+03));
#7964 = CARTESIAN_POINT('',(2.012887937164E+03,1.007137828873E+03));
#7965 = CARTESIAN_POINT('',(2.012713565514E+03,1.007138288176E+03));
#7966 = CARTESIAN_POINT('',(2.012539211759E+03,1.007133896132E+03));
#7967 = CARTESIAN_POINT('',(2.012365034127E+03,1.007124773796E+03));
#7968 = CARTESIAN_POINT('',(2.01219117739E+03,1.007111042543E+03));
#7969 = CARTESIAN_POINT('',(2.012017773025E+03,1.007092820743E+03));
#7970 = CARTESIAN_POINT('',(2.011449392883E+03,1.007018497519E+03));
#7971 = CARTESIAN_POINT('',(2.011056931731E+03,1.006943853974E+03));
#7972 = CARTESIAN_POINT('',(2.010668842451E+03,1.006847639344E+03));
#7973 = CARTESIAN_POINT('',(2.010286318161E+03,1.006731022337E+03));
#7974 = CARTESIAN_POINT('',(2.009910461895E+03,1.006594981552E+03));
#7975 = CARTESIAN_POINT('',(2.009542299235E+03,1.00644026685E+03));
#7976 = CARTESIAN_POINT('',(2.00881641652E+03,1.00609108371E+03));
#7977 = CARTESIAN_POINT('',(2.00845919431E+03,1.005895989272E+03));
#7978 = CARTESIAN_POINT('',(2.008112151855E+03,1.005682555319E+03));
#7979 = CARTESIAN_POINT('',(2.007776588394E+03,1.005451137229E+03));
#7980 = CARTESIAN_POINT('',(2.007454038624E+03,1.005202006868E+03));
#7981 = CARTESIAN_POINT('',(2.007146237724E+03,1.004935404392E+03));
#7982 = CARTESIAN_POINT('',(2.006719767052E+03,1.004519641406E+03));
#7983 = CARTESIAN_POINT('',(2.006588051751E+03,1.004384001586E+03));
#7984 = CARTESIAN_POINT('',(2.006460150783E+03,1.004244689415E+03));
#7985 = CARTESIAN_POINT('',(2.006336278598E+03,1.00410174988E+03));
#7986 = CARTESIAN_POINT('',(2.006216660681E+03,1.003955240722E+03));
#7987 = CARTESIAN_POINT('',(2.006101529846E+03,1.003805235634E+03));
#7988 = CARTESIAN_POINT('',(2.005882661096E+03,1.003501123084E+03));
#7989 = CARTESIAN_POINT('',(2.005778758359E+03,1.003347134858E+03));
#7990 = CARTESIAN_POINT('',(2.005679639531E+03,1.003189952906E+03));
#7991 = CARTESIAN_POINT('',(2.005585533299E+03,1.003029686292E+03));
#7992 = CARTESIAN_POINT('',(2.005496666872E+03,1.002866465924E+03));
#7993 = CARTESIAN_POINT('',(2.005413261033E+03,1.002700447451E+03));
#7994 = CARTESIAN_POINT('',(2.005160586487E+03,1.002152317711E+03));
#7995 = CARTESIAN_POINT('',(2.005014265703E+03,1.001759368085E+03));
#7996 = CARTESIAN_POINT('',(2.004899150011E+03,1.001355345782E+03));
#7997 = CARTESIAN_POINT('',(2.004817198413E+03,1.000942985231E+03));
#7998 = CARTESIAN_POINT('',(2.004769684366E+03,1.000525382641E+03));
#7999 = CARTESIAN_POINT('',(2.004757231807E+03,1.000105984173E+03));
#8000 = CARTESIAN_POINT('',(2.004779394203E+03,999.68865329728));
#8001 = ( GEOMETRIC_REPRESENTATION_CONTEXT(2) 
PARAMETRIC_REPRESENTATION_CONTEXT() REPRESENTATION_CONTEXT('2D SPACE',''
  ) );
#8002 = ADVANCED_FACE('',(#8003),#7502,.F.);
#8003 = FACE_BOUND('',#8004,.T.);
#8004 = EDGE_LOOP('',(#8005));
#8005 = ORIENTED_EDGE('',*,*,#7476,.T.);
#8006 = ADVANCED_FACE('',(#8007),#7451,.T.);
#8007 = FACE_BOUND('',#8008,.T.);
#8008 = EDGE_LOOP('',(#8009));
#8009 = ORIENTED_EDGE('',*,*,#7425,.F.);
#8010 = ADVANCED_FACE('',(#8011),#7842,.F.);
#8011 = FACE_BOUND('',#8012,.F.);
#8012 = EDGE_LOOP('',(#8013));
#8013 = ORIENTED_EDGE('',*,*,#7528,.T.);
#8014 = ( GEOMETRIC_REPRESENTATION_CONTEXT(3) 
GLOBAL_UNCERTAINTY_ASSIGNED_CONTEXT((#8018)) 
GLOBAL_UNIT_ASSIGNED_CONTEXT((#8015,#8016,#8017)) REPRESENTATION_CONTEXT
('Context #1','3D Context with UNIT and UNCERTAINTY') );
#8015 = ( LENGTH_UNIT() NAMED_UNIT(*) SI_UNIT(.MILLI.,.METRE.) );
#8016 = ( NAMED_UNIT(*) PLANE_ANGLE_UNIT() SI_UNIT($,.RADIAN.) );
#8017 = ( NAMED_UNIT(*) SI_UNIT($,.STERADIAN.) SOLID_ANGLE_UNIT() );
#8018 = UNCERTAINTY_MEASURE_WITH_UNIT(LENGTH_MEASURE(1.E-06),#8015,
  'distance_accuracy_value','confusion accuracy');
#8019 = CONTEXT_DEPENDENT_SHAPE_REPRESENTATION(#8020,#8022);
#8020 = ( REPRESENTATION_RELATIONSHIP('','',#7299,#10) 
REPRESENTATION_RELATIONSHIP_WITH_TRANSFORMATION(#8021) 
SHAPE_REPRESENTATION_RELATIONSHIP() );
#8021 = ITEM_DEFINED_TRANSFORMATION('','',#11,#47);
#8022 = PRODUCT_DEFINITION_SHAPE('Placement','Placement of an item',
  #8023);
#8023 = NEXT_ASSEMBLY_USAGE_OCCURRENCE('9','tomato_2','',#5,#7294,$);
#8024 = PRODUCT_RELATED_PRODUCT_CATEGORY('part',$,(#7296));
#8025 = SHAPE_DEFINITION_REPRESENTATION(#8026,#8032);
#8026 = PRODUCT_DEFINITION_SHAPE('','',#8027);
#8027 = PRODUCT_DEFINITION('design','',#8028,#8031);
#8028 = PRODUCT_DEFINITION_FORMATION('','',#8029);
#8029 = PRODUCT('fish_fillet','fish_fillet','',(#8030));
#8030 = PRODUCT_CONTEXT('',#2,'mechanical');
#8031 = PRODUCT_DEFINITION_CONTEXT('part definition',#2,'design');
#8032 = ADVANCED_BREP_SHAPE_REPRESENTATION('',(#11,#8033),#8938);
#8033 = MANIFOLD_SOLID_BREP('',#8034);
#8034 = CLOSED_SHELL('',(#8035,#8926,#8930,#8934));
#8035 = ADVANCED_FACE('',(#8036,#8290),#8055,.T.);
#8036 = FACE_BOUND('',#8037,.T.);
#8037 = EDGE_LOOP('',(#8038,#8189,#8239,#8240));
#8038 = ORIENTED_EDGE('',*,*,#8039,.F.);
#8039 = EDGE_CURVE('',#8040,#8042,#8044,.T.);
#8040 = VERTEX_POINT('',#8041);
#8041 = CARTESIAN_POINT('',(8.881784197001E-16,4.,-8.881784197001E-16));
#8042 = VERTEX_POINT('',#8043);
#8043 = CARTESIAN_POINT('',(190.,5.8,-1.287858708565E-15));
#8044 = SEAM_CURVE('',#8045,(#8054,#8182),.PCURVE_S1.);
#8045 = ( BOUNDED_CURVE() B_SPLINE_CURVE(7,(#8046,#8047,#8048,#8049,
    #8050,#8051,#8052,#8053),.UNSPECIFIED.,.F.,.F.) 
B_SPLINE_CURVE_WITH_KNOTS((8,8),(0.,1.),.PIECEWISE_BEZIER_KNOTS.) CURVE(
) GEOMETRIC_REPRESENTATION_ITEM() RATIONAL_B_SPLINE_CURVE((1.,1.,1.,1.,
1.,1.,1.,1.)) REPRESENTATION_ITEM('') );
#8046 = CARTESIAN_POINT('',(8.881784197001E-16,4.,-2.015450932814E-15));
#8047 = CARTESIAN_POINT('',(24.64077144095,21.398747837411,
    4.276345072961E-14));
#8048 = CARTESIAN_POINT('',(51.178035116793,29.786643691022,
    -1.860503835123E-13));
#8049 = CARTESIAN_POINT('',(83.850049333195,41.064075651573,
    3.007366828018E-13));
#8050 = CARTESIAN_POINT('',(105.9083689355,21.623944161467,
    -3.162900551071E-13));
#8051 = CARTESIAN_POINT('',(139.65784039858,42.087693719121,
    1.682043048013E-13));
#8052 = CARTESIAN_POINT('',(167.06771859631,22.062086612248,
    -4.984112502876E-14));
#8053 = CARTESIAN_POINT('',(190.,5.8,-2.754454459305E-15));
#8054 = PCURVE('',#8055,#8176);
#8055 = ( BOUNDED_SURFACE() B_SPLINE_SURFACE(14,7,(
    (#8056,#8057,#8058,#8059,#8060,#8061,#8062,#8063)
    ,(#8064,#8065,#8066,#8067,#8068,#8069,#8070,#8071)
    ,(#8072,#8073,#8074,#8075,#8076,#8077,#8078,#8079)
    ,(#8080,#8081,#8082,#8083,#8084,#8085,#8086,#8087)
    ,(#8088,#8089,#8090,#8091,#8092,#8093,#8094,#8095)
    ,(#8096,#8097,#8098,#8099,#8100,#8101,#8102,#8103)
    ,(#8104,#8105,#8106,#8107,#8108,#8109,#8110,#8111)
    ,(#8112,#8113,#8114,#8115,#8116,#8117,#8118,#8119)
    ,(#8120,#8121,#8122,#8123,#8124,#8125,#8126,#8127)
    ,(#8128,#8129,#8130,#8131,#8132,#8133,#8134,#8135)
    ,(#8136,#8137,#8138,#8139,#8140,#8141,#8142,#8143)
    ,(#8144,#8145,#8146,#8147,#8148,#8149,#8150,#8151)
    ,(#8152,#8153,#8154,#8155,#8156,#8157,#8158,#8159)
    ,(#8160,#8161,#8162,#8163,#8164,#8165,#8166,#8167)
    ,(#8168,#8169,#8170,#8171,#8172,#8173,#8174,#8175
)),.UNSPECIFIED.,.T.,.F.,.F.) B_SPLINE_SURFACE_WITH_KNOTS((15,15),(8,8),
  (0.,1.),(0.,1.),.PIECEWISE_BEZIER_KNOTS.) 
GEOMETRIC_REPRESENTATION_ITEM() RATIONAL_B_SPLINE_SURFACE((
    (1.,1.,1.,1.,1.,1.,1.,1.)
    ,(1.,1.,1.,1.,1.,1.,1.,1.)
    ,(1.,1.,1.,1.,1.,1.,1.,1.)
    ,(1.,1.,1.,1.,1.,1.,1.,1.)
    ,(1.,1.,1.,1.,1.,1.,1.,1.)
    ,(1.,1.,1.,1.,1.,1.,1.,1.)
    ,(1.,1.,1.,1.,1.,1.,1.,1.)
    ,(1.,1.,1.,1.,1.,1.,1.,1.)
    ,(1.,1.,1.,1.,1.,1.,1.,1.)
    ,(1.,1.,1.,1.,1.,1.,1.,1.)
    ,(1.,1.,1.,1.,1.,1.,1.,1.)
    ,(1.,1.,1.,1.,1.,1.,1.,1.)
    ,(1.,1.,1.,1.,1.,1.,1.,1.)
    ,(1.,1.,1.,1.,1.,1.,1.,1.)
,(1.,1.,1.,1.,1.,1.,1.,1.))) REPRESENTATION_ITEM('') SURFACE() );
#8056 = CARTESIAN_POINT('',(8.881784197001E-16,4.,-2.015450932814E-15));
#8057 = CARTESIAN_POINT('',(24.64077144095,21.398747837411,
    4.276345072961E-14));
#8058 = CARTESIAN_POINT('',(51.178035116793,29.786643691022,
    -1.860503835123E-13));
#8059 = CARTESIAN_POINT('',(83.850049333195,41.064075651573,
    3.007366828018E-13));
#8060 = CARTESIAN_POINT('',(105.9083689355,21.623944161467,
    -3.162900551071E-13));
#8061 = CARTESIAN_POINT('',(139.65784039858,42.087693719121,
    1.682043048013E-13));
#8062 = CARTESIAN_POINT('',(167.06771859631,22.062086612248,
    -4.984112502876E-14));
#8063 = CARTESIAN_POINT('',(190.,5.8,-2.754454459305E-15));
#8064 = CARTESIAN_POINT('',(8.881784197004E-16,4.000000000001,
    0.538558740616));
#8065 = CARTESIAN_POINT('',(24.64077144095,21.398747837412,
    2.415729729246));
#8066 = CARTESIAN_POINT('',(51.178035116793,29.78664369104,
    1.795816934462));
#8067 = CARTESIAN_POINT('',(83.850049333195,41.064075651592,
    4.105167351891));
#8068 = CARTESIAN_POINT('',(105.9083689355,21.623944161443,
    2.098931612974));
#8069 = CARTESIAN_POINT('',(139.65784039858,42.087693719129,
    4.023304276487));
#8070 = CARTESIAN_POINT('',(167.06771859631,22.062086612259,
    2.407078152707));
#8071 = CARTESIAN_POINT('',(190.,5.800000000002,0.897597901026));
#8072 = CARTESIAN_POINT('',(6.955197651587E-16,3.132342555197,
    1.077117680025));
#8073 = CARTESIAN_POINT('',(24.64077144095,17.106123586707,
    4.831460350156));
#8074 = CARTESIAN_POINT('',(51.178035116793,24.079793792426,
    3.591634531905));
#8075 = CARTESIAN_POINT('',(83.850049333195,33.168630800068,
    8.210336218923));
#8076 = CARTESIAN_POINT('',(105.9083689355,16.097030107739,4.19786400085
    ));
#8077 = CARTESIAN_POINT('',(139.65784039858,33.106589557386,
    8.046610037982));
#8078 = CARTESIAN_POINT('',(167.06771859631,16.623907250001,
    4.814157193933));
#8079 = CARTESIAN_POINT('',(190.,4.064685110395,1.795196133375));
#8080 = CARTESIAN_POINT('',(3.102022097856E-16,1.3970265564,
    1.479383215888));
#8081 = CARTESIAN_POINT('',(24.64077144095,8.520869597587,6.635840709801
    ));
#8082 = CARTESIAN_POINT('',(51.178035116793,12.666086699882,
    4.932983593434));
#8083 = CARTESIAN_POINT('',(83.850049333195,17.377731004224,
    11.276607769836));
#8084 = CARTESIAN_POINT('',(105.9083689355,5.043194933683,5.765618427909
    ));
#8085 = CARTESIAN_POINT('',(139.65784039858,15.144369752707,
    11.05173562369));
#8086 = CARTESIAN_POINT('',(167.06771859631,5.747541573552,
    6.612075433702));
#8087 = CARTESIAN_POINT('',(190.,0.5940531128,2.465638693147));
#8088 = CARTESIAN_POINT('',(-2.101524418865E-16,-0.946442458971,
    1.609077114992));
#8089 = CARTESIAN_POINT('',(24.64077144095,-3.073143669135,
    7.217588593595));
#8090 = CARTESIAN_POINT('',(51.178035116793,-2.747629845817,
    5.365446170124));
#8091 = CARTESIAN_POINT('',(83.850049333195,-3.947194498706,
    12.265200321839));
#8092 = CARTESIAN_POINT('',(105.9083689355,-9.884530186526,
    6.271076059152));
#8093 = CARTESIAN_POINT('',(139.65784039858,-9.112829275459,
    12.020614186565));
#8094 = CARTESIAN_POINT('',(167.06771859631,-8.940518687878,
    7.191739874327));
#8095 = CARTESIAN_POINT('',(190.,-4.092884917942,2.68179519165));
#8096 = CARTESIAN_POINT('',(-7.503115110524E-16,-3.379102641588,
    1.378772233212));
#8097 = CARTESIAN_POINT('',(24.64077144095,-15.10841883054,6.18454557054
    ));
#8098 = CARTESIAN_POINT('',(51.178035116793,-18.74798413197,
    4.597497613655));
#8099 = CARTESIAN_POINT('',(83.850049333195,-26.08373516699,
    10.509699929061));
#8100 = CARTESIAN_POINT('',(105.9083689355,-25.38039648135,5.37350600526
    ));
#8101 = CARTESIAN_POINT('',(139.65784039858,-34.29324422037,
    10.300121052935));
#8102 = CARTESIAN_POINT('',(167.06771859631,-24.18759860341,
    6.162396540583));
#8103 = CARTESIAN_POINT('',(190.,-8.958205283175,2.297953722024));
#8104 = CARTESIAN_POINT('',(-1.162662589908E-15,-5.236166806668,
    0.799062294318));
#8105 = CARTESIAN_POINT('',(24.64077144095,-24.29600630223,3.58423026896
    ));
#8106 = CARTESIAN_POINT('',(51.178035116793,-30.96246636408,
    2.66446255931));
#8107 = CARTESIAN_POINT('',(83.850049333195,-42.98250989687,
    6.090857309651));
#8108 = CARTESIAN_POINT('',(105.9083689355,-37.20975850734,
    3.114195322611));
#8109 = CARTESIAN_POINT('',(139.65784039858,-53.51567676159,
    5.96939665642));
#8110 = CARTESIAN_POINT('',(167.06771859631,-35.82704004162,
    3.57139388208));
#8111 = CARTESIAN_POINT('',(190.,-12.67233361333,1.331770490524));
#8112 = CARTESIAN_POINT('',(-1.317904542865E-15,-5.935314408158,
    1.503551401481E-11));
#8113 = CARTESIAN_POINT('',(24.64077144095,-27.75494965333,
    4.171271195919E-10));
#8114 = CARTESIAN_POINT('',(51.178035116793,-35.56097518957,
    -9.898903688698E-10));
#8115 = CARTESIAN_POINT('',(83.850049333195,-49.3445613744,
    1.668158271474E-09));
#8116 = CARTESIAN_POINT('',(105.9083689355,-41.66327726924,
    -1.285369550972E-09));
#8117 = CARTESIAN_POINT('',(139.65784039858,-60.75253904051,
    8.695096826921E-10));
#8118 = CARTESIAN_POINT('',(167.06771859631,-40.20905748409,
    -6.841616589776E-11));
#8119 = CARTESIAN_POINT('',(190.,-14.07062881631,3.238832993553E-11));
#8120 = CARTESIAN_POINT('',(-1.162662589908E-15,-5.236166806668,
    -0.799062294345));
#8121 = CARTESIAN_POINT('',(24.64077144095,-24.29600630221,
    -3.58423026972));
#8122 = CARTESIAN_POINT('',(51.178035116793,-30.96246636409,
    -2.664462557509));
#8123 = CARTESIAN_POINT('',(83.850049333195,-42.98250989708,
    -6.090857312691));
#8124 = CARTESIAN_POINT('',(105.9083689355,-37.20975850699,
    -3.114195320271));
#8125 = CARTESIAN_POINT('',(139.65784039858,-53.51567676179,
    -5.969396658003));
#8126 = CARTESIAN_POINT('',(167.06771859631,-35.82704004158,
    -3.571393881957));
#8127 = CARTESIAN_POINT('',(190.,-12.67233361333,-1.331770490583));
#8128 = CARTESIAN_POINT('',(-7.503115110524E-16,-3.379102641588,
    -1.378772233191));
#8129 = CARTESIAN_POINT('',(24.64077144095,-15.10841883057,
    -6.184545569969));
#8130 = CARTESIAN_POINT('',(51.178035116793,-18.74798413194,
    -4.597497614994));
#8131 = CARTESIAN_POINT('',(83.850049333195,-26.08373516671,
    -10.50969992678));
#8132 = CARTESIAN_POINT('',(105.9083689355,-25.38039648183,
    -5.373506007003));
#8133 = CARTESIAN_POINT('',(139.65784039858,-34.2932442201,
    -10.30012105175));
#8134 = CARTESIAN_POINT('',(167.06771859631,-24.18759860347,
    -6.162396540672));
#8135 = CARTESIAN_POINT('',(190.,-8.958205283175,-2.297953721979));
#8136 = CARTESIAN_POINT('',(-2.101524418865E-16,-0.946442458971,
    -1.609077115004));
#8137 = CARTESIAN_POINT('',(24.64077144095,-3.073143669107,
    -7.217588593943));
#8138 = CARTESIAN_POINT('',(51.178035116793,-2.747629845848,
    -5.365446169317));
#8139 = CARTESIAN_POINT('',(83.850049333195,-3.947194498955,
    -12.26520032322));
#8140 = CARTESIAN_POINT('',(105.9083689355,-9.884530186102,-6.2710760581
    ));
#8141 = CARTESIAN_POINT('',(139.65784039858,-9.112829275695,
    -12.02061418728));
#8142 = CARTESIAN_POINT('',(167.06771859631,-8.940518687828,
    -7.191739874276));
#8143 = CARTESIAN_POINT('',(190.,-4.092884917942,-2.681795191678));
#8144 = CARTESIAN_POINT('',(3.102022097856E-16,1.3970265564,
    -1.479383215881));
#8145 = CARTESIAN_POINT('',(24.64077144095,8.52086959757,-6.635840709635
    ));
#8146 = CARTESIAN_POINT('',(51.178035116793,12.666086699898,
    -4.932983593813));
#8147 = CARTESIAN_POINT('',(83.850049333195,17.377731004385,
    -11.27660776918));
#8148 = CARTESIAN_POINT('',(105.9083689355,5.043194933414,
    -5.765618428402));
#8149 = CARTESIAN_POINT('',(139.65784039858,15.144369752855,
    -11.05173562335));
#8150 = CARTESIAN_POINT('',(167.06771859631,5.74754157352,
    -6.612075433724));
#8151 = CARTESIAN_POINT('',(190.,0.5940531128,-2.465638693133));
#8152 = CARTESIAN_POINT('',(6.955197651587E-16,3.132342555197,
    -1.077117680027));
#8153 = CARTESIAN_POINT('',(24.64077144095,17.106123586714,
    -4.831460350215));
#8154 = CARTESIAN_POINT('',(51.178035116793,24.079793792425,
    -3.591634531774));
#8155 = CARTESIAN_POINT('',(83.850049333195,33.16863079999,
    -8.210336219152));
#8156 = CARTESIAN_POINT('',(105.9083689355,16.097030107861,
    -4.19786400068));
#8157 = CARTESIAN_POINT('',(139.65784039858,33.106589557318,
    -8.046610038101));
#8158 = CARTESIAN_POINT('',(167.06771859631,16.623907250016,
    -4.814157193926));
#8159 = CARTESIAN_POINT('',(190.,4.064685110395,-1.79519613338));
#8160 = CARTESIAN_POINT('',(8.881784197004E-16,4.000000000001,
    -0.538558740615));
#8161 = CARTESIAN_POINT('',(24.64077144095,21.39874783741,
    -2.415729729234));
#8162 = CARTESIAN_POINT('',(51.178035116793,29.786643691041,
    -1.79581693449));
#8163 = CARTESIAN_POINT('',(83.850049333195,41.064075651609,
    -4.105167351843));
#8164 = CARTESIAN_POINT('',(105.9083689355,21.623944161415,
    -2.098931613009));
#8165 = CARTESIAN_POINT('',(139.65784039858,42.087693719145,
    -4.023304276462));
#8166 = CARTESIAN_POINT('',(167.06771859631,22.062086612256,
    -2.407078152708));
#8167 = CARTESIAN_POINT('',(190.,5.800000000002,-0.897597901025));
#8168 = CARTESIAN_POINT('',(8.881784197001E-16,4.,1.195353496493E-15));
#8169 = CARTESIAN_POINT('',(24.64077144095,21.398747837412,
    9.318452973962E-15));
#8170 = CARTESIAN_POINT('',(51.178035116793,29.786643691019,
    -7.00814800343E-14));
#8171 = CARTESIAN_POINT('',(83.850049333195,41.064075651578,
    4.916498731357E-14));
#8172 = CARTESIAN_POINT('',(105.9083689355,21.623944161462,
    3.435730247694E-14));
#8173 = CARTESIAN_POINT('',(139.65784039858,42.087693719123,
    -8.386148495449E-14));
#8174 = CARTESIAN_POINT('',(167.06771859631,22.062086612247,
    1.577303113465E-14));
#8175 = CARTESIAN_POINT('',(190.,5.8,-1.10385715921E-15));
#8176 = DEFINITIONAL_REPRESENTATION('',(#8177),#8181);
#8177 = LINE('',#8178,#8179);
#8178 = CARTESIAN_POINT('',(0.,0.));
#8179 = VECTOR('',#8180,1.);
#8180 = DIRECTION('',(0.,1.));
#8181 = ( GEOMETRIC_REPRESENTATION_CONTEXT(2) 
PARAMETRIC_REPRESENTATION_CONTEXT() REPRESENTATION_CONTEXT('2D SPACE',''
  ) );
#8182 = PCURVE('',#8055,#8183);
#8183 = DEFINITIONAL_REPRESENTATION('',(#8184),#8188);
#8184 = LINE('',#8185,#8186);
#8185 = CARTESIAN_POINT('',(1.,0.));
#8186 = VECTOR('',#8187,1.);
#8187 = DIRECTION('',(0.,1.));
#8188 = ( GEOMETRIC_REPRESENTATION_CONTEXT(2) 
PARAMETRIC_REPRESENTATION_CONTEXT() REPRESENTATION_CONTEXT('2D SPACE',''
  ) );
#8189 = ORIENTED_EDGE('',*,*,#8190,.T.);
#8190 = EDGE_CURVE('',#8040,#8040,#8191,.T.);
#8191 = SURFACE_CURVE('',#8192,(#8208,#8215),.PCURVE_S1.);
#8192 = B_SPLINE_CURVE_WITH_KNOTS('',14,(#8193,#8194,#8195,#8196,#8197,
    #8198,#8199,#8200,#8201,#8202,#8203,#8204,#8205,#8206,#8207),
  .UNSPECIFIED.,.T.,.F.,(15,15),(0.,1.),.PIECEWISE_BEZIER_KNOTS.);
#8193 = CARTESIAN_POINT('',(8.881784197001E-16,4.,-2.015450932814E-15));
#8194 = CARTESIAN_POINT('',(8.881784197004E-16,4.000000000001,
    0.538558740616));
#8195 = CARTESIAN_POINT('',(6.955197651587E-16,3.132342555197,
    1.077117680025));
#8196 = CARTESIAN_POINT('',(3.102022097856E-16,1.3970265564,
    1.479383215888));
#8197 = CARTESIAN_POINT('',(-2.101524418865E-16,-0.946442458971,
    1.609077114992));
#8198 = CARTESIAN_POINT('',(-7.503115110524E-16,-3.379102641588,
    1.378772233212));
#8199 = CARTESIAN_POINT('',(-1.162662589908E-15,-5.236166806668,
    0.799062294318));
#8200 = CARTESIAN_POINT('',(-1.317904542865E-15,-5.935314408158,
    1.503551401481E-11));
#8201 = CARTESIAN_POINT('',(-1.162662589908E-15,-5.236166806668,
    -0.799062294345));
#8202 = CARTESIAN_POINT('',(-7.503115110524E-16,-3.379102641588,
    -1.378772233191));
#8203 = CARTESIAN_POINT('',(-2.101524418865E-16,-0.946442458971,
    -1.609077115004));
#8204 = CARTESIAN_POINT('',(3.102022097856E-16,1.3970265564,
    -1.479383215881));
#8205 = CARTESIAN_POINT('',(6.955197651587E-16,3.132342555197,
    -1.077117680027));
#8206 = CARTESIAN_POINT('',(8.881784197004E-16,4.000000000001,
    -0.538558740615));
#8207 = CARTESIAN_POINT('',(8.881784197001E-16,4.,1.195353496493E-15));
#8208 = PCURVE('',#8055,#8209);
#8209 = DEFINITIONAL_REPRESENTATION('',(#8210),#8214);
#8210 = LINE('',#8211,#8212);
#8211 = CARTESIAN_POINT('',(0.,0.));
#8212 = VECTOR('',#8213,1.);
#8213 = DIRECTION('',(1.,0.));
#8214 = ( GEOMETRIC_REPRESENTATION_CONTEXT(2) 
PARAMETRIC_REPRESENTATION_CONTEXT() REPRESENTATION_CONTEXT('2D SPACE',''
  ) );
#8215 = PCURVE('',#8216,#8221);
#8216 = PLANE('',#8217);
#8217 = AXIS2_PLACEMENT_3D('',#8218,#8219,#8220);
#8218 = CARTESIAN_POINT('',(8.881784197001E-16,4.,-2.015450932814E-15));
#8219 = DIRECTION('',(-1.,2.22044604925E-16,-4.930380657631E-32));
#8220 = DIRECTION('',(-2.22044604925E-16,-1.,3.941786916432E-16));
#8221 = DEFINITIONAL_REPRESENTATION('',(#8222),#8238);
#8222 = B_SPLINE_CURVE_WITH_KNOTS('',14,(#8223,#8224,#8225,#8226,#8227,
    #8228,#8229,#8230,#8231,#8232,#8233,#8234,#8235,#8236,#8237),
  .UNSPECIFIED.,.F.,.F.,(15,15),(0.,1.),.PIECEWISE_BEZIER_KNOTS.);
#8223 = CARTESIAN_POINT('',(0.,0.));
#8224 = CARTESIAN_POINT('',(-1.163069640597E-12,0.538558740616));
#8225 = CARTESIAN_POINT('',(0.867657444803,1.077117680025));
#8226 = CARTESIAN_POINT('',(2.6029734436,1.479383215888));
#8227 = CARTESIAN_POINT('',(4.946442458971,1.609077114992));
#8228 = CARTESIAN_POINT('',(7.379102641588,1.378772233212));
#8229 = CARTESIAN_POINT('',(9.236166806668,0.799062294318));
#8230 = CARTESIAN_POINT('',(9.935314408158,1.503361317651E-11));
#8231 = CARTESIAN_POINT('',(9.236166806668,-0.799062294345));
#8232 = CARTESIAN_POINT('',(7.379102641588,-1.378772233191));
#8233 = CARTESIAN_POINT('',(4.946442458971,-1.609077115004));
#8234 = CARTESIAN_POINT('',(2.6029734436,-1.479383215881));
#8235 = CARTESIAN_POINT('',(0.867657444803,-1.077117680027));
#8236 = CARTESIAN_POINT('',(-1.158628748499E-12,-0.538558740615));
#8237 = CARTESIAN_POINT('',(-1.33226762955E-15,3.210804429307E-15));
#8238 = ( GEOMETRIC_REPRESENTATION_CONTEXT(2) 
PARAMETRIC_REPRESENTATION_CONTEXT() REPRESENTATION_CONTEXT('2D SPACE',''
  ) );
#8239 = ORIENTED_EDGE('',*,*,#8039,.T.);
#8240 = ORIENTED_EDGE('',*,*,#8241,.F.);
#8241 = EDGE_CURVE('',#8042,#8042,#8242,.T.);
#8242 = SURFACE_CURVE('',#8243,(#8259,#8266),.PCURVE_S1.);
#8243 = B_SPLINE_CURVE_WITH_KNOTS('',14,(#8244,#8245,#8246,#8247,#8248,
    #8249,#8250,#8251,#8252,#8253,#8254,#8255,#8256,#8257,#8258),
  .UNSPECIFIED.,.T.,.F.,(15,15),(0.,1.),.PIECEWISE_BEZIER_KNOTS.);
#8244 = CARTESIAN_POINT('',(190.,5.8,-2.754454459305E-15));
#8245 = CARTESIAN_POINT('',(190.,5.800000000002,0.897597901026));
#8246 = CARTESIAN_POINT('',(190.,4.064685110395,1.795196133375));
#8247 = CARTESIAN_POINT('',(190.,0.5940531128,2.465638693147));
#8248 = CARTESIAN_POINT('',(190.,-4.092884917942,2.68179519165));
#8249 = CARTESIAN_POINT('',(190.,-8.958205283175,2.297953722024));
#8250 = CARTESIAN_POINT('',(190.,-12.67233361333,1.331770490524));
#8251 = CARTESIAN_POINT('',(190.,-14.07062881631,3.238832993553E-11));
#8252 = CARTESIAN_POINT('',(190.,-12.67233361333,-1.331770490583));
#8253 = CARTESIAN_POINT('',(190.,-8.958205283175,-2.297953721979));
#8254 = CARTESIAN_POINT('',(190.,-4.092884917942,-2.681795191678));
#8255 = CARTESIAN_POINT('',(190.,0.5940531128,-2.465638693133));
#8256 = CARTESIAN_POINT('',(190.,4.064685110395,-1.79519613338));
#8257 = CARTESIAN_POINT('',(190.,5.800000000002,-0.897597901025));
#8258 = CARTESIAN_POINT('',(190.,5.8,-1.10385715921E-15));
#8259 = PCURVE('',#8055,#8260);
#8260 = DEFINITIONAL_REPRESENTATION('',(#8261),#8265);
#8261 = LINE('',#8262,#8263);
#8262 = CARTESIAN_POINT('',(0.,1.));
#8263 = VECTOR('',#8264,1.);
#8264 = DIRECTION('',(1.,0.));
#8265 = ( GEOMETRIC_REPRESENTATION_CONTEXT(2) 
PARAMETRIC_REPRESENTATION_CONTEXT() REPRESENTATION_CONTEXT('2D SPACE',''
  ) );
#8266 = PCURVE('',#8267,#8272);
#8267 = PLANE('',#8268);
#8268 = AXIS2_PLACEMENT_3D('',#8269,#8270,#8271);
#8269 = CARTESIAN_POINT('',(190.,5.8,-2.754454459305E-15));
#8270 = DIRECTION('',(-1.,2.22044604925E-16,-4.930380657631E-32));
#8271 = DIRECTION('',(-2.22044604925E-16,-1.,3.327887975894E-16));
#8272 = DEFINITIONAL_REPRESENTATION('',(#8273),#8289);
#8273 = B_SPLINE_CURVE_WITH_KNOTS('',14,(#8274,#8275,#8276,#8277,#8278,
    #8279,#8280,#8281,#8282,#8283,#8284,#8285,#8286,#8287,#8288),
  .UNSPECIFIED.,.F.,.F.,(15,15),(0.,1.),.PIECEWISE_BEZIER_KNOTS.);
#8274 = CARTESIAN_POINT('',(0.,0.));
#8275 = CARTESIAN_POINT('',(-2.326139281195E-12,0.897597901026));
#8276 = CARTESIAN_POINT('',(1.735314889605,1.795196133375));
#8277 = CARTESIAN_POINT('',(5.2059468872,2.465638693147));
#8278 = CARTESIAN_POINT('',(9.892884917942,2.68179519165));
#8279 = CARTESIAN_POINT('',(14.758205283175,2.297953722024));
#8280 = CARTESIAN_POINT('',(18.472333613335,1.331770490524));
#8281 = CARTESIAN_POINT('',(19.870628816316,3.238447166732E-11));
#8282 = CARTESIAN_POINT('',(18.472333613335,-1.331770490583));
#8283 = CARTESIAN_POINT('',(14.758205283175,-2.297953721979));
#8284 = CARTESIAN_POINT('',(9.892884917942,-2.681795191678));
#8285 = CARTESIAN_POINT('',(5.2059468872,-2.465638693133));
#8286 = CARTESIAN_POINT('',(1.735314889605,-1.79519613338));
#8287 = CARTESIAN_POINT('',(-2.317257496998E-12,-0.897597901025));
#8288 = CARTESIAN_POINT('',(-2.6645352591E-15,1.650597300095E-15));
#8289 = ( GEOMETRIC_REPRESENTATION_CONTEXT(2) 
PARAMETRIC_REPRESENTATION_CONTEXT() REPRESENTATION_CONTEXT('2D SPACE',''
  ) );
#8290 = FACE_BOUND('',#8291,.T.);
#8291 = EDGE_LOOP('',(#8292));
#8292 = ORIENTED_EDGE('',*,*,#8293,.T.);
#8293 = EDGE_CURVE('',#8294,#8294,#8296,.T.);
#8294 = VERTEX_POINT('',#8295);
#8295 = CARTESIAN_POINT('',(41.791641921918,1.423743234538,
    -4.83335755716));
#8296 = SURFACE_CURVE('',#8297,(#8503,#8712),.PCURVE_S1.);
#8297 = B_SPLINE_CURVE_WITH_KNOTS('',8,(#8298,#8299,#8300,#8301,#8302,
    #8303,#8304,#8305,#8306,#8307,#8308,#8309,#8310,#8311,#8312,#8313,
    #8314,#8315,#8316,#8317,#8318,#8319,#8320,#8321,#8322,#8323,#8324,
    #8325,#8326,#8327,#8328,#8329,#8330,#8331,#8332,#8333,#8334,#8335,
    #8336,#8337,#8338,#8339,#8340,#8341,#8342,#8343,#8344,#8345,#8346,
    #8347,#8348,#8349,#8350,#8351,#8352,#8353,#8354,#8355,#8356,#8357,
    #8358,#8359,#8360,#8361,#8362,#8363,#8364,#8365,#8366,#8367,#8368,
    #8369,#8370,#8371,#8372,#8373,#8374,#8375,#8376,#8377,#8378,#8379,
    #8380,#8381,#8382,#8383,#8384,#8385,#8386,#8387,#8388,#8389,#8390,
    #8391,#8392,#8393,#8394,#8395,#8396,#8397,#8398,#8399,#8400,#8401,
    #8402,#8403,#8404,#8405,#8406,#8407,#8408,#8409,#8410,#8411,#8412,
    #8413,#8414,#8415,#8416,#8417,#8418,#8419,#8420,#8421,#8422,#8423,
    #8424,#8425,#8426,#8427,#8428,#8429,#8430,#8431,#8432,#8433,#8434,
    #8435,#8436,#8437,#8438,#8439,#8440,#8441,#8442,#8443,#8444,#8445,
    #8446,#8447,#8448,#8449,#8450,#8451,#8452,#8453,#8454,#8455,#8456,
    #8457,#8458,#8459,#8460,#8461,#8462,#8463,#8464,#8465,#8466,#8467,
    #8468,#8469,#8470,#8471,#8472,#8473,#8474,#8475,#8476,#8477,#8478,
    #8479,#8480,#8481,#8482,#8483,#8484,#8485,#8486,#8487,#8488,#8489,
    #8490,#8491,#8492,#8493,#8494,#8495,#8496,#8497,#8498,#8499,#8500,
    #8501,#8502),.UNSPECIFIED.,.T.,.F.,(9,7,7,7,7,7,7,7,7,7,7,7,7,7,7,7,
    7,7,7,7,7,7,7,7,7,7,7,7,7,9),(0.,1.274723670545E-02,
    2.373473671674E-02,3.732089010175E-02,6.01911091831E-02,
    8.290406589569E-02,0.140333526837,0.196713940351,0.2897243256,
    0.33681296723,0.384845554532,0.419277786615,0.456450059779,
    0.47729360831,0.487966786797,0.496085019016,0.505510936592,
    0.522949265133,0.54539990139,0.578123817192,0.632861878142,
    0.686913017218,0.747969837697,0.834763177582,0.878528563275,
    0.923335456823,0.944737049635,0.967641789674,0.986146785795,1.),
  .UNSPECIFIED.);
#8298 = CARTESIAN_POINT('',(41.791641921918,1.423743234538,
    -4.83335755716));
#8299 = CARTESIAN_POINT('',(41.850747455659,0.983950762656,
    -4.83335755716));
#8300 = CARTESIAN_POINT('',(41.952806390384,0.549833551821,
    -4.83335755716));
#8301 = CARTESIAN_POINT('',(42.095403002219,0.126581785139,
    -4.83335755716));
#8302 = CARTESIAN_POINT('',(42.273502124485,-0.282971786884,
    -4.83335755716));
#8303 = CARTESIAN_POINT('',(42.481514712861,-0.67750188018,
    -4.83335755716));
#8304 = CARTESIAN_POINT('',(42.714353785618,-1.056743507516,
    -4.83335755716));
#8305 = CARTESIAN_POINT('',(42.967911089915,-1.421277080594,
    -4.83335755716));
#8306 = CARTESIAN_POINT('',(43.473382180524,-2.075004883739,
    -4.83335755716));
#8307 = CARTESIAN_POINT('',(43.720460711807,-2.367357141241,
    -4.83335755716));
#8308 = CARTESIAN_POINT('',(43.978666830682,-2.650132409704,
    -4.83335755716));
#8309 = CARTESIAN_POINT('',(44.246365806501,-2.923960669966,
    -4.83335755716));
#8310 = CARTESIAN_POINT('',(44.522207621849,-3.189434409309,
    -4.83335755716));
#8311 = CARTESIAN_POINT('',(44.805102978542,-3.447131684333,
    -4.83335755716));
#8312 = CARTESIAN_POINT('',(45.094209474026,-3.697629342828,
    -4.83335755716));
#8313 = CARTESIAN_POINT('',(45.753350441962,-4.243062724475,
    -4.83335755716));
#8314 = CARTESIAN_POINT('',(46.126176520642,-4.534353842161,
    -4.83335755716));
#8315 = CARTESIAN_POINT('',(46.506146847224,-4.816395790669,
    -4.83335755716));
#8316 = CARTESIAN_POINT('',(46.892251360367,-5.089999233468,
    -4.83335755716));
#8317 = CARTESIAN_POINT('',(47.283677172195,-5.355842717184,
    -4.83335755716));
#8318 = CARTESIAN_POINT('',(47.679772783041,-5.614522978817,
    -4.83335755716));
#8319 = CARTESIAN_POINT('',(48.080028613141,-5.866582307491,
    -4.83335755716));
#8320 = CARTESIAN_POINT('',(49.164222242385,-6.526499956711,
    -4.83335755716));
#8321 = CARTESIAN_POINT('',(49.854875943503,-6.922984912855,
    -4.83335755716));
#8322 = CARTESIAN_POINT('',(50.554151235551,-7.304290609878,
    -4.83335755716));
#8323 = CARTESIAN_POINT('',(51.260651107138,-7.672069751534,
    -4.83335755716));
#8324 = CARTESIAN_POINT('',(51.9732950235,-8.027629477927,-4.83335755716
    ));
#8325 = CARTESIAN_POINT('',(52.691251038153,-8.372060898727,
    -4.83335755716));
#8326 = CARTESIAN_POINT('',(53.413912910934,-8.706282843099,
    -4.83335755716));
#8327 = CARTESIAN_POINT('',(54.862818307207,-9.35370136635,
    -4.83335755716));
#8328 = CARTESIAN_POINT('',(55.588912285961,-9.666985970738,
    -4.83335755716));
#8329 = CARTESIAN_POINT('',(56.31866739467,-9.971726154345,
    -4.83335755716));
#8330 = CARTESIAN_POINT('',(57.051690191017,-10.26853863494,
    -4.83335755716));
#8331 = CARTESIAN_POINT('',(57.787655712885,-10.55793686854,
    -4.83335755716));
#8332 = CARTESIAN_POINT('',(58.526294993176,-10.84036194469,
    -4.83335755716));
#8333 = CARTESIAN_POINT('',(59.267387604707,-11.11620103861,
    -4.83335755716));
#8334 = CARTESIAN_POINT('',(61.890366149031,-12.0674549306,
    -4.83335755716));
#8335 = CARTESIAN_POINT('',(63.784253278056,-12.7090795021,
    -4.83335755716));
#8336 = CARTESIAN_POINT('',(65.689692508377,-13.31623062993,
    -4.83335755716));
#8337 = CARTESIAN_POINT('',(67.604800882254,-13.89230481175,
    -4.83335755716));
#8338 = CARTESIAN_POINT('',(69.52812958672,-14.43988531228,
    -4.83335755716));
#8339 = CARTESIAN_POINT('',(71.458620132285,-14.9608874627,
    -4.83335755716));
#8340 = CARTESIAN_POINT('',(73.39551867136,-15.45684086333,
    -4.83335755716));
#8341 = CARTESIAN_POINT('',(77.2457174361,-16.39240171528,-4.83335755716
    ));
#8342 = CARTESIAN_POINT('',(79.158638227895,-16.83283557339,
    -4.83335755716));
#8343 = CARTESIAN_POINT('',(81.076562672248,-17.25133384188,
    -4.83335755716));
#8344 = CARTESIAN_POINT('',(82.999018912815,-17.64867109376,
    -4.83335755716));
#8345 = CARTESIAN_POINT('',(84.925609597589,-18.02537567058,
    -4.83335755716));
#8346 = CARTESIAN_POINT('',(86.856001819728,-18.38177863738,
    -4.83335755716));
#8347 = CARTESIAN_POINT('',(88.789923053478,-18.71803341637,
    -4.83335755716));
#8348 = CARTESIAN_POINT('',(93.923014463624,-19.5555293679,
    -4.83335755716));
#8349 = CARTESIAN_POINT('',(97.127520855655,-20.02197020403,
    -4.83335755716));
#8350 = CARTESIAN_POINT('',(100.34000130166,-20.43335564207,
    -4.83335755716));
#8351 = CARTESIAN_POINT('',(103.55963007598,-20.78817878348,
    -4.83335755716));
#8352 = CARTESIAN_POINT('',(106.78542653273,-21.08359224329,
    -4.83335755716));
#8353 = CARTESIAN_POINT('',(110.0162585755,-21.31536097814,
    -4.83335755716));
#8354 = CARTESIAN_POINT('',(113.25085975093,-21.47767449553,
    -4.83335755716));
#8355 = CARTESIAN_POINT('',(118.12666571506,-21.60592434665,
    -4.83335755716));
#8356 = CARTESIAN_POINT('',(119.76596101302,-21.62924630174,
    -4.83335755716));
#8357 = CARTESIAN_POINT('',(121.4055360299,-21.63178736609,
    -4.83335755716));
#8358 = CARTESIAN_POINT('',(123.04509747845,-21.61242170078,
    -4.83335755716));
#8359 = CARTESIAN_POINT('',(124.68426857568,-21.56989344179,
    -4.83335755716));
#8360 = CARTESIAN_POINT('',(126.32258880532,-21.50280757635,
    -4.83335755716));
#8361 = CARTESIAN_POINT('',(127.95951348124,-21.40961282545,
    -4.83335755716));
#8362 = CARTESIAN_POINT('',(131.26208615765,-21.16511376548,
    -4.83335755716));
#8363 = CARTESIAN_POINT('',(132.92751839506,-21.01269190538,
    -4.83335755716));
#8364 = CARTESIAN_POINT('',(134.59011517368,-20.82947132805,
    -4.83335755716));
#8365 = CARTESIAN_POINT('',(136.24902195278,-20.61342402214,
    -4.83335755716));
#8366 = CARTESIAN_POINT('',(137.90312034925,-20.36230851137,
    -4.83335755716));
#8367 = CARTESIAN_POINT('',(139.55102637094,-20.07365918629,
    -4.83335755716));
#8368 = CARTESIAN_POINT('',(141.19108062877,-19.74472313775,
    -4.83335755716));
#8369 = CARTESIAN_POINT('',(143.98996004692,-19.10528931231,
    -4.83335755716));
#8370 = CARTESIAN_POINT('',(145.15341964552,-18.81597385819,
    -4.83335755716));
#8371 = CARTESIAN_POINT('',(146.31100962662,-18.50314344147,
    -4.83335755716));
#8372 = CARTESIAN_POINT('',(147.46182578975,-18.16551718173,
    -4.83335755716));
#8373 = CARTESIAN_POINT('',(148.60474042711,-17.80169384571,
    -4.83335755716));
#8374 = CARTESIAN_POINT('',(149.73839605172,-17.41013249205,
    -4.83335755716));
#8375 = CARTESIAN_POINT('',(150.86118301976,-16.98908254325,
    -4.83335755716));
#8376 = CARTESIAN_POINT('',(153.16951320807,-16.04770418319,
    -4.83335755716));
#8377 = CARTESIAN_POINT('',(154.3520574481,-15.52249853119,
    -4.83335755716));
#8378 = CARTESIAN_POINT('',(155.51725147419,-14.95786970368,
    -4.83335755716));
#8379 = CARTESIAN_POINT('',(156.66206305242,-14.35059872076,
    -4.83335755716));
#8380 = CARTESIAN_POINT('',(157.78203820764,-13.69724960473,
    -4.83335755716));
#8381 = CARTESIAN_POINT('',(158.87102139997,-12.99371264252,
    -4.83335755716));
#8382 = CARTESIAN_POINT('',(159.9211813941,-12.23524878185,
    -4.83335755716));
#8383 = CARTESIAN_POINT('',(161.48227109693,-10.95326492442,
    -4.83335755716));
#8384 = CARTESIAN_POINT('',(162.02676140808,-10.47344119378,
    -4.83335755716));
#8385 = CARTESIAN_POINT('',(162.55313298922,-9.972928527917,
    -4.83335755716));
#8386 = CARTESIAN_POINT('',(163.05870076858,-9.450421466694,
    -4.83335755716));
#8387 = CARTESIAN_POINT('',(163.53988675175,-8.904796706182,
    -4.83335755716));
#8388 = CARTESIAN_POINT('',(163.99223400604,-8.335128573856,
    -4.83335755716));
#8389 = CARTESIAN_POINT('',(164.41043991093,-7.740720550401,
    -4.83335755716));
#8390 = CARTESIAN_POINT('',(164.98202218503,-6.803956636464,
    -4.83335755716));
#8391 = CARTESIAN_POINT('',(165.16497804465,-6.480254246316,
    -4.83335755716));
#8392 = CARTESIAN_POINT('',(165.33647725964,-6.150119505281,
    -4.83335755716));
#8393 = CARTESIAN_POINT('',(165.49560256987,-5.813683590958,
    -4.83335755716));
#8394 = CARTESIAN_POINT('',(165.64139014115,-5.471186277686,
    -4.83335755716));
#8395 = CARTESIAN_POINT('',(165.77286901931,-5.122993209094,
    -4.83335755716));
#8396 = CARTESIAN_POINT('',(165.88911482119,-4.769619263918,
    -4.83335755716));
#8397 = CARTESIAN_POINT('',(166.06553395179,-4.13956185045,
    -4.83335755716));
#8398 = CARTESIAN_POINT('',(166.13247514835,-3.86474700429,
    -4.83335755716));
#8399 = CARTESIAN_POINT('',(166.18977699031,-3.587638952535,
    -4.83335755716));
#8400 = CARTESIAN_POINT('',(166.2371265194,-3.308592641876,
    -4.83335755716));
#8401 = CARTESIAN_POINT('',(166.27427309549,-3.027994081584,
    -4.83335755716));
#8402 = CARTESIAN_POINT('',(166.30103941141,-2.746261935321,
    -4.83335755716));
#8403 = CARTESIAN_POINT('',(166.31733250767,-2.463849112953,
    -4.83335755716));
#8404 = CARTESIAN_POINT('',(166.32991507579,-1.853117385772,
    -4.83335755716));
#8405 = CARTESIAN_POINT('',(166.32256067101,-1.52465519421,
    -4.83335755716));
#8406 = CARTESIAN_POINT('',(166.3010846074,-1.196635876994,
    -4.83335755716));
#8407 = CARTESIAN_POINT('',(166.26565779885,-0.869767097048,
    -4.83335755716));
#8408 = CARTESIAN_POINT('',(166.2166018006,-0.544689515258,
    -4.83335755716));
#8409 = CARTESIAN_POINT('',(166.15436157124,-0.221980214816,
    -4.83335755716));
#8410 = CARTESIAN_POINT('',(166.07947823457,9.784387443423E-02,
    -4.83335755716));
#8411 = CARTESIAN_POINT('',(165.83176319156,0.999821904534,
    -4.83335755716));
#8412 = CARTESIAN_POINT('',(165.62979356113,1.573825898837,
    -4.83335755716));
#8413 = CARTESIAN_POINT('',(165.39040408638,2.133920406934,
    -4.83335755716));
#8414 = CARTESIAN_POINT('',(165.11786161697,2.678725190009,
    -4.83335755716));
#8415 = CARTESIAN_POINT('',(164.81630028332,3.207573713563,
    -4.83335755716));
#8416 = CARTESIAN_POINT('',(164.48939902253,3.720351514254,
    -4.83335755716));
#8417 = CARTESIAN_POINT('',(164.14022642996,4.217415748844,
    -4.83335755716));
#8418 = CARTESIAN_POINT('',(163.295862296,5.320192524225,-4.83335755716)
  );
#8419 = CARTESIAN_POINT('',(162.78805568094,5.91540835077,-4.83335755716
    ));
#8420 = CARTESIAN_POINT('',(162.2528318213,6.486735951362,-4.83335755716
    ));
#8421 = CARTESIAN_POINT('',(161.69436831817,7.035461421726,
    -4.83335755716));
#8422 = CARTESIAN_POINT('',(161.1160645671,7.562788122317,-4.83335755716
    ));
#8423 = CARTESIAN_POINT('',(160.52062003765,8.069914169355,
    -4.83335755716));
#8424 = CARTESIAN_POINT('',(159.91005397444,8.558051034089,
    -4.83335755716));
#8425 = CARTESIAN_POINT('',(158.37572157765,9.714095307065,
    -4.83335755716));
#8426 = CARTESIAN_POINT('',(157.43731839065,10.361426827013,
    -4.83335755716));
#8427 = CARTESIAN_POINT('',(156.47534949193,10.974022505689,
    -4.83335755716));
#8428 = CARTESIAN_POINT('',(155.49352094488,11.554404212287,
    -4.83335755716));
#8429 = CARTESIAN_POINT('',(154.49479885963,12.104673438601,
    -4.83335755716));
#8430 = CARTESIAN_POINT('',(153.4815352382,12.626721095209,
    -4.83335755716));
#8431 = CARTESIAN_POINT('',(152.45548581592,13.122256584824,
    -4.83335755716));
#8432 = CARTESIAN_POINT('',(149.6822196793,14.380164639182,
    -4.83335755716));
#8433 = CARTESIAN_POINT('',(147.91535988595,15.097257233262,
    -4.83335755716));
#8434 = CARTESIAN_POINT('',(146.12361480777,15.751638372416,
    -4.83335755716));
#8435 = CARTESIAN_POINT('',(144.31189096017,16.348741769256,
    -4.83335755716));
#8436 = CARTESIAN_POINT('',(142.48417513171,16.893454858482,
    -4.83335755716));
#8437 = CARTESIAN_POINT('',(140.64353133836,17.390105590379,
    -4.83335755716));
#8438 = CARTESIAN_POINT('',(138.79217177074,17.842668190195,
    -4.83335755716));
#8439 = CARTESIAN_POINT('',(135.09406283661,18.661592152521,
    -4.83335755716));
#8440 = CARTESIAN_POINT('',(133.24802821649,19.028858874303,
    -4.83335755716));
#8441 = CARTESIAN_POINT('',(131.39495931054,19.359925017838,
    -4.83335755716));
#8442 = CARTESIAN_POINT('',(129.53622176673,19.657748916881,
    -4.83335755716));
#8443 = CARTESIAN_POINT('',(127.67294120609,19.924933650661,
    -4.83335755716));
#8444 = CARTESIAN_POINT('',(125.80600767889,20.163753978238,
    -4.83335755716));
#8445 = CARTESIAN_POINT('',(123.93607570672,20.376156109793,
    -4.83335755716));
#8446 = CARTESIAN_POINT('',(119.94835771049,20.775704783706,
    -4.83335755716));
#8447 = CARTESIAN_POINT('',(117.83005457713,20.95599054335,
    -4.83335755716));
#8448 = CARTESIAN_POINT('',(115.70933507811,21.106980638201,
    -4.83335755716));
#8449 = CARTESIAN_POINT('',(113.58678813026,21.230489301441,
    -4.83335755716));
#8450 = CARTESIAN_POINT('',(111.46291572646,21.327829013916,
    -4.83335755716));
#8451 = CARTESIAN_POINT('',(109.33813471516,21.399842159197,
    -4.83335755716));
#8452 = CARTESIAN_POINT('',(107.21277834635,21.446928859183,
    -4.83335755716));
#8453 = CARTESIAN_POINT('',(102.06540511153,21.50054624093,
    -4.83335755716));
#8454 = CARTESIAN_POINT('',(99.043478145245,21.481614132101,
    -4.83335755716));
#8455 = CARTESIAN_POINT('',(96.021874846885,21.412244466811,
    -4.83335755716));
#8456 = CARTESIAN_POINT('',(93.001533428047,21.29071054908,
    -4.83335755716));
#8457 = CARTESIAN_POINT('',(89.983761820284,21.113795127536,
    -4.83335755716));
#8458 = CARTESIAN_POINT('',(86.97022051187,20.877112990973,
    -4.83335755716));
#8459 = CARTESIAN_POINT('',(83.962911515388,20.57533539802,
    -4.83335755716));
#8460 = CARTESIAN_POINT('',(79.452084691086,20.013899012793,
    -4.83335755716));
#8461 = CARTESIAN_POINT('',(77.942262270029,19.807538137741,
    -4.83335755716));
#8462 = CARTESIAN_POINT('',(76.435051375472,19.582212633381,
    -4.83335755716));
#8463 = CARTESIAN_POINT('',(74.930857912701,19.337050627129,
    -4.83335755716));
#8464 = CARTESIAN_POINT('',(73.430159900557,19.071123957027,
    -4.83335755716));
#8465 = CARTESIAN_POINT('',(71.933509290825,18.783438100101,
    -4.83335755716));
#8466 = CARTESIAN_POINT('',(70.441537190907,18.472902710378,
    -4.83335755716));
#8467 = CARTESIAN_POINT('',(67.433011160994,17.795699184827,
    -4.83335755716));
#8468 = CARTESIAN_POINT('',(65.916849597393,17.427901818171,
    -4.83335755716));
#8469 = CARTESIAN_POINT('',(64.40714802353,17.033538652143,
    -4.83335755716));
#8470 = CARTESIAN_POINT('',(62.904817269445,16.611136920026,
    -4.83335755716));
#8471 = CARTESIAN_POINT('',(61.411042136105,16.158993957567,
    -4.83335755716));
#8472 = CARTESIAN_POINT('',(59.927294144061,15.675135399306,
    -4.83335755716));
#8473 = CARTESIAN_POINT('',(58.455398820326,15.157094159822,
    -4.83335755716));
#8474 = CARTESIAN_POINT('',(56.301492117652,14.335776394327,
    -4.83335755716));
#8475 = CARTESIAN_POINT('',(55.608554900877,14.061687946569,
    -4.83335755716));
#8476 = CARTESIAN_POINT('',(54.91918003732,13.778609588746,
    -4.83335755716));
#8477 = CARTESIAN_POINT('',(54.233696798095,13.486100847021,
    -4.83335755716));
#8478 = CARTESIAN_POINT('',(53.552506861975,13.183664635409,
    -4.83335755716));
#8479 = CARTESIAN_POINT('',(52.876094672553,12.870723870374,
    -4.83335755716));
#8480 = CARTESIAN_POINT('',(52.205046006819,12.546579549547,
    -4.83335755716));
#8481 = CARTESIAN_POINT('',(50.828399166401,11.850505743541,
    -4.83335755716));
#8482 = CARTESIAN_POINT('',(50.123920408541,11.476936033261,
    -4.83335755716));
#8483 = CARTESIAN_POINT('',(49.427294152289,11.088467932679,
    -4.83335755716));
#8484 = CARTESIAN_POINT('',(48.739622070405,10.683777346134,
    -4.83335755716));
#8485 = CARTESIAN_POINT('',(48.062472162485,10.261357335659,
    -4.83335755716));
#8486 = CARTESIAN_POINT('',(47.397999019285,9.819328604459,
    -4.83335755716));
#8487 = CARTESIAN_POINT('',(46.749002695301,9.355346231708,
    -4.83335755716));
#8488 = CARTESIAN_POINT('',(45.610907766506,8.470124217895,
    -4.83335755716));
#8489 = CARTESIAN_POINT('',(45.116188127051,8.058684183444,
    -4.83335755716));
#8490 = CARTESIAN_POINT('',(44.636388994276,7.628822942344,
    -4.83335755716));
#8491 = CARTESIAN_POINT('',(44.174352554591,7.178137140882,
    -4.83335755716));
#8492 = CARTESIAN_POINT('',(43.734706906683,6.704395675329,
    -4.83335755716));
#8493 = CARTESIAN_POINT('',(43.324072605385,6.205366945465,
    -4.83335755716));
#8494 = CARTESIAN_POINT('',(42.951101464625,5.678789791543,
    -4.83335755716));
#8495 = CARTESIAN_POINT('',(42.385098087268,4.704412029479,
    -4.83335755716));
#8496 = CARTESIAN_POINT('',(42.170435682733,4.27013845386,-4.83335755716
    ));
#8497 = CARTESIAN_POINT('',(41.989274613156,3.819148804597,
    -4.83335755716));
#8498 = CARTESIAN_POINT('',(41.84838902488,3.352989529476,-4.83335755716
    ));
#8499 = CARTESIAN_POINT('',(41.754593206673,2.874592981198,
    -4.83335755716));
#8500 = CARTESIAN_POINT('',(41.71362137282,2.388569794756,-4.83335755716
    ));
#8501 = CARTESIAN_POINT('',(41.727398279081,1.901768576036,
    -4.83335755716));
#8502 = CARTESIAN_POINT('',(41.791641921918,1.423743234538,
    -4.83335755716));
#8503 = PCURVE('',#8055,#8504);
#8504 = DEFINITIONAL_REPRESENTATION('',(#8505),#8711);
#8505 = B_SPLINE_CURVE_WITH_KNOTS('',8,(#8506,#8507,#8508,#8509,#8510,
    #8511,#8512,#8513,#8514,#8515,#8516,#8517,#8518,#8519,#8520,#8521,
    #8522,#8523,#8524,#8525,#8526,#8527,#8528,#8529,#8530,#8531,#8532,
    #8533,#8534,#8535,#8536,#8537,#8538,#8539,#8540,#8541,#8542,#8543,
    #8544,#8545,#8546,#8547,#8548,#8549,#8550,#8551,#8552,#8553,#8554,
    #8555,#8556,#8557,#8558,#8559,#8560,#8561,#8562,#8563,#8564,#8565,
    #8566,#8567,#8568,#8569,#8570,#8571,#8572,#8573,#8574,#8575,#8576,
    #8577,#8578,#8579,#8580,#8581,#8582,#8583,#8584,#8585,#8586,#8587,
    #8588,#8589,#8590,#8591,#8592,#8593,#8594,#8595,#8596,#8597,#8598,
    #8599,#8600,#8601,#8602,#8603,#8604,#8605,#8606,#8607,#8608,#8609,
    #8610,#8611,#8612,#8613,#8614,#8615,#8616,#8617,#8618,#8619,#8620,
    #8621,#8622,#8623,#8624,#8625,#8626,#8627,#8628,#8629,#8630,#8631,
    #8632,#8633,#8634,#8635,#8636,#8637,#8638,#8639,#8640,#8641,#8642,
    #8643,#8644,#8645,#8646,#8647,#8648,#8649,#8650,#8651,#8652,#8653,
    #8654,#8655,#8656,#8657,#8658,#8659,#8660,#8661,#8662,#8663,#8664,
    #8665,#8666,#8667,#8668,#8669,#8670,#8671,#8672,#8673,#8674,#8675,
    #8676,#8677,#8678,#8679,#8680,#8681,#8682,#8683,#8684,#8685,#8686,
    #8687,#8688,#8689,#8690,#8691,#8692,#8693,#8694,#8695,#8696,#8697,
    #8698,#8699,#8700,#8701,#8702,#8703,#8704,#8705,#8706,#8707,#8708,
    #8709,#8710),.UNSPECIFIED.,.F.,.F.,(9,7,7,7,7,7,7,7,7,7,7,7,7,7,7,7,
    7,7,7,7,7,7,7,7,7,7,7,7,7,9),(0.,1.274723670545E-02,
    2.373473671674E-02,3.732089010175E-02,6.01911091831E-02,
    8.290406589569E-02,0.140333526837,0.196713940351,0.2897243256,
    0.33681296723,0.384845554532,0.419277786615,0.456450059779,
    0.47729360831,0.487966786797,0.496085019016,0.505510936592,
    0.522949265133,0.54539990139,0.578123817192,0.632861878142,
    0.686913017218,0.747969837697,0.834763177582,0.878528563275,
    0.923335456823,0.944737049635,0.967641789674,0.986146785795,1.),
  .UNSPECIFIED.);
#8506 = CARTESIAN_POINT('',(0.745062964535,0.22785858786));
#8507 = CARTESIAN_POINT('',(0.741877802074,0.228165388622));
#8508 = CARTESIAN_POINT('',(0.738733550823,0.228695119486));
#8509 = CARTESIAN_POINT('',(0.735673074704,0.229435170556));
#8510 = CARTESIAN_POINT('',(0.732721703762,0.230359260257));
#8511 = CARTESIAN_POINT('',(0.729892002163,0.231438213089));
#8512 = CARTESIAN_POINT('',(0.72718723926,0.232645483769));
#8513 = CARTESIAN_POINT('',(0.724603787314,0.233959645647));
#8514 = CARTESIAN_POINT('',(0.720002686034,0.23657832401));
#8515 = CARTESIAN_POINT('',(0.717958245184,0.237857936398));
#8516 = CARTESIAN_POINT('',(0.715994369913,0.239194701431));
#8517 = CARTESIAN_POINT('',(0.714106313654,0.240580090755));
#8518 = CARTESIAN_POINT('',(0.712289439959,0.242007065924));
#8519 = CARTESIAN_POINT('',(0.710539149194,0.24346995137));
#8520 = CARTESIAN_POINT('',(0.70885085221,0.244964359087));
#8521 = CARTESIAN_POINT('',(0.705203415682,0.248370130565));
#8522 = CARTESIAN_POINT('',(0.703275610843,0.250295601837));
#8523 = CARTESIAN_POINT('',(0.701428453818,0.252257020426));
#8524 = CARTESIAN_POINT('',(0.699655273976,0.254249135055));
#8525 = CARTESIAN_POINT('',(0.69795036894,0.256267727464));
#8526 = CARTESIAN_POINT('',(0.696308674601,0.258309423329));
#8527 = CARTESIAN_POINT('',(0.694725588932,0.260371588202));
#8528 = CARTESIAN_POINT('',(0.690623716857,0.265954882969));
#8529 = CARTESIAN_POINT('',(0.688205605347,0.269508839302));
#8530 = CARTESIAN_POINT('',(0.685922857571,0.273104460548));
#8531 = CARTESIAN_POINT('',(0.683760840971,0.276734586298));
#8532 = CARTESIAN_POINT('',(0.681707709184,0.280393715045));
#8533 = CARTESIAN_POINT('',(0.679753459996,0.28407764186));
#8534 = CARTESIAN_POINT('',(0.677889607297,0.287783332412));
#8535 = CARTESIAN_POINT('',(0.67434000928,0.295208520244));
#8536 = CARTESIAN_POINT('',(0.672653350835,0.298927282321));
#8537 = CARTESIAN_POINT('',(0.671041575877,0.302662641522));
#8538 = CARTESIAN_POINT('',(0.669498777099,0.306412666412));
#8539 = CARTESIAN_POINT('',(0.668019938152,0.310175779605));
#8540 = CARTESIAN_POINT('',(0.666600692496,0.313950690825));
#8541 = CARTESIAN_POINT('',(0.665237175977,0.317736356662));
#8542 = CARTESIAN_POINT('',(0.660610610111,0.331129125637));
#8543 = CARTESIAN_POINT('',(0.657630176909,0.340788380436));
#8544 = CARTESIAN_POINT('',(0.654928952669,0.350497098445));
#8545 = CARTESIAN_POINT('',(0.652470217952,0.360246859765));
#8546 = CARTESIAN_POINT('',(0.650225179478,0.370031257385));
#8547 = CARTESIAN_POINT('',(0.648171400124,0.37984565801));
#8548 = CARTESIAN_POINT('',(0.646290303973,0.389686767198));
#8549 = CARTESIAN_POINT('',(0.642874314449,0.409238192643));
#8550 = CARTESIAN_POINT('',(0.641333850285,0.418946780156));
#8551 = CARTESIAN_POINT('',(0.639930751436,0.428675829231));
#8552 = CARTESIAN_POINT('',(0.638653505318,0.438423108158));
#8553 = CARTESIAN_POINT('',(0.637492712887,0.448186622526));
#8554 = CARTESIAN_POINT('',(0.636440558609,0.457964602456));
#8555 = CARTESIAN_POINT('',(0.635490545029,0.467755529192));
#8556 = CARTESIAN_POINT('',(0.633230211512,0.493729601799));
#8557 = CARTESIAN_POINT('',(0.632086945461,0.509931050603));
#8558 = CARTESIAN_POINT('',(0.631184076609,0.526158506553));
#8559 = CARTESIAN_POINT('',(0.630507551134,0.542407133912));
#8560 = CARTESIAN_POINT('',(0.630051271473,0.558672012046));
#8561 = CARTESIAN_POINT('',(0.629817223372,0.574948837223));
#8562 = CARTESIAN_POINT('',(0.629817337105,0.591234616289));
#8563 = CARTESIAN_POINT('',(0.63020858757,0.61577742984));
#8564 = CARTESIAN_POINT('',(0.630406642142,0.624027914136));
#8565 = CARTESIAN_POINT('',(0.630674537134,0.632279512702));
#8566 = CARTESIAN_POINT('',(0.631016485761,0.640531674349));
#8567 = CARTESIAN_POINT('',(0.631437702752,0.648783606027));
#8568 = CARTESIAN_POINT('',(0.631944589197,0.657034281399));
#8569 = CARTESIAN_POINT('',(0.632545023372,0.665282441064));
#8570 = CARTESIAN_POINT('',(0.633966600299,0.681935990951));
#8571 = CARTESIAN_POINT('',(0.634791869785,0.690340543906));
#8572 = CARTESIAN_POINT('',(0.635734947089,0.698739018679));
#8573 = CARTESIAN_POINT('',(0.636808186027,0.707129081524));
#8574 = CARTESIAN_POINT('',(0.638026444358,0.715507256932));
#8575 = CARTESIAN_POINT('',(0.639407602237,0.723868887157));
#8576 = CARTESIAN_POINT('',(0.640973613201,0.73220801877));
#8577 = CARTESIAN_POINT('',(0.644027926954,0.746473564807));
#8578 = CARTESIAN_POINT('',(0.645412531475,0.752413866109));
#8579 = CARTESIAN_POINT('',(0.646916826351,0.758335458551));
#8580 = CARTESIAN_POINT('',(0.648552672948,0.764234652121));
#8581 = CARTESIAN_POINT('',(0.650333819811,0.77010658666));
#8582 = CARTESIAN_POINT('',(0.652276283348,0.775945157655));
#8583 = CARTESIAN_POINT('',(0.65439911611,0.781742841999));
#8584 = CARTESIAN_POINT('',(0.659237999293,0.793695172893));
#8585 = CARTESIAN_POINT('',(0.661985984176,0.799836939772));
#8586 = CARTESIAN_POINT('',(0.665000725091,0.805908255804));
#8587 = CARTESIAN_POINT('',(0.668318272273,0.811893946547));
#8588 = CARTESIAN_POINT('',(0.671980131684,0.817771050569));
#8589 = CARTESIAN_POINT('',(0.676036909543,0.823507002797));
#8590 = CARTESIAN_POINT('',(0.680548072229,0.829059399749));
#8591 = CARTESIAN_POINT('',(0.688429530593,0.837343134904));
#8592 = CARTESIAN_POINT('',(0.691427137197,0.840238742915));
#8593 = CARTESIAN_POINT('',(0.69460564565,0.843044109571));
#8594 = CARTESIAN_POINT('',(0.697979531238,0.845744420633));
#8595 = CARTESIAN_POINT('',(0.701562232749,0.848319909003));
#8596 = CARTESIAN_POINT('',(0.705365245988,0.850745844161));
#8597 = CARTESIAN_POINT('',(0.709396650519,0.85299268046));
#8598 = CARTESIAN_POINT('',(0.715841271583,0.856068200414));
#8599 = CARTESIAN_POINT('',(0.71808342579,0.85705352731));
#8600 = CARTESIAN_POINT('',(0.720384962383,0.857977941677));
#8601 = CARTESIAN_POINT('',(0.722744670288,0.858836333016));
#8602 = CARTESIAN_POINT('',(0.72516023655,0.85962332956));
#8603 = CARTESIAN_POINT('',(0.727628057795,0.860333517378));
#8604 = CARTESIAN_POINT('',(0.7301430469,0.860961740206));
#8605 = CARTESIAN_POINT('',(0.734642113875,0.861915537963));
#8606 = CARTESIAN_POINT('',(0.736609322928,0.862277596966));
#8607 = CARTESIAN_POINT('',(0.73859695392,0.862587625383));
#8608 = CARTESIAN_POINT('',(0.740601538062,0.862843876119));
#8609 = CARTESIAN_POINT('',(0.742619270575,0.863044948344));
#8610 = CARTESIAN_POINT('',(0.744646035374,0.863189849254));
#8611 = CARTESIAN_POINT('',(0.746677429764,0.863278055849));
#8612 = CARTESIAN_POINT('',(0.751067359972,0.863346175385));
#8613 = CARTESIAN_POINT('',(0.753426451323,0.863306361899));
#8614 = CARTESIAN_POINT('',(0.755778656284,0.863190087773));
#8615 = CARTESIAN_POINT('',(0.758117129854,0.862998296177));
#8616 = CARTESIAN_POINT('',(0.76043562728,0.862732770018));
#8617 = CARTESIAN_POINT('',(0.762728542414,0.862395980046));
#8618 = CARTESIAN_POINT('',(0.764990946073,0.861990932959));
#8619 = CARTESIAN_POINT('',(0.771339919452,0.860651661201));
#8620 = CARTESIAN_POINT('',(0.775342004078,0.859560361311));
#8621 = CARTESIAN_POINT('',(0.779201532725,0.858267974449));
#8622 = CARTESIAN_POINT('',(0.782905508684,0.856798260548));
#8623 = CARTESIAN_POINT('',(0.786448860894,0.855174237713));
#8624 = CARTESIAN_POINT('',(0.789832337188,0.85341636908));
#8625 = CARTESIAN_POINT('',(0.793060829107,0.851541716729));
#8626 = CARTESIAN_POINT('',(0.800109350057,0.847015987047));
#8627 = CARTESIAN_POINT('',(0.803828454721,0.844299339973));
#8628 = CARTESIAN_POINT('',(0.807316488152,0.841441994621));
#8629 = CARTESIAN_POINT('',(0.810589826053,0.838467164947));
#8630 = CARTESIAN_POINT('',(0.813664490159,0.83539363422));
#8631 = CARTESIAN_POINT('',(0.816556000832,0.832236231826));
#8632 = CARTESIAN_POINT('',(0.819279164921,0.829006012742));
#8633 = CARTESIAN_POINT('',(0.825592518923,0.820906881995));
#8634 = CARTESIAN_POINT('',(0.82900583063,0.815968899538));
#8635 = CARTESIAN_POINT('',(0.832130473846,0.810922814536));
#8636 = CARTESIAN_POINT('',(0.834999246375,0.805788431721));
#8637 = CARTESIAN_POINT('',(0.837639537548,0.800581258751));
#8638 = CARTESIAN_POINT('',(0.840074908576,0.795313307532));
#8639 = CARTESIAN_POINT('',(0.842325569343,0.789993293744));
#8640 = CARTESIAN_POINT('',(0.847894847389,0.775650754249));
#8641 = CARTESIAN_POINT('',(0.850911000616,0.766551055727));
#8642 = CARTESIAN_POINT('',(0.853540718799,0.757358300897));
#8643 = CARTESIAN_POINT('',(0.855841797579,0.748094512549));
#8644 = CARTESIAN_POINT('',(0.857860278324,0.738776565985));
#8645 = CARTESIAN_POINT('',(0.859632569205,0.729416513447));
#8646 = CARTESIAN_POINT('',(0.861188696858,0.720022182826));
#8647 = CARTESIAN_POINT('',(0.863900704165,0.701290525562));
#8648 = CARTESIAN_POINT('',(0.865061018996,0.691956399738));
#8649 = CARTESIAN_POINT('',(0.866057854257,0.682599980768));
#8650 = CARTESIAN_POINT('',(0.866909593991,0.673225303789));
#8651 = CARTESIAN_POINT('',(0.8676310163,0.663835456463));
#8652 = CARTESIAN_POINT('',(0.868234143198,0.654432638965));
#8653 = CARTESIAN_POINT('',(0.868728673874,0.645018171192));
#8654 = CARTESIAN_POINT('',(0.869567139288,0.624945135078));
#8655 = CARTESIAN_POINT('',(0.869883211945,0.614284450674));
#8656 = CARTESIAN_POINT('',(0.870081816738,0.603611429753));
#8657 = CARTESIAN_POINT('',(0.8701710154,0.592927096605));
#8658 = CARTESIAN_POINT('',(0.87015636246,0.582232495382));
#8659 = CARTESIAN_POINT('',(0.870041341038,0.571528655596));
#8660 = CARTESIAN_POINT('',(0.869827596858,0.560816538644));
#8661 = CARTESIAN_POINT('',(0.869070566252,0.534858904132));
#8662 = CARTESIAN_POINT('',(0.868426437739,0.519607898996));
#8663 = CARTESIAN_POINT('',(0.867582196452,0.504345497854));
#8664 = CARTESIAN_POINT('',(0.86653045355,0.489076285322));
#8665 = CARTESIAN_POINT('',(0.865257361673,0.473807437174));
#8666 = CARTESIAN_POINT('',(0.863742975933,0.458548116644));
#8667 = CARTESIAN_POINT('',(0.861960106816,0.443308903931));
#8668 = CARTESIAN_POINT('',(0.858816575443,0.420433119054));
#8669 = CARTESIAN_POINT('',(0.857684835138,0.412773353816));
#8670 = CARTESIAN_POINT('',(0.856470240869,0.405123804613));
#8671 = CARTESIAN_POINT('',(0.85516717912,0.397486451342));
#8672 = CARTESIAN_POINT('',(0.853769244006,0.389863582978));
#8673 = CARTESIAN_POINT('',(0.852269025245,0.382257798715));
#8674 = CARTESIAN_POINT('',(0.850657738849,0.374672031014));
#8675 = CARTESIAN_POINT('',(0.847150416281,0.359367183616));
#8676 = CARTESIAN_POINT('',(0.845248677388,0.351649901072));
#8677 = CARTESIAN_POINT('',(0.843207850912,0.343960782706));
#8678 = CARTESIAN_POINT('',(0.841014451102,0.33630401582));
#8679 = CARTESIAN_POINT('',(0.838652069899,0.328685113451));
#8680 = CARTESIAN_POINT('',(0.836100803791,0.321110992705));
#8681 = CARTESIAN_POINT('',(0.833335285795,0.313590349852));
#8682 = CARTESIAN_POINT('',(0.828878936601,0.302573621353));
#8683 = CARTESIAN_POINT('',(0.827381435723,0.299027640072));
#8684 = CARTESIAN_POINT('',(0.825823025049,0.295498043543));
#8685 = CARTESIAN_POINT('',(0.824199269686,0.291986451654));
#8686 = CARTESIAN_POINT('',(0.822505151127,0.288494858603));
#8687 = CARTESIAN_POINT('',(0.820734876606,0.285025689223));
#8688 = CARTESIAN_POINT('',(0.818881550198,0.281581898655));
#8689 = CARTESIAN_POINT('',(0.814855263342,0.274512494335));
#8690 = CARTESIAN_POINT('',(0.812669669556,0.270892308987));
#8691 = CARTESIAN_POINT('',(0.810369034465,0.267309883287));
#8692 = CARTESIAN_POINT('',(0.807940855739,0.263770848528));
#8693 = CARTESIAN_POINT('',(0.805370733859,0.260283262557));
#8694 = CARTESIAN_POINT('',(0.802640962459,0.25685825168));
#8695 = CARTESIAN_POINT('',(0.799729848492,0.253510337466));
#8696 = CARTESIAN_POINT('',(0.794080926015,0.247634741591));
#8697 = CARTESIAN_POINT('',(0.791422920155,0.245078954639));
#8698 = CARTESIAN_POINT('',(0.788610689838,0.242598583502));
#8699 = CARTESIAN_POINT('',(0.785623664779,0.240208431617));
#8700 = CARTESIAN_POINT('',(0.782441611497,0.237932600145));
#8701 = CARTESIAN_POINT('',(0.77904391515,0.235805607245));
#8702 = CARTESIAN_POINT('',(0.775410355927,0.23387264049));
#8703 = CARTESIAN_POINT('',(0.768602763894,0.230938006052));
#8704 = CARTESIAN_POINT('',(0.765543210681,0.229824553081));
#8705 = CARTESIAN_POINT('',(0.762340555387,0.228884513579));
#8706 = CARTESIAN_POINT('',(0.759006141191,0.22815322779));
#8707 = CARTESIAN_POINT('',(0.755563211864,0.227666269042));
#8708 = CARTESIAN_POINT('',(0.752050421169,0.227453570698));
#8709 = CARTESIAN_POINT('',(0.748525026492,0.227525116644));
#8710 = CARTESIAN_POINT('',(0.745062964535,0.22785858786));
#8711 = ( GEOMETRIC_REPRESENTATION_CONTEXT(2) 
PARAMETRIC_REPRESENTATION_CONTEXT() REPRESENTATION_CONTEXT('2D SPACE',''
  ) );
#8712 = PCURVE('',#8713,#8718);
#8713 = PLANE('',#8714);
#8714 = AXIS2_PLACEMENT_3D('',#8715,#8716,#8717);
#8715 = CARTESIAN_POINT('',(-300.,-200.,-4.83335755716));
#8716 = DIRECTION('',(0.,0.,1.));
#8717 = DIRECTION('',(1.,0.,-0.));
#8718 = DEFINITIONAL_REPRESENTATION('',(#8719),#8925);
#8719 = B_SPLINE_CURVE_WITH_KNOTS('',8,(#8720,#8721,#8722,#8723,#8724,
    #8725,#8726,#8727,#8728,#8729,#8730,#8731,#8732,#8733,#8734,#8735,
    #8736,#8737,#8738,#8739,#8740,#8741,#8742,#8743,#8744,#8745,#8746,
    #8747,#8748,#8749,#8750,#8751,#8752,#8753,#8754,#8755,#8756,#8757,
    #8758,#8759,#8760,#8761,#8762,#8763,#8764,#8765,#8766,#8767,#8768,
    #8769,#8770,#8771,#8772,#8773,#8774,#8775,#8776,#8777,#8778,#8779,
    #8780,#8781,#8782,#8783,#8784,#8785,#8786,#8787,#8788,#8789,#8790,
    #8791,#8792,#8793,#8794,#8795,#8796,#8797,#8798,#8799,#8800,#8801,
    #8802,#8803,#8804,#8805,#8806,#8807,#8808,#8809,#8810,#8811,#8812,
    #8813,#8814,#8815,#8816,#8817,#8818,#8819,#8820,#8821,#8822,#8823,
    #8824,#8825,#8826,#8827,#8828,#8829,#8830,#8831,#8832,#8833,#8834,
    #8835,#8836,#8837,#8838,#8839,#8840,#8841,#8842,#8843,#8844,#8845,
    #8846,#8847,#8848,#8849,#8850,#8851,#8852,#8853,#8854,#8855,#8856,
    #8857,#8858,#8859,#8860,#8861,#8862,#8863,#8864,#8865,#8866,#8867,
    #8868,#8869,#8870,#8871,#8872,#8873,#8874,#8875,#8876,#8877,#8878,
    #8879,#8880,#8881,#8882,#8883,#8884,#8885,#8886,#8887,#8888,#8889,
    #8890,#8891,#8892,#8893,#8894,#8895,#8896,#8897,#8898,#8899,#8900,
    #8901,#8902,#8903,#8904,#8905,#8906,#8907,#8908,#8909,#8910,#8911,
    #8912,#8913,#8914,#8915,#8916,#8917,#8918,#8919,#8920,#8921,#8922,
    #8923,#8924),.UNSPECIFIED.,.F.,.F.,(9,7,7,7,7,7,7,7,7,7,7,7,7,7,7,7,
    7,7,7,7,7,7,7,7,7,7,7,7,7,9),(0.,1.274723670545E-02,
    2.373473671674E-02,3.732089010175E-02,6.01911091831E-02,
    8.290406589569E-02,0.140333526837,0.196713940351,0.2897243256,
    0.33681296723,0.384845554532,0.419277786615,0.456450059779,
    0.47729360831,0.487966786797,0.496085019016,0.505510936592,
    0.522949265133,0.54539990139,0.578123817192,0.632861878142,
    0.686913017218,0.747969837697,0.834763177582,0.878528563275,
    0.923335456823,0.944737049635,0.967641789674,0.986146785795,1.),
  .UNSPECIFIED.);
#8720 = CARTESIAN_POINT('',(341.79164192191,201.42374323453));
#8721 = CARTESIAN_POINT('',(341.85074745565,200.98395076265));
#8722 = CARTESIAN_POINT('',(341.95280639038,200.54983355182));
#8723 = CARTESIAN_POINT('',(342.09540300221,200.12658178513));
#8724 = CARTESIAN_POINT('',(342.27350212448,199.71702821311));
#8725 = CARTESIAN_POINT('',(342.48151471286,199.32249811982));
#8726 = CARTESIAN_POINT('',(342.71435378561,198.94325649248));
#8727 = CARTESIAN_POINT('',(342.96791108991,198.5787229194));
#8728 = CARTESIAN_POINT('',(343.47338218052,197.92499511626));
#8729 = CARTESIAN_POINT('',(343.7204607118,197.63264285875));
#8730 = CARTESIAN_POINT('',(343.97866683068,197.34986759029));
#8731 = CARTESIAN_POINT('',(344.2463658065,197.07603933003));
#8732 = CARTESIAN_POINT('',(344.52220762184,196.81056559069));
#8733 = CARTESIAN_POINT('',(344.80510297854,196.55286831566));
#8734 = CARTESIAN_POINT('',(345.09420947402,196.30237065717));
#8735 = CARTESIAN_POINT('',(345.75335044196,195.75693727552));
#8736 = CARTESIAN_POINT('',(346.12617652064,195.46564615783));
#8737 = CARTESIAN_POINT('',(346.50614684722,195.18360420933));
#8738 = CARTESIAN_POINT('',(346.89225136036,194.91000076653));
#8739 = CARTESIAN_POINT('',(347.28367717219,194.64415728281));
#8740 = CARTESIAN_POINT('',(347.67977278304,194.38547702118));
#8741 = CARTESIAN_POINT('',(348.08002861314,194.1334176925));
#8742 = CARTESIAN_POINT('',(349.16422224238,193.47350004328));
#8743 = CARTESIAN_POINT('',(349.8548759435,193.07701508714));
#8744 = CARTESIAN_POINT('',(350.55415123555,192.69570939012));
#8745 = CARTESIAN_POINT('',(351.26065110713,192.32793024846));
#8746 = CARTESIAN_POINT('',(351.9732950235,191.97237052207));
#8747 = CARTESIAN_POINT('',(352.69125103815,191.62793910127));
#8748 = CARTESIAN_POINT('',(353.41391291093,191.2937171569));
#8749 = CARTESIAN_POINT('',(354.8628183072,190.64629863365));
#8750 = CARTESIAN_POINT('',(355.58891228596,190.33301402926));
#8751 = CARTESIAN_POINT('',(356.31866739467,190.02827384565));
#8752 = CARTESIAN_POINT('',(357.05169019101,189.73146136505));
#8753 = CARTESIAN_POINT('',(357.78765571288,189.44206313145));
#8754 = CARTESIAN_POINT('',(358.52629499317,189.1596380553));
#8755 = CARTESIAN_POINT('',(359.2673876047,188.88379896138));
#8756 = CARTESIAN_POINT('',(361.89036614903,187.93254506939));
#8757 = CARTESIAN_POINT('',(363.78425327805,187.29092049789));
#8758 = CARTESIAN_POINT('',(365.68969250837,186.68376937006));
#8759 = CARTESIAN_POINT('',(367.60480088225,186.10769518824));
#8760 = CARTESIAN_POINT('',(369.52812958672,185.56011468771));
#8761 = CARTESIAN_POINT('',(371.45862013228,185.03911253729));
#8762 = CARTESIAN_POINT('',(373.39551867136,184.54315913666));
#8763 = CARTESIAN_POINT('',(377.2457174361,183.60759828471));
#8764 = CARTESIAN_POINT('',(379.15863822789,183.1671644266));
#8765 = CARTESIAN_POINT('',(381.07656267224,182.74866615811));
#8766 = CARTESIAN_POINT('',(382.99901891281,182.35132890623));
#8767 = CARTESIAN_POINT('',(384.92560959758,181.97462432941));
#8768 = CARTESIAN_POINT('',(386.85600181972,181.61822136261));
#8769 = CARTESIAN_POINT('',(388.78992305347,181.28196658362));
#8770 = CARTESIAN_POINT('',(393.92301446362,180.44447063209));
#8771 = CARTESIAN_POINT('',(397.12752085565,179.97802979596));
#8772 = CARTESIAN_POINT('',(400.34000130166,179.56664435792));
#8773 = CARTESIAN_POINT('',(403.55963007598,179.21182121651));
#8774 = CARTESIAN_POINT('',(406.78542653273,178.9164077567));
#8775 = CARTESIAN_POINT('',(410.0162585755,178.68463902185));
#8776 = CARTESIAN_POINT('',(413.25085975093,178.52232550447));
#8777 = CARTESIAN_POINT('',(418.12666571506,178.39407565334));
#8778 = CARTESIAN_POINT('',(419.76596101302,178.37075369825));
#8779 = CARTESIAN_POINT('',(421.4055360299,178.3682126339));
#8780 = CARTESIAN_POINT('',(423.04509747845,178.38757829921));
#8781 = CARTESIAN_POINT('',(424.68426857568,178.4301065582));
#8782 = CARTESIAN_POINT('',(426.32258880532,178.49719242364));
#8783 = CARTESIAN_POINT('',(427.95951348124,178.59038717454));
#8784 = CARTESIAN_POINT('',(431.26208615765,178.83488623451));
#8785 = CARTESIAN_POINT('',(432.92751839506,178.98730809462));
#8786 = CARTESIAN_POINT('',(434.59011517368,179.17052867194));
#8787 = CARTESIAN_POINT('',(436.24902195278,179.38657597785));
#8788 = CARTESIAN_POINT('',(437.90312034925,179.63769148862));
#8789 = CARTESIAN_POINT('',(439.55102637094,179.9263408137));
#8790 = CARTESIAN_POINT('',(441.19108062877,180.25527686224));
#8791 = CARTESIAN_POINT('',(443.98996004692,180.89471068769));
#8792 = CARTESIAN_POINT('',(445.15341964552,181.1840261418));
#8793 = CARTESIAN_POINT('',(446.31100962662,181.49685655852));
#8794 = CARTESIAN_POINT('',(447.46182578975,181.83448281826));
#8795 = CARTESIAN_POINT('',(448.60474042711,182.19830615428));
#8796 = CARTESIAN_POINT('',(449.73839605172,182.58986750794));
#8797 = CARTESIAN_POINT('',(450.86118301976,183.01091745674));
#8798 = CARTESIAN_POINT('',(453.16951320807,183.9522958168));
#8799 = CARTESIAN_POINT('',(454.3520574481,184.4775014688));
#8800 = CARTESIAN_POINT('',(455.51725147419,185.04213029631));
#8801 = CARTESIAN_POINT('',(456.66206305242,185.64940127923));
#8802 = CARTESIAN_POINT('',(457.78203820764,186.30275039527));
#8803 = CARTESIAN_POINT('',(458.87102139997,187.00628735747));
#8804 = CARTESIAN_POINT('',(459.9211813941,187.76475121814));
#8805 = CARTESIAN_POINT('',(461.48227109693,189.04673507557));
#8806 = CARTESIAN_POINT('',(462.02676140808,189.52655880621));
#8807 = CARTESIAN_POINT('',(462.55313298922,190.02707147208));
#8808 = CARTESIAN_POINT('',(463.05870076858,190.5495785333));
#8809 = CARTESIAN_POINT('',(463.53988675175,191.09520329381));
#8810 = CARTESIAN_POINT('',(463.99223400604,191.66487142614));
#8811 = CARTESIAN_POINT('',(464.41043991093,192.25927944959));
#8812 = CARTESIAN_POINT('',(464.98202218503,193.19604336353));
#8813 = CARTESIAN_POINT('',(465.16497804465,193.51974575368));
#8814 = CARTESIAN_POINT('',(465.33647725964,193.84988049471));
#8815 = CARTESIAN_POINT('',(465.49560256987,194.18631640904));
#8816 = CARTESIAN_POINT('',(465.64139014115,194.52881372231));
#8817 = CARTESIAN_POINT('',(465.77286901931,194.8770067909));
#8818 = CARTESIAN_POINT('',(465.88911482119,195.23038073608));
#8819 = CARTESIAN_POINT('',(466.06553395179,195.86043814955));
#8820 = CARTESIAN_POINT('',(466.13247514835,196.13525299571));
#8821 = CARTESIAN_POINT('',(466.18977699031,196.41236104746));
#8822 = CARTESIAN_POINT('',(466.2371265194,196.69140735812));
#8823 = CARTESIAN_POINT('',(466.27427309549,196.97200591841));
#8824 = CARTESIAN_POINT('',(466.30103941141,197.25373806467));
#8825 = CARTESIAN_POINT('',(466.31733250767,197.53615088704));
#8826 = CARTESIAN_POINT('',(466.32991507579,198.14688261422));
#8827 = CARTESIAN_POINT('',(466.32256067101,198.47534480579));
#8828 = CARTESIAN_POINT('',(466.3010846074,198.803364123));
#8829 = CARTESIAN_POINT('',(466.26565779885,199.13023290295));
#8830 = CARTESIAN_POINT('',(466.2166018006,199.45531048474));
#8831 = CARTESIAN_POINT('',(466.15436157124,199.77801978518));
#8832 = CARTESIAN_POINT('',(466.07947823457,200.09784387443));
#8833 = CARTESIAN_POINT('',(465.83176319156,200.99982190453));
#8834 = CARTESIAN_POINT('',(465.62979356113,201.57382589883));
#8835 = CARTESIAN_POINT('',(465.39040408638,202.13392040693));
#8836 = CARTESIAN_POINT('',(465.11786161697,202.67872519));
#8837 = CARTESIAN_POINT('',(464.81630028332,203.20757371356));
#8838 = CARTESIAN_POINT('',(464.48939902253,203.72035151425));
#8839 = CARTESIAN_POINT('',(464.14022642996,204.21741574884));
#8840 = CARTESIAN_POINT('',(463.295862296,205.32019252422));
#8841 = CARTESIAN_POINT('',(462.78805568094,205.91540835077));
#8842 = CARTESIAN_POINT('',(462.2528318213,206.48673595136));
#8843 = CARTESIAN_POINT('',(461.69436831817,207.03546142172));
#8844 = CARTESIAN_POINT('',(461.1160645671,207.56278812231));
#8845 = CARTESIAN_POINT('',(460.52062003765,208.06991416935));
#8846 = CARTESIAN_POINT('',(459.91005397444,208.55805103408));
#8847 = CARTESIAN_POINT('',(458.37572157765,209.71409530706));
#8848 = CARTESIAN_POINT('',(457.43731839065,210.36142682701));
#8849 = CARTESIAN_POINT('',(456.47534949193,210.97402250568));
#8850 = CARTESIAN_POINT('',(455.49352094488,211.55440421228));
#8851 = CARTESIAN_POINT('',(454.49479885963,212.1046734386));
#8852 = CARTESIAN_POINT('',(453.4815352382,212.6267210952));
#8853 = CARTESIAN_POINT('',(452.45548581592,213.12225658482));
#8854 = CARTESIAN_POINT('',(449.6822196793,214.38016463918));
#8855 = CARTESIAN_POINT('',(447.91535988595,215.09725723326));
#8856 = CARTESIAN_POINT('',(446.12361480777,215.75163837241));
#8857 = CARTESIAN_POINT('',(444.31189096017,216.34874176925));
#8858 = CARTESIAN_POINT('',(442.48417513171,216.89345485848));
#8859 = CARTESIAN_POINT('',(440.64353133836,217.39010559037));
#8860 = CARTESIAN_POINT('',(438.79217177074,217.84266819019));
#8861 = CARTESIAN_POINT('',(435.09406283661,218.66159215252));
#8862 = CARTESIAN_POINT('',(433.24802821649,219.0288588743));
#8863 = CARTESIAN_POINT('',(431.39495931054,219.35992501783));
#8864 = CARTESIAN_POINT('',(429.53622176673,219.65774891688));
#8865 = CARTESIAN_POINT('',(427.67294120609,219.92493365066));
#8866 = CARTESIAN_POINT('',(425.80600767889,220.16375397823));
#8867 = CARTESIAN_POINT('',(423.93607570672,220.37615610979));
#8868 = CARTESIAN_POINT('',(419.94835771049,220.7757047837));
#8869 = CARTESIAN_POINT('',(417.83005457713,220.95599054335));
#8870 = CARTESIAN_POINT('',(415.70933507811,221.1069806382));
#8871 = CARTESIAN_POINT('',(413.58678813026,221.23048930144));
#8872 = CARTESIAN_POINT('',(411.46291572646,221.32782901391));
#8873 = CARTESIAN_POINT('',(409.33813471516,221.39984215919));
#8874 = CARTESIAN_POINT('',(407.21277834635,221.44692885918));
#8875 = CARTESIAN_POINT('',(402.06540511153,221.50054624093));
#8876 = CARTESIAN_POINT('',(399.04347814524,221.4816141321));
#8877 = CARTESIAN_POINT('',(396.02187484688,221.41224446681));
#8878 = CARTESIAN_POINT('',(393.00153342804,221.29071054908));
#8879 = CARTESIAN_POINT('',(389.98376182028,221.11379512753));
#8880 = CARTESIAN_POINT('',(386.97022051187,220.87711299097));
#8881 = CARTESIAN_POINT('',(383.96291151538,220.57533539802));
#8882 = CARTESIAN_POINT('',(379.45208469108,220.01389901279));
#8883 = CARTESIAN_POINT('',(377.94226227002,219.80753813774));
#8884 = CARTESIAN_POINT('',(376.43505137547,219.58221263338));
#8885 = CARTESIAN_POINT('',(374.9308579127,219.33705062712));
#8886 = CARTESIAN_POINT('',(373.43015990055,219.07112395702));
#8887 = CARTESIAN_POINT('',(371.93350929082,218.7834381001));
#8888 = CARTESIAN_POINT('',(370.4415371909,218.47290271037));
#8889 = CARTESIAN_POINT('',(367.43301116099,217.79569918482));
#8890 = CARTESIAN_POINT('',(365.91684959739,217.42790181817));
#8891 = CARTESIAN_POINT('',(364.40714802353,217.03353865214));
#8892 = CARTESIAN_POINT('',(362.90481726944,216.61113692002));
#8893 = CARTESIAN_POINT('',(361.4110421361,216.15899395756));
#8894 = CARTESIAN_POINT('',(359.92729414406,215.6751353993));
#8895 = CARTESIAN_POINT('',(358.45539882032,215.15709415982));
#8896 = CARTESIAN_POINT('',(356.30149211765,214.33577639432));
#8897 = CARTESIAN_POINT('',(355.60855490087,214.06168794656));
#8898 = CARTESIAN_POINT('',(354.91918003732,213.77860958874));
#8899 = CARTESIAN_POINT('',(354.23369679809,213.48610084702));
#8900 = CARTESIAN_POINT('',(353.55250686197,213.1836646354));
#8901 = CARTESIAN_POINT('',(352.87609467255,212.87072387037));
#8902 = CARTESIAN_POINT('',(352.20504600681,212.54657954954));
#8903 = CARTESIAN_POINT('',(350.8283991664,211.85050574354));
#8904 = CARTESIAN_POINT('',(350.12392040854,211.47693603326));
#8905 = CARTESIAN_POINT('',(349.42729415228,211.08846793267));
#8906 = CARTESIAN_POINT('',(348.7396220704,210.68377734613));
#8907 = CARTESIAN_POINT('',(348.06247216248,210.26135733565));
#8908 = CARTESIAN_POINT('',(347.39799901928,209.81932860445));
#8909 = CARTESIAN_POINT('',(346.7490026953,209.3553462317));
#8910 = CARTESIAN_POINT('',(345.6109077665,208.47012421789));
#8911 = CARTESIAN_POINT('',(345.11618812705,208.05868418344));
#8912 = CARTESIAN_POINT('',(344.63638899427,207.62882294234));
#8913 = CARTESIAN_POINT('',(344.17435255459,207.17813714088));
#8914 = CARTESIAN_POINT('',(343.73470690668,206.70439567532));
#8915 = CARTESIAN_POINT('',(343.32407260538,206.20536694546));
#8916 = CARTESIAN_POINT('',(342.95110146462,205.67878979154));
#8917 = CARTESIAN_POINT('',(342.38509808726,204.70441202947));
#8918 = CARTESIAN_POINT('',(342.17043568273,204.27013845386));
#8919 = CARTESIAN_POINT('',(341.98927461315,203.81914880459));
#8920 = CARTESIAN_POINT('',(341.84838902488,203.35298952947));
#8921 = CARTESIAN_POINT('',(341.75459320667,202.87459298119));
#8922 = CARTESIAN_POINT('',(341.71362137282,202.38856979475));
#8923 = CARTESIAN_POINT('',(341.72739827908,201.90176857603));
#8924 = CARTESIAN_POINT('',(341.79164192191,201.42374323453));
#8925 = ( GEOMETRIC_REPRESENTATION_CONTEXT(2) 
PARAMETRIC_REPRESENTATION_CONTEXT() REPRESENTATION_CONTEXT('2D SPACE',''
  ) );
#8926 = ADVANCED_FACE('',(#8927),#8267,.F.);
#8927 = FACE_BOUND('',#8928,.T.);
#8928 = EDGE_LOOP('',(#8929));
#8929 = ORIENTED_EDGE('',*,*,#8241,.T.);
#8930 = ADVANCED_FACE('',(#8931),#8216,.T.);
#8931 = FACE_BOUND('',#8932,.T.);
#8932 = EDGE_LOOP('',(#8933));
#8933 = ORIENTED_EDGE('',*,*,#8190,.F.);
#8934 = ADVANCED_FACE('',(#8935),#8713,.F.);
#8935 = FACE_BOUND('',#8936,.F.);
#8936 = EDGE_LOOP('',(#8937));
#8937 = ORIENTED_EDGE('',*,*,#8293,.T.);
#8938 = ( GEOMETRIC_REPRESENTATION_CONTEXT(3) 
GLOBAL_UNCERTAINTY_ASSIGNED_CONTEXT((#8942)) 
GLOBAL_UNIT_ASSIGNED_CONTEXT((#8939,#8940,#8941)) REPRESENTATION_CONTEXT
('Context #1','3D Context with UNIT and UNCERTAINTY') );
#8939 = ( LENGTH_UNIT() NAMED_UNIT(*) SI_UNIT(.MILLI.,.METRE.) );
#8940 = ( NAMED_UNIT(*) PLANE_ANGLE_UNIT() SI_UNIT($,.RADIAN.) );
#8941 = ( NAMED_UNIT(*) SI_UNIT($,.STERADIAN.) SOLID_ANGLE_UNIT() );
#8942 = UNCERTAINTY_MEASURE_WITH_UNIT(LENGTH_MEASURE(1.E-06),#8939,
  'distance_accuracy_value','confusion accuracy');
#8943 = CONTEXT_DEPENDENT_SHAPE_REPRESENTATION(#8944,#8946);
#8944 = ( REPRESENTATION_RELATIONSHIP('','',#8032,#10) 
REPRESENTATION_RELATIONSHIP_WITH_TRANSFORMATION(#8945) 
SHAPE_REPRESENTATION_RELATIONSHIP() );
#8945 = ITEM_DEFINED_TRANSFORMATION('','',#11,#51);
#8946 = PRODUCT_DEFINITION_SHAPE('Placement','Placement of an item',
  #8947);
#8947 = NEXT_ASSEMBLY_USAGE_OCCURRENCE('10','fish_fillet','',#5,#8027,$
  );
#8948 = PRODUCT_RELATED_PRODUCT_CATEGORY('part',$,(#8029));
#8949 = SHAPE_DEFINITION_REPRESENTATION(#8950,#8956);
#8950 = PRODUCT_DEFINITION_SHAPE('','',#8951);
#8951 = PRODUCT_DEFINITION('design','',#8952,#8955);
#8952 = PRODUCT_DEFINITION_FORMATION('','',#8953);
#8953 = PRODUCT('herb_1','herb_1','',(#8954));
#8954 = PRODUCT_CONTEXT('',#2,'mechanical');
#8955 = PRODUCT_DEFINITION_CONTEXT('part definition',#2,'design');
#8956 = ADVANCED_BREP_SHAPE_REPRESENTATION('',(#11,#8957),#9174);
#8957 = MANIFOLD_SOLID_BREP('',#8958);
#8958 = CLOSED_SHELL('',(#8959,#9166,#9170));
#8959 = ADVANCED_FACE('',(#8960),#8984,.T.);
#8960 = FACE_BOUND('',#8961,.T.);
#8961 = EDGE_LOOP('',(#8962,#9090,#9115,#9165));
#8962 = ORIENTED_EDGE('',*,*,#8963,.T.);
#8963 = EDGE_CURVE('',#8964,#8964,#8966,.T.);
#8964 = VERTEX_POINT('',#8965);
#8965 = CARTESIAN_POINT('',(1.2,0.,0.));
#8966 = SURFACE_CURVE('',#8967,(#8983,#9066),.PCURVE_S1.);
#8967 = B_SPLINE_CURVE_WITH_KNOTS('',14,(#8968,#8969,#8970,#8971,#8972,
    #8973,#8974,#8975,#8976,#8977,#8978,#8979,#8980,#8981,#8982),
  .UNSPECIFIED.,.T.,.F.,(15,15),(0.,1.),.PIECEWISE_BEZIER_KNOTS.);
#8968 = CARTESIAN_POINT('',(1.2,-3.917583975661E-17,0.));
#8969 = CARTESIAN_POINT('',(1.2,4.487989505129E-02,0.));
#8970 = CARTESIAN_POINT('',(0.939701312744,8.975900773493E-02,0.));
#8971 = CARTESIAN_POINT('',(0.419118143636,0.123286408687,0.));
#8972 = CARTESIAN_POINT('',(-0.283968818782,0.134077862731,0.));
#8973 = CARTESIAN_POINT('',(-1.013648321406,0.114915814637,0.));
#8974 = CARTESIAN_POINT('',(-1.570982339347,6.657398392997E-02,0.));
#8975 = CARTESIAN_POINT('',(-1.780439975542,-5.125860053872E-15,0.));
#8976 = CARTESIAN_POINT('',(-1.570982339347,-6.657398392996E-02,0.));
#8977 = CARTESIAN_POINT('',(-1.013648321406,-0.114915814637,0.));
#8978 = CARTESIAN_POINT('',(-0.283968818782,-0.134077862731,0.));
#8979 = CARTESIAN_POINT('',(0.419118143636,-0.123286408687,0.));
#8980 = CARTESIAN_POINT('',(0.939701312744,-8.975900773494E-02,0.));
#8981 = CARTESIAN_POINT('',(1.2,-4.487989505128E-02,0.));
#8982 = CARTESIAN_POINT('',(1.2,-3.917583975661E-17,0.));
#8983 = PCURVE('',#8984,#9060);
#8984 = ( BOUNDED_SURFACE() B_SPLINE_SURFACE(14,4,(
    (#8985,#8986,#8987,#8988,#8989)
    ,(#8990,#8991,#8992,#8993,#8994)
    ,(#8995,#8996,#8997,#8998,#8999)
    ,(#9000,#9001,#9002,#9003,#9004)
    ,(#9005,#9006,#9007,#9008,#9009)
    ,(#9010,#9011,#9012,#9013,#9014)
    ,(#9015,#9016,#9017,#9018,#9019)
    ,(#9020,#9021,#9022,#9023,#9024)
    ,(#9025,#9026,#9027,#9028,#9029)
    ,(#9030,#9031,#9032,#9033,#9034)
    ,(#9035,#9036,#9037,#9038,#9039)
    ,(#9040,#9041,#9042,#9043,#9044)
    ,(#9045,#9046,#9047,#9048,#9049)
    ,(#9050,#9051,#9052,#9053,#9054)
    ,(#9055,#9056,#9057,#9058,#9059
)),.UNSPECIFIED.,.T.,.F.,.F.) B_SPLINE_SURFACE_WITH_KNOTS((15,15),(5,5),
  (0.,1.),(0.,1.),.PIECEWISE_BEZIER_KNOTS.) 
GEOMETRIC_REPRESENTATION_ITEM() RATIONAL_B_SPLINE_SURFACE((
    (1.,1.,1.,1.,1.)
    ,(1.,1.,1.,1.,1.)
    ,(1.,1.,1.,1.,1.)
    ,(1.,1.,1.,1.,1.)
    ,(1.,1.,1.,1.,1.)
    ,(1.,1.,1.,1.,1.)
    ,(1.,1.,1.,1.,1.)
    ,(1.,1.,1.,1.,1.)
    ,(1.,1.,1.,1.,1.)
    ,(1.,1.,1.,1.,1.)
    ,(1.,1.,1.,1.,1.)
    ,(1.,1.,1.,1.,1.)
    ,(1.,1.,1.,1.,1.)
    ,(1.,1.,1.,1.,1.)
,(1.,1.,1.,1.,1.))) REPRESENTATION_ITEM('') SURFACE() );
#8985 = CARTESIAN_POINT('',(1.2,-3.917583975661E-17,0.));
#8986 = CARTESIAN_POINT('',(5.710390333982,5.376635966497E-16,
    1.47637891565));
#8987 = CARTESIAN_POINT('',(6.288807034851,-7.721435540979E-16,
    5.839802754449));
#8988 = CARTESIAN_POINT('',(4.675904459897,3.336023113801E-16,
    10.149889470589));
#8989 = CARTESIAN_POINT('',(0.6,7.034770873289E-17,11.5));
#8990 = CARTESIAN_POINT('',(1.2,4.487989505129E-02,0.));
#8991 = CARTESIAN_POINT('',(5.710390333984,0.102978362826,1.47637891565)
  );
#8992 = CARTESIAN_POINT('',(6.288807034851,0.179838111317,5.839802754449
    ));
#8993 = CARTESIAN_POINT('',(4.675904459897,0.109993709347,
    10.149889470589));
#8994 = CARTESIAN_POINT('',(0.6,4.039190554616E-02,11.5));
#8995 = CARTESIAN_POINT('',(0.939701312744,8.975900773493E-02,0.));
#8996 = CARTESIAN_POINT('',(4.604701210406,0.205957766358,1.47637891565)
  );
#8997 = CARTESIAN_POINT('',(4.887701496892,0.35967519814,5.839802754449)
  );
#8998 = CARTESIAN_POINT('',(3.634624985597,0.219988461853,
    10.149889470589));
#8999 = CARTESIAN_POINT('',(0.383084427286,8.078310696144E-02,11.5));
#9000 = CARTESIAN_POINT('',(0.419118143636,0.123286408687,0.));
#9001 = CARTESIAN_POINT('',(2.393393755639,0.282868749534,1.47637891565)
  );
#9002 = CARTESIAN_POINT('',(2.085308012654,0.494008830232,5.839802754449
    ));
#9003 = CARTESIAN_POINT('',(1.552239567121,0.302139416837,
    10.149889470589));
#9004 = CARTESIAN_POINT('',(-5.073488030353E-02,0.110957767818,11.5));
#9005 = CARTESIAN_POINT('',(-0.283968818782,0.134077862731,0.));
#9006 = CARTESIAN_POINT('',(-0.593188837285,0.307688197597,1.47637891565
    ));
#9007 = CARTESIAN_POINT('',(-1.698433056328,0.537294484489,
    5.839802754449));
#9008 = CARTESIAN_POINT('',(-1.260676941847,0.328648274156,
    10.149889470589));
#9009 = CARTESIAN_POINT('',(-0.636640682318,0.120670076458,11.5));
#9010 = CARTESIAN_POINT('',(-1.013648321406,0.114915814637,0.));
#9011 = CARTESIAN_POINT('',(-3.6926118576,0.263613684569,1.47637891565)
  );
#9012 = CARTESIAN_POINT('',(-5.62825068437,0.460430973592,5.839802754449
    ));
#9013 = CARTESIAN_POINT('',(-4.178648070221,0.281573780558,
    10.149889470589));
#9014 = CARTESIAN_POINT('',(-1.244706934505,0.103424233174,11.5));
#9015 = CARTESIAN_POINT('',(-1.570982339347,6.657398392997E-02,0.));
#9016 = CARTESIAN_POINT('',(-6.060191094042,0.152807760488,1.47637891565
    ));
#9017 = CARTESIAN_POINT('',(-8.624434665892,0.26680685037,5.839802754449
    ));
#9018 = CARTESIAN_POINT('',(-6.409864606013,0.163216462665,
    10.149889470589));
#9019 = CARTESIAN_POINT('',(-1.709151949456,5.991658553697E-02,11.5));
#9020 = CARTESIAN_POINT('',(-1.780439975542,-5.125860053872E-15,0.));
#9021 = CARTESIAN_POINT('',(-6.94971219123,1.833833178295E-12,
    1.47637891565));
#9022 = CARTESIAN_POINT('',(-9.757003842537,1.634756299472E-11,
    5.839802754449));
#9023 = CARTESIAN_POINT('',(-7.245452912683,-7.641770789895E-12,
    10.149889470589));
#9024 = CARTESIAN_POINT('',(-1.883699979618,-1.997410173768E-15,11.5));
#9025 = CARTESIAN_POINT('',(-1.570982339347,-6.657398392996E-02,0.));
#9026 = CARTESIAN_POINT('',(-6.060191094049,-0.152807760491,
    1.47637891565));
#9027 = CARTESIAN_POINT('',(-8.624434665889,-0.2668068504,5.839802754449
    ));
#9028 = CARTESIAN_POINT('',(-6.409864606006,-0.163216462651,
    10.149889470589));
#9029 = CARTESIAN_POINT('',(-1.709151949456,-5.991658553697E-02,11.5));
#9030 = CARTESIAN_POINT('',(-1.013648321406,-0.114915814637,0.));
#9031 = CARTESIAN_POINT('',(-3.692611857591,-0.263613684567,
    1.47637891565));
#9032 = CARTESIAN_POINT('',(-5.628250684372,-0.460430973569,
    5.839802754449));
#9033 = CARTESIAN_POINT('',(-4.178648070233,-0.281573780569,
    10.149889470589));
#9034 = CARTESIAN_POINT('',(-1.244706934505,-0.103424233174,11.5));
#9035 = CARTESIAN_POINT('',(-0.283968818782,-0.134077862731,0.));
#9036 = CARTESIAN_POINT('',(-0.593188837291,-0.307688197599,
    1.47637891565));
#9037 = CARTESIAN_POINT('',(-1.698433056329,-0.537294484503,
    5.839802754449));
#9038 = CARTESIAN_POINT('',(-1.260676941835,-0.32864827415,
    10.149889470589));
#9039 = CARTESIAN_POINT('',(-0.636640682318,-0.120670076458,11.5));
#9040 = CARTESIAN_POINT('',(0.419118143636,-0.123286408687,0.));
#9041 = CARTESIAN_POINT('',(2.393393755642,-0.282868749533,1.47637891565
    ));
#9042 = CARTESIAN_POINT('',(2.085308012656,-0.494008830225,
    5.839802754449));
#9043 = CARTESIAN_POINT('',(1.552239567113,-0.30213941684,
    10.149889470589));
#9044 = CARTESIAN_POINT('',(-5.073488030346E-02,-0.110957767818,11.5));
#9045 = CARTESIAN_POINT('',(0.939701312744,-8.975900773494E-02,0.));
#9046 = CARTESIAN_POINT('',(4.604701210405,-0.205957766358,1.47637891565
    ));
#9047 = CARTESIAN_POINT('',(4.887701496891,-0.359675198142,
    5.839802754449));
#9048 = CARTESIAN_POINT('',(3.6346249856,-0.219988461852,10.149889470589
    ));
#9049 = CARTESIAN_POINT('',(0.383084427286,-8.078310696145E-02,11.5));
#9050 = CARTESIAN_POINT('',(1.2,-4.487989505128E-02,0.));
#9051 = CARTESIAN_POINT('',(5.710390333984,-0.102978362826,1.47637891565
    ));
#9052 = CARTESIAN_POINT('',(6.288807034852,-0.179838111317,
    5.839802754449));
#9053 = CARTESIAN_POINT('',(4.675904459896,-0.109993709347,
    10.149889470589));
#9054 = CARTESIAN_POINT('',(0.6,-4.039190554616E-02,11.5));
#9055 = CARTESIAN_POINT('',(1.2,-3.917583975661E-17,0.));
#9056 = CARTESIAN_POINT('',(5.710390333982,-6.487253913644E-16,
    1.47637891565));
#9057 = CARTESIAN_POINT('',(6.288807034851,1.42685584678E-15,
    5.839802754449));
#9058 = CARTESIAN_POINT('',(4.675904459897,-6.21459472479E-16,
    10.149889470589));
#9059 = CARTESIAN_POINT('',(0.6,-9.618574496089E-17,11.5));
#9060 = DEFINITIONAL_REPRESENTATION('',(#9061),#9065);
#9061 = LINE('',#9062,#9063);
#9062 = CARTESIAN_POINT('',(0.,0.));
#9063 = VECTOR('',#9064,1.);
#9064 = DIRECTION('',(1.,0.));
#9065 = ( GEOMETRIC_REPRESENTATION_CONTEXT(2) 
PARAMETRIC_REPRESENTATION_CONTEXT() REPRESENTATION_CONTEXT('2D SPACE',''
  ) );
#9066 = PCURVE('',#9067,#9072);
#9067 = PLANE('',#9068);
#9068 = AXIS2_PLACEMENT_3D('',#9069,#9070,#9071);
#9069 = CARTESIAN_POINT('',(1.2,-3.917583975661E-17,0.));
#9070 = DIRECTION('',(0.,0.,1.));
#9071 = DIRECTION('',(-1.,2.644248702147E-17,0.));
#9072 = DEFINITIONAL_REPRESENTATION('',(#9073),#9089);
#9073 = B_SPLINE_CURVE_WITH_KNOTS('',14,(#9074,#9075,#9076,#9077,#9078,
    #9079,#9080,#9081,#9082,#9083,#9084,#9085,#9086,#9087,#9088),
  .UNSPECIFIED.,.T.,.F.,(15,15),(0.,1.),.PIECEWISE_BEZIER_KNOTS.);
#9074 = CARTESIAN_POINT('',(0.,0.));
#9075 = CARTESIAN_POINT('',(1.50990331349E-14,-4.487989505129E-02));
#9076 = CARTESIAN_POINT('',(0.260298687256,-8.975900773493E-02));
#9077 = CARTESIAN_POINT('',(0.780881856364,-0.123286408687));
#9078 = CARTESIAN_POINT('',(1.483968818782,-0.134077862731));
#9079 = CARTESIAN_POINT('',(2.213648321406,-0.114915814637));
#9080 = CARTESIAN_POINT('',(2.770982339347,-6.657398392997E-02));
#9081 = CARTESIAN_POINT('',(2.980439975542,5.165494459487E-15));
#9082 = CARTESIAN_POINT('',(2.770982339347,6.657398392996E-02));
#9083 = CARTESIAN_POINT('',(2.213648321406,0.114915814637));
#9084 = CARTESIAN_POINT('',(1.483968818782,0.134077862731));
#9085 = CARTESIAN_POINT('',(0.780881856364,0.123286408687));
#9086 = CARTESIAN_POINT('',(0.260298687256,8.975900773494E-02));
#9087 = CARTESIAN_POINT('',(5.107025913276E-15,4.487989505128E-02));
#9088 = CARTESIAN_POINT('',(0.,0.));
#9089 = ( GEOMETRIC_REPRESENTATION_CONTEXT(2) 
PARAMETRIC_REPRESENTATION_CONTEXT() REPRESENTATION_CONTEXT('2D SPACE',''
  ) );
#9090 = ORIENTED_EDGE('',*,*,#9091,.T.);
#9091 = EDGE_CURVE('',#8964,#9092,#9094,.T.);
#9092 = VERTEX_POINT('',#9093);
#9093 = CARTESIAN_POINT('',(0.6,0.,11.5));
#9094 = SEAM_CURVE('',#9095,(#9101,#9108),.PCURVE_S1.);
#9095 = ( BOUNDED_CURVE() B_SPLINE_CURVE(4,(#9096,#9097,#9098,#9099,
#9100),.UNSPECIFIED.,.F.,.F.) B_SPLINE_CURVE_WITH_KNOTS((5,5),(0.,1.),
.PIECEWISE_BEZIER_KNOTS.) CURVE() GEOMETRIC_REPRESENTATION_ITEM() 
RATIONAL_B_SPLINE_CURVE((1.,1.,1.,1.,1.)) REPRESENTATION_ITEM('') );
#9096 = CARTESIAN_POINT('',(1.2,-3.917583975661E-17,0.));
#9097 = CARTESIAN_POINT('',(5.710390333982,5.376635966497E-16,
    1.47637891565));
#9098 = CARTESIAN_POINT('',(6.288807034851,-7.721435540979E-16,
    5.839802754449));
#9099 = CARTESIAN_POINT('',(4.675904459897,3.336023113801E-16,
    10.149889470589));
#9100 = CARTESIAN_POINT('',(0.6,7.034770873289E-17,11.5));
#9101 = PCURVE('',#8984,#9102);
#9102 = DEFINITIONAL_REPRESENTATION('',(#9103),#9107);
#9103 = LINE('',#9104,#9105);
#9104 = CARTESIAN_POINT('',(1.,0.));
#9105 = VECTOR('',#9106,1.);
#9106 = DIRECTION('',(0.,1.));
#9107 = ( GEOMETRIC_REPRESENTATION_CONTEXT(2) 
PARAMETRIC_REPRESENTATION_CONTEXT() REPRESENTATION_CONTEXT('2D SPACE',''
  ) );
#9108 = PCURVE('',#8984,#9109);
#9109 = DEFINITIONAL_REPRESENTATION('',(#9110),#9114);
#9110 = LINE('',#9111,#9112);
#9111 = CARTESIAN_POINT('',(0.,0.));
#9112 = VECTOR('',#9113,1.);
#9113 = DIRECTION('',(0.,1.));
#9114 = ( GEOMETRIC_REPRESENTATION_CONTEXT(2) 
PARAMETRIC_REPRESENTATION_CONTEXT() REPRESENTATION_CONTEXT('2D SPACE',''
  ) );
#9115 = ORIENTED_EDGE('',*,*,#9116,.F.);
#9116 = EDGE_CURVE('',#9092,#9092,#9117,.T.);
#9117 = SURFACE_CURVE('',#9118,(#9134,#9141),.PCURVE_S1.);
#9118 = B_SPLINE_CURVE_WITH_KNOTS('',14,(#9119,#9120,#9121,#9122,#9123,
    #9124,#9125,#9126,#9127,#9128,#9129,#9130,#9131,#9132,#9133),
  .UNSPECIFIED.,.T.,.F.,(15,15),(0.,1.),.PIECEWISE_BEZIER_KNOTS.);
#9119 = CARTESIAN_POINT('',(0.6,7.034770873289E-17,11.5));
#9120 = CARTESIAN_POINT('',(0.6,4.039190554616E-02,11.5));
#9121 = CARTESIAN_POINT('',(0.383084427286,8.078310696144E-02,11.5));
#9122 = CARTESIAN_POINT('',(-5.073488030353E-02,0.110957767818,11.5));
#9123 = CARTESIAN_POINT('',(-0.636640682318,0.120670076458,11.5));
#9124 = CARTESIAN_POINT('',(-1.244706934505,0.103424233174,11.5));
#9125 = CARTESIAN_POINT('',(-1.709151949456,5.991658553697E-02,11.5));
#9126 = CARTESIAN_POINT('',(-1.883699979618,-1.997410173768E-15,11.5));
#9127 = CARTESIAN_POINT('',(-1.709151949456,-5.991658553697E-02,11.5));
#9128 = CARTESIAN_POINT('',(-1.244706934505,-0.103424233174,11.5));
#9129 = CARTESIAN_POINT('',(-0.636640682318,-0.120670076458,11.5));
#9130 = CARTESIAN_POINT('',(-5.073488030346E-02,-0.110957767818,11.5));
#9131 = CARTESIAN_POINT('',(0.383084427286,-8.078310696145E-02,11.5));
#9132 = CARTESIAN_POINT('',(0.6,-4.039190554616E-02,11.5));
#9133 = CARTESIAN_POINT('',(0.6,-9.618574496089E-17,11.5));
#9134 = PCURVE('',#8984,#9135);
#9135 = DEFINITIONAL_REPRESENTATION('',(#9136),#9140);
#9136 = LINE('',#9137,#9138);
#9137 = CARTESIAN_POINT('',(0.,1.));
#9138 = VECTOR('',#9139,1.);
#9139 = DIRECTION('',(1.,0.));
#9140 = ( GEOMETRIC_REPRESENTATION_CONTEXT(2) 
PARAMETRIC_REPRESENTATION_CONTEXT() REPRESENTATION_CONTEXT('2D SPACE',''
  ) );
#9141 = PCURVE('',#9142,#9147);
#9142 = PLANE('',#9143);
#9143 = AXIS2_PLACEMENT_3D('',#9144,#9145,#9146);
#9144 = CARTESIAN_POINT('',(0.6,7.034770873289E-17,11.5));
#9145 = DIRECTION('',(0.,0.,1.));
#9146 = DIRECTION('',(-1.,-2.650023716664E-17,0.));
#9147 = DEFINITIONAL_REPRESENTATION('',(#9148),#9164);
#9148 = B_SPLINE_CURVE_WITH_KNOTS('',14,(#9149,#9150,#9151,#9152,#9153,
    #9154,#9155,#9156,#9157,#9158,#9159,#9160,#9161,#9162,#9163),
  .UNSPECIFIED.,.F.,.F.,(15,15),(0.,1.),.PIECEWISE_BEZIER_KNOTS.);
#9149 = CARTESIAN_POINT('',(0.,0.));
#9150 = CARTESIAN_POINT('',(4.107825191113E-14,-4.039190554616E-02));
#9151 = CARTESIAN_POINT('',(0.216915572714,-8.078310696144E-02));
#9152 = CARTESIAN_POINT('',(0.650734880304,-0.110957767818));
#9153 = CARTESIAN_POINT('',(1.236640682318,-0.120670076458));
#9154 = CARTESIAN_POINT('',(1.844706934505,-0.103424233174));
#9155 = CARTESIAN_POINT('',(2.309151949456,-5.991658553697E-02));
#9156 = CARTESIAN_POINT('',(2.483699979618,2.00193924399E-15));
#9157 = CARTESIAN_POINT('',(2.309151949456,5.991658553697E-02));
#9158 = CARTESIAN_POINT('',(1.844706934505,0.103424233174));
#9159 = CARTESIAN_POINT('',(1.236640682318,0.120670076458));
#9160 = CARTESIAN_POINT('',(0.650734880303,0.110957767818));
#9161 = CARTESIAN_POINT('',(0.216915572714,8.078310696145E-02));
#9162 = CARTESIAN_POINT('',(2.386979502944E-14,4.039190554616E-02));
#9163 = CARTESIAN_POINT('',(0.,1.665334536938E-16));
#9164 = ( GEOMETRIC_REPRESENTATION_CONTEXT(2) 
PARAMETRIC_REPRESENTATION_CONTEXT() REPRESENTATION_CONTEXT('2D SPACE',''
  ) );
#9165 = ORIENTED_EDGE('',*,*,#9091,.F.);
#9166 = ADVANCED_FACE('',(#9167),#9067,.F.);
#9167 = FACE_BOUND('',#9168,.T.);
#9168 = EDGE_LOOP('',(#9169));
#9169 = ORIENTED_EDGE('',*,*,#8963,.F.);
#9170 = ADVANCED_FACE('',(#9171),#9142,.T.);
#9171 = FACE_BOUND('',#9172,.T.);
#9172 = EDGE_LOOP('',(#9173));
#9173 = ORIENTED_EDGE('',*,*,#9116,.T.);
#9174 = ( GEOMETRIC_REPRESENTATION_CONTEXT(3) 
GLOBAL_UNCERTAINTY_ASSIGNED_CONTEXT((#9178)) 
GLOBAL_UNIT_ASSIGNED_CONTEXT((#9175,#9176,#9177)) REPRESENTATION_CONTEXT
('Context #1','3D Context with UNIT and UNCERTAINTY') );
#9175 = ( LENGTH_UNIT() NAMED_UNIT(*) SI_UNIT(.MILLI.,.METRE.) );
#9176 = ( NAMED_UNIT(*) PLANE_ANGLE_UNIT() SI_UNIT($,.RADIAN.) );
#9177 = ( NAMED_UNIT(*) SI_UNIT($,.STERADIAN.) SOLID_ANGLE_UNIT() );
#9178 = UNCERTAINTY_MEASURE_WITH_UNIT(LENGTH_MEASURE(1.E-07),#9175,
  'distance_accuracy_value','confusion accuracy');
#9179 = CONTEXT_DEPENDENT_SHAPE_REPRESENTATION(#9180,#9182);
#9180 = ( REPRESENTATION_RELATIONSHIP('','',#8956,#10) 
REPRESENTATION_RELATIONSHIP_WITH_TRANSFORMATION(#9181) 
SHAPE_REPRESENTATION_RELATIONSHIP() );
#9181 = ITEM_DEFINED_TRANSFORMATION('','',#11,#55);
#9182 = PRODUCT_DEFINITION_SHAPE('Placement','Placement of an item',
  #9183);
#9183 = NEXT_ASSEMBLY_USAGE_OCCURRENCE('11','herb_1','',#5,#8951,$);
#9184 = PRODUCT_RELATED_PRODUCT_CATEGORY('part',$,(#8953));
#9185 = SHAPE_DEFINITION_REPRESENTATION(#9186,#9192);
#9186 = PRODUCT_DEFINITION_SHAPE('','',#9187);
#9187 = PRODUCT_DEFINITION('design','',#9188,#9191);
#9188 = PRODUCT_DEFINITION_FORMATION('','',#9189);
#9189 = PRODUCT('herb_2','herb_2','',(#9190));
#9190 = PRODUCT_CONTEXT('',#2,'mechanical');
#9191 = PRODUCT_DEFINITION_CONTEXT('part definition',#2,'design');
#9192 = ADVANCED_BREP_SHAPE_REPRESENTATION('',(#11,#9193),#9410);
#9193 = MANIFOLD_SOLID_BREP('',#9194);
#9194 = CLOSED_SHELL('',(#9195,#9402,#9406));
#9195 = ADVANCED_FACE('',(#9196),#9220,.T.);
#9196 = FACE_BOUND('',#9197,.T.);
#9197 = EDGE_LOOP('',(#9198,#9326,#9351,#9401));
#9198 = ORIENTED_EDGE('',*,*,#9199,.T.);
#9199 = EDGE_CURVE('',#9200,#9200,#9202,.T.);
#9200 = VERTEX_POINT('',#9201);
#9201 = CARTESIAN_POINT('',(1.2,0.,0.));
#9202 = SURFACE_CURVE('',#9203,(#9219,#9302),.PCURVE_S1.);
#9203 = B_SPLINE_CURVE_WITH_KNOTS('',14,(#9204,#9205,#9206,#9207,#9208,
    #9209,#9210,#9211,#9212,#9213,#9214,#9215,#9216,#9217,#9218),
  .UNSPECIFIED.,.T.,.F.,(15,15),(0.,1.),.PIECEWISE_BEZIER_KNOTS.);
#9204 = CARTESIAN_POINT('',(1.2,-3.917583975661E-17,0.));
#9205 = CARTESIAN_POINT('',(1.2,4.487989505129E-02,0.));
#9206 = CARTESIAN_POINT('',(0.939701312744,8.975900773493E-02,0.));
#9207 = CARTESIAN_POINT('',(0.419118143636,0.123286408687,0.));
#9208 = CARTESIAN_POINT('',(-0.283968818782,0.134077862731,0.));
#9209 = CARTESIAN_POINT('',(-1.013648321406,0.114915814637,0.));
#9210 = CARTESIAN_POINT('',(-1.570982339347,6.657398392997E-02,0.));
#9211 = CARTESIAN_POINT('',(-1.780439975542,-5.125860053872E-15,0.));
#9212 = CARTESIAN_POINT('',(-1.570982339347,-6.657398392996E-02,0.));
#9213 = CARTESIAN_POINT('',(-1.013648321406,-0.114915814637,0.));
#9214 = CARTESIAN_POINT('',(-0.283968818782,-0.134077862731,0.));
#9215 = CARTESIAN_POINT('',(0.419118143636,-0.123286408687,0.));
#9216 = CARTESIAN_POINT('',(0.939701312744,-8.975900773494E-02,0.));
#9217 = CARTESIAN_POINT('',(1.2,-4.487989505128E-02,0.));
#9218 = CARTESIAN_POINT('',(1.2,-3.917583975661E-17,0.));
#9219 = PCURVE('',#9220,#9296);
#9220 = ( BOUNDED_SURFACE() B_SPLINE_SURFACE(14,4,(
    (#9221,#9222,#9223,#9224,#9225)
    ,(#9226,#9227,#9228,#9229,#9230)
    ,(#9231,#9232,#9233,#9234,#9235)
    ,(#9236,#9237,#9238,#9239,#9240)
    ,(#9241,#9242,#9243,#9244,#9245)
    ,(#9246,#9247,#9248,#9249,#9250)
    ,(#9251,#9252,#9253,#9254,#9255)
    ,(#9256,#9257,#9258,#9259,#9260)
    ,(#9261,#9262,#9263,#9264,#9265)
    ,(#9266,#9267,#9268,#9269,#9270)
    ,(#9271,#9272,#9273,#9274,#9275)
    ,(#9276,#9277,#9278,#9279,#9280)
    ,(#9281,#9282,#9283,#9284,#9285)
    ,(#9286,#9287,#9288,#9289,#9290)
    ,(#9291,#9292,#9293,#9294,#9295
)),.UNSPECIFIED.,.T.,.F.,.F.) B_SPLINE_SURFACE_WITH_KNOTS((15,15),(5,5),
  (0.,1.),(0.,1.),.PIECEWISE_BEZIER_KNOTS.) 
GEOMETRIC_REPRESENTATION_ITEM() RATIONAL_B_SPLINE_SURFACE((
    (1.,1.,1.,1.,1.)
    ,(1.,1.,1.,1.,1.)
    ,(1.,1.,1.,1.,1.)
    ,(1.,1.,1.,1.,1.)
    ,(1.,1.,1.,1.,1.)
    ,(1.,1.,1.,1.,1.)
    ,(1.,1.,1.,1.,1.)
    ,(1.,1.,1.,1.,1.)
    ,(1.,1.,1.,1.,1.)
    ,(1.,1.,1.,1.,1.)
    ,(1.,1.,1.,1.,1.)
    ,(1.,1.,1.,1.,1.)
    ,(1.,1.,1.,1.,1.)
    ,(1.,1.,1.,1.,1.)
,(1.,1.,1.,1.,1.))) REPRESENTATION_ITEM('') SURFACE() );
#9221 = CARTESIAN_POINT('',(1.2,-3.917583975661E-17,0.));
#9222 = CARTESIAN_POINT('',(5.710390333982,5.376635966497E-16,
    1.47637891565));
#9223 = CARTESIAN_POINT('',(6.288807034851,-7.721435540979E-16,
    5.839802754449));
#9224 = CARTESIAN_POINT('',(4.675904459897,3.336023113801E-16,
    10.149889470589));
#9225 = CARTESIAN_POINT('',(0.6,7.034770873289E-17,11.5));
#9226 = CARTESIAN_POINT('',(1.2,4.487989505129E-02,0.));
#9227 = CARTESIAN_POINT('',(5.710390333984,0.102978362826,1.47637891565)
  );
#9228 = CARTESIAN_POINT('',(6.288807034851,0.179838111317,5.839802754449
    ));
#9229 = CARTESIAN_POINT('',(4.675904459897,0.109993709347,
    10.149889470589));
#9230 = CARTESIAN_POINT('',(0.6,4.039190554616E-02,11.5));
#9231 = CARTESIAN_POINT('',(0.939701312744,8.975900773493E-02,0.));
#9232 = CARTESIAN_POINT('',(4.604701210406,0.205957766358,1.47637891565)
  );
#9233 = CARTESIAN_POINT('',(4.887701496892,0.35967519814,5.839802754449)
  );
#9234 = CARTESIAN_POINT('',(3.634624985597,0.219988461853,
    10.149889470589));
#9235 = CARTESIAN_POINT('',(0.383084427286,8.078310696144E-02,11.5));
#9236 = CARTESIAN_POINT('',(0.419118143636,0.123286408687,0.));
#9237 = CARTESIAN_POINT('',(2.393393755639,0.282868749534,1.47637891565)
  );
#9238 = CARTESIAN_POINT('',(2.085308012654,0.494008830232,5.839802754449
    ));
#9239 = CARTESIAN_POINT('',(1.552239567121,0.302139416837,
    10.149889470589));
#9240 = CARTESIAN_POINT('',(-5.073488030353E-02,0.110957767818,11.5));
#9241 = CARTESIAN_POINT('',(-0.283968818782,0.134077862731,0.));
#9242 = CARTESIAN_POINT('',(-0.593188837285,0.307688197597,1.47637891565
    ));
#9243 = CARTESIAN_POINT('',(-1.698433056328,0.537294484489,
    5.839802754449));
#9244 = CARTESIAN_POINT('',(-1.260676941847,0.328648274156,
    10.149889470589));
#9245 = CARTESIAN_POINT('',(-0.636640682318,0.120670076458,11.5));
#9246 = CARTESIAN_POINT('',(-1.013648321406,0.114915814637,0.));
#9247 = CARTESIAN_POINT('',(-3.6926118576,0.263613684569,1.47637891565)
  );
#9248 = CARTESIAN_POINT('',(-5.62825068437,0.460430973592,5.839802754449
    ));
#9249 = CARTESIAN_POINT('',(-4.178648070221,0.281573780558,
    10.149889470589));
#9250 = CARTESIAN_POINT('',(-1.244706934505,0.103424233174,11.5));
#9251 = CARTESIAN_POINT('',(-1.570982339347,6.657398392997E-02,0.));
#9252 = CARTESIAN_POINT('',(-6.060191094042,0.152807760488,1.47637891565
    ));
#9253 = CARTESIAN_POINT('',(-8.624434665892,0.26680685037,5.839802754449
    ));
#9254 = CARTESIAN_POINT('',(-6.409864606013,0.163216462665,
    10.149889470589));
#9255 = CARTESIAN_POINT('',(-1.709151949456,5.991658553697E-02,11.5));
#9256 = CARTESIAN_POINT('',(-1.780439975542,-5.125860053872E-15,0.));
#9257 = CARTESIAN_POINT('',(-6.94971219123,1.833833178295E-12,
    1.47637891565));
#9258 = CARTESIAN_POINT('',(-9.757003842537,1.634756299472E-11,
    5.839802754449));
#9259 = CARTESIAN_POINT('',(-7.245452912683,-7.641770789895E-12,
    10.149889470589));
#9260 = CARTESIAN_POINT('',(-1.883699979618,-1.997410173768E-15,11.5));
#9261 = CARTESIAN_POINT('',(-1.570982339347,-6.657398392996E-02,0.));
#9262 = CARTESIAN_POINT('',(-6.060191094049,-0.152807760491,
    1.47637891565));
#9263 = CARTESIAN_POINT('',(-8.624434665889,-0.2668068504,5.839802754449
    ));
#9264 = CARTESIAN_POINT('',(-6.409864606006,-0.163216462651,
    10.149889470589));
#9265 = CARTESIAN_POINT('',(-1.709151949456,-5.991658553697E-02,11.5));
#9266 = CARTESIAN_POINT('',(-1.013648321406,-0.114915814637,0.));
#9267 = CARTESIAN_POINT('',(-3.692611857591,-0.263613684567,
    1.47637891565));
#9268 = CARTESIAN_POINT('',(-5.628250684372,-0.460430973569,
    5.839802754449));
#9269 = CARTESIAN_POINT('',(-4.178648070233,-0.281573780569,
    10.149889470589));
#9270 = CARTESIAN_POINT('',(-1.244706934505,-0.103424233174,11.5));
#9271 = CARTESIAN_POINT('',(-0.283968818782,-0.134077862731,0.));
#9272 = CARTESIAN_POINT('',(-0.593188837291,-0.307688197599,
    1.47637891565));
#9273 = CARTESIAN_POINT('',(-1.698433056329,-0.537294484503,
    5.839802754449));
#9274 = CARTESIAN_POINT('',(-1.260676941835,-0.32864827415,
    10.149889470589));
#9275 = CARTESIAN_POINT('',(-0.636640682318,-0.120670076458,11.5));
#9276 = CARTESIAN_POINT('',(0.419118143636,-0.123286408687,0.));
#9277 = CARTESIAN_POINT('',(2.393393755642,-0.282868749533,1.47637891565
    ));
#9278 = CARTESIAN_POINT('',(2.085308012656,-0.494008830225,
    5.839802754449));
#9279 = CARTESIAN_POINT('',(1.552239567113,-0.30213941684,
    10.149889470589));
#9280 = CARTESIAN_POINT('',(-5.073488030346E-02,-0.110957767818,11.5));
#9281 = CARTESIAN_POINT('',(0.939701312744,-8.975900773494E-02,0.));
#9282 = CARTESIAN_POINT('',(4.604701210405,-0.205957766358,1.47637891565
    ));
#9283 = CARTESIAN_POINT('',(4.887701496891,-0.359675198142,
    5.839802754449));
#9284 = CARTESIAN_POINT('',(3.6346249856,-0.219988461852,10.149889470589
    ));
#9285 = CARTESIAN_POINT('',(0.383084427286,-8.078310696145E-02,11.5));
#9286 = CARTESIAN_POINT('',(1.2,-4.487989505128E-02,0.));
#9287 = CARTESIAN_POINT('',(5.710390333984,-0.102978362826,1.47637891565
    ));
#9288 = CARTESIAN_POINT('',(6.288807034852,-0.179838111317,
    5.839802754449));
#9289 = CARTESIAN_POINT('',(4.675904459896,-0.109993709347,
    10.149889470589));
#9290 = CARTESIAN_POINT('',(0.6,-4.039190554616E-02,11.5));
#9291 = CARTESIAN_POINT('',(1.2,-3.917583975661E-17,0.));
#9292 = CARTESIAN_POINT('',(5.710390333982,-6.487253913644E-16,
    1.47637891565));
#9293 = CARTESIAN_POINT('',(6.288807034851,1.42685584678E-15,
    5.839802754449));
#9294 = CARTESIAN_POINT('',(4.675904459897,-6.21459472479E-16,
    10.149889470589));
#9295 = CARTESIAN_POINT('',(0.6,-9.618574496089E-17,11.5));
#9296 = DEFINITIONAL_REPRESENTATION('',(#9297),#9301);
#9297 = LINE('',#9298,#9299);
#9298 = CARTESIAN_POINT('',(0.,0.));
#9299 = VECTOR('',#9300,1.);
#9300 = DIRECTION('',(1.,0.));
#9301 = ( GEOMETRIC_REPRESENTATION_CONTEXT(2) 
PARAMETRIC_REPRESENTATION_CONTEXT() REPRESENTATION_CONTEXT('2D SPACE',''
  ) );
#9302 = PCURVE('',#9303,#9308);
#9303 = PLANE('',#9304);
#9304 = AXIS2_PLACEMENT_3D('',#9305,#9306,#9307);
#9305 = CARTESIAN_POINT('',(1.2,-3.917583975661E-17,0.));
#9306 = DIRECTION('',(0.,0.,1.));
#9307 = DIRECTION('',(-1.,2.644248702147E-17,0.));
#9308 = DEFINITIONAL_REPRESENTATION('',(#9309),#9325);
#9309 = B_SPLINE_CURVE_WITH_KNOTS('',14,(#9310,#9311,#9312,#9313,#9314,
    #9315,#9316,#9317,#9318,#9319,#9320,#9321,#9322,#9323,#9324),
  .UNSPECIFIED.,.T.,.F.,(15,15),(0.,1.),.PIECEWISE_BEZIER_KNOTS.);
#9310 = CARTESIAN_POINT('',(0.,0.));
#9311 = CARTESIAN_POINT('',(1.50990331349E-14,-4.487989505129E-02));
#9312 = CARTESIAN_POINT('',(0.260298687256,-8.975900773493E-02));
#9313 = CARTESIAN_POINT('',(0.780881856364,-0.123286408687));
#9314 = CARTESIAN_POINT('',(1.483968818782,-0.134077862731));
#9315 = CARTESIAN_POINT('',(2.213648321406,-0.114915814637));
#9316 = CARTESIAN_POINT('',(2.770982339347,-6.657398392997E-02));
#9317 = CARTESIAN_POINT('',(2.980439975542,5.165494459487E-15));
#9318 = CARTESIAN_POINT('',(2.770982339347,6.657398392996E-02));
#9319 = CARTESIAN_POINT('',(2.213648321406,0.114915814637));
#9320 = CARTESIAN_POINT('',(1.483968818782,0.134077862731));
#9321 = CARTESIAN_POINT('',(0.780881856364,0.123286408687));
#9322 = CARTESIAN_POINT('',(0.260298687256,8.975900773494E-02));
#9323 = CARTESIAN_POINT('',(5.107025913276E-15,4.487989505128E-02));
#9324 = CARTESIAN_POINT('',(0.,0.));
#9325 = ( GEOMETRIC_REPRESENTATION_CONTEXT(2) 
PARAMETRIC_REPRESENTATION_CONTEXT() REPRESENTATION_CONTEXT('2D SPACE',''
  ) );
#9326 = ORIENTED_EDGE('',*,*,#9327,.T.);
#9327 = EDGE_CURVE('',#9200,#9328,#9330,.T.);
#9328 = VERTEX_POINT('',#9329);
#9329 = CARTESIAN_POINT('',(0.6,0.,11.5));
#9330 = SEAM_CURVE('',#9331,(#9337,#9344),.PCURVE_S1.);
#9331 = ( BOUNDED_CURVE() B_SPLINE_CURVE(4,(#9332,#9333,#9334,#9335,
#9336),.UNSPECIFIED.,.F.,.F.) B_SPLINE_CURVE_WITH_KNOTS((5,5),(0.,1.),
.PIECEWISE_BEZIER_KNOTS.) CURVE() GEOMETRIC_REPRESENTATION_ITEM() 
RATIONAL_B_SPLINE_CURVE((1.,1.,1.,1.,1.)) REPRESENTATION_ITEM('') );
#9332 = CARTESIAN_POINT('',(1.2,-3.917583975661E-17,0.));
#9333 = CARTESIAN_POINT('',(5.710390333982,5.376635966497E-16,
    1.47637891565));
#9334 = CARTESIAN_POINT('',(6.288807034851,-7.721435540979E-16,
    5.839802754449));
#9335 = CARTESIAN_POINT('',(4.675904459897,3.336023113801E-16,
    10.149889470589));
#9336 = CARTESIAN_POINT('',(0.6,7.034770873289E-17,11.5));
#9337 = PCURVE('',#9220,#9338);
#9338 = DEFINITIONAL_REPRESENTATION('',(#9339),#9343);
#9339 = LINE('',#9340,#9341);
#9340 = CARTESIAN_POINT('',(1.,0.));
#9341 = VECTOR('',#9342,1.);
#9342 = DIRECTION('',(0.,1.));
#9343 = ( GEOMETRIC_REPRESENTATION_CONTEXT(2) 
PARAMETRIC_REPRESENTATION_CONTEXT() REPRESENTATION_CONTEXT('2D SPACE',''
  ) );
#9344 = PCURVE('',#9220,#9345);
#9345 = DEFINITIONAL_REPRESENTATION('',(#9346),#9350);
#9346 = LINE('',#9347,#9348);
#9347 = CARTESIAN_POINT('',(0.,0.));
#9348 = VECTOR('',#9349,1.);
#9349 = DIRECTION('',(0.,1.));
#9350 = ( GEOMETRIC_REPRESENTATION_CONTEXT(2) 
PARAMETRIC_REPRESENTATION_CONTEXT() REPRESENTATION_CONTEXT('2D SPACE',''
  ) );
#9351 = ORIENTED_EDGE('',*,*,#9352,.F.);
#9352 = EDGE_CURVE('',#9328,#9328,#9353,.T.);
#9353 = SURFACE_CURVE('',#9354,(#9370,#9377),.PCURVE_S1.);
#9354 = B_SPLINE_CURVE_WITH_KNOTS('',14,(#9355,#9356,#9357,#9358,#9359,
    #9360,#9361,#9362,#9363,#9364,#9365,#9366,#9367,#9368,#9369),
  .UNSPECIFIED.,.T.,.F.,(15,15),(0.,1.),.PIECEWISE_BEZIER_KNOTS.);
#9355 = CARTESIAN_POINT('',(0.6,7.034770873289E-17,11.5));
#9356 = CARTESIAN_POINT('',(0.6,4.039190554616E-02,11.5));
#9357 = CARTESIAN_POINT('',(0.383084427286,8.078310696144E-02,11.5));
#9358 = CARTESIAN_POINT('',(-5.073488030353E-02,0.110957767818,11.5));
#9359 = CARTESIAN_POINT('',(-0.636640682318,0.120670076458,11.5));
#9360 = CARTESIAN_POINT('',(-1.244706934505,0.103424233174,11.5));
#9361 = CARTESIAN_POINT('',(-1.709151949456,5.991658553697E-02,11.5));
#9362 = CARTESIAN_POINT('',(-1.883699979618,-1.997410173768E-15,11.5));
#9363 = CARTESIAN_POINT('',(-1.709151949456,-5.991658553697E-02,11.5));
#9364 = CARTESIAN_POINT('',(-1.244706934505,-0.103424233174,11.5));
#9365 = CARTESIAN_POINT('',(-0.636640682318,-0.120670076458,11.5));
#9366 = CARTESIAN_POINT('',(-5.073488030346E-02,-0.110957767818,11.5));
#9367 = CARTESIAN_POINT('',(0.383084427286,-8.078310696145E-02,11.5));
#9368 = CARTESIAN_POINT('',(0.6,-4.039190554616E-02,11.5));
#9369 = CARTESIAN_POINT('',(0.6,-9.618574496089E-17,11.5));
#9370 = PCURVE('',#9220,#9371);
#9371 = DEFINITIONAL_REPRESENTATION('',(#9372),#9376);
#9372 = LINE('',#9373,#9374);
#9373 = CARTESIAN_POINT('',(0.,1.));
#9374 = VECTOR('',#9375,1.);
#9375 = DIRECTION('',(1.,0.));
#9376 = ( GEOMETRIC_REPRESENTATION_CONTEXT(2) 
PARAMETRIC_REPRESENTATION_CONTEXT() REPRESENTATION_CONTEXT('2D SPACE',''
  ) );
#9377 = PCURVE('',#9378,#9383);
#9378 = PLANE('',#9379);
#9379 = AXIS2_PLACEMENT_3D('',#9380,#9381,#9382);
#9380 = CARTESIAN_POINT('',(0.6,7.034770873289E-17,11.5));
#9381 = DIRECTION('',(0.,0.,1.));
#9382 = DIRECTION('',(-1.,-2.650023716664E-17,0.));
#9383 = DEFINITIONAL_REPRESENTATION('',(#9384),#9400);
#9384 = B_SPLINE_CURVE_WITH_KNOTS('',14,(#9385,#9386,#9387,#9388,#9389,
    #9390,#9391,#9392,#9393,#9394,#9395,#9396,#9397,#9398,#9399),
  .UNSPECIFIED.,.F.,.F.,(15,15),(0.,1.),.PIECEWISE_BEZIER_KNOTS.);
#9385 = CARTESIAN_POINT('',(0.,0.));
#9386 = CARTESIAN_POINT('',(4.107825191113E-14,-4.039190554616E-02));
#9387 = CARTESIAN_POINT('',(0.216915572714,-8.078310696144E-02));
#9388 = CARTESIAN_POINT('',(0.650734880304,-0.110957767818));
#9389 = CARTESIAN_POINT('',(1.236640682318,-0.120670076458));
#9390 = CARTESIAN_POINT('',(1.844706934505,-0.103424233174));
#9391 = CARTESIAN_POINT('',(2.309151949456,-5.991658553697E-02));
#9392 = CARTESIAN_POINT('',(2.483699979618,2.00193924399E-15));
#9393 = CARTESIAN_POINT('',(2.309151949456,5.991658553697E-02));
#9394 = CARTESIAN_POINT('',(1.844706934505,0.103424233174));
#9395 = CARTESIAN_POINT('',(1.236640682318,0.120670076458));
#9396 = CARTESIAN_POINT('',(0.650734880303,0.110957767818));
#9397 = CARTESIAN_POINT('',(0.216915572714,8.078310696145E-02));
#9398 = CARTESIAN_POINT('',(2.386979502944E-14,4.039190554616E-02));
#9399 = CARTESIAN_POINT('',(0.,1.665334536938E-16));
#9400 = ( GEOMETRIC_REPRESENTATION_CONTEXT(2) 
PARAMETRIC_REPRESENTATION_CONTEXT() REPRESENTATION_CONTEXT('2D SPACE',''
  ) );
#9401 = ORIENTED_EDGE('',*,*,#9327,.F.);
#9402 = ADVANCED_FACE('',(#9403),#9303,.F.);
#9403 = FACE_BOUND('',#9404,.T.);
#9404 = EDGE_LOOP('',(#9405));
#9405 = ORIENTED_EDGE('',*,*,#9199,.F.);
#9406 = ADVANCED_FACE('',(#9407),#9378,.T.);
#9407 = FACE_BOUND('',#9408,.T.);
#9408 = EDGE_LOOP('',(#9409));
#9409 = ORIENTED_EDGE('',*,*,#9352,.T.);
#9410 = ( GEOMETRIC_REPRESENTATION_CONTEXT(3) 
GLOBAL_UNCERTAINTY_ASSIGNED_CONTEXT((#9414)) 
GLOBAL_UNIT_ASSIGNED_CONTEXT((#9411,#9412,#9413)) REPRESENTATION_CONTEXT
('Context #1','3D Context with UNIT and UNCERTAINTY') );
#9411 = ( LENGTH_UNIT() NAMED_UNIT(*) SI_UNIT(.MILLI.,.METRE.) );
#9412 = ( NAMED_UNIT(*) PLANE_ANGLE_UNIT() SI_UNIT($,.RADIAN.) );
#9413 = ( NAMED_UNIT(*) SI_UNIT($,.STERADIAN.) SOLID_ANGLE_UNIT() );
#9414 = UNCERTAINTY_MEASURE_WITH_UNIT(LENGTH_MEASURE(1.E-07),#9411,
  'distance_accuracy_value','confusion accuracy');
#9415 = CONTEXT_DEPENDENT_SHAPE_REPRESENTATION(#9416,#9418);
#9416 = ( REPRESENTATION_RELATIONSHIP('','',#9192,#10) 
REPRESENTATION_RELATIONSHIP_WITH_TRANSFORMATION(#9417) 
SHAPE_REPRESENTATION_RELATIONSHIP() );
#9417 = ITEM_DEFINED_TRANSFORMATION('','',#11,#59);
#9418 = PRODUCT_DEFINITION_SHAPE('Placement','Placement of an item',
  #9419);
#9419 = NEXT_ASSEMBLY_USAGE_OCCURRENCE('12','herb_2','',#5,#9187,$);
#9420 = PRODUCT_RELATED_PRODUCT_CATEGORY('part',$,(#9189));
#9421 = SHAPE_DEFINITION_REPRESENTATION(#9422,#9428);
#9422 = PRODUCT_DEFINITION_SHAPE('','',#9423);
#9423 = PRODUCT_DEFINITION('design','',#9424,#9427);
#9424 = PRODUCT_DEFINITION_FORMATION('','',#9425);
#9425 = PRODUCT('herb_3','herb_3','',(#9426));
#9426 = PRODUCT_CONTEXT('',#2,'mechanical');
#9427 = PRODUCT_DEFINITION_CONTEXT('part definition',#2,'design');
#9428 = ADVANCED_BREP_SHAPE_REPRESENTATION('',(#11,#9429),#9646);
#9429 = MANIFOLD_SOLID_BREP('',#9430);
#9430 = CLOSED_SHELL('',(#9431,#9638,#9642));
#9431 = ADVANCED_FACE('',(#9432),#9456,.T.);
#9432 = FACE_BOUND('',#9433,.T.);
#9433 = EDGE_LOOP('',(#9434,#9562,#9587,#9637));
#9434 = ORIENTED_EDGE('',*,*,#9435,.T.);
#9435 = EDGE_CURVE('',#9436,#9436,#9438,.T.);
#9436 = VERTEX_POINT('',#9437);
#9437 = CARTESIAN_POINT('',(1.2,0.,0.));
#9438 = SURFACE_CURVE('',#9439,(#9455,#9538),.PCURVE_S1.);
#9439 = B_SPLINE_CURVE_WITH_KNOTS('',14,(#9440,#9441,#9442,#9443,#9444,
    #9445,#9446,#9447,#9448,#9449,#9450,#9451,#9452,#9453,#9454),
  .UNSPECIFIED.,.T.,.F.,(15,15),(0.,1.),.PIECEWISE_BEZIER_KNOTS.);
#9440 = CARTESIAN_POINT('',(1.2,-3.917583975661E-17,0.));
#9441 = CARTESIAN_POINT('',(1.2,4.487989505129E-02,0.));
#9442 = CARTESIAN_POINT('',(0.939701312744,8.975900773493E-02,0.));
#9443 = CARTESIAN_POINT('',(0.419118143636,0.123286408687,0.));
#9444 = CARTESIAN_POINT('',(-0.283968818782,0.134077862731,0.));
#9445 = CARTESIAN_POINT('',(-1.013648321406,0.114915814637,0.));
#9446 = CARTESIAN_POINT('',(-1.570982339347,6.657398392997E-02,0.));
#9447 = CARTESIAN_POINT('',(-1.780439975542,-5.125860053872E-15,0.));
#9448 = CARTESIAN_POINT('',(-1.570982339347,-6.657398392996E-02,0.));
#9449 = CARTESIAN_POINT('',(-1.013648321406,-0.114915814637,0.));
#9450 = CARTESIAN_POINT('',(-0.283968818782,-0.134077862731,0.));
#9451 = CARTESIAN_POINT('',(0.419118143636,-0.123286408687,0.));
#9452 = CARTESIAN_POINT('',(0.939701312744,-8.975900773494E-02,0.));
#9453 = CARTESIAN_POINT('',(1.2,-4.487989505128E-02,0.));
#9454 = CARTESIAN_POINT('',(1.2,-3.917583975661E-17,0.));
#9455 = PCURVE('',#9456,#9532);
#9456 = ( BOUNDED_SURFACE() B_SPLINE_SURFACE(14,4,(
    (#9457,#9458,#9459,#9460,#9461)
    ,(#9462,#9463,#9464,#9465,#9466)
    ,(#9467,#9468,#9469,#9470,#9471)
    ,(#9472,#9473,#9474,#9475,#9476)
    ,(#9477,#9478,#9479,#9480,#9481)
    ,(#9482,#9483,#9484,#9485,#9486)
    ,(#9487,#9488,#9489,#9490,#9491)
    ,(#9492,#9493,#9494,#9495,#9496)
    ,(#9497,#9498,#9499,#9500,#9501)
    ,(#9502,#9503,#9504,#9505,#9506)
    ,(#9507,#9508,#9509,#9510,#9511)
    ,(#9512,#9513,#9514,#9515,#9516)
    ,(#9517,#9518,#9519,#9520,#9521)
    ,(#9522,#9523,#9524,#9525,#9526)
    ,(#9527,#9528,#9529,#9530,#9531
)),.UNSPECIFIED.,.T.,.F.,.F.) B_SPLINE_SURFACE_WITH_KNOTS((15,15),(5,5),
  (0.,1.),(0.,1.),.PIECEWISE_BEZIER_KNOTS.) 
GEOMETRIC_REPRESENTATION_ITEM() RATIONAL_B_SPLINE_SURFACE((
    (1.,1.,1.,1.,1.)
    ,(1.,1.,1.,1.,1.)
    ,(1.,1.,1.,1.,1.)
    ,(1.,1.,1.,1.,1.)
    ,(1.,1.,1.,1.,1.)
    ,(1.,1.,1.,1.,1.)
    ,(1.,1.,1.,1.,1.)
    ,(1.,1.,1.,1.,1.)
    ,(1.,1.,1.,1.,1.)
    ,(1.,1.,1.,1.,1.)
    ,(1.,1.,1.,1.,1.)
    ,(1.,1.,1.,1.,1.)
    ,(1.,1.,1.,1.,1.)
    ,(1.,1.,1.,1.,1.)
,(1.,1.,1.,1.,1.))) REPRESENTATION_ITEM('') SURFACE() );
#9457 = CARTESIAN_POINT('',(1.2,-3.917583975661E-17,0.));
#9458 = CARTESIAN_POINT('',(5.710390333982,5.376635966497E-16,
    1.47637891565));
#9459 = CARTESIAN_POINT('',(6.288807034851,-7.721435540979E-16,
    5.839802754449));
#9460 = CARTESIAN_POINT('',(4.675904459897,3.336023113801E-16,
    10.149889470589));
#9461 = CARTESIAN_POINT('',(0.6,7.034770873289E-17,11.5));
#9462 = CARTESIAN_POINT('',(1.2,4.487989505129E-02,0.));
#9463 = CARTESIAN_POINT('',(5.710390333984,0.102978362826,1.47637891565)
  );
#9464 = CARTESIAN_POINT('',(6.288807034851,0.179838111317,5.839802754449
    ));
#9465 = CARTESIAN_POINT('',(4.675904459897,0.109993709347,
    10.149889470589));
#9466 = CARTESIAN_POINT('',(0.6,4.039190554616E-02,11.5));
#9467 = CARTESIAN_POINT('',(0.939701312744,8.975900773493E-02,0.));
#9468 = CARTESIAN_POINT('',(4.604701210406,0.205957766358,1.47637891565)
  );
#9469 = CARTESIAN_POINT('',(4.887701496892,0.35967519814,5.839802754449)
  );
#9470 = CARTESIAN_POINT('',(3.634624985597,0.219988461853,
    10.149889470589));
#9471 = CARTESIAN_POINT('',(0.383084427286,8.078310696144E-02,11.5));
#9472 = CARTESIAN_POINT('',(0.419118143636,0.123286408687,0.));
#9473 = CARTESIAN_POINT('',(2.393393755639,0.282868749534,1.47637891565)
  );
#9474 = CARTESIAN_POINT('',(2.085308012654,0.494008830232,5.839802754449
    ));
#9475 = CARTESIAN_POINT('',(1.552239567121,0.302139416837,
    10.149889470589));
#9476 = CARTESIAN_POINT('',(-5.073488030353E-02,0.110957767818,11.5));
#9477 = CARTESIAN_POINT('',(-0.283968818782,0.134077862731,0.));
#9478 = CARTESIAN_POINT('',(-0.593188837285,0.307688197597,1.47637891565
    ));
#9479 = CARTESIAN_POINT('',(-1.698433056328,0.537294484489,
    5.839802754449));
#9480 = CARTESIAN_POINT('',(-1.260676941847,0.328648274156,
    10.149889470589));
#9481 = CARTESIAN_POINT('',(-0.636640682318,0.120670076458,11.5));
#9482 = CARTESIAN_POINT('',(-1.013648321406,0.114915814637,0.));
#9483 = CARTESIAN_POINT('',(-3.6926118576,0.263613684569,1.47637891565)
  );
#9484 = CARTESIAN_POINT('',(-5.62825068437,0.460430973592,5.839802754449
    ));
#9485 = CARTESIAN_POINT('',(-4.178648070221,0.281573780558,
    10.149889470589));
#9486 = CARTESIAN_POINT('',(-1.244706934505,0.103424233174,11.5));
#9487 = CARTESIAN_POINT('',(-1.570982339347,6.657398392997E-02,0.));
#9488 = CARTESIAN_POINT('',(-6.060191094042,0.152807760488,1.47637891565
    ));
#9489 = CARTESIAN_POINT('',(-8.624434665892,0.26680685037,5.839802754449
    ));
#9490 = CARTESIAN_POINT('',(-6.409864606013,0.163216462665,
    10.149889470589));
#9491 = CARTESIAN_POINT('',(-1.709151949456,5.991658553697E-02,11.5));
#9492 = CARTESIAN_POINT('',(-1.780439975542,-5.125860053872E-15,0.));
#9493 = CARTESIAN_POINT('',(-6.94971219123,1.833833178295E-12,
    1.47637891565));
#9494 = CARTESIAN_POINT('',(-9.757003842537,1.634756299472E-11,
    5.839802754449));
#9495 = CARTESIAN_POINT('',(-7.245452912683,-7.641770789895E-12,
    10.149889470589));
#9496 = CARTESIAN_POINT('',(-1.883699979618,-1.997410173768E-15,11.5));
#9497 = CARTESIAN_POINT('',(-1.570982339347,-6.657398392996E-02,0.));
#9498 = CARTESIAN_POINT('',(-6.060191094049,-0.152807760491,
    1.47637891565));
#9499 = CARTESIAN_POINT('',(-8.624434665889,-0.2668068504,5.839802754449
    ));
#9500 = CARTESIAN_POINT('',(-6.409864606006,-0.163216462651,
    10.149889470589));
#9501 = CARTESIAN_POINT('',(-1.709151949456,-5.991658553697E-02,11.5));
#9502 = CARTESIAN_POINT('',(-1.013648321406,-0.114915814637,0.));
#9503 = CARTESIAN_POINT('',(-3.692611857591,-0.263613684567,
    1.47637891565));
#9504 = CARTESIAN_POINT('',(-5.628250684372,-0.460430973569,
    5.839802754449));
#9505 = CARTESIAN_POINT('',(-4.178648070233,-0.281573780569,
    10.149889470589));
#9506 = CARTESIAN_POINT('',(-1.244706934505,-0.103424233174,11.5));
#9507 = CARTESIAN_POINT('',(-0.283968818782,-0.134077862731,0.));
#9508 = CARTESIAN_POINT('',(-0.593188837291,-0.307688197599,
    1.47637891565));
#9509 = CARTESIAN_POINT('',(-1.698433056329,-0.537294484503,
    5.839802754449));
#9510 = CARTESIAN_POINT('',(-1.260676941835,-0.32864827415,
    10.149889470589));
#9511 = CARTESIAN_POINT('',(-0.636640682318,-0.120670076458,11.5));
#9512 = CARTESIAN_POINT('',(0.419118143636,-0.123286408687,0.));
#9513 = CARTESIAN_POINT('',(2.393393755642,-0.282868749533,1.47637891565
    ));
#9514 = CARTESIAN_POINT('',(2.085308012656,-0.494008830225,
    5.839802754449));
#9515 = CARTESIAN_POINT('',(1.552239567113,-0.30213941684,
    10.149889470589));
#9516 = CARTESIAN_POINT('',(-5.073488030346E-02,-0.110957767818,11.5));
#9517 = CARTESIAN_POINT('',(0.939701312744,-8.975900773494E-02,0.));
#9518 = CARTESIAN_POINT('',(4.604701210405,-0.205957766358,1.47637891565
    ));
#9519 = CARTESIAN_POINT('',(4.887701496891,-0.359675198142,
    5.839802754449));
#9520 = CARTESIAN_POINT('',(3.6346249856,-0.219988461852,10.149889470589
    ));
#9521 = CARTESIAN_POINT('',(0.383084427286,-8.078310696145E-02,11.5));
#9522 = CARTESIAN_POINT('',(1.2,-4.487989505128E-02,0.));
#9523 = CARTESIAN_POINT('',(5.710390333984,-0.102978362826,1.47637891565
    ));
#9524 = CARTESIAN_POINT('',(6.288807034852,-0.179838111317,
    5.839802754449));
#9525 = CARTESIAN_POINT('',(4.675904459896,-0.109993709347,
    10.149889470589));
#9526 = CARTESIAN_POINT('',(0.6,-4.039190554616E-02,11.5));
#9527 = CARTESIAN_POINT('',(1.2,-3.917583975661E-17,0.));
#9528 = CARTESIAN_POINT('',(5.710390333982,-6.487253913644E-16,
    1.47637891565));
#9529 = CARTESIAN_POINT('',(6.288807034851,1.42685584678E-15,
    5.839802754449));
#9530 = CARTESIAN_POINT('',(4.675904459897,-6.21459472479E-16,
    10.149889470589));
#9531 = CARTESIAN_POINT('',(0.6,-9.618574496089E-17,11.5));
#9532 = DEFINITIONAL_REPRESENTATION('',(#9533),#9537);
#9533 = LINE('',#9534,#9535);
#9534 = CARTESIAN_POINT('',(0.,0.));
#9535 = VECTOR('',#9536,1.);
#9536 = DIRECTION('',(1.,0.));
#9537 = ( GEOMETRIC_REPRESENTATION_CONTEXT(2) 
PARAMETRIC_REPRESENTATION_CONTEXT() REPRESENTATION_CONTEXT('2D SPACE',''
  ) );
#9538 = PCURVE('',#9539,#9544);
#9539 = PLANE('',#9540);
#9540 = AXIS2_PLACEMENT_3D('',#9541,#9542,#9543);
#9541 = CARTESIAN_POINT('',(1.2,-3.917583975661E-17,0.));
#9542 = DIRECTION('',(0.,0.,1.));
#9543 = DIRECTION('',(-1.,2.644248702147E-17,0.));
#9544 = DEFINITIONAL_REPRESENTATION('',(#9545),#9561);
#9545 = B_SPLINE_CURVE_WITH_KNOTS('',14,(#9546,#9547,#9548,#9549,#9550,
    #9551,#9552,#9553,#9554,#9555,#9556,#9557,#9558,#9559,#9560),
  .UNSPECIFIED.,.T.,.F.,(15,15),(0.,1.),.PIECEWISE_BEZIER_KNOTS.);
#9546 = CARTESIAN_POINT('',(0.,0.));
#9547 = CARTESIAN_POINT('',(1.50990331349E-14,-4.487989505129E-02));
#9548 = CARTESIAN_POINT('',(0.260298687256,-8.975900773493E-02));
#9549 = CARTESIAN_POINT('',(0.780881856364,-0.123286408687));
#9550 = CARTESIAN_POINT('',(1.483968818782,-0.134077862731));
#9551 = CARTESIAN_POINT('',(2.213648321406,-0.114915814637));
#9552 = CARTESIAN_POINT('',(2.770982339347,-6.657398392997E-02));
#9553 = CARTESIAN_POINT('',(2.980439975542,5.165494459487E-15));
#9554 = CARTESIAN_POINT('',(2.770982339347,6.657398392996E-02));
#9555 = CARTESIAN_POINT('',(2.213648321406,0.114915814637));
#9556 = CARTESIAN_POINT('',(1.483968818782,0.134077862731));
#9557 = CARTESIAN_POINT('',(0.780881856364,0.123286408687));
#9558 = CARTESIAN_POINT('',(0.260298687256,8.975900773494E-02));
#9559 = CARTESIAN_POINT('',(5.107025913276E-15,4.487989505128E-02));
#9560 = CARTESIAN_POINT('',(0.,0.));
#9561 = ( GEOMETRIC_REPRESENTATION_CONTEXT(2) 
PARAMETRIC_REPRESENTATION_CONTEXT() REPRESENTATION_CONTEXT('2D SPACE',''
  ) );
#9562 = ORIENTED_EDGE('',*,*,#9563,.T.);
#9563 = EDGE_CURVE('',#9436,#9564,#9566,.T.);
#9564 = VERTEX_POINT('',#9565);
#9565 = CARTESIAN_POINT('',(0.6,0.,11.5));
#9566 = SEAM_CURVE('',#9567,(#9573,#9580),.PCURVE_S1.);
#9567 = ( BOUNDED_CURVE() B_SPLINE_CURVE(4,(#9568,#9569,#9570,#9571,
#9572),.UNSPECIFIED.,.F.,.F.) B_SPLINE_CURVE_WITH_KNOTS((5,5),(0.,1.),
.PIECEWISE_BEZIER_KNOTS.) CURVE() GEOMETRIC_REPRESENTATION_ITEM() 
RATIONAL_B_SPLINE_CURVE((1.,1.,1.,1.,1.)) REPRESENTATION_ITEM('') );
#9568 = CARTESIAN_POINT('',(1.2,-3.917583975661E-17,0.));
#9569 = CARTESIAN_POINT('',(5.710390333982,5.376635966497E-16,
    1.47637891565));
#9570 = CARTESIAN_POINT('',(6.288807034851,-7.721435540979E-16,
    5.839802754449));
#9571 = CARTESIAN_POINT('',(4.675904459897,3.336023113801E-16,
    10.149889470589));
#9572 = CARTESIAN_POINT('',(0.6,7.034770873289E-17,11.5));
#9573 = PCURVE('',#9456,#9574);
#9574 = DEFINITIONAL_REPRESENTATION('',(#9575),#9579);
#9575 = LINE('',#9576,#9577);
#9576 = CARTESIAN_POINT('',(1.,0.));
#9577 = VECTOR('',#9578,1.);
#9578 = DIRECTION('',(0.,1.));
#9579 = ( GEOMETRIC_REPRESENTATION_CONTEXT(2) 
PARAMETRIC_REPRESENTATION_CONTEXT() REPRESENTATION_CONTEXT('2D SPACE',''
  ) );
#9580 = PCURVE('',#9456,#9581);
#9581 = DEFINITIONAL_REPRESENTATION('',(#9582),#9586);
#9582 = LINE('',#9583,#9584);
#9583 = CARTESIAN_POINT('',(0.,0.));
#9584 = VECTOR('',#9585,1.);
#9585 = DIRECTION('',(0.,1.));
#9586 = ( GEOMETRIC_REPRESENTATION_CONTEXT(2) 
PARAMETRIC_REPRESENTATION_CONTEXT() REPRESENTATION_CONTEXT('2D SPACE',''
  ) );
#9587 = ORIENTED_EDGE('',*,*,#9588,.F.);
#9588 = EDGE_CURVE('',#9564,#9564,#9589,.T.);
#9589 = SURFACE_CURVE('',#9590,(#9606,#9613),.PCURVE_S1.);
#9590 = B_SPLINE_CURVE_WITH_KNOTS('',14,(#9591,#9592,#9593,#9594,#9595,
    #9596,#9597,#9598,#9599,#9600,#9601,#9602,#9603,#9604,#9605),
  .UNSPECIFIED.,.T.,.F.,(15,15),(0.,1.),.PIECEWISE_BEZIER_KNOTS.);
#9591 = CARTESIAN_POINT('',(0.6,7.034770873289E-17,11.5));
#9592 = CARTESIAN_POINT('',(0.6,4.039190554616E-02,11.5));
#9593 = CARTESIAN_POINT('',(0.383084427286,8.078310696144E-02,11.5));
#9594 = CARTESIAN_POINT('',(-5.073488030353E-02,0.110957767818,11.5));
#9595 = CARTESIAN_POINT('',(-0.636640682318,0.120670076458,11.5));
#9596 = CARTESIAN_POINT('',(-1.244706934505,0.103424233174,11.5));
#9597 = CARTESIAN_POINT('',(-1.709151949456,5.991658553697E-02,11.5));
#9598 = CARTESIAN_POINT('',(-1.883699979618,-1.997410173768E-15,11.5));
#9599 = CARTESIAN_POINT('',(-1.709151949456,-5.991658553697E-02,11.5));
#9600 = CARTESIAN_POINT('',(-1.244706934505,-0.103424233174,11.5));
#9601 = CARTESIAN_POINT('',(-0.636640682318,-0.120670076458,11.5));
#9602 = CARTESIAN_POINT('',(-5.073488030346E-02,-0.110957767818,11.5));
#9603 = CARTESIAN_POINT('',(0.383084427286,-8.078310696145E-02,11.5));
#9604 = CARTESIAN_POINT('',(0.6,-4.039190554616E-02,11.5));
#9605 = CARTESIAN_POINT('',(0.6,-9.618574496089E-17,11.5));
#9606 = PCURVE('',#9456,#9607);
#9607 = DEFINITIONAL_REPRESENTATION('',(#9608),#9612);
#9608 = LINE('',#9609,#9610);
#9609 = CARTESIAN_POINT('',(0.,1.));
#9610 = VECTOR('',#9611,1.);
#9611 = DIRECTION('',(1.,0.));
#9612 = ( GEOMETRIC_REPRESENTATION_CONTEXT(2) 
PARAMETRIC_REPRESENTATION_CONTEXT() REPRESENTATION_CONTEXT('2D SPACE',''
  ) );
#9613 = PCURVE('',#9614,#9619);
#9614 = PLANE('',#9615);
#9615 = AXIS2_PLACEMENT_3D('',#9616,#9617,#9618);
#9616 = CARTESIAN_POINT('',(0.6,7.034770873289E-17,11.5));
#9617 = DIRECTION('',(0.,0.,1.));
#9618 = DIRECTION('',(-1.,-2.650023716664E-17,0.));
#9619 = DEFINITIONAL_REPRESENTATION('',(#9620),#9636);
#9620 = B_SPLINE_CURVE_WITH_KNOTS('',14,(#9621,#9622,#9623,#9624,#9625,
    #9626,#9627,#9628,#9629,#9630,#9631,#9632,#9633,#9634,#9635),
  .UNSPECIFIED.,.F.,.F.,(15,15),(0.,1.),.PIECEWISE_BEZIER_KNOTS.);
#9621 = CARTESIAN_POINT('',(0.,0.));
#9622 = CARTESIAN_POINT('',(4.107825191113E-14,-4.039190554616E-02));
#9623 = CARTESIAN_POINT('',(0.216915572714,-8.078310696144E-02));
#9624 = CARTESIAN_POINT('',(0.650734880304,-0.110957767818));
#9625 = CARTESIAN_POINT('',(1.236640682318,-0.120670076458));
#9626 = CARTESIAN_POINT('',(1.844706934505,-0.103424233174));
#9627 = CARTESIAN_POINT('',(2.309151949456,-5.991658553697E-02));
#9628 = CARTESIAN_POINT('',(2.483699979618,2.00193924399E-15));
#9629 = CARTESIAN_POINT('',(2.309151949456,5.991658553697E-02));
#9630 = CARTESIAN_POINT('',(1.844706934505,0.103424233174));
#9631 = CARTESIAN_POINT('',(1.236640682318,0.120670076458));
#9632 = CARTESIAN_POINT('',(0.650734880303,0.110957767818));
#9633 = CARTESIAN_POINT('',(0.216915572714,8.078310696145E-02));
#9634 = CARTESIAN_POINT('',(2.386979502944E-14,4.039190554616E-02));
#9635 = CARTESIAN_POINT('',(0.,1.665334536938E-16));
#9636 = ( GEOMETRIC_REPRESENTATION_CONTEXT(2) 
PARAMETRIC_REPRESENTATION_CONTEXT() REPRESENTATION_CONTEXT('2D SPACE',''
  ) );
#9637 = ORIENTED_EDGE('',*,*,#9563,.F.);
#9638 = ADVANCED_FACE('',(#9639),#9539,.F.);
#9639 = FACE_BOUND('',#9640,.T.);
#9640 = EDGE_LOOP('',(#9641));
#9641 = ORIENTED_EDGE('',*,*,#9435,.F.);
#9642 = ADVANCED_FACE('',(#9643),#9614,.T.);
#9643 = FACE_BOUND('',#9644,.T.);
#9644 = EDGE_LOOP('',(#9645));
#9645 = ORIENTED_EDGE('',*,*,#9588,.T.);
#9646 = ( GEOMETRIC_REPRESENTATION_CONTEXT(3) 
GLOBAL_UNCERTAINTY_ASSIGNED_CONTEXT((#9650)) 
GLOBAL_UNIT_ASSIGNED_CONTEXT((#9647,#9648,#9649)) REPRESENTATION_CONTEXT
('Context #1','3D Context with UNIT and UNCERTAINTY') );
#9647 = ( LENGTH_UNIT() NAMED_UNIT(*) SI_UNIT(.MILLI.,.METRE.) );
#9648 = ( NAMED_UNIT(*) PLANE_ANGLE_UNIT() SI_UNIT($,.RADIAN.) );
#9649 = ( NAMED_UNIT(*) SI_UNIT($,.STERADIAN.) SOLID_ANGLE_UNIT() );
#9650 = UNCERTAINTY_MEASURE_WITH_UNIT(LENGTH_MEASURE(1.E-07),#9647,
  'distance_accuracy_value','confusion accuracy');
#9651 = CONTEXT_DEPENDENT_SHAPE_REPRESENTATION(#9652,#9654);
#9652 = ( REPRESENTATION_RELATIONSHIP('','',#9428,#10) 
REPRESENTATION_RELATIONSHIP_WITH_TRANSFORMATION(#9653) 
SHAPE_REPRESENTATION_RELATIONSHIP() );
#9653 = ITEM_DEFINED_TRANSFORMATION('','',#11,#63);
#9654 = PRODUCT_DEFINITION_SHAPE('Placement','Placement of an item',
  #9655);
#9655 = NEXT_ASSEMBLY_USAGE_OCCURRENCE('13','herb_3','',#5,#9423,$);
#9656 = PRODUCT_RELATED_PRODUCT_CATEGORY('part',$,(#9425));
#9657 = SHAPE_DEFINITION_REPRESENTATION(#9658,#9664);
#9658 = PRODUCT_DEFINITION_SHAPE('','',#9659);
#9659 = PRODUCT_DEFINITION('design','',#9660,#9663);
#9660 = PRODUCT_DEFINITION_FORMATION('','',#9661);
#9661 = PRODUCT('herb_4','herb_4','',(#9662));
#9662 = PRODUCT_CONTEXT('',#2,'mechanical');
#9663 = PRODUCT_DEFINITION_CONTEXT('part definition',#2,'design');
#9664 = ADVANCED_BREP_SHAPE_REPRESENTATION('',(#11,#9665),#9882);
#9665 = MANIFOLD_SOLID_BREP('',#9666);
#9666 = CLOSED_SHELL('',(#9667,#9874,#9878));
#9667 = ADVANCED_FACE('',(#9668),#9692,.T.);
#9668 = FACE_BOUND('',#9669,.T.);
#9669 = EDGE_LOOP('',(#9670,#9798,#9823,#9873));
#9670 = ORIENTED_EDGE('',*,*,#9671,.T.);
#9671 = EDGE_CURVE('',#9672,#9672,#9674,.T.);
#9672 = VERTEX_POINT('',#9673);
#9673 = CARTESIAN_POINT('',(1.2,0.,0.));
#9674 = SURFACE_CURVE('',#9675,(#9691,#9774),.PCURVE_S1.);
#9675 = B_SPLINE_CURVE_WITH_KNOTS('',14,(#9676,#9677,#9678,#9679,#9680,
    #9681,#9682,#9683,#9684,#9685,#9686,#9687,#9688,#9689,#9690),
  .UNSPECIFIED.,.T.,.F.,(15,15),(0.,1.),.PIECEWISE_BEZIER_KNOTS.);
#9676 = CARTESIAN_POINT('',(1.2,-3.917583975661E-17,0.));
#9677 = CARTESIAN_POINT('',(1.2,4.487989505129E-02,0.));
#9678 = CARTESIAN_POINT('',(0.939701312744,8.975900773493E-02,0.));
#9679 = CARTESIAN_POINT('',(0.419118143636,0.123286408687,0.));
#9680 = CARTESIAN_POINT('',(-0.283968818782,0.134077862731,0.));
#9681 = CARTESIAN_POINT('',(-1.013648321406,0.114915814637,0.));
#9682 = CARTESIAN_POINT('',(-1.570982339347,6.657398392997E-02,0.));
#9683 = CARTESIAN_POINT('',(-1.780439975542,-5.125860053872E-15,0.));
#9684 = CARTESIAN_POINT('',(-1.570982339347,-6.657398392996E-02,0.));
#9685 = CARTESIAN_POINT('',(-1.013648321406,-0.114915814637,0.));
#9686 = CARTESIAN_POINT('',(-0.283968818782,-0.134077862731,0.));
#9687 = CARTESIAN_POINT('',(0.419118143636,-0.123286408687,0.));
#9688 = CARTESIAN_POINT('',(0.939701312744,-8.975900773494E-02,0.));
#9689 = CARTESIAN_POINT('',(1.2,-4.487989505128E-02,0.));
#9690 = CARTESIAN_POINT('',(1.2,-3.917583975661E-17,0.));
#9691 = PCURVE('',#9692,#9768);
#9692 = ( BOUNDED_SURFACE() B_SPLINE_SURFACE(14,4,(
    (#9693,#9694,#9695,#9696,#9697)
    ,(#9698,#9699,#9700,#9701,#9702)
    ,(#9703,#9704,#9705,#9706,#9707)
    ,(#9708,#9709,#9710,#9711,#9712)
    ,(#9713,#9714,#9715,#9716,#9717)
    ,(#9718,#9719,#9720,#9721,#9722)
    ,(#9723,#9724,#9725,#9726,#9727)
    ,(#9728,#9729,#9730,#9731,#9732)
    ,(#9733,#9734,#9735,#9736,#9737)
    ,(#9738,#9739,#9740,#9741,#9742)
    ,(#9743,#9744,#9745,#9746,#9747)
    ,(#9748,#9749,#9750,#9751,#9752)
    ,(#9753,#9754,#9755,#9756,#9757)
    ,(#9758,#9759,#9760,#9761,#9762)
    ,(#9763,#9764,#9765,#9766,#9767
)),.UNSPECIFIED.,.T.,.F.,.F.) B_SPLINE_SURFACE_WITH_KNOTS((15,15),(5,5),
  (0.,1.),(0.,1.),.PIECEWISE_BEZIER_KNOTS.) 
GEOMETRIC_REPRESENTATION_ITEM() RATIONAL_B_SPLINE_SURFACE((
    (1.,1.,1.,1.,1.)
    ,(1.,1.,1.,1.,1.)
    ,(1.,1.,1.,1.,1.)
    ,(1.,1.,1.,1.,1.)
    ,(1.,1.,1.,1.,1.)
    ,(1.,1.,1.,1.,1.)
    ,(1.,1.,1.,1.,1.)
    ,(1.,1.,1.,1.,1.)
    ,(1.,1.,1.,1.,1.)
    ,(1.,1.,1.,1.,1.)
    ,(1.,1.,1.,1.,1.)
    ,(1.,1.,1.,1.,1.)
    ,(1.,1.,1.,1.,1.)
    ,(1.,1.,1.,1.,1.)
,(1.,1.,1.,1.,1.))) REPRESENTATION_ITEM('') SURFACE() );
#9693 = CARTESIAN_POINT('',(1.2,-3.917583975661E-17,0.));
#9694 = CARTESIAN_POINT('',(5.710390333982,5.376635966497E-16,
    1.47637891565));
#9695 = CARTESIAN_POINT('',(6.288807034851,-7.721435540979E-16,
    5.839802754449));
#9696 = CARTESIAN_POINT('',(4.675904459897,3.336023113801E-16,
    10.149889470589));
#9697 = CARTESIAN_POINT('',(0.6,7.034770873289E-17,11.5));
#9698 = CARTESIAN_POINT('',(1.2,4.487989505129E-02,0.));
#9699 = CARTESIAN_POINT('',(5.710390333984,0.102978362826,1.47637891565)
  );
#9700 = CARTESIAN_POINT('',(6.288807034851,0.179838111317,5.839802754449
    ));
#9701 = CARTESIAN_POINT('',(4.675904459897,0.109993709347,
    10.149889470589));
#9702 = CARTESIAN_POINT('',(0.6,4.039190554616E-02,11.5));
#9703 = CARTESIAN_POINT('',(0.939701312744,8.975900773493E-02,0.));
#9704 = CARTESIAN_POINT('',(4.604701210406,0.205957766358,1.47637891565)
  );
#9705 = CARTESIAN_POINT('',(4.887701496892,0.35967519814,5.839802754449)
  );
#9706 = CARTESIAN_POINT('',(3.634624985597,0.219988461853,
    10.149889470589));
#9707 = CARTESIAN_POINT('',(0.383084427286,8.078310696144E-02,11.5));
#9708 = CARTESIAN_POINT('',(0.419118143636,0.123286408687,0.));
#9709 = CARTESIAN_POINT('',(2.393393755639,0.282868749534,1.47637891565)
  );
#9710 = CARTESIAN_POINT('',(2.085308012654,0.494008830232,5.839802754449
    ));
#9711 = CARTESIAN_POINT('',(1.552239567121,0.302139416837,
    10.149889470589));
#9712 = CARTESIAN_POINT('',(-5.073488030353E-02,0.110957767818,11.5));
#9713 = CARTESIAN_POINT('',(-0.283968818782,0.134077862731,0.));
#9714 = CARTESIAN_POINT('',(-0.593188837285,0.307688197597,1.47637891565
    ));
#9715 = CARTESIAN_POINT('',(-1.698433056328,0.537294484489,
    5.839802754449));
#9716 = CARTESIAN_POINT('',(-1.260676941847,0.328648274156,
    10.149889470589));
#9717 = CARTESIAN_POINT('',(-0.636640682318,0.120670076458,11.5));
#9718 = CARTESIAN_POINT('',(-1.013648321406,0.114915814637,0.));
#9719 = CARTESIAN_POINT('',(-3.6926118576,0.263613684569,1.47637891565)
  );
#9720 = CARTESIAN_POINT('',(-5.62825068437,0.460430973592,5.839802754449
    ));
#9721 = CARTESIAN_POINT('',(-4.178648070221,0.281573780558,
    10.149889470589));
#9722 = CARTESIAN_POINT('',(-1.244706934505,0.103424233174,11.5));
#9723 = CARTESIAN_POINT('',(-1.570982339347,6.657398392997E-02,0.));
#9724 = CARTESIAN_POINT('',(-6.060191094042,0.152807760488,1.47637891565
    ));
#9725 = CARTESIAN_POINT('',(-8.624434665892,0.26680685037,5.839802754449
    ));
#9726 = CARTESIAN_POINT('',(-6.409864606013,0.163216462665,
    10.149889470589));
#9727 = CARTESIAN_POINT('',(-1.709151949456,5.991658553697E-02,11.5));
#9728 = CARTESIAN_POINT('',(-1.780439975542,-5.125860053872E-15,0.));
#9729 = CARTESIAN_POINT('',(-6.94971219123,1.833833178295E-12,
    1.47637891565));
#9730 = CARTESIAN_POINT('',(-9.757003842537,1.634756299472E-11,
    5.839802754449));
#9731 = CARTESIAN_POINT('',(-7.245452912683,-7.641770789895E-12,
    10.149889470589));
#9732 = CARTESIAN_POINT('',(-1.883699979618,-1.997410173768E-15,11.5));
#9733 = CARTESIAN_POINT('',(-1.570982339347,-6.657398392996E-02,0.));
#9734 = CARTESIAN_POINT('',(-6.060191094049,-0.152807760491,
    1.47637891565));
#9735 = CARTESIAN_POINT('',(-8.624434665889,-0.2668068504,5.839802754449
    ));
#9736 = CARTESIAN_POINT('',(-6.409864606006,-0.163216462651,
    10.149889470589));
#9737 = CARTESIAN_POINT('',(-1.709151949456,-5.991658553697E-02,11.5));
#9738 = CARTESIAN_POINT('',(-1.013648321406,-0.114915814637,0.));
#9739 = CARTESIAN_POINT('',(-3.692611857591,-0.263613684567,
    1.47637891565));
#9740 = CARTESIAN_POINT('',(-5.628250684372,-0.460430973569,
    5.839802754449));
#9741 = CARTESIAN_POINT('',(-4.178648070233,-0.281573780569,
    10.149889470589));
#9742 = CARTESIAN_POINT('',(-1.244706934505,-0.103424233174,11.5));
#9743 = CARTESIAN_POINT('',(-0.283968818782,-0.134077862731,0.));
#9744 = CARTESIAN_POINT('',(-0.593188837291,-0.307688197599,
    1.47637891565));
#9745 = CARTESIAN_POINT('',(-1.698433056329,-0.537294484503,
    5.839802754449));
#9746 = CARTESIAN_POINT('',(-1.260676941835,-0.32864827415,
    10.149889470589));
#9747 = CARTESIAN_POINT('',(-0.636640682318,-0.120670076458,11.5));
#9748 = CARTESIAN_POINT('',(0.419118143636,-0.123286408687,0.));
#9749 = CARTESIAN_POINT('',(2.393393755642,-0.282868749533,1.47637891565
    ));
#9750 = CARTESIAN_POINT('',(2.085308012656,-0.494008830225,
    5.839802754449));
#9751 = CARTESIAN_POINT('',(1.552239567113,-0.30213941684,
    10.149889470589));
#9752 = CARTESIAN_POINT('',(-5.073488030346E-02,-0.110957767818,11.5));
#9753 = CARTESIAN_POINT('',(0.939701312744,-8.975900773494E-02,0.));
#9754 = CARTESIAN_POINT('',(4.604701210405,-0.205957766358,1.47637891565
    ));
#9755 = CARTESIAN_POINT('',(4.887701496891,-0.359675198142,
    5.839802754449));
#9756 = CARTESIAN_POINT('',(3.6346249856,-0.219988461852,10.149889470589
    ));
#9757 = CARTESIAN_POINT('',(0.383084427286,-8.078310696145E-02,11.5));
#9758 = CARTESIAN_POINT('',(1.2,-4.487989505128E-02,0.));
#9759 = CARTESIAN_POINT('',(5.710390333984,-0.102978362826,1.47637891565
    ));
#9760 = CARTESIAN_POINT('',(6.288807034852,-0.179838111317,
    5.839802754449));
#9761 = CARTESIAN_POINT('',(4.675904459896,-0.109993709347,
    10.149889470589));
#9762 = CARTESIAN_POINT('',(0.6,-4.039190554616E-02,11.5));
#9763 = CARTESIAN_POINT('',(1.2,-3.917583975661E-17,0.));
#9764 = CARTESIAN_POINT('',(5.710390333982,-6.487253913644E-16,
    1.47637891565));
#9765 = CARTESIAN_POINT('',(6.288807034851,1.42685584678E-15,
    5.839802754449));
#9766 = CARTESIAN_POINT('',(4.675904459897,-6.21459472479E-16,
    10.149889470589));
#9767 = CARTESIAN_POINT('',(0.6,-9.618574496089E-17,11.5));
#9768 = DEFINITIONAL_REPRESENTATION('',(#9769),#9773);
#9769 = LINE('',#9770,#9771);
#9770 = CARTESIAN_POINT('',(0.,0.));
#9771 = VECTOR('',#9772,1.);
#9772 = DIRECTION('',(1.,0.));
#9773 = ( GEOMETRIC_REPRESENTATION_CONTEXT(2) 
PARAMETRIC_REPRESENTATION_CONTEXT() REPRESENTATION_CONTEXT('2D SPACE',''
  ) );
#9774 = PCURVE('',#9775,#9780);
#9775 = PLANE('',#9776);
#9776 = AXIS2_PLACEMENT_3D('',#9777,#9778,#9779);
#9777 = CARTESIAN_POINT('',(1.2,-3.917583975661E-17,0.));
#9778 = DIRECTION('',(0.,0.,1.));
#9779 = DIRECTION('',(-1.,2.644248702147E-17,0.));
#9780 = DEFINITIONAL_REPRESENTATION('',(#9781),#9797);
#9781 = B_SPLINE_CURVE_WITH_KNOTS('',14,(#9782,#9783,#9784,#9785,#9786,
    #9787,#9788,#9789,#9790,#9791,#9792,#9793,#9794,#9795,#9796),
  .UNSPECIFIED.,.T.,.F.,(15,15),(0.,1.),.PIECEWISE_BEZIER_KNOTS.);
#9782 = CARTESIAN_POINT('',(0.,0.));
#9783 = CARTESIAN_POINT('',(1.50990331349E-14,-4.487989505129E-02));
#9784 = CARTESIAN_POINT('',(0.260298687256,-8.975900773493E-02));
#9785 = CARTESIAN_POINT('',(0.780881856364,-0.123286408687));
#9786 = CARTESIAN_POINT('',(1.483968818782,-0.134077862731));
#9787 = CARTESIAN_POINT('',(2.213648321406,-0.114915814637));
#9788 = CARTESIAN_POINT('',(2.770982339347,-6.657398392997E-02));
#9789 = CARTESIAN_POINT('',(2.980439975542,5.165494459487E-15));
#9790 = CARTESIAN_POINT('',(2.770982339347,6.657398392996E-02));
#9791 = CARTESIAN_POINT('',(2.213648321406,0.114915814637));
#9792 = CARTESIAN_POINT('',(1.483968818782,0.134077862731));
#9793 = CARTESIAN_POINT('',(0.780881856364,0.123286408687));
#9794 = CARTESIAN_POINT('',(0.260298687256,8.975900773494E-02));
#9795 = CARTESIAN_POINT('',(5.107025913276E-15,4.487989505128E-02));
#9796 = CARTESIAN_POINT('',(0.,0.));
#9797 = ( GEOMETRIC_REPRESENTATION_CONTEXT(2) 
PARAMETRIC_REPRESENTATION_CONTEXT() REPRESENTATION_CONTEXT('2D SPACE',''
  ) );
#9798 = ORIENTED_EDGE('',*,*,#9799,.T.);
#9799 = EDGE_CURVE('',#9672,#9800,#9802,.T.);
#9800 = VERTEX_POINT('',#9801);
#9801 = CARTESIAN_POINT('',(0.6,0.,11.5));
#9802 = SEAM_CURVE('',#9803,(#9809,#9816),.PCURVE_S1.);
#9803 = ( BOUNDED_CURVE() B_SPLINE_CURVE(4,(#9804,#9805,#9806,#9807,
#9808),.UNSPECIFIED.,.F.,.F.) B_SPLINE_CURVE_WITH_KNOTS((5,5),(0.,1.),
.PIECEWISE_BEZIER_KNOTS.) CURVE() GEOMETRIC_REPRESENTATION_ITEM() 
RATIONAL_B_SPLINE_CURVE((1.,1.,1.,1.,1.)) REPRESENTATION_ITEM('') );
#9804 = CARTESIAN_POINT('',(1.2,-3.917583975661E-17,0.));
#9805 = CARTESIAN_POINT('',(5.710390333982,5.376635966497E-16,
    1.47637891565));
#9806 = CARTESIAN_POINT('',(6.288807034851,-7.721435540979E-16,
    5.839802754449));
#9807 = CARTESIAN_POINT('',(4.675904459897,3.336023113801E-16,
    10.149889470589));
#9808 = CARTESIAN_POINT('',(0.6,7.034770873289E-17,11.5));
#9809 = PCURVE('',#9692,#9810);
#9810 = DEFINITIONAL_REPRESENTATION('',(#9811),#9815);
#9811 = LINE('',#9812,#9813);
#9812 = CARTESIAN_POINT('',(1.,0.));
#9813 = VECTOR('',#9814,1.);
#9814 = DIRECTION('',(0.,1.));
#9815 = ( GEOMETRIC_REPRESENTATION_CONTEXT(2) 
PARAMETRIC_REPRESENTATION_CONTEXT() REPRESENTATION_CONTEXT('2D SPACE',''
  ) );
#9816 = PCURVE('',#9692,#9817);
#9817 = DEFINITIONAL_REPRESENTATION('',(#9818),#9822);
#9818 = LINE('',#9819,#9820);
#9819 = CARTESIAN_POINT('',(0.,0.));
#9820 = VECTOR('',#9821,1.);
#9821 = DIRECTION('',(0.,1.));
#9822 = ( GEOMETRIC_REPRESENTATION_CONTEXT(2) 
PARAMETRIC_REPRESENTATION_CONTEXT() REPRESENTATION_CONTEXT('2D SPACE',''
  ) );
#9823 = ORIENTED_EDGE('',*,*,#9824,.F.);
#9824 = EDGE_CURVE('',#9800,#9800,#9825,.T.);
#9825 = SURFACE_CURVE('',#9826,(#9842,#9849),.PCURVE_S1.);
#9826 = B_SPLINE_CURVE_WITH_KNOTS('',14,(#9827,#9828,#9829,#9830,#9831,
    #9832,#9833,#9834,#9835,#9836,#9837,#9838,#9839,#9840,#9841),
  .UNSPECIFIED.,.T.,.F.,(15,15),(0.,1.),.PIECEWISE_BEZIER_KNOTS.);
#9827 = CARTESIAN_POINT('',(0.6,7.034770873289E-17,11.5));
#9828 = CARTESIAN_POINT('',(0.6,4.039190554616E-02,11.5));
#9829 = CARTESIAN_POINT('',(0.383084427286,8.078310696144E-02,11.5));
#9830 = CARTESIAN_POINT('',(-5.073488030353E-02,0.110957767818,11.5));
#9831 = CARTESIAN_POINT('',(-0.636640682318,0.120670076458,11.5));
#9832 = CARTESIAN_POINT('',(-1.244706934505,0.103424233174,11.5));
#9833 = CARTESIAN_POINT('',(-1.709151949456,5.991658553697E-02,11.5));
#9834 = CARTESIAN_POINT('',(-1.883699979618,-1.997410173768E-15,11.5));
#9835 = CARTESIAN_POINT('',(-1.709151949456,-5.991658553697E-02,11.5));
#9836 = CARTESIAN_POINT('',(-1.244706934505,-0.103424233174,11.5));
#9837 = CARTESIAN_POINT('',(-0.636640682318,-0.120670076458,11.5));
#9838 = CARTESIAN_POINT('',(-5.073488030346E-02,-0.110957767818,11.5));
#9839 = CARTESIAN_POINT('',(0.383084427286,-8.078310696145E-02,11.5));
#9840 = CARTESIAN_POINT('',(0.6,-4.039190554616E-02,11.5));
#9841 = CARTESIAN_POINT('',(0.6,-9.618574496089E-17,11.5));
#9842 = PCURVE('',#9692,#9843);
#9843 = DEFINITIONAL_REPRESENTATION('',(#9844),#9848);
#9844 = LINE('',#9845,#9846);
#9845 = CARTESIAN_POINT('',(0.,1.));
#9846 = VECTOR('',#9847,1.);
#9847 = DIRECTION('',(1.,0.));
#9848 = ( GEOMETRIC_REPRESENTATION_CONTEXT(2) 
PARAMETRIC_REPRESENTATION_CONTEXT() REPRESENTATION_CONTEXT('2D SPACE',''
  ) );
#9849 = PCURVE('',#9850,#9855);
#9850 = PLANE('',#9851);
#9851 = AXIS2_PLACEMENT_3D('',#9852,#9853,#9854);
#9852 = CARTESIAN_POINT('',(0.6,7.034770873289E-17,11.5));
#9853 = DIRECTION('',(0.,0.,1.));
#9854 = DIRECTION('',(-1.,-2.650023716664E-17,0.));
#9855 = DEFINITIONAL_REPRESENTATION('',(#9856),#9872);
#9856 = B_SPLINE_CURVE_WITH_KNOTS('',14,(#9857,#9858,#9859,#9860,#9861,
    #9862,#9863,#9864,#9865,#9866,#9867,#9868,#9869,#9870,#9871),
  .UNSPECIFIED.,.F.,.F.,(15,15),(0.,1.),.PIECEWISE_BEZIER_KNOTS.);
#9857 = CARTESIAN_POINT('',(0.,0.));
#9858 = CARTESIAN_POINT('',(4.107825191113E-14,-4.039190554616E-02));
#9859 = CARTESIAN_POINT('',(0.216915572714,-8.078310696144E-02));
#9860 = CARTESIAN_POINT('',(0.650734880304,-0.110957767818));
#9861 = CARTESIAN_POINT('',(1.236640682318,-0.120670076458));
#9862 = CARTESIAN_POINT('',(1.844706934505,-0.103424233174));
#9863 = CARTESIAN_POINT('',(2.309151949456,-5.991658553697E-02));
#9864 = CARTESIAN_POINT('',(2.483699979618,2.00193924399E-15));
#9865 = CARTESIAN_POINT('',(2.309151949456,5.991658553697E-02));
#9866 = CARTESIAN_POINT('',(1.844706934505,0.103424233174));
#9867 = CARTESIAN_POINT('',(1.236640682318,0.120670076458));
#9868 = CARTESIAN_POINT('',(0.650734880303,0.110957767818));
#9869 = CARTESIAN_POINT('',(0.216915572714,8.078310696145E-02));
#9870 = CARTESIAN_POINT('',(2.386979502944E-14,4.039190554616E-02));
#9871 = CARTESIAN_POINT('',(0.,1.665334536938E-16));
#9872 = ( GEOMETRIC_REPRESENTATION_CONTEXT(2) 
PARAMETRIC_REPRESENTATION_CONTEXT() REPRESENTATION_CONTEXT('2D SPACE',''
  ) );
#9873 = ORIENTED_EDGE('',*,*,#9799,.F.);
#9874 = ADVANCED_FACE('',(#9875),#9775,.F.);
#9875 = FACE_BOUND('',#9876,.T.);
#9876 = EDGE_LOOP('',(#9877));
#9877 = ORIENTED_EDGE('',*,*,#9671,.F.);
#9878 = ADVANCED_FACE('',(#9879),#9850,.T.);
#9879 = FACE_BOUND('',#9880,.T.);
#9880 = EDGE_LOOP('',(#9881));
#9881 = ORIENTED_EDGE('',*,*,#9824,.T.);
#9882 = ( GEOMETRIC_REPRESENTATION_CONTEXT(3) 
GLOBAL_UNCERTAINTY_ASSIGNED_CONTEXT((#9886)) 
GLOBAL_UNIT_ASSIGNED_CONTEXT((#9883,#9884,#9885)) REPRESENTATION_CONTEXT
('Context #1','3D Context with UNIT and UNCERTAINTY') );
#9883 = ( LENGTH_UNIT() NAMED_UNIT(*) SI_UNIT(.MILLI.,.METRE.) );
#9884 = ( NAMED_UNIT(*) PLANE_ANGLE_UNIT() SI_UNIT($,.RADIAN.) );
#9885 = ( NAMED_UNIT(*) SI_UNIT($,.STERADIAN.) SOLID_ANGLE_UNIT() );
#9886 = UNCERTAINTY_MEASURE_WITH_UNIT(LENGTH_MEASURE(1.E-07),#9883,
  'distance_accuracy_value','confusion accuracy');
#9887 = CONTEXT_DEPENDENT_SHAPE_REPRESENTATION(#9888,#9890);
#9888 = ( REPRESENTATION_RELATIONSHIP('','',#9664,#10) 
REPRESENTATION_RELATIONSHIP_WITH_TRANSFORMATION(#9889) 
SHAPE_REPRESENTATION_RELATIONSHIP() );
#9889 = ITEM_DEFINED_TRANSFORMATION('','',#11,#67);
#9890 = PRODUCT_DEFINITION_SHAPE('Placement','Placement of an item',
  #9891);
#9891 = NEXT_ASSEMBLY_USAGE_OCCURRENCE('14','herb_4','',#5,#9659,$);
#9892 = PRODUCT_RELATED_PRODUCT_CATEGORY('part',$,(#9661));
#9893 = SHAPE_DEFINITION_REPRESENTATION(#9894,#9900);
#9894 = PRODUCT_DEFINITION_SHAPE('','',#9895);
#9895 = PRODUCT_DEFINITION('design','',#9896,#9899);
#9896 = PRODUCT_DEFINITION_FORMATION('','',#9897);
#9897 = PRODUCT('herb_5','herb_5','',(#9898));
#9898 = PRODUCT_CONTEXT('',#2,'mechanical');
#9899 = PRODUCT_DEFINITION_CONTEXT('part definition',#2,'design');
#9900 = ADVANCED_BREP_SHAPE_REPRESENTATION('',(#11,#9901),#10118);
#9901 = MANIFOLD_SOLID_BREP('',#9902);
#9902 = CLOSED_SHELL('',(#9903,#10110,#10114));
#9903 = ADVANCED_FACE('',(#9904),#9928,.T.);
#9904 = FACE_BOUND('',#9905,.T.);
#9905 = EDGE_LOOP('',(#9906,#10034,#10059,#10109));
#9906 = ORIENTED_EDGE('',*,*,#9907,.T.);
#9907 = EDGE_CURVE('',#9908,#9908,#9910,.T.);
#9908 = VERTEX_POINT('',#9909);
#9909 = CARTESIAN_POINT('',(1.2,0.,0.));
#9910 = SURFACE_CURVE('',#9911,(#9927,#10010),.PCURVE_S1.);
#9911 = B_SPLINE_CURVE_WITH_KNOTS('',14,(#9912,#9913,#9914,#9915,#9916,
    #9917,#9918,#9919,#9920,#9921,#9922,#9923,#9924,#9925,#9926),
  .UNSPECIFIED.,.T.,.F.,(15,15),(0.,1.),.PIECEWISE_BEZIER_KNOTS.);
#9912 = CARTESIAN_POINT('',(1.2,-3.917583975661E-17,0.));
#9913 = CARTESIAN_POINT('',(1.2,4.487989505129E-02,0.));
#9914 = CARTESIAN_POINT('',(0.939701312744,8.975900773493E-02,0.));
#9915 = CARTESIAN_POINT('',(0.419118143636,0.123286408687,0.));
#9916 = CARTESIAN_POINT('',(-0.283968818782,0.134077862731,0.));
#9917 = CARTESIAN_POINT('',(-1.013648321406,0.114915814637,0.));
#9918 = CARTESIAN_POINT('',(-1.570982339347,6.657398392997E-02,0.));
#9919 = CARTESIAN_POINT('',(-1.780439975542,-5.125860053872E-15,0.));
#9920 = CARTESIAN_POINT('',(-1.570982339347,-6.657398392996E-02,0.));
#9921 = CARTESIAN_POINT('',(-1.013648321406,-0.114915814637,0.));
#9922 = CARTESIAN_POINT('',(-0.283968818782,-0.134077862731,0.));
#9923 = CARTESIAN_POINT('',(0.419118143636,-0.123286408687,0.));
#9924 = CARTESIAN_POINT('',(0.939701312744,-8.975900773494E-02,0.));
#9925 = CARTESIAN_POINT('',(1.2,-4.487989505128E-02,0.));
#9926 = CARTESIAN_POINT('',(1.2,-3.917583975661E-17,0.));
#9927 = PCURVE('',#9928,#10004);
#9928 = ( BOUNDED_SURFACE() B_SPLINE_SURFACE(14,4,(
    (#9929,#9930,#9931,#9932,#9933)
    ,(#9934,#9935,#9936,#9937,#9938)
    ,(#9939,#9940,#9941,#9942,#9943)
    ,(#9944,#9945,#9946,#9947,#9948)
    ,(#9949,#9950,#9951,#9952,#9953)
    ,(#9954,#9955,#9956,#9957,#9958)
    ,(#9959,#9960,#9961,#9962,#9963)
    ,(#9964,#9965,#9966,#9967,#9968)
    ,(#9969,#9970,#9971,#9972,#9973)
    ,(#9974,#9975,#9976,#9977,#9978)
    ,(#9979,#9980,#9981,#9982,#9983)
    ,(#9984,#9985,#9986,#9987,#9988)
    ,(#9989,#9990,#9991,#9992,#9993)
    ,(#9994,#9995,#9996,#9997,#9998)
    ,(#9999,#10000,#10001,#10002,#10003
)),.UNSPECIFIED.,.T.,.F.,.F.) B_SPLINE_SURFACE_WITH_KNOTS((15,15),(5,5),
  (0.,1.),(0.,1.),.PIECEWISE_BEZIER_KNOTS.) 
GEOMETRIC_REPRESENTATION_ITEM() RATIONAL_B_SPLINE_SURFACE((
    (1.,1.,1.,1.,1.)
    ,(1.,1.,1.,1.,1.)
    ,(1.,1.,1.,1.,1.)
    ,(1.,1.,1.,1.,1.)
    ,(1.,1.,1.,1.,1.)
    ,(1.,1.,1.,1.,1.)
    ,(1.,1.,1.,1.,1.)
    ,(1.,1.,1.,1.,1.)
    ,(1.,1.,1.,1.,1.)
    ,(1.,1.,1.,1.,1.)
    ,(1.,1.,1.,1.,1.)
    ,(1.,1.,1.,1.,1.)
    ,(1.,1.,1.,1.,1.)
    ,(1.,1.,1.,1.,1.)
,(1.,1.,1.,1.,1.))) REPRESENTATION_ITEM('') SURFACE() );
#9929 = CARTESIAN_POINT('',(1.2,-3.917583975661E-17,0.));
#9930 = CARTESIAN_POINT('',(5.710390333982,5.376635966497E-16,
    1.47637891565));
#9931 = CARTESIAN_POINT('',(6.288807034851,-7.721435540979E-16,
    5.839802754449));
#9932 = CARTESIAN_POINT('',(4.675904459897,3.336023113801E-16,
    10.149889470589));
#9933 = CARTESIAN_POINT('',(0.6,7.034770873289E-17,11.5));
#9934 = CARTESIAN_POINT('',(1.2,4.487989505129E-02,0.));
#9935 = CARTESIAN_POINT('',(5.710390333984,0.102978362826,1.47637891565)
  );
#9936 = CARTESIAN_POINT('',(6.288807034851,0.179838111317,5.839802754449
    ));
#9937 = CARTESIAN_POINT('',(4.675904459897,0.109993709347,
    10.149889470589));
#9938 = CARTESIAN_POINT('',(0.6,4.039190554616E-02,11.5));
#9939 = CARTESIAN_POINT('',(0.939701312744,8.975900773493E-02,0.));
#9940 = CARTESIAN_POINT('',(4.604701210406,0.205957766358,1.47637891565)
  );
#9941 = CARTESIAN_POINT('',(4.887701496892,0.35967519814,5.839802754449)
  );
#9942 = CARTESIAN_POINT('',(3.634624985597,0.219988461853,
    10.149889470589));
#9943 = CARTESIAN_POINT('',(0.383084427286,8.078310696144E-02,11.5));
#9944 = CARTESIAN_POINT('',(0.419118143636,0.123286408687,0.));
#9945 = CARTESIAN_POINT('',(2.393393755639,0.282868749534,1.47637891565)
  );
#9946 = CARTESIAN_POINT('',(2.085308012654,0.494008830232,5.839802754449
    ));
#9947 = CARTESIAN_POINT('',(1.552239567121,0.302139416837,
    10.149889470589));
#9948 = CARTESIAN_POINT('',(-5.073488030353E-02,0.110957767818,11.5));
#9949 = CARTESIAN_POINT('',(-0.283968818782,0.134077862731,0.));
#9950 = CARTESIAN_POINT('',(-0.593188837285,0.307688197597,1.47637891565
    ));
#9951 = CARTESIAN_POINT('',(-1.698433056328,0.537294484489,
    5.839802754449));
#9952 = CARTESIAN_POINT('',(-1.260676941847,0.328648274156,
    10.149889470589));
#9953 = CARTESIAN_POINT('',(-0.636640682318,0.120670076458,11.5));
#9954 = CARTESIAN_POINT('',(-1.013648321406,0.114915814637,0.));
#9955 = CARTESIAN_POINT('',(-3.6926118576,0.263613684569,1.47637891565)
  );
#9956 = CARTESIAN_POINT('',(-5.62825068437,0.460430973592,5.839802754449
    ));
#9957 = CARTESIAN_POINT('',(-4.178648070221,0.281573780558,
    10.149889470589));
#9958 = CARTESIAN_POINT('',(-1.244706934505,0.103424233174,11.5));
#9959 = CARTESIAN_POINT('',(-1.570982339347,6.657398392997E-02,0.));
#9960 = CARTESIAN_POINT('',(-6.060191094042,0.152807760488,1.47637891565
    ));
#9961 = CARTESIAN_POINT('',(-8.624434665892,0.26680685037,5.839802754449
    ));
#9962 = CARTESIAN_POINT('',(-6.409864606013,0.163216462665,
    10.149889470589));
#9963 = CARTESIAN_POINT('',(-1.709151949456,5.991658553697E-02,11.5));
#9964 = CARTESIAN_POINT('',(-1.780439975542,-5.125860053872E-15,0.));
#9965 = CARTESIAN_POINT('',(-6.94971219123,1.833833178295E-12,
    1.47637891565));
#9966 = CARTESIAN_POINT('',(-9.757003842537,1.634756299472E-11,
    5.839802754449));
#9967 = CARTESIAN_POINT('',(-7.245452912683,-7.641770789895E-12,
    10.149889470589));
#9968 = CARTESIAN_POINT('',(-1.883699979618,-1.997410173768E-15,11.5));
#9969 = CARTESIAN_POINT('',(-1.570982339347,-6.657398392996E-02,0.));
#9970 = CARTESIAN_POINT('',(-6.060191094049,-0.152807760491,
    1.47637891565));
#9971 = CARTESIAN_POINT('',(-8.624434665889,-0.2668068504,5.839802754449
    ));
#9972 = CARTESIAN_POINT('',(-6.409864606006,-0.163216462651,
    10.149889470589));
#9973 = CARTESIAN_POINT('',(-1.709151949456,-5.991658553697E-02,11.5));
#9974 = CARTESIAN_POINT('',(-1.013648321406,-0.114915814637,0.));
#9975 = CARTESIAN_POINT('',(-3.692611857591,-0.263613684567,
    1.47637891565));
#9976 = CARTESIAN_POINT('',(-5.628250684372,-0.460430973569,
    5.839802754449));
#9977 = CARTESIAN_POINT('',(-4.178648070233,-0.281573780569,
    10.149889470589));
#9978 = CARTESIAN_POINT('',(-1.244706934505,-0.103424233174,11.5));
#9979 = CARTESIAN_POINT('',(-0.283968818782,-0.134077862731,0.));
#9980 = CARTESIAN_POINT('',(-0.593188837291,-0.307688197599,
    1.47637891565));
#9981 = CARTESIAN_POINT('',(-1.698433056329,-0.537294484503,
    5.839802754449));
#9982 = CARTESIAN_POINT('',(-1.260676941835,-0.32864827415,
    10.149889470589));
#9983 = CARTESIAN_POINT('',(-0.636640682318,-0.120670076458,11.5));
#9984 = CARTESIAN_POINT('',(0.419118143636,-0.123286408687,0.));
#9985 = CARTESIAN_POINT('',(2.393393755642,-0.282868749533,1.47637891565
    ));
#9986 = CARTESIAN_POINT('',(2.085308012656,-0.494008830225,
    5.839802754449));
#9987 = CARTESIAN_POINT('',(1.552239567113,-0.30213941684,
    10.149889470589));
#9988 = CARTESIAN_POINT('',(-5.073488030346E-02,-0.110957767818,11.5));
#9989 = CARTESIAN_POINT('',(0.939701312744,-8.975900773494E-02,0.));
#9990 = CARTESIAN_POINT('',(4.604701210405,-0.205957766358,1.47637891565
    ));
#9991 = CARTESIAN_POINT('',(4.887701496891,-0.359675198142,
    5.839802754449));
#9992 = CARTESIAN_POINT('',(3.6346249856,-0.219988461852,10.149889470589
    ));
#9993 = CARTESIAN_POINT('',(0.383084427286,-8.078310696145E-02,11.5));
#9994 = CARTESIAN_POINT('',(1.2,-4.487989505128E-02,0.));
#9995 = CARTESIAN_POINT('',(5.710390333984,-0.102978362826,1.47637891565
    ));
#9996 = CARTESIAN_POINT('',(6.288807034852,-0.179838111317,
    5.839802754449));
#9997 = CARTESIAN_POINT('',(4.675904459896,-0.109993709347,
    10.149889470589));
#9998 = CARTESIAN_POINT('',(0.6,-4.039190554616E-02,11.5));
#9999 = CARTESIAN_POINT('',(1.2,-3.917583975661E-17,0.));
#10000 = CARTESIAN_POINT('',(5.710390333982,-6.487253913644E-16,
    1.47637891565));
#10001 = CARTESIAN_POINT('',(6.288807034851,1.42685584678E-15,
    5.839802754449));
#10002 = CARTESIAN_POINT('',(4.675904459897,-6.21459472479E-16,
    10.149889470589));
#10003 = CARTESIAN_POINT('',(0.6,-9.618574496089E-17,11.5));
#10004 = DEFINITIONAL_REPRESENTATION('',(#10005),#10009);
#10005 = LINE('',#10006,#10007);
#10006 = CARTESIAN_POINT('',(0.,0.));
#10007 = VECTOR('',#10008,1.);
#10008 = DIRECTION('',(1.,0.));
#10009 = ( GEOMETRIC_REPRESENTATION_CONTEXT(2) 
PARAMETRIC_REPRESENTATION_CONTEXT() REPRESENTATION_CONTEXT('2D SPACE',''
  ) );
#10010 = PCURVE('',#10011,#10016);
#10011 = PLANE('',#10012);
#10012 = AXIS2_PLACEMENT_3D('',#10013,#10014,#10015);
#10013 = CARTESIAN_POINT('',(1.2,-3.917583975661E-17,0.));
#10014 = DIRECTION('',(0.,0.,1.));
#10015 = DIRECTION('',(-1.,2.644248702147E-17,0.));
#10016 = DEFINITIONAL_REPRESENTATION('',(#10017),#10033);
#10017 = B_SPLINE_CURVE_WITH_KNOTS('',14,(#10018,#10019,#10020,#10021,
    #10022,#10023,#10024,#10025,#10026,#10027,#10028,#10029,#10030,
    #10031,#10032),.UNSPECIFIED.,.T.,.F.,(15,15),(0.,1.),
  .PIECEWISE_BEZIER_KNOTS.);
#10018 = CARTESIAN_POINT('',(0.,0.));
#10019 = CARTESIAN_POINT('',(1.50990331349E-14,-4.487989505129E-02));
#10020 = CARTESIAN_POINT('',(0.260298687256,-8.975900773493E-02));
#10021 = CARTESIAN_POINT('',(0.780881856364,-0.123286408687));
#10022 = CARTESIAN_POINT('',(1.483968818782,-0.134077862731));
#10023 = CARTESIAN_POINT('',(2.213648321406,-0.114915814637));
#10024 = CARTESIAN_POINT('',(2.770982339347,-6.657398392997E-02));
#10025 = CARTESIAN_POINT('',(2.980439975542,5.165494459487E-15));
#10026 = CARTESIAN_POINT('',(2.770982339347,6.657398392996E-02));
#10027 = CARTESIAN_POINT('',(2.213648321406,0.114915814637));
#10028 = CARTESIAN_POINT('',(1.483968818782,0.134077862731));
#10029 = CARTESIAN_POINT('',(0.780881856364,0.123286408687));
#10030 = CARTESIAN_POINT('',(0.260298687256,8.975900773494E-02));
#10031 = CARTESIAN_POINT('',(5.107025913276E-15,4.487989505128E-02));
#10032 = CARTESIAN_POINT('',(0.,0.));
#10033 = ( GEOMETRIC_REPRESENTATION_CONTEXT(2) 
PARAMETRIC_REPRESENTATION_CONTEXT() REPRESENTATION_CONTEXT('2D SPACE',''
  ) );
#10034 = ORIENTED_EDGE('',*,*,#10035,.T.);
#10035 = EDGE_CURVE('',#9908,#10036,#10038,.T.);
#10036 = VERTEX_POINT('',#10037);
#10037 = CARTESIAN_POINT('',(0.6,0.,11.5));
#10038 = SEAM_CURVE('',#10039,(#10045,#10052),.PCURVE_S1.);
#10039 = ( BOUNDED_CURVE() B_SPLINE_CURVE(4,(#10040,#10041,#10042,#10043
,#10044),.UNSPECIFIED.,.F.,.F.) B_SPLINE_CURVE_WITH_KNOTS((5,5),(0.,1.),
.PIECEWISE_BEZIER_KNOTS.) CURVE() GEOMETRIC_REPRESENTATION_ITEM() 
RATIONAL_B_SPLINE_CURVE((1.,1.,1.,1.,1.)) REPRESENTATION_ITEM('') );
#10040 = CARTESIAN_POINT('',(1.2,-3.917583975661E-17,0.));
#10041 = CARTESIAN_POINT('',(5.710390333982,5.376635966497E-16,
    1.47637891565));
#10042 = CARTESIAN_POINT('',(6.288807034851,-7.721435540979E-16,
    5.839802754449));
#10043 = CARTESIAN_POINT('',(4.675904459897,3.336023113801E-16,
    10.149889470589));
#10044 = CARTESIAN_POINT('',(0.6,7.034770873289E-17,11.5));
#10045 = PCURVE('',#9928,#10046);
#10046 = DEFINITIONAL_REPRESENTATION('',(#10047),#10051);
#10047 = LINE('',#10048,#10049);
#10048 = CARTESIAN_POINT('',(1.,0.));
#10049 = VECTOR('',#10050,1.);
#10050 = DIRECTION('',(0.,1.));
#10051 = ( GEOMETRIC_REPRESENTATION_CONTEXT(2) 
PARAMETRIC_REPRESENTATION_CONTEXT() REPRESENTATION_CONTEXT('2D SPACE',''
  ) );
#10052 = PCURVE('',#9928,#10053);
#10053 = DEFINITIONAL_REPRESENTATION('',(#10054),#10058);
#10054 = LINE('',#10055,#10056);
#10055 = CARTESIAN_POINT('',(0.,0.));
#10056 = VECTOR('',#10057,1.);
#10057 = DIRECTION('',(0.,1.));
#10058 = ( GEOMETRIC_REPRESENTATION_CONTEXT(2) 
PARAMETRIC_REPRESENTATION_CONTEXT() REPRESENTATION_CONTEXT('2D SPACE',''
  ) );
#10059 = ORIENTED_EDGE('',*,*,#10060,.F.);
#10060 = EDGE_CURVE('',#10036,#10036,#10061,.T.);
#10061 = SURFACE_CURVE('',#10062,(#10078,#10085),.PCURVE_S1.);
#10062 = B_SPLINE_CURVE_WITH_KNOTS('',14,(#10063,#10064,#10065,#10066,
    #10067,#10068,#10069,#10070,#10071,#10072,#10073,#10074,#10075,
    #10076,#10077),.UNSPECIFIED.,.T.,.F.,(15,15),(0.,1.),
  .PIECEWISE_BEZIER_KNOTS.);
#10063 = CARTESIAN_POINT('',(0.6,7.034770873289E-17,11.5));
#10064 = CARTESIAN_POINT('',(0.6,4.039190554616E-02,11.5));
#10065 = CARTESIAN_POINT('',(0.383084427286,8.078310696144E-02,11.5));
#10066 = CARTESIAN_POINT('',(-5.073488030353E-02,0.110957767818,11.5));
#10067 = CARTESIAN_POINT('',(-0.636640682318,0.120670076458,11.5));
#10068 = CARTESIAN_POINT('',(-1.244706934505,0.103424233174,11.5));
#10069 = CARTESIAN_POINT('',(-1.709151949456,5.991658553697E-02,11.5));
#10070 = CARTESIAN_POINT('',(-1.883699979618,-1.997410173768E-15,11.5));
#10071 = CARTESIAN_POINT('',(-1.709151949456,-5.991658553697E-02,11.5));
#10072 = CARTESIAN_POINT('',(-1.244706934505,-0.103424233174,11.5));
#10073 = CARTESIAN_POINT('',(-0.636640682318,-0.120670076458,11.5));
#10074 = CARTESIAN_POINT('',(-5.073488030346E-02,-0.110957767818,11.5));
#10075 = CARTESIAN_POINT('',(0.383084427286,-8.078310696145E-02,11.5));
#10076 = CARTESIAN_POINT('',(0.6,-4.039190554616E-02,11.5));
#10077 = CARTESIAN_POINT('',(0.6,-9.618574496089E-17,11.5));
#10078 = PCURVE('',#9928,#10079);
#10079 = DEFINITIONAL_REPRESENTATION('',(#10080),#10084);
#10080 = LINE('',#10081,#10082);
#10081 = CARTESIAN_POINT('',(0.,1.));
#10082 = VECTOR('',#10083,1.);
#10083 = DIRECTION('',(1.,0.));
#10084 = ( GEOMETRIC_REPRESENTATION_CONTEXT(2) 
PARAMETRIC_REPRESENTATION_CONTEXT() REPRESENTATION_CONTEXT('2D SPACE',''
  ) );
#10085 = PCURVE('',#10086,#10091);
#10086 = PLANE('',#10087);
#10087 = AXIS2_PLACEMENT_3D('',#10088,#10089,#10090);
#10088 = CARTESIAN_POINT('',(0.6,7.034770873289E-17,11.5));
#10089 = DIRECTION('',(0.,0.,1.));
#10090 = DIRECTION('',(-1.,-2.650023716664E-17,0.));
#10091 = DEFINITIONAL_REPRESENTATION('',(#10092),#10108);
#10092 = B_SPLINE_CURVE_WITH_KNOTS('',14,(#10093,#10094,#10095,#10096,
    #10097,#10098,#10099,#10100,#10101,#10102,#10103,#10104,#10105,
    #10106,#10107),.UNSPECIFIED.,.F.,.F.,(15,15),(0.,1.),
  .PIECEWISE_BEZIER_KNOTS.);
#10093 = CARTESIAN_POINT('',(0.,0.));
#10094 = CARTESIAN_POINT('',(4.107825191113E-14,-4.039190554616E-02));
#10095 = CARTESIAN_POINT('',(0.216915572714,-8.078310696144E-02));
#10096 = CARTESIAN_POINT('',(0.650734880304,-0.110957767818));
#10097 = CARTESIAN_POINT('',(1.236640682318,-0.120670076458));
#10098 = CARTESIAN_POINT('',(1.844706934505,-0.103424233174));
#10099 = CARTESIAN_POINT('',(2.309151949456,-5.991658553697E-02));
#10100 = CARTESIAN_POINT('',(2.483699979618,2.00193924399E-15));
#10101 = CARTESIAN_POINT('',(2.309151949456,5.991658553697E-02));
#10102 = CARTESIAN_POINT('',(1.844706934505,0.103424233174));
#10103 = CARTESIAN_POINT('',(1.236640682318,0.120670076458));
#10104 = CARTESIAN_POINT('',(0.650734880303,0.110957767818));
#10105 = CARTESIAN_POINT('',(0.216915572714,8.078310696145E-02));
#10106 = CARTESIAN_POINT('',(2.386979502944E-14,4.039190554616E-02));
#10107 = CARTESIAN_POINT('',(0.,1.665334536938E-16));
#10108 = ( GEOMETRIC_REPRESENTATION_CONTEXT(2) 
PARAMETRIC_REPRESENTATION_CONTEXT() REPRESENTATION_CONTEXT('2D SPACE',''
  ) );
#10109 = ORIENTED_EDGE('',*,*,#10035,.F.);
#10110 = ADVANCED_FACE('',(#10111),#10011,.F.);
#10111 = FACE_BOUND('',#10112,.T.);
#10112 = EDGE_LOOP('',(#10113));
#10113 = ORIENTED_EDGE('',*,*,#9907,.F.);
#10114 = ADVANCED_FACE('',(#10115),#10086,.T.);
#10115 = FACE_BOUND('',#10116,.T.);
#10116 = EDGE_LOOP('',(#10117));
#10117 = ORIENTED_EDGE('',*,*,#10060,.T.);
#10118 = ( GEOMETRIC_REPRESENTATION_CONTEXT(3) 
GLOBAL_UNCERTAINTY_ASSIGNED_CONTEXT((#10122)) 
GLOBAL_UNIT_ASSIGNED_CONTEXT((#10119,#10120,#10121)) 
REPRESENTATION_CONTEXT('Context #1',
  '3D Context with UNIT and UNCERTAINTY') );
#10119 = ( LENGTH_UNIT() NAMED_UNIT(*) SI_UNIT(.MILLI.,.METRE.) );
#10120 = ( NAMED_UNIT(*) PLANE_ANGLE_UNIT() SI_UNIT($,.RADIAN.) );
#10121 = ( NAMED_UNIT(*) SI_UNIT($,.STERADIAN.) SOLID_ANGLE_UNIT() );
#10122 = UNCERTAINTY_MEASURE_WITH_UNIT(LENGTH_MEASURE(1.E-07),#10119,
  'distance_accuracy_value','confusion accuracy');
#10123 = CONTEXT_DEPENDENT_SHAPE_REPRESENTATION(#10124,#10126);
#10124 = ( REPRESENTATION_RELATIONSHIP('','',#9900,#10) 
REPRESENTATION_RELATIONSHIP_WITH_TRANSFORMATION(#10125) 
SHAPE_REPRESENTATION_RELATIONSHIP() );
#10125 = ITEM_DEFINED_TRANSFORMATION('','',#11,#71);
#10126 = PRODUCT_DEFINITION_SHAPE('Placement','Placement of an item',
  #10127);
#10127 = NEXT_ASSEMBLY_USAGE_OCCURRENCE('15','herb_5','',#5,#9895,$);
#10128 = PRODUCT_RELATED_PRODUCT_CATEGORY('part',$,(#9897));
#10129 = SHAPE_DEFINITION_REPRESENTATION(#10130,#10136);
#10130 = PRODUCT_DEFINITION_SHAPE('','',#10131);
#10131 = PRODUCT_DEFINITION('design','',#10132,#10135);
#10132 = PRODUCT_DEFINITION_FORMATION('','',#10133);
#10133 = PRODUCT('herb_6','herb_6','',(#10134));
#10134 = PRODUCT_CONTEXT('',#2,'mechanical');
#10135 = PRODUCT_DEFINITION_CONTEXT('part definition',#2,'design');
#10136 = ADVANCED_BREP_SHAPE_REPRESENTATION('',(#11,#10137),#10354);
#10137 = MANIFOLD_SOLID_BREP('',#10138);
#10138 = CLOSED_SHELL('',(#10139,#10346,#10350));
#10139 = ADVANCED_FACE('',(#10140),#10164,.T.);
#10140 = FACE_BOUND('',#10141,.T.);
#10141 = EDGE_LOOP('',(#10142,#10270,#10295,#10345));
#10142 = ORIENTED_EDGE('',*,*,#10143,.T.);
#10143 = EDGE_CURVE('',#10144,#10144,#10146,.T.);
#10144 = VERTEX_POINT('',#10145);
#10145 = CARTESIAN_POINT('',(1.2,0.,0.));
#10146 = SURFACE_CURVE('',#10147,(#10163,#10246),.PCURVE_S1.);
#10147 = B_SPLINE_CURVE_WITH_KNOTS('',14,(#10148,#10149,#10150,#10151,
    #10152,#10153,#10154,#10155,#10156,#10157,#10158,#10159,#10160,
    #10161,#10162),.UNSPECIFIED.,.T.,.F.,(15,15),(0.,1.),
  .PIECEWISE_BEZIER_KNOTS.);
#10148 = CARTESIAN_POINT('',(1.2,-3.917583975661E-17,0.));
#10149 = CARTESIAN_POINT('',(1.2,4.487989505129E-02,0.));
#10150 = CARTESIAN_POINT('',(0.939701312744,8.975900773493E-02,0.));
#10151 = CARTESIAN_POINT('',(0.419118143636,0.123286408687,0.));
#10152 = CARTESIAN_POINT('',(-0.283968818782,0.134077862731,0.));
#10153 = CARTESIAN_POINT('',(-1.013648321406,0.114915814637,0.));
#10154 = CARTESIAN_POINT('',(-1.570982339347,6.657398392997E-02,0.));
#10155 = CARTESIAN_POINT('',(-1.780439975542,-5.125860053872E-15,0.));
#10156 = CARTESIAN_POINT('',(-1.570982339347,-6.657398392996E-02,0.));
#10157 = CARTESIAN_POINT('',(-1.013648321406,-0.114915814637,0.));
#10158 = CARTESIAN_POINT('',(-0.283968818782,-0.134077862731,0.));
#10159 = CARTESIAN_POINT('',(0.419118143636,-0.123286408687,0.));
#10160 = CARTESIAN_POINT('',(0.939701312744,-8.975900773494E-02,0.));
#10161 = CARTESIAN_POINT('',(1.2,-4.487989505128E-02,0.));
#10162 = CARTESIAN_POINT('',(1.2,-3.917583975661E-17,0.));
#10163 = PCURVE('',#10164,#10240);
#10164 = ( BOUNDED_SURFACE() B_SPLINE_SURFACE(14,4,(
    (#10165,#10166,#10167,#10168,#10169)
    ,(#10170,#10171,#10172,#10173,#10174)
    ,(#10175,#10176,#10177,#10178,#10179)
    ,(#10180,#10181,#10182,#10183,#10184)
    ,(#10185,#10186,#10187,#10188,#10189)
    ,(#10190,#10191,#10192,#10193,#10194)
    ,(#10195,#10196,#10197,#10198,#10199)
    ,(#10200,#10201,#10202,#10203,#10204)
    ,(#10205,#10206,#10207,#10208,#10209)
    ,(#10210,#10211,#10212,#10213,#10214)
    ,(#10215,#10216,#10217,#10218,#10219)
    ,(#10220,#10221,#10222,#10223,#10224)
    ,(#10225,#10226,#10227,#10228,#10229)
    ,(#10230,#10231,#10232,#10233,#10234)
    ,(#10235,#10236,#10237,#10238,#10239
)),.UNSPECIFIED.,.T.,.F.,.F.) B_SPLINE_SURFACE_WITH_KNOTS((15,15),(5,5),
  (0.,1.),(0.,1.),.PIECEWISE_BEZIER_KNOTS.) 
GEOMETRIC_REPRESENTATION_ITEM() RATIONAL_B_SPLINE_SURFACE((
    (1.,1.,1.,1.,1.)
    ,(1.,1.,1.,1.,1.)
    ,(1.,1.,1.,1.,1.)
    ,(1.,1.,1.,1.,1.)
    ,(1.,1.,1.,1.,1.)
    ,(1.,1.,1.,1.,1.)
    ,(1.,1.,1.,1.,1.)
    ,(1.,1.,1.,1.,1.)
    ,(1.,1.,1.,1.,1.)
    ,(1.,1.,1.,1.,1.)
    ,(1.,1.,1.,1.,1.)
    ,(1.,1.,1.,1.,1.)
    ,(1.,1.,1.,1.,1.)
    ,(1.,1.,1.,1.,1.)
,(1.,1.,1.,1.,1.))) REPRESENTATION_ITEM('') SURFACE() );
#10165 = CARTESIAN_POINT('',(1.2,-3.917583975661E-17,0.));
#10166 = CARTESIAN_POINT('',(5.710390333982,5.376635966497E-16,
    1.47637891565));
#10167 = CARTESIAN_POINT('',(6.288807034851,-7.721435540979E-16,
    5.839802754449));
#10168 = CARTESIAN_POINT('',(4.675904459897,3.336023113801E-16,
    10.149889470589));
#10169 = CARTESIAN_POINT('',(0.6,7.034770873289E-17,11.5));
#10170 = CARTESIAN_POINT('',(1.2,4.487989505129E-02,0.));
#10171 = CARTESIAN_POINT('',(5.710390333984,0.102978362826,1.47637891565
    ));
#10172 = CARTESIAN_POINT('',(6.288807034851,0.179838111317,
    5.839802754449));
#10173 = CARTESIAN_POINT('',(4.675904459897,0.109993709347,
    10.149889470589));
#10174 = CARTESIAN_POINT('',(0.6,4.039190554616E-02,11.5));
#10175 = CARTESIAN_POINT('',(0.939701312744,8.975900773493E-02,0.));
#10176 = CARTESIAN_POINT('',(4.604701210406,0.205957766358,1.47637891565
    ));
#10177 = CARTESIAN_POINT('',(4.887701496892,0.35967519814,5.839802754449
    ));
#10178 = CARTESIAN_POINT('',(3.634624985597,0.219988461853,
    10.149889470589));
#10179 = CARTESIAN_POINT('',(0.383084427286,8.078310696144E-02,11.5));
#10180 = CARTESIAN_POINT('',(0.419118143636,0.123286408687,0.));
#10181 = CARTESIAN_POINT('',(2.393393755639,0.282868749534,1.47637891565
    ));
#10182 = CARTESIAN_POINT('',(2.085308012654,0.494008830232,
    5.839802754449));
#10183 = CARTESIAN_POINT('',(1.552239567121,0.302139416837,
    10.149889470589));
#10184 = CARTESIAN_POINT('',(-5.073488030353E-02,0.110957767818,11.5));
#10185 = CARTESIAN_POINT('',(-0.283968818782,0.134077862731,0.));
#10186 = CARTESIAN_POINT('',(-0.593188837285,0.307688197597,
    1.47637891565));
#10187 = CARTESIAN_POINT('',(-1.698433056328,0.537294484489,
    5.839802754449));
#10188 = CARTESIAN_POINT('',(-1.260676941847,0.328648274156,
    10.149889470589));
#10189 = CARTESIAN_POINT('',(-0.636640682318,0.120670076458,11.5));
#10190 = CARTESIAN_POINT('',(-1.013648321406,0.114915814637,0.));
#10191 = CARTESIAN_POINT('',(-3.6926118576,0.263613684569,1.47637891565)
  );
#10192 = CARTESIAN_POINT('',(-5.62825068437,0.460430973592,
    5.839802754449));
#10193 = CARTESIAN_POINT('',(-4.178648070221,0.281573780558,
    10.149889470589));
#10194 = CARTESIAN_POINT('',(-1.244706934505,0.103424233174,11.5));
#10195 = CARTESIAN_POINT('',(-1.570982339347,6.657398392997E-02,0.));
#10196 = CARTESIAN_POINT('',(-6.060191094042,0.152807760488,
    1.47637891565));
#10197 = CARTESIAN_POINT('',(-8.624434665892,0.26680685037,
    5.839802754449));
#10198 = CARTESIAN_POINT('',(-6.409864606013,0.163216462665,
    10.149889470589));
#10199 = CARTESIAN_POINT('',(-1.709151949456,5.991658553697E-02,11.5));
#10200 = CARTESIAN_POINT('',(-1.780439975542,-5.125860053872E-15,0.));
#10201 = CARTESIAN_POINT('',(-6.94971219123,1.833833178295E-12,
    1.47637891565));
#10202 = CARTESIAN_POINT('',(-9.757003842537,1.634756299472E-11,
    5.839802754449));
#10203 = CARTESIAN_POINT('',(-7.245452912683,-7.641770789895E-12,
    10.149889470589));
#10204 = CARTESIAN_POINT('',(-1.883699979618,-1.997410173768E-15,11.5));
#10205 = CARTESIAN_POINT('',(-1.570982339347,-6.657398392996E-02,0.));
#10206 = CARTESIAN_POINT('',(-6.060191094049,-0.152807760491,
    1.47637891565));
#10207 = CARTESIAN_POINT('',(-8.624434665889,-0.2668068504,
    5.839802754449));
#10208 = CARTESIAN_POINT('',(-6.409864606006,-0.163216462651,
    10.149889470589));
#10209 = CARTESIAN_POINT('',(-1.709151949456,-5.991658553697E-02,11.5));
#10210 = CARTESIAN_POINT('',(-1.013648321406,-0.114915814637,0.));
#10211 = CARTESIAN_POINT('',(-3.692611857591,-0.263613684567,
    1.47637891565));
#10212 = CARTESIAN_POINT('',(-5.628250684372,-0.460430973569,
    5.839802754449));
#10213 = CARTESIAN_POINT('',(-4.178648070233,-0.281573780569,
    10.149889470589));
#10214 = CARTESIAN_POINT('',(-1.244706934505,-0.103424233174,11.5));
#10215 = CARTESIAN_POINT('',(-0.283968818782,-0.134077862731,0.));
#10216 = CARTESIAN_POINT('',(-0.593188837291,-0.307688197599,
    1.47637891565));
#10217 = CARTESIAN_POINT('',(-1.698433056329,-0.537294484503,
    5.839802754449));
#10218 = CARTESIAN_POINT('',(-1.260676941835,-0.32864827415,
    10.149889470589));
#10219 = CARTESIAN_POINT('',(-0.636640682318,-0.120670076458,11.5));
#10220 = CARTESIAN_POINT('',(0.419118143636,-0.123286408687,0.));
#10221 = CARTESIAN_POINT('',(2.393393755642,-0.282868749533,
    1.47637891565));
#10222 = CARTESIAN_POINT('',(2.085308012656,-0.494008830225,
    5.839802754449));
#10223 = CARTESIAN_POINT('',(1.552239567113,-0.30213941684,
    10.149889470589));
#10224 = CARTESIAN_POINT('',(-5.073488030346E-02,-0.110957767818,11.5));
#10225 = CARTESIAN_POINT('',(0.939701312744,-8.975900773494E-02,0.));
#10226 = CARTESIAN_POINT('',(4.604701210405,-0.205957766358,
    1.47637891565));
#10227 = CARTESIAN_POINT('',(4.887701496891,-0.359675198142,
    5.839802754449));
#10228 = CARTESIAN_POINT('',(3.6346249856,-0.219988461852,
    10.149889470589));
#10229 = CARTESIAN_POINT('',(0.383084427286,-8.078310696145E-02,11.5));
#10230 = CARTESIAN_POINT('',(1.2,-4.487989505128E-02,0.));
#10231 = CARTESIAN_POINT('',(5.710390333984,-0.102978362826,
    1.47637891565));
#10232 = CARTESIAN_POINT('',(6.288807034852,-0.179838111317,
    5.839802754449));
#10233 = CARTESIAN_POINT('',(4.675904459896,-0.109993709347,
    10.149889470589));
#10234 = CARTESIAN_POINT('',(0.6,-4.039190554616E-02,11.5));
#10235 = CARTESIAN_POINT('',(1.2,-3.917583975661E-17,0.));
#10236 = CARTESIAN_POINT('',(5.710390333982,-6.487253913644E-16,
    1.47637891565));
#10237 = CARTESIAN_POINT('',(6.288807034851,1.42685584678E-15,
    5.839802754449));
#10238 = CARTESIAN_POINT('',(4.675904459897,-6.21459472479E-16,
    10.149889470589));
#10239 = CARTESIAN_POINT('',(0.6,-9.618574496089E-17,11.5));
#10240 = DEFINITIONAL_REPRESENTATION('',(#10241),#10245);
#10241 = LINE('',#10242,#10243);
#10242 = CARTESIAN_POINT('',(0.,0.));
#10243 = VECTOR('',#10244,1.);
#10244 = DIRECTION('',(1.,0.));
#10245 = ( GEOMETRIC_REPRESENTATION_CONTEXT(2) 
PARAMETRIC_REPRESENTATION_CONTEXT() REPRESENTATION_CONTEXT('2D SPACE',''
  ) );
#10246 = PCURVE('',#10247,#10252);
#10247 = PLANE('',#10248);
#10248 = AXIS2_PLACEMENT_3D('',#10249,#10250,#10251);
#10249 = CARTESIAN_POINT('',(1.2,-3.917583975661E-17,0.));
#10250 = DIRECTION('',(0.,0.,1.));
#10251 = DIRECTION('',(-1.,2.644248702147E-17,0.));
#10252 = DEFINITIONAL_REPRESENTATION('',(#10253),#10269);
#10253 = B_SPLINE_CURVE_WITH_KNOTS('',14,(#10254,#10255,#10256,#10257,
    #10258,#10259,#10260,#10261,#10262,#10263,#10264,#10265,#10266,
    #10267,#10268),.UNSPECIFIED.,.T.,.F.,(15,15),(0.,1.),
  .PIECEWISE_BEZIER_KNOTS.);
#10254 = CARTESIAN_POINT('',(0.,0.));
#10255 = CARTESIAN_POINT('',(1.50990331349E-14,-4.487989505129E-02));
#10256 = CARTESIAN_POINT('',(0.260298687256,-8.975900773493E-02));
#10257 = CARTESIAN_POINT('',(0.780881856364,-0.123286408687));
#10258 = CARTESIAN_POINT('',(1.483968818782,-0.134077862731));
#10259 = CARTESIAN_POINT('',(2.213648321406,-0.114915814637));
#10260 = CARTESIAN_POINT('',(2.770982339347,-6.657398392997E-02));
#10261 = CARTESIAN_POINT('',(2.980439975542,5.165494459487E-15));
#10262 = CARTESIAN_POINT('',(2.770982339347,6.657398392996E-02));
#10263 = CARTESIAN_POINT('',(2.213648321406,0.114915814637));
#10264 = CARTESIAN_POINT('',(1.483968818782,0.134077862731));
#10265 = CARTESIAN_POINT('',(0.780881856364,0.123286408687));
#10266 = CARTESIAN_POINT('',(0.260298687256,8.975900773494E-02));
#10267 = CARTESIAN_POINT('',(5.107025913276E-15,4.487989505128E-02));
#10268 = CARTESIAN_POINT('',(0.,0.));
#10269 = ( GEOMETRIC_REPRESENTATION_CONTEXT(2) 
PARAMETRIC_REPRESENTATION_CONTEXT() REPRESENTATION_CONTEXT('2D SPACE',''
  ) );
#10270 = ORIENTED_EDGE('',*,*,#10271,.T.);
#10271 = EDGE_CURVE('',#10144,#10272,#10274,.T.);
#10272 = VERTEX_POINT('',#10273);
#10273 = CARTESIAN_POINT('',(0.6,0.,11.5));
#10274 = SEAM_CURVE('',#10275,(#10281,#10288),.PCURVE_S1.);
#10275 = ( BOUNDED_CURVE() B_SPLINE_CURVE(4,(#10276,#10277,#10278,#10279
,#10280),.UNSPECIFIED.,.F.,.F.) B_SPLINE_CURVE_WITH_KNOTS((5,5),(0.,1.),
.PIECEWISE_BEZIER_KNOTS.) CURVE() GEOMETRIC_REPRESENTATION_ITEM() 
RATIONAL_B_SPLINE_CURVE((1.,1.,1.,1.,1.)) REPRESENTATION_ITEM('') );
#10276 = CARTESIAN_POINT('',(1.2,-3.917583975661E-17,0.));
#10277 = CARTESIAN_POINT('',(5.710390333982,5.376635966497E-16,
    1.47637891565));
#10278 = CARTESIAN_POINT('',(6.288807034851,-7.721435540979E-16,
    5.839802754449));
#10279 = CARTESIAN_POINT('',(4.675904459897,3.336023113801E-16,
    10.149889470589));
#10280 = CARTESIAN_POINT('',(0.6,7.034770873289E-17,11.5));
#10281 = PCURVE('',#10164,#10282);
#10282 = DEFINITIONAL_REPRESENTATION('',(#10283),#10287);
#10283 = LINE('',#10284,#10285);
#10284 = CARTESIAN_POINT('',(1.,0.));
#10285 = VECTOR('',#10286,1.);
#10286 = DIRECTION('',(0.,1.));
#10287 = ( GEOMETRIC_REPRESENTATION_CONTEXT(2) 
PARAMETRIC_REPRESENTATION_CONTEXT() REPRESENTATION_CONTEXT('2D SPACE',''
  ) );
#10288 = PCURVE('',#10164,#10289);
#10289 = DEFINITIONAL_REPRESENTATION('',(#10290),#10294);
#10290 = LINE('',#10291,#10292);
#10291 = CARTESIAN_POINT('',(0.,0.));
#10292 = VECTOR('',#10293,1.);
#10293 = DIRECTION('',(0.,1.));
#10294 = ( GEOMETRIC_REPRESENTATION_CONTEXT(2) 
PARAMETRIC_REPRESENTATION_CONTEXT() REPRESENTATION_CONTEXT('2D SPACE',''
  ) );
#10295 = ORIENTED_EDGE('',*,*,#10296,.F.);
#10296 = EDGE_CURVE('',#10272,#10272,#10297,.T.);
#10297 = SURFACE_CURVE('',#10298,(#10314,#10321),.PCURVE_S1.);
#10298 = B_SPLINE_CURVE_WITH_KNOTS('',14,(#10299,#10300,#10301,#10302,
    #10303,#10304,#10305,#10306,#10307,#10308,#10309,#10310,#10311,
    #10312,#10313),.UNSPECIFIED.,.T.,.F.,(15,15),(0.,1.),
  .PIECEWISE_BEZIER_KNOTS.);
#10299 = CARTESIAN_POINT('',(0.6,7.034770873289E-17,11.5));
#10300 = CARTESIAN_POINT('',(0.6,4.039190554616E-02,11.5));
#10301 = CARTESIAN_POINT('',(0.383084427286,8.078310696144E-02,11.5));
#10302 = CARTESIAN_POINT('',(-5.073488030353E-02,0.110957767818,11.5));
#10303 = CARTESIAN_POINT('',(-0.636640682318,0.120670076458,11.5));
#10304 = CARTESIAN_POINT('',(-1.244706934505,0.103424233174,11.5));
#10305 = CARTESIAN_POINT('',(-1.709151949456,5.991658553697E-02,11.5));
#10306 = CARTESIAN_POINT('',(-1.883699979618,-1.997410173768E-15,11.5));
#10307 = CARTESIAN_POINT('',(-1.709151949456,-5.991658553697E-02,11.5));
#10308 = CARTESIAN_POINT('',(-1.244706934505,-0.103424233174,11.5));
#10309 = CARTESIAN_POINT('',(-0.636640682318,-0.120670076458,11.5));
#10310 = CARTESIAN_POINT('',(-5.073488030346E-02,-0.110957767818,11.5));
#10311 = CARTESIAN_POINT('',(0.383084427286,-8.078310696145E-02,11.5));
#10312 = CARTESIAN_POINT('',(0.6,-4.039190554616E-02,11.5));
#10313 = CARTESIAN_POINT('',(0.6,-9.618574496089E-17,11.5));
#10314 = PCURVE('',#10164,#10315);
#10315 = DEFINITIONAL_REPRESENTATION('',(#10316),#10320);
#10316 = LINE('',#10317,#10318);
#10317 = CARTESIAN_POINT('',(0.,1.));
#10318 = VECTOR('',#10319,1.);
#10319 = DIRECTION('',(1.,0.));
#10320 = ( GEOMETRIC_REPRESENTATION_CONTEXT(2) 
PARAMETRIC_REPRESENTATION_CONTEXT() REPRESENTATION_CONTEXT('2D SPACE',''
  ) );
#10321 = PCURVE('',#10322,#10327);
#10322 = PLANE('',#10323);
#10323 = AXIS2_PLACEMENT_3D('',#10324,#10325,#10326);
#10324 = CARTESIAN_POINT('',(0.6,7.034770873289E-17,11.5));
#10325 = DIRECTION('',(0.,0.,1.));
#10326 = DIRECTION('',(-1.,-2.650023716664E-17,0.));
#10327 = DEFINITIONAL_REPRESENTATION('',(#10328),#10344);
#10328 = B_SPLINE_CURVE_WITH_KNOTS('',14,(#10329,#10330,#10331,#10332,
    #10333,#10334,#10335,#10336,#10337,#10338,#10339,#10340,#10341,
    #10342,#10343),.UNSPECIFIED.,.F.,.F.,(15,15),(0.,1.),
  .PIECEWISE_BEZIER_KNOTS.);
#10329 = CARTESIAN_POINT('',(0.,0.));
#10330 = CARTESIAN_POINT('',(4.107825191113E-14,-4.039190554616E-02));
#10331 = CARTESIAN_POINT('',(0.216915572714,-8.078310696144E-02));
#10332 = CARTESIAN_POINT('',(0.650734880304,-0.110957767818));
#10333 = CARTESIAN_POINT('',(1.236640682318,-0.120670076458));
#10334 = CARTESIAN_POINT('',(1.844706934505,-0.103424233174));
#10335 = CARTESIAN_POINT('',(2.309151949456,-5.991658553697E-02));
#10336 = CARTESIAN_POINT('',(2.483699979618,2.00193924399E-15));
#10337 = CARTESIAN_POINT('',(2.309151949456,5.991658553697E-02));
#10338 = CARTESIAN_POINT('',(1.844706934505,0.103424233174));
#10339 = CARTESIAN_POINT('',(1.236640682318,0.120670076458));
#10340 = CARTESIAN_POINT('',(0.650734880303,0.110957767818));
#10341 = CARTESIAN_POINT('',(0.216915572714,8.078310696145E-02));
#10342 = CARTESIAN_POINT('',(2.386979502944E-14,4.039190554616E-02));
#10343 = CARTESIAN_POINT('',(0.,1.665334536938E-16));
#10344 = ( GEOMETRIC_REPRESENTATION_CONTEXT(2) 
PARAMETRIC_REPRESENTATION_CONTEXT() REPRESENTATION_CONTEXT('2D SPACE',''
  ) );
#10345 = ORIENTED_EDGE('',*,*,#10271,.F.);
#10346 = ADVANCED_FACE('',(#10347),#10247,.F.);
#10347 = FACE_BOUND('',#10348,.T.);
#10348 = EDGE_LOOP('',(#10349));
#10349 = ORIENTED_EDGE('',*,*,#10143,.F.);
#10350 = ADVANCED_FACE('',(#10351),#10322,.T.);
#10351 = FACE_BOUND('',#10352,.T.);
#10352 = EDGE_LOOP('',(#10353));
#10353 = ORIENTED_EDGE('',*,*,#10296,.T.);
#10354 = ( GEOMETRIC_REPRESENTATION_CONTEXT(3) 
GLOBAL_UNCERTAINTY_ASSIGNED_CONTEXT((#10358)) 
GLOBAL_UNIT_ASSIGNED_CONTEXT((#10355,#10356,#10357)) 
REPRESENTATION_CONTEXT('Context #1',
  '3D Context with UNIT and UNCERTAINTY') );
#10355 = ( LENGTH_UNIT() NAMED_UNIT(*) SI_UNIT(.MILLI.,.METRE.) );
#10356 = ( NAMED_UNIT(*) PLANE_ANGLE_UNIT() SI_UNIT($,.RADIAN.) );
#10357 = ( NAMED_UNIT(*) SI_UNIT($,.STERADIAN.) SOLID_ANGLE_UNIT() );
#10358 = UNCERTAINTY_MEASURE_WITH_UNIT(LENGTH_MEASURE(1.E-07),#10355,
  'distance_accuracy_value','confusion accuracy');
#10359 = CONTEXT_DEPENDENT_SHAPE_REPRESENTATION(#10360,#10362);
#10360 = ( REPRESENTATION_RELATIONSHIP('','',#10136,#10) 
REPRESENTATION_RELATIONSHIP_WITH_TRANSFORMATION(#10361) 
SHAPE_REPRESENTATION_RELATIONSHIP() );
#10361 = ITEM_DEFINED_TRANSFORMATION('','',#11,#75);
#10362 = PRODUCT_DEFINITION_SHAPE('Placement','Placement of an item',
  #10363);
#10363 = NEXT_ASSEMBLY_USAGE_OCCURRENCE('16','herb_6','',#5,#10131,$);
#10364 = PRODUCT_RELATED_PRODUCT_CATEGORY('part',$,(#10133));
#10365 = SHAPE_DEFINITION_REPRESENTATION(#10366,#10372);
#10366 = PRODUCT_DEFINITION_SHAPE('','',#10367);
#10367 = PRODUCT_DEFINITION('design','',#10368,#10371);
#10368 = PRODUCT_DEFINITION_FORMATION('','',#10369);
#10369 = PRODUCT('herb_7','herb_7','',(#10370));
#10370 = PRODUCT_CONTEXT('',#2,'mechanical');
#10371 = PRODUCT_DEFINITION_CONTEXT('part definition',#2,'design');
#10372 = ADVANCED_BREP_SHAPE_REPRESENTATION('',(#11,#10373),#10590);
#10373 = MANIFOLD_SOLID_BREP('',#10374);
#10374 = CLOSED_SHELL('',(#10375,#10582,#10586));
#10375 = ADVANCED_FACE('',(#10376),#10400,.T.);
#10376 = FACE_BOUND('',#10377,.T.);
#10377 = EDGE_LOOP('',(#10378,#10506,#10531,#10581));
#10378 = ORIENTED_EDGE('',*,*,#10379,.T.);
#10379 = EDGE_CURVE('',#10380,#10380,#10382,.T.);
#10380 = VERTEX_POINT('',#10381);
#10381 = CARTESIAN_POINT('',(1.2,0.,0.));
#10382 = SURFACE_CURVE('',#10383,(#10399,#10482),.PCURVE_S1.);
#10383 = B_SPLINE_CURVE_WITH_KNOTS('',14,(#10384,#10385,#10386,#10387,
    #10388,#10389,#10390,#10391,#10392,#10393,#10394,#10395,#10396,
    #10397,#10398),.UNSPECIFIED.,.T.,.F.,(15,15),(0.,1.),
  .PIECEWISE_BEZIER_KNOTS.);
#10384 = CARTESIAN_POINT('',(1.2,-3.917583975661E-17,0.));
#10385 = CARTESIAN_POINT('',(1.2,4.487989505129E-02,0.));
#10386 = CARTESIAN_POINT('',(0.939701312744,8.975900773493E-02,0.));
#10387 = CARTESIAN_POINT('',(0.419118143636,0.123286408687,0.));
#10388 = CARTESIAN_POINT('',(-0.283968818782,0.134077862731,0.));
#10389 = CARTESIAN_POINT('',(-1.013648321406,0.114915814637,0.));
#10390 = CARTESIAN_POINT('',(-1.570982339347,6.657398392997E-02,0.));
#10391 = CARTESIAN_POINT('',(-1.780439975542,-5.125860053872E-15,0.));
#10392 = CARTESIAN_POINT('',(-1.570982339347,-6.657398392996E-02,0.));
#10393 = CARTESIAN_POINT('',(-1.013648321406,-0.114915814637,0.));
#10394 = CARTESIAN_POINT('',(-0.283968818782,-0.134077862731,0.));
#10395 = CARTESIAN_POINT('',(0.419118143636,-0.123286408687,0.));
#10396 = CARTESIAN_POINT('',(0.939701312744,-8.975900773494E-02,0.));
#10397 = CARTESIAN_POINT('',(1.2,-4.487989505128E-02,0.));
#10398 = CARTESIAN_POINT('',(1.2,-3.917583975661E-17,0.));
#10399 = PCURVE('',#10400,#10476);
#10400 = ( BOUNDED_SURFACE() B_SPLINE_SURFACE(14,4,(
    (#10401,#10402,#10403,#10404,#10405)
    ,(#10406,#10407,#10408,#10409,#10410)
    ,(#10411,#10412,#10413,#10414,#10415)
    ,(#10416,#10417,#10418,#10419,#10420)
    ,(#10421,#10422,#10423,#10424,#10425)
    ,(#10426,#10427,#10428,#10429,#10430)
    ,(#10431,#10432,#10433,#10434,#10435)
    ,(#10436,#10437,#10438,#10439,#10440)
    ,(#10441,#10442,#10443,#10444,#10445)
    ,(#10446,#10447,#10448,#10449,#10450)
    ,(#10451,#10452,#10453,#10454,#10455)
    ,(#10456,#10457,#10458,#10459,#10460)
    ,(#10461,#10462,#10463,#10464,#10465)
    ,(#10466,#10467,#10468,#10469,#10470)
    ,(#10471,#10472,#10473,#10474,#10475
)),.UNSPECIFIED.,.T.,.F.,.F.) B_SPLINE_SURFACE_WITH_KNOTS((15,15),(5,5),
  (0.,1.),(0.,1.),.PIECEWISE_BEZIER_KNOTS.) 
GEOMETRIC_REPRESENTATION_ITEM() RATIONAL_B_SPLINE_SURFACE((
    (1.,1.,1.,1.,1.)
    ,(1.,1.,1.,1.,1.)
    ,(1.,1.,1.,1.,1.)
    ,(1.,1.,1.,1.,1.)
    ,(1.,1.,1.,1.,1.)
    ,(1.,1.,1.,1.,1.)
    ,(1.,1.,1.,1.,1.)
    ,(1.,1.,1.,1.,1.)
    ,(1.,1.,1.,1.,1.)
    ,(1.,1.,1.,1.,1.)
    ,(1.,1.,1.,1.,1.)
    ,(1.,1.,1.,1.,1.)
    ,(1.,1.,1.,1.,1.)
    ,(1.,1.,1.,1.,1.)
,(1.,1.,1.,1.,1.))) REPRESENTATION_ITEM('') SURFACE() );
#10401 = CARTESIAN_POINT('',(1.2,-3.917583975661E-17,0.));
#10402 = CARTESIAN_POINT('',(5.710390333982,5.376635966497E-16,
    1.47637891565));
#10403 = CARTESIAN_POINT('',(6.288807034851,-7.721435540979E-16,
    5.839802754449));
#10404 = CARTESIAN_POINT('',(4.675904459897,3.336023113801E-16,
    10.149889470589));
#10405 = CARTESIAN_POINT('',(0.6,7.034770873289E-17,11.5));
#10406 = CARTESIAN_POINT('',(1.2,4.487989505129E-02,0.));
#10407 = CARTESIAN_POINT('',(5.710390333984,0.102978362826,1.47637891565
    ));
#10408 = CARTESIAN_POINT('',(6.288807034851,0.179838111317,
    5.839802754449));
#10409 = CARTESIAN_POINT('',(4.675904459897,0.109993709347,
    10.149889470589));
#10410 = CARTESIAN_POINT('',(0.6,4.039190554616E-02,11.5));
#10411 = CARTESIAN_POINT('',(0.939701312744,8.975900773493E-02,0.));
#10412 = CARTESIAN_POINT('',(4.604701210406,0.205957766358,1.47637891565
    ));
#10413 = CARTESIAN_POINT('',(4.887701496892,0.35967519814,5.839802754449
    ));
#10414 = CARTESIAN_POINT('',(3.634624985597,0.219988461853,
    10.149889470589));
#10415 = CARTESIAN_POINT('',(0.383084427286,8.078310696144E-02,11.5));
#10416 = CARTESIAN_POINT('',(0.419118143636,0.123286408687,0.));
#10417 = CARTESIAN_POINT('',(2.393393755639,0.282868749534,1.47637891565
    ));
#10418 = CARTESIAN_POINT('',(2.085308012654,0.494008830232,
    5.839802754449));
#10419 = CARTESIAN_POINT('',(1.552239567121,0.302139416837,
    10.149889470589));
#10420 = CARTESIAN_POINT('',(-5.073488030353E-02,0.110957767818,11.5));
#10421 = CARTESIAN_POINT('',(-0.283968818782,0.134077862731,0.));
#10422 = CARTESIAN_POINT('',(-0.593188837285,0.307688197597,
    1.47637891565));
#10423 = CARTESIAN_POINT('',(-1.698433056328,0.537294484489,
    5.839802754449));
#10424 = CARTESIAN_POINT('',(-1.260676941847,0.328648274156,
    10.149889470589));
#10425 = CARTESIAN_POINT('',(-0.636640682318,0.120670076458,11.5));
#10426 = CARTESIAN_POINT('',(-1.013648321406,0.114915814637,0.));
#10427 = CARTESIAN_POINT('',(-3.6926118576,0.263613684569,1.47637891565)
  );
#10428 = CARTESIAN_POINT('',(-5.62825068437,0.460430973592,
    5.839802754449));
#10429 = CARTESIAN_POINT('',(-4.178648070221,0.281573780558,
    10.149889470589));
#10430 = CARTESIAN_POINT('',(-1.244706934505,0.103424233174,11.5));
#10431 = CARTESIAN_POINT('',(-1.570982339347,6.657398392997E-02,0.));
#10432 = CARTESIAN_POINT('',(-6.060191094042,0.152807760488,
    1.47637891565));
#10433 = CARTESIAN_POINT('',(-8.624434665892,0.26680685037,
    5.839802754449));
#10434 = CARTESIAN_POINT('',(-6.409864606013,0.163216462665,
    10.149889470589));
#10435 = CARTESIAN_POINT('',(-1.709151949456,5.991658553697E-02,11.5));
#10436 = CARTESIAN_POINT('',(-1.780439975542,-5.125860053872E-15,0.));
#10437 = CARTESIAN_POINT('',(-6.94971219123,1.833833178295E-12,
    1.47637891565));
#10438 = CARTESIAN_POINT('',(-9.757003842537,1.634756299472E-11,
    5.839802754449));
#10439 = CARTESIAN_POINT('',(-7.245452912683,-7.641770789895E-12,
    10.149889470589));
#10440 = CARTESIAN_POINT('',(-1.883699979618,-1.997410173768E-15,11.5));
#10441 = CARTESIAN_POINT('',(-1.570982339347,-6.657398392996E-02,0.));
#10442 = CARTESIAN_POINT('',(-6.060191094049,-0.152807760491,
    1.47637891565));
#10443 = CARTESIAN_POINT('',(-8.624434665889,-0.2668068504,
    5.839802754449));
#10444 = CARTESIAN_POINT('',(-6.409864606006,-0.163216462651,
    10.149889470589));
#10445 = CARTESIAN_POINT('',(-1.709151949456,-5.991658553697E-02,11.5));
#10446 = CARTESIAN_POINT('',(-1.013648321406,-0.114915814637,0.));
#10447 = CARTESIAN_POINT('',(-3.692611857591,-0.263613684567,
    1.47637891565));
#10448 = CARTESIAN_POINT('',(-5.628250684372,-0.460430973569,
    5.839802754449));
#10449 = CARTESIAN_POINT('',(-4.178648070233,-0.281573780569,
    10.149889470589));
#10450 = CARTESIAN_POINT('',(-1.244706934505,-0.103424233174,11.5));
#10451 = CARTESIAN_POINT('',(-0.283968818782,-0.134077862731,0.));
#10452 = CARTESIAN_POINT('',(-0.593188837291,-0.307688197599,
    1.47637891565));
#10453 = CARTESIAN_POINT('',(-1.698433056329,-0.537294484503,
    5.839802754449));
#10454 = CARTESIAN_POINT('',(-1.260676941835,-0.32864827415,
    10.149889470589));
#10455 = CARTESIAN_POINT('',(-0.636640682318,-0.120670076458,11.5));
#10456 = CARTESIAN_POINT('',(0.419118143636,-0.123286408687,0.));
#10457 = CARTESIAN_POINT('',(2.393393755642,-0.282868749533,
    1.47637891565));
#10458 = CARTESIAN_POINT('',(2.085308012656,-0.494008830225,
    5.839802754449));
#10459 = CARTESIAN_POINT('',(1.552239567113,-0.30213941684,
    10.149889470589));
#10460 = CARTESIAN_POINT('',(-5.073488030346E-02,-0.110957767818,11.5));
#10461 = CARTESIAN_POINT('',(0.939701312744,-8.975900773494E-02,0.));
#10462 = CARTESIAN_POINT('',(4.604701210405,-0.205957766358,
    1.47637891565));
#10463 = CARTESIAN_POINT('',(4.887701496891,-0.359675198142,
    5.839802754449));
#10464 = CARTESIAN_POINT('',(3.6346249856,-0.219988461852,
    10.149889470589));
#10465 = CARTESIAN_POINT('',(0.383084427286,-8.078310696145E-02,11.5));
#10466 = CARTESIAN_POINT('',(1.2,-4.487989505128E-02,0.));
#10467 = CARTESIAN_POINT('',(5.710390333984,-0.102978362826,
    1.47637891565));
#10468 = CARTESIAN_POINT('',(6.288807034852,-0.179838111317,
    5.839802754449));
#10469 = CARTESIAN_POINT('',(4.675904459896,-0.109993709347,
    10.149889470589));
#10470 = CARTESIAN_POINT('',(0.6,-4.039190554616E-02,11.5));
#10471 = CARTESIAN_POINT('',(1.2,-3.917583975661E-17,0.));
#10472 = CARTESIAN_POINT('',(5.710390333982,-6.487253913644E-16,
    1.47637891565));
#10473 = CARTESIAN_POINT('',(6.288807034851,1.42685584678E-15,
    5.839802754449));
#10474 = CARTESIAN_POINT('',(4.675904459897,-6.21459472479E-16,
    10.149889470589));
#10475 = CARTESIAN_POINT('',(0.6,-9.618574496089E-17,11.5));
#10476 = DEFINITIONAL_REPRESENTATION('',(#10477),#10481);
#10477 = LINE('',#10478,#10479);
#10478 = CARTESIAN_POINT('',(0.,0.));
#10479 = VECTOR('',#10480,1.);
#10480 = DIRECTION('',(1.,0.));
#10481 = ( GEOMETRIC_REPRESENTATION_CONTEXT(2) 
PARAMETRIC_REPRESENTATION_CONTEXT() REPRESENTATION_CONTEXT('2D SPACE',''
  ) );
#10482 = PCURVE('',#10483,#10488);
#10483 = PLANE('',#10484);
#10484 = AXIS2_PLACEMENT_3D('',#10485,#10486,#10487);
#10485 = CARTESIAN_POINT('',(1.2,-3.917583975661E-17,0.));
#10486 = DIRECTION('',(0.,0.,1.));
#10487 = DIRECTION('',(-1.,2.644248702147E-17,0.));
#10488 = DEFINITIONAL_REPRESENTATION('',(#10489),#10505);
#10489 = B_SPLINE_CURVE_WITH_KNOTS('',14,(#10490,#10491,#10492,#10493,
    #10494,#10495,#10496,#10497,#10498,#10499,#10500,#10501,#10502,
    #10503,#10504),.UNSPECIFIED.,.T.,.F.,(15,15),(0.,1.),
  .PIECEWISE_BEZIER_KNOTS.);
#10490 = CARTESIAN_POINT('',(0.,0.));
#10491 = CARTESIAN_POINT('',(1.50990331349E-14,-4.487989505129E-02));
#10492 = CARTESIAN_POINT('',(0.260298687256,-8.975900773493E-02));
#10493 = CARTESIAN_POINT('',(0.780881856364,-0.123286408687));
#10494 = CARTESIAN_POINT('',(1.483968818782,-0.134077862731));
#10495 = CARTESIAN_POINT('',(2.213648321406,-0.114915814637));
#10496 = CARTESIAN_POINT('',(2.770982339347,-6.657398392997E-02));
#10497 = CARTESIAN_POINT('',(2.980439975542,5.165494459487E-15));
#10498 = CARTESIAN_POINT('',(2.770982339347,6.657398392996E-02));
#10499 = CARTESIAN_POINT('',(2.213648321406,0.114915814637));
#10500 = CARTESIAN_POINT('',(1.483968818782,0.134077862731));
#10501 = CARTESIAN_POINT('',(0.780881856364,0.123286408687));
#10502 = CARTESIAN_POINT('',(0.260298687256,8.975900773494E-02));
#10503 = CARTESIAN_POINT('',(5.107025913276E-15,4.487989505128E-02));
#10504 = CARTESIAN_POINT('',(0.,0.));
#10505 = ( GEOMETRIC_REPRESENTATION_CONTEXT(2) 
PARAMETRIC_REPRESENTATION_CONTEXT() REPRESENTATION_CONTEXT('2D SPACE',''
  ) );
#10506 = ORIENTED_EDGE('',*,*,#10507,.T.);
#10507 = EDGE_CURVE('',#10380,#10508,#10510,.T.);
#10508 = VERTEX_POINT('',#10509);
#10509 = CARTESIAN_POINT('',(0.6,0.,11.5));
#10510 = SEAM_CURVE('',#10511,(#10517,#10524),.PCURVE_S1.);
#10511 = ( BOUNDED_CURVE() B_SPLINE_CURVE(4,(#10512,#10513,#10514,#10515
,#10516),.UNSPECIFIED.,.F.,.F.) B_SPLINE_CURVE_WITH_KNOTS((5,5),(0.,1.),
.PIECEWISE_BEZIER_KNOTS.) CURVE() GEOMETRIC_REPRESENTATION_ITEM() 
RATIONAL_B_SPLINE_CURVE((1.,1.,1.,1.,1.)) REPRESENTATION_ITEM('') );
#10512 = CARTESIAN_POINT('',(1.2,-3.917583975661E-17,0.));
#10513 = CARTESIAN_POINT('',(5.710390333982,5.376635966497E-16,
    1.47637891565));
#10514 = CARTESIAN_POINT('',(6.288807034851,-7.721435540979E-16,
    5.839802754449));
#10515 = CARTESIAN_POINT('',(4.675904459897,3.336023113801E-16,
    10.149889470589));
#10516 = CARTESIAN_POINT('',(0.6,7.034770873289E-17,11.5));
#10517 = PCURVE('',#10400,#10518);
#10518 = DEFINITIONAL_REPRESENTATION('',(#10519),#10523);
#10519 = LINE('',#10520,#10521);
#10520 = CARTESIAN_POINT('',(1.,0.));
#10521 = VECTOR('',#10522,1.);
#10522 = DIRECTION('',(0.,1.));
#10523 = ( GEOMETRIC_REPRESENTATION_CONTEXT(2) 
PARAMETRIC_REPRESENTATION_CONTEXT() REPRESENTATION_CONTEXT('2D SPACE',''
  ) );
#10524 = PCURVE('',#10400,#10525);
#10525 = DEFINITIONAL_REPRESENTATION('',(#10526),#10530);
#10526 = LINE('',#10527,#10528);
#10527 = CARTESIAN_POINT('',(0.,0.));
#10528 = VECTOR('',#10529,1.);
#10529 = DIRECTION('',(0.,1.));
#10530 = ( GEOMETRIC_REPRESENTATION_CONTEXT(2) 
PARAMETRIC_REPRESENTATION_CONTEXT() REPRESENTATION_CONTEXT('2D SPACE',''
  ) );
#10531 = ORIENTED_EDGE('',*,*,#10532,.F.);
#10532 = EDGE_CURVE('',#10508,#10508,#10533,.T.);
#10533 = SURFACE_CURVE('',#10534,(#10550,#10557),.PCURVE_S1.);
#10534 = B_SPLINE_CURVE_WITH_KNOTS('',14,(#10535,#10536,#10537,#10538,
    #10539,#10540,#10541,#10542,#10543,#10544,#10545,#10546,#10547,
    #10548,#10549),.UNSPECIFIED.,.T.,.F.,(15,15),(0.,1.),
  .PIECEWISE_BEZIER_KNOTS.);
#10535 = CARTESIAN_POINT('',(0.6,7.034770873289E-17,11.5));
#10536 = CARTESIAN_POINT('',(0.6,4.039190554616E-02,11.5));
#10537 = CARTESIAN_POINT('',(0.383084427286,8.078310696144E-02,11.5));
#10538 = CARTESIAN_POINT('',(-5.073488030353E-02,0.110957767818,11.5));
#10539 = CARTESIAN_POINT('',(-0.636640682318,0.120670076458,11.5));
#10540 = CARTESIAN_POINT('',(-1.244706934505,0.103424233174,11.5));
#10541 = CARTESIAN_POINT('',(-1.709151949456,5.991658553697E-02,11.5));
#10542 = CARTESIAN_POINT('',(-1.883699979618,-1.997410173768E-15,11.5));
#10543 = CARTESIAN_POINT('',(-1.709151949456,-5.991658553697E-02,11.5));
#10544 = CARTESIAN_POINT('',(-1.244706934505,-0.103424233174,11.5));
#10545 = CARTESIAN_POINT('',(-0.636640682318,-0.120670076458,11.5));
#10546 = CARTESIAN_POINT('',(-5.073488030346E-02,-0.110957767818,11.5));
#10547 = CARTESIAN_POINT('',(0.383084427286,-8.078310696145E-02,11.5));
#10548 = CARTESIAN_POINT('',(0.6,-4.039190554616E-02,11.5));
#10549 = CARTESIAN_POINT('',(0.6,-9.618574496089E-17,11.5));
#10550 = PCURVE('',#10400,#10551);
#10551 = DEFINITIONAL_REPRESENTATION('',(#10552),#10556);
#10552 = LINE('',#10553,#10554);
#10553 = CARTESIAN_POINT('',(0.,1.));
#10554 = VECTOR('',#10555,1.);
#10555 = DIRECTION('',(1.,0.));
#10556 = ( GEOMETRIC_REPRESENTATION_CONTEXT(2) 
PARAMETRIC_REPRESENTATION_CONTEXT() REPRESENTATION_CONTEXT('2D SPACE',''
  ) );
#10557 = PCURVE('',#10558,#10563);
#10558 = PLANE('',#10559);
#10559 = AXIS2_PLACEMENT_3D('',#10560,#10561,#10562);
#10560 = CARTESIAN_POINT('',(0.6,7.034770873289E-17,11.5));
#10561 = DIRECTION('',(0.,0.,1.));
#10562 = DIRECTION('',(-1.,-2.650023716664E-17,0.));
#10563 = DEFINITIONAL_REPRESENTATION('',(#10564),#10580);
#10564 = B_SPLINE_CURVE_WITH_KNOTS('',14,(#10565,#10566,#10567,#10568,
    #10569,#10570,#10571,#10572,#10573,#10574,#10575,#10576,#10577,
    #10578,#10579),.UNSPECIFIED.,.F.,.F.,(15,15),(0.,1.),
  .PIECEWISE_BEZIER_KNOTS.);
#10565 = CARTESIAN_POINT('',(0.,0.));
#10566 = CARTESIAN_POINT('',(4.107825191113E-14,-4.039190554616E-02));
#10567 = CARTESIAN_POINT('',(0.216915572714,-8.078310696144E-02));
#10568 = CARTESIAN_POINT('',(0.650734880304,-0.110957767818));
#10569 = CARTESIAN_POINT('',(1.236640682318,-0.120670076458));
#10570 = CARTESIAN_POINT('',(1.844706934505,-0.103424233174));
#10571 = CARTESIAN_POINT('',(2.309151949456,-5.991658553697E-02));
#10572 = CARTESIAN_POINT('',(2.483699979618,2.00193924399E-15));
#10573 = CARTESIAN_POINT('',(2.309151949456,5.991658553697E-02));
#10574 = CARTESIAN_POINT('',(1.844706934505,0.103424233174));
#10575 = CARTESIAN_POINT('',(1.236640682318,0.120670076458));
#10576 = CARTESIAN_POINT('',(0.650734880303,0.110957767818));
#10577 = CARTESIAN_POINT('',(0.216915572714,8.078310696145E-02));
#10578 = CARTESIAN_POINT('',(2.386979502944E-14,4.039190554616E-02));
#10579 = CARTESIAN_POINT('',(0.,1.665334536938E-16));
#10580 = ( GEOMETRIC_REPRESENTATION_CONTEXT(2) 
PARAMETRIC_REPRESENTATION_CONTEXT() REPRESENTATION_CONTEXT('2D SPACE',''
  ) );
#10581 = ORIENTED_EDGE('',*,*,#10507,.F.);
#10582 = ADVANCED_FACE('',(#10583),#10483,.F.);
#10583 = FACE_BOUND('',#10584,.T.);
#10584 = EDGE_LOOP('',(#10585));
#10585 = ORIENTED_EDGE('',*,*,#10379,.F.);
#10586 = ADVANCED_FACE('',(#10587),#10558,.T.);
#10587 = FACE_BOUND('',#10588,.T.);
#10588 = EDGE_LOOP('',(#10589));
#10589 = ORIENTED_EDGE('',*,*,#10532,.T.);
#10590 = ( GEOMETRIC_REPRESENTATION_CONTEXT(3) 
GLOBAL_UNCERTAINTY_ASSIGNED_CONTEXT((#10594)) 
GLOBAL_UNIT_ASSIGNED_CONTEXT((#10591,#10592,#10593)) 
REPRESENTATION_CONTEXT('Context #1',
  '3D Context with UNIT and UNCERTAINTY') );
#10591 = ( LENGTH_UNIT() NAMED_UNIT(*) SI_UNIT(.MILLI.,.METRE.) );
#10592 = ( NAMED_UNIT(*) PLANE_ANGLE_UNIT() SI_UNIT($,.RADIAN.) );
#10593 = ( NAMED_UNIT(*) SI_UNIT($,.STERADIAN.) SOLID_ANGLE_UNIT() );
#10594 = UNCERTAINTY_MEASURE_WITH_UNIT(LENGTH_MEASURE(1.E-07),#10591,
  'distance_accuracy_value','confusion accuracy');
#10595 = CONTEXT_DEPENDENT_SHAPE_REPRESENTATION(#10596,#10598);
#10596 = ( REPRESENTATION_RELATIONSHIP('','',#10372,#10) 
REPRESENTATION_RELATIONSHIP_WITH_TRANSFORMATION(#10597) 
SHAPE_REPRESENTATION_RELATIONSHIP() );
#10597 = ITEM_DEFINED_TRANSFORMATION('','',#11,#79);
#10598 = PRODUCT_DEFINITION_SHAPE('Placement','Placement of an item',
  #10599);
#10599 = NEXT_ASSEMBLY_USAGE_OCCURRENCE('17','herb_7','',#5,#10367,$);
#10600 = PRODUCT_RELATED_PRODUCT_CATEGORY('part',$,(#10369));
#10601 = SHAPE_DEFINITION_REPRESENTATION(#10602,#10608);
#10602 = PRODUCT_DEFINITION_SHAPE('','',#10603);
#10603 = PRODUCT_DEFINITION('design','',#10604,#10607);
#10604 = PRODUCT_DEFINITION_FORMATION('','',#10605);
#10605 = PRODUCT('herb_8','herb_8','',(#10606));
#10606 = PRODUCT_CONTEXT('',#2,'mechanical');
#10607 = PRODUCT_DEFINITION_CONTEXT('part definition',#2,'design');
#10608 = ADVANCED_BREP_SHAPE_REPRESENTATION('',(#11,#10609),#10826);
#10609 = MANIFOLD_SOLID_BREP('',#10610);
#10610 = CLOSED_SHELL('',(#10611,#10818,#10822));
#10611 = ADVANCED_FACE('',(#10612),#10636,.T.);
#10612 = FACE_BOUND('',#10613,.T.);
#10613 = EDGE_LOOP('',(#10614,#10742,#10767,#10817));
#10614 = ORIENTED_EDGE('',*,*,#10615,.T.);
#10615 = EDGE_CURVE('',#10616,#10616,#10618,.T.);
#10616 = VERTEX_POINT('',#10617);
#10617 = CARTESIAN_POINT('',(1.2,0.,0.));
#10618 = SURFACE_CURVE('',#10619,(#10635,#10718),.PCURVE_S1.);
#10619 = B_SPLINE_CURVE_WITH_KNOTS('',14,(#10620,#10621,#10622,#10623,
    #10624,#10625,#10626,#10627,#10628,#10629,#10630,#10631,#10632,
    #10633,#10634),.UNSPECIFIED.,.T.,.F.,(15,15),(0.,1.),
  .PIECEWISE_BEZIER_KNOTS.);
#10620 = CARTESIAN_POINT('',(1.2,-3.917583975661E-17,0.));
#10621 = CARTESIAN_POINT('',(1.2,4.487989505129E-02,0.));
#10622 = CARTESIAN_POINT('',(0.939701312744,8.975900773493E-02,0.));
#10623 = CARTESIAN_POINT('',(0.419118143636,0.123286408687,0.));
#10624 = CARTESIAN_POINT('',(-0.283968818782,0.134077862731,0.));
#10625 = CARTESIAN_POINT('',(-1.013648321406,0.114915814637,0.));
#10626 = CARTESIAN_POINT('',(-1.570982339347,6.657398392997E-02,0.));
#10627 = CARTESIAN_POINT('',(-1.780439975542,-5.125860053872E-15,0.));
#10628 = CARTESIAN_POINT('',(-1.570982339347,-6.657398392996E-02,0.));
#10629 = CARTESIAN_POINT('',(-1.013648321406,-0.114915814637,0.));
#10630 = CARTESIAN_POINT('',(-0.283968818782,-0.134077862731,0.));
#10631 = CARTESIAN_POINT('',(0.419118143636,-0.123286408687,0.));
#10632 = CARTESIAN_POINT('',(0.939701312744,-8.975900773494E-02,0.));
#10633 = CARTESIAN_POINT('',(1.2,-4.487989505128E-02,0.));
#10634 = CARTESIAN_POINT('',(1.2,-3.917583975661E-17,0.));
#10635 = PCURVE('',#10636,#10712);
#10636 = ( BOUNDED_SURFACE() B_SPLINE_SURFACE(14,4,(
    (#10637,#10638,#10639,#10640,#10641)
    ,(#10642,#10643,#10644,#10645,#10646)
    ,(#10647,#10648,#10649,#10650,#10651)
    ,(#10652,#10653,#10654,#10655,#10656)
    ,(#10657,#10658,#10659,#10660,#10661)
    ,(#10662,#10663,#10664,#10665,#10666)
    ,(#10667,#10668,#10669,#10670,#10671)
    ,(#10672,#10673,#10674,#10675,#10676)
    ,(#10677,#10678,#10679,#10680,#10681)
    ,(#10682,#10683,#10684,#10685,#10686)
    ,(#10687,#10688,#10689,#10690,#10691)
    ,(#10692,#10693,#10694,#10695,#10696)
    ,(#10697,#10698,#10699,#10700,#10701)
    ,(#10702,#10703,#10704,#10705,#10706)
    ,(#10707,#10708,#10709,#10710,#10711
)),.UNSPECIFIED.,.T.,.F.,.F.) B_SPLINE_SURFACE_WITH_KNOTS((15,15),(5,5),
  (0.,1.),(0.,1.),.PIECEWISE_BEZIER_KNOTS.) 
GEOMETRIC_REPRESENTATION_ITEM() RATIONAL_B_SPLINE_SURFACE((
    (1.,1.,1.,1.,1.)
    ,(1.,1.,1.,1.,1.)
    ,(1.,1.,1.,1.,1.)
    ,(1.,1.,1.,1.,1.)
    ,(1.,1.,1.,1.,1.)
    ,(1.,1.,1.,1.,1.)
    ,(1.,1.,1.,1.,1.)
    ,(1.,1.,1.,1.,1.)
    ,(1.,1.,1.,1.,1.)
    ,(1.,1.,1.,1.,1.)
    ,(1.,1.,1.,1.,1.)
    ,(1.,1.,1.,1.,1.)
    ,(1.,1.,1.,1.,1.)
    ,(1.,1.,1.,1.,1.)
,(1.,1.,1.,1.,1.))) REPRESENTATION_ITEM('') SURFACE() );
#10637 = CARTESIAN_POINT('',(1.2,-3.917583975661E-17,0.));
#10638 = CARTESIAN_POINT('',(5.710390333982,5.376635966497E-16,
    1.47637891565));
#10639 = CARTESIAN_POINT('',(6.288807034851,-7.721435540979E-16,
    5.839802754449));
#10640 = CARTESIAN_POINT('',(4.675904459897,3.336023113801E-16,
    10.149889470589));
#10641 = CARTESIAN_POINT('',(0.6,7.034770873289E-17,11.5));
#10642 = CARTESIAN_POINT('',(1.2,4.487989505129E-02,0.));
#10643 = CARTESIAN_POINT('',(5.710390333984,0.102978362826,1.47637891565
    ));
#10644 = CARTESIAN_POINT('',(6.288807034851,0.179838111317,
    5.839802754449));
#10645 = CARTESIAN_POINT('',(4.675904459897,0.109993709347,
    10.149889470589));
#10646 = CARTESIAN_POINT('',(0.6,4.039190554616E-02,11.5));
#10647 = CARTESIAN_POINT('',(0.939701312744,8.975900773493E-02,0.));
#10648 = CARTESIAN_POINT('',(4.604701210406,0.205957766358,1.47637891565
    ));
#10649 = CARTESIAN_POINT('',(4.887701496892,0.35967519814,5.839802754449
    ));
#10650 = CARTESIAN_POINT('',(3.634624985597,0.219988461853,
    10.149889470589));
#10651 = CARTESIAN_POINT('',(0.383084427286,8.078310696144E-02,11.5));
#10652 = CARTESIAN_POINT('',(0.419118143636,0.123286408687,0.));
#10653 = CARTESIAN_POINT('',(2.393393755639,0.282868749534,1.47637891565
    ));
#10654 = CARTESIAN_POINT('',(2.085308012654,0.494008830232,
    5.839802754449));
#10655 = CARTESIAN_POINT('',(1.552239567121,0.302139416837,
    10.149889470589));
#10656 = CARTESIAN_POINT('',(-5.073488030353E-02,0.110957767818,11.5));
#10657 = CARTESIAN_POINT('',(-0.283968818782,0.134077862731,0.));
#10658 = CARTESIAN_POINT('',(-0.593188837285,0.307688197597,
    1.47637891565));
#10659 = CARTESIAN_POINT('',(-1.698433056328,0.537294484489,
    5.839802754449));
#10660 = CARTESIAN_POINT('',(-1.260676941847,0.328648274156,
    10.149889470589));
#10661 = CARTESIAN_POINT('',(-0.636640682318,0.120670076458,11.5));
#10662 = CARTESIAN_POINT('',(-1.013648321406,0.114915814637,0.));
#10663 = CARTESIAN_POINT('',(-3.6926118576,0.263613684569,1.47637891565)
  );
#10664 = CARTESIAN_POINT('',(-5.62825068437,0.460430973592,
    5.839802754449));
#10665 = CARTESIAN_POINT('',(-4.178648070221,0.281573780558,
    10.149889470589));
#10666 = CARTESIAN_POINT('',(-1.244706934505,0.103424233174,11.5));
#10667 = CARTESIAN_POINT('',(-1.570982339347,6.657398392997E-02,0.));
#10668 = CARTESIAN_POINT('',(-6.060191094042,0.152807760488,
    1.47637891565));
#10669 = CARTESIAN_POINT('',(-8.624434665892,0.26680685037,
    5.839802754449));
#10670 = CARTESIAN_POINT('',(-6.409864606013,0.163216462665,
    10.149889470589));
#10671 = CARTESIAN_POINT('',(-1.709151949456,5.991658553697E-02,11.5));
#10672 = CARTESIAN_POINT('',(-1.780439975542,-5.125860053872E-15,0.));
#10673 = CARTESIAN_POINT('',(-6.94971219123,1.833833178295E-12,
    1.47637891565));
#10674 = CARTESIAN_POINT('',(-9.757003842537,1.634756299472E-11,
    5.839802754449));
#10675 = CARTESIAN_POINT('',(-7.245452912683,-7.641770789895E-12,
    10.149889470589));
#10676 = CARTESIAN_POINT('',(-1.883699979618,-1.997410173768E-15,11.5));
#10677 = CARTESIAN_POINT('',(-1.570982339347,-6.657398392996E-02,0.));
#10678 = CARTESIAN_POINT('',(-6.060191094049,-0.152807760491,
    1.47637891565));
#10679 = CARTESIAN_POINT('',(-8.624434665889,-0.2668068504,
    5.839802754449));
#10680 = CARTESIAN_POINT('',(-6.409864606006,-0.163216462651,
    10.149889470589));
#10681 = CARTESIAN_POINT('',(-1.709151949456,-5.991658553697E-02,11.5));
#10682 = CARTESIAN_POINT('',(-1.013648321406,-0.114915814637,0.));
#10683 = CARTESIAN_POINT('',(-3.692611857591,-0.263613684567,
    1.47637891565));
#10684 = CARTESIAN_POINT('',(-5.628250684372,-0.460430973569,
    5.839802754449));
#10685 = CARTESIAN_POINT('',(-4.178648070233,-0.281573780569,
    10.149889470589));
#10686 = CARTESIAN_POINT('',(-1.244706934505,-0.103424233174,11.5));
#10687 = CARTESIAN_POINT('',(-0.283968818782,-0.134077862731,0.));
#10688 = CARTESIAN_POINT('',(-0.593188837291,-0.307688197599,
    1.47637891565));
#10689 = CARTESIAN_POINT('',(-1.698433056329,-0.537294484503,
    5.839802754449));
#10690 = CARTESIAN_POINT('',(-1.260676941835,-0.32864827415,
    10.149889470589));
#10691 = CARTESIAN_POINT('',(-0.636640682318,-0.120670076458,11.5));
#10692 = CARTESIAN_POINT('',(0.419118143636,-0.123286408687,0.));
#10693 = CARTESIAN_POINT('',(2.393393755642,-0.282868749533,
    1.47637891565));
#10694 = CARTESIAN_POINT('',(2.085308012656,-0.494008830225,
    5.839802754449));
#10695 = CARTESIAN_POINT('',(1.552239567113,-0.30213941684,
    10.149889470589));
#10696 = CARTESIAN_POINT('',(-5.073488030346E-02,-0.110957767818,11.5));
#10697 = CARTESIAN_POINT('',(0.939701312744,-8.975900773494E-02,0.));
#10698 = CARTESIAN_POINT('',(4.604701210405,-0.205957766358,
    1.47637891565));
#10699 = CARTESIAN_POINT('',(4.887701496891,-0.359675198142,
    5.839802754449));
#10700 = CARTESIAN_POINT('',(3.6346249856,-0.219988461852,
    10.149889470589));
#10701 = CARTESIAN_POINT('',(0.383084427286,-8.078310696145E-02,11.5));
#10702 = CARTESIAN_POINT('',(1.2,-4.487989505128E-02,0.));
#10703 = CARTESIAN_POINT('',(5.710390333984,-0.102978362826,
    1.47637891565));
#10704 = CARTESIAN_POINT('',(6.288807034852,-0.179838111317,
    5.839802754449));
#10705 = CARTESIAN_POINT('',(4.675904459896,-0.109993709347,
    10.149889470589));
#10706 = CARTESIAN_POINT('',(0.6,-4.039190554616E-02,11.5));
#10707 = CARTESIAN_POINT('',(1.2,-3.917583975661E-17,0.));
#10708 = CARTESIAN_POINT('',(5.710390333982,-6.487253913644E-16,
    1.47637891565));
#10709 = CARTESIAN_POINT('',(6.288807034851,1.42685584678E-15,
    5.839802754449));
#10710 = CARTESIAN_POINT('',(4.675904459897,-6.21459472479E-16,
    10.149889470589));
#10711 = CARTESIAN_POINT('',(0.6,-9.618574496089E-17,11.5));
#10712 = DEFINITIONAL_REPRESENTATION('',(#10713),#10717);
#10713 = LINE('',#10714,#10715);
#10714 = CARTESIAN_POINT('',(0.,0.));
#10715 = VECTOR('',#10716,1.);
#10716 = DIRECTION('',(1.,0.));
#10717 = ( GEOMETRIC_REPRESENTATION_CONTEXT(2) 
PARAMETRIC_REPRESENTATION_CONTEXT() REPRESENTATION_CONTEXT('2D SPACE',''
  ) );
#10718 = PCURVE('',#10719,#10724);
#10719 = PLANE('',#10720);
#10720 = AXIS2_PLACEMENT_3D('',#10721,#10722,#10723);
#10721 = CARTESIAN_POINT('',(1.2,-3.917583975661E-17,0.));
#10722 = DIRECTION('',(0.,0.,1.));
#10723 = DIRECTION('',(-1.,2.644248702147E-17,0.));
#10724 = DEFINITIONAL_REPRESENTATION('',(#10725),#10741);
#10725 = B_SPLINE_CURVE_WITH_KNOTS('',14,(#10726,#10727,#10728,#10729,
    #10730,#10731,#10732,#10733,#10734,#10735,#10736,#10737,#10738,
    #10739,#10740),.UNSPECIFIED.,.T.,.F.,(15,15),(0.,1.),
  .PIECEWISE_BEZIER_KNOTS.);
#10726 = CARTESIAN_POINT('',(0.,0.));
#10727 = CARTESIAN_POINT('',(1.50990331349E-14,-4.487989505129E-02));
#10728 = CARTESIAN_POINT('',(0.260298687256,-8.975900773493E-02));
#10729 = CARTESIAN_POINT('',(0.780881856364,-0.123286408687));
#10730 = CARTESIAN_POINT('',(1.483968818782,-0.134077862731));
#10731 = CARTESIAN_POINT('',(2.213648321406,-0.114915814637));
#10732 = CARTESIAN_POINT('',(2.770982339347,-6.657398392997E-02));
#10733 = CARTESIAN_POINT('',(2.980439975542,5.165494459487E-15));
#10734 = CARTESIAN_POINT('',(2.770982339347,6.657398392996E-02));
#10735 = CARTESIAN_POINT('',(2.213648321406,0.114915814637));
#10736 = CARTESIAN_POINT('',(1.483968818782,0.134077862731));
#10737 = CARTESIAN_POINT('',(0.780881856364,0.123286408687));
#10738 = CARTESIAN_POINT('',(0.260298687256,8.975900773494E-02));
#10739 = CARTESIAN_POINT('',(5.107025913276E-15,4.487989505128E-02));
#10740 = CARTESIAN_POINT('',(0.,0.));
#10741 = ( GEOMETRIC_REPRESENTATION_CONTEXT(2) 
PARAMETRIC_REPRESENTATION_CONTEXT() REPRESENTATION_CONTEXT('2D SPACE',''
  ) );
#10742 = ORIENTED_EDGE('',*,*,#10743,.T.);
#10743 = EDGE_CURVE('',#10616,#10744,#10746,.T.);
#10744 = VERTEX_POINT('',#10745);
#10745 = CARTESIAN_POINT('',(0.6,0.,11.5));
#10746 = SEAM_CURVE('',#10747,(#10753,#10760),.PCURVE_S1.);
#10747 = ( BOUNDED_CURVE() B_SPLINE_CURVE(4,(#10748,#10749,#10750,#10751
,#10752),.UNSPECIFIED.,.F.,.F.) B_SPLINE_CURVE_WITH_KNOTS((5,5),(0.,1.),
.PIECEWISE_BEZIER_KNOTS.) CURVE() GEOMETRIC_REPRESENTATION_ITEM() 
RATIONAL_B_SPLINE_CURVE((1.,1.,1.,1.,1.)) REPRESENTATION_ITEM('') );
#10748 = CARTESIAN_POINT('',(1.2,-3.917583975661E-17,0.));
#10749 = CARTESIAN_POINT('',(5.710390333982,5.376635966497E-16,
    1.47637891565));
#10750 = CARTESIAN_POINT('',(6.288807034851,-7.721435540979E-16,
    5.839802754449));
#10751 = CARTESIAN_POINT('',(4.675904459897,3.336023113801E-16,
    10.149889470589));
#10752 = CARTESIAN_POINT('',(0.6,7.034770873289E-17,11.5));
#10753 = PCURVE('',#10636,#10754);
#10754 = DEFINITIONAL_REPRESENTATION('',(#10755),#10759);
#10755 = LINE('',#10756,#10757);
#10756 = CARTESIAN_POINT('',(1.,0.));
#10757 = VECTOR('',#10758,1.);
#10758 = DIRECTION('',(0.,1.));
#10759 = ( GEOMETRIC_REPRESENTATION_CONTEXT(2) 
PARAMETRIC_REPRESENTATION_CONTEXT() REPRESENTATION_CONTEXT('2D SPACE',''
  ) );
#10760 = PCURVE('',#10636,#10761);
#10761 = DEFINITIONAL_REPRESENTATION('',(#10762),#10766);
#10762 = LINE('',#10763,#10764);
#10763 = CARTESIAN_POINT('',(0.,0.));
#10764 = VECTOR('',#10765,1.);
#10765 = DIRECTION('',(0.,1.));
#10766 = ( GEOMETRIC_REPRESENTATION_CONTEXT(2) 
PARAMETRIC_REPRESENTATION_CONTEXT() REPRESENTATION_CONTEXT('2D SPACE',''
  ) );
#10767 = ORIENTED_EDGE('',*,*,#10768,.F.);
#10768 = EDGE_CURVE('',#10744,#10744,#10769,.T.);
#10769 = SURFACE_CURVE('',#10770,(#10786,#10793),.PCURVE_S1.);
#10770 = B_SPLINE_CURVE_WITH_KNOTS('',14,(#10771,#10772,#10773,#10774,
    #10775,#10776,#10777,#10778,#10779,#10780,#10781,#10782,#10783,
    #10784,#10785),.UNSPECIFIED.,.T.,.F.,(15,15),(0.,1.),
  .PIECEWISE_BEZIER_KNOTS.);
#10771 = CARTESIAN_POINT('',(0.6,7.034770873289E-17,11.5));
#10772 = CARTESIAN_POINT('',(0.6,4.039190554616E-02,11.5));
#10773 = CARTESIAN_POINT('',(0.383084427286,8.078310696144E-02,11.5));
#10774 = CARTESIAN_POINT('',(-5.073488030353E-02,0.110957767818,11.5));
#10775 = CARTESIAN_POINT('',(-0.636640682318,0.120670076458,11.5));
#10776 = CARTESIAN_POINT('',(-1.244706934505,0.103424233174,11.5));
#10777 = CARTESIAN_POINT('',(-1.709151949456,5.991658553697E-02,11.5));
#10778 = CARTESIAN_POINT('',(-1.883699979618,-1.997410173768E-15,11.5));
#10779 = CARTESIAN_POINT('',(-1.709151949456,-5.991658553697E-02,11.5));
#10780 = CARTESIAN_POINT('',(-1.244706934505,-0.103424233174,11.5));
#10781 = CARTESIAN_POINT('',(-0.636640682318,-0.120670076458,11.5));
#10782 = CARTESIAN_POINT('',(-5.073488030346E-02,-0.110957767818,11.5));
#10783 = CARTESIAN_POINT('',(0.383084427286,-8.078310696145E-02,11.5));
#10784 = CARTESIAN_POINT('',(0.6,-4.039190554616E-02,11.5));
#10785 = CARTESIAN_POINT('',(0.6,-9.618574496089E-17,11.5));
#10786 = PCURVE('',#10636,#10787);
#10787 = DEFINITIONAL_REPRESENTATION('',(#10788),#10792);
#10788 = LINE('',#10789,#10790);
#10789 = CARTESIAN_POINT('',(0.,1.));
#10790 = VECTOR('',#10791,1.);
#10791 = DIRECTION('',(1.,0.));
#10792 = ( GEOMETRIC_REPRESENTATION_CONTEXT(2) 
PARAMETRIC_REPRESENTATION_CONTEXT() REPRESENTATION_CONTEXT('2D SPACE',''
  ) );
#10793 = PCURVE('',#10794,#10799);
#10794 = PLANE('',#10795);
#10795 = AXIS2_PLACEMENT_3D('',#10796,#10797,#10798);
#10796 = CARTESIAN_POINT('',(0.6,7.034770873289E-17,11.5));
#10797 = DIRECTION('',(0.,0.,1.));
#10798 = DIRECTION('',(-1.,-2.650023716664E-17,0.));
#10799 = DEFINITIONAL_REPRESENTATION('',(#10800),#10816);
#10800 = B_SPLINE_CURVE_WITH_KNOTS('',14,(#10801,#10802,#10803,#10804,
    #10805,#10806,#10807,#10808,#10809,#10810,#10811,#10812,#10813,
    #10814,#10815),.UNSPECIFIED.,.F.,.F.,(15,15),(0.,1.),
  .PIECEWISE_BEZIER_KNOTS.);
#10801 = CARTESIAN_POINT('',(0.,0.));
#10802 = CARTESIAN_POINT('',(4.107825191113E-14,-4.039190554616E-02));
#10803 = CARTESIAN_POINT('',(0.216915572714,-8.078310696144E-02));
#10804 = CARTESIAN_POINT('',(0.650734880304,-0.110957767818));
#10805 = CARTESIAN_POINT('',(1.236640682318,-0.120670076458));
#10806 = CARTESIAN_POINT('',(1.844706934505,-0.103424233174));
#10807 = CARTESIAN_POINT('',(2.309151949456,-5.991658553697E-02));
#10808 = CARTESIAN_POINT('',(2.483699979618,2.00193924399E-15));
#10809 = CARTESIAN_POINT('',(2.309151949456,5.991658553697E-02));
#10810 = CARTESIAN_POINT('',(1.844706934505,0.103424233174));
#10811 = CARTESIAN_POINT('',(1.236640682318,0.120670076458));
#10812 = CARTESIAN_POINT('',(0.650734880303,0.110957767818));
#10813 = CARTESIAN_POINT('',(0.216915572714,8.078310696145E-02));
#10814 = CARTESIAN_POINT('',(2.386979502944E-14,4.039190554616E-02));
#10815 = CARTESIAN_POINT('',(0.,1.665334536938E-16));
#10816 = ( GEOMETRIC_REPRESENTATION_CONTEXT(2) 
PARAMETRIC_REPRESENTATION_CONTEXT() REPRESENTATION_CONTEXT('2D SPACE',''
  ) );
#10817 = ORIENTED_EDGE('',*,*,#10743,.F.);
#10818 = ADVANCED_FACE('',(#10819),#10719,.F.);
#10819 = FACE_BOUND('',#10820,.T.);
#10820 = EDGE_LOOP('',(#10821));
#10821 = ORIENTED_EDGE('',*,*,#10615,.F.);
#10822 = ADVANCED_FACE('',(#10823),#10794,.T.);
#10823 = FACE_BOUND('',#10824,.T.);
#10824 = EDGE_LOOP('',(#10825));
#10825 = ORIENTED_EDGE('',*,*,#10768,.T.);
#10826 = ( GEOMETRIC_REPRESENTATION_CONTEXT(3) 
GLOBAL_UNCERTAINTY_ASSIGNED_CONTEXT((#10830)) 
GLOBAL_UNIT_ASSIGNED_CONTEXT((#10827,#10828,#10829)) 
REPRESENTATION_CONTEXT('Context #1',
  '3D Context with UNIT and UNCERTAINTY') );
#10827 = ( LENGTH_UNIT() NAMED_UNIT(*) SI_UNIT(.MILLI.,.METRE.) );
#10828 = ( NAMED_UNIT(*) PLANE_ANGLE_UNIT() SI_UNIT($,.RADIAN.) );
#10829 = ( NAMED_UNIT(*) SI_UNIT($,.STERADIAN.) SOLID_ANGLE_UNIT() );
#10830 = UNCERTAINTY_MEASURE_WITH_UNIT(LENGTH_MEASURE(1.E-07),#10827,
  'distance_accuracy_value','confusion accuracy');
#10831 = CONTEXT_DEPENDENT_SHAPE_REPRESENTATION(#10832,#10834);
#10832 = ( REPRESENTATION_RELATIONSHIP('','',#10608,#10) 
REPRESENTATION_RELATIONSHIP_WITH_TRANSFORMATION(#10833) 
SHAPE_REPRESENTATION_RELATIONSHIP() );
#10833 = ITEM_DEFINED_TRANSFORMATION('','',#11,#83);
#10834 = PRODUCT_DEFINITION_SHAPE('Placement','Placement of an item',
  #10835);
#10835 = NEXT_ASSEMBLY_USAGE_OCCURRENCE('18','herb_8','',#5,#10603,$);
#10836 = PRODUCT_RELATED_PRODUCT_CATEGORY('part',$,(#10605));
#10837 = SHAPE_DEFINITION_REPRESENTATION(#10838,#10844);
#10838 = PRODUCT_DEFINITION_SHAPE('','',#10839);
#10839 = PRODUCT_DEFINITION('design','',#10840,#10843);
#10840 = PRODUCT_DEFINITION_FORMATION('','',#10841);
#10841 = PRODUCT('herb_9','herb_9','',(#10842));
#10842 = PRODUCT_CONTEXT('',#2,'mechanical');
#10843 = PRODUCT_DEFINITION_CONTEXT('part definition',#2,'design');
#10844 = ADVANCED_BREP_SHAPE_REPRESENTATION('',(#11,#10845),#11062);
#10845 = MANIFOLD_SOLID_BREP('',#10846);
#10846 = CLOSED_SHELL('',(#10847,#11054,#11058));
#10847 = ADVANCED_FACE('',(#10848),#10872,.T.);
#10848 = FACE_BOUND('',#10849,.T.);
#10849 = EDGE_LOOP('',(#10850,#10978,#11003,#11053));
#10850 = ORIENTED_EDGE('',*,*,#10851,.T.);
#10851 = EDGE_CURVE('',#10852,#10852,#10854,.T.);
#10852 = VERTEX_POINT('',#10853);
#10853 = CARTESIAN_POINT('',(1.2,0.,0.));
#10854 = SURFACE_CURVE('',#10855,(#10871,#10954),.PCURVE_S1.);
#10855 = B_SPLINE_CURVE_WITH_KNOTS('',14,(#10856,#10857,#10858,#10859,
    #10860,#10861,#10862,#10863,#10864,#10865,#10866,#10867,#10868,
    #10869,#10870),.UNSPECIFIED.,.T.,.F.,(15,15),(0.,1.),
  .PIECEWISE_BEZIER_KNOTS.);
#10856 = CARTESIAN_POINT('',(1.2,-3.917583975661E-17,0.));
#10857 = CARTESIAN_POINT('',(1.2,4.487989505129E-02,0.));
#10858 = CARTESIAN_POINT('',(0.939701312744,8.975900773493E-02,0.));
#10859 = CARTESIAN_POINT('',(0.419118143636,0.123286408687,0.));
#10860 = CARTESIAN_POINT('',(-0.283968818782,0.134077862731,0.));
#10861 = CARTESIAN_POINT('',(-1.013648321406,0.114915814637,0.));
#10862 = CARTESIAN_POINT('',(-1.570982339347,6.657398392997E-02,0.));
#10863 = CARTESIAN_POINT('',(-1.780439975542,-5.125860053872E-15,0.));
#10864 = CARTESIAN_POINT('',(-1.570982339347,-6.657398392996E-02,0.));
#10865 = CARTESIAN_POINT('',(-1.013648321406,-0.114915814637,0.));
#10866 = CARTESIAN_POINT('',(-0.283968818782,-0.134077862731,0.));
#10867 = CARTESIAN_POINT('',(0.419118143636,-0.123286408687,0.));
#10868 = CARTESIAN_POINT('',(0.939701312744,-8.975900773494E-02,0.));
#10869 = CARTESIAN_POINT('',(1.2,-4.487989505128E-02,0.));
#10870 = CARTESIAN_POINT('',(1.2,-3.917583975661E-17,0.));
#10871 = PCURVE('',#10872,#10948);
#10872 = ( BOUNDED_SURFACE() B_SPLINE_SURFACE(14,4,(
    (#10873,#10874,#10875,#10876,#10877)
    ,(#10878,#10879,#10880,#10881,#10882)
    ,(#10883,#10884,#10885,#10886,#10887)
    ,(#10888,#10889,#10890,#10891,#10892)
    ,(#10893,#10894,#10895,#10896,#10897)
    ,(#10898,#10899,#10900,#10901,#10902)
    ,(#10903,#10904,#10905,#10906,#10907)
    ,(#10908,#10909,#10910,#10911,#10912)
    ,(#10913,#10914,#10915,#10916,#10917)
    ,(#10918,#10919,#10920,#10921,#10922)
    ,(#10923,#10924,#10925,#10926,#10927)
    ,(#10928,#10929,#10930,#10931,#10932)
    ,(#10933,#10934,#10935,#10936,#10937)
    ,(#10938,#10939,#10940,#10941,#10942)
    ,(#10943,#10944,#10945,#10946,#10947
)),.UNSPECIFIED.,.T.,.F.,.F.) B_SPLINE_SURFACE_WITH_KNOTS((15,15),(5,5),
  (0.,1.),(0.,1.),.PIECEWISE_BEZIER_KNOTS.) 
GEOMETRIC_REPRESENTATION_ITEM() RATIONAL_B_SPLINE_SURFACE((
    (1.,1.,1.,1.,1.)
    ,(1.,1.,1.,1.,1.)
    ,(1.,1.,1.,1.,1.)
    ,(1.,1.,1.,1.,1.)
    ,(1.,1.,1.,1.,1.)
    ,(1.,1.,1.,1.,1.)
    ,(1.,1.,1.,1.,1.)
    ,(1.,1.,1.,1.,1.)
    ,(1.,1.,1.,1.,1.)
    ,(1.,1.,1.,1.,1.)
    ,(1.,1.,1.,1.,1.)
    ,(1.,1.,1.,1.,1.)
    ,(1.,1.,1.,1.,1.)
    ,(1.,1.,1.,1.,1.)
,(1.,1.,1.,1.,1.))) REPRESENTATION_ITEM('') SURFACE() );
#10873 = CARTESIAN_POINT('',(1.2,-3.917583975661E-17,0.));
#10874 = CARTESIAN_POINT('',(5.710390333982,5.376635966497E-16,
    1.47637891565));
#10875 = CARTESIAN_POINT('',(6.288807034851,-7.721435540979E-16,
    5.839802754449));
#10876 = CARTESIAN_POINT('',(4.675904459897,3.336023113801E-16,
    10.149889470589));
#10877 = CARTESIAN_POINT('',(0.6,7.034770873289E-17,11.5));
#10878 = CARTESIAN_POINT('',(1.2,4.487989505129E-02,0.));
#10879 = CARTESIAN_POINT('',(5.710390333984,0.102978362826,1.47637891565
    ));
#10880 = CARTESIAN_POINT('',(6.288807034851,0.179838111317,
    5.839802754449));
#10881 = CARTESIAN_POINT('',(4.675904459897,0.109993709347,
    10.149889470589));
#10882 = CARTESIAN_POINT('',(0.6,4.039190554616E-02,11.5));
#10883 = CARTESIAN_POINT('',(0.939701312744,8.975900773493E-02,0.));
#10884 = CARTESIAN_POINT('',(4.604701210406,0.205957766358,1.47637891565
    ));
#10885 = CARTESIAN_POINT('',(4.887701496892,0.35967519814,5.839802754449
    ));
#10886 = CARTESIAN_POINT('',(3.634624985597,0.219988461853,
    10.149889470589));
#10887 = CARTESIAN_POINT('',(0.383084427286,8.078310696144E-02,11.5));
#10888 = CARTESIAN_POINT('',(0.419118143636,0.123286408687,0.));
#10889 = CARTESIAN_POINT('',(2.393393755639,0.282868749534,1.47637891565
    ));
#10890 = CARTESIAN_POINT('',(2.085308012654,0.494008830232,
    5.839802754449));
#10891 = CARTESIAN_POINT('',(1.552239567121,0.302139416837,
    10.149889470589));
#10892 = CARTESIAN_POINT('',(-5.073488030353E-02,0.110957767818,11.5));
#10893 = CARTESIAN_POINT('',(-0.283968818782,0.134077862731,0.));
#10894 = CARTESIAN_POINT('',(-0.593188837285,0.307688197597,
    1.47637891565));
#10895 = CARTESIAN_POINT('',(-1.698433056328,0.537294484489,
    5.839802754449));
#10896 = CARTESIAN_POINT('',(-1.260676941847,0.328648274156,
    10.149889470589));
#10897 = CARTESIAN_POINT('',(-0.636640682318,0.120670076458,11.5));
#10898 = CARTESIAN_POINT('',(-1.013648321406,0.114915814637,0.));
#10899 = CARTESIAN_POINT('',(-3.6926118576,0.263613684569,1.47637891565)
  );
#10900 = CARTESIAN_POINT('',(-5.62825068437,0.460430973592,
    5.839802754449));
#10901 = CARTESIAN_POINT('',(-4.178648070221,0.281573780558,
    10.149889470589));
#10902 = CARTESIAN_POINT('',(-1.244706934505,0.103424233174,11.5));
#10903 = CARTESIAN_POINT('',(-1.570982339347,6.657398392997E-02,0.));
#10904 = CARTESIAN_POINT('',(-6.060191094042,0.152807760488,
    1.47637891565));
#10905 = CARTESIAN_POINT('',(-8.624434665892,0.26680685037,
    5.839802754449));
#10906 = CARTESIAN_POINT('',(-6.409864606013,0.163216462665,
    10.149889470589));
#10907 = CARTESIAN_POINT('',(-1.709151949456,5.991658553697E-02,11.5));
#10908 = CARTESIAN_POINT('',(-1.780439975542,-5.125860053872E-15,0.));
#10909 = CARTESIAN_POINT('',(-6.94971219123,1.833833178295E-12,
    1.47637891565));
#10910 = CARTESIAN_POINT('',(-9.757003842537,1.634756299472E-11,
    5.839802754449));
#10911 = CARTESIAN_POINT('',(-7.245452912683,-7.641770789895E-12,
    10.149889470589));
#10912 = CARTESIAN_POINT('',(-1.883699979618,-1.997410173768E-15,11.5));
#10913 = CARTESIAN_POINT('',(-1.570982339347,-6.657398392996E-02,0.));
#10914 = CARTESIAN_POINT('',(-6.060191094049,-0.152807760491,
    1.47637891565));
#10915 = CARTESIAN_POINT('',(-8.624434665889,-0.2668068504,
    5.839802754449));
#10916 = CARTESIAN_POINT('',(-6.409864606006,-0.163216462651,
    10.149889470589));
#10917 = CARTESIAN_POINT('',(-1.709151949456,-5.991658553697E-02,11.5));
#10918 = CARTESIAN_POINT('',(-1.013648321406,-0.114915814637,0.));
#10919 = CARTESIAN_POINT('',(-3.692611857591,-0.263613684567,
    1.47637891565));
#10920 = CARTESIAN_POINT('',(-5.628250684372,-0.460430973569,
    5.839802754449));
#10921 = CARTESIAN_POINT('',(-4.178648070233,-0.281573780569,
    10.149889470589));
#10922 = CARTESIAN_POINT('',(-1.244706934505,-0.103424233174,11.5));
#10923 = CARTESIAN_POINT('',(-0.283968818782,-0.134077862731,0.));
#10924 = CARTESIAN_POINT('',(-0.593188837291,-0.307688197599,
    1.47637891565));
#10925 = CARTESIAN_POINT('',(-1.698433056329,-0.537294484503,
    5.839802754449));
#10926 = CARTESIAN_POINT('',(-1.260676941835,-0.32864827415,
    10.149889470589));
#10927 = CARTESIAN_POINT('',(-0.636640682318,-0.120670076458,11.5));
#10928 = CARTESIAN_POINT('',(0.419118143636,-0.123286408687,0.));
#10929 = CARTESIAN_POINT('',(2.393393755642,-0.282868749533,
    1.47637891565));
#10930 = CARTESIAN_POINT('',(2.085308012656,-0.494008830225,
    5.839802754449));
#10931 = CARTESIAN_POINT('',(1.552239567113,-0.30213941684,
    10.149889470589));
#10932 = CARTESIAN_POINT('',(-5.073488030346E-02,-0.110957767818,11.5));
#10933 = CARTESIAN_POINT('',(0.939701312744,-8.975900773494E-02,0.));
#10934 = CARTESIAN_POINT('',(4.604701210405,-0.205957766358,
    1.47637891565));
#10935 = CARTESIAN_POINT('',(4.887701496891,-0.359675198142,
    5.839802754449));
#10936 = CARTESIAN_POINT('',(3.6346249856,-0.219988461852,
    10.149889470589));
#10937 = CARTESIAN_POINT('',(0.383084427286,-8.078310696145E-02,11.5));
#10938 = CARTESIAN_POINT('',(1.2,-4.487989505128E-02,0.));
#10939 = CARTESIAN_POINT('',(5.710390333984,-0.102978362826,
    1.47637891565));
#10940 = CARTESIAN_POINT('',(6.288807034852,-0.179838111317,
    5.839802754449));
#10941 = CARTESIAN_POINT('',(4.675904459896,-0.109993709347,
    10.149889470589));
#10942 = CARTESIAN_POINT('',(0.6,-4.039190554616E-02,11.5));
#10943 = CARTESIAN_POINT('',(1.2,-3.917583975661E-17,0.));
#10944 = CARTESIAN_POINT('',(5.710390333982,-6.487253913644E-16,
    1.47637891565));
#10945 = CARTESIAN_POINT('',(6.288807034851,1.42685584678E-15,
    5.839802754449));
#10946 = CARTESIAN_POINT('',(4.675904459897,-6.21459472479E-16,
    10.149889470589));
#10947 = CARTESIAN_POINT('',(0.6,-9.618574496089E-17,11.5));
#10948 = DEFINITIONAL_REPRESENTATION('',(#10949),#10953);
#10949 = LINE('',#10950,#10951);
#10950 = CARTESIAN_POINT('',(0.,0.));
#10951 = VECTOR('',#10952,1.);
#10952 = DIRECTION('',(1.,0.));
#10953 = ( GEOMETRIC_REPRESENTATION_CONTEXT(2) 
PARAMETRIC_REPRESENTATION_CONTEXT() REPRESENTATION_CONTEXT('2D SPACE',''
  ) );
#10954 = PCURVE('',#10955,#10960);
#10955 = PLANE('',#10956);
#10956 = AXIS2_PLACEMENT_3D('',#10957,#10958,#10959);
#10957 = CARTESIAN_POINT('',(1.2,-3.917583975661E-17,0.));
#10958 = DIRECTION('',(0.,0.,1.));
#10959 = DIRECTION('',(-1.,2.644248702147E-17,0.));
#10960 = DEFINITIONAL_REPRESENTATION('',(#10961),#10977);
#10961 = B_SPLINE_CURVE_WITH_KNOTS('',14,(#10962,#10963,#10964,#10965,
    #10966,#10967,#10968,#10969,#10970,#10971,#10972,#10973,#10974,
    #10975,#10976),.UNSPECIFIED.,.T.,.F.,(15,15),(0.,1.),
  .PIECEWISE_BEZIER_KNOTS.);
#10962 = CARTESIAN_POINT('',(0.,0.));
#10963 = CARTESIAN_POINT('',(1.50990331349E-14,-4.487989505129E-02));
#10964 = CARTESIAN_POINT('',(0.260298687256,-8.975900773493E-02));
#10965 = CARTESIAN_POINT('',(0.780881856364,-0.123286408687));
#10966 = CARTESIAN_POINT('',(1.483968818782,-0.134077862731));
#10967 = CARTESIAN_POINT('',(2.213648321406,-0.114915814637));
#10968 = CARTESIAN_POINT('',(2.770982339347,-6.657398392997E-02));
#10969 = CARTESIAN_POINT('',(2.980439975542,5.165494459487E-15));
#10970 = CARTESIAN_POINT('',(2.770982339347,6.657398392996E-02));
#10971 = CARTESIAN_POINT('',(2.213648321406,0.114915814637));
#10972 = CARTESIAN_POINT('',(1.483968818782,0.134077862731));
#10973 = CARTESIAN_POINT('',(0.780881856364,0.123286408687));
#10974 = CARTESIAN_POINT('',(0.260298687256,8.975900773494E-02));
#10975 = CARTESIAN_POINT('',(5.107025913276E-15,4.487989505128E-02));
#10976 = CARTESIAN_POINT('',(0.,0.));
#10977 = ( GEOMETRIC_REPRESENTATION_CONTEXT(2) 
PARAMETRIC_REPRESENTATION_CONTEXT() REPRESENTATION_CONTEXT('2D SPACE',''
  ) );
#10978 = ORIENTED_EDGE('',*,*,#10979,.T.);
#10979 = EDGE_CURVE('',#10852,#10980,#10982,.T.);
#10980 = VERTEX_POINT('',#10981);
#10981 = CARTESIAN_POINT('',(0.6,0.,11.5));
#10982 = SEAM_CURVE('',#10983,(#10989,#10996),.PCURVE_S1.);
#10983 = ( BOUNDED_CURVE() B_SPLINE_CURVE(4,(#10984,#10985,#10986,#10987
,#10988),.UNSPECIFIED.,.F.,.F.) B_SPLINE_CURVE_WITH_KNOTS((5,5),(0.,1.),
.PIECEWISE_BEZIER_KNOTS.) CURVE() GEOMETRIC_REPRESENTATION_ITEM() 
RATIONAL_B_SPLINE_CURVE((1.,1.,1.,1.,1.)) REPRESENTATION_ITEM('') );
#10984 = CARTESIAN_POINT('',(1.2,-3.917583975661E-17,0.));
#10985 = CARTESIAN_POINT('',(5.710390333982,5.376635966497E-16,
    1.47637891565));
#10986 = CARTESIAN_POINT('',(6.288807034851,-7.721435540979E-16,
    5.839802754449));
#10987 = CARTESIAN_POINT('',(4.675904459897,3.336023113801E-16,
    10.149889470589));
#10988 = CARTESIAN_POINT('',(0.6,7.034770873289E-17,11.5));
#10989 = PCURVE('',#10872,#10990);
#10990 = DEFINITIONAL_REPRESENTATION('',(#10991),#10995);
#10991 = LINE('',#10992,#10993);
#10992 = CARTESIAN_POINT('',(1.,0.));
#10993 = VECTOR('',#10994,1.);
#10994 = DIRECTION('',(0.,1.));
#10995 = ( GEOMETRIC_REPRESENTATION_CONTEXT(2) 
PARAMETRIC_REPRESENTATION_CONTEXT() REPRESENTATION_CONTEXT('2D SPACE',''
  ) );
#10996 = PCURVE('',#10872,#10997);
#10997 = DEFINITIONAL_REPRESENTATION('',(#10998),#11002);
#10998 = LINE('',#10999,#11000);
#10999 = CARTESIAN_POINT('',(0.,0.));
#11000 = VECTOR('',#11001,1.);
#11001 = DIRECTION('',(0.,1.));
#11002 = ( GEOMETRIC_REPRESENTATION_CONTEXT(2) 
PARAMETRIC_REPRESENTATION_CONTEXT() REPRESENTATION_CONTEXT('2D SPACE',''
  ) );
#11003 = ORIENTED_EDGE('',*,*,#11004,.F.);
#11004 = EDGE_CURVE('',#10980,#10980,#11005,.T.);
#11005 = SURFACE_CURVE('',#11006,(#11022,#11029),.PCURVE_S1.);
#11006 = B_SPLINE_CURVE_WITH_KNOTS('',14,(#11007,#11008,#11009,#11010,
    #11011,#11012,#11013,#11014,#11015,#11016,#11017,#11018,#11019,
    #11020,#11021),.UNSPECIFIED.,.T.,.F.,(15,15),(0.,1.),
  .PIECEWISE_BEZIER_KNOTS.);
#11007 = CARTESIAN_POINT('',(0.6,7.034770873289E-17,11.5));
#11008 = CARTESIAN_POINT('',(0.6,4.039190554616E-02,11.5));
#11009 = CARTESIAN_POINT('',(0.383084427286,8.078310696144E-02,11.5));
#11010 = CARTESIAN_POINT('',(-5.073488030353E-02,0.110957767818,11.5));
#11011 = CARTESIAN_POINT('',(-0.636640682318,0.120670076458,11.5));
#11012 = CARTESIAN_POINT('',(-1.244706934505,0.103424233174,11.5));
#11013 = CARTESIAN_POINT('',(-1.709151949456,5.991658553697E-02,11.5));
#11014 = CARTESIAN_POINT('',(-1.883699979618,-1.997410173768E-15,11.5));
#11015 = CARTESIAN_POINT('',(-1.709151949456,-5.991658553697E-02,11.5));
#11016 = CARTESIAN_POINT('',(-1.244706934505,-0.103424233174,11.5));
#11017 = CARTESIAN_POINT('',(-0.636640682318,-0.120670076458,11.5));
#11018 = CARTESIAN_POINT('',(-5.073488030346E-02,-0.110957767818,11.5));
#11019 = CARTESIAN_POINT('',(0.383084427286,-8.078310696145E-02,11.5));
#11020 = CARTESIAN_POINT('',(0.6,-4.039190554616E-02,11.5));
#11021 = CARTESIAN_POINT('',(0.6,-9.618574496089E-17,11.5));
#11022 = PCURVE('',#10872,#11023);
#11023 = DEFINITIONAL_REPRESENTATION('',(#11024),#11028);
#11024 = LINE('',#11025,#11026);
#11025 = CARTESIAN_POINT('',(0.,1.));
#11026 = VECTOR('',#11027,1.);
#11027 = DIRECTION('',(1.,0.));
#11028 = ( GEOMETRIC_REPRESENTATION_CONTEXT(2) 
PARAMETRIC_REPRESENTATION_CONTEXT() REPRESENTATION_CONTEXT('2D SPACE',''
  ) );
#11029 = PCURVE('',#11030,#11035);
#11030 = PLANE('',#11031);
#11031 = AXIS2_PLACEMENT_3D('',#11032,#11033,#11034);
#11032 = CARTESIAN_POINT('',(0.6,7.034770873289E-17,11.5));
#11033 = DIRECTION('',(0.,0.,1.));
#11034 = DIRECTION('',(-1.,-2.650023716664E-17,0.));
#11035 = DEFINITIONAL_REPRESENTATION('',(#11036),#11052);
#11036 = B_SPLINE_CURVE_WITH_KNOTS('',14,(#11037,#11038,#11039,#11040,
    #11041,#11042,#11043,#11044,#11045,#11046,#11047,#11048,#11049,
    #11050,#11051),.UNSPECIFIED.,.F.,.F.,(15,15),(0.,1.),
  .PIECEWISE_BEZIER_KNOTS.);
#11037 = CARTESIAN_POINT('',(0.,0.));
#11038 = CARTESIAN_POINT('',(4.107825191113E-14,-4.039190554616E-02));
#11039 = CARTESIAN_POINT('',(0.216915572714,-8.078310696144E-02));
#11040 = CARTESIAN_POINT('',(0.650734880304,-0.110957767818));
#11041 = CARTESIAN_POINT('',(1.236640682318,-0.120670076458));
#11042 = CARTESIAN_POINT('',(1.844706934505,-0.103424233174));
#11043 = CARTESIAN_POINT('',(2.309151949456,-5.991658553697E-02));
#11044 = CARTESIAN_POINT('',(2.483699979618,2.00193924399E-15));
#11045 = CARTESIAN_POINT('',(2.309151949456,5.991658553697E-02));
#11046 = CARTESIAN_POINT('',(1.844706934505,0.103424233174));
#11047 = CARTESIAN_POINT('',(1.236640682318,0.120670076458));
#11048 = CARTESIAN_POINT('',(0.650734880303,0.110957767818));
#11049 = CARTESIAN_POINT('',(0.216915572714,8.078310696145E-02));
#11050 = CARTESIAN_POINT('',(2.386979502944E-14,4.039190554616E-02));
#11051 = CARTESIAN_POINT('',(0.,1.665334536938E-16));
#11052 = ( GEOMETRIC_REPRESENTATION_CONTEXT(2) 
PARAMETRIC_REPRESENTATION_CONTEXT() REPRESENTATION_CONTEXT('2D SPACE',''
  ) );
#11053 = ORIENTED_EDGE('',*,*,#10979,.F.);
#11054 = ADVANCED_FACE('',(#11055),#10955,.F.);
#11055 = FACE_BOUND('',#11056,.T.);
#11056 = EDGE_LOOP('',(#11057));
#11057 = ORIENTED_EDGE('',*,*,#10851,.F.);
#11058 = ADVANCED_FACE('',(#11059),#11030,.T.);
#11059 = FACE_BOUND('',#11060,.T.);
#11060 = EDGE_LOOP('',(#11061));
#11061 = ORIENTED_EDGE('',*,*,#11004,.T.);
#11062 = ( GEOMETRIC_REPRESENTATION_CONTEXT(3) 
GLOBAL_UNCERTAINTY_ASSIGNED_CONTEXT((#11066)) 
GLOBAL_UNIT_ASSIGNED_CONTEXT((#11063,#11064,#11065)) 
REPRESENTATION_CONTEXT('Context #1',
  '3D Context with UNIT and UNCERTAINTY') );
#11063 = ( LENGTH_UNIT() NAMED_UNIT(*) SI_UNIT(.MILLI.,.METRE.) );
#11064 = ( NAMED_UNIT(*) PLANE_ANGLE_UNIT() SI_UNIT($,.RADIAN.) );
#11065 = ( NAMED_UNIT(*) SI_UNIT($,.STERADIAN.) SOLID_ANGLE_UNIT() );
#11066 = UNCERTAINTY_MEASURE_WITH_UNIT(LENGTH_MEASURE(1.E-07),#11063,
  'distance_accuracy_value','confusion accuracy');
#11067 = CONTEXT_DEPENDENT_SHAPE_REPRESENTATION(#11068,#11070);
#11068 = ( REPRESENTATION_RELATIONSHIP('','',#10844,#10) 
REPRESENTATION_RELATIONSHIP_WITH_TRANSFORMATION(#11069) 
SHAPE_REPRESENTATION_RELATIONSHIP() );
#11069 = ITEM_DEFINED_TRANSFORMATION('','',#11,#87);
#11070 = PRODUCT_DEFINITION_SHAPE('Placement','Placement of an item',
  #11071);
#11071 = NEXT_ASSEMBLY_USAGE_OCCURRENCE('19','herb_9','',#5,#10839,$);
#11072 = PRODUCT_RELATED_PRODUCT_CATEGORY('part',$,(#10841));
#11073 = SHAPE_DEFINITION_REPRESENTATION(#837,#11074);
#11074 = SHAPE_REPRESENTATION('',(#15),#829);
#11075 = SHAPE_DEFINITION_REPRESENTATION(#1426,#11076);
#11076 = SHAPE_REPRESENTATION('',(#19),#1418);
#11077 = SHAPE_DEFINITION_REPRESENTATION(#1924,#11078);
#11078 = SHAPE_REPRESENTATION('',(#23),#1916);
#11079 = SHAPE_DEFINITION_REPRESENTATION(#3236,#11080);
#11080 = SHAPE_REPRESENTATION('',(#27),#3228);
#11081 = SHAPE_DEFINITION_REPRESENTATION(#4464,#11082);
#11082 = SHAPE_REPRESENTATION('',(#31),#4456);
#11083 = SHAPE_DEFINITION_REPRESENTATION(#5755,#11084);
#11084 = SHAPE_REPRESENTATION('',(#35),#5747);
#11085 = SHAPE_DEFINITION_REPRESENTATION(#6439,#11086);
#11086 = SHAPE_REPRESENTATION('',(#39),#6431);
#11087 = SHAPE_DEFINITION_REPRESENTATION(#7289,#11088);
#11088 = SHAPE_REPRESENTATION('',(#43),#7281);
#11089 = SHAPE_DEFINITION_REPRESENTATION(#8022,#11090);
#11090 = SHAPE_REPRESENTATION('',(#47),#8014);
#11091 = SHAPE_DEFINITION_REPRESENTATION(#8946,#11092);
#11092 = SHAPE_REPRESENTATION('',(#51),#8938);
#11093 = SHAPE_DEFINITION_REPRESENTATION(#9182,#11094);
#11094 = SHAPE_REPRESENTATION('',(#55),#9174);
#11095 = SHAPE_DEFINITION_REPRESENTATION(#9418,#11096);
#11096 = SHAPE_REPRESENTATION('',(#59),#9410);
#11097 = SHAPE_DEFINITION_REPRESENTATION(#9654,#11098);
#11098 = SHAPE_REPRESENTATION('',(#63),#9646);
#11099 = SHAPE_DEFINITION_REPRESENTATION(#9890,#11100);
#11100 = SHAPE_REPRESENTATION('',(#67),#9882);
#11101 = SHAPE_DEFINITION_REPRESENTATION(#10126,#11102);
#11102 = SHAPE_REPRESENTATION('',(#71),#10118);
#11103 = SHAPE_DEFINITION_REPRESENTATION(#10362,#11104);
#11104 = SHAPE_REPRESENTATION('',(#75),#10354);
#11105 = SHAPE_DEFINITION_REPRESENTATION(#10598,#11106);
#11106 = SHAPE_REPRESENTATION('',(#79),#10590);
#11107 = SHAPE_DEFINITION_REPRESENTATION(#10834,#11108);
#11108 = SHAPE_REPRESENTATION('',(#83),#10826);
#11109 = SHAPE_DEFINITION_REPRESENTATION(#11070,#11110);
#11110 = SHAPE_REPRESENTATION('',(#87),#11062);
#11111 = SHAPE_DEFINITION_REPRESENTATION(#837,#11112);
#11112 = SHAPE_REPRESENTATION('',(#15),#829);
#11113 = SHAPE_DEFINITION_REPRESENTATION(#1426,#11114);
#11114 = SHAPE_REPRESENTATION('',(#19),#1418);
#11115 = SHAPE_DEFINITION_REPRESENTATION(#1924,#11116);
#11116 = SHAPE_REPRESENTATION('',(#23),#1916);
#11117 = SHAPE_DEFINITION_REPRESENTATION(#3236,#11118);
#11118 = SHAPE_REPRESENTATION('',(#27),#3228);
#11119 = SHAPE_DEFINITION_REPRESENTATION(#4464,#11120);
#11120 = SHAPE_REPRESENTATION('',(#31),#4456);
#11121 = SHAPE_DEFINITION_REPRESENTATION(#5755,#11122);
#11122 = SHAPE_REPRESENTATION('',(#35),#5747);
#11123 = SHAPE_DEFINITION_REPRESENTATION(#6439,#11124);
#11124 = SHAPE_REPRESENTATION('',(#39),#6431);
#11125 = SHAPE_DEFINITION_REPRESENTATION(#7289,#11126);
#11126 = SHAPE_REPRESENTATION('',(#43),#7281);
#11127 = SHAPE_DEFINITION_REPRESENTATION(#8022,#11128);
#11128 = SHAPE_REPRESENTATION('',(#47),#8014);
#11129 = SHAPE_DEFINITION_REPRESENTATION(#8946,#11130);
#11130 = SHAPE_REPRESENTATION('',(#51),#8938);
#11131 = SHAPE_DEFINITION_REPRESENTATION(#9182,#11132);
#11132 = SHAPE_REPRESENTATION('',(#55),#9174);
#11133 = SHAPE_DEFINITION_REPRESENTATION(#9418,#11134);
#11134 = SHAPE_REPRESENTATION('',(#59),#9410);
#11135 = SHAPE_DEFINITION_REPRESENTATION(#9654,#11136);
#11136 = SHAPE_REPRESENTATION('',(#63),#9646);
#11137 = SHAPE_DEFINITION_REPRESENTATION(#9890,#11138);
#11138 = SHAPE_REPRESENTATION('',(#67),#9882);
#11139 = SHAPE_DEFINITION_REPRESENTATION(#10126,#11140);
#11140 = SHAPE_REPRESENTATION('',(#71),#10118);
#11141 = SHAPE_DEFINITION_REPRESENTATION(#10362,#11142);
#11142 = SHAPE_REPRESENTATION('',(#75),#10354);
#11143 = SHAPE_DEFINITION_REPRESENTATION(#10598,#11144);
#11144 = SHAPE_REPRESENTATION('',(#79),#10590);
#11145 = SHAPE_DEFINITION_REPRESENTATION(#10834,#11146);
#11146 = SHAPE_REPRESENTATION('',(#83),#10826);
#11147 = SHAPE_DEFINITION_REPRESENTATION(#11070,#11148);
#11148 = SHAPE_REPRESENTATION('',(#87),#11062);
#11149 = MECHANICAL_DESIGN_GEOMETRIC_PRESENTATION_REPRESENTATION('',(
    #11150,#11158),#7281);
#11150 = STYLED_ITEM('color',(#11151),#6450);
#11151 = PRESENTATION_STYLE_ASSIGNMENT((#11152));
#11152 = SURFACE_STYLE_USAGE(.BOTH.,#11153);
#11153 = SURFACE_SIDE_STYLE('',(#11154));
#11154 = SURFACE_STYLE_FILL_AREA(#11155);
#11155 = FILL_AREA_STYLE('',(#11156));
#11156 = FILL_AREA_STYLE_COLOUR('',#11157);
#11157 = COLOUR_RGB('',0.659999992303,0.139999997847,9.999999991362E-02
  );
#11158 = OVER_RIDING_STYLED_ITEM('overriding color',(#11159),#6450,
  #11150);
#11159 = PRESENTATION_STYLE_BY_CONTEXT((#11160),#11126);
#11160 = SURFACE_STYLE_USAGE(.BOTH.,#11161);
#11161 = SURFACE_SIDE_STYLE('',(#11162));
#11162 = SURFACE_STYLE_FILL_AREA(#11163);
#11163 = FILL_AREA_STYLE('',(#11164));
#11164 = FILL_AREA_STYLE_COLOUR('',#11165);
#11165 = COLOUR_RGB('',0.659999992303,0.139999997847,9.999999991362E-02
  );
#11166 = MECHANICAL_DESIGN_GEOMETRIC_PRESENTATION_REPRESENTATION('',(
    #11167,#11175),#8938);
#11167 = STYLED_ITEM('color',(#11168),#8033);
#11168 = PRESENTATION_STYLE_ASSIGNMENT((#11169));
#11169 = SURFACE_STYLE_USAGE(.BOTH.,#11170);
#11170 = SURFACE_SIDE_STYLE('',(#11171));
#11171 = SURFACE_STYLE_FILL_AREA(#11172);
#11172 = FILL_AREA_STYLE('',(#11173));
#11173 = FILL_AREA_STYLE_COLOUR('',#11174);
#11174 = COLOUR_RGB('',0.700000005816,0.47000000295,0.230000002338);
#11175 = OVER_RIDING_STYLED_ITEM('overriding color',(#11176),#8033,
  #11167);
#11176 = PRESENTATION_STYLE_BY_CONTEXT((#11177),#11130);
#11177 = SURFACE_STYLE_USAGE(.BOTH.,#11178);
#11178 = SURFACE_SIDE_STYLE('',(#11179));
#11179 = SURFACE_STYLE_FILL_AREA(#11180);
#11180 = FILL_AREA_STYLE('',(#11181));
#11181 = FILL_AREA_STYLE_COLOUR('',#11182);
#11182 = COLOUR_RGB('',0.700000005816,0.47000000295,0.230000002338);
#11183 = MECHANICAL_DESIGN_GEOMETRIC_PRESENTATION_REPRESENTATION('',(
    #11184,#11192),#9410);
#11184 = STYLED_ITEM('color',(#11185),#9193);
#11185 = PRESENTATION_STYLE_ASSIGNMENT((#11186));
#11186 = SURFACE_STYLE_USAGE(.BOTH.,#11187);
#11187 = SURFACE_SIDE_STYLE('',(#11188));
#11188 = SURFACE_STYLE_FILL_AREA(#11189);
#11189 = FILL_AREA_STYLE('',(#11190));
#11190 = FILL_AREA_STYLE_COLOUR('',#11191);
#11191 = COLOUR_RGB('',0.319999999843,0.500000003429,0.199999998682);
#11192 = OVER_RIDING_STYLED_ITEM('overriding color',(#11193),#9193,
  #11184);
#11193 = PRESENTATION_STYLE_BY_CONTEXT((#11194),#11134);
#11194 = SURFACE_STYLE_USAGE(.BOTH.,#11195);
#11195 = SURFACE_SIDE_STYLE('',(#11196));
#11196 = SURFACE_STYLE_FILL_AREA(#11197);
#11197 = FILL_AREA_STYLE('',(#11198));
#11198 = FILL_AREA_STYLE_COLOUR('',#11199);
#11199 = COLOUR_RGB('',0.319999999843,0.500000003429,0.199999998682);
#11200 = MECHANICAL_DESIGN_GEOMETRIC_PRESENTATION_REPRESENTATION('',(
    #11201,#11208),#8014);
#11201 = STYLED_ITEM('color',(#11202),#7300);
#11202 = PRESENTATION_STYLE_ASSIGNMENT((#11203));
#11203 = SURFACE_STYLE_USAGE(.BOTH.,#11204);
#11204 = SURFACE_SIDE_STYLE('',(#11205));
#11205 = SURFACE_STYLE_FILL_AREA(#11206);
#11206 = FILL_AREA_STYLE('',(#11207));
#11207 = FILL_AREA_STYLE_COLOUR('',#11157);
#11208 = OVER_RIDING_STYLED_ITEM('overriding color',(#11209),#7300,
  #11201);
#11209 = PRESENTATION_STYLE_BY_CONTEXT((#11210),#11128);
#11210 = SURFACE_STYLE_USAGE(.BOTH.,#11211);
#11211 = SURFACE_SIDE_STYLE('',(#11212));
#11212 = SURFACE_STYLE_FILL_AREA(#11213);
#11213 = FILL_AREA_STYLE('',(#11214));
#11214 = FILL_AREA_STYLE_COLOUR('',#11165);
#11215 = MECHANICAL_DESIGN_GEOMETRIC_PRESENTATION_REPRESENTATION('',(
    #11216,#11223),#9646);
#11216 = STYLED_ITEM('color',(#11217),#9429);
#11217 = PRESENTATION_STYLE_ASSIGNMENT((#11218));
#11218 = SURFACE_STYLE_USAGE(.BOTH.,#11219);
#11219 = SURFACE_SIDE_STYLE('',(#11220));
#11220 = SURFACE_STYLE_FILL_AREA(#11221);
#11221 = FILL_AREA_STYLE('',(#11222));
#11222 = FILL_AREA_STYLE_COLOUR('',#11191);
#11223 = OVER_RIDING_STYLED_ITEM('overriding color',(#11224),#9429,
  #11216);
#11224 = PRESENTATION_STYLE_BY_CONTEXT((#11225),#11136);
#11225 = SURFACE_STYLE_USAGE(.BOTH.,#11226);
#11226 = SURFACE_SIDE_STYLE('',(#11227));
#11227 = SURFACE_STYLE_FILL_AREA(#11228);
#11228 = FILL_AREA_STYLE('',(#11229));
#11229 = FILL_AREA_STYLE_COLOUR('',#11199);
#11230 = MECHANICAL_DESIGN_GEOMETRIC_PRESENTATION_REPRESENTATION('',(
    #11231,#11239),#1418);
#11231 = STYLED_ITEM('color',(#11232),#848);
#11232 = PRESENTATION_STYLE_ASSIGNMENT((#11233));
#11233 = SURFACE_STYLE_USAGE(.BOTH.,#11234);
#11234 = SURFACE_SIDE_STYLE('',(#11235));
#11235 = SURFACE_STYLE_FILL_AREA(#11236);
#11236 = FILL_AREA_STYLE('',(#11237));
#11237 = FILL_AREA_STYLE_COLOUR('',#11238);
#11238 = COLOUR_RGB('',0.760000013601,0.219999994989,7.000000150072E-02
  );
#11239 = OVER_RIDING_STYLED_ITEM('overriding color',(#11240),#848,#11231
  );
#11240 = PRESENTATION_STYLE_BY_CONTEXT((#11241),#11114);
#11241 = SURFACE_STYLE_USAGE(.BOTH.,#11242);
#11242 = SURFACE_SIDE_STYLE('',(#11243));
#11243 = SURFACE_STYLE_FILL_AREA(#11244);
#11244 = FILL_AREA_STYLE('',(#11245));
#11245 = FILL_AREA_STYLE_COLOUR('',#11246);
#11246 = COLOUR_RGB('',0.760000013601,0.219999994989,7.000000150072E-02
  );
#11247 = MECHANICAL_DESIGN_GEOMETRIC_PRESENTATION_REPRESENTATION('',(
    #11248,#11255),#9882);
#11248 = STYLED_ITEM('color',(#11249),#9665);
#11249 = PRESENTATION_STYLE_ASSIGNMENT((#11250));
#11250 = SURFACE_STYLE_USAGE(.BOTH.,#11251);
#11251 = SURFACE_SIDE_STYLE('',(#11252));
#11252 = SURFACE_STYLE_FILL_AREA(#11253);
#11253 = FILL_AREA_STYLE('',(#11254));
#11254 = FILL_AREA_STYLE_COLOUR('',#11191);
#11255 = OVER_RIDING_STYLED_ITEM('overriding color',(#11256),#9665,
  #11248);
#11256 = PRESENTATION_STYLE_BY_CONTEXT((#11257),#11138);
#11257 = SURFACE_STYLE_USAGE(.BOTH.,#11258);
#11258 = SURFACE_SIDE_STYLE('',(#11259));
#11259 = SURFACE_STYLE_FILL_AREA(#11260);
#11260 = FILL_AREA_STYLE('',(#11261));
#11261 = FILL_AREA_STYLE_COLOUR('',#11199);
#11262 = MECHANICAL_DESIGN_GEOMETRIC_PRESENTATION_REPRESENTATION('',(
    #11263,#11270),#10826);
#11263 = STYLED_ITEM('color',(#11264),#10609);
#11264 = PRESENTATION_STYLE_ASSIGNMENT((#11265));
#11265 = SURFACE_STYLE_USAGE(.BOTH.,#11266);
#11266 = SURFACE_SIDE_STYLE('',(#11267));
#11267 = SURFACE_STYLE_FILL_AREA(#11268);
#11268 = FILL_AREA_STYLE('',(#11269));
#11269 = FILL_AREA_STYLE_COLOUR('',#11191);
#11270 = OVER_RIDING_STYLED_ITEM('overriding color',(#11271),#10609,
  #11263);
#11271 = PRESENTATION_STYLE_BY_CONTEXT((#11272),#11146);
#11272 = SURFACE_STYLE_USAGE(.BOTH.,#11273);
#11273 = SURFACE_SIDE_STYLE('',(#11274));
#11274 = SURFACE_STYLE_FILL_AREA(#11275);
#11275 = FILL_AREA_STYLE('',(#11276));
#11276 = FILL_AREA_STYLE_COLOUR('',#11199);
#11277 = MECHANICAL_DESIGN_GEOMETRIC_PRESENTATION_REPRESENTATION('',(
    #11278,#11285),#10118);
#11278 = STYLED_ITEM('color',(#11279),#9901);
#11279 = PRESENTATION_STYLE_ASSIGNMENT((#11280));
#11280 = SURFACE_STYLE_USAGE(.BOTH.,#11281);
#11281 = SURFACE_SIDE_STYLE('',(#11282));
#11282 = SURFACE_STYLE_FILL_AREA(#11283);
#11283 = FILL_AREA_STYLE('',(#11284));
#11284 = FILL_AREA_STYLE_COLOUR('',#11191);
#11285 = OVER_RIDING_STYLED_ITEM('overriding color',(#11286),#9901,
  #11278);
#11286 = PRESENTATION_STYLE_BY_CONTEXT((#11287),#11140);
#11287 = SURFACE_STYLE_USAGE(.BOTH.,#11288);
#11288 = SURFACE_SIDE_STYLE('',(#11289));
#11289 = SURFACE_STYLE_FILL_AREA(#11290);
#11290 = FILL_AREA_STYLE('',(#11291));
#11291 = FILL_AREA_STYLE_COLOUR('',#11199);
#11292 = MECHANICAL_DESIGN_GEOMETRIC_PRESENTATION_REPRESENTATION('',(
    #11293,#11301),#4456);
#11293 = STYLED_ITEM('color',(#11294),#3247);
#11294 = PRESENTATION_STYLE_ASSIGNMENT((#11295));
#11295 = SURFACE_STYLE_USAGE(.BOTH.,#11296);
#11296 = SURFACE_SIDE_STYLE('',(#11297));
#11297 = SURFACE_STYLE_FILL_AREA(#11298);
#11298 = FILL_AREA_STYLE('',(#11299));
#11299 = FILL_AREA_STYLE_COLOUR('',#11300);
#11300 = COLOUR_RGB('',0.290000003841,0.409999990672,0.149999997808);
#11301 = OVER_RIDING_STYLED_ITEM('overriding color',(#11302),#3247,
  #11293);
#11302 = PRESENTATION_STYLE_BY_CONTEXT((#11303),#11120);
#11303 = SURFACE_STYLE_USAGE(.BOTH.,#11304);
#11304 = SURFACE_SIDE_STYLE('',(#11305));
#11305 = SURFACE_STYLE_FILL_AREA(#11306);
#11306 = FILL_AREA_STYLE('',(#11307));
#11307 = FILL_AREA_STYLE_COLOUR('',#11308);
#11308 = COLOUR_RGB('',0.290000003841,0.409999990672,0.149999997808);
#11309 = MECHANICAL_DESIGN_GEOMETRIC_PRESENTATION_REPRESENTATION('',(
    #11310,#11317),#11062);
#11310 = STYLED_ITEM('color',(#11311),#10845);
#11311 = PRESENTATION_STYLE_ASSIGNMENT((#11312));
#11312 = SURFACE_STYLE_USAGE(.BOTH.,#11313);
#11313 = SURFACE_SIDE_STYLE('',(#11314));
#11314 = SURFACE_STYLE_FILL_AREA(#11315);
#11315 = FILL_AREA_STYLE('',(#11316));
#11316 = FILL_AREA_STYLE_COLOUR('',#11191);
#11317 = OVER_RIDING_STYLED_ITEM('overriding color',(#11318),#10845,
  #11310);
#11318 = PRESENTATION_STYLE_BY_CONTEXT((#11319),#11148);
#11319 = SURFACE_STYLE_USAGE(.BOTH.,#11320);
#11320 = SURFACE_SIDE_STYLE('',(#11321));
#11321 = SURFACE_STYLE_FILL_AREA(#11322);
#11322 = FILL_AREA_STYLE('',(#11323));
#11323 = FILL_AREA_STYLE_COLOUR('',#11199);
#11324 = MECHANICAL_DESIGN_GEOMETRIC_PRESENTATION_REPRESENTATION('',(
    #11325,#11332),#10354);
#11325 = STYLED_ITEM('color',(#11326),#10137);
#11326 = PRESENTATION_STYLE_ASSIGNMENT((#11327));
#11327 = SURFACE_STYLE_USAGE(.BOTH.,#11328);
#11328 = SURFACE_SIDE_STYLE('',(#11329));
#11329 = SURFACE_STYLE_FILL_AREA(#11330);
#11330 = FILL_AREA_STYLE('',(#11331));
#11331 = FILL_AREA_STYLE_COLOUR('',#11191);
#11332 = OVER_RIDING_STYLED_ITEM('overriding color',(#11333),#10137,
  #11325);
#11333 = PRESENTATION_STYLE_BY_CONTEXT((#11334),#11142);
#11334 = SURFACE_STYLE_USAGE(.BOTH.,#11335);
#11335 = SURFACE_SIDE_STYLE('',(#11336));
#11336 = SURFACE_STYLE_FILL_AREA(#11337);
#11337 = FILL_AREA_STYLE('',(#11338));
#11338 = FILL_AREA_STYLE_COLOUR('',#11199);
#11339 = MECHANICAL_DESIGN_GEOMETRIC_PRESENTATION_REPRESENTATION('',(
    #11340,#11348),#829);
#11340 = STYLED_ITEM('color',(#11341),#105);
#11341 = PRESENTATION_STYLE_ASSIGNMENT((#11342));
#11342 = SURFACE_STYLE_USAGE(.BOTH.,#11343);
#11343 = SURFACE_SIDE_STYLE('',(#11344));
#11344 = SURFACE_STYLE_FILL_AREA(#11345);
#11345 = FILL_AREA_STYLE('',(#11346));
#11346 = FILL_AREA_STYLE_COLOUR('',#11347);
#11347 = COLOUR_RGB('',0.800000010877,0.800000010877,0.789999995908);
#11348 = OVER_RIDING_STYLED_ITEM('overriding color',(#11349),#105,#11340
  );
#11349 = PRESENTATION_STYLE_BY_CONTEXT((#11350),#11112);
#11350 = SURFACE_STYLE_USAGE(.BOTH.,#11351);
#11351 = SURFACE_SIDE_STYLE('',(#11352));
#11352 = SURFACE_STYLE_FILL_AREA(#11353);
#11353 = FILL_AREA_STYLE('',(#11354));
#11354 = FILL_AREA_STYLE_COLOUR('',#11355);
#11355 = COLOUR_RGB('',0.800000010877,0.800000010877,0.789999995908);
#11356 = MECHANICAL_DESIGN_GEOMETRIC_PRESENTATION_REPRESENTATION('',(
    #11357,#11364),#3228);
#11357 = STYLED_ITEM('color',(#11358),#1935);
#11358 = PRESENTATION_STYLE_ASSIGNMENT((#11359));
#11359 = SURFACE_STYLE_USAGE(.BOTH.,#11360);
#11360 = SURFACE_SIDE_STYLE('',(#11361));
#11361 = SURFACE_STYLE_FILL_AREA(#11362);
#11362 = FILL_AREA_STYLE('',(#11363));
#11363 = FILL_AREA_STYLE_COLOUR('',#11300);
#11364 = OVER_RIDING_STYLED_ITEM('overriding color',(#11365),#1935,
  #11357);
#11365 = PRESENTATION_STYLE_BY_CONTEXT((#11366),#11118);
#11366 = SURFACE_STYLE_USAGE(.BOTH.,#11367);
#11367 = SURFACE_SIDE_STYLE('',(#11368));
#11368 = SURFACE_STYLE_FILL_AREA(#11369);
#11369 = FILL_AREA_STYLE('',(#11370));
#11370 = FILL_AREA_STYLE_COLOUR('',#11308);
#11371 = MECHANICAL_DESIGN_GEOMETRIC_PRESENTATION_REPRESENTATION('',(
    #11372,#11379),#10590);
#11372 = STYLED_ITEM('color',(#11373),#10373);
#11373 = PRESENTATION_STYLE_ASSIGNMENT((#11374));
#11374 = SURFACE_STYLE_USAGE(.BOTH.,#11375);
#11375 = SURFACE_SIDE_STYLE('',(#11376));
#11376 = SURFACE_STYLE_FILL_AREA(#11377);
#11377 = FILL_AREA_STYLE('',(#11378));
#11378 = FILL_AREA_STYLE_COLOUR('',#11191);
#11379 = OVER_RIDING_STYLED_ITEM('overriding color',(#11380),#10373,
  #11372);
#11380 = PRESENTATION_STYLE_BY_CONTEXT((#11381),#11144);
#11381 = SURFACE_STYLE_USAGE(.BOTH.,#11382);
#11382 = SURFACE_SIDE_STYLE('',(#11383));
#11383 = SURFACE_STYLE_FILL_AREA(#11384);
#11384 = FILL_AREA_STYLE('',(#11385));
#11385 = FILL_AREA_STYLE_COLOUR('',#11199);
#11386 = MECHANICAL_DESIGN_GEOMETRIC_PRESENTATION_REPRESENTATION('',(
    #11387,#11395),#1916);
#11387 = STYLED_ITEM('color',(#11388),#1437);
#11388 = PRESENTATION_STYLE_ASSIGNMENT((#11389));
#11389 = SURFACE_STYLE_USAGE(.BOTH.,#11390);
#11390 = SURFACE_SIDE_STYLE('',(#11391));
#11391 = SURFACE_STYLE_FILL_AREA(#11392);
#11392 = FILL_AREA_STYLE('',(#11393));
#11393 = FILL_AREA_STYLE_COLOUR('',#11394);
#11394 = COLOUR_RGB('',0.480000004686,0.630000008194,0.24000000363);
#11395 = OVER_RIDING_STYLED_ITEM('overriding color',(#11396),#1437,
  #11387);
#11396 = PRESENTATION_STYLE_BY_CONTEXT((#11397),#11116);
#11397 = SURFACE_STYLE_USAGE(.BOTH.,#11398);
#11398 = SURFACE_SIDE_STYLE('',(#11399));
#11399 = SURFACE_STYLE_FILL_AREA(#11400);
#11400 = FILL_AREA_STYLE('',(#11401));
#11401 = FILL_AREA_STYLE_COLOUR('',#11402);
#11402 = COLOUR_RGB('',0.480000004686,0.630000008194,0.24000000363);
#11403 = MECHANICAL_DESIGN_GEOMETRIC_PRESENTATION_REPRESENTATION('',(
    #11404,#11411),#9174);
#11404 = STYLED_ITEM('color',(#11405),#8957);
#11405 = PRESENTATION_STYLE_ASSIGNMENT((#11406));
#11406 = SURFACE_STYLE_USAGE(.BOTH.,#11407);
#11407 = SURFACE_SIDE_STYLE('',(#11408));
#11408 = SURFACE_STYLE_FILL_AREA(#11409);
#11409 = FILL_AREA_STYLE('',(#11410));
#11410 = FILL_AREA_STYLE_COLOUR('',#11191);
#11411 = OVER_RIDING_STYLED_ITEM('overriding color',(#11412),#8957,
  #11404);
#11412 = PRESENTATION_STYLE_BY_CONTEXT((#11413),#11132);
#11413 = SURFACE_STYLE_USAGE(.BOTH.,#11414);
#11414 = SURFACE_SIDE_STYLE('',(#11415));
#11415 = SURFACE_STYLE_FILL_AREA(#11416);
#11416 = FILL_AREA_STYLE('',(#11417));
#11417 = FILL_AREA_STYLE_COLOUR('',#11199);
#11418 = MECHANICAL_DESIGN_GEOMETRIC_PRESENTATION_REPRESENTATION('',(
    #11419,#11426),#5747);
#11419 = STYLED_ITEM('color',(#11420),#4475);
#11420 = PRESENTATION_STYLE_ASSIGNMENT((#11421));
#11421 = SURFACE_STYLE_USAGE(.BOTH.,#11422);
#11422 = SURFACE_SIDE_STYLE('',(#11423));
#11423 = SURFACE_STYLE_FILL_AREA(#11424);
#11424 = FILL_AREA_STYLE('',(#11425));
#11425 = FILL_AREA_STYLE_COLOUR('',#11300);
#11426 = OVER_RIDING_STYLED_ITEM('overriding color',(#11427),#4475,
  #11419);
#11427 = PRESENTATION_STYLE_BY_CONTEXT((#11428),#11122);
#11428 = SURFACE_STYLE_USAGE(.BOTH.,#11429);
#11429 = SURFACE_SIDE_STYLE('',(#11430));
#11430 = SURFACE_STYLE_FILL_AREA(#11431);
#11431 = FILL_AREA_STYLE('',(#11432));
#11432 = FILL_AREA_STYLE_COLOUR('',#11308);
#11433 = MECHANICAL_DESIGN_GEOMETRIC_PRESENTATION_REPRESENTATION('',(
    #11434,#11442),#6431);
#11434 = STYLED_ITEM('color',(#11435),#5766);
#11435 = PRESENTATION_STYLE_ASSIGNMENT((#11436));
#11436 = SURFACE_STYLE_USAGE(.BOTH.,#11437);
#11437 = SURFACE_SIDE_STYLE('',(#11438));
#11438 = SURFACE_STYLE_FILL_AREA(#11439);
#11439 = FILL_AREA_STYLE('',(#11440));
#11440 = FILL_AREA_STYLE_COLOUR('',#11441);
#11441 = COLOUR_RGB('',0.329999997244,0.500000003429,0.180000002302);
#11442 = OVER_RIDING_STYLED_ITEM('overriding color',(#11443),#5766,
  #11434);
#11443 = PRESENTATION_STYLE_BY_CONTEXT((#11444),#11124);
#11444 = SURFACE_STYLE_USAGE(.BOTH.,#11445);
#11445 = SURFACE_SIDE_STYLE('',(#11446));
#11446 = SURFACE_STYLE_FILL_AREA(#11447);
#11447 = FILL_AREA_STYLE('',(#11448));
#11448 = FILL_AREA_STYLE_COLOUR('',#11449);
#11449 = COLOUR_RGB('',0.329999997244,0.500000003429,0.180000002302);

#11450=DESCRIPTIVE_REPRESENTATION_ITEM('cadpy:generator','cadpy');
#11451=REPRESENTATION('cadpy:generator',(#11450),#91);
#11452=PROPERTY_DEFINITION('cadpy metadata','cadpy:generator',#5);
#11453=PROPERTY_DEFINITION_REPRESENTATION(#11452,#11451);
#11454=DESCRIPTIVE_REPRESENTATION_ITEM('cadpy:entryKind','assembly');
#11455=REPRESENTATION('cadpy:entryKind',(#11454),#91);
#11456=PROPERTY_DEFINITION('cadpy metadata','cadpy:entryKind',#5);
#11457=PROPERTY_DEFINITION_REPRESENTATION(#11456,#11455);
#11458=DESCRIPTIVE_REPRESENTATION_ITEM('cadpy:sourcePath','plated_fish.py');
#11459=REPRESENTATION('cadpy:sourcePath',(#11458),#91);
#11460=PROPERTY_DEFINITION('cadpy metadata','cadpy:sourcePath',#5);
#11461=PROPERTY_DEFINITION_REPRESENTATION(#11460,#11459);
#11462=DESCRIPTIVE_REPRESENTATION_ITEM('cadpy:sourceHash','41bdb2dceaba2cbacc37c9c62d35e74f432d532962aea5212337b4065c618fab');
#11463=REPRESENTATION('cadpy:sourceHash',(#11462),#91);
#11464=PROPERTY_DEFINITION('cadpy metadata','cadpy:sourceHash',#5);
#11465=PROPERTY_DEFINITION_REPRESENTATION(#11464,#11463);
ENDSEC;
END-ISO-10303-21;
