ISO-10303-21;
HEADER;
FILE_DESCRIPTION(('Open CASCADE Model'),'2;1');
FILE_NAME('Open CASCADE Shape Model','2026-08-10T10:14:56',('Author'),(
    'Open CASCADE'),'Open CASCADE STEP processor 7.9','Open CASCADE 7.9'
  ,'Unknown');
FILE_SCHEMA(('AUTOMOTIVE_DESIGN { 1 0 10303 214 1 1 1 1 }'));
ENDSEC;
DATA;
#1 = APPLICATION_PROTOCOL_DEFINITION('international standard',
  'automotive_design',2000,#2);
#2 = APPLICATION_CONTEXT(
  'core data for automotive mechanical design processes');
#3 = SHAPE_DEFINITION_REPRESENTATION(#4,#10);
#4 = PRODUCT_DEFINITION_SHAPE('','',#5);
#5 = PRODUCT_DEFINITION('design','',#6,#9);
#6 = PRODUCT_DEFINITION_FORMATION('','',#7);
#7 = PRODUCT('attendance_capture_point','attendance_capture_point','',(
    #8));
#8 = PRODUCT_CONTEXT('',#2,'mechanical');
#9 = PRODUCT_DEFINITION_CONTEXT('part definition',#2,'design');
#10 = SHAPE_REPRESENTATION('',(#11,#15,#19,#23,#27,#31),#35);
#11 = AXIS2_PLACEMENT_3D('',#12,#13,#14);
#12 = CARTESIAN_POINT('',(0.,0.,0.));
#13 = DIRECTION('',(0.,0.,1.));
#14 = DIRECTION('',(1.,0.,-0.));
#15 = AXIS2_PLACEMENT_3D('',#16,#17,#18);
#16 = CARTESIAN_POINT('',(0.,0.,77.5));
#17 = DIRECTION('',(0.,1.,2.22044604925E-16));
#18 = DIRECTION('',(1.,0.,-0.));
#19 = AXIS2_PLACEMENT_3D('',#20,#21,#22);
#20 = CARTESIAN_POINT('',(0.,5.,0.));
#21 = DIRECTION('',(0.,0.,1.));
#22 = DIRECTION('',(1.,0.,-0.));
#23 = AXIS2_PLACEMENT_3D('',#24,#25,#26);
#24 = CARTESIAN_POINT('',(0.,0.,0.));
#25 = DIRECTION('',(0.,0.,1.));
#26 = DIRECTION('',(1.,0.,-0.));
#27 = AXIS2_PLACEMENT_3D('',#28,#29,#30);
#28 = CARTESIAN_POINT('',(320.,0.,60.));
#29 = DIRECTION('',(0.,1.,2.22044604925E-16));
#30 = DIRECTION('',(-1.,2.719262146894E-32,-1.224646799147E-16));
#31 = AXIS2_PLACEMENT_3D('',#32,#33,#34);
#32 = CARTESIAN_POINT('',(320.,58.,60.));
#33 = DIRECTION('',(0.,1.,2.22044604925E-16));
#34 = DIRECTION('',(-1.,2.719262146894E-32,-1.224646799147E-16));
#35 = ( GEOMETRIC_REPRESENTATION_CONTEXT(3) 
GLOBAL_UNCERTAINTY_ASSIGNED_CONTEXT((#39)) GLOBAL_UNIT_ASSIGNED_CONTEXT(
(#36,#37,#38)) REPRESENTATION_CONTEXT('Context #1',
  '3D Context with UNIT and UNCERTAINTY') );
#36 = ( LENGTH_UNIT() NAMED_UNIT(*) SI_UNIT(.MILLI.,.METRE.) );
#37 = ( NAMED_UNIT(*) PLANE_ANGLE_UNIT() SI_UNIT($,.RADIAN.) );
#38 = ( NAMED_UNIT(*) SI_UNIT($,.STERADIAN.) SOLID_ANGLE_UNIT() );
#39 = UNCERTAINTY_MEASURE_WITH_UNIT(LENGTH_MEASURE(2.E-06),#36,
  'distance_accuracy_value','confusion accuracy');
#40 = PRODUCT_RELATED_PRODUCT_CATEGORY('part',$,(#7));
#41 = SHAPE_DEFINITION_REPRESENTATION(#42,#48);
#42 = PRODUCT_DEFINITION_SHAPE('','',#43);
#43 = PRODUCT_DEFINITION('design','',#44,#47);
#44 = PRODUCT_DEFINITION_FORMATION('','',#45);
#45 = PRODUCT('backplate','backplate','',(#46));
#46 = PRODUCT_CONTEXT('',#2,'mechanical');
#47 = PRODUCT_DEFINITION_CONTEXT('part definition',#2,'design');
#48 = ADVANCED_BREP_SHAPE_REPRESENTATION('',(#11,#49),#4963);
#49 = MANIFOLD_SOLID_BREP('',#50);
#50 = CLOSED_SHELL('',(#51,#171,#258,#335,#1369,#1419,#1473,#1525,#2567,
    #2592,#2641,#2691,#2741,#2768,#2818,#2889,#2939,#2989,#3016,#3087,
    #3137,#3187,#3214,#3264,#3314,#3385,#3435,#3485,#3512,#3583,#3633,
    #3683,#3732,#3781,#3831,#3881,#3908,#3979,#4029,#4079,#4106,#4156,
    #4181,#4206,#4231,#4256,#4263,#4288,#4331,#4356,#4381,#4388,#4431,
    #4456,#4481,#4488,#4513,#4538,#4581,#4606,#4631,#4638,#4681,#4706,
    #4731,#4756,#4781,#4806,#4831,#4838,#4881,#4906,#4931,#4938));
#51 = ADVANCED_FACE('',(#52),#66,.T.);
#52 = FACE_BOUND('',#53,.T.);
#53 = EDGE_LOOP('',(#54,#89,#117,#145));
#54 = ORIENTED_EDGE('',*,*,#55,.T.);
#55 = EDGE_CURVE('',#56,#58,#60,.T.);
#56 = VERTEX_POINT('',#57);
#57 = CARTESIAN_POINT('',(-85.,-89.,0.));
#58 = VERTEX_POINT('',#59);
#59 = CARTESIAN_POINT('',(-84.99999999999,-89.,4.));
#60 = SURFACE_CURVE('',#61,(#65,#77),.PCURVE_S1.);
#61 = LINE('',#62,#63);
#62 = CARTESIAN_POINT('',(-85.,-89.,0.));
#63 = VECTOR('',#64,1.);
#64 = DIRECTION('',(0.,0.,1.));
#65 = PCURVE('',#66,#71);
#66 = PLANE('',#67);
#67 = AXIS2_PLACEMENT_3D('',#68,#69,#70);
#68 = CARTESIAN_POINT('',(-84.99999999999,-89.,0.));
#69 = DIRECTION('',(-1.,0.,0.));
#70 = DIRECTION('',(0.,1.,0.));
#71 = DEFINITIONAL_REPRESENTATION('',(#72),#76);
#72 = LINE('',#73,#74);
#73 = CARTESIAN_POINT('',(0.,0.));
#74 = VECTOR('',#75,1.);
#75 = DIRECTION('',(0.,-1.));
#76 = ( GEOMETRIC_REPRESENTATION_CONTEXT(2) 
PARAMETRIC_REPRESENTATION_CONTEXT() REPRESENTATION_CONTEXT('2D SPACE',''
  ) );
#77 = PCURVE('',#78,#83);
#78 = CYLINDRICAL_SURFACE('',#79,6.);
#79 = AXIS2_PLACEMENT_3D('',#80,#81,#82);
#80 = CARTESIAN_POINT('',(-79.,-89.,0.));
#81 = DIRECTION('',(0.,0.,-1.));
#82 = DIRECTION('',(-1.,0.,0.));
#83 = DEFINITIONAL_REPRESENTATION('',(#84),#88);
#84 = LINE('',#85,#86);
#85 = CARTESIAN_POINT('',(6.28318530718,0.));
#86 = VECTOR('',#87,1.);
#87 = DIRECTION('',(0.,-1.));
#88 = ( GEOMETRIC_REPRESENTATION_CONTEXT(2) 
PARAMETRIC_REPRESENTATION_CONTEXT() REPRESENTATION_CONTEXT('2D SPACE',''
  ) );
#89 = ORIENTED_EDGE('',*,*,#90,.T.);
#90 = EDGE_CURVE('',#58,#91,#93,.T.);
#91 = VERTEX_POINT('',#92);
#92 = CARTESIAN_POINT('',(-84.99999999999,89.,4.));
#93 = SURFACE_CURVE('',#94,(#98,#105),.PCURVE_S1.);
#94 = LINE('',#95,#96);
#95 = CARTESIAN_POINT('',(-84.99999999999,-89.,4.));
#96 = VECTOR('',#97,1.);
#97 = DIRECTION('',(0.,1.,0.));
#98 = PCURVE('',#66,#99);
#99 = DEFINITIONAL_REPRESENTATION('',(#100),#104);
#100 = LINE('',#101,#102);
#101 = CARTESIAN_POINT('',(0.,-4.));
#102 = VECTOR('',#103,1.);
#103 = DIRECTION('',(1.,0.));
#104 = ( GEOMETRIC_REPRESENTATION_CONTEXT(2) 
PARAMETRIC_REPRESENTATION_CONTEXT() REPRESENTATION_CONTEXT('2D SPACE',''
  ) );
#105 = PCURVE('',#106,#111);
#106 = PLANE('',#107);
#107 = AXIS2_PLACEMENT_3D('',#108,#109,#110);
#108 = CARTESIAN_POINT('',(-84.49999999999,-89.,4.5));
#109 = DIRECTION('',(-0.707106781187,0.,0.707106781187));
#110 = DIRECTION('',(-0.,-1.,-0.));
#111 = DEFINITIONAL_REPRESENTATION('',(#112),#116);
#112 = LINE('',#113,#114);
#113 = CARTESIAN_POINT('',(-0.,-0.707106781187));
#114 = VECTOR('',#115,1.);
#115 = DIRECTION('',(-1.,0.));
#116 = ( GEOMETRIC_REPRESENTATION_CONTEXT(2) 
PARAMETRIC_REPRESENTATION_CONTEXT() REPRESENTATION_CONTEXT('2D SPACE',''
  ) );
#117 = ORIENTED_EDGE('',*,*,#118,.F.);
#118 = EDGE_CURVE('',#119,#91,#121,.T.);
#119 = VERTEX_POINT('',#120);
#120 = CARTESIAN_POINT('',(-85.,89.,0.));
#121 = SURFACE_CURVE('',#122,(#126,#133),.PCURVE_S1.);
#122 = LINE('',#123,#124);
#123 = CARTESIAN_POINT('',(-85.,89.,0.));
#124 = VECTOR('',#125,1.);
#125 = DIRECTION('',(0.,0.,1.));
#126 = PCURVE('',#66,#127);
#127 = DEFINITIONAL_REPRESENTATION('',(#128),#132);
#128 = LINE('',#129,#130);
#129 = CARTESIAN_POINT('',(178.,0.));
#130 = VECTOR('',#131,1.);
#131 = DIRECTION('',(0.,-1.));
#132 = ( GEOMETRIC_REPRESENTATION_CONTEXT(2) 
PARAMETRIC_REPRESENTATION_CONTEXT() REPRESENTATION_CONTEXT('2D SPACE',''
  ) );
#133 = PCURVE('',#134,#139);
#134 = CYLINDRICAL_SURFACE('',#135,6.);
#135 = AXIS2_PLACEMENT_3D('',#136,#137,#138);
#136 = CARTESIAN_POINT('',(-79.,89.,0.));
#137 = DIRECTION('',(0.,0.,-1.));
#138 = DIRECTION('',(-1.,0.,0.));
#139 = DEFINITIONAL_REPRESENTATION('',(#140),#144);
#140 = LINE('',#141,#142);
#141 = CARTESIAN_POINT('',(0.,0.));
#142 = VECTOR('',#143,1.);
#143 = DIRECTION('',(0.,-1.));
#144 = ( GEOMETRIC_REPRESENTATION_CONTEXT(2) 
PARAMETRIC_REPRESENTATION_CONTEXT() REPRESENTATION_CONTEXT('2D SPACE',''
  ) );
#145 = ORIENTED_EDGE('',*,*,#146,.F.);
#146 = EDGE_CURVE('',#56,#119,#147,.T.);
#147 = SURFACE_CURVE('',#148,(#152,#159),.PCURVE_S1.);
#148 = LINE('',#149,#150);
#149 = CARTESIAN_POINT('',(-84.99999999999,0.,0.));
#150 = VECTOR('',#151,1.);
#151 = DIRECTION('',(0.,1.,0.));
#152 = PCURVE('',#66,#153);
#153 = DEFINITIONAL_REPRESENTATION('',(#154),#158);
#154 = LINE('',#155,#156);
#155 = CARTESIAN_POINT('',(89.,0.));
#156 = VECTOR('',#157,1.);
#157 = DIRECTION('',(1.,0.));
#158 = ( GEOMETRIC_REPRESENTATION_CONTEXT(2) 
PARAMETRIC_REPRESENTATION_CONTEXT() REPRESENTATION_CONTEXT('2D SPACE',''
  ) );
#159 = PCURVE('',#160,#165);
#160 = PLANE('',#161);
#161 = AXIS2_PLACEMENT_3D('',#162,#163,#164);
#162 = CARTESIAN_POINT('',(-7.250748464432E-09,2.043660804194E-15,0.));
#163 = DIRECTION('',(0.,0.,1.));
#164 = DIRECTION('',(1.,0.,0.));
#165 = DEFINITIONAL_REPRESENTATION('',(#166),#170);
#166 = LINE('',#167,#168);
#167 = CARTESIAN_POINT('',(-84.99999999274,-2.043660804194E-15));
#168 = VECTOR('',#169,1.);
#169 = DIRECTION('',(0.,1.));
#170 = ( GEOMETRIC_REPRESENTATION_CONTEXT(2) 
PARAMETRIC_REPRESENTATION_CONTEXT() REPRESENTATION_CONTEXT('2D SPACE',''
  ) );
#171 = ADVANCED_FACE('',(#172),#78,.T.);
#172 = FACE_BOUND('',#173,.T.);
#173 = EDGE_LOOP('',(#174,#204,#231,#232));
#174 = ORIENTED_EDGE('',*,*,#175,.T.);
#175 = EDGE_CURVE('',#176,#178,#180,.T.);
#176 = VERTEX_POINT('',#177);
#177 = CARTESIAN_POINT('',(-79.,-95.,0.));
#178 = VERTEX_POINT('',#179);
#179 = CARTESIAN_POINT('',(-79.,-95.,4.));
#180 = SURFACE_CURVE('',#181,(#185,#192),.PCURVE_S1.);
#181 = LINE('',#182,#183);
#182 = CARTESIAN_POINT('',(-79.,-95.,0.));
#183 = VECTOR('',#184,1.);
#184 = DIRECTION('',(0.,0.,1.));
#185 = PCURVE('',#78,#186);
#186 = DEFINITIONAL_REPRESENTATION('',(#187),#191);
#187 = LINE('',#188,#189);
#188 = CARTESIAN_POINT('',(4.712388980385,0.));
#189 = VECTOR('',#190,1.);
#190 = DIRECTION('',(0.,-1.));
#191 = ( GEOMETRIC_REPRESENTATION_CONTEXT(2) 
PARAMETRIC_REPRESENTATION_CONTEXT() REPRESENTATION_CONTEXT('2D SPACE',''
  ) );
#192 = PCURVE('',#193,#198);
#193 = PLANE('',#194);
#194 = AXIS2_PLACEMENT_3D('',#195,#196,#197);
#195 = CARTESIAN_POINT('',(-79.,-95.,0.));
#196 = DIRECTION('',(0.,1.,0.));
#197 = DIRECTION('',(1.,0.,0.));
#198 = DEFINITIONAL_REPRESENTATION('',(#199),#203);
#199 = LINE('',#200,#201);
#200 = CARTESIAN_POINT('',(0.,0.));
#201 = VECTOR('',#202,1.);
#202 = DIRECTION('',(0.,-1.));
#203 = ( GEOMETRIC_REPRESENTATION_CONTEXT(2) 
PARAMETRIC_REPRESENTATION_CONTEXT() REPRESENTATION_CONTEXT('2D SPACE',''
  ) );
#204 = ORIENTED_EDGE('',*,*,#205,.T.);
#205 = EDGE_CURVE('',#178,#58,#206,.T.);
#206 = SURFACE_CURVE('',#207,(#212,#219),.PCURVE_S1.);
#207 = CIRCLE('',#208,6.);
#208 = AXIS2_PLACEMENT_3D('',#209,#210,#211);
#209 = CARTESIAN_POINT('',(-79.,-89.,4.));
#210 = DIRECTION('',(-0.,-0.,-1.));
#211 = DIRECTION('',(0.,-1.,0.));
#212 = PCURVE('',#78,#213);
#213 = DEFINITIONAL_REPRESENTATION('',(#214),#218);
#214 = LINE('',#215,#216);
#215 = CARTESIAN_POINT('',(4.712388980385,-4.));
#216 = VECTOR('',#217,1.);
#217 = DIRECTION('',(1.,0.));
#218 = ( GEOMETRIC_REPRESENTATION_CONTEXT(2) 
PARAMETRIC_REPRESENTATION_CONTEXT() REPRESENTATION_CONTEXT('2D SPACE',''
  ) );
#219 = PCURVE('',#220,#225);
#220 = CONICAL_SURFACE('',#221,6.,0.785398163397);
#221 = AXIS2_PLACEMENT_3D('',#222,#223,#224);
#222 = CARTESIAN_POINT('',(-79.,-89.,4.));
#223 = DIRECTION('',(-0.,-0.,-1.));
#224 = DIRECTION('',(0.,-1.,0.));
#225 = DEFINITIONAL_REPRESENTATION('',(#226),#230);
#226 = LINE('',#227,#228);
#227 = CARTESIAN_POINT('',(0.,-0.));
#228 = VECTOR('',#229,1.);
#229 = DIRECTION('',(1.,-0.));
#230 = ( GEOMETRIC_REPRESENTATION_CONTEXT(2) 
PARAMETRIC_REPRESENTATION_CONTEXT() REPRESENTATION_CONTEXT('2D SPACE',''
  ) );
#231 = ORIENTED_EDGE('',*,*,#55,.F.);
#232 = ORIENTED_EDGE('',*,*,#233,.F.);
#233 = EDGE_CURVE('',#176,#56,#234,.T.);
#234 = SURFACE_CURVE('',#235,(#240,#247),.PCURVE_S1.);
#235 = CIRCLE('',#236,6.);
#236 = AXIS2_PLACEMENT_3D('',#237,#238,#239);
#237 = CARTESIAN_POINT('',(-79.,-89.,0.));
#238 = DIRECTION('',(0.,0.,-1.));
#239 = DIRECTION('',(-1.,0.,0.));
#240 = PCURVE('',#78,#241);
#241 = DEFINITIONAL_REPRESENTATION('',(#242),#246);
#242 = LINE('',#243,#244);
#243 = CARTESIAN_POINT('',(0.,0.));
#244 = VECTOR('',#245,1.);
#245 = DIRECTION('',(1.,0.));
#246 = ( GEOMETRIC_REPRESENTATION_CONTEXT(2) 
PARAMETRIC_REPRESENTATION_CONTEXT() REPRESENTATION_CONTEXT('2D SPACE',''
  ) );
#247 = PCURVE('',#160,#248);
#248 = DEFINITIONAL_REPRESENTATION('',(#249),#257);
#249 = ( BOUNDED_CURVE() B_SPLINE_CURVE(2,(#250,#251,#252,#253,#254,#255
,#256),.UNSPECIFIED.,.T.,.F.) B_SPLINE_CURVE_WITH_KNOTS((1,2,2,2,2,1),(
    -2.094395102393,0.,2.094395102393,4.188790204786,6.28318530718,
8.377580409573),.UNSPECIFIED.) CURVE() GEOMETRIC_REPRESENTATION_ITEM() 
RATIONAL_B_SPLINE_CURVE((1.,0.5,1.,0.5,1.,0.5,1.)) REPRESENTATION_ITEM(
  '') );
#250 = CARTESIAN_POINT('',(-84.99999999275,-89.));
#251 = CARTESIAN_POINT('',(-84.99999999275,-78.60769515458));
#252 = CARTESIAN_POINT('',(-75.99999999275,-83.80384757729));
#253 = CARTESIAN_POINT('',(-66.99999999275,-89.));
#254 = CARTESIAN_POINT('',(-75.99999999275,-94.1961524227));
#255 = CARTESIAN_POINT('',(-84.99999999275,-99.39230484541));
#256 = CARTESIAN_POINT('',(-84.99999999275,-89.));
#257 = ( GEOMETRIC_REPRESENTATION_CONTEXT(2) 
PARAMETRIC_REPRESENTATION_CONTEXT() REPRESENTATION_CONTEXT('2D SPACE',''
  ) );
#258 = ADVANCED_FACE('',(#259),#106,.T.);
#259 = FACE_BOUND('',#260,.F.);
#260 = EDGE_LOOP('',(#261,#282,#283,#309));
#261 = ORIENTED_EDGE('',*,*,#262,.F.);
#262 = EDGE_CURVE('',#58,#263,#265,.T.);
#263 = VERTEX_POINT('',#264);
#264 = CARTESIAN_POINT('',(-83.99999999999,-89.,5.));
#265 = SURFACE_CURVE('',#266,(#270,#276),.PCURVE_S1.);
#266 = LINE('',#267,#268);
#267 = CARTESIAN_POINT('',(-84.49999999999,-89.,4.5));
#268 = VECTOR('',#269,1.);
#269 = DIRECTION('',(0.707106781187,-0.,0.707106781187));
#270 = PCURVE('',#106,#271);
#271 = DEFINITIONAL_REPRESENTATION('',(#272),#275);
#272 = B_SPLINE_CURVE_WITH_KNOTS('',1,(#273,#274),.UNSPECIFIED.,.F.,.F.,
  (2,2),(-0.707106781187,0.707106781187),.PIECEWISE_BEZIER_KNOTS.);
#273 = CARTESIAN_POINT('',(0.,-0.707106781187));
#274 = CARTESIAN_POINT('',(0.,0.707106781187));
#275 = ( GEOMETRIC_REPRESENTATION_CONTEXT(2) 
PARAMETRIC_REPRESENTATION_CONTEXT() REPRESENTATION_CONTEXT('2D SPACE',''
  ) );
#276 = PCURVE('',#220,#277);
#277 = DEFINITIONAL_REPRESENTATION('',(#278),#281);
#278 = B_SPLINE_CURVE_WITH_KNOTS('',1,(#279,#280),.UNSPECIFIED.,.F.,.F.,
  (2,2),(-0.707106781187,0.707106781187),.PIECEWISE_BEZIER_KNOTS.);
#279 = CARTESIAN_POINT('',(1.570796326795,0.));
#280 = CARTESIAN_POINT('',(1.570796326795,-1.));
#281 = ( GEOMETRIC_REPRESENTATION_CONTEXT(2) 
PARAMETRIC_REPRESENTATION_CONTEXT() REPRESENTATION_CONTEXT('2D SPACE',''
  ) );
#282 = ORIENTED_EDGE('',*,*,#90,.T.);
#283 = ORIENTED_EDGE('',*,*,#284,.T.);
#284 = EDGE_CURVE('',#91,#285,#287,.T.);
#285 = VERTEX_POINT('',#286);
#286 = CARTESIAN_POINT('',(-83.99999999999,89.,5.));
#287 = SURFACE_CURVE('',#288,(#292,#298),.PCURVE_S1.);
#288 = LINE('',#289,#290);
#289 = CARTESIAN_POINT('',(-84.49999999999,89.,4.5));
#290 = VECTOR('',#291,1.);
#291 = DIRECTION('',(0.707106781187,-0.,0.707106781187));
#292 = PCURVE('',#106,#293);
#293 = DEFINITIONAL_REPRESENTATION('',(#294),#297);
#294 = B_SPLINE_CURVE_WITH_KNOTS('',1,(#295,#296),.UNSPECIFIED.,.F.,.F.,
  (2,2),(-0.707106781187,0.707106781187),.PIECEWISE_BEZIER_KNOTS.);
#295 = CARTESIAN_POINT('',(-178.,-0.707106781187));
#296 = CARTESIAN_POINT('',(-178.,0.707106781187));
#297 = ( GEOMETRIC_REPRESENTATION_CONTEXT(2) 
PARAMETRIC_REPRESENTATION_CONTEXT() REPRESENTATION_CONTEXT('2D SPACE',''
  ) );
#298 = PCURVE('',#299,#304);
#299 = CONICAL_SURFACE('',#300,6.,0.785398163397);
#300 = AXIS2_PLACEMENT_3D('',#301,#302,#303);
#301 = CARTESIAN_POINT('',(-79.,89.,4.));
#302 = DIRECTION('',(-0.,-0.,-1.));
#303 = DIRECTION('',(-1.,0.,0.));
#304 = DEFINITIONAL_REPRESENTATION('',(#305),#308);
#305 = B_SPLINE_CURVE_WITH_KNOTS('',1,(#306,#307),.UNSPECIFIED.,.F.,.F.,
  (2,2),(-0.707106781187,0.707106781187),.PIECEWISE_BEZIER_KNOTS.);
#306 = CARTESIAN_POINT('',(0.,0.));
#307 = CARTESIAN_POINT('',(0.,-1.));
#308 = ( GEOMETRIC_REPRESENTATION_CONTEXT(2) 
PARAMETRIC_REPRESENTATION_CONTEXT() REPRESENTATION_CONTEXT('2D SPACE',''
  ) );
#309 = ORIENTED_EDGE('',*,*,#310,.F.);
#310 = EDGE_CURVE('',#263,#285,#311,.T.);
#311 = SURFACE_CURVE('',#312,(#316,#323),.PCURVE_S1.);
#312 = LINE('',#313,#314);
#313 = CARTESIAN_POINT('',(-83.99999999999,-89.,5.));
#314 = VECTOR('',#315,1.);
#315 = DIRECTION('',(0.,1.,0.));
#316 = PCURVE('',#106,#317);
#317 = DEFINITIONAL_REPRESENTATION('',(#318),#322);
#318 = LINE('',#319,#320);
#319 = CARTESIAN_POINT('',(-0.,0.707106781187));
#320 = VECTOR('',#321,1.);
#321 = DIRECTION('',(-1.,0.));
#322 = ( GEOMETRIC_REPRESENTATION_CONTEXT(2) 
PARAMETRIC_REPRESENTATION_CONTEXT() REPRESENTATION_CONTEXT('2D SPACE',''
  ) );
#323 = PCURVE('',#324,#329);
#324 = PLANE('',#325);
#325 = AXIS2_PLACEMENT_3D('',#326,#327,#328);
#326 = CARTESIAN_POINT('',(-7.250748464432E-09,2.043660804194E-15,5.));
#327 = DIRECTION('',(0.,0.,1.));
#328 = DIRECTION('',(1.,0.,0.));
#329 = DEFINITIONAL_REPRESENTATION('',(#330),#334);
#330 = LINE('',#331,#332);
#331 = CARTESIAN_POINT('',(-83.99999999274,-89.));
#332 = VECTOR('',#333,1.);
#333 = DIRECTION('',(0.,1.));
#334 = ( GEOMETRIC_REPRESENTATION_CONTEXT(2) 
PARAMETRIC_REPRESENTATION_CONTEXT() REPRESENTATION_CONTEXT('2D SPACE',''
  ) );
#335 = ADVANCED_FACE('',(#336,#511,#546,#666,#786,#821,#856,#976,#1214,
    #1334),#160,.F.);
#336 = FACE_BOUND('',#337,.F.);
#337 = EDGE_LOOP('',(#338,#339,#340,#363,#396,#424,#457,#485));
#338 = ORIENTED_EDGE('',*,*,#146,.F.);
#339 = ORIENTED_EDGE('',*,*,#233,.F.);
#340 = ORIENTED_EDGE('',*,*,#341,.T.);
#341 = EDGE_CURVE('',#176,#342,#344,.T.);
#342 = VERTEX_POINT('',#343);
#343 = CARTESIAN_POINT('',(78.999999970879,-95.,0.));
#344 = SURFACE_CURVE('',#345,(#349,#356),.PCURVE_S1.);
#345 = LINE('',#346,#347);
#346 = CARTESIAN_POINT('',(5.95434812567E-12,-95.,0.));
#347 = VECTOR('',#348,1.);
#348 = DIRECTION('',(1.,0.,0.));
#349 = PCURVE('',#160,#350);
#350 = DEFINITIONAL_REPRESENTATION('',(#351),#355);
#351 = LINE('',#352,#353);
#352 = CARTESIAN_POINT('',(7.256702812558E-09,-95.));
#353 = VECTOR('',#354,1.);
#354 = DIRECTION('',(1.,0.));
#355 = ( GEOMETRIC_REPRESENTATION_CONTEXT(2) 
PARAMETRIC_REPRESENTATION_CONTEXT() REPRESENTATION_CONTEXT('2D SPACE',''
  ) );
#356 = PCURVE('',#193,#357);
#357 = DEFINITIONAL_REPRESENTATION('',(#358),#362);
#358 = LINE('',#359,#360);
#359 = CARTESIAN_POINT('',(79.000000000012,0.));
#360 = VECTOR('',#361,1.);
#361 = DIRECTION('',(1.,0.));
#362 = ( GEOMETRIC_REPRESENTATION_CONTEXT(2) 
PARAMETRIC_REPRESENTATION_CONTEXT() REPRESENTATION_CONTEXT('2D SPACE',''
  ) );
#363 = ORIENTED_EDGE('',*,*,#364,.F.);
#364 = EDGE_CURVE('',#365,#342,#367,.T.);
#365 = VERTEX_POINT('',#366);
#366 = CARTESIAN_POINT('',(84.999999985442,-89.,0.));
#367 = SURFACE_CURVE('',#368,(#373,#384),.PCURVE_S1.);
#368 = CIRCLE('',#369,6.);
#369 = AXIS2_PLACEMENT_3D('',#370,#371,#372);
#370 = CARTESIAN_POINT('',(78.999999970879,-89.,0.));
#371 = DIRECTION('',(0.,0.,-1.));
#372 = DIRECTION('',(-1.,0.,0.));
#373 = PCURVE('',#160,#374);
#374 = DEFINITIONAL_REPRESENTATION('',(#375),#383);
#375 = ( BOUNDED_CURVE() B_SPLINE_CURVE(2,(#376,#377,#378,#379,#380,#381
,#382),.UNSPECIFIED.,.T.,.F.) B_SPLINE_CURVE_WITH_KNOTS((1,2,2,2,2,1),(
    -2.094395102393,0.,2.094395102393,4.188790204786,6.28318530718,
8.377580409573),.UNSPECIFIED.) CURVE() GEOMETRIC_REPRESENTATION_ITEM() 
RATIONAL_B_SPLINE_CURVE((1.,0.5,1.,0.5,1.,0.5,1.)) REPRESENTATION_ITEM(
  '') );
#376 = CARTESIAN_POINT('',(72.99999997813,-89.));
#377 = CARTESIAN_POINT('',(72.99999997813,-78.60769515458));
#378 = CARTESIAN_POINT('',(81.99999997813,-83.80384757729));
#379 = CARTESIAN_POINT('',(90.99999997813,-89.));
#380 = CARTESIAN_POINT('',(81.99999997813,-94.1961524227));
#381 = CARTESIAN_POINT('',(72.99999997813,-99.39230484541));
#382 = CARTESIAN_POINT('',(72.99999997813,-89.));
#383 = ( GEOMETRIC_REPRESENTATION_CONTEXT(2) 
PARAMETRIC_REPRESENTATION_CONTEXT() REPRESENTATION_CONTEXT('2D SPACE',''
  ) );
#384 = PCURVE('',#385,#390);
#385 = CYLINDRICAL_SURFACE('',#386,6.);
#386 = AXIS2_PLACEMENT_3D('',#387,#388,#389);
#387 = CARTESIAN_POINT('',(78.999999970879,-89.,0.));
#388 = DIRECTION('',(0.,0.,-1.));
#389 = DIRECTION('',(-1.,0.,0.));
#390 = DEFINITIONAL_REPRESENTATION('',(#391),#395);
#391 = LINE('',#392,#393);
#392 = CARTESIAN_POINT('',(0.,0.));
#393 = VECTOR('',#394,1.);
#394 = DIRECTION('',(1.,0.));
#395 = ( GEOMETRIC_REPRESENTATION_CONTEXT(2) 
PARAMETRIC_REPRESENTATION_CONTEXT() REPRESENTATION_CONTEXT('2D SPACE',''
  ) );
#396 = ORIENTED_EDGE('',*,*,#397,.T.);
#397 = EDGE_CURVE('',#365,#398,#400,.T.);
#398 = VERTEX_POINT('',#399);
#399 = CARTESIAN_POINT('',(84.999999985442,89.,0.));
#400 = SURFACE_CURVE('',#401,(#405,#412),.PCURVE_S1.);
#401 = LINE('',#402,#403);
#402 = CARTESIAN_POINT('',(85.000000000006,0.,0.));
#403 = VECTOR('',#404,1.);
#404 = DIRECTION('',(0.,1.,0.));
#405 = PCURVE('',#160,#406);
#406 = DEFINITIONAL_REPRESENTATION('',(#407),#411);
#407 = LINE('',#408,#409);
#408 = CARTESIAN_POINT('',(85.000000007257,-2.043660804194E-15));
#409 = VECTOR('',#410,1.);
#410 = DIRECTION('',(0.,1.));
#411 = ( GEOMETRIC_REPRESENTATION_CONTEXT(2) 
PARAMETRIC_REPRESENTATION_CONTEXT() REPRESENTATION_CONTEXT('2D SPACE',''
  ) );
#412 = PCURVE('',#413,#418);
#413 = PLANE('',#414);
#414 = AXIS2_PLACEMENT_3D('',#415,#416,#417);
#415 = CARTESIAN_POINT('',(85.000000000006,-89.,0.));
#416 = DIRECTION('',(-1.,0.,0.));
#417 = DIRECTION('',(0.,1.,0.));
#418 = DEFINITIONAL_REPRESENTATION('',(#419),#423);
#419 = LINE('',#420,#421);
#420 = CARTESIAN_POINT('',(89.,0.));
#421 = VECTOR('',#422,1.);
#422 = DIRECTION('',(1.,0.));
#423 = ( GEOMETRIC_REPRESENTATION_CONTEXT(2) 
PARAMETRIC_REPRESENTATION_CONTEXT() REPRESENTATION_CONTEXT('2D SPACE',''
  ) );
#424 = ORIENTED_EDGE('',*,*,#425,.F.);
#425 = EDGE_CURVE('',#426,#398,#428,.T.);
#426 = VERTEX_POINT('',#427);
#427 = CARTESIAN_POINT('',(78.999999970879,95.,0.));
#428 = SURFACE_CURVE('',#429,(#434,#445),.PCURVE_S1.);
#429 = CIRCLE('',#430,6.);
#430 = AXIS2_PLACEMENT_3D('',#431,#432,#433);
#431 = CARTESIAN_POINT('',(78.999999970879,89.,0.));
#432 = DIRECTION('',(0.,0.,-1.));
#433 = DIRECTION('',(-1.,0.,0.));
#434 = PCURVE('',#160,#435);
#435 = DEFINITIONAL_REPRESENTATION('',(#436),#444);
#436 = ( BOUNDED_CURVE() B_SPLINE_CURVE(2,(#437,#438,#439,#440,#441,#442
,#443),.UNSPECIFIED.,.T.,.F.) B_SPLINE_CURVE_WITH_KNOTS((1,2,2,2,2,1),(
    -2.094395102393,0.,2.094395102393,4.188790204786,6.28318530718,
8.377580409573),.UNSPECIFIED.) CURVE() GEOMETRIC_REPRESENTATION_ITEM() 
RATIONAL_B_SPLINE_CURVE((1.,0.5,1.,0.5,1.,0.5,1.)) REPRESENTATION_ITEM(
  '') );
#437 = CARTESIAN_POINT('',(72.99999997813,89.));
#438 = CARTESIAN_POINT('',(72.99999997813,99.392304845413));
#439 = CARTESIAN_POINT('',(81.99999997813,94.196152422707));
#440 = CARTESIAN_POINT('',(90.99999997813,89.));
#441 = CARTESIAN_POINT('',(81.99999997813,83.803847577293));
#442 = CARTESIAN_POINT('',(72.99999997813,78.607695154587));
#443 = CARTESIAN_POINT('',(72.99999997813,89.));
#444 = ( GEOMETRIC_REPRESENTATION_CONTEXT(2) 
PARAMETRIC_REPRESENTATION_CONTEXT() REPRESENTATION_CONTEXT('2D SPACE',''
  ) );
#445 = PCURVE('',#446,#451);
#446 = CYLINDRICAL_SURFACE('',#447,6.);
#447 = AXIS2_PLACEMENT_3D('',#448,#449,#450);
#448 = CARTESIAN_POINT('',(78.999999970879,89.,0.));
#449 = DIRECTION('',(0.,0.,-1.));
#450 = DIRECTION('',(-1.,0.,0.));
#451 = DEFINITIONAL_REPRESENTATION('',(#452),#456);
#452 = LINE('',#453,#454);
#453 = CARTESIAN_POINT('',(0.,0.));
#454 = VECTOR('',#455,1.);
#455 = DIRECTION('',(1.,0.));
#456 = ( GEOMETRIC_REPRESENTATION_CONTEXT(2) 
PARAMETRIC_REPRESENTATION_CONTEXT() REPRESENTATION_CONTEXT('2D SPACE',''
  ) );
#457 = ORIENTED_EDGE('',*,*,#458,.F.);
#458 = EDGE_CURVE('',#459,#426,#461,.T.);
#459 = VERTEX_POINT('',#460);
#460 = CARTESIAN_POINT('',(-79.,95.,0.));
#461 = SURFACE_CURVE('',#462,(#466,#473),.PCURVE_S1.);
#462 = LINE('',#463,#464);
#463 = CARTESIAN_POINT('',(5.95434812567E-12,95.,0.));
#464 = VECTOR('',#465,1.);
#465 = DIRECTION('',(1.,0.,0.));
#466 = PCURVE('',#160,#467);
#467 = DEFINITIONAL_REPRESENTATION('',(#468),#472);
#468 = LINE('',#469,#470);
#469 = CARTESIAN_POINT('',(7.256702812558E-09,95.));
#470 = VECTOR('',#471,1.);
#471 = DIRECTION('',(1.,0.));
#472 = ( GEOMETRIC_REPRESENTATION_CONTEXT(2) 
PARAMETRIC_REPRESENTATION_CONTEXT() REPRESENTATION_CONTEXT('2D SPACE',''
  ) );
#473 = PCURVE('',#474,#479);
#474 = PLANE('',#475);
#475 = AXIS2_PLACEMENT_3D('',#476,#477,#478);
#476 = CARTESIAN_POINT('',(-79.,95.,0.));
#477 = DIRECTION('',(0.,1.,0.));
#478 = DIRECTION('',(1.,0.,0.));
#479 = DEFINITIONAL_REPRESENTATION('',(#480),#484);
#480 = LINE('',#481,#482);
#481 = CARTESIAN_POINT('',(79.000000000012,0.));
#482 = VECTOR('',#483,1.);
#483 = DIRECTION('',(1.,0.));
#484 = ( GEOMETRIC_REPRESENTATION_CONTEXT(2) 
PARAMETRIC_REPRESENTATION_CONTEXT() REPRESENTATION_CONTEXT('2D SPACE',''
  ) );
#485 = ORIENTED_EDGE('',*,*,#486,.F.);
#486 = EDGE_CURVE('',#119,#459,#487,.T.);
#487 = SURFACE_CURVE('',#488,(#493,#504),.PCURVE_S1.);
#488 = CIRCLE('',#489,6.);
#489 = AXIS2_PLACEMENT_3D('',#490,#491,#492);
#490 = CARTESIAN_POINT('',(-79.,89.,0.));
#491 = DIRECTION('',(0.,0.,-1.));
#492 = DIRECTION('',(-1.,0.,0.));
#493 = PCURVE('',#160,#494);
#494 = DEFINITIONAL_REPRESENTATION('',(#495),#503);
#495 = ( BOUNDED_CURVE() B_SPLINE_CURVE(2,(#496,#497,#498,#499,#500,#501
,#502),.UNSPECIFIED.,.T.,.F.) B_SPLINE_CURVE_WITH_KNOTS((1,2,2,2,2,1),(
    -2.094395102393,0.,2.094395102393,4.188790204786,6.28318530718,
8.377580409573),.UNSPECIFIED.) CURVE() GEOMETRIC_REPRESENTATION_ITEM() 
RATIONAL_B_SPLINE_CURVE((1.,0.5,1.,0.5,1.,0.5,1.)) REPRESENTATION_ITEM(
  '') );
#496 = CARTESIAN_POINT('',(-84.99999999275,89.));
#497 = CARTESIAN_POINT('',(-84.99999999275,99.392304845413));
#498 = CARTESIAN_POINT('',(-75.99999999275,94.196152422707));
#499 = CARTESIAN_POINT('',(-66.99999999275,89.));
#500 = CARTESIAN_POINT('',(-75.99999999275,83.803847577293));
#501 = CARTESIAN_POINT('',(-84.99999999275,78.607695154587));
#502 = CARTESIAN_POINT('',(-84.99999999275,89.));
#503 = ( GEOMETRIC_REPRESENTATION_CONTEXT(2) 
PARAMETRIC_REPRESENTATION_CONTEXT() REPRESENTATION_CONTEXT('2D SPACE',''
  ) );
#504 = PCURVE('',#134,#505);
#505 = DEFINITIONAL_REPRESENTATION('',(#506),#510);
#506 = LINE('',#507,#508);
#507 = CARTESIAN_POINT('',(0.,0.));
#508 = VECTOR('',#509,1.);
#509 = DIRECTION('',(1.,0.));
#510 = ( GEOMETRIC_REPRESENTATION_CONTEXT(2) 
PARAMETRIC_REPRESENTATION_CONTEXT() REPRESENTATION_CONTEXT('2D SPACE',''
  ) );
#511 = FACE_BOUND('',#512,.F.);
#512 = EDGE_LOOP('',(#513));
#513 = ORIENTED_EDGE('',*,*,#514,.T.);
#514 = EDGE_CURVE('',#515,#515,#517,.T.);
#515 = VERTEX_POINT('',#516);
#516 = CARTESIAN_POINT('',(-66.75,-80.,0.));
#517 = SURFACE_CURVE('',#518,(#523,#534),.PCURVE_S1.);
#518 = CIRCLE('',#519,3.25);
#519 = AXIS2_PLACEMENT_3D('',#520,#521,#522);
#520 = CARTESIAN_POINT('',(-70.,-80.,0.));
#521 = DIRECTION('',(0.,0.,-1.));
#522 = DIRECTION('',(1.,0.,0.));
#523 = PCURVE('',#160,#524);
#524 = DEFINITIONAL_REPRESENTATION('',(#525),#533);
#525 = ( BOUNDED_CURVE() B_SPLINE_CURVE(2,(#526,#527,#528,#529,#530,#531
,#532),.UNSPECIFIED.,.T.,.F.) B_SPLINE_CURVE_WITH_KNOTS((1,2,2,2,2,1),(
    -2.094395102393,0.,2.094395102393,4.188790204786,6.28318530718,
8.377580409573),.UNSPECIFIED.) CURVE() GEOMETRIC_REPRESENTATION_ITEM() 
RATIONAL_B_SPLINE_CURVE((1.,0.5,1.,0.5,1.,0.5,1.)) REPRESENTATION_ITEM(
  '') );
#526 = CARTESIAN_POINT('',(-66.74999999274,-80.));
#527 = CARTESIAN_POINT('',(-66.74999999274,-85.62916512459));
#528 = CARTESIAN_POINT('',(-71.62499999274,-82.81458256229));
#529 = CARTESIAN_POINT('',(-76.49999999274,-80.));
#530 = CARTESIAN_POINT('',(-71.62499999274,-77.1854174377));
#531 = CARTESIAN_POINT('',(-66.74999999274,-74.3708348754));
#532 = CARTESIAN_POINT('',(-66.74999999274,-80.));
#533 = ( GEOMETRIC_REPRESENTATION_CONTEXT(2) 
PARAMETRIC_REPRESENTATION_CONTEXT() REPRESENTATION_CONTEXT('2D SPACE',''
  ) );
#534 = PCURVE('',#535,#540);
#535 = CYLINDRICAL_SURFACE('',#536,3.25);
#536 = AXIS2_PLACEMENT_3D('',#537,#538,#539);
#537 = CARTESIAN_POINT('',(-70.,-80.,-1.));
#538 = DIRECTION('',(-0.,-0.,-1.));
#539 = DIRECTION('',(1.,0.,0.));
#540 = DEFINITIONAL_REPRESENTATION('',(#541),#545);
#541 = LINE('',#542,#543);
#542 = CARTESIAN_POINT('',(-6.28318530718,-1.));
#543 = VECTOR('',#544,1.);
#544 = DIRECTION('',(1.,-0.));
#545 = ( GEOMETRIC_REPRESENTATION_CONTEXT(2) 
PARAMETRIC_REPRESENTATION_CONTEXT() REPRESENTATION_CONTEXT('2D SPACE',''
  ) );
#546 = FACE_BOUND('',#547,.F.);
#547 = EDGE_LOOP('',(#548,#576,#609,#635));
#548 = ORIENTED_EDGE('',*,*,#549,.T.);
#549 = EDGE_CURVE('',#550,#552,#554,.T.);
#550 = VERTEX_POINT('',#551);
#551 = CARTESIAN_POINT('',(-32.75,-60.25,0.));
#552 = VERTEX_POINT('',#553);
#553 = CARTESIAN_POINT('',(-32.75,-49.75,0.));
#554 = SURFACE_CURVE('',#555,(#559,#565),.PCURVE_S1.);
#555 = LINE('',#556,#557);
#556 = CARTESIAN_POINT('',(-32.75,-24.875,0.));
#557 = VECTOR('',#558,1.);
#558 = DIRECTION('',(-0.,1.,0.));
#559 = PCURVE('',#160,#560);
#560 = DEFINITIONAL_REPRESENTATION('',(#561),#564);
#561 = B_SPLINE_CURVE_WITH_KNOTS('',1,(#562,#563),.UNSPECIFIED.,.F.,.F.,
  (2,2),(-35.375,-24.875),.PIECEWISE_BEZIER_KNOTS.);
#562 = CARTESIAN_POINT('',(-32.74999999274,-60.25));
#563 = CARTESIAN_POINT('',(-32.74999999274,-49.75));
#564 = ( GEOMETRIC_REPRESENTATION_CONTEXT(2) 
PARAMETRIC_REPRESENTATION_CONTEXT() REPRESENTATION_CONTEXT('2D SPACE',''
  ) );
#565 = PCURVE('',#566,#571);
#566 = PLANE('',#567);
#567 = AXIS2_PLACEMENT_3D('',#568,#569,#570);
#568 = CARTESIAN_POINT('',(-32.75,-49.75,-1.));
#569 = DIRECTION('',(1.,0.,-0.));
#570 = DIRECTION('',(0.,-1.,0.));
#571 = DEFINITIONAL_REPRESENTATION('',(#572),#575);
#572 = B_SPLINE_CURVE_WITH_KNOTS('',1,(#573,#574),.UNSPECIFIED.,.F.,.F.,
  (2,2),(-35.375,-24.875),.PIECEWISE_BEZIER_KNOTS.);
#573 = CARTESIAN_POINT('',(10.5,-1.));
#574 = CARTESIAN_POINT('',(0.,-1.));
#575 = ( GEOMETRIC_REPRESENTATION_CONTEXT(2) 
PARAMETRIC_REPRESENTATION_CONTEXT() REPRESENTATION_CONTEXT('2D SPACE',''
  ) );
#576 = ORIENTED_EDGE('',*,*,#577,.T.);
#577 = EDGE_CURVE('',#552,#578,#580,.T.);
#578 = VERTEX_POINT('',#579);
#579 = CARTESIAN_POINT('',(-27.25,-49.75,0.));
#580 = SURFACE_CURVE('',#581,(#586,#597),.PCURVE_S1.);
#581 = CIRCLE('',#582,2.75);
#582 = AXIS2_PLACEMENT_3D('',#583,#584,#585);
#583 = CARTESIAN_POINT('',(-30.,-49.75,0.));
#584 = DIRECTION('',(-0.,0.,-1.));
#585 = DIRECTION('',(-2.22044604925E-16,-1.,0.));
#586 = PCURVE('',#160,#587);
#587 = DEFINITIONAL_REPRESENTATION('',(#588),#596);
#588 = ( BOUNDED_CURVE() B_SPLINE_CURVE(2,(#589,#590,#591,#592,#593,#594
,#595),.UNSPECIFIED.,.T.,.F.) B_SPLINE_CURVE_WITH_KNOTS((1,2,2,2,2,1),(
    -2.094395102393,0.,2.094395102393,4.188790204786,6.28318530718,
8.377580409573),.UNSPECIFIED.) CURVE() GEOMETRIC_REPRESENTATION_ITEM() 
RATIONAL_B_SPLINE_CURVE((1.,0.5,1.,0.5,1.,0.5,1.)) REPRESENTATION_ITEM(
  '') );
#589 = CARTESIAN_POINT('',(-29.99999999274,-52.5));
#590 = CARTESIAN_POINT('',(-34.76313971356,-52.5));
#591 = CARTESIAN_POINT('',(-32.38156985315,-48.375));
#592 = CARTESIAN_POINT('',(-29.99999999274,-44.25));
#593 = CARTESIAN_POINT('',(-27.61843013234,-48.375));
#594 = CARTESIAN_POINT('',(-25.23686027193,-52.5));
#595 = CARTESIAN_POINT('',(-29.99999999274,-52.5));
#596 = ( GEOMETRIC_REPRESENTATION_CONTEXT(2) 
PARAMETRIC_REPRESENTATION_CONTEXT() REPRESENTATION_CONTEXT('2D SPACE',''
  ) );
#597 = PCURVE('',#598,#603);
#598 = CYLINDRICAL_SURFACE('',#599,2.75);
#599 = AXIS2_PLACEMENT_3D('',#600,#601,#602);
#600 = CARTESIAN_POINT('',(-30.,-49.75,-1.));
#601 = DIRECTION('',(-0.,0.,-1.));
#602 = DIRECTION('',(-2.22044604925E-16,-1.,0.));
#603 = DEFINITIONAL_REPRESENTATION('',(#604),#608);
#604 = LINE('',#605,#606);
#605 = CARTESIAN_POINT('',(0.,-1.));
#606 = VECTOR('',#607,1.);
#607 = DIRECTION('',(1.,0.));
#608 = ( GEOMETRIC_REPRESENTATION_CONTEXT(2) 
PARAMETRIC_REPRESENTATION_CONTEXT() REPRESENTATION_CONTEXT('2D SPACE',''
  ) );
#609 = ORIENTED_EDGE('',*,*,#610,.T.);
#610 = EDGE_CURVE('',#578,#611,#613,.T.);
#611 = VERTEX_POINT('',#612);
#612 = CARTESIAN_POINT('',(-27.25,-60.25,0.));
#613 = SURFACE_CURVE('',#614,(#618,#624),.PCURVE_S1.);
#614 = LINE('',#615,#616);
#615 = CARTESIAN_POINT('',(-27.25,-30.125,0.));
#616 = VECTOR('',#617,1.);
#617 = DIRECTION('',(0.,-1.,0.));
#618 = PCURVE('',#160,#619);
#619 = DEFINITIONAL_REPRESENTATION('',(#620),#623);
#620 = B_SPLINE_CURVE_WITH_KNOTS('',1,(#621,#622),.UNSPECIFIED.,.F.,.F.,
  (2,2),(19.625,30.125),.PIECEWISE_BEZIER_KNOTS.);
#621 = CARTESIAN_POINT('',(-27.24999999274,-49.75));
#622 = CARTESIAN_POINT('',(-27.24999999274,-60.25));
#623 = ( GEOMETRIC_REPRESENTATION_CONTEXT(2) 
PARAMETRIC_REPRESENTATION_CONTEXT() REPRESENTATION_CONTEXT('2D SPACE',''
  ) );
#624 = PCURVE('',#625,#630);
#625 = PLANE('',#626);
#626 = AXIS2_PLACEMENT_3D('',#627,#628,#629);
#627 = CARTESIAN_POINT('',(-27.25,-60.25,-1.));
#628 = DIRECTION('',(-1.,0.,0.));
#629 = DIRECTION('',(0.,1.,0.));
#630 = DEFINITIONAL_REPRESENTATION('',(#631),#634);
#631 = B_SPLINE_CURVE_WITH_KNOTS('',1,(#632,#633),.UNSPECIFIED.,.F.,.F.,
  (2,2),(19.625,30.125),.PIECEWISE_BEZIER_KNOTS.);
#632 = CARTESIAN_POINT('',(10.5,-1.));
#633 = CARTESIAN_POINT('',(0.,-1.));
#634 = ( GEOMETRIC_REPRESENTATION_CONTEXT(2) 
PARAMETRIC_REPRESENTATION_CONTEXT() REPRESENTATION_CONTEXT('2D SPACE',''
  ) );
#635 = ORIENTED_EDGE('',*,*,#636,.T.);
#636 = EDGE_CURVE('',#611,#550,#637,.T.);
#637 = SURFACE_CURVE('',#638,(#643,#654),.PCURVE_S1.);
#638 = CIRCLE('',#639,2.75);
#639 = AXIS2_PLACEMENT_3D('',#640,#641,#642);
#640 = CARTESIAN_POINT('',(-30.,-60.25,0.));
#641 = DIRECTION('',(0.,0.,-1.));
#642 = DIRECTION('',(2.22044604925E-16,1.,0.));
#643 = PCURVE('',#160,#644);
#644 = DEFINITIONAL_REPRESENTATION('',(#645),#653);
#645 = ( BOUNDED_CURVE() B_SPLINE_CURVE(2,(#646,#647,#648,#649,#650,#651
,#652),.UNSPECIFIED.,.T.,.F.) B_SPLINE_CURVE_WITH_KNOTS((1,2,2,2,2,1),(
    -2.094395102393,0.,2.094395102393,4.188790204786,6.28318530718,
8.377580409573),.UNSPECIFIED.) CURVE() GEOMETRIC_REPRESENTATION_ITEM() 
RATIONAL_B_SPLINE_CURVE((1.,0.5,1.,0.5,1.,0.5,1.)) REPRESENTATION_ITEM(
  '') );
#646 = CARTESIAN_POINT('',(-29.99999999274,-57.5));
#647 = CARTESIAN_POINT('',(-25.23686027193,-57.5));
#648 = CARTESIAN_POINT('',(-27.61843013234,-61.625));
#649 = CARTESIAN_POINT('',(-29.99999999274,-65.75));
#650 = CARTESIAN_POINT('',(-32.38156985315,-61.625));
#651 = CARTESIAN_POINT('',(-34.76313971356,-57.5));
#652 = CARTESIAN_POINT('',(-29.99999999274,-57.5));
#653 = ( GEOMETRIC_REPRESENTATION_CONTEXT(2) 
PARAMETRIC_REPRESENTATION_CONTEXT() REPRESENTATION_CONTEXT('2D SPACE',''
  ) );
#654 = PCURVE('',#655,#660);
#655 = CYLINDRICAL_SURFACE('',#656,2.75);
#656 = AXIS2_PLACEMENT_3D('',#657,#658,#659);
#657 = CARTESIAN_POINT('',(-30.,-60.25,-1.));
#658 = DIRECTION('',(0.,0.,-1.));
#659 = DIRECTION('',(2.22044604925E-16,1.,0.));
#660 = DEFINITIONAL_REPRESENTATION('',(#661),#665);
#661 = LINE('',#662,#663);
#662 = CARTESIAN_POINT('',(0.,-1.));
#663 = VECTOR('',#664,1.);
#664 = DIRECTION('',(1.,0.));
#665 = ( GEOMETRIC_REPRESENTATION_CONTEXT(2) 
PARAMETRIC_REPRESENTATION_CONTEXT() REPRESENTATION_CONTEXT('2D SPACE',''
  ) );
#666 = FACE_BOUND('',#667,.F.);
#667 = EDGE_LOOP('',(#668,#696,#729,#755));
#668 = ORIENTED_EDGE('',*,*,#669,.T.);
#669 = EDGE_CURVE('',#670,#672,#674,.T.);
#670 = VERTEX_POINT('',#671);
#671 = CARTESIAN_POINT('',(27.25,-60.25,0.));
#672 = VERTEX_POINT('',#673);
#673 = CARTESIAN_POINT('',(27.25,-49.75,0.));
#674 = SURFACE_CURVE('',#675,(#679,#685),.PCURVE_S1.);
#675 = LINE('',#676,#677);
#676 = CARTESIAN_POINT('',(27.25,-24.875,0.));
#677 = VECTOR('',#678,1.);
#678 = DIRECTION('',(-0.,1.,0.));
#679 = PCURVE('',#160,#680);
#680 = DEFINITIONAL_REPRESENTATION('',(#681),#684);
#681 = B_SPLINE_CURVE_WITH_KNOTS('',1,(#682,#683),.UNSPECIFIED.,.F.,.F.,
  (2,2),(-35.375,-24.875),.PIECEWISE_BEZIER_KNOTS.);
#682 = CARTESIAN_POINT('',(27.250000007251,-60.25));
#683 = CARTESIAN_POINT('',(27.250000007251,-49.75));
#684 = ( GEOMETRIC_REPRESENTATION_CONTEXT(2) 
PARAMETRIC_REPRESENTATION_CONTEXT() REPRESENTATION_CONTEXT('2D SPACE',''
  ) );
#685 = PCURVE('',#686,#691);
#686 = PLANE('',#687);
#687 = AXIS2_PLACEMENT_3D('',#688,#689,#690);
#688 = CARTESIAN_POINT('',(27.25,-49.75,-1.));
#689 = DIRECTION('',(1.,0.,-0.));
#690 = DIRECTION('',(0.,-1.,0.));
#691 = DEFINITIONAL_REPRESENTATION('',(#692),#695);
#692 = B_SPLINE_CURVE_WITH_KNOTS('',1,(#693,#694),.UNSPECIFIED.,.F.,.F.,
  (2,2),(-35.375,-24.875),.PIECEWISE_BEZIER_KNOTS.);
#693 = CARTESIAN_POINT('',(10.5,-1.));
#694 = CARTESIAN_POINT('',(0.,-1.));
#695 = ( GEOMETRIC_REPRESENTATION_CONTEXT(2) 
PARAMETRIC_REPRESENTATION_CONTEXT() REPRESENTATION_CONTEXT('2D SPACE',''
  ) );
#696 = ORIENTED_EDGE('',*,*,#697,.T.);
#697 = EDGE_CURVE('',#672,#698,#700,.T.);
#698 = VERTEX_POINT('',#699);
#699 = CARTESIAN_POINT('',(32.75,-49.75,0.));
#700 = SURFACE_CURVE('',#701,(#706,#717),.PCURVE_S1.);
#701 = CIRCLE('',#702,2.75);
#702 = AXIS2_PLACEMENT_3D('',#703,#704,#705);
#703 = CARTESIAN_POINT('',(30.,-49.75,0.));
#704 = DIRECTION('',(-0.,0.,-1.));
#705 = DIRECTION('',(-2.22044604925E-16,-1.,0.));
#706 = PCURVE('',#160,#707);
#707 = DEFINITIONAL_REPRESENTATION('',(#708),#716);
#708 = ( BOUNDED_CURVE() B_SPLINE_CURVE(2,(#709,#710,#711,#712,#713,#714
,#715),.UNSPECIFIED.,.T.,.F.) B_SPLINE_CURVE_WITH_KNOTS((1,2,2,2,2,1),(
    -2.094395102393,0.,2.094395102393,4.188790204786,6.28318530718,
8.377580409573),.UNSPECIFIED.) CURVE() GEOMETRIC_REPRESENTATION_ITEM() 
RATIONAL_B_SPLINE_CURVE((1.,0.5,1.,0.5,1.,0.5,1.)) REPRESENTATION_ITEM(
  '') );
#709 = CARTESIAN_POINT('',(30.000000007251,-52.5));
#710 = CARTESIAN_POINT('',(25.236860286436,-52.5));
#711 = CARTESIAN_POINT('',(27.618430146844,-48.375));
#712 = CARTESIAN_POINT('',(30.000000007251,-44.25));
#713 = CARTESIAN_POINT('',(32.381569867658,-48.375));
#714 = CARTESIAN_POINT('',(34.763139728065,-52.5));
#715 = CARTESIAN_POINT('',(30.000000007251,-52.5));
#716 = ( GEOMETRIC_REPRESENTATION_CONTEXT(2) 
PARAMETRIC_REPRESENTATION_CONTEXT() REPRESENTATION_CONTEXT('2D SPACE',''
  ) );
#717 = PCURVE('',#718,#723);
#718 = CYLINDRICAL_SURFACE('',#719,2.75);
#719 = AXIS2_PLACEMENT_3D('',#720,#721,#722);
#720 = CARTESIAN_POINT('',(30.,-49.75,-1.));
#721 = DIRECTION('',(-0.,0.,-1.));
#722 = DIRECTION('',(-2.22044604925E-16,-1.,0.));
#723 = DEFINITIONAL_REPRESENTATION('',(#724),#728);
#724 = LINE('',#725,#726);
#725 = CARTESIAN_POINT('',(0.,-1.));
#726 = VECTOR('',#727,1.);
#727 = DIRECTION('',(1.,0.));
#728 = ( GEOMETRIC_REPRESENTATION_CONTEXT(2) 
PARAMETRIC_REPRESENTATION_CONTEXT() REPRESENTATION_CONTEXT('2D SPACE',''
  ) );
#729 = ORIENTED_EDGE('',*,*,#730,.T.);
#730 = EDGE_CURVE('',#698,#731,#733,.T.);
#731 = VERTEX_POINT('',#732);
#732 = CARTESIAN_POINT('',(32.75,-60.25,0.));
#733 = SURFACE_CURVE('',#734,(#738,#744),.PCURVE_S1.);
#734 = LINE('',#735,#736);
#735 = CARTESIAN_POINT('',(32.75,-30.125,0.));
#736 = VECTOR('',#737,1.);
#737 = DIRECTION('',(0.,-1.,0.));
#738 = PCURVE('',#160,#739);
#739 = DEFINITIONAL_REPRESENTATION('',(#740),#743);
#740 = B_SPLINE_CURVE_WITH_KNOTS('',1,(#741,#742),.UNSPECIFIED.,.F.,.F.,
  (2,2),(19.625,30.125),.PIECEWISE_BEZIER_KNOTS.);
#741 = CARTESIAN_POINT('',(32.750000007251,-49.75));
#742 = CARTESIAN_POINT('',(32.750000007251,-60.25));
#743 = ( GEOMETRIC_REPRESENTATION_CONTEXT(2) 
PARAMETRIC_REPRESENTATION_CONTEXT() REPRESENTATION_CONTEXT('2D SPACE',''
  ) );
#744 = PCURVE('',#745,#750);
#745 = PLANE('',#746);
#746 = AXIS2_PLACEMENT_3D('',#747,#748,#749);
#747 = CARTESIAN_POINT('',(32.75,-60.25,-1.));
#748 = DIRECTION('',(-1.,0.,0.));
#749 = DIRECTION('',(0.,1.,0.));
#750 = DEFINITIONAL_REPRESENTATION('',(#751),#754);
#751 = B_SPLINE_CURVE_WITH_KNOTS('',1,(#752,#753),.UNSPECIFIED.,.F.,.F.,
  (2,2),(19.625,30.125),.PIECEWISE_BEZIER_KNOTS.);
#752 = CARTESIAN_POINT('',(10.5,-1.));
#753 = CARTESIAN_POINT('',(0.,-1.));
#754 = ( GEOMETRIC_REPRESENTATION_CONTEXT(2) 
PARAMETRIC_REPRESENTATION_CONTEXT() REPRESENTATION_CONTEXT('2D SPACE',''
  ) );
#755 = ORIENTED_EDGE('',*,*,#756,.T.);
#756 = EDGE_CURVE('',#731,#670,#757,.T.);
#757 = SURFACE_CURVE('',#758,(#763,#774),.PCURVE_S1.);
#758 = CIRCLE('',#759,2.75);
#759 = AXIS2_PLACEMENT_3D('',#760,#761,#762);
#760 = CARTESIAN_POINT('',(30.,-60.25,0.));
#761 = DIRECTION('',(0.,0.,-1.));
#762 = DIRECTION('',(2.22044604925E-16,1.,0.));
#763 = PCURVE('',#160,#764);
#764 = DEFINITIONAL_REPRESENTATION('',(#765),#773);
#765 = ( BOUNDED_CURVE() B_SPLINE_CURVE(2,(#766,#767,#768,#769,#770,#771
,#772),.UNSPECIFIED.,.T.,.F.) B_SPLINE_CURVE_WITH_KNOTS((1,2,2,2,2,1),(
    -2.094395102393,0.,2.094395102393,4.188790204786,6.28318530718,
8.377580409573),.UNSPECIFIED.) CURVE() GEOMETRIC_REPRESENTATION_ITEM() 
RATIONAL_B_SPLINE_CURVE((1.,0.5,1.,0.5,1.,0.5,1.)) REPRESENTATION_ITEM(
  '') );
#766 = CARTESIAN_POINT('',(30.000000007251,-57.5));
#767 = CARTESIAN_POINT('',(34.763139728065,-57.5));
#768 = CARTESIAN_POINT('',(32.381569867658,-61.625));
#769 = CARTESIAN_POINT('',(30.000000007251,-65.75));
#770 = CARTESIAN_POINT('',(27.618430146844,-61.625));
#771 = CARTESIAN_POINT('',(25.236860286436,-57.5));
#772 = CARTESIAN_POINT('',(30.000000007251,-57.5));
#773 = ( GEOMETRIC_REPRESENTATION_CONTEXT(2) 
PARAMETRIC_REPRESENTATION_CONTEXT() REPRESENTATION_CONTEXT('2D SPACE',''
  ) );
#774 = PCURVE('',#775,#780);
#775 = CYLINDRICAL_SURFACE('',#776,2.75);
#776 = AXIS2_PLACEMENT_3D('',#777,#778,#779);
#777 = CARTESIAN_POINT('',(30.,-60.25,-1.));
#778 = DIRECTION('',(0.,0.,-1.));
#779 = DIRECTION('',(2.22044604925E-16,1.,0.));
#780 = DEFINITIONAL_REPRESENTATION('',(#781),#785);
#781 = LINE('',#782,#783);
#782 = CARTESIAN_POINT('',(0.,-1.));
#783 = VECTOR('',#784,1.);
#784 = DIRECTION('',(1.,0.));
#785 = ( GEOMETRIC_REPRESENTATION_CONTEXT(2) 
PARAMETRIC_REPRESENTATION_CONTEXT() REPRESENTATION_CONTEXT('2D SPACE',''
  ) );
#786 = FACE_BOUND('',#787,.F.);
#787 = EDGE_LOOP('',(#788));
#788 = ORIENTED_EDGE('',*,*,#789,.T.);
#789 = EDGE_CURVE('',#790,#790,#792,.T.);
#790 = VERTEX_POINT('',#791);
#791 = CARTESIAN_POINT('',(73.25,-80.,0.));
#792 = SURFACE_CURVE('',#793,(#798,#809),.PCURVE_S1.);
#793 = CIRCLE('',#794,3.25);
#794 = AXIS2_PLACEMENT_3D('',#795,#796,#797);
#795 = CARTESIAN_POINT('',(70.,-80.,0.));
#796 = DIRECTION('',(0.,0.,-1.));
#797 = DIRECTION('',(1.,0.,0.));
#798 = PCURVE('',#160,#799);
#799 = DEFINITIONAL_REPRESENTATION('',(#800),#808);
#800 = ( BOUNDED_CURVE() B_SPLINE_CURVE(2,(#801,#802,#803,#804,#805,#806
,#807),.UNSPECIFIED.,.T.,.F.) B_SPLINE_CURVE_WITH_KNOTS((1,2,2,2,2,1),(
    -2.094395102393,0.,2.094395102393,4.188790204786,6.28318530718,
8.377580409573),.UNSPECIFIED.) CURVE() GEOMETRIC_REPRESENTATION_ITEM() 
RATIONAL_B_SPLINE_CURVE((1.,0.5,1.,0.5,1.,0.5,1.)) REPRESENTATION_ITEM(
  '') );
#801 = CARTESIAN_POINT('',(73.250000007251,-80.));
#802 = CARTESIAN_POINT('',(73.250000007251,-85.62916512459));
#803 = CARTESIAN_POINT('',(68.375000007251,-82.81458256229));
#804 = CARTESIAN_POINT('',(63.500000007251,-80.));
#805 = CARTESIAN_POINT('',(68.375000007251,-77.1854174377));
#806 = CARTESIAN_POINT('',(73.250000007251,-74.3708348754));
#807 = CARTESIAN_POINT('',(73.250000007251,-80.));
#808 = ( GEOMETRIC_REPRESENTATION_CONTEXT(2) 
PARAMETRIC_REPRESENTATION_CONTEXT() REPRESENTATION_CONTEXT('2D SPACE',''
  ) );
#809 = PCURVE('',#810,#815);
#810 = CYLINDRICAL_SURFACE('',#811,3.25);
#811 = AXIS2_PLACEMENT_3D('',#812,#813,#814);
#812 = CARTESIAN_POINT('',(70.,-80.,-1.));
#813 = DIRECTION('',(-0.,-0.,-1.));
#814 = DIRECTION('',(1.,0.,0.));
#815 = DEFINITIONAL_REPRESENTATION('',(#816),#820);
#816 = LINE('',#817,#818);
#817 = CARTESIAN_POINT('',(-6.28318530718,-1.));
#818 = VECTOR('',#819,1.);
#819 = DIRECTION('',(1.,-0.));
#820 = ( GEOMETRIC_REPRESENTATION_CONTEXT(2) 
PARAMETRIC_REPRESENTATION_CONTEXT() REPRESENTATION_CONTEXT('2D SPACE',''
  ) );
#821 = FACE_BOUND('',#822,.F.);
#822 = EDGE_LOOP('',(#823));
#823 = ORIENTED_EDGE('',*,*,#824,.T.);
#824 = EDGE_CURVE('',#825,#825,#827,.T.);
#825 = VERTEX_POINT('',#826);
#826 = CARTESIAN_POINT('',(-66.75,80.,0.));
#827 = SURFACE_CURVE('',#828,(#833,#844),.PCURVE_S1.);
#828 = CIRCLE('',#829,3.25);
#829 = AXIS2_PLACEMENT_3D('',#830,#831,#832);
#830 = CARTESIAN_POINT('',(-70.,80.,0.));
#831 = DIRECTION('',(0.,0.,-1.));
#832 = DIRECTION('',(1.,0.,0.));
#833 = PCURVE('',#160,#834);
#834 = DEFINITIONAL_REPRESENTATION('',(#835),#843);
#835 = ( BOUNDED_CURVE() B_SPLINE_CURVE(2,(#836,#837,#838,#839,#840,#841
,#842),.UNSPECIFIED.,.T.,.F.) B_SPLINE_CURVE_WITH_KNOTS((1,2,2,2,2,1),(
    -2.094395102393,0.,2.094395102393,4.188790204786,6.28318530718,
8.377580409573),.UNSPECIFIED.) CURVE() GEOMETRIC_REPRESENTATION_ITEM() 
RATIONAL_B_SPLINE_CURVE((1.,0.5,1.,0.5,1.,0.5,1.)) REPRESENTATION_ITEM(
  '') );
#836 = CARTESIAN_POINT('',(-66.74999999274,80.));
#837 = CARTESIAN_POINT('',(-66.74999999274,74.370834875401));
#838 = CARTESIAN_POINT('',(-71.62499999274,77.185417437701));
#839 = CARTESIAN_POINT('',(-76.49999999274,80.));
#840 = CARTESIAN_POINT('',(-71.62499999274,82.814582562299));
#841 = CARTESIAN_POINT('',(-66.74999999274,85.629165124599));
#842 = CARTESIAN_POINT('',(-66.74999999274,80.));
#843 = ( GEOMETRIC_REPRESENTATION_CONTEXT(2) 
PARAMETRIC_REPRESENTATION_CONTEXT() REPRESENTATION_CONTEXT('2D SPACE',''
  ) );
#844 = PCURVE('',#845,#850);
#845 = CYLINDRICAL_SURFACE('',#846,3.25);
#846 = AXIS2_PLACEMENT_3D('',#847,#848,#849);
#847 = CARTESIAN_POINT('',(-70.,80.,-1.));
#848 = DIRECTION('',(-0.,-0.,-1.));
#849 = DIRECTION('',(1.,0.,0.));
#850 = DEFINITIONAL_REPRESENTATION('',(#851),#855);
#851 = LINE('',#852,#853);
#852 = CARTESIAN_POINT('',(-6.28318530718,-1.));
#853 = VECTOR('',#854,1.);
#854 = DIRECTION('',(1.,-0.));
#855 = ( GEOMETRIC_REPRESENTATION_CONTEXT(2) 
PARAMETRIC_REPRESENTATION_CONTEXT() REPRESENTATION_CONTEXT('2D SPACE',''
  ) );
#856 = FACE_BOUND('',#857,.F.);
#857 = EDGE_LOOP('',(#858,#886,#919,#945));
#858 = ORIENTED_EDGE('',*,*,#859,.T.);
#859 = EDGE_CURVE('',#860,#862,#864,.T.);
#860 = VERTEX_POINT('',#861);
#861 = CARTESIAN_POINT('',(-32.75,49.75,0.));
#862 = VERTEX_POINT('',#863);
#863 = CARTESIAN_POINT('',(-32.75,60.25,0.));
#864 = SURFACE_CURVE('',#865,(#869,#875),.PCURVE_S1.);
#865 = LINE('',#866,#867);
#866 = CARTESIAN_POINT('',(-32.75,30.125,0.));
#867 = VECTOR('',#868,1.);
#868 = DIRECTION('',(-0.,1.,0.));
#869 = PCURVE('',#160,#870);
#870 = DEFINITIONAL_REPRESENTATION('',(#871),#874);
#871 = B_SPLINE_CURVE_WITH_KNOTS('',1,(#872,#873),.UNSPECIFIED.,.F.,.F.,
  (2,2),(19.625,30.125),.PIECEWISE_BEZIER_KNOTS.);
#872 = CARTESIAN_POINT('',(-32.74999999274,49.75));
#873 = CARTESIAN_POINT('',(-32.74999999274,60.25));
#874 = ( GEOMETRIC_REPRESENTATION_CONTEXT(2) 
PARAMETRIC_REPRESENTATION_CONTEXT() REPRESENTATION_CONTEXT('2D SPACE',''
  ) );
#875 = PCURVE('',#876,#881);
#876 = PLANE('',#877);
#877 = AXIS2_PLACEMENT_3D('',#878,#879,#880);
#878 = CARTESIAN_POINT('',(-32.75,60.25,-1.));
#879 = DIRECTION('',(1.,0.,-0.));
#880 = DIRECTION('',(0.,-1.,0.));
#881 = DEFINITIONAL_REPRESENTATION('',(#882),#885);
#882 = B_SPLINE_CURVE_WITH_KNOTS('',1,(#883,#884),.UNSPECIFIED.,.F.,.F.,
  (2,2),(19.625,30.125),.PIECEWISE_BEZIER_KNOTS.);
#883 = CARTESIAN_POINT('',(10.5,-1.));
#884 = CARTESIAN_POINT('',(0.,-1.));
#885 = ( GEOMETRIC_REPRESENTATION_CONTEXT(2) 
PARAMETRIC_REPRESENTATION_CONTEXT() REPRESENTATION_CONTEXT('2D SPACE',''
  ) );
#886 = ORIENTED_EDGE('',*,*,#887,.T.);
#887 = EDGE_CURVE('',#862,#888,#890,.T.);
#888 = VERTEX_POINT('',#889);
#889 = CARTESIAN_POINT('',(-27.25,60.25,0.));
#890 = SURFACE_CURVE('',#891,(#896,#907),.PCURVE_S1.);
#891 = CIRCLE('',#892,2.75);
#892 = AXIS2_PLACEMENT_3D('',#893,#894,#895);
#893 = CARTESIAN_POINT('',(-30.,60.25,0.));
#894 = DIRECTION('',(-0.,0.,-1.));
#895 = DIRECTION('',(-2.22044604925E-16,-1.,0.));
#896 = PCURVE('',#160,#897);
#897 = DEFINITIONAL_REPRESENTATION('',(#898),#906);
#898 = ( BOUNDED_CURVE() B_SPLINE_CURVE(2,(#899,#900,#901,#902,#903,#904
,#905),.UNSPECIFIED.,.T.,.F.) B_SPLINE_CURVE_WITH_KNOTS((1,2,2,2,2,1),(
    -2.094395102393,0.,2.094395102393,4.188790204786,6.28318530718,
8.377580409573),.UNSPECIFIED.) CURVE() GEOMETRIC_REPRESENTATION_ITEM() 
RATIONAL_B_SPLINE_CURVE((1.,0.5,1.,0.5,1.,0.5,1.)) REPRESENTATION_ITEM(
  '') );
#899 = CARTESIAN_POINT('',(-29.99999999274,57.5));
#900 = CARTESIAN_POINT('',(-34.76313971356,57.5));
#901 = CARTESIAN_POINT('',(-32.38156985315,61.625));
#902 = CARTESIAN_POINT('',(-29.99999999274,65.75));
#903 = CARTESIAN_POINT('',(-27.61843013234,61.625));
#904 = CARTESIAN_POINT('',(-25.23686027193,57.5));
#905 = CARTESIAN_POINT('',(-29.99999999274,57.5));
#906 = ( GEOMETRIC_REPRESENTATION_CONTEXT(2) 
PARAMETRIC_REPRESENTATION_CONTEXT() REPRESENTATION_CONTEXT('2D SPACE',''
  ) );
#907 = PCURVE('',#908,#913);
#908 = CYLINDRICAL_SURFACE('',#909,2.75);
#909 = AXIS2_PLACEMENT_3D('',#910,#911,#912);
#910 = CARTESIAN_POINT('',(-30.,60.25,-1.));
#911 = DIRECTION('',(-0.,0.,-1.));
#912 = DIRECTION('',(-2.22044604925E-16,-1.,0.));
#913 = DEFINITIONAL_REPRESENTATION('',(#914),#918);
#914 = LINE('',#915,#916);
#915 = CARTESIAN_POINT('',(0.,-1.));
#916 = VECTOR('',#917,1.);
#917 = DIRECTION('',(1.,0.));
#918 = ( GEOMETRIC_REPRESENTATION_CONTEXT(2) 
PARAMETRIC_REPRESENTATION_CONTEXT() REPRESENTATION_CONTEXT('2D SPACE',''
  ) );
#919 = ORIENTED_EDGE('',*,*,#920,.T.);
#920 = EDGE_CURVE('',#888,#921,#923,.T.);
#921 = VERTEX_POINT('',#922);
#922 = CARTESIAN_POINT('',(-27.25,49.75,0.));
#923 = SURFACE_CURVE('',#924,(#928,#934),.PCURVE_S1.);
#924 = LINE('',#925,#926);
#925 = CARTESIAN_POINT('',(-27.25,24.875,0.));
#926 = VECTOR('',#927,1.);
#927 = DIRECTION('',(0.,-1.,0.));
#928 = PCURVE('',#160,#929);
#929 = DEFINITIONAL_REPRESENTATION('',(#930),#933);
#930 = B_SPLINE_CURVE_WITH_KNOTS('',1,(#931,#932),.UNSPECIFIED.,.F.,.F.,
  (2,2),(-35.375,-24.875),.PIECEWISE_BEZIER_KNOTS.);
#931 = CARTESIAN_POINT('',(-27.24999999274,60.25));
#932 = CARTESIAN_POINT('',(-27.24999999274,49.75));
#933 = ( GEOMETRIC_REPRESENTATION_CONTEXT(2) 
PARAMETRIC_REPRESENTATION_CONTEXT() REPRESENTATION_CONTEXT('2D SPACE',''
  ) );
#934 = PCURVE('',#935,#940);
#935 = PLANE('',#936);
#936 = AXIS2_PLACEMENT_3D('',#937,#938,#939);
#937 = CARTESIAN_POINT('',(-27.25,49.75,-1.));
#938 = DIRECTION('',(-1.,0.,0.));
#939 = DIRECTION('',(0.,1.,0.));
#940 = DEFINITIONAL_REPRESENTATION('',(#941),#944);
#941 = B_SPLINE_CURVE_WITH_KNOTS('',1,(#942,#943),.UNSPECIFIED.,.F.,.F.,
  (2,2),(-35.375,-24.875),.PIECEWISE_BEZIER_KNOTS.);
#942 = CARTESIAN_POINT('',(10.5,-1.));
#943 = CARTESIAN_POINT('',(0.,-1.));
#944 = ( GEOMETRIC_REPRESENTATION_CONTEXT(2) 
PARAMETRIC_REPRESENTATION_CONTEXT() REPRESENTATION_CONTEXT('2D SPACE',''
  ) );
#945 = ORIENTED_EDGE('',*,*,#946,.T.);
#946 = EDGE_CURVE('',#921,#860,#947,.T.);
#947 = SURFACE_CURVE('',#948,(#953,#964),.PCURVE_S1.);
#948 = CIRCLE('',#949,2.75);
#949 = AXIS2_PLACEMENT_3D('',#950,#951,#952);
#950 = CARTESIAN_POINT('',(-30.,49.75,0.));
#951 = DIRECTION('',(0.,0.,-1.));
#952 = DIRECTION('',(2.22044604925E-16,1.,0.));
#953 = PCURVE('',#160,#954);
#954 = DEFINITIONAL_REPRESENTATION('',(#955),#963);
#955 = ( BOUNDED_CURVE() B_SPLINE_CURVE(2,(#956,#957,#958,#959,#960,#961
,#962),.UNSPECIFIED.,.T.,.F.) B_SPLINE_CURVE_WITH_KNOTS((1,2,2,2,2,1),(
    -2.094395102393,0.,2.094395102393,4.188790204786,6.28318530718,
8.377580409573),.UNSPECIFIED.) CURVE() GEOMETRIC_REPRESENTATION_ITEM() 
RATIONAL_B_SPLINE_CURVE((1.,0.5,1.,0.5,1.,0.5,1.)) REPRESENTATION_ITEM(
  '') );
#956 = CARTESIAN_POINT('',(-29.99999999274,52.5));
#957 = CARTESIAN_POINT('',(-25.23686027193,52.5));
#958 = CARTESIAN_POINT('',(-27.61843013234,48.375));
#959 = CARTESIAN_POINT('',(-29.99999999274,44.25));
#960 = CARTESIAN_POINT('',(-32.38156985315,48.375));
#961 = CARTESIAN_POINT('',(-34.76313971356,52.5));
#962 = CARTESIAN_POINT('',(-29.99999999274,52.5));
#963 = ( GEOMETRIC_REPRESENTATION_CONTEXT(2) 
PARAMETRIC_REPRESENTATION_CONTEXT() REPRESENTATION_CONTEXT('2D SPACE',''
  ) );
#964 = PCURVE('',#965,#970);
#965 = CYLINDRICAL_SURFACE('',#966,2.75);
#966 = AXIS2_PLACEMENT_3D('',#967,#968,#969);
#967 = CARTESIAN_POINT('',(-30.,49.75,-1.));
#968 = DIRECTION('',(0.,0.,-1.));
#969 = DIRECTION('',(2.22044604925E-16,1.,0.));
#970 = DEFINITIONAL_REPRESENTATION('',(#971),#975);
#971 = LINE('',#972,#973);
#972 = CARTESIAN_POINT('',(0.,-1.));
#973 = VECTOR('',#974,1.);
#974 = DIRECTION('',(1.,0.));
#975 = ( GEOMETRIC_REPRESENTATION_CONTEXT(2) 
PARAMETRIC_REPRESENTATION_CONTEXT() REPRESENTATION_CONTEXT('2D SPACE',''
  ) );
#976 = FACE_BOUND('',#977,.F.);
#977 = EDGE_LOOP('',(#978,#1006,#1039,#1065,#1098,#1124,#1157,#1183));
#978 = ORIENTED_EDGE('',*,*,#979,.F.);
#979 = EDGE_CURVE('',#980,#982,#984,.T.);
#980 = VERTEX_POINT('',#981);
#981 = CARTESIAN_POINT('',(-25.,11.999999927935,0.));
#982 = VERTEX_POINT('',#983);
#983 = CARTESIAN_POINT('',(-25.,-12.,0.));
#984 = SURFACE_CURVE('',#985,(#989,#995),.PCURVE_S1.);
#985 = LINE('',#986,#987);
#986 = CARTESIAN_POINT('',(-25.,-6.,0.));
#987 = VECTOR('',#988,1.);
#988 = DIRECTION('',(0.,-1.,0.));
#989 = PCURVE('',#160,#990);
#990 = DEFINITIONAL_REPRESENTATION('',(#991),#994);
#991 = B_SPLINE_CURVE_WITH_KNOTS('',1,(#992,#993),.UNSPECIFIED.,.F.,.F.,
  (2,2),(-17.99999992793,6.),.PIECEWISE_BEZIER_KNOTS.);
#992 = CARTESIAN_POINT('',(-24.99999999274,11.999999927935));
#993 = CARTESIAN_POINT('',(-24.99999999274,-12.));
#994 = ( GEOMETRIC_REPRESENTATION_CONTEXT(2) 
PARAMETRIC_REPRESENTATION_CONTEXT() REPRESENTATION_CONTEXT('2D SPACE',''
  ) );
#995 = PCURVE('',#996,#1001);
#996 = PLANE('',#997);
#997 = AXIS2_PLACEMENT_3D('',#998,#999,#1000);
#998 = CARTESIAN_POINT('',(-25.,-12.,-1.));
#999 = DIRECTION('',(-1.,0.,0.));
#1000 = DIRECTION('',(0.,1.,0.));
#1001 = DEFINITIONAL_REPRESENTATION('',(#1002),#1005);
#1002 = B_SPLINE_CURVE_WITH_KNOTS('',1,(#1003,#1004),.UNSPECIFIED.,.F.,
  .F.,(2,2),(-17.99999992793,6.),.PIECEWISE_BEZIER_KNOTS.);
#1003 = CARTESIAN_POINT('',(23.999999927935,-1.));
#1004 = CARTESIAN_POINT('',(0.,-1.));
#1005 = ( GEOMETRIC_REPRESENTATION_CONTEXT(2) 
PARAMETRIC_REPRESENTATION_CONTEXT() REPRESENTATION_CONTEXT('2D SPACE',''
  ) );
#1006 = ORIENTED_EDGE('',*,*,#1007,.T.);
#1007 = EDGE_CURVE('',#980,#1008,#1010,.T.);
#1008 = VERTEX_POINT('',#1009);
#1009 = CARTESIAN_POINT('',(-17.,19.999999963968,0.));
#1010 = SURFACE_CURVE('',#1011,(#1016,#1027),.PCURVE_S1.);
#1011 = CIRCLE('',#1012,8.);
#1012 = AXIS2_PLACEMENT_3D('',#1013,#1014,#1015);
#1013 = CARTESIAN_POINT('',(-17.,11.999999927935,0.));
#1014 = DIRECTION('',(0.,0.,-1.));
#1015 = DIRECTION('',(1.,0.,0.));
#1016 = PCURVE('',#160,#1017);
#1017 = DEFINITIONAL_REPRESENTATION('',(#1018),#1026);
#1018 = ( BOUNDED_CURVE() B_SPLINE_CURVE(2,(#1019,#1020,#1021,#1022,
#1023,#1024,#1025),.UNSPECIFIED.,.T.,.F.) B_SPLINE_CURVE_WITH_KNOTS((1,2
    ,2,2,2,1),(-2.094395102393,0.,2.094395102393,4.188790204786,
6.28318530718,8.377580409573),.UNSPECIFIED.) CURVE() 
GEOMETRIC_REPRESENTATION_ITEM() RATIONAL_B_SPLINE_CURVE((1.,0.5,1.,0.5,
1.,0.5,1.)) REPRESENTATION_ITEM('') );
#1019 = CARTESIAN_POINT('',(-8.999999992749,11.999999927935));
#1020 = CARTESIAN_POINT('',(-8.999999992749,-1.856406532616));
#1021 = CARTESIAN_POINT('',(-20.99999999274,5.07179669766));
#1022 = CARTESIAN_POINT('',(-32.99999999274,11.999999927935));
#1023 = CARTESIAN_POINT('',(-20.99999999274,18.928203158211));
#1024 = CARTESIAN_POINT('',(-8.999999992749,25.856406388486));
#1025 = CARTESIAN_POINT('',(-8.999999992749,11.999999927935));
#1026 = ( GEOMETRIC_REPRESENTATION_CONTEXT(2) 
PARAMETRIC_REPRESENTATION_CONTEXT() REPRESENTATION_CONTEXT('2D SPACE',''
  ) );
#1027 = PCURVE('',#1028,#1033);
#1028 = CYLINDRICAL_SURFACE('',#1029,8.);
#1029 = AXIS2_PLACEMENT_3D('',#1030,#1031,#1032);
#1030 = CARTESIAN_POINT('',(-17.,11.999999927935,-1.));
#1031 = DIRECTION('',(-0.,-0.,-1.));
#1032 = DIRECTION('',(1.,0.,0.));
#1033 = DEFINITIONAL_REPRESENTATION('',(#1034),#1038);
#1034 = LINE('',#1035,#1036);
#1035 = CARTESIAN_POINT('',(-6.28318530718,-1.));
#1036 = VECTOR('',#1037,1.);
#1037 = DIRECTION('',(1.,-0.));
#1038 = ( GEOMETRIC_REPRESENTATION_CONTEXT(2) 
PARAMETRIC_REPRESENTATION_CONTEXT() REPRESENTATION_CONTEXT('2D SPACE',''
  ) );
#1039 = ORIENTED_EDGE('',*,*,#1040,.F.);
#1040 = EDGE_CURVE('',#1041,#1008,#1043,.T.);
#1041 = VERTEX_POINT('',#1042);
#1042 = CARTESIAN_POINT('',(17.,19.999999963968,0.));
#1043 = SURFACE_CURVE('',#1044,(#1048,#1054),.PCURVE_S1.);
#1044 = LINE('',#1045,#1046);
#1045 = CARTESIAN_POINT('',(-8.500000003625,20.,0.));
#1046 = VECTOR('',#1047,1.);
#1047 = DIRECTION('',(-1.,0.,0.));
#1048 = PCURVE('',#160,#1049);
#1049 = DEFINITIONAL_REPRESENTATION('',(#1050),#1053);
#1050 = B_SPLINE_CURVE_WITH_KNOTS('',1,(#1051,#1052),.UNSPECIFIED.,.F.,
  .F.,(2,2),(-25.50000000362,8.499999996375),.PIECEWISE_BEZIER_KNOTS.);
#1051 = CARTESIAN_POINT('',(17.000000007251,20.));
#1052 = CARTESIAN_POINT('',(-16.99999999274,20.));
#1053 = ( GEOMETRIC_REPRESENTATION_CONTEXT(2) 
PARAMETRIC_REPRESENTATION_CONTEXT() REPRESENTATION_CONTEXT('2D SPACE',''
  ) );
#1054 = PCURVE('',#1055,#1060);
#1055 = PLANE('',#1056);
#1056 = AXIS2_PLACEMENT_3D('',#1057,#1058,#1059);
#1057 = CARTESIAN_POINT('',(-17.,20.,-1.));
#1058 = DIRECTION('',(0.,1.,0.));
#1059 = DIRECTION('',(1.,0.,0.));
#1060 = DEFINITIONAL_REPRESENTATION('',(#1061),#1064);
#1061 = B_SPLINE_CURVE_WITH_KNOTS('',1,(#1062,#1063),.UNSPECIFIED.,.F.,
  .F.,(2,2),(-25.50000000362,8.499999996375),.PIECEWISE_BEZIER_KNOTS.);
#1062 = CARTESIAN_POINT('',(34.,-1.));
#1063 = CARTESIAN_POINT('',(0.,-1.));
#1064 = ( GEOMETRIC_REPRESENTATION_CONTEXT(2) 
PARAMETRIC_REPRESENTATION_CONTEXT() REPRESENTATION_CONTEXT('2D SPACE',''
  ) );
#1065 = ORIENTED_EDGE('',*,*,#1066,.T.);
#1066 = EDGE_CURVE('',#1041,#1067,#1069,.T.);
#1067 = VERTEX_POINT('',#1068);
#1068 = CARTESIAN_POINT('',(25.,11.999999927935,0.));
#1069 = SURFACE_CURVE('',#1070,(#1075,#1086),.PCURVE_S1.);
#1070 = CIRCLE('',#1071,8.);
#1071 = AXIS2_PLACEMENT_3D('',#1072,#1073,#1074);
#1072 = CARTESIAN_POINT('',(17.,11.999999927935,0.));
#1073 = DIRECTION('',(0.,0.,-1.));
#1074 = DIRECTION('',(1.,0.,0.));
#1075 = PCURVE('',#160,#1076);
#1076 = DEFINITIONAL_REPRESENTATION('',(#1077),#1085);
#1077 = ( BOUNDED_CURVE() B_SPLINE_CURVE(2,(#1078,#1079,#1080,#1081,
#1082,#1083,#1084),.UNSPECIFIED.,.T.,.F.) B_SPLINE_CURVE_WITH_KNOTS((1,2
    ,2,2,2,1),(-2.094395102393,0.,2.094395102393,4.188790204786,
6.28318530718,8.377580409573),.UNSPECIFIED.) CURVE() 
GEOMETRIC_REPRESENTATION_ITEM() RATIONAL_B_SPLINE_CURVE((1.,0.5,1.,0.5,
1.,0.5,1.)) REPRESENTATION_ITEM('') );
#1078 = CARTESIAN_POINT('',(25.000000007251,11.999999927935));
#1079 = CARTESIAN_POINT('',(25.000000007251,-1.856406532616));
#1080 = CARTESIAN_POINT('',(13.000000007251,5.07179669766));
#1081 = CARTESIAN_POINT('',(1.000000007251,11.999999927935));
#1082 = CARTESIAN_POINT('',(13.000000007251,18.928203158211));
#1083 = CARTESIAN_POINT('',(25.000000007251,25.856406388486));
#1084 = CARTESIAN_POINT('',(25.000000007251,11.999999927935));
#1085 = ( GEOMETRIC_REPRESENTATION_CONTEXT(2) 
PARAMETRIC_REPRESENTATION_CONTEXT() REPRESENTATION_CONTEXT('2D SPACE',''
  ) );
#1086 = PCURVE('',#1087,#1092);
#1087 = CYLINDRICAL_SURFACE('',#1088,8.);
#1088 = AXIS2_PLACEMENT_3D('',#1089,#1090,#1091);
#1089 = CARTESIAN_POINT('',(17.,11.999999927935,-1.));
#1090 = DIRECTION('',(-0.,-0.,-1.));
#1091 = DIRECTION('',(1.,0.,0.));
#1092 = DEFINITIONAL_REPRESENTATION('',(#1093),#1097);
#1093 = LINE('',#1094,#1095);
#1094 = CARTESIAN_POINT('',(-6.28318530718,-1.));
#1095 = VECTOR('',#1096,1.);
#1096 = DIRECTION('',(1.,-0.));
#1097 = ( GEOMETRIC_REPRESENTATION_CONTEXT(2) 
PARAMETRIC_REPRESENTATION_CONTEXT() REPRESENTATION_CONTEXT('2D SPACE',''
  ) );
#1098 = ORIENTED_EDGE('',*,*,#1099,.T.);
#1099 = EDGE_CURVE('',#1067,#1100,#1102,.T.);
#1100 = VERTEX_POINT('',#1101);
#1101 = CARTESIAN_POINT('',(25.,-12.,0.));
#1102 = SURFACE_CURVE('',#1103,(#1107,#1113),.PCURVE_S1.);
#1103 = LINE('',#1104,#1105);
#1104 = CARTESIAN_POINT('',(25.,-6.,0.));
#1105 = VECTOR('',#1106,1.);
#1106 = DIRECTION('',(0.,-1.,0.));
#1107 = PCURVE('',#160,#1108);
#1108 = DEFINITIONAL_REPRESENTATION('',(#1109),#1112);
#1109 = B_SPLINE_CURVE_WITH_KNOTS('',1,(#1110,#1111),.UNSPECIFIED.,.F.,
  .F.,(2,2),(-17.99999992793,6.),.PIECEWISE_BEZIER_KNOTS.);
#1110 = CARTESIAN_POINT('',(25.000000007251,11.999999927935));
#1111 = CARTESIAN_POINT('',(25.000000007251,-12.));
#1112 = ( GEOMETRIC_REPRESENTATION_CONTEXT(2) 
PARAMETRIC_REPRESENTATION_CONTEXT() REPRESENTATION_CONTEXT('2D SPACE',''
  ) );
#1113 = PCURVE('',#1114,#1119);
#1114 = PLANE('',#1115);
#1115 = AXIS2_PLACEMENT_3D('',#1116,#1117,#1118);
#1116 = CARTESIAN_POINT('',(25.,-12.,-1.));
#1117 = DIRECTION('',(-1.,0.,0.));
#1118 = DIRECTION('',(0.,1.,0.));
#1119 = DEFINITIONAL_REPRESENTATION('',(#1120),#1123);
#1120 = B_SPLINE_CURVE_WITH_KNOTS('',1,(#1121,#1122),.UNSPECIFIED.,.F.,
  .F.,(2,2),(-17.99999992793,6.),.PIECEWISE_BEZIER_KNOTS.);
#1121 = CARTESIAN_POINT('',(23.999999927935,-1.));
#1122 = CARTESIAN_POINT('',(0.,-1.));
#1123 = ( GEOMETRIC_REPRESENTATION_CONTEXT(2) 
PARAMETRIC_REPRESENTATION_CONTEXT() REPRESENTATION_CONTEXT('2D SPACE',''
  ) );
#1124 = ORIENTED_EDGE('',*,*,#1125,.T.);
#1125 = EDGE_CURVE('',#1100,#1126,#1128,.T.);
#1126 = VERTEX_POINT('',#1127);
#1127 = CARTESIAN_POINT('',(17.,-20.,0.));
#1128 = SURFACE_CURVE('',#1129,(#1134,#1145),.PCURVE_S1.);
#1129 = CIRCLE('',#1130,8.);
#1130 = AXIS2_PLACEMENT_3D('',#1131,#1132,#1133);
#1131 = CARTESIAN_POINT('',(17.,-12.,0.));
#1132 = DIRECTION('',(0.,0.,-1.));
#1133 = DIRECTION('',(1.,0.,0.));
#1134 = PCURVE('',#160,#1135);
#1135 = DEFINITIONAL_REPRESENTATION('',(#1136),#1144);
#1136 = ( BOUNDED_CURVE() B_SPLINE_CURVE(2,(#1137,#1138,#1139,#1140,
#1141,#1142,#1143),.UNSPECIFIED.,.T.,.F.) B_SPLINE_CURVE_WITH_KNOTS((1,2
    ,2,2,2,1),(-2.094395102393,0.,2.094395102393,4.188790204786,
6.28318530718,8.377580409573),.UNSPECIFIED.) CURVE() 
GEOMETRIC_REPRESENTATION_ITEM() RATIONAL_B_SPLINE_CURVE((1.,0.5,1.,0.5,
1.,0.5,1.)) REPRESENTATION_ITEM('') );
#1137 = CARTESIAN_POINT('',(25.000000007251,-12.));
#1138 = CARTESIAN_POINT('',(25.000000007251,-25.85640646055));
#1139 = CARTESIAN_POINT('',(13.000000007251,-18.92820323027));
#1140 = CARTESIAN_POINT('',(1.000000007251,-12.));
#1141 = CARTESIAN_POINT('',(13.000000007251,-5.071796769725));
#1142 = CARTESIAN_POINT('',(25.000000007251,1.856406460551));
#1143 = CARTESIAN_POINT('',(25.000000007251,-12.));
#1144 = ( GEOMETRIC_REPRESENTATION_CONTEXT(2) 
PARAMETRIC_REPRESENTATION_CONTEXT() REPRESENTATION_CONTEXT('2D SPACE',''
  ) );
#1145 = PCURVE('',#1146,#1151);
#1146 = CYLINDRICAL_SURFACE('',#1147,8.);
#1147 = AXIS2_PLACEMENT_3D('',#1148,#1149,#1150);
#1148 = CARTESIAN_POINT('',(17.,-12.,-1.));
#1149 = DIRECTION('',(-0.,-0.,-1.));
#1150 = DIRECTION('',(1.,0.,0.));
#1151 = DEFINITIONAL_REPRESENTATION('',(#1152),#1156);
#1152 = LINE('',#1153,#1154);
#1153 = CARTESIAN_POINT('',(-6.28318530718,-1.));
#1154 = VECTOR('',#1155,1.);
#1155 = DIRECTION('',(1.,-0.));
#1156 = ( GEOMETRIC_REPRESENTATION_CONTEXT(2) 
PARAMETRIC_REPRESENTATION_CONTEXT() REPRESENTATION_CONTEXT('2D SPACE',''
  ) );
#1157 = ORIENTED_EDGE('',*,*,#1158,.T.);
#1158 = EDGE_CURVE('',#1126,#1159,#1161,.T.);
#1159 = VERTEX_POINT('',#1160);
#1160 = CARTESIAN_POINT('',(-17.,-20.,0.));
#1161 = SURFACE_CURVE('',#1162,(#1166,#1172),.PCURVE_S1.);
#1162 = LINE('',#1163,#1164);
#1163 = CARTESIAN_POINT('',(-8.500000003625,-20.,0.));
#1164 = VECTOR('',#1165,1.);
#1165 = DIRECTION('',(-1.,0.,0.));
#1166 = PCURVE('',#160,#1167);
#1167 = DEFINITIONAL_REPRESENTATION('',(#1168),#1171);
#1168 = B_SPLINE_CURVE_WITH_KNOTS('',1,(#1169,#1170),.UNSPECIFIED.,.F.,
  .F.,(2,2),(-25.50000000362,8.499999996375),.PIECEWISE_BEZIER_KNOTS.);
#1169 = CARTESIAN_POINT('',(17.000000007251,-20.));
#1170 = CARTESIAN_POINT('',(-16.99999999274,-20.));
#1171 = ( GEOMETRIC_REPRESENTATION_CONTEXT(2) 
PARAMETRIC_REPRESENTATION_CONTEXT() REPRESENTATION_CONTEXT('2D SPACE',''
  ) );
#1172 = PCURVE('',#1173,#1178);
#1173 = PLANE('',#1174);
#1174 = AXIS2_PLACEMENT_3D('',#1175,#1176,#1177);
#1175 = CARTESIAN_POINT('',(-17.,-20.,-1.));
#1176 = DIRECTION('',(0.,1.,0.));
#1177 = DIRECTION('',(1.,0.,0.));
#1178 = DEFINITIONAL_REPRESENTATION('',(#1179),#1182);
#1179 = B_SPLINE_CURVE_WITH_KNOTS('',1,(#1180,#1181),.UNSPECIFIED.,.F.,
  .F.,(2,2),(-25.50000000362,8.499999996375),.PIECEWISE_BEZIER_KNOTS.);
#1180 = CARTESIAN_POINT('',(34.,-1.));
#1181 = CARTESIAN_POINT('',(0.,-1.));
#1182 = ( GEOMETRIC_REPRESENTATION_CONTEXT(2) 
PARAMETRIC_REPRESENTATION_CONTEXT() REPRESENTATION_CONTEXT('2D SPACE',''
  ) );
#1183 = ORIENTED_EDGE('',*,*,#1184,.T.);
#1184 = EDGE_CURVE('',#1159,#982,#1185,.T.);
#1185 = SURFACE_CURVE('',#1186,(#1191,#1202),.PCURVE_S1.);
#1186 = CIRCLE('',#1187,8.);
#1187 = AXIS2_PLACEMENT_3D('',#1188,#1189,#1190);
#1188 = CARTESIAN_POINT('',(-17.,-12.,0.));
#1189 = DIRECTION('',(0.,0.,-1.));
#1190 = DIRECTION('',(1.,0.,0.));
#1191 = PCURVE('',#160,#1192);
#1192 = DEFINITIONAL_REPRESENTATION('',(#1193),#1201);
#1193 = ( BOUNDED_CURVE() B_SPLINE_CURVE(2,(#1194,#1195,#1196,#1197,
#1198,#1199,#1200),.UNSPECIFIED.,.T.,.F.) B_SPLINE_CURVE_WITH_KNOTS((1,2
    ,2,2,2,1),(-2.094395102393,0.,2.094395102393,4.188790204786,
6.28318530718,8.377580409573),.UNSPECIFIED.) CURVE() 
GEOMETRIC_REPRESENTATION_ITEM() RATIONAL_B_SPLINE_CURVE((1.,0.5,1.,0.5,
1.,0.5,1.)) REPRESENTATION_ITEM('') );
#1194 = CARTESIAN_POINT('',(-8.999999992749,-12.));
#1195 = CARTESIAN_POINT('',(-8.999999992749,-25.85640646055));
#1196 = CARTESIAN_POINT('',(-20.99999999274,-18.92820323027));
#1197 = CARTESIAN_POINT('',(-32.99999999274,-12.));
#1198 = CARTESIAN_POINT('',(-20.99999999274,-5.071796769725));
#1199 = CARTESIAN_POINT('',(-8.999999992749,1.856406460551));
#1200 = CARTESIAN_POINT('',(-8.999999992749,-12.));
#1201 = ( GEOMETRIC_REPRESENTATION_CONTEXT(2) 
PARAMETRIC_REPRESENTATION_CONTEXT() REPRESENTATION_CONTEXT('2D SPACE',''
  ) );
#1202 = PCURVE('',#1203,#1208);
#1203 = CYLINDRICAL_SURFACE('',#1204,8.);
#1204 = AXIS2_PLACEMENT_3D('',#1205,#1206,#1207);
#1205 = CARTESIAN_POINT('',(-17.,-12.,-1.));
#1206 = DIRECTION('',(-0.,-0.,-1.));
#1207 = DIRECTION('',(1.,0.,0.));
#1208 = DEFINITIONAL_REPRESENTATION('',(#1209),#1213);
#1209 = LINE('',#1210,#1211);
#1210 = CARTESIAN_POINT('',(-6.28318530718,-1.));
#1211 = VECTOR('',#1212,1.);
#1212 = DIRECTION('',(1.,-0.));
#1213 = ( GEOMETRIC_REPRESENTATION_CONTEXT(2) 
PARAMETRIC_REPRESENTATION_CONTEXT() REPRESENTATION_CONTEXT('2D SPACE',''
  ) );
#1214 = FACE_BOUND('',#1215,.F.);
#1215 = EDGE_LOOP('',(#1216,#1244,#1277,#1303));
#1216 = ORIENTED_EDGE('',*,*,#1217,.T.);
#1217 = EDGE_CURVE('',#1218,#1220,#1222,.T.);
#1218 = VERTEX_POINT('',#1219);
#1219 = CARTESIAN_POINT('',(27.25,49.75,0.));
#1220 = VERTEX_POINT('',#1221);
#1221 = CARTESIAN_POINT('',(27.25,60.25,0.));
#1222 = SURFACE_CURVE('',#1223,(#1227,#1233),.PCURVE_S1.);
#1223 = LINE('',#1224,#1225);
#1224 = CARTESIAN_POINT('',(27.25,30.125,0.));
#1225 = VECTOR('',#1226,1.);
#1226 = DIRECTION('',(-0.,1.,0.));
#1227 = PCURVE('',#160,#1228);
#1228 = DEFINITIONAL_REPRESENTATION('',(#1229),#1232);
#1229 = B_SPLINE_CURVE_WITH_KNOTS('',1,(#1230,#1231),.UNSPECIFIED.,.F.,
  .F.,(2,2),(19.625,30.125),.PIECEWISE_BEZIER_KNOTS.);
#1230 = CARTESIAN_POINT('',(27.250000007251,49.75));
#1231 = CARTESIAN_POINT('',(27.250000007251,60.25));
#1232 = ( GEOMETRIC_REPRESENTATION_CONTEXT(2) 
PARAMETRIC_REPRESENTATION_CONTEXT() REPRESENTATION_CONTEXT('2D SPACE',''
  ) );
#1233 = PCURVE('',#1234,#1239);
#1234 = PLANE('',#1235);
#1235 = AXIS2_PLACEMENT_3D('',#1236,#1237,#1238);
#1236 = CARTESIAN_POINT('',(27.25,60.25,-1.));
#1237 = DIRECTION('',(1.,0.,-0.));
#1238 = DIRECTION('',(0.,-1.,0.));
#1239 = DEFINITIONAL_REPRESENTATION('',(#1240),#1243);
#1240 = B_SPLINE_CURVE_WITH_KNOTS('',1,(#1241,#1242),.UNSPECIFIED.,.F.,
  .F.,(2,2),(19.625,30.125),.PIECEWISE_BEZIER_KNOTS.);
#1241 = CARTESIAN_POINT('',(10.5,-1.));
#1242 = CARTESIAN_POINT('',(0.,-1.));
#1243 = ( GEOMETRIC_REPRESENTATION_CONTEXT(2) 
PARAMETRIC_REPRESENTATION_CONTEXT() REPRESENTATION_CONTEXT('2D SPACE',''
  ) );
#1244 = ORIENTED_EDGE('',*,*,#1245,.T.);
#1245 = EDGE_CURVE('',#1220,#1246,#1248,.T.);
#1246 = VERTEX_POINT('',#1247);
#1247 = CARTESIAN_POINT('',(32.75,60.25,0.));
#1248 = SURFACE_CURVE('',#1249,(#1254,#1265),.PCURVE_S1.);
#1249 = CIRCLE('',#1250,2.75);
#1250 = AXIS2_PLACEMENT_3D('',#1251,#1252,#1253);
#1251 = CARTESIAN_POINT('',(30.,60.25,0.));
#1252 = DIRECTION('',(-0.,0.,-1.));
#1253 = DIRECTION('',(-2.22044604925E-16,-1.,0.));
#1254 = PCURVE('',#160,#1255);
#1255 = DEFINITIONAL_REPRESENTATION('',(#1256),#1264);
#1256 = ( BOUNDED_CURVE() B_SPLINE_CURVE(2,(#1257,#1258,#1259,#1260,
#1261,#1262,#1263),.UNSPECIFIED.,.T.,.F.) B_SPLINE_CURVE_WITH_KNOTS((1,2
    ,2,2,2,1),(-2.094395102393,0.,2.094395102393,4.188790204786,
6.28318530718,8.377580409573),.UNSPECIFIED.) CURVE() 
GEOMETRIC_REPRESENTATION_ITEM() RATIONAL_B_SPLINE_CURVE((1.,0.5,1.,0.5,
1.,0.5,1.)) REPRESENTATION_ITEM('') );
#1257 = CARTESIAN_POINT('',(30.000000007251,57.5));
#1258 = CARTESIAN_POINT('',(25.236860286436,57.5));
#1259 = CARTESIAN_POINT('',(27.618430146844,61.625));
#1260 = CARTESIAN_POINT('',(30.000000007251,65.75));
#1261 = CARTESIAN_POINT('',(32.381569867658,61.625));
#1262 = CARTESIAN_POINT('',(34.763139728065,57.5));
#1263 = CARTESIAN_POINT('',(30.000000007251,57.5));
#1264 = ( GEOMETRIC_REPRESENTATION_CONTEXT(2) 
PARAMETRIC_REPRESENTATION_CONTEXT() REPRESENTATION_CONTEXT('2D SPACE',''
  ) );
#1265 = PCURVE('',#1266,#1271);
#1266 = CYLINDRICAL_SURFACE('',#1267,2.75);
#1267 = AXIS2_PLACEMENT_3D('',#1268,#1269,#1270);
#1268 = CARTESIAN_POINT('',(30.,60.25,-1.));
#1269 = DIRECTION('',(-0.,0.,-1.));
#1270 = DIRECTION('',(-2.22044604925E-16,-1.,0.));
#1271 = DEFINITIONAL_REPRESENTATION('',(#1272),#1276);
#1272 = LINE('',#1273,#1274);
#1273 = CARTESIAN_POINT('',(0.,-1.));
#1274 = VECTOR('',#1275,1.);
#1275 = DIRECTION('',(1.,0.));
#1276 = ( GEOMETRIC_REPRESENTATION_CONTEXT(2) 
PARAMETRIC_REPRESENTATION_CONTEXT() REPRESENTATION_CONTEXT('2D SPACE',''
  ) );
#1277 = ORIENTED_EDGE('',*,*,#1278,.T.);
#1278 = EDGE_CURVE('',#1246,#1279,#1281,.T.);
#1279 = VERTEX_POINT('',#1280);
#1280 = CARTESIAN_POINT('',(32.75,49.75,0.));
#1281 = SURFACE_CURVE('',#1282,(#1286,#1292),.PCURVE_S1.);
#1282 = LINE('',#1283,#1284);
#1283 = CARTESIAN_POINT('',(32.75,24.875,0.));
#1284 = VECTOR('',#1285,1.);
#1285 = DIRECTION('',(0.,-1.,0.));
#1286 = PCURVE('',#160,#1287);
#1287 = DEFINITIONAL_REPRESENTATION('',(#1288),#1291);
#1288 = B_SPLINE_CURVE_WITH_KNOTS('',1,(#1289,#1290),.UNSPECIFIED.,.F.,
  .F.,(2,2),(-35.375,-24.875),.PIECEWISE_BEZIER_KNOTS.);
#1289 = CARTESIAN_POINT('',(32.750000007251,60.25));
#1290 = CARTESIAN_POINT('',(32.750000007251,49.75));
#1291 = ( GEOMETRIC_REPRESENTATION_CONTEXT(2) 
PARAMETRIC_REPRESENTATION_CONTEXT() REPRESENTATION_CONTEXT('2D SPACE',''
  ) );
#1292 = PCURVE('',#1293,#1298);
#1293 = PLANE('',#1294);
#1294 = AXIS2_PLACEMENT_3D('',#1295,#1296,#1297);
#1295 = CARTESIAN_POINT('',(32.75,49.75,-1.));
#1296 = DIRECTION('',(-1.,0.,0.));
#1297 = DIRECTION('',(0.,1.,0.));
#1298 = DEFINITIONAL_REPRESENTATION('',(#1299),#1302);
#1299 = B_SPLINE_CURVE_WITH_KNOTS('',1,(#1300,#1301),.UNSPECIFIED.,.F.,
  .F.,(2,2),(-35.375,-24.875),.PIECEWISE_BEZIER_KNOTS.);
#1300 = CARTESIAN_POINT('',(10.5,-1.));
#1301 = CARTESIAN_POINT('',(0.,-1.));
#1302 = ( GEOMETRIC_REPRESENTATION_CONTEXT(2) 
PARAMETRIC_REPRESENTATION_CONTEXT() REPRESENTATION_CONTEXT('2D SPACE',''
  ) );
#1303 = ORIENTED_EDGE('',*,*,#1304,.T.);
#1304 = EDGE_CURVE('',#1279,#1218,#1305,.T.);
#1305 = SURFACE_CURVE('',#1306,(#1311,#1322),.PCURVE_S1.);
#1306 = CIRCLE('',#1307,2.75);
#1307 = AXIS2_PLACEMENT_3D('',#1308,#1309,#1310);
#1308 = CARTESIAN_POINT('',(30.,49.75,0.));
#1309 = DIRECTION('',(0.,0.,-1.));
#1310 = DIRECTION('',(2.22044604925E-16,1.,0.));
#1311 = PCURVE('',#160,#1312);
#1312 = DEFINITIONAL_REPRESENTATION('',(#1313),#1321);
#1313 = ( BOUNDED_CURVE() B_SPLINE_CURVE(2,(#1314,#1315,#1316,#1317,
#1318,#1319,#1320),.UNSPECIFIED.,.T.,.F.) B_SPLINE_CURVE_WITH_KNOTS((1,2
    ,2,2,2,1),(-2.094395102393,0.,2.094395102393,4.188790204786,
6.28318530718,8.377580409573),.UNSPECIFIED.) CURVE() 
GEOMETRIC_REPRESENTATION_ITEM() RATIONAL_B_SPLINE_CURVE((1.,0.5,1.,0.5,
1.,0.5,1.)) REPRESENTATION_ITEM('') );
#1314 = CARTESIAN_POINT('',(30.000000007251,52.5));
#1315 = CARTESIAN_POINT('',(34.763139728065,52.5));
#1316 = CARTESIAN_POINT('',(32.381569867658,48.375));
#1317 = CARTESIAN_POINT('',(30.000000007251,44.25));
#1318 = CARTESIAN_POINT('',(27.618430146844,48.375));
#1319 = CARTESIAN_POINT('',(25.236860286436,52.5));
#1320 = CARTESIAN_POINT('',(30.000000007251,52.5));
#1321 = ( GEOMETRIC_REPRESENTATION_CONTEXT(2) 
PARAMETRIC_REPRESENTATION_CONTEXT() REPRESENTATION_CONTEXT('2D SPACE',''
  ) );
#1322 = PCURVE('',#1323,#1328);
#1323 = CYLINDRICAL_SURFACE('',#1324,2.75);
#1324 = AXIS2_PLACEMENT_3D('',#1325,#1326,#1327);
#1325 = CARTESIAN_POINT('',(30.,49.75,-1.));
#1326 = DIRECTION('',(0.,0.,-1.));
#1327 = DIRECTION('',(2.22044604925E-16,1.,0.));
#1328 = DEFINITIONAL_REPRESENTATION('',(#1329),#1333);
#1329 = LINE('',#1330,#1331);
#1330 = CARTESIAN_POINT('',(0.,-1.));
#1331 = VECTOR('',#1332,1.);
#1332 = DIRECTION('',(1.,0.));
#1333 = ( GEOMETRIC_REPRESENTATION_CONTEXT(2) 
PARAMETRIC_REPRESENTATION_CONTEXT() REPRESENTATION_CONTEXT('2D SPACE',''
  ) );
#1334 = FACE_BOUND('',#1335,.F.);
#1335 = EDGE_LOOP('',(#1336));
#1336 = ORIENTED_EDGE('',*,*,#1337,.T.);
#1337 = EDGE_CURVE('',#1338,#1338,#1340,.T.);
#1338 = VERTEX_POINT('',#1339);
#1339 = CARTESIAN_POINT('',(73.25,80.,0.));
#1340 = SURFACE_CURVE('',#1341,(#1346,#1357),.PCURVE_S1.);
#1341 = CIRCLE('',#1342,3.25);
#1342 = AXIS2_PLACEMENT_3D('',#1343,#1344,#1345);
#1343 = CARTESIAN_POINT('',(70.,80.,0.));
#1344 = DIRECTION('',(0.,0.,-1.));
#1345 = DIRECTION('',(1.,0.,0.));
#1346 = PCURVE('',#160,#1347);
#1347 = DEFINITIONAL_REPRESENTATION('',(#1348),#1356);
#1348 = ( BOUNDED_CURVE() B_SPLINE_CURVE(2,(#1349,#1350,#1351,#1352,
#1353,#1354,#1355),.UNSPECIFIED.,.T.,.F.) B_SPLINE_CURVE_WITH_KNOTS((1,2
    ,2,2,2,1),(-2.094395102393,0.,2.094395102393,4.188790204786,
6.28318530718,8.377580409573),.UNSPECIFIED.) CURVE() 
GEOMETRIC_REPRESENTATION_ITEM() RATIONAL_B_SPLINE_CURVE((1.,0.5,1.,0.5,
1.,0.5,1.)) REPRESENTATION_ITEM('') );
#1349 = CARTESIAN_POINT('',(73.250000007251,80.));
#1350 = CARTESIAN_POINT('',(73.250000007251,74.370834875401));
#1351 = CARTESIAN_POINT('',(68.375000007251,77.185417437701));
#1352 = CARTESIAN_POINT('',(63.500000007251,80.));
#1353 = CARTESIAN_POINT('',(68.375000007251,82.814582562299));
#1354 = CARTESIAN_POINT('',(73.250000007251,85.629165124599));
#1355 = CARTESIAN_POINT('',(73.250000007251,80.));
#1356 = ( GEOMETRIC_REPRESENTATION_CONTEXT(2) 
PARAMETRIC_REPRESENTATION_CONTEXT() REPRESENTATION_CONTEXT('2D SPACE',''
  ) );
#1357 = PCURVE('',#1358,#1363);
#1358 = CYLINDRICAL_SURFACE('',#1359,3.25);
#1359 = AXIS2_PLACEMENT_3D('',#1360,#1361,#1362);
#1360 = CARTESIAN_POINT('',(70.,80.,-1.));
#1361 = DIRECTION('',(-0.,-0.,-1.));
#1362 = DIRECTION('',(1.,0.,0.));
#1363 = DEFINITIONAL_REPRESENTATION('',(#1364),#1368);
#1364 = LINE('',#1365,#1366);
#1365 = CARTESIAN_POINT('',(-6.28318530718,-1.));
#1366 = VECTOR('',#1367,1.);
#1367 = DIRECTION('',(1.,-0.));
#1368 = ( GEOMETRIC_REPRESENTATION_CONTEXT(2) 
PARAMETRIC_REPRESENTATION_CONTEXT() REPRESENTATION_CONTEXT('2D SPACE',''
  ) );
#1369 = ADVANCED_FACE('',(#1370),#134,.T.);
#1370 = FACE_BOUND('',#1371,.T.);
#1371 = EDGE_LOOP('',(#1372,#1373,#1397,#1418));
#1372 = ORIENTED_EDGE('',*,*,#118,.T.);
#1373 = ORIENTED_EDGE('',*,*,#1374,.T.);
#1374 = EDGE_CURVE('',#91,#1375,#1377,.T.);
#1375 = VERTEX_POINT('',#1376);
#1376 = CARTESIAN_POINT('',(-79.,95.,4.));
#1377 = SURFACE_CURVE('',#1378,(#1383,#1390),.PCURVE_S1.);
#1378 = CIRCLE('',#1379,6.);
#1379 = AXIS2_PLACEMENT_3D('',#1380,#1381,#1382);
#1380 = CARTESIAN_POINT('',(-79.,89.,4.));
#1381 = DIRECTION('',(-0.,0.,-1.));
#1382 = DIRECTION('',(-1.,0.,0.));
#1383 = PCURVE('',#134,#1384);
#1384 = DEFINITIONAL_REPRESENTATION('',(#1385),#1389);
#1385 = LINE('',#1386,#1387);
#1386 = CARTESIAN_POINT('',(0.,-4.));
#1387 = VECTOR('',#1388,1.);
#1388 = DIRECTION('',(1.,0.));
#1389 = ( GEOMETRIC_REPRESENTATION_CONTEXT(2) 
PARAMETRIC_REPRESENTATION_CONTEXT() REPRESENTATION_CONTEXT('2D SPACE',''
  ) );
#1390 = PCURVE('',#299,#1391);
#1391 = DEFINITIONAL_REPRESENTATION('',(#1392),#1396);
#1392 = LINE('',#1393,#1394);
#1393 = CARTESIAN_POINT('',(0.,-0.));
#1394 = VECTOR('',#1395,1.);
#1395 = DIRECTION('',(1.,-0.));
#1396 = ( GEOMETRIC_REPRESENTATION_CONTEXT(2) 
PARAMETRIC_REPRESENTATION_CONTEXT() REPRESENTATION_CONTEXT('2D SPACE',''
  ) );
#1397 = ORIENTED_EDGE('',*,*,#1398,.F.);
#1398 = EDGE_CURVE('',#459,#1375,#1399,.T.);
#1399 = SURFACE_CURVE('',#1400,(#1404,#1411),.PCURVE_S1.);
#1400 = LINE('',#1401,#1402);
#1401 = CARTESIAN_POINT('',(-79.,95.,0.));
#1402 = VECTOR('',#1403,1.);
#1403 = DIRECTION('',(0.,0.,1.));
#1404 = PCURVE('',#134,#1405);
#1405 = DEFINITIONAL_REPRESENTATION('',(#1406),#1410);
#1406 = LINE('',#1407,#1408);
#1407 = CARTESIAN_POINT('',(1.570796326795,0.));
#1408 = VECTOR('',#1409,1.);
#1409 = DIRECTION('',(0.,-1.));
#1410 = ( GEOMETRIC_REPRESENTATION_CONTEXT(2) 
PARAMETRIC_REPRESENTATION_CONTEXT() REPRESENTATION_CONTEXT('2D SPACE',''
  ) );
#1411 = PCURVE('',#474,#1412);
#1412 = DEFINITIONAL_REPRESENTATION('',(#1413),#1417);
#1413 = LINE('',#1414,#1415);
#1414 = CARTESIAN_POINT('',(0.,0.));
#1415 = VECTOR('',#1416,1.);
#1416 = DIRECTION('',(0.,-1.));
#1417 = ( GEOMETRIC_REPRESENTATION_CONTEXT(2) 
PARAMETRIC_REPRESENTATION_CONTEXT() REPRESENTATION_CONTEXT('2D SPACE',''
  ) );
#1418 = ORIENTED_EDGE('',*,*,#486,.F.);
#1419 = ADVANCED_FACE('',(#1420),#193,.F.);
#1420 = FACE_BOUND('',#1421,.F.);
#1421 = EDGE_LOOP('',(#1422,#1423,#1451,#1472));
#1422 = ORIENTED_EDGE('',*,*,#175,.T.);
#1423 = ORIENTED_EDGE('',*,*,#1424,.F.);
#1424 = EDGE_CURVE('',#1425,#178,#1427,.T.);
#1425 = VERTEX_POINT('',#1426);
#1426 = CARTESIAN_POINT('',(78.999999970879,-95.,4.));
#1427 = SURFACE_CURVE('',#1428,(#1432,#1439),.PCURVE_S1.);
#1428 = LINE('',#1429,#1430);
#1429 = CARTESIAN_POINT('',(78.999999970879,-95.,4.));
#1430 = VECTOR('',#1431,1.);
#1431 = DIRECTION('',(-1.,-0.,-0.));
#1432 = PCURVE('',#193,#1433);
#1433 = DEFINITIONAL_REPRESENTATION('',(#1434),#1438);
#1434 = LINE('',#1435,#1436);
#1435 = CARTESIAN_POINT('',(157.99999997088,-4.));
#1436 = VECTOR('',#1437,1.);
#1437 = DIRECTION('',(-1.,0.));
#1438 = ( GEOMETRIC_REPRESENTATION_CONTEXT(2) 
PARAMETRIC_REPRESENTATION_CONTEXT() REPRESENTATION_CONTEXT('2D SPACE',''
  ) );
#1439 = PCURVE('',#1440,#1445);
#1440 = PLANE('',#1441);
#1441 = AXIS2_PLACEMENT_3D('',#1442,#1443,#1444);
#1442 = CARTESIAN_POINT('',(78.999999970879,-94.5,4.5));
#1443 = DIRECTION('',(0.,0.707106781187,-0.707106781187));
#1444 = DIRECTION('',(-1.,0.,-0.));
#1445 = DEFINITIONAL_REPRESENTATION('',(#1446),#1450);
#1446 = LINE('',#1447,#1448);
#1447 = CARTESIAN_POINT('',(0.,-0.707106781187));
#1448 = VECTOR('',#1449,1.);
#1449 = DIRECTION('',(1.,0.));
#1450 = ( GEOMETRIC_REPRESENTATION_CONTEXT(2) 
PARAMETRIC_REPRESENTATION_CONTEXT() REPRESENTATION_CONTEXT('2D SPACE',''
  ) );
#1451 = ORIENTED_EDGE('',*,*,#1452,.F.);
#1452 = EDGE_CURVE('',#342,#1425,#1453,.T.);
#1453 = SURFACE_CURVE('',#1454,(#1458,#1465),.PCURVE_S1.);
#1454 = LINE('',#1455,#1456);
#1455 = CARTESIAN_POINT('',(78.999999970879,-95.,0.));
#1456 = VECTOR('',#1457,1.);
#1457 = DIRECTION('',(0.,0.,1.));
#1458 = PCURVE('',#193,#1459);
#1459 = DEFINITIONAL_REPRESENTATION('',(#1460),#1464);
#1460 = LINE('',#1461,#1462);
#1461 = CARTESIAN_POINT('',(157.99999997088,0.));
#1462 = VECTOR('',#1463,1.);
#1463 = DIRECTION('',(0.,-1.));
#1464 = ( GEOMETRIC_REPRESENTATION_CONTEXT(2) 
PARAMETRIC_REPRESENTATION_CONTEXT() REPRESENTATION_CONTEXT('2D SPACE',''
  ) );
#1465 = PCURVE('',#385,#1466);
#1466 = DEFINITIONAL_REPRESENTATION('',(#1467),#1471);
#1467 = LINE('',#1468,#1469);
#1468 = CARTESIAN_POINT('',(4.712388980385,0.));
#1469 = VECTOR('',#1470,1.);
#1470 = DIRECTION('',(0.,-1.));
#1471 = ( GEOMETRIC_REPRESENTATION_CONTEXT(2) 
PARAMETRIC_REPRESENTATION_CONTEXT() REPRESENTATION_CONTEXT('2D SPACE',''
  ) );
#1472 = ORIENTED_EDGE('',*,*,#341,.F.);
#1473 = ADVANCED_FACE('',(#1474),#220,.T.);
#1474 = FACE_BOUND('',#1475,.F.);
#1475 = EDGE_LOOP('',(#1476,#1497,#1498,#1499));
#1476 = ORIENTED_EDGE('',*,*,#1477,.F.);
#1477 = EDGE_CURVE('',#178,#1478,#1480,.T.);
#1478 = VERTEX_POINT('',#1479);
#1479 = CARTESIAN_POINT('',(-79.,-94.,5.));
#1480 = SURFACE_CURVE('',#1481,(#1485,#1491),.PCURVE_S1.);
#1481 = LINE('',#1482,#1483);
#1482 = CARTESIAN_POINT('',(-79.,-94.5,4.5));
#1483 = VECTOR('',#1484,1.);
#1484 = DIRECTION('',(0.,0.707106781187,0.707106781187));
#1485 = PCURVE('',#220,#1486);
#1486 = DEFINITIONAL_REPRESENTATION('',(#1487),#1490);
#1487 = B_SPLINE_CURVE_WITH_KNOTS('',1,(#1488,#1489),.UNSPECIFIED.,.F.,
  .F.,(2,2),(-0.707106781187,0.707106781187),.PIECEWISE_BEZIER_KNOTS.);
#1488 = CARTESIAN_POINT('',(0.,0.));
#1489 = CARTESIAN_POINT('',(0.,-1.));
#1490 = ( GEOMETRIC_REPRESENTATION_CONTEXT(2) 
PARAMETRIC_REPRESENTATION_CONTEXT() REPRESENTATION_CONTEXT('2D SPACE',''
  ) );
#1491 = PCURVE('',#1440,#1492);
#1492 = DEFINITIONAL_REPRESENTATION('',(#1493),#1496);
#1493 = B_SPLINE_CURVE_WITH_KNOTS('',1,(#1494,#1495),.UNSPECIFIED.,.F.,
  .F.,(2,2),(-0.707106781187,0.707106781187),.PIECEWISE_BEZIER_KNOTS.);
#1494 = CARTESIAN_POINT('',(157.99999997088,-0.707106781187));
#1495 = CARTESIAN_POINT('',(157.99999997088,0.707106781187));
#1496 = ( GEOMETRIC_REPRESENTATION_CONTEXT(2) 
PARAMETRIC_REPRESENTATION_CONTEXT() REPRESENTATION_CONTEXT('2D SPACE',''
  ) );
#1497 = ORIENTED_EDGE('',*,*,#205,.T.);
#1498 = ORIENTED_EDGE('',*,*,#262,.T.);
#1499 = ORIENTED_EDGE('',*,*,#1500,.F.);
#1500 = EDGE_CURVE('',#1478,#263,#1501,.T.);
#1501 = SURFACE_CURVE('',#1502,(#1507,#1514),.PCURVE_S1.);
#1502 = CIRCLE('',#1503,5.);
#1503 = AXIS2_PLACEMENT_3D('',#1504,#1505,#1506);
#1504 = CARTESIAN_POINT('',(-79.,-89.,5.));
#1505 = DIRECTION('',(-0.,-0.,-1.));
#1506 = DIRECTION('',(0.,-1.,0.));
#1507 = PCURVE('',#220,#1508);
#1508 = DEFINITIONAL_REPRESENTATION('',(#1509),#1513);
#1509 = LINE('',#1510,#1511);
#1510 = CARTESIAN_POINT('',(0.,-1.));
#1511 = VECTOR('',#1512,1.);
#1512 = DIRECTION('',(1.,-0.));
#1513 = ( GEOMETRIC_REPRESENTATION_CONTEXT(2) 
PARAMETRIC_REPRESENTATION_CONTEXT() REPRESENTATION_CONTEXT('2D SPACE',''
  ) );
#1514 = PCURVE('',#324,#1515);
#1515 = DEFINITIONAL_REPRESENTATION('',(#1516),#1524);
#1516 = ( BOUNDED_CURVE() B_SPLINE_CURVE(2,(#1517,#1518,#1519,#1520,
#1521,#1522,#1523),.UNSPECIFIED.,.T.,.F.) B_SPLINE_CURVE_WITH_KNOTS((1,2
    ,2,2,2,1),(-2.094395102393,0.,2.094395102393,4.188790204786,
6.28318530718,8.377580409573),.UNSPECIFIED.) CURVE() 
GEOMETRIC_REPRESENTATION_ITEM() RATIONAL_B_SPLINE_CURVE((1.,0.5,1.,0.5,
1.,0.5,1.)) REPRESENTATION_ITEM('') );
#1517 = CARTESIAN_POINT('',(-78.99999999275,-94.));
#1518 = CARTESIAN_POINT('',(-87.6602540306,-94.));
#1519 = CARTESIAN_POINT('',(-83.33012701167,-86.5));
#1520 = CARTESIAN_POINT('',(-78.99999999275,-79.));
#1521 = CARTESIAN_POINT('',(-74.66987297383,-86.5));
#1522 = CARTESIAN_POINT('',(-70.33974595491,-94.));
#1523 = CARTESIAN_POINT('',(-78.99999999275,-94.));
#1524 = ( GEOMETRIC_REPRESENTATION_CONTEXT(2) 
PARAMETRIC_REPRESENTATION_CONTEXT() REPRESENTATION_CONTEXT('2D SPACE',''
  ) );
#1525 = ADVANCED_FACE('',(#1526,#1701,#1736,#1860,#1984,#2019,#2054,
    #2178,#2408,#2532),#324,.T.);
#1526 = FACE_BOUND('',#1527,.T.);
#1527 = EDGE_LOOP('',(#1528,#1529,#1530,#1553,#1586,#1614,#1647,#1675));
#1528 = ORIENTED_EDGE('',*,*,#310,.F.);
#1529 = ORIENTED_EDGE('',*,*,#1500,.F.);
#1530 = ORIENTED_EDGE('',*,*,#1531,.F.);
#1531 = EDGE_CURVE('',#1532,#1478,#1534,.T.);
#1532 = VERTEX_POINT('',#1533);
#1533 = CARTESIAN_POINT('',(78.999999970879,-94.,5.));
#1534 = SURFACE_CURVE('',#1535,(#1539,#1546),.PCURVE_S1.);
#1535 = LINE('',#1536,#1537);
#1536 = CARTESIAN_POINT('',(78.999999970879,-94.,5.));
#1537 = VECTOR('',#1538,1.);
#1538 = DIRECTION('',(-1.,-0.,-0.));
#1539 = PCURVE('',#324,#1540);
#1540 = DEFINITIONAL_REPRESENTATION('',(#1541),#1545);
#1541 = LINE('',#1542,#1543);
#1542 = CARTESIAN_POINT('',(78.99999997813,-94.));
#1543 = VECTOR('',#1544,1.);
#1544 = DIRECTION('',(-1.,-0.));
#1545 = ( GEOMETRIC_REPRESENTATION_CONTEXT(2) 
PARAMETRIC_REPRESENTATION_CONTEXT() REPRESENTATION_CONTEXT('2D SPACE',''
  ) );
#1546 = PCURVE('',#1440,#1547);
#1547 = DEFINITIONAL_REPRESENTATION('',(#1548),#1552);
#1548 = LINE('',#1549,#1550);
#1549 = CARTESIAN_POINT('',(0.,0.707106781187));
#1550 = VECTOR('',#1551,1.);
#1551 = DIRECTION('',(1.,0.));
#1552 = ( GEOMETRIC_REPRESENTATION_CONTEXT(2) 
PARAMETRIC_REPRESENTATION_CONTEXT() REPRESENTATION_CONTEXT('2D SPACE',''
  ) );
#1553 = ORIENTED_EDGE('',*,*,#1554,.F.);
#1554 = EDGE_CURVE('',#1555,#1532,#1557,.T.);
#1555 = VERTEX_POINT('',#1556);
#1556 = CARTESIAN_POINT('',(84.000000000006,-89.,5.));
#1557 = SURFACE_CURVE('',#1558,(#1563,#1574),.PCURVE_S1.);
#1558 = CIRCLE('',#1559,5.);
#1559 = AXIS2_PLACEMENT_3D('',#1560,#1561,#1562);
#1560 = CARTESIAN_POINT('',(78.999999970879,-89.,5.));
#1561 = DIRECTION('',(0.,0.,-1.));
#1562 = DIRECTION('',(1.,0.,0.));
#1563 = PCURVE('',#324,#1564);
#1564 = DEFINITIONAL_REPRESENTATION('',(#1565),#1573);
#1565 = ( BOUNDED_CURVE() B_SPLINE_CURVE(2,(#1566,#1567,#1568,#1569,
#1570,#1571,#1572),.UNSPECIFIED.,.T.,.F.) B_SPLINE_CURVE_WITH_KNOTS((1,2
    ,2,2,2,1),(-2.094395102393,0.,2.094395102393,4.188790204786,
6.28318530718,8.377580409573),.UNSPECIFIED.) CURVE() 
GEOMETRIC_REPRESENTATION_ITEM() RATIONAL_B_SPLINE_CURVE((1.,0.5,1.,0.5,
1.,0.5,1.)) REPRESENTATION_ITEM('') );
#1566 = CARTESIAN_POINT('',(83.99999997813,-89.));
#1567 = CARTESIAN_POINT('',(83.99999997813,-97.66025403784));
#1568 = CARTESIAN_POINT('',(76.49999997813,-93.33012701892));
#1569 = CARTESIAN_POINT('',(68.99999997813,-89.));
#1570 = CARTESIAN_POINT('',(76.49999997813,-84.66987298107));
#1571 = CARTESIAN_POINT('',(83.99999997813,-80.33974596215));
#1572 = CARTESIAN_POINT('',(83.99999997813,-89.));
#1573 = ( GEOMETRIC_REPRESENTATION_CONTEXT(2) 
PARAMETRIC_REPRESENTATION_CONTEXT() REPRESENTATION_CONTEXT('2D SPACE',''
  ) );
#1574 = PCURVE('',#1575,#1580);
#1575 = CONICAL_SURFACE('',#1576,6.,0.785398163397);
#1576 = AXIS2_PLACEMENT_3D('',#1577,#1578,#1579);
#1577 = CARTESIAN_POINT('',(78.999999970879,-89.,4.));
#1578 = DIRECTION('',(-0.,-0.,-1.));
#1579 = DIRECTION('',(1.,0.,0.));
#1580 = DEFINITIONAL_REPRESENTATION('',(#1581),#1585);
#1581 = LINE('',#1582,#1583);
#1582 = CARTESIAN_POINT('',(0.,-1.));
#1583 = VECTOR('',#1584,1.);
#1584 = DIRECTION('',(1.,-0.));
#1585 = ( GEOMETRIC_REPRESENTATION_CONTEXT(2) 
PARAMETRIC_REPRESENTATION_CONTEXT() REPRESENTATION_CONTEXT('2D SPACE',''
  ) );
#1586 = ORIENTED_EDGE('',*,*,#1587,.F.);
#1587 = EDGE_CURVE('',#1588,#1555,#1590,.T.);
#1588 = VERTEX_POINT('',#1589);
#1589 = CARTESIAN_POINT('',(83.999999970879,89.,5.));
#1590 = SURFACE_CURVE('',#1591,(#1595,#1602),.PCURVE_S1.);
#1591 = LINE('',#1592,#1593);
#1592 = CARTESIAN_POINT('',(84.000000000006,89.,5.));
#1593 = VECTOR('',#1594,1.);
#1594 = DIRECTION('',(-0.,-1.,-0.));
#1595 = PCURVE('',#324,#1596);
#1596 = DEFINITIONAL_REPRESENTATION('',(#1597),#1601);
#1597 = LINE('',#1598,#1599);
#1598 = CARTESIAN_POINT('',(84.000000007257,89.));
#1599 = VECTOR('',#1600,1.);
#1600 = DIRECTION('',(-0.,-1.));
#1601 = ( GEOMETRIC_REPRESENTATION_CONTEXT(2) 
PARAMETRIC_REPRESENTATION_CONTEXT() REPRESENTATION_CONTEXT('2D SPACE',''
  ) );
#1602 = PCURVE('',#1603,#1608);
#1603 = PLANE('',#1604);
#1604 = AXIS2_PLACEMENT_3D('',#1605,#1606,#1607);
#1605 = CARTESIAN_POINT('',(84.500000000006,89.,4.5));
#1606 = DIRECTION('',(-0.707106781187,0.,-0.707106781187));
#1607 = DIRECTION('',(0.,-1.,-0.));
#1608 = DEFINITIONAL_REPRESENTATION('',(#1609),#1613);
#1609 = LINE('',#1610,#1611);
#1610 = CARTESIAN_POINT('',(0.,0.707106781187));
#1611 = VECTOR('',#1612,1.);
#1612 = DIRECTION('',(1.,0.));
#1613 = ( GEOMETRIC_REPRESENTATION_CONTEXT(2) 
PARAMETRIC_REPRESENTATION_CONTEXT() REPRESENTATION_CONTEXT('2D SPACE',''
  ) );
#1614 = ORIENTED_EDGE('',*,*,#1615,.F.);
#1615 = EDGE_CURVE('',#1616,#1588,#1618,.T.);
#1616 = VERTEX_POINT('',#1617);
#1617 = CARTESIAN_POINT('',(78.999999970879,94.,5.));
#1618 = SURFACE_CURVE('',#1619,(#1624,#1635),.PCURVE_S1.);
#1619 = CIRCLE('',#1620,5.);
#1620 = AXIS2_PLACEMENT_3D('',#1621,#1622,#1623);
#1621 = CARTESIAN_POINT('',(78.999999970879,89.,5.));
#1622 = DIRECTION('',(0.,-0.,-1.));
#1623 = DIRECTION('',(0.,1.,-0.));
#1624 = PCURVE('',#324,#1625);
#1625 = DEFINITIONAL_REPRESENTATION('',(#1626),#1634);
#1626 = ( BOUNDED_CURVE() B_SPLINE_CURVE(2,(#1627,#1628,#1629,#1630,
#1631,#1632,#1633),.UNSPECIFIED.,.T.,.F.) B_SPLINE_CURVE_WITH_KNOTS((1,2
    ,2,2,2,1),(-2.094395102393,0.,2.094395102393,4.188790204786,
6.28318530718,8.377580409573),.UNSPECIFIED.) CURVE() 
GEOMETRIC_REPRESENTATION_ITEM() RATIONAL_B_SPLINE_CURVE((1.,0.5,1.,0.5,
1.,0.5,1.)) REPRESENTATION_ITEM('') );
#1627 = CARTESIAN_POINT('',(78.99999997813,94.));
#1628 = CARTESIAN_POINT('',(87.660254015974,94.));
#1629 = CARTESIAN_POINT('',(83.330126997052,86.5));
#1630 = CARTESIAN_POINT('',(78.99999997813,79.));
#1631 = CARTESIAN_POINT('',(74.669872959207,86.5));
#1632 = CARTESIAN_POINT('',(70.339745940285,94.));
#1633 = CARTESIAN_POINT('',(78.99999997813,94.));
#1634 = ( GEOMETRIC_REPRESENTATION_CONTEXT(2) 
PARAMETRIC_REPRESENTATION_CONTEXT() REPRESENTATION_CONTEXT('2D SPACE',''
  ) );
#1635 = PCURVE('',#1636,#1641);
#1636 = CONICAL_SURFACE('',#1637,6.,0.785398163397);
#1637 = AXIS2_PLACEMENT_3D('',#1638,#1639,#1640);
#1638 = CARTESIAN_POINT('',(78.999999970879,89.,4.));
#1639 = DIRECTION('',(-0.,-0.,-1.));
#1640 = DIRECTION('',(0.,1.,-0.));
#1641 = DEFINITIONAL_REPRESENTATION('',(#1642),#1646);
#1642 = LINE('',#1643,#1644);
#1643 = CARTESIAN_POINT('',(0.,-1.));
#1644 = VECTOR('',#1645,1.);
#1645 = DIRECTION('',(1.,-0.));
#1646 = ( GEOMETRIC_REPRESENTATION_CONTEXT(2) 
PARAMETRIC_REPRESENTATION_CONTEXT() REPRESENTATION_CONTEXT('2D SPACE',''
  ) );
#1647 = ORIENTED_EDGE('',*,*,#1648,.F.);
#1648 = EDGE_CURVE('',#1649,#1616,#1651,.T.);
#1649 = VERTEX_POINT('',#1650);
#1650 = CARTESIAN_POINT('',(-79.,94.,5.));
#1651 = SURFACE_CURVE('',#1652,(#1656,#1663),.PCURVE_S1.);
#1652 = LINE('',#1653,#1654);
#1653 = CARTESIAN_POINT('',(-79.,94.,5.));
#1654 = VECTOR('',#1655,1.);
#1655 = DIRECTION('',(1.,0.,0.));
#1656 = PCURVE('',#324,#1657);
#1657 = DEFINITIONAL_REPRESENTATION('',(#1658),#1662);
#1658 = LINE('',#1659,#1660);
#1659 = CARTESIAN_POINT('',(-78.99999999275,94.));
#1660 = VECTOR('',#1661,1.);
#1661 = DIRECTION('',(1.,0.));
#1662 = ( GEOMETRIC_REPRESENTATION_CONTEXT(2) 
PARAMETRIC_REPRESENTATION_CONTEXT() REPRESENTATION_CONTEXT('2D SPACE',''
  ) );
#1663 = PCURVE('',#1664,#1669);
#1664 = PLANE('',#1665);
#1665 = AXIS2_PLACEMENT_3D('',#1666,#1667,#1668);
#1666 = CARTESIAN_POINT('',(-79.,94.5,4.5));
#1667 = DIRECTION('',(0.,0.707106781187,0.707106781187));
#1668 = DIRECTION('',(-1.,-0.,0.));
#1669 = DEFINITIONAL_REPRESENTATION('',(#1670),#1674);
#1670 = LINE('',#1671,#1672);
#1671 = CARTESIAN_POINT('',(-0.,0.707106781187));
#1672 = VECTOR('',#1673,1.);
#1673 = DIRECTION('',(-1.,0.));
#1674 = ( GEOMETRIC_REPRESENTATION_CONTEXT(2) 
PARAMETRIC_REPRESENTATION_CONTEXT() REPRESENTATION_CONTEXT('2D SPACE',''
  ) );
#1675 = ORIENTED_EDGE('',*,*,#1676,.F.);
#1676 = EDGE_CURVE('',#285,#1649,#1677,.T.);
#1677 = SURFACE_CURVE('',#1678,(#1683,#1694),.PCURVE_S1.);
#1678 = CIRCLE('',#1679,5.);
#1679 = AXIS2_PLACEMENT_3D('',#1680,#1681,#1682);
#1680 = CARTESIAN_POINT('',(-79.,89.,5.));
#1681 = DIRECTION('',(-0.,0.,-1.));
#1682 = DIRECTION('',(-1.,0.,0.));
#1683 = PCURVE('',#324,#1684);
#1684 = DEFINITIONAL_REPRESENTATION('',(#1685),#1693);
#1685 = ( BOUNDED_CURVE() B_SPLINE_CURVE(2,(#1686,#1687,#1688,#1689,
#1690,#1691,#1692),.UNSPECIFIED.,.T.,.F.) B_SPLINE_CURVE_WITH_KNOTS((1,2
    ,2,2,2,1),(-2.094395102393,0.,2.094395102393,4.188790204786,
6.28318530718,8.377580409573),.UNSPECIFIED.) CURVE() 
GEOMETRIC_REPRESENTATION_ITEM() RATIONAL_B_SPLINE_CURVE((1.,0.5,1.,0.5,
1.,0.5,1.)) REPRESENTATION_ITEM('') );
#1686 = CARTESIAN_POINT('',(-83.99999999275,89.));
#1687 = CARTESIAN_POINT('',(-83.99999999275,97.660254037844));
#1688 = CARTESIAN_POINT('',(-76.49999999275,93.330127018922));
#1689 = CARTESIAN_POINT('',(-68.99999999275,89.));
#1690 = CARTESIAN_POINT('',(-76.49999999275,84.669872981078));
#1691 = CARTESIAN_POINT('',(-83.99999999275,80.339745962156));
#1692 = CARTESIAN_POINT('',(-83.99999999275,89.));
#1693 = ( GEOMETRIC_REPRESENTATION_CONTEXT(2) 
PARAMETRIC_REPRESENTATION_CONTEXT() REPRESENTATION_CONTEXT('2D SPACE',''
  ) );
#1694 = PCURVE('',#299,#1695);
#1695 = DEFINITIONAL_REPRESENTATION('',(#1696),#1700);
#1696 = LINE('',#1697,#1698);
#1697 = CARTESIAN_POINT('',(0.,-1.));
#1698 = VECTOR('',#1699,1.);
#1699 = DIRECTION('',(1.,-0.));
#1700 = ( GEOMETRIC_REPRESENTATION_CONTEXT(2) 
PARAMETRIC_REPRESENTATION_CONTEXT() REPRESENTATION_CONTEXT('2D SPACE',''
  ) );
#1701 = FACE_BOUND('',#1702,.T.);
#1702 = EDGE_LOOP('',(#1703));
#1703 = ORIENTED_EDGE('',*,*,#1704,.T.);
#1704 = EDGE_CURVE('',#1705,#1705,#1707,.T.);
#1705 = VERTEX_POINT('',#1706);
#1706 = CARTESIAN_POINT('',(-65.75,-80.,5.));
#1707 = SURFACE_CURVE('',#1708,(#1713,#1724),.PCURVE_S1.);
#1708 = CIRCLE('',#1709,4.25);
#1709 = AXIS2_PLACEMENT_3D('',#1710,#1711,#1712);
#1710 = CARTESIAN_POINT('',(-70.,-80.,5.));
#1711 = DIRECTION('',(0.,-0.,-1.));
#1712 = DIRECTION('',(1.,0.,-0.));
#1713 = PCURVE('',#324,#1714);
#1714 = DEFINITIONAL_REPRESENTATION('',(#1715),#1723);
#1715 = ( BOUNDED_CURVE() B_SPLINE_CURVE(2,(#1716,#1717,#1718,#1719,
#1720,#1721,#1722),.UNSPECIFIED.,.T.,.F.) B_SPLINE_CURVE_WITH_KNOTS((1,2
    ,2,2,2,1),(-2.094395102393,0.,2.094395102393,4.188790204786,
6.28318530718,8.377580409573),.UNSPECIFIED.) CURVE() 
GEOMETRIC_REPRESENTATION_ITEM() RATIONAL_B_SPLINE_CURVE((1.,0.5,1.,0.5,
1.,0.5,1.)) REPRESENTATION_ITEM('') );
#1716 = CARTESIAN_POINT('',(-65.74999999274,-80.));
#1717 = CARTESIAN_POINT('',(-65.74999999274,-87.36121593216));
#1718 = CARTESIAN_POINT('',(-72.12499999274,-83.68060796608));
#1719 = CARTESIAN_POINT('',(-78.49999999274,-80.));
#1720 = CARTESIAN_POINT('',(-72.12499999274,-76.31939203391));
#1721 = CARTESIAN_POINT('',(-65.74999999274,-72.63878406783));
#1722 = CARTESIAN_POINT('',(-65.74999999274,-80.));
#1723 = ( GEOMETRIC_REPRESENTATION_CONTEXT(2) 
PARAMETRIC_REPRESENTATION_CONTEXT() REPRESENTATION_CONTEXT('2D SPACE',''
  ) );
#1724 = PCURVE('',#1725,#1730);
#1725 = CONICAL_SURFACE('',#1726,3.25,0.785398163397);
#1726 = AXIS2_PLACEMENT_3D('',#1727,#1728,#1729);
#1727 = CARTESIAN_POINT('',(-70.,-80.,4.));
#1728 = DIRECTION('',(0.,0.,1.));
#1729 = DIRECTION('',(1.,0.,-0.));
#1730 = DEFINITIONAL_REPRESENTATION('',(#1731),#1735);
#1731 = LINE('',#1732,#1733);
#1732 = CARTESIAN_POINT('',(0.,1.));
#1733 = VECTOR('',#1734,1.);
#1734 = DIRECTION('',(-1.,-0.));
#1735 = ( GEOMETRIC_REPRESENTATION_CONTEXT(2) 
PARAMETRIC_REPRESENTATION_CONTEXT() REPRESENTATION_CONTEXT('2D SPACE',''
  ) );
#1736 = FACE_BOUND('',#1737,.T.);
#1737 = EDGE_LOOP('',(#1738,#1768,#1801,#1829));
#1738 = ORIENTED_EDGE('',*,*,#1739,.T.);
#1739 = EDGE_CURVE('',#1740,#1742,#1744,.T.);
#1740 = VERTEX_POINT('',#1741);
#1741 = CARTESIAN_POINT('',(-33.75,-60.25,5.));
#1742 = VERTEX_POINT('',#1743);
#1743 = CARTESIAN_POINT('',(-33.75,-49.75,5.));
#1744 = SURFACE_CURVE('',#1745,(#1749,#1756),.PCURVE_S1.);
#1745 = LINE('',#1746,#1747);
#1746 = CARTESIAN_POINT('',(-33.75,-60.25,5.));
#1747 = VECTOR('',#1748,1.);
#1748 = DIRECTION('',(-0.,1.,0.));
#1749 = PCURVE('',#324,#1750);
#1750 = DEFINITIONAL_REPRESENTATION('',(#1751),#1755);
#1751 = LINE('',#1752,#1753);
#1752 = CARTESIAN_POINT('',(-33.74999999274,-60.25));
#1753 = VECTOR('',#1754,1.);
#1754 = DIRECTION('',(0.,1.));
#1755 = ( GEOMETRIC_REPRESENTATION_CONTEXT(2) 
PARAMETRIC_REPRESENTATION_CONTEXT() REPRESENTATION_CONTEXT('2D SPACE',''
  ) );
#1756 = PCURVE('',#1757,#1762);
#1757 = PLANE('',#1758);
#1758 = AXIS2_PLACEMENT_3D('',#1759,#1760,#1761);
#1759 = CARTESIAN_POINT('',(-33.25,-60.25,4.5));
#1760 = DIRECTION('',(0.707106781187,0.,0.707106781187));
#1761 = DIRECTION('',(0.,-1.,-0.));
#1762 = DEFINITIONAL_REPRESENTATION('',(#1763),#1767);
#1763 = LINE('',#1764,#1765);
#1764 = CARTESIAN_POINT('',(-0.,-0.707106781187));
#1765 = VECTOR('',#1766,1.);
#1766 = DIRECTION('',(-1.,0.));
#1767 = ( GEOMETRIC_REPRESENTATION_CONTEXT(2) 
PARAMETRIC_REPRESENTATION_CONTEXT() REPRESENTATION_CONTEXT('2D SPACE',''
  ) );
#1768 = ORIENTED_EDGE('',*,*,#1769,.T.);
#1769 = EDGE_CURVE('',#1742,#1770,#1772,.T.);
#1770 = VERTEX_POINT('',#1771);
#1771 = CARTESIAN_POINT('',(-26.25,-49.75,5.));
#1772 = SURFACE_CURVE('',#1773,(#1778,#1789),.PCURVE_S1.);
#1773 = CIRCLE('',#1774,3.75);
#1774 = AXIS2_PLACEMENT_3D('',#1775,#1776,#1777);
#1775 = CARTESIAN_POINT('',(-30.,-49.75,5.));
#1776 = DIRECTION('',(-0.,0.,-1.));
#1777 = DIRECTION('',(-1.,0.,0.));
#1778 = PCURVE('',#324,#1779);
#1779 = DEFINITIONAL_REPRESENTATION('',(#1780),#1788);
#1780 = ( BOUNDED_CURVE() B_SPLINE_CURVE(2,(#1781,#1782,#1783,#1784,
#1785,#1786,#1787),.UNSPECIFIED.,.T.,.F.) B_SPLINE_CURVE_WITH_KNOTS((1,2
    ,2,2,2,1),(-2.094395102393,0.,2.094395102393,4.188790204786,
6.28318530718,8.377580409573),.UNSPECIFIED.) CURVE() 
GEOMETRIC_REPRESENTATION_ITEM() RATIONAL_B_SPLINE_CURVE((1.,0.5,1.,0.5,
1.,0.5,1.)) REPRESENTATION_ITEM('') );
#1781 = CARTESIAN_POINT('',(-33.74999999274,-49.75));
#1782 = CARTESIAN_POINT('',(-33.74999999274,-43.25480947161));
#1783 = CARTESIAN_POINT('',(-28.12499999274,-46.5024047358));
#1784 = CARTESIAN_POINT('',(-22.49999999274,-49.75));
#1785 = CARTESIAN_POINT('',(-28.12499999274,-52.99759526419));
#1786 = CARTESIAN_POINT('',(-33.74999999274,-56.24519052838));
#1787 = CARTESIAN_POINT('',(-33.74999999274,-49.75));
#1788 = ( GEOMETRIC_REPRESENTATION_CONTEXT(2) 
PARAMETRIC_REPRESENTATION_CONTEXT() REPRESENTATION_CONTEXT('2D SPACE',''
  ) );
#1789 = PCURVE('',#1790,#1795);
#1790 = CONICAL_SURFACE('',#1791,2.75,0.785398163397);
#1791 = AXIS2_PLACEMENT_3D('',#1792,#1793,#1794);
#1792 = CARTESIAN_POINT('',(-30.,-49.75,4.));
#1793 = DIRECTION('',(0.,0.,1.));
#1794 = DIRECTION('',(-1.,0.,0.));
#1795 = DEFINITIONAL_REPRESENTATION('',(#1796),#1800);
#1796 = LINE('',#1797,#1798);
#1797 = CARTESIAN_POINT('',(0.,1.));
#1798 = VECTOR('',#1799,1.);
#1799 = DIRECTION('',(-1.,-0.));
#1800 = ( GEOMETRIC_REPRESENTATION_CONTEXT(2) 
PARAMETRIC_REPRESENTATION_CONTEXT() REPRESENTATION_CONTEXT('2D SPACE',''
  ) );
#1801 = ORIENTED_EDGE('',*,*,#1802,.T.);
#1802 = EDGE_CURVE('',#1770,#1803,#1805,.T.);
#1803 = VERTEX_POINT('',#1804);
#1804 = CARTESIAN_POINT('',(-26.25,-60.25,5.));
#1805 = SURFACE_CURVE('',#1806,(#1810,#1817),.PCURVE_S1.);
#1806 = LINE('',#1807,#1808);
#1807 = CARTESIAN_POINT('',(-26.25,-49.75,5.));
#1808 = VECTOR('',#1809,1.);
#1809 = DIRECTION('',(0.,-1.,0.));
#1810 = PCURVE('',#324,#1811);
#1811 = DEFINITIONAL_REPRESENTATION('',(#1812),#1816);
#1812 = LINE('',#1813,#1814);
#1813 = CARTESIAN_POINT('',(-26.24999999274,-49.75));
#1814 = VECTOR('',#1815,1.);
#1815 = DIRECTION('',(0.,-1.));
#1816 = ( GEOMETRIC_REPRESENTATION_CONTEXT(2) 
PARAMETRIC_REPRESENTATION_CONTEXT() REPRESENTATION_CONTEXT('2D SPACE',''
  ) );
#1817 = PCURVE('',#1818,#1823);
#1818 = PLANE('',#1819);
#1819 = AXIS2_PLACEMENT_3D('',#1820,#1821,#1822);
#1820 = CARTESIAN_POINT('',(-26.75,-49.75,4.5));
#1821 = DIRECTION('',(-0.707106781187,0.,0.707106781187));
#1822 = DIRECTION('',(-0.,1.,-0.));
#1823 = DEFINITIONAL_REPRESENTATION('',(#1824),#1828);
#1824 = LINE('',#1825,#1826);
#1825 = CARTESIAN_POINT('',(-0.,-0.707106781187));
#1826 = VECTOR('',#1827,1.);
#1827 = DIRECTION('',(-1.,0.));
#1828 = ( GEOMETRIC_REPRESENTATION_CONTEXT(2) 
PARAMETRIC_REPRESENTATION_CONTEXT() REPRESENTATION_CONTEXT('2D SPACE',''
  ) );
#1829 = ORIENTED_EDGE('',*,*,#1830,.T.);
#1830 = EDGE_CURVE('',#1803,#1740,#1831,.T.);
#1831 = SURFACE_CURVE('',#1832,(#1837,#1848),.PCURVE_S1.);
#1832 = CIRCLE('',#1833,3.75);
#1833 = AXIS2_PLACEMENT_3D('',#1834,#1835,#1836);
#1834 = CARTESIAN_POINT('',(-30.,-60.25,5.));
#1835 = DIRECTION('',(0.,-0.,-1.));
#1836 = DIRECTION('',(1.,0.,-0.));
#1837 = PCURVE('',#324,#1838);
#1838 = DEFINITIONAL_REPRESENTATION('',(#1839),#1847);
#1839 = ( BOUNDED_CURVE() B_SPLINE_CURVE(2,(#1840,#1841,#1842,#1843,
#1844,#1845,#1846),.UNSPECIFIED.,.T.,.F.) B_SPLINE_CURVE_WITH_KNOTS((1,2
    ,2,2,2,1),(-2.094395102393,0.,2.094395102393,4.188790204786,
6.28318530718,8.377580409573),.UNSPECIFIED.) CURVE() 
GEOMETRIC_REPRESENTATION_ITEM() RATIONAL_B_SPLINE_CURVE((1.,0.5,1.,0.5,
1.,0.5,1.)) REPRESENTATION_ITEM('') );
#1840 = CARTESIAN_POINT('',(-26.24999999274,-60.25));
#1841 = CARTESIAN_POINT('',(-26.24999999274,-66.74519052838));
#1842 = CARTESIAN_POINT('',(-31.87499999274,-63.49759526419));
#1843 = CARTESIAN_POINT('',(-37.49999999274,-60.25));
#1844 = CARTESIAN_POINT('',(-31.87499999274,-57.0024047358));
#1845 = CARTESIAN_POINT('',(-26.24999999274,-53.75480947161));
#1846 = CARTESIAN_POINT('',(-26.24999999274,-60.25));
#1847 = ( GEOMETRIC_REPRESENTATION_CONTEXT(2) 
PARAMETRIC_REPRESENTATION_CONTEXT() REPRESENTATION_CONTEXT('2D SPACE',''
  ) );
#1848 = PCURVE('',#1849,#1854);
#1849 = CONICAL_SURFACE('',#1850,2.75,0.785398163397);
#1850 = AXIS2_PLACEMENT_3D('',#1851,#1852,#1853);
#1851 = CARTESIAN_POINT('',(-30.,-60.25,4.));
#1852 = DIRECTION('',(0.,0.,1.));
#1853 = DIRECTION('',(1.,0.,-0.));
#1854 = DEFINITIONAL_REPRESENTATION('',(#1855),#1859);
#1855 = LINE('',#1856,#1857);
#1856 = CARTESIAN_POINT('',(0.,1.));
#1857 = VECTOR('',#1858,1.);
#1858 = DIRECTION('',(-1.,-0.));
#1859 = ( GEOMETRIC_REPRESENTATION_CONTEXT(2) 
PARAMETRIC_REPRESENTATION_CONTEXT() REPRESENTATION_CONTEXT('2D SPACE',''
  ) );
#1860 = FACE_BOUND('',#1861,.T.);
#1861 = EDGE_LOOP('',(#1862,#1892,#1925,#1953));
#1862 = ORIENTED_EDGE('',*,*,#1863,.T.);
#1863 = EDGE_CURVE('',#1864,#1866,#1868,.T.);
#1864 = VERTEX_POINT('',#1865);
#1865 = CARTESIAN_POINT('',(26.25,-60.25,5.));
#1866 = VERTEX_POINT('',#1867);
#1867 = CARTESIAN_POINT('',(26.25,-49.75,5.));
#1868 = SURFACE_CURVE('',#1869,(#1873,#1880),.PCURVE_S1.);
#1869 = LINE('',#1870,#1871);
#1870 = CARTESIAN_POINT('',(26.25,-60.25,5.));
#1871 = VECTOR('',#1872,1.);
#1872 = DIRECTION('',(-0.,1.,0.));
#1873 = PCURVE('',#324,#1874);
#1874 = DEFINITIONAL_REPRESENTATION('',(#1875),#1879);
#1875 = LINE('',#1876,#1877);
#1876 = CARTESIAN_POINT('',(26.250000007251,-60.25));
#1877 = VECTOR('',#1878,1.);
#1878 = DIRECTION('',(0.,1.));
#1879 = ( GEOMETRIC_REPRESENTATION_CONTEXT(2) 
PARAMETRIC_REPRESENTATION_CONTEXT() REPRESENTATION_CONTEXT('2D SPACE',''
  ) );
#1880 = PCURVE('',#1881,#1886);
#1881 = PLANE('',#1882);
#1882 = AXIS2_PLACEMENT_3D('',#1883,#1884,#1885);
#1883 = CARTESIAN_POINT('',(26.75,-60.25,4.5));
#1884 = DIRECTION('',(0.707106781187,0.,0.707106781187));
#1885 = DIRECTION('',(0.,-1.,-0.));
#1886 = DEFINITIONAL_REPRESENTATION('',(#1887),#1891);
#1887 = LINE('',#1888,#1889);
#1888 = CARTESIAN_POINT('',(-0.,-0.707106781187));
#1889 = VECTOR('',#1890,1.);
#1890 = DIRECTION('',(-1.,0.));
#1891 = ( GEOMETRIC_REPRESENTATION_CONTEXT(2) 
PARAMETRIC_REPRESENTATION_CONTEXT() REPRESENTATION_CONTEXT('2D SPACE',''
  ) );
#1892 = ORIENTED_EDGE('',*,*,#1893,.T.);
#1893 = EDGE_CURVE('',#1866,#1894,#1896,.T.);
#1894 = VERTEX_POINT('',#1895);
#1895 = CARTESIAN_POINT('',(33.75,-49.75,5.));
#1896 = SURFACE_CURVE('',#1897,(#1902,#1913),.PCURVE_S1.);
#1897 = CIRCLE('',#1898,3.75);
#1898 = AXIS2_PLACEMENT_3D('',#1899,#1900,#1901);
#1899 = CARTESIAN_POINT('',(30.,-49.75,5.));
#1900 = DIRECTION('',(-0.,0.,-1.));
#1901 = DIRECTION('',(-1.,0.,0.));
#1902 = PCURVE('',#324,#1903);
#1903 = DEFINITIONAL_REPRESENTATION('',(#1904),#1912);
#1904 = ( BOUNDED_CURVE() B_SPLINE_CURVE(2,(#1905,#1906,#1907,#1908,
#1909,#1910,#1911),.UNSPECIFIED.,.T.,.F.) B_SPLINE_CURVE_WITH_KNOTS((1,2
    ,2,2,2,1),(-2.094395102393,0.,2.094395102393,4.188790204786,
6.28318530718,8.377580409573),.UNSPECIFIED.) CURVE() 
GEOMETRIC_REPRESENTATION_ITEM() RATIONAL_B_SPLINE_CURVE((1.,0.5,1.,0.5,
1.,0.5,1.)) REPRESENTATION_ITEM('') );
#1905 = CARTESIAN_POINT('',(26.250000007251,-49.75));
#1906 = CARTESIAN_POINT('',(26.250000007251,-43.25480947161));
#1907 = CARTESIAN_POINT('',(31.875000007251,-46.5024047358));
#1908 = CARTESIAN_POINT('',(37.500000007251,-49.75));
#1909 = CARTESIAN_POINT('',(31.875000007251,-52.99759526419));
#1910 = CARTESIAN_POINT('',(26.250000007251,-56.24519052838));
#1911 = CARTESIAN_POINT('',(26.250000007251,-49.75));
#1912 = ( GEOMETRIC_REPRESENTATION_CONTEXT(2) 
PARAMETRIC_REPRESENTATION_CONTEXT() REPRESENTATION_CONTEXT('2D SPACE',''
  ) );
#1913 = PCURVE('',#1914,#1919);
#1914 = CONICAL_SURFACE('',#1915,2.75,0.785398163397);
#1915 = AXIS2_PLACEMENT_3D('',#1916,#1917,#1918);
#1916 = CARTESIAN_POINT('',(30.,-49.75,4.));
#1917 = DIRECTION('',(0.,0.,1.));
#1918 = DIRECTION('',(-1.,0.,0.));
#1919 = DEFINITIONAL_REPRESENTATION('',(#1920),#1924);
#1920 = LINE('',#1921,#1922);
#1921 = CARTESIAN_POINT('',(0.,1.));
#1922 = VECTOR('',#1923,1.);
#1923 = DIRECTION('',(-1.,-0.));
#1924 = ( GEOMETRIC_REPRESENTATION_CONTEXT(2) 
PARAMETRIC_REPRESENTATION_CONTEXT() REPRESENTATION_CONTEXT('2D SPACE',''
  ) );
#1925 = ORIENTED_EDGE('',*,*,#1926,.T.);
#1926 = EDGE_CURVE('',#1894,#1927,#1929,.T.);
#1927 = VERTEX_POINT('',#1928);
#1928 = CARTESIAN_POINT('',(33.75,-60.25,5.));
#1929 = SURFACE_CURVE('',#1930,(#1934,#1941),.PCURVE_S1.);
#1930 = LINE('',#1931,#1932);
#1931 = CARTESIAN_POINT('',(33.75,-49.75,5.));
#1932 = VECTOR('',#1933,1.);
#1933 = DIRECTION('',(0.,-1.,0.));
#1934 = PCURVE('',#324,#1935);
#1935 = DEFINITIONAL_REPRESENTATION('',(#1936),#1940);
#1936 = LINE('',#1937,#1938);
#1937 = CARTESIAN_POINT('',(33.750000007251,-49.75));
#1938 = VECTOR('',#1939,1.);
#1939 = DIRECTION('',(0.,-1.));
#1940 = ( GEOMETRIC_REPRESENTATION_CONTEXT(2) 
PARAMETRIC_REPRESENTATION_CONTEXT() REPRESENTATION_CONTEXT('2D SPACE',''
  ) );
#1941 = PCURVE('',#1942,#1947);
#1942 = PLANE('',#1943);
#1943 = AXIS2_PLACEMENT_3D('',#1944,#1945,#1946);
#1944 = CARTESIAN_POINT('',(33.25,-49.75,4.5));
#1945 = DIRECTION('',(-0.707106781187,0.,0.707106781187));
#1946 = DIRECTION('',(-0.,1.,-0.));
#1947 = DEFINITIONAL_REPRESENTATION('',(#1948),#1952);
#1948 = LINE('',#1949,#1950);
#1949 = CARTESIAN_POINT('',(-0.,-0.707106781187));
#1950 = VECTOR('',#1951,1.);
#1951 = DIRECTION('',(-1.,0.));
#1952 = ( GEOMETRIC_REPRESENTATION_CONTEXT(2) 
PARAMETRIC_REPRESENTATION_CONTEXT() REPRESENTATION_CONTEXT('2D SPACE',''
  ) );
#1953 = ORIENTED_EDGE('',*,*,#1954,.T.);
#1954 = EDGE_CURVE('',#1927,#1864,#1955,.T.);
#1955 = SURFACE_CURVE('',#1956,(#1961,#1972),.PCURVE_S1.);
#1956 = CIRCLE('',#1957,3.75);
#1957 = AXIS2_PLACEMENT_3D('',#1958,#1959,#1960);
#1958 = CARTESIAN_POINT('',(30.,-60.25,5.));
#1959 = DIRECTION('',(0.,-0.,-1.));
#1960 = DIRECTION('',(1.,0.,-0.));
#1961 = PCURVE('',#324,#1962);
#1962 = DEFINITIONAL_REPRESENTATION('',(#1963),#1971);
#1963 = ( BOUNDED_CURVE() B_SPLINE_CURVE(2,(#1964,#1965,#1966,#1967,
#1968,#1969,#1970),.UNSPECIFIED.,.T.,.F.) B_SPLINE_CURVE_WITH_KNOTS((1,2
    ,2,2,2,1),(-2.094395102393,0.,2.094395102393,4.188790204786,
6.28318530718,8.377580409573),.UNSPECIFIED.) CURVE() 
GEOMETRIC_REPRESENTATION_ITEM() RATIONAL_B_SPLINE_CURVE((1.,0.5,1.,0.5,
1.,0.5,1.)) REPRESENTATION_ITEM('') );
#1964 = CARTESIAN_POINT('',(33.750000007251,-60.25));
#1965 = CARTESIAN_POINT('',(33.750000007251,-66.74519052838));
#1966 = CARTESIAN_POINT('',(28.125000007251,-63.49759526419));
#1967 = CARTESIAN_POINT('',(22.500000007251,-60.25));
#1968 = CARTESIAN_POINT('',(28.125000007251,-57.0024047358));
#1969 = CARTESIAN_POINT('',(33.750000007251,-53.75480947161));
#1970 = CARTESIAN_POINT('',(33.750000007251,-60.25));
#1971 = ( GEOMETRIC_REPRESENTATION_CONTEXT(2) 
PARAMETRIC_REPRESENTATION_CONTEXT() REPRESENTATION_CONTEXT('2D SPACE',''
  ) );
#1972 = PCURVE('',#1973,#1978);
#1973 = CONICAL_SURFACE('',#1974,2.75,0.785398163397);
#1974 = AXIS2_PLACEMENT_3D('',#1975,#1976,#1977);
#1975 = CARTESIAN_POINT('',(30.,-60.25,4.));
#1976 = DIRECTION('',(0.,0.,1.));
#1977 = DIRECTION('',(1.,0.,-0.));
#1978 = DEFINITIONAL_REPRESENTATION('',(#1979),#1983);
#1979 = LINE('',#1980,#1981);
#1980 = CARTESIAN_POINT('',(0.,1.));
#1981 = VECTOR('',#1982,1.);
#1982 = DIRECTION('',(-1.,-0.));
#1983 = ( GEOMETRIC_REPRESENTATION_CONTEXT(2) 
PARAMETRIC_REPRESENTATION_CONTEXT() REPRESENTATION_CONTEXT('2D SPACE',''
  ) );
#1984 = FACE_BOUND('',#1985,.T.);
#1985 = EDGE_LOOP('',(#1986));
#1986 = ORIENTED_EDGE('',*,*,#1987,.T.);
#1987 = EDGE_CURVE('',#1988,#1988,#1990,.T.);
#1988 = VERTEX_POINT('',#1989);
#1989 = CARTESIAN_POINT('',(74.25,-80.,5.));
#1990 = SURFACE_CURVE('',#1991,(#1996,#2007),.PCURVE_S1.);
#1991 = CIRCLE('',#1992,4.25);
#1992 = AXIS2_PLACEMENT_3D('',#1993,#1994,#1995);
#1993 = CARTESIAN_POINT('',(70.,-80.,5.));
#1994 = DIRECTION('',(0.,-0.,-1.));
#1995 = DIRECTION('',(1.,0.,-0.));
#1996 = PCURVE('',#324,#1997);
#1997 = DEFINITIONAL_REPRESENTATION('',(#1998),#2006);
#1998 = ( BOUNDED_CURVE() B_SPLINE_CURVE(2,(#1999,#2000,#2001,#2002,
#2003,#2004,#2005),.UNSPECIFIED.,.T.,.F.) B_SPLINE_CURVE_WITH_KNOTS((1,2
    ,2,2,2,1),(-2.094395102393,0.,2.094395102393,4.188790204786,
6.28318530718,8.377580409573),.UNSPECIFIED.) CURVE() 
GEOMETRIC_REPRESENTATION_ITEM() RATIONAL_B_SPLINE_CURVE((1.,0.5,1.,0.5,
1.,0.5,1.)) REPRESENTATION_ITEM('') );
#1999 = CARTESIAN_POINT('',(74.250000007251,-80.));
#2000 = CARTESIAN_POINT('',(74.250000007251,-87.36121593216));
#2001 = CARTESIAN_POINT('',(67.875000007251,-83.68060796608));
#2002 = CARTESIAN_POINT('',(61.500000007251,-80.));
#2003 = CARTESIAN_POINT('',(67.875000007251,-76.31939203391));
#2004 = CARTESIAN_POINT('',(74.250000007251,-72.63878406783));
#2005 = CARTESIAN_POINT('',(74.250000007251,-80.));
#2006 = ( GEOMETRIC_REPRESENTATION_CONTEXT(2) 
PARAMETRIC_REPRESENTATION_CONTEXT() REPRESENTATION_CONTEXT('2D SPACE',''
  ) );
#2007 = PCURVE('',#2008,#2013);
#2008 = CONICAL_SURFACE('',#2009,3.25,0.785398163397);
#2009 = AXIS2_PLACEMENT_3D('',#2010,#2011,#2012);
#2010 = CARTESIAN_POINT('',(70.,-80.,4.));
#2011 = DIRECTION('',(0.,0.,1.));
#2012 = DIRECTION('',(1.,0.,-0.));
#2013 = DEFINITIONAL_REPRESENTATION('',(#2014),#2018);
#2014 = LINE('',#2015,#2016);
#2015 = CARTESIAN_POINT('',(0.,1.));
#2016 = VECTOR('',#2017,1.);
#2017 = DIRECTION('',(-1.,-0.));
#2018 = ( GEOMETRIC_REPRESENTATION_CONTEXT(2) 
PARAMETRIC_REPRESENTATION_CONTEXT() REPRESENTATION_CONTEXT('2D SPACE',''
  ) );
#2019 = FACE_BOUND('',#2020,.T.);
#2020 = EDGE_LOOP('',(#2021));
#2021 = ORIENTED_EDGE('',*,*,#2022,.T.);
#2022 = EDGE_CURVE('',#2023,#2023,#2025,.T.);
#2023 = VERTEX_POINT('',#2024);
#2024 = CARTESIAN_POINT('',(-65.75,80.,5.));
#2025 = SURFACE_CURVE('',#2026,(#2031,#2042),.PCURVE_S1.);
#2026 = CIRCLE('',#2027,4.25);
#2027 = AXIS2_PLACEMENT_3D('',#2028,#2029,#2030);
#2028 = CARTESIAN_POINT('',(-70.,80.,5.));
#2029 = DIRECTION('',(0.,-0.,-1.));
#2030 = DIRECTION('',(1.,0.,-0.));
#2031 = PCURVE('',#324,#2032);
#2032 = DEFINITIONAL_REPRESENTATION('',(#2033),#2041);
#2033 = ( BOUNDED_CURVE() B_SPLINE_CURVE(2,(#2034,#2035,#2036,#2037,
#2038,#2039,#2040),.UNSPECIFIED.,.T.,.F.) B_SPLINE_CURVE_WITH_KNOTS((1,2
    ,2,2,2,1),(-2.094395102393,0.,2.094395102393,4.188790204786,
6.28318530718,8.377580409573),.UNSPECIFIED.) CURVE() 
GEOMETRIC_REPRESENTATION_ITEM() RATIONAL_B_SPLINE_CURVE((1.,0.5,1.,0.5,
1.,0.5,1.)) REPRESENTATION_ITEM('') );
#2034 = CARTESIAN_POINT('',(-65.74999999274,80.));
#2035 = CARTESIAN_POINT('',(-65.74999999274,72.638784067832));
#2036 = CARTESIAN_POINT('',(-72.12499999274,76.319392033916));
#2037 = CARTESIAN_POINT('',(-78.49999999274,80.));
#2038 = CARTESIAN_POINT('',(-72.12499999274,83.680607966084));
#2039 = CARTESIAN_POINT('',(-65.74999999274,87.361215932168));
#2040 = CARTESIAN_POINT('',(-65.74999999274,80.));
#2041 = ( GEOMETRIC_REPRESENTATION_CONTEXT(2) 
PARAMETRIC_REPRESENTATION_CONTEXT() REPRESENTATION_CONTEXT('2D SPACE',''
  ) );
#2042 = PCURVE('',#2043,#2048);
#2043 = CONICAL_SURFACE('',#2044,3.25,0.785398163397);
#2044 = AXIS2_PLACEMENT_3D('',#2045,#2046,#2047);
#2045 = CARTESIAN_POINT('',(-70.,80.,4.));
#2046 = DIRECTION('',(0.,0.,1.));
#2047 = DIRECTION('',(1.,0.,-0.));
#2048 = DEFINITIONAL_REPRESENTATION('',(#2049),#2053);
#2049 = LINE('',#2050,#2051);
#2050 = CARTESIAN_POINT('',(0.,1.));
#2051 = VECTOR('',#2052,1.);
#2052 = DIRECTION('',(-1.,-0.));
#2053 = ( GEOMETRIC_REPRESENTATION_CONTEXT(2) 
PARAMETRIC_REPRESENTATION_CONTEXT() REPRESENTATION_CONTEXT('2D SPACE',''
  ) );
#2054 = FACE_BOUND('',#2055,.T.);
#2055 = EDGE_LOOP('',(#2056,#2086,#2119,#2147));
#2056 = ORIENTED_EDGE('',*,*,#2057,.T.);
#2057 = EDGE_CURVE('',#2058,#2060,#2062,.T.);
#2058 = VERTEX_POINT('',#2059);
#2059 = CARTESIAN_POINT('',(-33.75,49.75,5.));
#2060 = VERTEX_POINT('',#2061);
#2061 = CARTESIAN_POINT('',(-33.75,60.25,5.));
#2062 = SURFACE_CURVE('',#2063,(#2067,#2074),.PCURVE_S1.);
#2063 = LINE('',#2064,#2065);
#2064 = CARTESIAN_POINT('',(-33.75,49.75,5.));
#2065 = VECTOR('',#2066,1.);
#2066 = DIRECTION('',(-0.,1.,0.));
#2067 = PCURVE('',#324,#2068);
#2068 = DEFINITIONAL_REPRESENTATION('',(#2069),#2073);
#2069 = LINE('',#2070,#2071);
#2070 = CARTESIAN_POINT('',(-33.74999999274,49.75));
#2071 = VECTOR('',#2072,1.);
#2072 = DIRECTION('',(0.,1.));
#2073 = ( GEOMETRIC_REPRESENTATION_CONTEXT(2) 
PARAMETRIC_REPRESENTATION_CONTEXT() REPRESENTATION_CONTEXT('2D SPACE',''
  ) );
#2074 = PCURVE('',#2075,#2080);
#2075 = PLANE('',#2076);
#2076 = AXIS2_PLACEMENT_3D('',#2077,#2078,#2079);
#2077 = CARTESIAN_POINT('',(-33.25,49.75,4.5));
#2078 = DIRECTION('',(0.707106781187,0.,0.707106781187));
#2079 = DIRECTION('',(0.,-1.,-0.));
#2080 = DEFINITIONAL_REPRESENTATION('',(#2081),#2085);
#2081 = LINE('',#2082,#2083);
#2082 = CARTESIAN_POINT('',(-0.,-0.707106781187));
#2083 = VECTOR('',#2084,1.);
#2084 = DIRECTION('',(-1.,0.));
#2085 = ( GEOMETRIC_REPRESENTATION_CONTEXT(2) 
PARAMETRIC_REPRESENTATION_CONTEXT() REPRESENTATION_CONTEXT('2D SPACE',''
  ) );
#2086 = ORIENTED_EDGE('',*,*,#2087,.T.);
#2087 = EDGE_CURVE('',#2060,#2088,#2090,.T.);
#2088 = VERTEX_POINT('',#2089);
#2089 = CARTESIAN_POINT('',(-26.25,60.25,5.));
#2090 = SURFACE_CURVE('',#2091,(#2096,#2107),.PCURVE_S1.);
#2091 = CIRCLE('',#2092,3.75);
#2092 = AXIS2_PLACEMENT_3D('',#2093,#2094,#2095);
#2093 = CARTESIAN_POINT('',(-30.,60.25,5.));
#2094 = DIRECTION('',(-0.,0.,-1.));
#2095 = DIRECTION('',(-1.,0.,0.));
#2096 = PCURVE('',#324,#2097);
#2097 = DEFINITIONAL_REPRESENTATION('',(#2098),#2106);
#2098 = ( BOUNDED_CURVE() B_SPLINE_CURVE(2,(#2099,#2100,#2101,#2102,
#2103,#2104,#2105),.UNSPECIFIED.,.T.,.F.) B_SPLINE_CURVE_WITH_KNOTS((1,2
    ,2,2,2,1),(-2.094395102393,0.,2.094395102393,4.188790204786,
6.28318530718,8.377580409573),.UNSPECIFIED.) CURVE() 
GEOMETRIC_REPRESENTATION_ITEM() RATIONAL_B_SPLINE_CURVE((1.,0.5,1.,0.5,
1.,0.5,1.)) REPRESENTATION_ITEM('') );
#2099 = CARTESIAN_POINT('',(-33.74999999274,60.25));
#2100 = CARTESIAN_POINT('',(-33.74999999274,66.745190528383));
#2101 = CARTESIAN_POINT('',(-28.12499999274,63.497595264192));
#2102 = CARTESIAN_POINT('',(-22.49999999274,60.25));
#2103 = CARTESIAN_POINT('',(-28.12499999274,57.002404735808));
#2104 = CARTESIAN_POINT('',(-33.74999999274,53.754809471617));
#2105 = CARTESIAN_POINT('',(-33.74999999274,60.25));
#2106 = ( GEOMETRIC_REPRESENTATION_CONTEXT(2) 
PARAMETRIC_REPRESENTATION_CONTEXT() REPRESENTATION_CONTEXT('2D SPACE',''
  ) );
#2107 = PCURVE('',#2108,#2113);
#2108 = CONICAL_SURFACE('',#2109,2.75,0.785398163397);
#2109 = AXIS2_PLACEMENT_3D('',#2110,#2111,#2112);
#2110 = CARTESIAN_POINT('',(-30.,60.25,4.));
#2111 = DIRECTION('',(0.,0.,1.));
#2112 = DIRECTION('',(-1.,0.,0.));
#2113 = DEFINITIONAL_REPRESENTATION('',(#2114),#2118);
#2114 = LINE('',#2115,#2116);
#2115 = CARTESIAN_POINT('',(0.,1.));
#2116 = VECTOR('',#2117,1.);
#2117 = DIRECTION('',(-1.,-0.));
#2118 = ( GEOMETRIC_REPRESENTATION_CONTEXT(2) 
PARAMETRIC_REPRESENTATION_CONTEXT() REPRESENTATION_CONTEXT('2D SPACE',''
  ) );
#2119 = ORIENTED_EDGE('',*,*,#2120,.T.);
#2120 = EDGE_CURVE('',#2088,#2121,#2123,.T.);
#2121 = VERTEX_POINT('',#2122);
#2122 = CARTESIAN_POINT('',(-26.25,49.75,5.));
#2123 = SURFACE_CURVE('',#2124,(#2128,#2135),.PCURVE_S1.);
#2124 = LINE('',#2125,#2126);
#2125 = CARTESIAN_POINT('',(-26.25,60.25,5.));
#2126 = VECTOR('',#2127,1.);
#2127 = DIRECTION('',(0.,-1.,0.));
#2128 = PCURVE('',#324,#2129);
#2129 = DEFINITIONAL_REPRESENTATION('',(#2130),#2134);
#2130 = LINE('',#2131,#2132);
#2131 = CARTESIAN_POINT('',(-26.24999999274,60.25));
#2132 = VECTOR('',#2133,1.);
#2133 = DIRECTION('',(0.,-1.));
#2134 = ( GEOMETRIC_REPRESENTATION_CONTEXT(2) 
PARAMETRIC_REPRESENTATION_CONTEXT() REPRESENTATION_CONTEXT('2D SPACE',''
  ) );
#2135 = PCURVE('',#2136,#2141);
#2136 = PLANE('',#2137);
#2137 = AXIS2_PLACEMENT_3D('',#2138,#2139,#2140);
#2138 = CARTESIAN_POINT('',(-26.75,60.25,4.5));
#2139 = DIRECTION('',(-0.707106781187,0.,0.707106781187));
#2140 = DIRECTION('',(-0.,1.,-0.));
#2141 = DEFINITIONAL_REPRESENTATION('',(#2142),#2146);
#2142 = LINE('',#2143,#2144);
#2143 = CARTESIAN_POINT('',(-0.,-0.707106781187));
#2144 = VECTOR('',#2145,1.);
#2145 = DIRECTION('',(-1.,0.));
#2146 = ( GEOMETRIC_REPRESENTATION_CONTEXT(2) 
PARAMETRIC_REPRESENTATION_CONTEXT() REPRESENTATION_CONTEXT('2D SPACE',''
  ) );
#2147 = ORIENTED_EDGE('',*,*,#2148,.T.);
#2148 = EDGE_CURVE('',#2121,#2058,#2149,.T.);
#2149 = SURFACE_CURVE('',#2150,(#2155,#2166),.PCURVE_S1.);
#2150 = CIRCLE('',#2151,3.75);
#2151 = AXIS2_PLACEMENT_3D('',#2152,#2153,#2154);
#2152 = CARTESIAN_POINT('',(-30.,49.75,5.));
#2153 = DIRECTION('',(0.,-0.,-1.));
#2154 = DIRECTION('',(1.,0.,-0.));
#2155 = PCURVE('',#324,#2156);
#2156 = DEFINITIONAL_REPRESENTATION('',(#2157),#2165);
#2157 = ( BOUNDED_CURVE() B_SPLINE_CURVE(2,(#2158,#2159,#2160,#2161,
#2162,#2163,#2164),.UNSPECIFIED.,.T.,.F.) B_SPLINE_CURVE_WITH_KNOTS((1,2
    ,2,2,2,1),(-2.094395102393,0.,2.094395102393,4.188790204786,
6.28318530718,8.377580409573),.UNSPECIFIED.) CURVE() 
GEOMETRIC_REPRESENTATION_ITEM() RATIONAL_B_SPLINE_CURVE((1.,0.5,1.,0.5,
1.,0.5,1.)) REPRESENTATION_ITEM('') );
#2158 = CARTESIAN_POINT('',(-26.24999999274,49.75));
#2159 = CARTESIAN_POINT('',(-26.24999999274,43.254809471617));
#2160 = CARTESIAN_POINT('',(-31.87499999274,46.502404735808));
#2161 = CARTESIAN_POINT('',(-37.49999999274,49.75));
#2162 = CARTESIAN_POINT('',(-31.87499999274,52.997595264192));
#2163 = CARTESIAN_POINT('',(-26.24999999274,56.245190528383));
#2164 = CARTESIAN_POINT('',(-26.24999999274,49.75));
#2165 = ( GEOMETRIC_REPRESENTATION_CONTEXT(2) 
PARAMETRIC_REPRESENTATION_CONTEXT() REPRESENTATION_CONTEXT('2D SPACE',''
  ) );
#2166 = PCURVE('',#2167,#2172);
#2167 = CONICAL_SURFACE('',#2168,2.75,0.785398163397);
#2168 = AXIS2_PLACEMENT_3D('',#2169,#2170,#2171);
#2169 = CARTESIAN_POINT('',(-30.,49.75,4.));
#2170 = DIRECTION('',(0.,0.,1.));
#2171 = DIRECTION('',(1.,0.,-0.));
#2172 = DEFINITIONAL_REPRESENTATION('',(#2173),#2177);
#2173 = LINE('',#2174,#2175);
#2174 = CARTESIAN_POINT('',(0.,1.));
#2175 = VECTOR('',#2176,1.);
#2176 = DIRECTION('',(-1.,-0.));
#2177 = ( GEOMETRIC_REPRESENTATION_CONTEXT(2) 
PARAMETRIC_REPRESENTATION_CONTEXT() REPRESENTATION_CONTEXT('2D SPACE',''
  ) );
#2178 = FACE_BOUND('',#2179,.T.);
#2179 = EDGE_LOOP('',(#2180,#2210,#2239,#2267,#2296,#2324,#2353,#2381));
#2180 = ORIENTED_EDGE('',*,*,#2181,.F.);
#2181 = EDGE_CURVE('',#2182,#2184,#2186,.T.);
#2182 = VERTEX_POINT('',#2183);
#2183 = CARTESIAN_POINT('',(-26.,11.999999927935,5.));
#2184 = VERTEX_POINT('',#2185);
#2185 = CARTESIAN_POINT('',(-26.,-12.,5.));
#2186 = SURFACE_CURVE('',#2187,(#2191,#2198),.PCURVE_S1.);
#2187 = LINE('',#2188,#2189);
#2188 = CARTESIAN_POINT('',(-26.,11.999999927935,5.));
#2189 = VECTOR('',#2190,1.);
#2190 = DIRECTION('',(0.,-1.,0.));
#2191 = PCURVE('',#324,#2192);
#2192 = DEFINITIONAL_REPRESENTATION('',(#2193),#2197);
#2193 = LINE('',#2194,#2195);
#2194 = CARTESIAN_POINT('',(-25.99999999274,11.999999927935));
#2195 = VECTOR('',#2196,1.);
#2196 = DIRECTION('',(0.,-1.));
#2197 = ( GEOMETRIC_REPRESENTATION_CONTEXT(2) 
PARAMETRIC_REPRESENTATION_CONTEXT() REPRESENTATION_CONTEXT('2D SPACE',''
  ) );
#2198 = PCURVE('',#2199,#2204);
#2199 = PLANE('',#2200);
#2200 = AXIS2_PLACEMENT_3D('',#2201,#2202,#2203);
#2201 = CARTESIAN_POINT('',(-25.5,11.999999927935,4.5));
#2202 = DIRECTION('',(-0.707106781187,0.,-0.707106781187));
#2203 = DIRECTION('',(-0.,1.,0.));
#2204 = DEFINITIONAL_REPRESENTATION('',(#2205),#2209);
#2205 = LINE('',#2206,#2207);
#2206 = CARTESIAN_POINT('',(-0.,-0.707106781187));
#2207 = VECTOR('',#2208,1.);
#2208 = DIRECTION('',(-1.,0.));
#2209 = ( GEOMETRIC_REPRESENTATION_CONTEXT(2) 
PARAMETRIC_REPRESENTATION_CONTEXT() REPRESENTATION_CONTEXT('2D SPACE',''
  ) );
#2210 = ORIENTED_EDGE('',*,*,#2211,.F.);
#2211 = EDGE_CURVE('',#2212,#2182,#2214,.T.);
#2212 = VERTEX_POINT('',#2213);
#2213 = CARTESIAN_POINT('',(-17.,21.,5.));
#2214 = SURFACE_CURVE('',#2215,(#2220,#2227),.PCURVE_S1.);
#2215 = CIRCLE('',#2216,9.);
#2216 = AXIS2_PLACEMENT_3D('',#2217,#2218,#2219);
#2217 = CARTESIAN_POINT('',(-17.,11.999999927935,5.));
#2218 = DIRECTION('',(0.,-0.,1.));
#2219 = DIRECTION('',(0.,1.,0.));
#2220 = PCURVE('',#324,#2221);
#2221 = DEFINITIONAL_REPRESENTATION('',(#2222),#2226);
#2222 = CIRCLE('',#2223,9.);
#2223 = AXIS2_PLACEMENT_2D('',#2224,#2225);
#2224 = CARTESIAN_POINT('',(-16.99999999274,11.999999927935));
#2225 = DIRECTION('',(0.,1.));
#2226 = ( GEOMETRIC_REPRESENTATION_CONTEXT(2) 
PARAMETRIC_REPRESENTATION_CONTEXT() REPRESENTATION_CONTEXT('2D SPACE',''
  ) );
#2227 = PCURVE('',#2228,#2233);
#2228 = CONICAL_SURFACE('',#2229,8.,0.785398163397);
#2229 = AXIS2_PLACEMENT_3D('',#2230,#2231,#2232);
#2230 = CARTESIAN_POINT('',(-17.,11.999999927935,4.));
#2231 = DIRECTION('',(0.,0.,1.));
#2232 = DIRECTION('',(0.,1.,0.));
#2233 = DEFINITIONAL_REPRESENTATION('',(#2234),#2238);
#2234 = LINE('',#2235,#2236);
#2235 = CARTESIAN_POINT('',(-0.,1.));
#2236 = VECTOR('',#2237,1.);
#2237 = DIRECTION('',(1.,-0.));
#2238 = ( GEOMETRIC_REPRESENTATION_CONTEXT(2) 
PARAMETRIC_REPRESENTATION_CONTEXT() REPRESENTATION_CONTEXT('2D SPACE',''
  ) );
#2239 = ORIENTED_EDGE('',*,*,#2240,.F.);
#2240 = EDGE_CURVE('',#2241,#2212,#2243,.T.);
#2241 = VERTEX_POINT('',#2242);
#2242 = CARTESIAN_POINT('',(17.,20.999999927935,5.));
#2243 = SURFACE_CURVE('',#2244,(#2248,#2255),.PCURVE_S1.);
#2244 = LINE('',#2245,#2246);
#2245 = CARTESIAN_POINT('',(17.,21.,5.));
#2246 = VECTOR('',#2247,1.);
#2247 = DIRECTION('',(-1.,0.,0.));
#2248 = PCURVE('',#324,#2249);
#2249 = DEFINITIONAL_REPRESENTATION('',(#2250),#2254);
#2250 = LINE('',#2251,#2252);
#2251 = CARTESIAN_POINT('',(17.000000007251,21.));
#2252 = VECTOR('',#2253,1.);
#2253 = DIRECTION('',(-1.,0.));
#2254 = ( GEOMETRIC_REPRESENTATION_CONTEXT(2) 
PARAMETRIC_REPRESENTATION_CONTEXT() REPRESENTATION_CONTEXT('2D SPACE',''
  ) );
#2255 = PCURVE('',#2256,#2261);
#2256 = PLANE('',#2257);
#2257 = AXIS2_PLACEMENT_3D('',#2258,#2259,#2260);
#2258 = CARTESIAN_POINT('',(17.,20.5,4.5));
#2259 = DIRECTION('',(0.,0.707106781187,-0.707106781187));
#2260 = DIRECTION('',(1.,-0.,-0.));
#2261 = DEFINITIONAL_REPRESENTATION('',(#2262),#2266);
#2262 = LINE('',#2263,#2264);
#2263 = CARTESIAN_POINT('',(-0.,-0.707106781187));
#2264 = VECTOR('',#2265,1.);
#2265 = DIRECTION('',(-1.,0.));
#2266 = ( GEOMETRIC_REPRESENTATION_CONTEXT(2) 
PARAMETRIC_REPRESENTATION_CONTEXT() REPRESENTATION_CONTEXT('2D SPACE',''
  ) );
#2267 = ORIENTED_EDGE('',*,*,#2268,.F.);
#2268 = EDGE_CURVE('',#2269,#2241,#2271,.T.);
#2269 = VERTEX_POINT('',#2270);
#2270 = CARTESIAN_POINT('',(26.,11.999999927935,5.));
#2271 = SURFACE_CURVE('',#2272,(#2277,#2284),.PCURVE_S1.);
#2272 = CIRCLE('',#2273,9.);
#2273 = AXIS2_PLACEMENT_3D('',#2274,#2275,#2276);
#2274 = CARTESIAN_POINT('',(17.,11.999999927935,5.));
#2275 = DIRECTION('',(0.,0.,1.));
#2276 = DIRECTION('',(1.,2.22044604925E-16,-0.));
#2277 = PCURVE('',#324,#2278);
#2278 = DEFINITIONAL_REPRESENTATION('',(#2279),#2283);
#2279 = CIRCLE('',#2280,9.);
#2280 = AXIS2_PLACEMENT_2D('',#2281,#2282);
#2281 = CARTESIAN_POINT('',(17.000000007251,11.999999927935));
#2282 = DIRECTION('',(1.,2.22044604925E-16));
#2283 = ( GEOMETRIC_REPRESENTATION_CONTEXT(2) 
PARAMETRIC_REPRESENTATION_CONTEXT() REPRESENTATION_CONTEXT('2D SPACE',''
  ) );
#2284 = PCURVE('',#2285,#2290);
#2285 = CONICAL_SURFACE('',#2286,8.,0.785398163397);
#2286 = AXIS2_PLACEMENT_3D('',#2287,#2288,#2289);
#2287 = CARTESIAN_POINT('',(17.,11.999999927935,4.));
#2288 = DIRECTION('',(0.,0.,1.));
#2289 = DIRECTION('',(1.,2.22044604925E-16,-0.));
#2290 = DEFINITIONAL_REPRESENTATION('',(#2291),#2295);
#2291 = LINE('',#2292,#2293);
#2292 = CARTESIAN_POINT('',(-0.,1.));
#2293 = VECTOR('',#2294,1.);
#2294 = DIRECTION('',(1.,-0.));
#2295 = ( GEOMETRIC_REPRESENTATION_CONTEXT(2) 
PARAMETRIC_REPRESENTATION_CONTEXT() REPRESENTATION_CONTEXT('2D SPACE',''
  ) );
#2296 = ORIENTED_EDGE('',*,*,#2297,.F.);
#2297 = EDGE_CURVE('',#2298,#2269,#2300,.T.);
#2298 = VERTEX_POINT('',#2299);
#2299 = CARTESIAN_POINT('',(26.,-12.,5.));
#2300 = SURFACE_CURVE('',#2301,(#2305,#2312),.PCURVE_S1.);
#2301 = LINE('',#2302,#2303);
#2302 = CARTESIAN_POINT('',(26.,-12.,5.));
#2303 = VECTOR('',#2304,1.);
#2304 = DIRECTION('',(-0.,1.,-0.));
#2305 = PCURVE('',#324,#2306);
#2306 = DEFINITIONAL_REPRESENTATION('',(#2307),#2311);
#2307 = LINE('',#2308,#2309);
#2308 = CARTESIAN_POINT('',(26.000000007251,-12.));
#2309 = VECTOR('',#2310,1.);
#2310 = DIRECTION('',(0.,1.));
#2311 = ( GEOMETRIC_REPRESENTATION_CONTEXT(2) 
PARAMETRIC_REPRESENTATION_CONTEXT() REPRESENTATION_CONTEXT('2D SPACE',''
  ) );
#2312 = PCURVE('',#2313,#2318);
#2313 = PLANE('',#2314);
#2314 = AXIS2_PLACEMENT_3D('',#2315,#2316,#2317);
#2315 = CARTESIAN_POINT('',(25.5,-12.,4.5));
#2316 = DIRECTION('',(-0.707106781187,0.,0.707106781187));
#2317 = DIRECTION('',(0.,1.,-0.));
#2318 = DEFINITIONAL_REPRESENTATION('',(#2319),#2323);
#2319 = LINE('',#2320,#2321);
#2320 = CARTESIAN_POINT('',(0.,-0.707106781187));
#2321 = VECTOR('',#2322,1.);
#2322 = DIRECTION('',(1.,0.));
#2323 = ( GEOMETRIC_REPRESENTATION_CONTEXT(2) 
PARAMETRIC_REPRESENTATION_CONTEXT() REPRESENTATION_CONTEXT('2D SPACE',''
  ) );
#2324 = ORIENTED_EDGE('',*,*,#2325,.F.);
#2325 = EDGE_CURVE('',#2326,#2298,#2328,.T.);
#2326 = VERTEX_POINT('',#2327);
#2327 = CARTESIAN_POINT('',(17.,-21.,5.));
#2328 = SURFACE_CURVE('',#2329,(#2334,#2341),.PCURVE_S1.);
#2329 = CIRCLE('',#2330,9.);
#2330 = AXIS2_PLACEMENT_3D('',#2331,#2332,#2333);
#2331 = CARTESIAN_POINT('',(17.,-12.,5.));
#2332 = DIRECTION('',(0.,0.,1.));
#2333 = DIRECTION('',(0.,-1.,0.));
#2334 = PCURVE('',#324,#2335);
#2335 = DEFINITIONAL_REPRESENTATION('',(#2336),#2340);
#2336 = CIRCLE('',#2337,9.);
#2337 = AXIS2_PLACEMENT_2D('',#2338,#2339);
#2338 = CARTESIAN_POINT('',(17.000000007251,-12.));
#2339 = DIRECTION('',(0.,-1.));
#2340 = ( GEOMETRIC_REPRESENTATION_CONTEXT(2) 
PARAMETRIC_REPRESENTATION_CONTEXT() REPRESENTATION_CONTEXT('2D SPACE',''
  ) );
#2341 = PCURVE('',#2342,#2347);
#2342 = CONICAL_SURFACE('',#2343,8.,0.785398163397);
#2343 = AXIS2_PLACEMENT_3D('',#2344,#2345,#2346);
#2344 = CARTESIAN_POINT('',(17.,-12.,4.));
#2345 = DIRECTION('',(0.,0.,1.));
#2346 = DIRECTION('',(0.,-1.,0.));
#2347 = DEFINITIONAL_REPRESENTATION('',(#2348),#2352);
#2348 = LINE('',#2349,#2350);
#2349 = CARTESIAN_POINT('',(-0.,1.));
#2350 = VECTOR('',#2351,1.);
#2351 = DIRECTION('',(1.,-0.));
#2352 = ( GEOMETRIC_REPRESENTATION_CONTEXT(2) 
PARAMETRIC_REPRESENTATION_CONTEXT() REPRESENTATION_CONTEXT('2D SPACE',''
  ) );
#2353 = ORIENTED_EDGE('',*,*,#2354,.F.);
#2354 = EDGE_CURVE('',#2355,#2326,#2357,.T.);
#2355 = VERTEX_POINT('',#2356);
#2356 = CARTESIAN_POINT('',(-17.,-21.,5.));
#2357 = SURFACE_CURVE('',#2358,(#2362,#2369),.PCURVE_S1.);
#2358 = LINE('',#2359,#2360);
#2359 = CARTESIAN_POINT('',(-17.,-21.,5.));
#2360 = VECTOR('',#2361,1.);
#2361 = DIRECTION('',(1.,-0.,-0.));
#2362 = PCURVE('',#324,#2363);
#2363 = DEFINITIONAL_REPRESENTATION('',(#2364),#2368);
#2364 = LINE('',#2365,#2366);
#2365 = CARTESIAN_POINT('',(-16.99999999274,-21.));
#2366 = VECTOR('',#2367,1.);
#2367 = DIRECTION('',(1.,0.));
#2368 = ( GEOMETRIC_REPRESENTATION_CONTEXT(2) 
PARAMETRIC_REPRESENTATION_CONTEXT() REPRESENTATION_CONTEXT('2D SPACE',''
  ) );
#2369 = PCURVE('',#2370,#2375);
#2370 = PLANE('',#2371);
#2371 = AXIS2_PLACEMENT_3D('',#2372,#2373,#2374);
#2372 = CARTESIAN_POINT('',(-17.,-20.5,4.5));
#2373 = DIRECTION('',(0.,0.707106781187,0.707106781187));
#2374 = DIRECTION('',(1.,0.,-0.));
#2375 = DEFINITIONAL_REPRESENTATION('',(#2376),#2380);
#2376 = LINE('',#2377,#2378);
#2377 = CARTESIAN_POINT('',(0.,-0.707106781187));
#2378 = VECTOR('',#2379,1.);
#2379 = DIRECTION('',(1.,0.));
#2380 = ( GEOMETRIC_REPRESENTATION_CONTEXT(2) 
PARAMETRIC_REPRESENTATION_CONTEXT() REPRESENTATION_CONTEXT('2D SPACE',''
  ) );
#2381 = ORIENTED_EDGE('',*,*,#2382,.F.);
#2382 = EDGE_CURVE('',#2184,#2355,#2383,.T.);
#2383 = SURFACE_CURVE('',#2384,(#2389,#2396),.PCURVE_S1.);
#2384 = CIRCLE('',#2385,9.);
#2385 = AXIS2_PLACEMENT_3D('',#2386,#2387,#2388);
#2386 = CARTESIAN_POINT('',(-17.,-12.,5.));
#2387 = DIRECTION('',(0.,0.,1.));
#2388 = DIRECTION('',(-1.,-2.22044604925E-16,0.));
#2389 = PCURVE('',#324,#2390);
#2390 = DEFINITIONAL_REPRESENTATION('',(#2391),#2395);
#2391 = CIRCLE('',#2392,9.);
#2392 = AXIS2_PLACEMENT_2D('',#2393,#2394);
#2393 = CARTESIAN_POINT('',(-16.99999999274,-12.));
#2394 = DIRECTION('',(-1.,-2.22044604925E-16));
#2395 = ( GEOMETRIC_REPRESENTATION_CONTEXT(2) 
PARAMETRIC_REPRESENTATION_CONTEXT() REPRESENTATION_CONTEXT('2D SPACE',''
  ) );
#2396 = PCURVE('',#2397,#2402);
#2397 = CONICAL_SURFACE('',#2398,8.,0.785398163397);
#2398 = AXIS2_PLACEMENT_3D('',#2399,#2400,#2401);
#2399 = CARTESIAN_POINT('',(-17.,-12.,4.));
#2400 = DIRECTION('',(0.,0.,1.));
#2401 = DIRECTION('',(-1.,-2.22044604925E-16,0.));
#2402 = DEFINITIONAL_REPRESENTATION('',(#2403),#2407);
#2403 = LINE('',#2404,#2405);
#2404 = CARTESIAN_POINT('',(-0.,1.));
#2405 = VECTOR('',#2406,1.);
#2406 = DIRECTION('',(1.,-0.));
#2407 = ( GEOMETRIC_REPRESENTATION_CONTEXT(2) 
PARAMETRIC_REPRESENTATION_CONTEXT() REPRESENTATION_CONTEXT('2D SPACE',''
  ) );
#2408 = FACE_BOUND('',#2409,.T.);
#2409 = EDGE_LOOP('',(#2410,#2440,#2473,#2501));
#2410 = ORIENTED_EDGE('',*,*,#2411,.T.);
#2411 = EDGE_CURVE('',#2412,#2414,#2416,.T.);
#2412 = VERTEX_POINT('',#2413);
#2413 = CARTESIAN_POINT('',(26.25,49.75,5.));
#2414 = VERTEX_POINT('',#2415);
#2415 = CARTESIAN_POINT('',(26.25,60.25,5.));
#2416 = SURFACE_CURVE('',#2417,(#2421,#2428),.PCURVE_S1.);
#2417 = LINE('',#2418,#2419);
#2418 = CARTESIAN_POINT('',(26.25,49.75,5.));
#2419 = VECTOR('',#2420,1.);
#2420 = DIRECTION('',(-0.,1.,0.));
#2421 = PCURVE('',#324,#2422);
#2422 = DEFINITIONAL_REPRESENTATION('',(#2423),#2427);
#2423 = LINE('',#2424,#2425);
#2424 = CARTESIAN_POINT('',(26.250000007251,49.75));
#2425 = VECTOR('',#2426,1.);
#2426 = DIRECTION('',(0.,1.));
#2427 = ( GEOMETRIC_REPRESENTATION_CONTEXT(2) 
PARAMETRIC_REPRESENTATION_CONTEXT() REPRESENTATION_CONTEXT('2D SPACE',''
  ) );
#2428 = PCURVE('',#2429,#2434);
#2429 = PLANE('',#2430);
#2430 = AXIS2_PLACEMENT_3D('',#2431,#2432,#2433);
#2431 = CARTESIAN_POINT('',(26.75,49.75,4.5));
#2432 = DIRECTION('',(0.707106781187,0.,0.707106781187));
#2433 = DIRECTION('',(0.,-1.,-0.));
#2434 = DEFINITIONAL_REPRESENTATION('',(#2435),#2439);
#2435 = LINE('',#2436,#2437);
#2436 = CARTESIAN_POINT('',(-0.,-0.707106781187));
#2437 = VECTOR('',#2438,1.);
#2438 = DIRECTION('',(-1.,0.));
#2439 = ( GEOMETRIC_REPRESENTATION_CONTEXT(2) 
PARAMETRIC_REPRESENTATION_CONTEXT() REPRESENTATION_CONTEXT('2D SPACE',''
  ) );
#2440 = ORIENTED_EDGE('',*,*,#2441,.T.);
#2441 = EDGE_CURVE('',#2414,#2442,#2444,.T.);
#2442 = VERTEX_POINT('',#2443);
#2443 = CARTESIAN_POINT('',(33.75,60.25,5.));
#2444 = SURFACE_CURVE('',#2445,(#2450,#2461),.PCURVE_S1.);
#2445 = CIRCLE('',#2446,3.75);
#2446 = AXIS2_PLACEMENT_3D('',#2447,#2448,#2449);
#2447 = CARTESIAN_POINT('',(30.,60.25,5.));
#2448 = DIRECTION('',(-0.,0.,-1.));
#2449 = DIRECTION('',(-1.,0.,0.));
#2450 = PCURVE('',#324,#2451);
#2451 = DEFINITIONAL_REPRESENTATION('',(#2452),#2460);
#2452 = ( BOUNDED_CURVE() B_SPLINE_CURVE(2,(#2453,#2454,#2455,#2456,
#2457,#2458,#2459),.UNSPECIFIED.,.T.,.F.) B_SPLINE_CURVE_WITH_KNOTS((1,2
    ,2,2,2,1),(-2.094395102393,0.,2.094395102393,4.188790204786,
6.28318530718,8.377580409573),.UNSPECIFIED.) CURVE() 
GEOMETRIC_REPRESENTATION_ITEM() RATIONAL_B_SPLINE_CURVE((1.,0.5,1.,0.5,
1.,0.5,1.)) REPRESENTATION_ITEM('') );
#2453 = CARTESIAN_POINT('',(26.250000007251,60.25));
#2454 = CARTESIAN_POINT('',(26.250000007251,66.745190528383));
#2455 = CARTESIAN_POINT('',(31.875000007251,63.497595264192));
#2456 = CARTESIAN_POINT('',(37.500000007251,60.25));
#2457 = CARTESIAN_POINT('',(31.875000007251,57.002404735808));
#2458 = CARTESIAN_POINT('',(26.250000007251,53.754809471617));
#2459 = CARTESIAN_POINT('',(26.250000007251,60.25));
#2460 = ( GEOMETRIC_REPRESENTATION_CONTEXT(2) 
PARAMETRIC_REPRESENTATION_CONTEXT() REPRESENTATION_CONTEXT('2D SPACE',''
  ) );
#2461 = PCURVE('',#2462,#2467);
#2462 = CONICAL_SURFACE('',#2463,2.75,0.785398163397);
#2463 = AXIS2_PLACEMENT_3D('',#2464,#2465,#2466);
#2464 = CARTESIAN_POINT('',(30.,60.25,4.));
#2465 = DIRECTION('',(0.,0.,1.));
#2466 = DIRECTION('',(-1.,0.,0.));
#2467 = DEFINITIONAL_REPRESENTATION('',(#2468),#2472);
#2468 = LINE('',#2469,#2470);
#2469 = CARTESIAN_POINT('',(0.,1.));
#2470 = VECTOR('',#2471,1.);
#2471 = DIRECTION('',(-1.,-0.));
#2472 = ( GEOMETRIC_REPRESENTATION_CONTEXT(2) 
PARAMETRIC_REPRESENTATION_CONTEXT() REPRESENTATION_CONTEXT('2D SPACE',''
  ) );
#2473 = ORIENTED_EDGE('',*,*,#2474,.T.);
#2474 = EDGE_CURVE('',#2442,#2475,#2477,.T.);
#2475 = VERTEX_POINT('',#2476);
#2476 = CARTESIAN_POINT('',(33.75,49.75,5.));
#2477 = SURFACE_CURVE('',#2478,(#2482,#2489),.PCURVE_S1.);
#2478 = LINE('',#2479,#2480);
#2479 = CARTESIAN_POINT('',(33.75,60.25,5.));
#2480 = VECTOR('',#2481,1.);
#2481 = DIRECTION('',(0.,-1.,0.));
#2482 = PCURVE('',#324,#2483);
#2483 = DEFINITIONAL_REPRESENTATION('',(#2484),#2488);
#2484 = LINE('',#2485,#2486);
#2485 = CARTESIAN_POINT('',(33.750000007251,60.25));
#2486 = VECTOR('',#2487,1.);
#2487 = DIRECTION('',(0.,-1.));
#2488 = ( GEOMETRIC_REPRESENTATION_CONTEXT(2) 
PARAMETRIC_REPRESENTATION_CONTEXT() REPRESENTATION_CONTEXT('2D SPACE',''
  ) );
#2489 = PCURVE('',#2490,#2495);
#2490 = PLANE('',#2491);
#2491 = AXIS2_PLACEMENT_3D('',#2492,#2493,#2494);
#2492 = CARTESIAN_POINT('',(33.25,60.25,4.5));
#2493 = DIRECTION('',(-0.707106781187,0.,0.707106781187));
#2494 = DIRECTION('',(-0.,1.,-0.));
#2495 = DEFINITIONAL_REPRESENTATION('',(#2496),#2500);
#2496 = LINE('',#2497,#2498);
#2497 = CARTESIAN_POINT('',(-0.,-0.707106781187));
#2498 = VECTOR('',#2499,1.);
#2499 = DIRECTION('',(-1.,0.));
#2500 = ( GEOMETRIC_REPRESENTATION_CONTEXT(2) 
PARAMETRIC_REPRESENTATION_CONTEXT() REPRESENTATION_CONTEXT('2D SPACE',''
  ) );
#2501 = ORIENTED_EDGE('',*,*,#2502,.T.);
#2502 = EDGE_CURVE('',#2475,#2412,#2503,.T.);
#2503 = SURFACE_CURVE('',#2504,(#2509,#2520),.PCURVE_S1.);
#2504 = CIRCLE('',#2505,3.75);
#2505 = AXIS2_PLACEMENT_3D('',#2506,#2507,#2508);
#2506 = CARTESIAN_POINT('',(30.,49.75,5.));
#2507 = DIRECTION('',(0.,-0.,-1.));
#2508 = DIRECTION('',(1.,0.,-0.));
#2509 = PCURVE('',#324,#2510);
#2510 = DEFINITIONAL_REPRESENTATION('',(#2511),#2519);
#2511 = ( BOUNDED_CURVE() B_SPLINE_CURVE(2,(#2512,#2513,#2514,#2515,
#2516,#2517,#2518),.UNSPECIFIED.,.T.,.F.) B_SPLINE_CURVE_WITH_KNOTS((1,2
    ,2,2,2,1),(-2.094395102393,0.,2.094395102393,4.188790204786,
6.28318530718,8.377580409573),.UNSPECIFIED.) CURVE() 
GEOMETRIC_REPRESENTATION_ITEM() RATIONAL_B_SPLINE_CURVE((1.,0.5,1.,0.5,
1.,0.5,1.)) REPRESENTATION_ITEM('') );
#2512 = CARTESIAN_POINT('',(33.750000007251,49.75));
#2513 = CARTESIAN_POINT('',(33.750000007251,43.254809471617));
#2514 = CARTESIAN_POINT('',(28.125000007251,46.502404735808));
#2515 = CARTESIAN_POINT('',(22.500000007251,49.75));
#2516 = CARTESIAN_POINT('',(28.125000007251,52.997595264192));
#2517 = CARTESIAN_POINT('',(33.750000007251,56.245190528383));
#2518 = CARTESIAN_POINT('',(33.750000007251,49.75));
#2519 = ( GEOMETRIC_REPRESENTATION_CONTEXT(2) 
PARAMETRIC_REPRESENTATION_CONTEXT() REPRESENTATION_CONTEXT('2D SPACE',''
  ) );
#2520 = PCURVE('',#2521,#2526);
#2521 = CONICAL_SURFACE('',#2522,2.75,0.785398163397);
#2522 = AXIS2_PLACEMENT_3D('',#2523,#2524,#2525);
#2523 = CARTESIAN_POINT('',(30.,49.75,4.));
#2524 = DIRECTION('',(0.,0.,1.));
#2525 = DIRECTION('',(1.,0.,-0.));
#2526 = DEFINITIONAL_REPRESENTATION('',(#2527),#2531);
#2527 = LINE('',#2528,#2529);
#2528 = CARTESIAN_POINT('',(0.,1.));
#2529 = VECTOR('',#2530,1.);
#2530 = DIRECTION('',(-1.,-0.));
#2531 = ( GEOMETRIC_REPRESENTATION_CONTEXT(2) 
PARAMETRIC_REPRESENTATION_CONTEXT() REPRESENTATION_CONTEXT('2D SPACE',''
  ) );
#2532 = FACE_BOUND('',#2533,.T.);
#2533 = EDGE_LOOP('',(#2534));
#2534 = ORIENTED_EDGE('',*,*,#2535,.T.);
#2535 = EDGE_CURVE('',#2536,#2536,#2538,.T.);
#2536 = VERTEX_POINT('',#2537);
#2537 = CARTESIAN_POINT('',(74.25,80.,5.));
#2538 = SURFACE_CURVE('',#2539,(#2544,#2555),.PCURVE_S1.);
#2539 = CIRCLE('',#2540,4.25);
#2540 = AXIS2_PLACEMENT_3D('',#2541,#2542,#2543);
#2541 = CARTESIAN_POINT('',(70.,80.,5.));
#2542 = DIRECTION('',(0.,-0.,-1.));
#2543 = DIRECTION('',(1.,0.,-0.));
#2544 = PCURVE('',#324,#2545);
#2545 = DEFINITIONAL_REPRESENTATION('',(#2546),#2554);
#2546 = ( BOUNDED_CURVE() B_SPLINE_CURVE(2,(#2547,#2548,#2549,#2550,
#2551,#2552,#2553),.UNSPECIFIED.,.T.,.F.) B_SPLINE_CURVE_WITH_KNOTS((1,2
    ,2,2,2,1),(-2.094395102393,0.,2.094395102393,4.188790204786,
6.28318530718,8.377580409573),.UNSPECIFIED.) CURVE() 
GEOMETRIC_REPRESENTATION_ITEM() RATIONAL_B_SPLINE_CURVE((1.,0.5,1.,0.5,
1.,0.5,1.)) REPRESENTATION_ITEM('') );
#2547 = CARTESIAN_POINT('',(74.250000007251,80.));
#2548 = CARTESIAN_POINT('',(74.250000007251,72.638784067832));
#2549 = CARTESIAN_POINT('',(67.875000007251,76.319392033916));
#2550 = CARTESIAN_POINT('',(61.500000007251,80.));
#2551 = CARTESIAN_POINT('',(67.875000007251,83.680607966084));
#2552 = CARTESIAN_POINT('',(74.250000007251,87.361215932168));
#2553 = CARTESIAN_POINT('',(74.250000007251,80.));
#2554 = ( GEOMETRIC_REPRESENTATION_CONTEXT(2) 
PARAMETRIC_REPRESENTATION_CONTEXT() REPRESENTATION_CONTEXT('2D SPACE',''
  ) );
#2555 = PCURVE('',#2556,#2561);
#2556 = CONICAL_SURFACE('',#2557,3.25,0.785398163397);
#2557 = AXIS2_PLACEMENT_3D('',#2558,#2559,#2560);
#2558 = CARTESIAN_POINT('',(70.,80.,4.));
#2559 = DIRECTION('',(0.,0.,1.));
#2560 = DIRECTION('',(1.,0.,-0.));
#2561 = DEFINITIONAL_REPRESENTATION('',(#2562),#2566);
#2562 = LINE('',#2563,#2564);
#2563 = CARTESIAN_POINT('',(0.,1.));
#2564 = VECTOR('',#2565,1.);
#2565 = DIRECTION('',(-1.,-0.));
#2566 = ( GEOMETRIC_REPRESENTATION_CONTEXT(2) 
PARAMETRIC_REPRESENTATION_CONTEXT() REPRESENTATION_CONTEXT('2D SPACE',''
  ) );
#2567 = ADVANCED_FACE('',(#2568),#299,.T.);
#2568 = FACE_BOUND('',#2569,.F.);
#2569 = EDGE_LOOP('',(#2570,#2571,#2572,#2591));
#2570 = ORIENTED_EDGE('',*,*,#284,.F.);
#2571 = ORIENTED_EDGE('',*,*,#1374,.T.);
#2572 = ORIENTED_EDGE('',*,*,#2573,.T.);
#2573 = EDGE_CURVE('',#1375,#1649,#2574,.T.);
#2574 = SURFACE_CURVE('',#2575,(#2579,#2585),.PCURVE_S1.);
#2575 = LINE('',#2576,#2577);
#2576 = CARTESIAN_POINT('',(-79.,95.,4.));
#2577 = VECTOR('',#2578,1.);
#2578 = DIRECTION('',(4.329780281177E-17,-0.707106781187,0.707106781187)
  );
#2579 = PCURVE('',#299,#2580);
#2580 = DEFINITIONAL_REPRESENTATION('',(#2581),#2584);
#2581 = B_SPLINE_CURVE_WITH_KNOTS('',1,(#2582,#2583),.UNSPECIFIED.,.F.,
  .F.,(2,2),(0.,1.414213562373),.PIECEWISE_BEZIER_KNOTS.);
#2582 = CARTESIAN_POINT('',(1.570796326795,0.));
#2583 = CARTESIAN_POINT('',(1.570796326795,-1.));
#2584 = ( GEOMETRIC_REPRESENTATION_CONTEXT(2) 
PARAMETRIC_REPRESENTATION_CONTEXT() REPRESENTATION_CONTEXT('2D SPACE',''
  ) );
#2585 = PCURVE('',#1664,#2586);
#2586 = DEFINITIONAL_REPRESENTATION('',(#2587),#2590);
#2587 = B_SPLINE_CURVE_WITH_KNOTS('',1,(#2588,#2589),.UNSPECIFIED.,.F.,
  .F.,(2,2),(0.,1.414213562373),.PIECEWISE_BEZIER_KNOTS.);
#2588 = CARTESIAN_POINT('',(0.,-0.707106781187));
#2589 = CARTESIAN_POINT('',(0.,0.707106781187));
#2590 = ( GEOMETRIC_REPRESENTATION_CONTEXT(2) 
PARAMETRIC_REPRESENTATION_CONTEXT() REPRESENTATION_CONTEXT('2D SPACE',''
  ) );
#2591 = ORIENTED_EDGE('',*,*,#1676,.F.);
#2592 = ADVANCED_FACE('',(#2593),#474,.T.);
#2593 = FACE_BOUND('',#2594,.T.);
#2594 = EDGE_LOOP('',(#2595,#2596,#2619,#2640));
#2595 = ORIENTED_EDGE('',*,*,#1398,.T.);
#2596 = ORIENTED_EDGE('',*,*,#2597,.T.);
#2597 = EDGE_CURVE('',#1375,#2598,#2600,.T.);
#2598 = VERTEX_POINT('',#2599);
#2599 = CARTESIAN_POINT('',(78.999999970879,95.,4.));
#2600 = SURFACE_CURVE('',#2601,(#2605,#2612),.PCURVE_S1.);
#2601 = LINE('',#2602,#2603);
#2602 = CARTESIAN_POINT('',(-79.,95.,4.));
#2603 = VECTOR('',#2604,1.);
#2604 = DIRECTION('',(1.,0.,0.));
#2605 = PCURVE('',#474,#2606);
#2606 = DEFINITIONAL_REPRESENTATION('',(#2607),#2611);
#2607 = LINE('',#2608,#2609);
#2608 = CARTESIAN_POINT('',(0.,-4.));
#2609 = VECTOR('',#2610,1.);
#2610 = DIRECTION('',(1.,0.));
#2611 = ( GEOMETRIC_REPRESENTATION_CONTEXT(2) 
PARAMETRIC_REPRESENTATION_CONTEXT() REPRESENTATION_CONTEXT('2D SPACE',''
  ) );
#2612 = PCURVE('',#1664,#2613);
#2613 = DEFINITIONAL_REPRESENTATION('',(#2614),#2618);
#2614 = LINE('',#2615,#2616);
#2615 = CARTESIAN_POINT('',(-0.,-0.707106781187));
#2616 = VECTOR('',#2617,1.);
#2617 = DIRECTION('',(-1.,0.));
#2618 = ( GEOMETRIC_REPRESENTATION_CONTEXT(2) 
PARAMETRIC_REPRESENTATION_CONTEXT() REPRESENTATION_CONTEXT('2D SPACE',''
  ) );
#2619 = ORIENTED_EDGE('',*,*,#2620,.F.);
#2620 = EDGE_CURVE('',#426,#2598,#2621,.T.);
#2621 = SURFACE_CURVE('',#2622,(#2626,#2633),.PCURVE_S1.);
#2622 = LINE('',#2623,#2624);
#2623 = CARTESIAN_POINT('',(78.999999970879,95.,0.));
#2624 = VECTOR('',#2625,1.);
#2625 = DIRECTION('',(0.,0.,1.));
#2626 = PCURVE('',#474,#2627);
#2627 = DEFINITIONAL_REPRESENTATION('',(#2628),#2632);
#2628 = LINE('',#2629,#2630);
#2629 = CARTESIAN_POINT('',(157.99999997088,0.));
#2630 = VECTOR('',#2631,1.);
#2631 = DIRECTION('',(0.,-1.));
#2632 = ( GEOMETRIC_REPRESENTATION_CONTEXT(2) 
PARAMETRIC_REPRESENTATION_CONTEXT() REPRESENTATION_CONTEXT('2D SPACE',''
  ) );
#2633 = PCURVE('',#446,#2634);
#2634 = DEFINITIONAL_REPRESENTATION('',(#2635),#2639);
#2635 = LINE('',#2636,#2637);
#2636 = CARTESIAN_POINT('',(1.570796326795,0.));
#2637 = VECTOR('',#2638,1.);
#2638 = DIRECTION('',(0.,-1.));
#2639 = ( GEOMETRIC_REPRESENTATION_CONTEXT(2) 
PARAMETRIC_REPRESENTATION_CONTEXT() REPRESENTATION_CONTEXT('2D SPACE',''
  ) );
#2640 = ORIENTED_EDGE('',*,*,#458,.F.);
#2641 = ADVANCED_FACE('',(#2642),#385,.T.);
#2642 = FACE_BOUND('',#2643,.T.);
#2643 = EDGE_LOOP('',(#2644,#2667,#2689,#2690));
#2644 = ORIENTED_EDGE('',*,*,#2645,.T.);
#2645 = EDGE_CURVE('',#365,#2646,#2648,.T.);
#2646 = VERTEX_POINT('',#2647);
#2647 = CARTESIAN_POINT('',(85.000000000006,-89.,4.));
#2648 = SURFACE_CURVE('',#2649,(#2653,#2660),.PCURVE_S1.);
#2649 = LINE('',#2650,#2651);
#2650 = CARTESIAN_POINT('',(84.999999985442,-89.,0.));
#2651 = VECTOR('',#2652,1.);
#2652 = DIRECTION('',(0.,0.,1.));
#2653 = PCURVE('',#385,#2654);
#2654 = DEFINITIONAL_REPRESENTATION('',(#2655),#2659);
#2655 = LINE('',#2656,#2657);
#2656 = CARTESIAN_POINT('',(3.14159265359,0.));
#2657 = VECTOR('',#2658,1.);
#2658 = DIRECTION('',(0.,-1.));
#2659 = ( GEOMETRIC_REPRESENTATION_CONTEXT(2) 
PARAMETRIC_REPRESENTATION_CONTEXT() REPRESENTATION_CONTEXT('2D SPACE',''
  ) );
#2660 = PCURVE('',#413,#2661);
#2661 = DEFINITIONAL_REPRESENTATION('',(#2662),#2666);
#2662 = LINE('',#2663,#2664);
#2663 = CARTESIAN_POINT('',(0.,0.));
#2664 = VECTOR('',#2665,1.);
#2665 = DIRECTION('',(0.,-1.));
#2666 = ( GEOMETRIC_REPRESENTATION_CONTEXT(2) 
PARAMETRIC_REPRESENTATION_CONTEXT() REPRESENTATION_CONTEXT('2D SPACE',''
  ) );
#2667 = ORIENTED_EDGE('',*,*,#2668,.T.);
#2668 = EDGE_CURVE('',#2646,#1425,#2669,.T.);
#2669 = SURFACE_CURVE('',#2670,(#2675,#2682),.PCURVE_S1.);
#2670 = CIRCLE('',#2671,6.);
#2671 = AXIS2_PLACEMENT_3D('',#2672,#2673,#2674);
#2672 = CARTESIAN_POINT('',(78.999999970879,-89.,4.));
#2673 = DIRECTION('',(0.,0.,-1.));
#2674 = DIRECTION('',(1.,0.,0.));
#2675 = PCURVE('',#385,#2676);
#2676 = DEFINITIONAL_REPRESENTATION('',(#2677),#2681);
#2677 = LINE('',#2678,#2679);
#2678 = CARTESIAN_POINT('',(3.14159265359,-4.));
#2679 = VECTOR('',#2680,1.);
#2680 = DIRECTION('',(1.,0.));
#2681 = ( GEOMETRIC_REPRESENTATION_CONTEXT(2) 
PARAMETRIC_REPRESENTATION_CONTEXT() REPRESENTATION_CONTEXT('2D SPACE',''
  ) );
#2682 = PCURVE('',#1575,#2683);
#2683 = DEFINITIONAL_REPRESENTATION('',(#2684),#2688);
#2684 = LINE('',#2685,#2686);
#2685 = CARTESIAN_POINT('',(0.,-0.));
#2686 = VECTOR('',#2687,1.);
#2687 = DIRECTION('',(1.,-0.));
#2688 = ( GEOMETRIC_REPRESENTATION_CONTEXT(2) 
PARAMETRIC_REPRESENTATION_CONTEXT() REPRESENTATION_CONTEXT('2D SPACE',''
  ) );
#2689 = ORIENTED_EDGE('',*,*,#1452,.F.);
#2690 = ORIENTED_EDGE('',*,*,#364,.F.);
#2691 = ADVANCED_FACE('',(#2692),#446,.T.);
#2692 = FACE_BOUND('',#2693,.T.);
#2693 = EDGE_LOOP('',(#2694,#2695,#2719,#2740));
#2694 = ORIENTED_EDGE('',*,*,#2620,.T.);
#2695 = ORIENTED_EDGE('',*,*,#2696,.T.);
#2696 = EDGE_CURVE('',#2598,#2697,#2699,.T.);
#2697 = VERTEX_POINT('',#2698);
#2698 = CARTESIAN_POINT('',(84.999999970879,89.,4.));
#2699 = SURFACE_CURVE('',#2700,(#2705,#2712),.PCURVE_S1.);
#2700 = CIRCLE('',#2701,6.);
#2701 = AXIS2_PLACEMENT_3D('',#2702,#2703,#2704);
#2702 = CARTESIAN_POINT('',(78.999999970879,89.,4.));
#2703 = DIRECTION('',(0.,-0.,-1.));
#2704 = DIRECTION('',(0.,1.,-0.));
#2705 = PCURVE('',#446,#2706);
#2706 = DEFINITIONAL_REPRESENTATION('',(#2707),#2711);
#2707 = LINE('',#2708,#2709);
#2708 = CARTESIAN_POINT('',(1.570796326795,-4.));
#2709 = VECTOR('',#2710,1.);
#2710 = DIRECTION('',(1.,0.));
#2711 = ( GEOMETRIC_REPRESENTATION_CONTEXT(2) 
PARAMETRIC_REPRESENTATION_CONTEXT() REPRESENTATION_CONTEXT('2D SPACE',''
  ) );
#2712 = PCURVE('',#1636,#2713);
#2713 = DEFINITIONAL_REPRESENTATION('',(#2714),#2718);
#2714 = LINE('',#2715,#2716);
#2715 = CARTESIAN_POINT('',(0.,-0.));
#2716 = VECTOR('',#2717,1.);
#2717 = DIRECTION('',(1.,-0.));
#2718 = ( GEOMETRIC_REPRESENTATION_CONTEXT(2) 
PARAMETRIC_REPRESENTATION_CONTEXT() REPRESENTATION_CONTEXT('2D SPACE',''
  ) );
#2719 = ORIENTED_EDGE('',*,*,#2720,.F.);
#2720 = EDGE_CURVE('',#398,#2697,#2721,.T.);
#2721 = SURFACE_CURVE('',#2722,(#2726,#2733),.PCURVE_S1.);
#2722 = LINE('',#2723,#2724);
#2723 = CARTESIAN_POINT('',(84.999999985442,89.,0.));
#2724 = VECTOR('',#2725,1.);
#2725 = DIRECTION('',(0.,0.,1.));
#2726 = PCURVE('',#446,#2727);
#2727 = DEFINITIONAL_REPRESENTATION('',(#2728),#2732);
#2728 = LINE('',#2729,#2730);
#2729 = CARTESIAN_POINT('',(3.14159265359,0.));
#2730 = VECTOR('',#2731,1.);
#2731 = DIRECTION('',(0.,-1.));
#2732 = ( GEOMETRIC_REPRESENTATION_CONTEXT(2) 
PARAMETRIC_REPRESENTATION_CONTEXT() REPRESENTATION_CONTEXT('2D SPACE',''
  ) );
#2733 = PCURVE('',#413,#2734);
#2734 = DEFINITIONAL_REPRESENTATION('',(#2735),#2739);
#2735 = LINE('',#2736,#2737);
#2736 = CARTESIAN_POINT('',(178.,0.));
#2737 = VECTOR('',#2738,1.);
#2738 = DIRECTION('',(0.,-1.));
#2739 = ( GEOMETRIC_REPRESENTATION_CONTEXT(2) 
PARAMETRIC_REPRESENTATION_CONTEXT() REPRESENTATION_CONTEXT('2D SPACE',''
  ) );
#2740 = ORIENTED_EDGE('',*,*,#425,.F.);
#2741 = ADVANCED_FACE('',(#2742),#413,.F.);
#2742 = FACE_BOUND('',#2743,.F.);
#2743 = EDGE_LOOP('',(#2744,#2745,#2766,#2767));
#2744 = ORIENTED_EDGE('',*,*,#2645,.T.);
#2745 = ORIENTED_EDGE('',*,*,#2746,.F.);
#2746 = EDGE_CURVE('',#2697,#2646,#2747,.T.);
#2747 = SURFACE_CURVE('',#2748,(#2752,#2759),.PCURVE_S1.);
#2748 = LINE('',#2749,#2750);
#2749 = CARTESIAN_POINT('',(85.000000000006,89.,4.));
#2750 = VECTOR('',#2751,1.);
#2751 = DIRECTION('',(-0.,-1.,-0.));
#2752 = PCURVE('',#413,#2753);
#2753 = DEFINITIONAL_REPRESENTATION('',(#2754),#2758);
#2754 = LINE('',#2755,#2756);
#2755 = CARTESIAN_POINT('',(178.,-4.));
#2756 = VECTOR('',#2757,1.);
#2757 = DIRECTION('',(-1.,0.));
#2758 = ( GEOMETRIC_REPRESENTATION_CONTEXT(2) 
PARAMETRIC_REPRESENTATION_CONTEXT() REPRESENTATION_CONTEXT('2D SPACE',''
  ) );
#2759 = PCURVE('',#1603,#2760);
#2760 = DEFINITIONAL_REPRESENTATION('',(#2761),#2765);
#2761 = LINE('',#2762,#2763);
#2762 = CARTESIAN_POINT('',(0.,-0.707106781187));
#2763 = VECTOR('',#2764,1.);
#2764 = DIRECTION('',(1.,0.));
#2765 = ( GEOMETRIC_REPRESENTATION_CONTEXT(2) 
PARAMETRIC_REPRESENTATION_CONTEXT() REPRESENTATION_CONTEXT('2D SPACE',''
  ) );
#2766 = ORIENTED_EDGE('',*,*,#2720,.F.);
#2767 = ORIENTED_EDGE('',*,*,#397,.F.);
#2768 = ADVANCED_FACE('',(#2769),#535,.F.);
#2769 = FACE_BOUND('',#2770,.T.);
#2770 = EDGE_LOOP('',(#2771,#2794,#2795,#2796));
#2771 = ORIENTED_EDGE('',*,*,#2772,.F.);
#2772 = EDGE_CURVE('',#515,#2773,#2775,.T.);
#2773 = VERTEX_POINT('',#2774);
#2774 = CARTESIAN_POINT('',(-66.75,-80.,4.));
#2775 = SEAM_CURVE('',#2776,(#2780,#2787),.PCURVE_S1.);
#2776 = LINE('',#2777,#2778);
#2777 = CARTESIAN_POINT('',(-66.75,-80.,-1.));
#2778 = VECTOR('',#2779,1.);
#2779 = DIRECTION('',(0.,0.,1.));
#2780 = PCURVE('',#535,#2781);
#2781 = DEFINITIONAL_REPRESENTATION('',(#2782),#2786);
#2782 = LINE('',#2783,#2784);
#2783 = CARTESIAN_POINT('',(-6.28318530718,0.));
#2784 = VECTOR('',#2785,1.);
#2785 = DIRECTION('',(-0.,-1.));
#2786 = ( GEOMETRIC_REPRESENTATION_CONTEXT(2) 
PARAMETRIC_REPRESENTATION_CONTEXT() REPRESENTATION_CONTEXT('2D SPACE',''
  ) );
#2787 = PCURVE('',#535,#2788);
#2788 = DEFINITIONAL_REPRESENTATION('',(#2789),#2793);
#2789 = LINE('',#2790,#2791);
#2790 = CARTESIAN_POINT('',(-0.,0.));
#2791 = VECTOR('',#2792,1.);
#2792 = DIRECTION('',(-0.,-1.));
#2793 = ( GEOMETRIC_REPRESENTATION_CONTEXT(2) 
PARAMETRIC_REPRESENTATION_CONTEXT() REPRESENTATION_CONTEXT('2D SPACE',''
  ) );
#2794 = ORIENTED_EDGE('',*,*,#514,.T.);
#2795 = ORIENTED_EDGE('',*,*,#2772,.T.);
#2796 = ORIENTED_EDGE('',*,*,#2797,.F.);
#2797 = EDGE_CURVE('',#2773,#2773,#2798,.T.);
#2798 = SURFACE_CURVE('',#2799,(#2804,#2811),.PCURVE_S1.);
#2799 = CIRCLE('',#2800,3.25);
#2800 = AXIS2_PLACEMENT_3D('',#2801,#2802,#2803);
#2801 = CARTESIAN_POINT('',(-70.,-80.,4.));
#2802 = DIRECTION('',(0.,-0.,-1.));
#2803 = DIRECTION('',(1.,0.,-0.));
#2804 = PCURVE('',#535,#2805);
#2805 = DEFINITIONAL_REPRESENTATION('',(#2806),#2810);
#2806 = LINE('',#2807,#2808);
#2807 = CARTESIAN_POINT('',(-6.28318530718,-5.));
#2808 = VECTOR('',#2809,1.);
#2809 = DIRECTION('',(1.,-0.));
#2810 = ( GEOMETRIC_REPRESENTATION_CONTEXT(2) 
PARAMETRIC_REPRESENTATION_CONTEXT() REPRESENTATION_CONTEXT('2D SPACE',''
  ) );
#2811 = PCURVE('',#1725,#2812);
#2812 = DEFINITIONAL_REPRESENTATION('',(#2813),#2817);
#2813 = LINE('',#2814,#2815);
#2814 = CARTESIAN_POINT('',(-0.,-0.));
#2815 = VECTOR('',#2816,1.);
#2816 = DIRECTION('',(-1.,-0.));
#2817 = ( GEOMETRIC_REPRESENTATION_CONTEXT(2) 
PARAMETRIC_REPRESENTATION_CONTEXT() REPRESENTATION_CONTEXT('2D SPACE',''
  ) );
#2818 = ADVANCED_FACE('',(#2819),#566,.T.);
#2819 = FACE_BOUND('',#2820,.T.);
#2820 = EDGE_LOOP('',(#2821,#2844,#2845,#2868));
#2821 = ORIENTED_EDGE('',*,*,#2822,.F.);
#2822 = EDGE_CURVE('',#550,#2823,#2825,.T.);
#2823 = VERTEX_POINT('',#2824);
#2824 = CARTESIAN_POINT('',(-32.75,-60.25,4.));
#2825 = SURFACE_CURVE('',#2826,(#2830,#2837),.PCURVE_S1.);
#2826 = LINE('',#2827,#2828);
#2827 = CARTESIAN_POINT('',(-32.75,-60.25,-1.));
#2828 = VECTOR('',#2829,1.);
#2829 = DIRECTION('',(0.,0.,1.));
#2830 = PCURVE('',#566,#2831);
#2831 = DEFINITIONAL_REPRESENTATION('',(#2832),#2836);
#2832 = LINE('',#2833,#2834);
#2833 = CARTESIAN_POINT('',(10.5,0.));
#2834 = VECTOR('',#2835,1.);
#2835 = DIRECTION('',(0.,-1.));
#2836 = ( GEOMETRIC_REPRESENTATION_CONTEXT(2) 
PARAMETRIC_REPRESENTATION_CONTEXT() REPRESENTATION_CONTEXT('2D SPACE',''
  ) );
#2837 = PCURVE('',#655,#2838);
#2838 = DEFINITIONAL_REPRESENTATION('',(#2839),#2843);
#2839 = LINE('',#2840,#2841);
#2840 = CARTESIAN_POINT('',(4.712388980385,0.));
#2841 = VECTOR('',#2842,1.);
#2842 = DIRECTION('',(0.,-1.));
#2843 = ( GEOMETRIC_REPRESENTATION_CONTEXT(2) 
PARAMETRIC_REPRESENTATION_CONTEXT() REPRESENTATION_CONTEXT('2D SPACE',''
  ) );
#2844 = ORIENTED_EDGE('',*,*,#549,.T.);
#2845 = ORIENTED_EDGE('',*,*,#2846,.T.);
#2846 = EDGE_CURVE('',#552,#2847,#2849,.T.);
#2847 = VERTEX_POINT('',#2848);
#2848 = CARTESIAN_POINT('',(-32.75,-49.75,4.));
#2849 = SURFACE_CURVE('',#2850,(#2854,#2861),.PCURVE_S1.);
#2850 = LINE('',#2851,#2852);
#2851 = CARTESIAN_POINT('',(-32.75,-49.75,-1.));
#2852 = VECTOR('',#2853,1.);
#2853 = DIRECTION('',(0.,0.,1.));
#2854 = PCURVE('',#566,#2855);
#2855 = DEFINITIONAL_REPRESENTATION('',(#2856),#2860);
#2856 = LINE('',#2857,#2858);
#2857 = CARTESIAN_POINT('',(0.,0.));
#2858 = VECTOR('',#2859,1.);
#2859 = DIRECTION('',(0.,-1.));
#2860 = ( GEOMETRIC_REPRESENTATION_CONTEXT(2) 
PARAMETRIC_REPRESENTATION_CONTEXT() REPRESENTATION_CONTEXT('2D SPACE',''
  ) );
#2861 = PCURVE('',#598,#2862);
#2862 = DEFINITIONAL_REPRESENTATION('',(#2863),#2867);
#2863 = LINE('',#2864,#2865);
#2864 = CARTESIAN_POINT('',(1.570796326795,0.));
#2865 = VECTOR('',#2866,1.);
#2866 = DIRECTION('',(0.,-1.));
#2867 = ( GEOMETRIC_REPRESENTATION_CONTEXT(2) 
PARAMETRIC_REPRESENTATION_CONTEXT() REPRESENTATION_CONTEXT('2D SPACE',''
  ) );
#2868 = ORIENTED_EDGE('',*,*,#2869,.F.);
#2869 = EDGE_CURVE('',#2823,#2847,#2870,.T.);
#2870 = SURFACE_CURVE('',#2871,(#2875,#2882),.PCURVE_S1.);
#2871 = LINE('',#2872,#2873);
#2872 = CARTESIAN_POINT('',(-32.75,-60.25,4.));
#2873 = VECTOR('',#2874,1.);
#2874 = DIRECTION('',(-0.,1.,0.));
#2875 = PCURVE('',#566,#2876);
#2876 = DEFINITIONAL_REPRESENTATION('',(#2877),#2881);
#2877 = LINE('',#2878,#2879);
#2878 = CARTESIAN_POINT('',(10.5,-5.));
#2879 = VECTOR('',#2880,1.);
#2880 = DIRECTION('',(-1.,-0.));
#2881 = ( GEOMETRIC_REPRESENTATION_CONTEXT(2) 
PARAMETRIC_REPRESENTATION_CONTEXT() REPRESENTATION_CONTEXT('2D SPACE',''
  ) );
#2882 = PCURVE('',#1757,#2883);
#2883 = DEFINITIONAL_REPRESENTATION('',(#2884),#2888);
#2884 = LINE('',#2885,#2886);
#2885 = CARTESIAN_POINT('',(-0.,0.707106781187));
#2886 = VECTOR('',#2887,1.);
#2887 = DIRECTION('',(-1.,0.));
#2888 = ( GEOMETRIC_REPRESENTATION_CONTEXT(2) 
PARAMETRIC_REPRESENTATION_CONTEXT() REPRESENTATION_CONTEXT('2D SPACE',''
  ) );
#2889 = ADVANCED_FACE('',(#2890),#655,.F.);
#2890 = FACE_BOUND('',#2891,.F.);
#2891 = EDGE_LOOP('',(#2892,#2893,#2894,#2917));
#2892 = ORIENTED_EDGE('',*,*,#2822,.F.);
#2893 = ORIENTED_EDGE('',*,*,#636,.F.);
#2894 = ORIENTED_EDGE('',*,*,#2895,.T.);
#2895 = EDGE_CURVE('',#611,#2896,#2898,.T.);
#2896 = VERTEX_POINT('',#2897);
#2897 = CARTESIAN_POINT('',(-27.25,-60.25,4.));
#2898 = SURFACE_CURVE('',#2899,(#2903,#2910),.PCURVE_S1.);
#2899 = LINE('',#2900,#2901);
#2900 = CARTESIAN_POINT('',(-27.25,-60.25,-1.));
#2901 = VECTOR('',#2902,1.);
#2902 = DIRECTION('',(0.,0.,1.));
#2903 = PCURVE('',#655,#2904);
#2904 = DEFINITIONAL_REPRESENTATION('',(#2905),#2909);
#2905 = LINE('',#2906,#2907);
#2906 = CARTESIAN_POINT('',(1.570796326795,0.));
#2907 = VECTOR('',#2908,1.);
#2908 = DIRECTION('',(0.,-1.));
#2909 = ( GEOMETRIC_REPRESENTATION_CONTEXT(2) 
PARAMETRIC_REPRESENTATION_CONTEXT() REPRESENTATION_CONTEXT('2D SPACE',''
  ) );
#2910 = PCURVE('',#625,#2911);
#2911 = DEFINITIONAL_REPRESENTATION('',(#2912),#2916);
#2912 = LINE('',#2913,#2914);
#2913 = CARTESIAN_POINT('',(0.,0.));
#2914 = VECTOR('',#2915,1.);
#2915 = DIRECTION('',(0.,-1.));
#2916 = ( GEOMETRIC_REPRESENTATION_CONTEXT(2) 
PARAMETRIC_REPRESENTATION_CONTEXT() REPRESENTATION_CONTEXT('2D SPACE',''
  ) );
#2917 = ORIENTED_EDGE('',*,*,#2918,.T.);
#2918 = EDGE_CURVE('',#2896,#2823,#2919,.T.);
#2919 = SURFACE_CURVE('',#2920,(#2925,#2932),.PCURVE_S1.);
#2920 = CIRCLE('',#2921,2.75);
#2921 = AXIS2_PLACEMENT_3D('',#2922,#2923,#2924);
#2922 = CARTESIAN_POINT('',(-30.,-60.25,4.));
#2923 = DIRECTION('',(0.,-0.,-1.));
#2924 = DIRECTION('',(1.,0.,-0.));
#2925 = PCURVE('',#655,#2926);
#2926 = DEFINITIONAL_REPRESENTATION('',(#2927),#2931);
#2927 = LINE('',#2928,#2929);
#2928 = CARTESIAN_POINT('',(1.570796326795,-5.));
#2929 = VECTOR('',#2930,1.);
#2930 = DIRECTION('',(1.,0.));
#2931 = ( GEOMETRIC_REPRESENTATION_CONTEXT(2) 
PARAMETRIC_REPRESENTATION_CONTEXT() REPRESENTATION_CONTEXT('2D SPACE',''
  ) );
#2932 = PCURVE('',#1849,#2933);
#2933 = DEFINITIONAL_REPRESENTATION('',(#2934),#2938);
#2934 = LINE('',#2935,#2936);
#2935 = CARTESIAN_POINT('',(-0.,-0.));
#2936 = VECTOR('',#2937,1.);
#2937 = DIRECTION('',(-1.,-0.));
#2938 = ( GEOMETRIC_REPRESENTATION_CONTEXT(2) 
PARAMETRIC_REPRESENTATION_CONTEXT() REPRESENTATION_CONTEXT('2D SPACE',''
  ) );
#2939 = ADVANCED_FACE('',(#2940),#598,.F.);
#2940 = FACE_BOUND('',#2941,.F.);
#2941 = EDGE_LOOP('',(#2942,#2965,#2966,#2967));
#2942 = ORIENTED_EDGE('',*,*,#2943,.F.);
#2943 = EDGE_CURVE('',#578,#2944,#2946,.T.);
#2944 = VERTEX_POINT('',#2945);
#2945 = CARTESIAN_POINT('',(-27.25,-49.75,4.));
#2946 = SURFACE_CURVE('',#2947,(#2951,#2958),.PCURVE_S1.);
#2947 = LINE('',#2948,#2949);
#2948 = CARTESIAN_POINT('',(-27.25,-49.75,-1.));
#2949 = VECTOR('',#2950,1.);
#2950 = DIRECTION('',(0.,0.,1.));
#2951 = PCURVE('',#598,#2952);
#2952 = DEFINITIONAL_REPRESENTATION('',(#2953),#2957);
#2953 = LINE('',#2954,#2955);
#2954 = CARTESIAN_POINT('',(4.712388980385,0.));
#2955 = VECTOR('',#2956,1.);
#2956 = DIRECTION('',(0.,-1.));
#2957 = ( GEOMETRIC_REPRESENTATION_CONTEXT(2) 
PARAMETRIC_REPRESENTATION_CONTEXT() REPRESENTATION_CONTEXT('2D SPACE',''
  ) );
#2958 = PCURVE('',#625,#2959);
#2959 = DEFINITIONAL_REPRESENTATION('',(#2960),#2964);
#2960 = LINE('',#2961,#2962);
#2961 = CARTESIAN_POINT('',(10.5,0.));
#2962 = VECTOR('',#2963,1.);
#2963 = DIRECTION('',(0.,-1.));
#2964 = ( GEOMETRIC_REPRESENTATION_CONTEXT(2) 
PARAMETRIC_REPRESENTATION_CONTEXT() REPRESENTATION_CONTEXT('2D SPACE',''
  ) );
#2965 = ORIENTED_EDGE('',*,*,#577,.F.);
#2966 = ORIENTED_EDGE('',*,*,#2846,.T.);
#2967 = ORIENTED_EDGE('',*,*,#2968,.T.);
#2968 = EDGE_CURVE('',#2847,#2944,#2969,.T.);
#2969 = SURFACE_CURVE('',#2970,(#2975,#2982),.PCURVE_S1.);
#2970 = CIRCLE('',#2971,2.75);
#2971 = AXIS2_PLACEMENT_3D('',#2972,#2973,#2974);
#2972 = CARTESIAN_POINT('',(-30.,-49.75,4.));
#2973 = DIRECTION('',(-0.,0.,-1.));
#2974 = DIRECTION('',(-1.,0.,0.));
#2975 = PCURVE('',#598,#2976);
#2976 = DEFINITIONAL_REPRESENTATION('',(#2977),#2981);
#2977 = LINE('',#2978,#2979);
#2978 = CARTESIAN_POINT('',(1.570796326795,-5.));
#2979 = VECTOR('',#2980,1.);
#2980 = DIRECTION('',(1.,0.));
#2981 = ( GEOMETRIC_REPRESENTATION_CONTEXT(2) 
PARAMETRIC_REPRESENTATION_CONTEXT() REPRESENTATION_CONTEXT('2D SPACE',''
  ) );
#2982 = PCURVE('',#1790,#2983);
#2983 = DEFINITIONAL_REPRESENTATION('',(#2984),#2988);
#2984 = LINE('',#2985,#2986);
#2985 = CARTESIAN_POINT('',(-0.,-0.));
#2986 = VECTOR('',#2987,1.);
#2987 = DIRECTION('',(-1.,-0.));
#2988 = ( GEOMETRIC_REPRESENTATION_CONTEXT(2) 
PARAMETRIC_REPRESENTATION_CONTEXT() REPRESENTATION_CONTEXT('2D SPACE',''
  ) );
#2989 = ADVANCED_FACE('',(#2990),#625,.T.);
#2990 = FACE_BOUND('',#2991,.T.);
#2991 = EDGE_LOOP('',(#2992,#2993,#2994,#2995));
#2992 = ORIENTED_EDGE('',*,*,#2943,.F.);
#2993 = ORIENTED_EDGE('',*,*,#610,.T.);
#2994 = ORIENTED_EDGE('',*,*,#2895,.T.);
#2995 = ORIENTED_EDGE('',*,*,#2996,.F.);
#2996 = EDGE_CURVE('',#2944,#2896,#2997,.T.);
#2997 = SURFACE_CURVE('',#2998,(#3002,#3009),.PCURVE_S1.);
#2998 = LINE('',#2999,#3000);
#2999 = CARTESIAN_POINT('',(-27.25,-49.75,4.));
#3000 = VECTOR('',#3001,1.);
#3001 = DIRECTION('',(0.,-1.,0.));
#3002 = PCURVE('',#625,#3003);
#3003 = DEFINITIONAL_REPRESENTATION('',(#3004),#3008);
#3004 = LINE('',#3005,#3006);
#3005 = CARTESIAN_POINT('',(10.5,-5.));
#3006 = VECTOR('',#3007,1.);
#3007 = DIRECTION('',(-1.,0.));
#3008 = ( GEOMETRIC_REPRESENTATION_CONTEXT(2) 
PARAMETRIC_REPRESENTATION_CONTEXT() REPRESENTATION_CONTEXT('2D SPACE',''
  ) );
#3009 = PCURVE('',#1818,#3010);
#3010 = DEFINITIONAL_REPRESENTATION('',(#3011),#3015);
#3011 = LINE('',#3012,#3013);
#3012 = CARTESIAN_POINT('',(-0.,0.707106781187));
#3013 = VECTOR('',#3014,1.);
#3014 = DIRECTION('',(-1.,0.));
#3015 = ( GEOMETRIC_REPRESENTATION_CONTEXT(2) 
PARAMETRIC_REPRESENTATION_CONTEXT() REPRESENTATION_CONTEXT('2D SPACE',''
  ) );
#3016 = ADVANCED_FACE('',(#3017),#686,.T.);
#3017 = FACE_BOUND('',#3018,.T.);
#3018 = EDGE_LOOP('',(#3019,#3042,#3043,#3066));
#3019 = ORIENTED_EDGE('',*,*,#3020,.F.);
#3020 = EDGE_CURVE('',#670,#3021,#3023,.T.);
#3021 = VERTEX_POINT('',#3022);
#3022 = CARTESIAN_POINT('',(27.25,-60.25,4.));
#3023 = SURFACE_CURVE('',#3024,(#3028,#3035),.PCURVE_S1.);
#3024 = LINE('',#3025,#3026);
#3025 = CARTESIAN_POINT('',(27.25,-60.25,-1.));
#3026 = VECTOR('',#3027,1.);
#3027 = DIRECTION('',(0.,0.,1.));
#3028 = PCURVE('',#686,#3029);
#3029 = DEFINITIONAL_REPRESENTATION('',(#3030),#3034);
#3030 = LINE('',#3031,#3032);
#3031 = CARTESIAN_POINT('',(10.5,0.));
#3032 = VECTOR('',#3033,1.);
#3033 = DIRECTION('',(0.,-1.));
#3034 = ( GEOMETRIC_REPRESENTATION_CONTEXT(2) 
PARAMETRIC_REPRESENTATION_CONTEXT() REPRESENTATION_CONTEXT('2D SPACE',''
  ) );
#3035 = PCURVE('',#775,#3036);
#3036 = DEFINITIONAL_REPRESENTATION('',(#3037),#3041);
#3037 = LINE('',#3038,#3039);
#3038 = CARTESIAN_POINT('',(4.712388980385,0.));
#3039 = VECTOR('',#3040,1.);
#3040 = DIRECTION('',(0.,-1.));
#3041 = ( GEOMETRIC_REPRESENTATION_CONTEXT(2) 
PARAMETRIC_REPRESENTATION_CONTEXT() REPRESENTATION_CONTEXT('2D SPACE',''
  ) );
#3042 = ORIENTED_EDGE('',*,*,#669,.T.);
#3043 = ORIENTED_EDGE('',*,*,#3044,.T.);
#3044 = EDGE_CURVE('',#672,#3045,#3047,.T.);
#3045 = VERTEX_POINT('',#3046);
#3046 = CARTESIAN_POINT('',(27.25,-49.75,4.));
#3047 = SURFACE_CURVE('',#3048,(#3052,#3059),.PCURVE_S1.);
#3048 = LINE('',#3049,#3050);
#3049 = CARTESIAN_POINT('',(27.25,-49.75,-1.));
#3050 = VECTOR('',#3051,1.);
#3051 = DIRECTION('',(0.,0.,1.));
#3052 = PCURVE('',#686,#3053);
#3053 = DEFINITIONAL_REPRESENTATION('',(#3054),#3058);
#3054 = LINE('',#3055,#3056);
#3055 = CARTESIAN_POINT('',(0.,0.));
#3056 = VECTOR('',#3057,1.);
#3057 = DIRECTION('',(0.,-1.));
#3058 = ( GEOMETRIC_REPRESENTATION_CONTEXT(2) 
PARAMETRIC_REPRESENTATION_CONTEXT() REPRESENTATION_CONTEXT('2D SPACE',''
  ) );
#3059 = PCURVE('',#718,#3060);
#3060 = DEFINITIONAL_REPRESENTATION('',(#3061),#3065);
#3061 = LINE('',#3062,#3063);
#3062 = CARTESIAN_POINT('',(1.570796326795,0.));
#3063 = VECTOR('',#3064,1.);
#3064 = DIRECTION('',(0.,-1.));
#3065 = ( GEOMETRIC_REPRESENTATION_CONTEXT(2) 
PARAMETRIC_REPRESENTATION_CONTEXT() REPRESENTATION_CONTEXT('2D SPACE',''
  ) );
#3066 = ORIENTED_EDGE('',*,*,#3067,.F.);
#3067 = EDGE_CURVE('',#3021,#3045,#3068,.T.);
#3068 = SURFACE_CURVE('',#3069,(#3073,#3080),.PCURVE_S1.);
#3069 = LINE('',#3070,#3071);
#3070 = CARTESIAN_POINT('',(27.25,-60.25,4.));
#3071 = VECTOR('',#3072,1.);
#3072 = DIRECTION('',(-0.,1.,0.));
#3073 = PCURVE('',#686,#3074);
#3074 = DEFINITIONAL_REPRESENTATION('',(#3075),#3079);
#3075 = LINE('',#3076,#3077);
#3076 = CARTESIAN_POINT('',(10.5,-5.));
#3077 = VECTOR('',#3078,1.);
#3078 = DIRECTION('',(-1.,-0.));
#3079 = ( GEOMETRIC_REPRESENTATION_CONTEXT(2) 
PARAMETRIC_REPRESENTATION_CONTEXT() REPRESENTATION_CONTEXT('2D SPACE',''
  ) );
#3080 = PCURVE('',#1881,#3081);
#3081 = DEFINITIONAL_REPRESENTATION('',(#3082),#3086);
#3082 = LINE('',#3083,#3084);
#3083 = CARTESIAN_POINT('',(-0.,0.707106781187));
#3084 = VECTOR('',#3085,1.);
#3085 = DIRECTION('',(-1.,0.));
#3086 = ( GEOMETRIC_REPRESENTATION_CONTEXT(2) 
PARAMETRIC_REPRESENTATION_CONTEXT() REPRESENTATION_CONTEXT('2D SPACE',''
  ) );
#3087 = ADVANCED_FACE('',(#3088),#775,.F.);
#3088 = FACE_BOUND('',#3089,.F.);
#3089 = EDGE_LOOP('',(#3090,#3091,#3092,#3115));
#3090 = ORIENTED_EDGE('',*,*,#3020,.F.);
#3091 = ORIENTED_EDGE('',*,*,#756,.F.);
#3092 = ORIENTED_EDGE('',*,*,#3093,.T.);
#3093 = EDGE_CURVE('',#731,#3094,#3096,.T.);
#3094 = VERTEX_POINT('',#3095);
#3095 = CARTESIAN_POINT('',(32.75,-60.25,4.));
#3096 = SURFACE_CURVE('',#3097,(#3101,#3108),.PCURVE_S1.);
#3097 = LINE('',#3098,#3099);
#3098 = CARTESIAN_POINT('',(32.75,-60.25,-1.));
#3099 = VECTOR('',#3100,1.);
#3100 = DIRECTION('',(0.,0.,1.));
#3101 = PCURVE('',#775,#3102);
#3102 = DEFINITIONAL_REPRESENTATION('',(#3103),#3107);
#3103 = LINE('',#3104,#3105);
#3104 = CARTESIAN_POINT('',(1.570796326795,0.));
#3105 = VECTOR('',#3106,1.);
#3106 = DIRECTION('',(0.,-1.));
#3107 = ( GEOMETRIC_REPRESENTATION_CONTEXT(2) 
PARAMETRIC_REPRESENTATION_CONTEXT() REPRESENTATION_CONTEXT('2D SPACE',''
  ) );
#3108 = PCURVE('',#745,#3109);
#3109 = DEFINITIONAL_REPRESENTATION('',(#3110),#3114);
#3110 = LINE('',#3111,#3112);
#3111 = CARTESIAN_POINT('',(0.,0.));
#3112 = VECTOR('',#3113,1.);
#3113 = DIRECTION('',(0.,-1.));
#3114 = ( GEOMETRIC_REPRESENTATION_CONTEXT(2) 
PARAMETRIC_REPRESENTATION_CONTEXT() REPRESENTATION_CONTEXT('2D SPACE',''
  ) );
#3115 = ORIENTED_EDGE('',*,*,#3116,.T.);
#3116 = EDGE_CURVE('',#3094,#3021,#3117,.T.);
#3117 = SURFACE_CURVE('',#3118,(#3123,#3130),.PCURVE_S1.);
#3118 = CIRCLE('',#3119,2.75);
#3119 = AXIS2_PLACEMENT_3D('',#3120,#3121,#3122);
#3120 = CARTESIAN_POINT('',(30.,-60.25,4.));
#3121 = DIRECTION('',(0.,-0.,-1.));
#3122 = DIRECTION('',(1.,0.,-0.));
#3123 = PCURVE('',#775,#3124);
#3124 = DEFINITIONAL_REPRESENTATION('',(#3125),#3129);
#3125 = LINE('',#3126,#3127);
#3126 = CARTESIAN_POINT('',(1.570796326795,-5.));
#3127 = VECTOR('',#3128,1.);
#3128 = DIRECTION('',(1.,0.));
#3129 = ( GEOMETRIC_REPRESENTATION_CONTEXT(2) 
PARAMETRIC_REPRESENTATION_CONTEXT() REPRESENTATION_CONTEXT('2D SPACE',''
  ) );
#3130 = PCURVE('',#1973,#3131);
#3131 = DEFINITIONAL_REPRESENTATION('',(#3132),#3136);
#3132 = LINE('',#3133,#3134);
#3133 = CARTESIAN_POINT('',(-0.,-0.));
#3134 = VECTOR('',#3135,1.);
#3135 = DIRECTION('',(-1.,-0.));
#3136 = ( GEOMETRIC_REPRESENTATION_CONTEXT(2) 
PARAMETRIC_REPRESENTATION_CONTEXT() REPRESENTATION_CONTEXT('2D SPACE',''
  ) );
#3137 = ADVANCED_FACE('',(#3138),#718,.F.);
#3138 = FACE_BOUND('',#3139,.F.);
#3139 = EDGE_LOOP('',(#3140,#3163,#3164,#3165));
#3140 = ORIENTED_EDGE('',*,*,#3141,.F.);
#3141 = EDGE_CURVE('',#698,#3142,#3144,.T.);
#3142 = VERTEX_POINT('',#3143);
#3143 = CARTESIAN_POINT('',(32.75,-49.75,4.));
#3144 = SURFACE_CURVE('',#3145,(#3149,#3156),.PCURVE_S1.);
#3145 = LINE('',#3146,#3147);
#3146 = CARTESIAN_POINT('',(32.75,-49.75,-1.));
#3147 = VECTOR('',#3148,1.);
#3148 = DIRECTION('',(0.,0.,1.));
#3149 = PCURVE('',#718,#3150);
#3150 = DEFINITIONAL_REPRESENTATION('',(#3151),#3155);
#3151 = LINE('',#3152,#3153);
#3152 = CARTESIAN_POINT('',(4.712388980385,0.));
#3153 = VECTOR('',#3154,1.);
#3154 = DIRECTION('',(0.,-1.));
#3155 = ( GEOMETRIC_REPRESENTATION_CONTEXT(2) 
PARAMETRIC_REPRESENTATION_CONTEXT() REPRESENTATION_CONTEXT('2D SPACE',''
  ) );
#3156 = PCURVE('',#745,#3157);
#3157 = DEFINITIONAL_REPRESENTATION('',(#3158),#3162);
#3158 = LINE('',#3159,#3160);
#3159 = CARTESIAN_POINT('',(10.5,0.));
#3160 = VECTOR('',#3161,1.);
#3161 = DIRECTION('',(0.,-1.));
#3162 = ( GEOMETRIC_REPRESENTATION_CONTEXT(2) 
PARAMETRIC_REPRESENTATION_CONTEXT() REPRESENTATION_CONTEXT('2D SPACE',''
  ) );
#3163 = ORIENTED_EDGE('',*,*,#697,.F.);
#3164 = ORIENTED_EDGE('',*,*,#3044,.T.);
#3165 = ORIENTED_EDGE('',*,*,#3166,.T.);
#3166 = EDGE_CURVE('',#3045,#3142,#3167,.T.);
#3167 = SURFACE_CURVE('',#3168,(#3173,#3180),.PCURVE_S1.);
#3168 = CIRCLE('',#3169,2.75);
#3169 = AXIS2_PLACEMENT_3D('',#3170,#3171,#3172);
#3170 = CARTESIAN_POINT('',(30.,-49.75,4.));
#3171 = DIRECTION('',(-0.,0.,-1.));
#3172 = DIRECTION('',(-1.,0.,0.));
#3173 = PCURVE('',#718,#3174);
#3174 = DEFINITIONAL_REPRESENTATION('',(#3175),#3179);
#3175 = LINE('',#3176,#3177);
#3176 = CARTESIAN_POINT('',(1.570796326795,-5.));
#3177 = VECTOR('',#3178,1.);
#3178 = DIRECTION('',(1.,0.));
#3179 = ( GEOMETRIC_REPRESENTATION_CONTEXT(2) 
PARAMETRIC_REPRESENTATION_CONTEXT() REPRESENTATION_CONTEXT('2D SPACE',''
  ) );
#3180 = PCURVE('',#1914,#3181);
#3181 = DEFINITIONAL_REPRESENTATION('',(#3182),#3186);
#3182 = LINE('',#3183,#3184);
#3183 = CARTESIAN_POINT('',(-0.,-0.));
#3184 = VECTOR('',#3185,1.);
#3185 = DIRECTION('',(-1.,-0.));
#3186 = ( GEOMETRIC_REPRESENTATION_CONTEXT(2) 
PARAMETRIC_REPRESENTATION_CONTEXT() REPRESENTATION_CONTEXT('2D SPACE',''
  ) );
#3187 = ADVANCED_FACE('',(#3188),#745,.T.);
#3188 = FACE_BOUND('',#3189,.T.);
#3189 = EDGE_LOOP('',(#3190,#3191,#3192,#3193));
#3190 = ORIENTED_EDGE('',*,*,#3141,.F.);
#3191 = ORIENTED_EDGE('',*,*,#730,.T.);
#3192 = ORIENTED_EDGE('',*,*,#3093,.T.);
#3193 = ORIENTED_EDGE('',*,*,#3194,.F.);
#3194 = EDGE_CURVE('',#3142,#3094,#3195,.T.);
#3195 = SURFACE_CURVE('',#3196,(#3200,#3207),.PCURVE_S1.);
#3196 = LINE('',#3197,#3198);
#3197 = CARTESIAN_POINT('',(32.75,-49.75,4.));
#3198 = VECTOR('',#3199,1.);
#3199 = DIRECTION('',(0.,-1.,0.));
#3200 = PCURVE('',#745,#3201);
#3201 = DEFINITIONAL_REPRESENTATION('',(#3202),#3206);
#3202 = LINE('',#3203,#3204);
#3203 = CARTESIAN_POINT('',(10.5,-5.));
#3204 = VECTOR('',#3205,1.);
#3205 = DIRECTION('',(-1.,0.));
#3206 = ( GEOMETRIC_REPRESENTATION_CONTEXT(2) 
PARAMETRIC_REPRESENTATION_CONTEXT() REPRESENTATION_CONTEXT('2D SPACE',''
  ) );
#3207 = PCURVE('',#1942,#3208);
#3208 = DEFINITIONAL_REPRESENTATION('',(#3209),#3213);
#3209 = LINE('',#3210,#3211);
#3210 = CARTESIAN_POINT('',(-0.,0.707106781187));
#3211 = VECTOR('',#3212,1.);
#3212 = DIRECTION('',(-1.,0.));
#3213 = ( GEOMETRIC_REPRESENTATION_CONTEXT(2) 
PARAMETRIC_REPRESENTATION_CONTEXT() REPRESENTATION_CONTEXT('2D SPACE',''
  ) );
#3214 = ADVANCED_FACE('',(#3215),#810,.F.);
#3215 = FACE_BOUND('',#3216,.T.);
#3216 = EDGE_LOOP('',(#3217,#3240,#3241,#3242));
#3217 = ORIENTED_EDGE('',*,*,#3218,.F.);
#3218 = EDGE_CURVE('',#790,#3219,#3221,.T.);
#3219 = VERTEX_POINT('',#3220);
#3220 = CARTESIAN_POINT('',(73.25,-80.,4.));
#3221 = SEAM_CURVE('',#3222,(#3226,#3233),.PCURVE_S1.);
#3222 = LINE('',#3223,#3224);
#3223 = CARTESIAN_POINT('',(73.25,-80.,-1.));
#3224 = VECTOR('',#3225,1.);
#3225 = DIRECTION('',(0.,0.,1.));
#3226 = PCURVE('',#810,#3227);
#3227 = DEFINITIONAL_REPRESENTATION('',(#3228),#3232);
#3228 = LINE('',#3229,#3230);
#3229 = CARTESIAN_POINT('',(-6.28318530718,0.));
#3230 = VECTOR('',#3231,1.);
#3231 = DIRECTION('',(-0.,-1.));
#3232 = ( GEOMETRIC_REPRESENTATION_CONTEXT(2) 
PARAMETRIC_REPRESENTATION_CONTEXT() REPRESENTATION_CONTEXT('2D SPACE',''
  ) );
#3233 = PCURVE('',#810,#3234);
#3234 = DEFINITIONAL_REPRESENTATION('',(#3235),#3239);
#3235 = LINE('',#3236,#3237);
#3236 = CARTESIAN_POINT('',(-0.,0.));
#3237 = VECTOR('',#3238,1.);
#3238 = DIRECTION('',(-0.,-1.));
#3239 = ( GEOMETRIC_REPRESENTATION_CONTEXT(2) 
PARAMETRIC_REPRESENTATION_CONTEXT() REPRESENTATION_CONTEXT('2D SPACE',''
  ) );
#3240 = ORIENTED_EDGE('',*,*,#789,.T.);
#3241 = ORIENTED_EDGE('',*,*,#3218,.T.);
#3242 = ORIENTED_EDGE('',*,*,#3243,.F.);
#3243 = EDGE_CURVE('',#3219,#3219,#3244,.T.);
#3244 = SURFACE_CURVE('',#3245,(#3250,#3257),.PCURVE_S1.);
#3245 = CIRCLE('',#3246,3.25);
#3246 = AXIS2_PLACEMENT_3D('',#3247,#3248,#3249);
#3247 = CARTESIAN_POINT('',(70.,-80.,4.));
#3248 = DIRECTION('',(0.,-0.,-1.));
#3249 = DIRECTION('',(1.,0.,-0.));
#3250 = PCURVE('',#810,#3251);
#3251 = DEFINITIONAL_REPRESENTATION('',(#3252),#3256);
#3252 = LINE('',#3253,#3254);
#3253 = CARTESIAN_POINT('',(-6.28318530718,-5.));
#3254 = VECTOR('',#3255,1.);
#3255 = DIRECTION('',(1.,-0.));
#3256 = ( GEOMETRIC_REPRESENTATION_CONTEXT(2) 
PARAMETRIC_REPRESENTATION_CONTEXT() REPRESENTATION_CONTEXT('2D SPACE',''
  ) );
#3257 = PCURVE('',#2008,#3258);
#3258 = DEFINITIONAL_REPRESENTATION('',(#3259),#3263);
#3259 = LINE('',#3260,#3261);
#3260 = CARTESIAN_POINT('',(-0.,-0.));
#3261 = VECTOR('',#3262,1.);
#3262 = DIRECTION('',(-1.,-0.));
#3263 = ( GEOMETRIC_REPRESENTATION_CONTEXT(2) 
PARAMETRIC_REPRESENTATION_CONTEXT() REPRESENTATION_CONTEXT('2D SPACE',''
  ) );
#3264 = ADVANCED_FACE('',(#3265),#845,.F.);
#3265 = FACE_BOUND('',#3266,.T.);
#3266 = EDGE_LOOP('',(#3267,#3290,#3291,#3292));
#3267 = ORIENTED_EDGE('',*,*,#3268,.F.);
#3268 = EDGE_CURVE('',#825,#3269,#3271,.T.);
#3269 = VERTEX_POINT('',#3270);
#3270 = CARTESIAN_POINT('',(-66.75,80.,4.));
#3271 = SEAM_CURVE('',#3272,(#3276,#3283),.PCURVE_S1.);
#3272 = LINE('',#3273,#3274);
#3273 = CARTESIAN_POINT('',(-66.75,80.,-1.));
#3274 = VECTOR('',#3275,1.);
#3275 = DIRECTION('',(0.,0.,1.));
#3276 = PCURVE('',#845,#3277);
#3277 = DEFINITIONAL_REPRESENTATION('',(#3278),#3282);
#3278 = LINE('',#3279,#3280);
#3279 = CARTESIAN_POINT('',(-6.28318530718,0.));
#3280 = VECTOR('',#3281,1.);
#3281 = DIRECTION('',(-0.,-1.));
#3282 = ( GEOMETRIC_REPRESENTATION_CONTEXT(2) 
PARAMETRIC_REPRESENTATION_CONTEXT() REPRESENTATION_CONTEXT('2D SPACE',''
  ) );
#3283 = PCURVE('',#845,#3284);
#3284 = DEFINITIONAL_REPRESENTATION('',(#3285),#3289);
#3285 = LINE('',#3286,#3287);
#3286 = CARTESIAN_POINT('',(-0.,0.));
#3287 = VECTOR('',#3288,1.);
#3288 = DIRECTION('',(-0.,-1.));
#3289 = ( GEOMETRIC_REPRESENTATION_CONTEXT(2) 
PARAMETRIC_REPRESENTATION_CONTEXT() REPRESENTATION_CONTEXT('2D SPACE',''
  ) );
#3290 = ORIENTED_EDGE('',*,*,#824,.T.);
#3291 = ORIENTED_EDGE('',*,*,#3268,.T.);
#3292 = ORIENTED_EDGE('',*,*,#3293,.F.);
#3293 = EDGE_CURVE('',#3269,#3269,#3294,.T.);
#3294 = SURFACE_CURVE('',#3295,(#3300,#3307),.PCURVE_S1.);
#3295 = CIRCLE('',#3296,3.25);
#3296 = AXIS2_PLACEMENT_3D('',#3297,#3298,#3299);
#3297 = CARTESIAN_POINT('',(-70.,80.,4.));
#3298 = DIRECTION('',(0.,-0.,-1.));
#3299 = DIRECTION('',(1.,0.,-0.));
#3300 = PCURVE('',#845,#3301);
#3301 = DEFINITIONAL_REPRESENTATION('',(#3302),#3306);
#3302 = LINE('',#3303,#3304);
#3303 = CARTESIAN_POINT('',(-6.28318530718,-5.));
#3304 = VECTOR('',#3305,1.);
#3305 = DIRECTION('',(1.,-0.));
#3306 = ( GEOMETRIC_REPRESENTATION_CONTEXT(2) 
PARAMETRIC_REPRESENTATION_CONTEXT() REPRESENTATION_CONTEXT('2D SPACE',''
  ) );
#3307 = PCURVE('',#2043,#3308);
#3308 = DEFINITIONAL_REPRESENTATION('',(#3309),#3313);
#3309 = LINE('',#3310,#3311);
#3310 = CARTESIAN_POINT('',(-0.,-0.));
#3311 = VECTOR('',#3312,1.);
#3312 = DIRECTION('',(-1.,-0.));
#3313 = ( GEOMETRIC_REPRESENTATION_CONTEXT(2) 
PARAMETRIC_REPRESENTATION_CONTEXT() REPRESENTATION_CONTEXT('2D SPACE',''
  ) );
#3314 = ADVANCED_FACE('',(#3315),#876,.T.);
#3315 = FACE_BOUND('',#3316,.T.);
#3316 = EDGE_LOOP('',(#3317,#3340,#3341,#3364));
#3317 = ORIENTED_EDGE('',*,*,#3318,.F.);
#3318 = EDGE_CURVE('',#860,#3319,#3321,.T.);
#3319 = VERTEX_POINT('',#3320);
#3320 = CARTESIAN_POINT('',(-32.75,49.75,4.));
#3321 = SURFACE_CURVE('',#3322,(#3326,#3333),.PCURVE_S1.);
#3322 = LINE('',#3323,#3324);
#3323 = CARTESIAN_POINT('',(-32.75,49.75,-1.));
#3324 = VECTOR('',#3325,1.);
#3325 = DIRECTION('',(0.,0.,1.));
#3326 = PCURVE('',#876,#3327);
#3327 = DEFINITIONAL_REPRESENTATION('',(#3328),#3332);
#3328 = LINE('',#3329,#3330);
#3329 = CARTESIAN_POINT('',(10.5,0.));
#3330 = VECTOR('',#3331,1.);
#3331 = DIRECTION('',(0.,-1.));
#3332 = ( GEOMETRIC_REPRESENTATION_CONTEXT(2) 
PARAMETRIC_REPRESENTATION_CONTEXT() REPRESENTATION_CONTEXT('2D SPACE',''
  ) );
#3333 = PCURVE('',#965,#3334);
#3334 = DEFINITIONAL_REPRESENTATION('',(#3335),#3339);
#3335 = LINE('',#3336,#3337);
#3336 = CARTESIAN_POINT('',(4.712388980385,0.));
#3337 = VECTOR('',#3338,1.);
#3338 = DIRECTION('',(0.,-1.));
#3339 = ( GEOMETRIC_REPRESENTATION_CONTEXT(2) 
PARAMETRIC_REPRESENTATION_CONTEXT() REPRESENTATION_CONTEXT('2D SPACE',''
  ) );
#3340 = ORIENTED_EDGE('',*,*,#859,.T.);
#3341 = ORIENTED_EDGE('',*,*,#3342,.T.);
#3342 = EDGE_CURVE('',#862,#3343,#3345,.T.);
#3343 = VERTEX_POINT('',#3344);
#3344 = CARTESIAN_POINT('',(-32.75,60.25,4.));
#3345 = SURFACE_CURVE('',#3346,(#3350,#3357),.PCURVE_S1.);
#3346 = LINE('',#3347,#3348);
#3347 = CARTESIAN_POINT('',(-32.75,60.25,-1.));
#3348 = VECTOR('',#3349,1.);
#3349 = DIRECTION('',(0.,0.,1.));
#3350 = PCURVE('',#876,#3351);
#3351 = DEFINITIONAL_REPRESENTATION('',(#3352),#3356);
#3352 = LINE('',#3353,#3354);
#3353 = CARTESIAN_POINT('',(0.,0.));
#3354 = VECTOR('',#3355,1.);
#3355 = DIRECTION('',(0.,-1.));
#3356 = ( GEOMETRIC_REPRESENTATION_CONTEXT(2) 
PARAMETRIC_REPRESENTATION_CONTEXT() REPRESENTATION_CONTEXT('2D SPACE',''
  ) );
#3357 = PCURVE('',#908,#3358);
#3358 = DEFINITIONAL_REPRESENTATION('',(#3359),#3363);
#3359 = LINE('',#3360,#3361);
#3360 = CARTESIAN_POINT('',(1.570796326795,0.));
#3361 = VECTOR('',#3362,1.);
#3362 = DIRECTION('',(0.,-1.));
#3363 = ( GEOMETRIC_REPRESENTATION_CONTEXT(2) 
PARAMETRIC_REPRESENTATION_CONTEXT() REPRESENTATION_CONTEXT('2D SPACE',''
  ) );
#3364 = ORIENTED_EDGE('',*,*,#3365,.F.);
#3365 = EDGE_CURVE('',#3319,#3343,#3366,.T.);
#3366 = SURFACE_CURVE('',#3367,(#3371,#3378),.PCURVE_S1.);
#3367 = LINE('',#3368,#3369);
#3368 = CARTESIAN_POINT('',(-32.75,49.75,4.));
#3369 = VECTOR('',#3370,1.);
#3370 = DIRECTION('',(-0.,1.,0.));
#3371 = PCURVE('',#876,#3372);
#3372 = DEFINITIONAL_REPRESENTATION('',(#3373),#3377);
#3373 = LINE('',#3374,#3375);
#3374 = CARTESIAN_POINT('',(10.5,-5.));
#3375 = VECTOR('',#3376,1.);
#3376 = DIRECTION('',(-1.,-0.));
#3377 = ( GEOMETRIC_REPRESENTATION_CONTEXT(2) 
PARAMETRIC_REPRESENTATION_CONTEXT() REPRESENTATION_CONTEXT('2D SPACE',''
  ) );
#3378 = PCURVE('',#2075,#3379);
#3379 = DEFINITIONAL_REPRESENTATION('',(#3380),#3384);
#3380 = LINE('',#3381,#3382);
#3381 = CARTESIAN_POINT('',(-0.,0.707106781187));
#3382 = VECTOR('',#3383,1.);
#3383 = DIRECTION('',(-1.,0.));
#3384 = ( GEOMETRIC_REPRESENTATION_CONTEXT(2) 
PARAMETRIC_REPRESENTATION_CONTEXT() REPRESENTATION_CONTEXT('2D SPACE',''
  ) );
#3385 = ADVANCED_FACE('',(#3386),#965,.F.);
#3386 = FACE_BOUND('',#3387,.F.);
#3387 = EDGE_LOOP('',(#3388,#3389,#3390,#3413));
#3388 = ORIENTED_EDGE('',*,*,#3318,.F.);
#3389 = ORIENTED_EDGE('',*,*,#946,.F.);
#3390 = ORIENTED_EDGE('',*,*,#3391,.T.);
#3391 = EDGE_CURVE('',#921,#3392,#3394,.T.);
#3392 = VERTEX_POINT('',#3393);
#3393 = CARTESIAN_POINT('',(-27.25,49.75,4.));
#3394 = SURFACE_CURVE('',#3395,(#3399,#3406),.PCURVE_S1.);
#3395 = LINE('',#3396,#3397);
#3396 = CARTESIAN_POINT('',(-27.25,49.75,-1.));
#3397 = VECTOR('',#3398,1.);
#3398 = DIRECTION('',(0.,0.,1.));
#3399 = PCURVE('',#965,#3400);
#3400 = DEFINITIONAL_REPRESENTATION('',(#3401),#3405);
#3401 = LINE('',#3402,#3403);
#3402 = CARTESIAN_POINT('',(1.570796326795,0.));
#3403 = VECTOR('',#3404,1.);
#3404 = DIRECTION('',(0.,-1.));
#3405 = ( GEOMETRIC_REPRESENTATION_CONTEXT(2) 
PARAMETRIC_REPRESENTATION_CONTEXT() REPRESENTATION_CONTEXT('2D SPACE',''
  ) );
#3406 = PCURVE('',#935,#3407);
#3407 = DEFINITIONAL_REPRESENTATION('',(#3408),#3412);
#3408 = LINE('',#3409,#3410);
#3409 = CARTESIAN_POINT('',(0.,0.));
#3410 = VECTOR('',#3411,1.);
#3411 = DIRECTION('',(0.,-1.));
#3412 = ( GEOMETRIC_REPRESENTATION_CONTEXT(2) 
PARAMETRIC_REPRESENTATION_CONTEXT() REPRESENTATION_CONTEXT('2D SPACE',''
  ) );
#3413 = ORIENTED_EDGE('',*,*,#3414,.T.);
#3414 = EDGE_CURVE('',#3392,#3319,#3415,.T.);
#3415 = SURFACE_CURVE('',#3416,(#3421,#3428),.PCURVE_S1.);
#3416 = CIRCLE('',#3417,2.75);
#3417 = AXIS2_PLACEMENT_3D('',#3418,#3419,#3420);
#3418 = CARTESIAN_POINT('',(-30.,49.75,4.));
#3419 = DIRECTION('',(0.,-0.,-1.));
#3420 = DIRECTION('',(1.,0.,-0.));
#3421 = PCURVE('',#965,#3422);
#3422 = DEFINITIONAL_REPRESENTATION('',(#3423),#3427);
#3423 = LINE('',#3424,#3425);
#3424 = CARTESIAN_POINT('',(1.570796326795,-5.));
#3425 = VECTOR('',#3426,1.);
#3426 = DIRECTION('',(1.,0.));
#3427 = ( GEOMETRIC_REPRESENTATION_CONTEXT(2) 
PARAMETRIC_REPRESENTATION_CONTEXT() REPRESENTATION_CONTEXT('2D SPACE',''
  ) );
#3428 = PCURVE('',#2167,#3429);
#3429 = DEFINITIONAL_REPRESENTATION('',(#3430),#3434);
#3430 = LINE('',#3431,#3432);
#3431 = CARTESIAN_POINT('',(-0.,-0.));
#3432 = VECTOR('',#3433,1.);
#3433 = DIRECTION('',(-1.,-0.));
#3434 = ( GEOMETRIC_REPRESENTATION_CONTEXT(2) 
PARAMETRIC_REPRESENTATION_CONTEXT() REPRESENTATION_CONTEXT('2D SPACE',''
  ) );
#3435 = ADVANCED_FACE('',(#3436),#908,.F.);
#3436 = FACE_BOUND('',#3437,.F.);
#3437 = EDGE_LOOP('',(#3438,#3461,#3462,#3463));
#3438 = ORIENTED_EDGE('',*,*,#3439,.F.);
#3439 = EDGE_CURVE('',#888,#3440,#3442,.T.);
#3440 = VERTEX_POINT('',#3441);
#3441 = CARTESIAN_POINT('',(-27.25,60.25,4.));
#3442 = SURFACE_CURVE('',#3443,(#3447,#3454),.PCURVE_S1.);
#3443 = LINE('',#3444,#3445);
#3444 = CARTESIAN_POINT('',(-27.25,60.25,-1.));
#3445 = VECTOR('',#3446,1.);
#3446 = DIRECTION('',(0.,0.,1.));
#3447 = PCURVE('',#908,#3448);
#3448 = DEFINITIONAL_REPRESENTATION('',(#3449),#3453);
#3449 = LINE('',#3450,#3451);
#3450 = CARTESIAN_POINT('',(4.712388980385,0.));
#3451 = VECTOR('',#3452,1.);
#3452 = DIRECTION('',(0.,-1.));
#3453 = ( GEOMETRIC_REPRESENTATION_CONTEXT(2) 
PARAMETRIC_REPRESENTATION_CONTEXT() REPRESENTATION_CONTEXT('2D SPACE',''
  ) );
#3454 = PCURVE('',#935,#3455);
#3455 = DEFINITIONAL_REPRESENTATION('',(#3456),#3460);
#3456 = LINE('',#3457,#3458);
#3457 = CARTESIAN_POINT('',(10.5,0.));
#3458 = VECTOR('',#3459,1.);
#3459 = DIRECTION('',(0.,-1.));
#3460 = ( GEOMETRIC_REPRESENTATION_CONTEXT(2) 
PARAMETRIC_REPRESENTATION_CONTEXT() REPRESENTATION_CONTEXT('2D SPACE',''
  ) );
#3461 = ORIENTED_EDGE('',*,*,#887,.F.);
#3462 = ORIENTED_EDGE('',*,*,#3342,.T.);
#3463 = ORIENTED_EDGE('',*,*,#3464,.T.);
#3464 = EDGE_CURVE('',#3343,#3440,#3465,.T.);
#3465 = SURFACE_CURVE('',#3466,(#3471,#3478),.PCURVE_S1.);
#3466 = CIRCLE('',#3467,2.75);
#3467 = AXIS2_PLACEMENT_3D('',#3468,#3469,#3470);
#3468 = CARTESIAN_POINT('',(-30.,60.25,4.));
#3469 = DIRECTION('',(-0.,0.,-1.));
#3470 = DIRECTION('',(-1.,0.,0.));
#3471 = PCURVE('',#908,#3472);
#3472 = DEFINITIONAL_REPRESENTATION('',(#3473),#3477);
#3473 = LINE('',#3474,#3475);
#3474 = CARTESIAN_POINT('',(1.570796326795,-5.));
#3475 = VECTOR('',#3476,1.);
#3476 = DIRECTION('',(1.,0.));
#3477 = ( GEOMETRIC_REPRESENTATION_CONTEXT(2) 
PARAMETRIC_REPRESENTATION_CONTEXT() REPRESENTATION_CONTEXT('2D SPACE',''
  ) );
#3478 = PCURVE('',#2108,#3479);
#3479 = DEFINITIONAL_REPRESENTATION('',(#3480),#3484);
#3480 = LINE('',#3481,#3482);
#3481 = CARTESIAN_POINT('',(-0.,-0.));
#3482 = VECTOR('',#3483,1.);
#3483 = DIRECTION('',(-1.,-0.));
#3484 = ( GEOMETRIC_REPRESENTATION_CONTEXT(2) 
PARAMETRIC_REPRESENTATION_CONTEXT() REPRESENTATION_CONTEXT('2D SPACE',''
  ) );
#3485 = ADVANCED_FACE('',(#3486),#935,.T.);
#3486 = FACE_BOUND('',#3487,.T.);
#3487 = EDGE_LOOP('',(#3488,#3489,#3490,#3491));
#3488 = ORIENTED_EDGE('',*,*,#3439,.F.);
#3489 = ORIENTED_EDGE('',*,*,#920,.T.);
#3490 = ORIENTED_EDGE('',*,*,#3391,.T.);
#3491 = ORIENTED_EDGE('',*,*,#3492,.F.);
#3492 = EDGE_CURVE('',#3440,#3392,#3493,.T.);
#3493 = SURFACE_CURVE('',#3494,(#3498,#3505),.PCURVE_S1.);
#3494 = LINE('',#3495,#3496);
#3495 = CARTESIAN_POINT('',(-27.25,60.25,4.));
#3496 = VECTOR('',#3497,1.);
#3497 = DIRECTION('',(0.,-1.,0.));
#3498 = PCURVE('',#935,#3499);
#3499 = DEFINITIONAL_REPRESENTATION('',(#3500),#3504);
#3500 = LINE('',#3501,#3502);
#3501 = CARTESIAN_POINT('',(10.5,-5.));
#3502 = VECTOR('',#3503,1.);
#3503 = DIRECTION('',(-1.,0.));
#3504 = ( GEOMETRIC_REPRESENTATION_CONTEXT(2) 
PARAMETRIC_REPRESENTATION_CONTEXT() REPRESENTATION_CONTEXT('2D SPACE',''
  ) );
#3505 = PCURVE('',#2136,#3506);
#3506 = DEFINITIONAL_REPRESENTATION('',(#3507),#3511);
#3507 = LINE('',#3508,#3509);
#3508 = CARTESIAN_POINT('',(-0.,0.707106781187));
#3509 = VECTOR('',#3510,1.);
#3510 = DIRECTION('',(-1.,0.));
#3511 = ( GEOMETRIC_REPRESENTATION_CONTEXT(2) 
PARAMETRIC_REPRESENTATION_CONTEXT() REPRESENTATION_CONTEXT('2D SPACE',''
  ) );
#3512 = ADVANCED_FACE('',(#3513),#996,.F.);
#3513 = FACE_BOUND('',#3514,.F.);
#3514 = EDGE_LOOP('',(#3515,#3538,#3539,#3562));
#3515 = ORIENTED_EDGE('',*,*,#3516,.F.);
#3516 = EDGE_CURVE('',#980,#3517,#3519,.T.);
#3517 = VERTEX_POINT('',#3518);
#3518 = CARTESIAN_POINT('',(-25.,11.999999927935,4.));
#3519 = SURFACE_CURVE('',#3520,(#3524,#3531),.PCURVE_S1.);
#3520 = LINE('',#3521,#3522);
#3521 = CARTESIAN_POINT('',(-25.,11.999999927935,-1.));
#3522 = VECTOR('',#3523,1.);
#3523 = DIRECTION('',(0.,0.,1.));
#3524 = PCURVE('',#996,#3525);
#3525 = DEFINITIONAL_REPRESENTATION('',(#3526),#3530);
#3526 = LINE('',#3527,#3528);
#3527 = CARTESIAN_POINT('',(23.999999927935,0.));
#3528 = VECTOR('',#3529,1.);
#3529 = DIRECTION('',(0.,-1.));
#3530 = ( GEOMETRIC_REPRESENTATION_CONTEXT(2) 
PARAMETRIC_REPRESENTATION_CONTEXT() REPRESENTATION_CONTEXT('2D SPACE',''
  ) );
#3531 = PCURVE('',#1028,#3532);
#3532 = DEFINITIONAL_REPRESENTATION('',(#3533),#3537);
#3533 = LINE('',#3534,#3535);
#3534 = CARTESIAN_POINT('',(-3.14159265359,0.));
#3535 = VECTOR('',#3536,1.);
#3536 = DIRECTION('',(-0.,-1.));
#3537 = ( GEOMETRIC_REPRESENTATION_CONTEXT(2) 
PARAMETRIC_REPRESENTATION_CONTEXT() REPRESENTATION_CONTEXT('2D SPACE',''
  ) );
#3538 = ORIENTED_EDGE('',*,*,#979,.T.);
#3539 = ORIENTED_EDGE('',*,*,#3540,.T.);
#3540 = EDGE_CURVE('',#982,#3541,#3543,.T.);
#3541 = VERTEX_POINT('',#3542);
#3542 = CARTESIAN_POINT('',(-25.,-12.,4.));
#3543 = SURFACE_CURVE('',#3544,(#3548,#3555),.PCURVE_S1.);
#3544 = LINE('',#3545,#3546);
#3545 = CARTESIAN_POINT('',(-25.,-12.,-1.));
#3546 = VECTOR('',#3547,1.);
#3547 = DIRECTION('',(0.,0.,1.));
#3548 = PCURVE('',#996,#3549);
#3549 = DEFINITIONAL_REPRESENTATION('',(#3550),#3554);
#3550 = LINE('',#3551,#3552);
#3551 = CARTESIAN_POINT('',(0.,0.));
#3552 = VECTOR('',#3553,1.);
#3553 = DIRECTION('',(0.,-1.));
#3554 = ( GEOMETRIC_REPRESENTATION_CONTEXT(2) 
PARAMETRIC_REPRESENTATION_CONTEXT() REPRESENTATION_CONTEXT('2D SPACE',''
  ) );
#3555 = PCURVE('',#1203,#3556);
#3556 = DEFINITIONAL_REPRESENTATION('',(#3557),#3561);
#3557 = LINE('',#3558,#3559);
#3558 = CARTESIAN_POINT('',(-3.14159265359,0.));
#3559 = VECTOR('',#3560,1.);
#3560 = DIRECTION('',(-0.,-1.));
#3561 = ( GEOMETRIC_REPRESENTATION_CONTEXT(2) 
PARAMETRIC_REPRESENTATION_CONTEXT() REPRESENTATION_CONTEXT('2D SPACE',''
  ) );
#3562 = ORIENTED_EDGE('',*,*,#3563,.F.);
#3563 = EDGE_CURVE('',#3517,#3541,#3564,.T.);
#3564 = SURFACE_CURVE('',#3565,(#3569,#3576),.PCURVE_S1.);
#3565 = LINE('',#3566,#3567);
#3566 = CARTESIAN_POINT('',(-25.,11.999999927935,4.));
#3567 = VECTOR('',#3568,1.);
#3568 = DIRECTION('',(0.,-1.,0.));
#3569 = PCURVE('',#996,#3570);
#3570 = DEFINITIONAL_REPRESENTATION('',(#3571),#3575);
#3571 = LINE('',#3572,#3573);
#3572 = CARTESIAN_POINT('',(23.999999927935,-5.));
#3573 = VECTOR('',#3574,1.);
#3574 = DIRECTION('',(-1.,0.));
#3575 = ( GEOMETRIC_REPRESENTATION_CONTEXT(2) 
PARAMETRIC_REPRESENTATION_CONTEXT() REPRESENTATION_CONTEXT('2D SPACE',''
  ) );
#3576 = PCURVE('',#2199,#3577);
#3577 = DEFINITIONAL_REPRESENTATION('',(#3578),#3582);
#3578 = LINE('',#3579,#3580);
#3579 = CARTESIAN_POINT('',(-0.,0.707106781187));
#3580 = VECTOR('',#3581,1.);
#3581 = DIRECTION('',(-1.,0.));
#3582 = ( GEOMETRIC_REPRESENTATION_CONTEXT(2) 
PARAMETRIC_REPRESENTATION_CONTEXT() REPRESENTATION_CONTEXT('2D SPACE',''
  ) );
#3583 = ADVANCED_FACE('',(#3584),#1028,.F.);
#3584 = FACE_BOUND('',#3585,.T.);
#3585 = EDGE_LOOP('',(#3586,#3587,#3588,#3611));
#3586 = ORIENTED_EDGE('',*,*,#3516,.F.);
#3587 = ORIENTED_EDGE('',*,*,#1007,.T.);
#3588 = ORIENTED_EDGE('',*,*,#3589,.T.);
#3589 = EDGE_CURVE('',#1008,#3590,#3592,.T.);
#3590 = VERTEX_POINT('',#3591);
#3591 = CARTESIAN_POINT('',(-17.,20.,4.));
#3592 = SURFACE_CURVE('',#3593,(#3597,#3604),.PCURVE_S1.);
#3593 = LINE('',#3594,#3595);
#3594 = CARTESIAN_POINT('',(-17.,19.999999963968,-1.));
#3595 = VECTOR('',#3596,1.);
#3596 = DIRECTION('',(0.,0.,1.));
#3597 = PCURVE('',#1028,#3598);
#3598 = DEFINITIONAL_REPRESENTATION('',(#3599),#3603);
#3599 = LINE('',#3600,#3601);
#3600 = CARTESIAN_POINT('',(-1.570796326795,0.));
#3601 = VECTOR('',#3602,1.);
#3602 = DIRECTION('',(-0.,-1.));
#3603 = ( GEOMETRIC_REPRESENTATION_CONTEXT(2) 
PARAMETRIC_REPRESENTATION_CONTEXT() REPRESENTATION_CONTEXT('2D SPACE',''
  ) );
#3604 = PCURVE('',#1055,#3605);
#3605 = DEFINITIONAL_REPRESENTATION('',(#3606),#3610);
#3606 = LINE('',#3607,#3608);
#3607 = CARTESIAN_POINT('',(0.,0.));
#3608 = VECTOR('',#3609,1.);
#3609 = DIRECTION('',(0.,-1.));
#3610 = ( GEOMETRIC_REPRESENTATION_CONTEXT(2) 
PARAMETRIC_REPRESENTATION_CONTEXT() REPRESENTATION_CONTEXT('2D SPACE',''
  ) );
#3611 = ORIENTED_EDGE('',*,*,#3612,.T.);
#3612 = EDGE_CURVE('',#3590,#3517,#3613,.T.);
#3613 = SURFACE_CURVE('',#3614,(#3619,#3626),.PCURVE_S1.);
#3614 = CIRCLE('',#3615,8.);
#3615 = AXIS2_PLACEMENT_3D('',#3616,#3617,#3618);
#3616 = CARTESIAN_POINT('',(-17.,11.999999927935,4.));
#3617 = DIRECTION('',(0.,-0.,1.));
#3618 = DIRECTION('',(0.,1.,0.));
#3619 = PCURVE('',#1028,#3620);
#3620 = DEFINITIONAL_REPRESENTATION('',(#3621),#3625);
#3621 = LINE('',#3622,#3623);
#3622 = CARTESIAN_POINT('',(-1.570796326795,-5.));
#3623 = VECTOR('',#3624,1.);
#3624 = DIRECTION('',(-1.,0.));
#3625 = ( GEOMETRIC_REPRESENTATION_CONTEXT(2) 
PARAMETRIC_REPRESENTATION_CONTEXT() REPRESENTATION_CONTEXT('2D SPACE',''
  ) );
#3626 = PCURVE('',#2228,#3627);
#3627 = DEFINITIONAL_REPRESENTATION('',(#3628),#3632);
#3628 = LINE('',#3629,#3630);
#3629 = CARTESIAN_POINT('',(0.,-0.));
#3630 = VECTOR('',#3631,1.);
#3631 = DIRECTION('',(1.,-0.));
#3632 = ( GEOMETRIC_REPRESENTATION_CONTEXT(2) 
PARAMETRIC_REPRESENTATION_CONTEXT() REPRESENTATION_CONTEXT('2D SPACE',''
  ) );
#3633 = ADVANCED_FACE('',(#3634),#1203,.F.);
#3634 = FACE_BOUND('',#3635,.T.);
#3635 = EDGE_LOOP('',(#3636,#3659,#3660,#3661));
#3636 = ORIENTED_EDGE('',*,*,#3637,.F.);
#3637 = EDGE_CURVE('',#1159,#3638,#3640,.T.);
#3638 = VERTEX_POINT('',#3639);
#3639 = CARTESIAN_POINT('',(-17.,-20.,4.));
#3640 = SURFACE_CURVE('',#3641,(#3645,#3652),.PCURVE_S1.);
#3641 = LINE('',#3642,#3643);
#3642 = CARTESIAN_POINT('',(-17.,-20.,-1.));
#3643 = VECTOR('',#3644,1.);
#3644 = DIRECTION('',(0.,0.,1.));
#3645 = PCURVE('',#1203,#3646);
#3646 = DEFINITIONAL_REPRESENTATION('',(#3647),#3651);
#3647 = LINE('',#3648,#3649);
#3648 = CARTESIAN_POINT('',(-4.712388980385,0.));
#3649 = VECTOR('',#3650,1.);
#3650 = DIRECTION('',(-0.,-1.));
#3651 = ( GEOMETRIC_REPRESENTATION_CONTEXT(2) 
PARAMETRIC_REPRESENTATION_CONTEXT() REPRESENTATION_CONTEXT('2D SPACE',''
  ) );
#3652 = PCURVE('',#1173,#3653);
#3653 = DEFINITIONAL_REPRESENTATION('',(#3654),#3658);
#3654 = LINE('',#3655,#3656);
#3655 = CARTESIAN_POINT('',(0.,0.));
#3656 = VECTOR('',#3657,1.);
#3657 = DIRECTION('',(0.,-1.));
#3658 = ( GEOMETRIC_REPRESENTATION_CONTEXT(2) 
PARAMETRIC_REPRESENTATION_CONTEXT() REPRESENTATION_CONTEXT('2D SPACE',''
  ) );
#3659 = ORIENTED_EDGE('',*,*,#1184,.T.);
#3660 = ORIENTED_EDGE('',*,*,#3540,.T.);
#3661 = ORIENTED_EDGE('',*,*,#3662,.T.);
#3662 = EDGE_CURVE('',#3541,#3638,#3663,.T.);
#3663 = SURFACE_CURVE('',#3664,(#3669,#3676),.PCURVE_S1.);
#3664 = CIRCLE('',#3665,8.);
#3665 = AXIS2_PLACEMENT_3D('',#3666,#3667,#3668);
#3666 = CARTESIAN_POINT('',(-17.,-12.,4.));
#3667 = DIRECTION('',(0.,0.,1.));
#3668 = DIRECTION('',(-1.,-2.22044604925E-16,0.));
#3669 = PCURVE('',#1203,#3670);
#3670 = DEFINITIONAL_REPRESENTATION('',(#3671),#3675);
#3671 = LINE('',#3672,#3673);
#3672 = CARTESIAN_POINT('',(-3.14159265359,-5.));
#3673 = VECTOR('',#3674,1.);
#3674 = DIRECTION('',(-1.,0.));
#3675 = ( GEOMETRIC_REPRESENTATION_CONTEXT(2) 
PARAMETRIC_REPRESENTATION_CONTEXT() REPRESENTATION_CONTEXT('2D SPACE',''
  ) );
#3676 = PCURVE('',#2397,#3677);
#3677 = DEFINITIONAL_REPRESENTATION('',(#3678),#3682);
#3678 = LINE('',#3679,#3680);
#3679 = CARTESIAN_POINT('',(0.,-0.));
#3680 = VECTOR('',#3681,1.);
#3681 = DIRECTION('',(1.,-0.));
#3682 = ( GEOMETRIC_REPRESENTATION_CONTEXT(2) 
PARAMETRIC_REPRESENTATION_CONTEXT() REPRESENTATION_CONTEXT('2D SPACE',''
  ) );
#3683 = ADVANCED_FACE('',(#3684),#1055,.F.);
#3684 = FACE_BOUND('',#3685,.F.);
#3685 = EDGE_LOOP('',(#3686,#3709,#3710,#3711));
#3686 = ORIENTED_EDGE('',*,*,#3687,.F.);
#3687 = EDGE_CURVE('',#1041,#3688,#3690,.T.);
#3688 = VERTEX_POINT('',#3689);
#3689 = CARTESIAN_POINT('',(17.,19.999999927935,4.));
#3690 = SURFACE_CURVE('',#3691,(#3695,#3702),.PCURVE_S1.);
#3691 = LINE('',#3692,#3693);
#3692 = CARTESIAN_POINT('',(17.,19.999999963968,-1.));
#3693 = VECTOR('',#3694,1.);
#3694 = DIRECTION('',(0.,0.,1.));
#3695 = PCURVE('',#1055,#3696);
#3696 = DEFINITIONAL_REPRESENTATION('',(#3697),#3701);
#3697 = LINE('',#3698,#3699);
#3698 = CARTESIAN_POINT('',(34.,0.));
#3699 = VECTOR('',#3700,1.);
#3700 = DIRECTION('',(0.,-1.));
#3701 = ( GEOMETRIC_REPRESENTATION_CONTEXT(2) 
PARAMETRIC_REPRESENTATION_CONTEXT() REPRESENTATION_CONTEXT('2D SPACE',''
  ) );
#3702 = PCURVE('',#1087,#3703);
#3703 = DEFINITIONAL_REPRESENTATION('',(#3704),#3708);
#3704 = LINE('',#3705,#3706);
#3705 = CARTESIAN_POINT('',(-1.570796326795,0.));
#3706 = VECTOR('',#3707,1.);
#3707 = DIRECTION('',(-0.,-1.));
#3708 = ( GEOMETRIC_REPRESENTATION_CONTEXT(2) 
PARAMETRIC_REPRESENTATION_CONTEXT() REPRESENTATION_CONTEXT('2D SPACE',''
  ) );
#3709 = ORIENTED_EDGE('',*,*,#1040,.T.);
#3710 = ORIENTED_EDGE('',*,*,#3589,.T.);
#3711 = ORIENTED_EDGE('',*,*,#3712,.F.);
#3712 = EDGE_CURVE('',#3688,#3590,#3713,.T.);
#3713 = SURFACE_CURVE('',#3714,(#3718,#3725),.PCURVE_S1.);
#3714 = LINE('',#3715,#3716);
#3715 = CARTESIAN_POINT('',(17.,20.,4.));
#3716 = VECTOR('',#3717,1.);
#3717 = DIRECTION('',(-1.,0.,0.));
#3718 = PCURVE('',#1055,#3719);
#3719 = DEFINITIONAL_REPRESENTATION('',(#3720),#3724);
#3720 = LINE('',#3721,#3722);
#3721 = CARTESIAN_POINT('',(34.,-5.));
#3722 = VECTOR('',#3723,1.);
#3723 = DIRECTION('',(-1.,0.));
#3724 = ( GEOMETRIC_REPRESENTATION_CONTEXT(2) 
PARAMETRIC_REPRESENTATION_CONTEXT() REPRESENTATION_CONTEXT('2D SPACE',''
  ) );
#3725 = PCURVE('',#2256,#3726);
#3726 = DEFINITIONAL_REPRESENTATION('',(#3727),#3731);
#3727 = LINE('',#3728,#3729);
#3728 = CARTESIAN_POINT('',(-0.,0.707106781187));
#3729 = VECTOR('',#3730,1.);
#3730 = DIRECTION('',(-1.,0.));
#3731 = ( GEOMETRIC_REPRESENTATION_CONTEXT(2) 
PARAMETRIC_REPRESENTATION_CONTEXT() REPRESENTATION_CONTEXT('2D SPACE',''
  ) );
#3732 = ADVANCED_FACE('',(#3733),#1173,.T.);
#3733 = FACE_BOUND('',#3734,.T.);
#3734 = EDGE_LOOP('',(#3735,#3758,#3759,#3760));
#3735 = ORIENTED_EDGE('',*,*,#3736,.F.);
#3736 = EDGE_CURVE('',#1126,#3737,#3739,.T.);
#3737 = VERTEX_POINT('',#3738);
#3738 = CARTESIAN_POINT('',(17.,-20.,4.));
#3739 = SURFACE_CURVE('',#3740,(#3744,#3751),.PCURVE_S1.);
#3740 = LINE('',#3741,#3742);
#3741 = CARTESIAN_POINT('',(17.,-20.,-1.));
#3742 = VECTOR('',#3743,1.);
#3743 = DIRECTION('',(0.,0.,1.));
#3744 = PCURVE('',#1173,#3745);
#3745 = DEFINITIONAL_REPRESENTATION('',(#3746),#3750);
#3746 = LINE('',#3747,#3748);
#3747 = CARTESIAN_POINT('',(34.,0.));
#3748 = VECTOR('',#3749,1.);
#3749 = DIRECTION('',(0.,-1.));
#3750 = ( GEOMETRIC_REPRESENTATION_CONTEXT(2) 
PARAMETRIC_REPRESENTATION_CONTEXT() REPRESENTATION_CONTEXT('2D SPACE',''
  ) );
#3751 = PCURVE('',#1146,#3752);
#3752 = DEFINITIONAL_REPRESENTATION('',(#3753),#3757);
#3753 = LINE('',#3754,#3755);
#3754 = CARTESIAN_POINT('',(-4.712388980385,0.));
#3755 = VECTOR('',#3756,1.);
#3756 = DIRECTION('',(-0.,-1.));
#3757 = ( GEOMETRIC_REPRESENTATION_CONTEXT(2) 
PARAMETRIC_REPRESENTATION_CONTEXT() REPRESENTATION_CONTEXT('2D SPACE',''
  ) );
#3758 = ORIENTED_EDGE('',*,*,#1158,.T.);
#3759 = ORIENTED_EDGE('',*,*,#3637,.T.);
#3760 = ORIENTED_EDGE('',*,*,#3761,.T.);
#3761 = EDGE_CURVE('',#3638,#3737,#3762,.T.);
#3762 = SURFACE_CURVE('',#3763,(#3767,#3774),.PCURVE_S1.);
#3763 = LINE('',#3764,#3765);
#3764 = CARTESIAN_POINT('',(-17.,-20.,4.));
#3765 = VECTOR('',#3766,1.);
#3766 = DIRECTION('',(1.,-0.,-0.));
#3767 = PCURVE('',#1173,#3768);
#3768 = DEFINITIONAL_REPRESENTATION('',(#3769),#3773);
#3769 = LINE('',#3770,#3771);
#3770 = CARTESIAN_POINT('',(0.,-5.));
#3771 = VECTOR('',#3772,1.);
#3772 = DIRECTION('',(1.,0.));
#3773 = ( GEOMETRIC_REPRESENTATION_CONTEXT(2) 
PARAMETRIC_REPRESENTATION_CONTEXT() REPRESENTATION_CONTEXT('2D SPACE',''
  ) );
#3774 = PCURVE('',#2370,#3775);
#3775 = DEFINITIONAL_REPRESENTATION('',(#3776),#3780);
#3776 = LINE('',#3777,#3778);
#3777 = CARTESIAN_POINT('',(0.,0.707106781187));
#3778 = VECTOR('',#3779,1.);
#3779 = DIRECTION('',(1.,0.));
#3780 = ( GEOMETRIC_REPRESENTATION_CONTEXT(2) 
PARAMETRIC_REPRESENTATION_CONTEXT() REPRESENTATION_CONTEXT('2D SPACE',''
  ) );
#3781 = ADVANCED_FACE('',(#3782),#1087,.F.);
#3782 = FACE_BOUND('',#3783,.T.);
#3783 = EDGE_LOOP('',(#3784,#3785,#3786,#3809));
#3784 = ORIENTED_EDGE('',*,*,#3687,.F.);
#3785 = ORIENTED_EDGE('',*,*,#1066,.T.);
#3786 = ORIENTED_EDGE('',*,*,#3787,.T.);
#3787 = EDGE_CURVE('',#1067,#3788,#3790,.T.);
#3788 = VERTEX_POINT('',#3789);
#3789 = CARTESIAN_POINT('',(25.,11.999999927935,4.));
#3790 = SURFACE_CURVE('',#3791,(#3795,#3802),.PCURVE_S1.);
#3791 = LINE('',#3792,#3793);
#3792 = CARTESIAN_POINT('',(25.,11.999999927935,-1.));
#3793 = VECTOR('',#3794,1.);
#3794 = DIRECTION('',(0.,0.,1.));
#3795 = PCURVE('',#1087,#3796);
#3796 = DEFINITIONAL_REPRESENTATION('',(#3797),#3801);
#3797 = LINE('',#3798,#3799);
#3798 = CARTESIAN_POINT('',(-0.,0.));
#3799 = VECTOR('',#3800,1.);
#3800 = DIRECTION('',(-0.,-1.));
#3801 = ( GEOMETRIC_REPRESENTATION_CONTEXT(2) 
PARAMETRIC_REPRESENTATION_CONTEXT() REPRESENTATION_CONTEXT('2D SPACE',''
  ) );
#3802 = PCURVE('',#1114,#3803);
#3803 = DEFINITIONAL_REPRESENTATION('',(#3804),#3808);
#3804 = LINE('',#3805,#3806);
#3805 = CARTESIAN_POINT('',(23.999999927935,0.));
#3806 = VECTOR('',#3807,1.);
#3807 = DIRECTION('',(0.,-1.));
#3808 = ( GEOMETRIC_REPRESENTATION_CONTEXT(2) 
PARAMETRIC_REPRESENTATION_CONTEXT() REPRESENTATION_CONTEXT('2D SPACE',''
  ) );
#3809 = ORIENTED_EDGE('',*,*,#3810,.T.);
#3810 = EDGE_CURVE('',#3788,#3688,#3811,.T.);
#3811 = SURFACE_CURVE('',#3812,(#3817,#3824),.PCURVE_S1.);
#3812 = CIRCLE('',#3813,8.);
#3813 = AXIS2_PLACEMENT_3D('',#3814,#3815,#3816);
#3814 = CARTESIAN_POINT('',(17.,11.999999927935,4.));
#3815 = DIRECTION('',(0.,0.,1.));
#3816 = DIRECTION('',(1.,2.22044604925E-16,-0.));
#3817 = PCURVE('',#1087,#3818);
#3818 = DEFINITIONAL_REPRESENTATION('',(#3819),#3823);
#3819 = LINE('',#3820,#3821);
#3820 = CARTESIAN_POINT('',(-2.22044604925E-16,-5.));
#3821 = VECTOR('',#3822,1.);
#3822 = DIRECTION('',(-1.,0.));
#3823 = ( GEOMETRIC_REPRESENTATION_CONTEXT(2) 
PARAMETRIC_REPRESENTATION_CONTEXT() REPRESENTATION_CONTEXT('2D SPACE',''
  ) );
#3824 = PCURVE('',#2285,#3825);
#3825 = DEFINITIONAL_REPRESENTATION('',(#3826),#3830);
#3826 = LINE('',#3827,#3828);
#3827 = CARTESIAN_POINT('',(0.,-0.));
#3828 = VECTOR('',#3829,1.);
#3829 = DIRECTION('',(1.,-0.));
#3830 = ( GEOMETRIC_REPRESENTATION_CONTEXT(2) 
PARAMETRIC_REPRESENTATION_CONTEXT() REPRESENTATION_CONTEXT('2D SPACE',''
  ) );
#3831 = ADVANCED_FACE('',(#3832),#1146,.F.);
#3832 = FACE_BOUND('',#3833,.T.);
#3833 = EDGE_LOOP('',(#3834,#3857,#3858,#3859));
#3834 = ORIENTED_EDGE('',*,*,#3835,.F.);
#3835 = EDGE_CURVE('',#1100,#3836,#3838,.T.);
#3836 = VERTEX_POINT('',#3837);
#3837 = CARTESIAN_POINT('',(25.,-12.,4.));
#3838 = SURFACE_CURVE('',#3839,(#3843,#3850),.PCURVE_S1.);
#3839 = LINE('',#3840,#3841);
#3840 = CARTESIAN_POINT('',(25.,-12.,-1.));
#3841 = VECTOR('',#3842,1.);
#3842 = DIRECTION('',(0.,0.,1.));
#3843 = PCURVE('',#1146,#3844);
#3844 = DEFINITIONAL_REPRESENTATION('',(#3845),#3849);
#3845 = LINE('',#3846,#3847);
#3846 = CARTESIAN_POINT('',(-6.28318530718,0.));
#3847 = VECTOR('',#3848,1.);
#3848 = DIRECTION('',(-0.,-1.));
#3849 = ( GEOMETRIC_REPRESENTATION_CONTEXT(2) 
PARAMETRIC_REPRESENTATION_CONTEXT() REPRESENTATION_CONTEXT('2D SPACE',''
  ) );
#3850 = PCURVE('',#1114,#3851);
#3851 = DEFINITIONAL_REPRESENTATION('',(#3852),#3856);
#3852 = LINE('',#3853,#3854);
#3853 = CARTESIAN_POINT('',(0.,0.));
#3854 = VECTOR('',#3855,1.);
#3855 = DIRECTION('',(0.,-1.));
#3856 = ( GEOMETRIC_REPRESENTATION_CONTEXT(2) 
PARAMETRIC_REPRESENTATION_CONTEXT() REPRESENTATION_CONTEXT('2D SPACE',''
  ) );
#3857 = ORIENTED_EDGE('',*,*,#1125,.T.);
#3858 = ORIENTED_EDGE('',*,*,#3736,.T.);
#3859 = ORIENTED_EDGE('',*,*,#3860,.T.);
#3860 = EDGE_CURVE('',#3737,#3836,#3861,.T.);
#3861 = SURFACE_CURVE('',#3862,(#3867,#3874),.PCURVE_S1.);
#3862 = CIRCLE('',#3863,8.);
#3863 = AXIS2_PLACEMENT_3D('',#3864,#3865,#3866);
#3864 = CARTESIAN_POINT('',(17.,-12.,4.));
#3865 = DIRECTION('',(0.,0.,1.));
#3866 = DIRECTION('',(0.,-1.,0.));
#3867 = PCURVE('',#1146,#3868);
#3868 = DEFINITIONAL_REPRESENTATION('',(#3869),#3873);
#3869 = LINE('',#3870,#3871);
#3870 = CARTESIAN_POINT('',(-4.712388980385,-5.));
#3871 = VECTOR('',#3872,1.);
#3872 = DIRECTION('',(-1.,0.));
#3873 = ( GEOMETRIC_REPRESENTATION_CONTEXT(2) 
PARAMETRIC_REPRESENTATION_CONTEXT() REPRESENTATION_CONTEXT('2D SPACE',''
  ) );
#3874 = PCURVE('',#2342,#3875);
#3875 = DEFINITIONAL_REPRESENTATION('',(#3876),#3880);
#3876 = LINE('',#3877,#3878);
#3877 = CARTESIAN_POINT('',(0.,-0.));
#3878 = VECTOR('',#3879,1.);
#3879 = DIRECTION('',(1.,-0.));
#3880 = ( GEOMETRIC_REPRESENTATION_CONTEXT(2) 
PARAMETRIC_REPRESENTATION_CONTEXT() REPRESENTATION_CONTEXT('2D SPACE',''
  ) );
#3881 = ADVANCED_FACE('',(#3882),#1114,.T.);
#3882 = FACE_BOUND('',#3883,.T.);
#3883 = EDGE_LOOP('',(#3884,#3885,#3886,#3887));
#3884 = ORIENTED_EDGE('',*,*,#3787,.F.);
#3885 = ORIENTED_EDGE('',*,*,#1099,.T.);
#3886 = ORIENTED_EDGE('',*,*,#3835,.T.);
#3887 = ORIENTED_EDGE('',*,*,#3888,.T.);
#3888 = EDGE_CURVE('',#3836,#3788,#3889,.T.);
#3889 = SURFACE_CURVE('',#3890,(#3894,#3901),.PCURVE_S1.);
#3890 = LINE('',#3891,#3892);
#3891 = CARTESIAN_POINT('',(25.,-12.,4.));
#3892 = VECTOR('',#3893,1.);
#3893 = DIRECTION('',(-0.,1.,-0.));
#3894 = PCURVE('',#1114,#3895);
#3895 = DEFINITIONAL_REPRESENTATION('',(#3896),#3900);
#3896 = LINE('',#3897,#3898);
#3897 = CARTESIAN_POINT('',(0.,-5.));
#3898 = VECTOR('',#3899,1.);
#3899 = DIRECTION('',(1.,0.));
#3900 = ( GEOMETRIC_REPRESENTATION_CONTEXT(2) 
PARAMETRIC_REPRESENTATION_CONTEXT() REPRESENTATION_CONTEXT('2D SPACE',''
  ) );
#3901 = PCURVE('',#2313,#3902);
#3902 = DEFINITIONAL_REPRESENTATION('',(#3903),#3907);
#3903 = LINE('',#3904,#3905);
#3904 = CARTESIAN_POINT('',(0.,0.707106781187));
#3905 = VECTOR('',#3906,1.);
#3906 = DIRECTION('',(1.,0.));
#3907 = ( GEOMETRIC_REPRESENTATION_CONTEXT(2) 
PARAMETRIC_REPRESENTATION_CONTEXT() REPRESENTATION_CONTEXT('2D SPACE',''
  ) );
#3908 = ADVANCED_FACE('',(#3909),#1234,.T.);
#3909 = FACE_BOUND('',#3910,.T.);
#3910 = EDGE_LOOP('',(#3911,#3934,#3935,#3958));
#3911 = ORIENTED_EDGE('',*,*,#3912,.F.);
#3912 = EDGE_CURVE('',#1218,#3913,#3915,.T.);
#3913 = VERTEX_POINT('',#3914);
#3914 = CARTESIAN_POINT('',(27.25,49.75,4.));
#3915 = SURFACE_CURVE('',#3916,(#3920,#3927),.PCURVE_S1.);
#3916 = LINE('',#3917,#3918);
#3917 = CARTESIAN_POINT('',(27.25,49.75,-1.));
#3918 = VECTOR('',#3919,1.);
#3919 = DIRECTION('',(0.,0.,1.));
#3920 = PCURVE('',#1234,#3921);
#3921 = DEFINITIONAL_REPRESENTATION('',(#3922),#3926);
#3922 = LINE('',#3923,#3924);
#3923 = CARTESIAN_POINT('',(10.5,0.));
#3924 = VECTOR('',#3925,1.);
#3925 = DIRECTION('',(0.,-1.));
#3926 = ( GEOMETRIC_REPRESENTATION_CONTEXT(2) 
PARAMETRIC_REPRESENTATION_CONTEXT() REPRESENTATION_CONTEXT('2D SPACE',''
  ) );
#3927 = PCURVE('',#1323,#3928);
#3928 = DEFINITIONAL_REPRESENTATION('',(#3929),#3933);
#3929 = LINE('',#3930,#3931);
#3930 = CARTESIAN_POINT('',(4.712388980385,0.));
#3931 = VECTOR('',#3932,1.);
#3932 = DIRECTION('',(0.,-1.));
#3933 = ( GEOMETRIC_REPRESENTATION_CONTEXT(2) 
PARAMETRIC_REPRESENTATION_CONTEXT() REPRESENTATION_CONTEXT('2D SPACE',''
  ) );
#3934 = ORIENTED_EDGE('',*,*,#1217,.T.);
#3935 = ORIENTED_EDGE('',*,*,#3936,.T.);
#3936 = EDGE_CURVE('',#1220,#3937,#3939,.T.);
#3937 = VERTEX_POINT('',#3938);
#3938 = CARTESIAN_POINT('',(27.25,60.25,4.));
#3939 = SURFACE_CURVE('',#3940,(#3944,#3951),.PCURVE_S1.);
#3940 = LINE('',#3941,#3942);
#3941 = CARTESIAN_POINT('',(27.25,60.25,-1.));
#3942 = VECTOR('',#3943,1.);
#3943 = DIRECTION('',(0.,0.,1.));
#3944 = PCURVE('',#1234,#3945);
#3945 = DEFINITIONAL_REPRESENTATION('',(#3946),#3950);
#3946 = LINE('',#3947,#3948);
#3947 = CARTESIAN_POINT('',(0.,0.));
#3948 = VECTOR('',#3949,1.);
#3949 = DIRECTION('',(0.,-1.));
#3950 = ( GEOMETRIC_REPRESENTATION_CONTEXT(2) 
PARAMETRIC_REPRESENTATION_CONTEXT() REPRESENTATION_CONTEXT('2D SPACE',''
  ) );
#3951 = PCURVE('',#1266,#3952);
#3952 = DEFINITIONAL_REPRESENTATION('',(#3953),#3957);
#3953 = LINE('',#3954,#3955);
#3954 = CARTESIAN_POINT('',(1.570796326795,0.));
#3955 = VECTOR('',#3956,1.);
#3956 = DIRECTION('',(0.,-1.));
#3957 = ( GEOMETRIC_REPRESENTATION_CONTEXT(2) 
PARAMETRIC_REPRESENTATION_CONTEXT() REPRESENTATION_CONTEXT('2D SPACE',''
  ) );
#3958 = ORIENTED_EDGE('',*,*,#3959,.F.);
#3959 = EDGE_CURVE('',#3913,#3937,#3960,.T.);
#3960 = SURFACE_CURVE('',#3961,(#3965,#3972),.PCURVE_S1.);
#3961 = LINE('',#3962,#3963);
#3962 = CARTESIAN_POINT('',(27.25,49.75,4.));
#3963 = VECTOR('',#3964,1.);
#3964 = DIRECTION('',(-0.,1.,0.));
#3965 = PCURVE('',#1234,#3966);
#3966 = DEFINITIONAL_REPRESENTATION('',(#3967),#3971);
#3967 = LINE('',#3968,#3969);
#3968 = CARTESIAN_POINT('',(10.5,-5.));
#3969 = VECTOR('',#3970,1.);
#3970 = DIRECTION('',(-1.,-0.));
#3971 = ( GEOMETRIC_REPRESENTATION_CONTEXT(2) 
PARAMETRIC_REPRESENTATION_CONTEXT() REPRESENTATION_CONTEXT('2D SPACE',''
  ) );
#3972 = PCURVE('',#2429,#3973);
#3973 = DEFINITIONAL_REPRESENTATION('',(#3974),#3978);
#3974 = LINE('',#3975,#3976);
#3975 = CARTESIAN_POINT('',(-0.,0.707106781187));
#3976 = VECTOR('',#3977,1.);
#3977 = DIRECTION('',(-1.,0.));
#3978 = ( GEOMETRIC_REPRESENTATION_CONTEXT(2) 
PARAMETRIC_REPRESENTATION_CONTEXT() REPRESENTATION_CONTEXT('2D SPACE',''
  ) );
#3979 = ADVANCED_FACE('',(#3980),#1323,.F.);
#3980 = FACE_BOUND('',#3981,.F.);
#3981 = EDGE_LOOP('',(#3982,#3983,#3984,#4007));
#3982 = ORIENTED_EDGE('',*,*,#3912,.F.);
#3983 = ORIENTED_EDGE('',*,*,#1304,.F.);
#3984 = ORIENTED_EDGE('',*,*,#3985,.T.);
#3985 = EDGE_CURVE('',#1279,#3986,#3988,.T.);
#3986 = VERTEX_POINT('',#3987);
#3987 = CARTESIAN_POINT('',(32.75,49.75,4.));
#3988 = SURFACE_CURVE('',#3989,(#3993,#4000),.PCURVE_S1.);
#3989 = LINE('',#3990,#3991);
#3990 = CARTESIAN_POINT('',(32.75,49.75,-1.));
#3991 = VECTOR('',#3992,1.);
#3992 = DIRECTION('',(0.,0.,1.));
#3993 = PCURVE('',#1323,#3994);
#3994 = DEFINITIONAL_REPRESENTATION('',(#3995),#3999);
#3995 = LINE('',#3996,#3997);
#3996 = CARTESIAN_POINT('',(1.570796326795,0.));
#3997 = VECTOR('',#3998,1.);
#3998 = DIRECTION('',(0.,-1.));
#3999 = ( GEOMETRIC_REPRESENTATION_CONTEXT(2) 
PARAMETRIC_REPRESENTATION_CONTEXT() REPRESENTATION_CONTEXT('2D SPACE',''
  ) );
#4000 = PCURVE('',#1293,#4001);
#4001 = DEFINITIONAL_REPRESENTATION('',(#4002),#4006);
#4002 = LINE('',#4003,#4004);
#4003 = CARTESIAN_POINT('',(0.,0.));
#4004 = VECTOR('',#4005,1.);
#4005 = DIRECTION('',(0.,-1.));
#4006 = ( GEOMETRIC_REPRESENTATION_CONTEXT(2) 
PARAMETRIC_REPRESENTATION_CONTEXT() REPRESENTATION_CONTEXT('2D SPACE',''
  ) );
#4007 = ORIENTED_EDGE('',*,*,#4008,.T.);
#4008 = EDGE_CURVE('',#3986,#3913,#4009,.T.);
#4009 = SURFACE_CURVE('',#4010,(#4015,#4022),.PCURVE_S1.);
#4010 = CIRCLE('',#4011,2.75);
#4011 = AXIS2_PLACEMENT_3D('',#4012,#4013,#4014);
#4012 = CARTESIAN_POINT('',(30.,49.75,4.));
#4013 = DIRECTION('',(0.,-0.,-1.));
#4014 = DIRECTION('',(1.,0.,-0.));
#4015 = PCURVE('',#1323,#4016);
#4016 = DEFINITIONAL_REPRESENTATION('',(#4017),#4021);
#4017 = LINE('',#4018,#4019);
#4018 = CARTESIAN_POINT('',(1.570796326795,-5.));
#4019 = VECTOR('',#4020,1.);
#4020 = DIRECTION('',(1.,0.));
#4021 = ( GEOMETRIC_REPRESENTATION_CONTEXT(2) 
PARAMETRIC_REPRESENTATION_CONTEXT() REPRESENTATION_CONTEXT('2D SPACE',''
  ) );
#4022 = PCURVE('',#2521,#4023);
#4023 = DEFINITIONAL_REPRESENTATION('',(#4024),#4028);
#4024 = LINE('',#4025,#4026);
#4025 = CARTESIAN_POINT('',(-0.,-0.));
#4026 = VECTOR('',#4027,1.);
#4027 = DIRECTION('',(-1.,-0.));
#4028 = ( GEOMETRIC_REPRESENTATION_CONTEXT(2) 
PARAMETRIC_REPRESENTATION_CONTEXT() REPRESENTATION_CONTEXT('2D SPACE',''
  ) );
#4029 = ADVANCED_FACE('',(#4030),#1266,.F.);
#4030 = FACE_BOUND('',#4031,.F.);
#4031 = EDGE_LOOP('',(#4032,#4055,#4056,#4057));
#4032 = ORIENTED_EDGE('',*,*,#4033,.F.);
#4033 = EDGE_CURVE('',#1246,#4034,#4036,.T.);
#4034 = VERTEX_POINT('',#4035);
#4035 = CARTESIAN_POINT('',(32.75,60.25,4.));
#4036 = SURFACE_CURVE('',#4037,(#4041,#4048),.PCURVE_S1.);
#4037 = LINE('',#4038,#4039);
#4038 = CARTESIAN_POINT('',(32.75,60.25,-1.));
#4039 = VECTOR('',#4040,1.);
#4040 = DIRECTION('',(0.,0.,1.));
#4041 = PCURVE('',#1266,#4042);
#4042 = DEFINITIONAL_REPRESENTATION('',(#4043),#4047);
#4043 = LINE('',#4044,#4045);
#4044 = CARTESIAN_POINT('',(4.712388980385,0.));
#4045 = VECTOR('',#4046,1.);
#4046 = DIRECTION('',(0.,-1.));
#4047 = ( GEOMETRIC_REPRESENTATION_CONTEXT(2) 
PARAMETRIC_REPRESENTATION_CONTEXT() REPRESENTATION_CONTEXT('2D SPACE',''
  ) );
#4048 = PCURVE('',#1293,#4049);
#4049 = DEFINITIONAL_REPRESENTATION('',(#4050),#4054);
#4050 = LINE('',#4051,#4052);
#4051 = CARTESIAN_POINT('',(10.5,0.));
#4052 = VECTOR('',#4053,1.);
#4053 = DIRECTION('',(0.,-1.));
#4054 = ( GEOMETRIC_REPRESENTATION_CONTEXT(2) 
PARAMETRIC_REPRESENTATION_CONTEXT() REPRESENTATION_CONTEXT('2D SPACE',''
  ) );
#4055 = ORIENTED_EDGE('',*,*,#1245,.F.);
#4056 = ORIENTED_EDGE('',*,*,#3936,.T.);
#4057 = ORIENTED_EDGE('',*,*,#4058,.T.);
#4058 = EDGE_CURVE('',#3937,#4034,#4059,.T.);
#4059 = SURFACE_CURVE('',#4060,(#4065,#4072),.PCURVE_S1.);
#4060 = CIRCLE('',#4061,2.75);
#4061 = AXIS2_PLACEMENT_3D('',#4062,#4063,#4064);
#4062 = CARTESIAN_POINT('',(30.,60.25,4.));
#4063 = DIRECTION('',(-0.,0.,-1.));
#4064 = DIRECTION('',(-1.,0.,0.));
#4065 = PCURVE('',#1266,#4066);
#4066 = DEFINITIONAL_REPRESENTATION('',(#4067),#4071);
#4067 = LINE('',#4068,#4069);
#4068 = CARTESIAN_POINT('',(1.570796326795,-5.));
#4069 = VECTOR('',#4070,1.);
#4070 = DIRECTION('',(1.,0.));
#4071 = ( GEOMETRIC_REPRESENTATION_CONTEXT(2) 
PARAMETRIC_REPRESENTATION_CONTEXT() REPRESENTATION_CONTEXT('2D SPACE',''
  ) );
#4072 = PCURVE('',#2462,#4073);
#4073 = DEFINITIONAL_REPRESENTATION('',(#4074),#4078);
#4074 = LINE('',#4075,#4076);
#4075 = CARTESIAN_POINT('',(-0.,-0.));
#4076 = VECTOR('',#4077,1.);
#4077 = DIRECTION('',(-1.,-0.));
#4078 = ( GEOMETRIC_REPRESENTATION_CONTEXT(2) 
PARAMETRIC_REPRESENTATION_CONTEXT() REPRESENTATION_CONTEXT('2D SPACE',''
  ) );
#4079 = ADVANCED_FACE('',(#4080),#1293,.T.);
#4080 = FACE_BOUND('',#4081,.T.);
#4081 = EDGE_LOOP('',(#4082,#4083,#4084,#4085));
#4082 = ORIENTED_EDGE('',*,*,#4033,.F.);
#4083 = ORIENTED_EDGE('',*,*,#1278,.T.);
#4084 = ORIENTED_EDGE('',*,*,#3985,.T.);
#4085 = ORIENTED_EDGE('',*,*,#4086,.F.);
#4086 = EDGE_CURVE('',#4034,#3986,#4087,.T.);
#4087 = SURFACE_CURVE('',#4088,(#4092,#4099),.PCURVE_S1.);
#4088 = LINE('',#4089,#4090);
#4089 = CARTESIAN_POINT('',(32.75,60.25,4.));
#4090 = VECTOR('',#4091,1.);
#4091 = DIRECTION('',(0.,-1.,0.));
#4092 = PCURVE('',#1293,#4093);
#4093 = DEFINITIONAL_REPRESENTATION('',(#4094),#4098);
#4094 = LINE('',#4095,#4096);
#4095 = CARTESIAN_POINT('',(10.5,-5.));
#4096 = VECTOR('',#4097,1.);
#4097 = DIRECTION('',(-1.,0.));
#4098 = ( GEOMETRIC_REPRESENTATION_CONTEXT(2) 
PARAMETRIC_REPRESENTATION_CONTEXT() REPRESENTATION_CONTEXT('2D SPACE',''
  ) );
#4099 = PCURVE('',#2490,#4100);
#4100 = DEFINITIONAL_REPRESENTATION('',(#4101),#4105);
#4101 = LINE('',#4102,#4103);
#4102 = CARTESIAN_POINT('',(-0.,0.707106781187));
#4103 = VECTOR('',#4104,1.);
#4104 = DIRECTION('',(-1.,0.));
#4105 = ( GEOMETRIC_REPRESENTATION_CONTEXT(2) 
PARAMETRIC_REPRESENTATION_CONTEXT() REPRESENTATION_CONTEXT('2D SPACE',''
  ) );
#4106 = ADVANCED_FACE('',(#4107),#1358,.F.);
#4107 = FACE_BOUND('',#4108,.T.);
#4108 = EDGE_LOOP('',(#4109,#4132,#4133,#4134));
#4109 = ORIENTED_EDGE('',*,*,#4110,.F.);
#4110 = EDGE_CURVE('',#1338,#4111,#4113,.T.);
#4111 = VERTEX_POINT('',#4112);
#4112 = CARTESIAN_POINT('',(73.25,80.,4.));
#4113 = SEAM_CURVE('',#4114,(#4118,#4125),.PCURVE_S1.);
#4114 = LINE('',#4115,#4116);
#4115 = CARTESIAN_POINT('',(73.25,80.,-1.));
#4116 = VECTOR('',#4117,1.);
#4117 = DIRECTION('',(0.,0.,1.));
#4118 = PCURVE('',#1358,#4119);
#4119 = DEFINITIONAL_REPRESENTATION('',(#4120),#4124);
#4120 = LINE('',#4121,#4122);
#4121 = CARTESIAN_POINT('',(-6.28318530718,0.));
#4122 = VECTOR('',#4123,1.);
#4123 = DIRECTION('',(-0.,-1.));
#4124 = ( GEOMETRIC_REPRESENTATION_CONTEXT(2) 
PARAMETRIC_REPRESENTATION_CONTEXT() REPRESENTATION_CONTEXT('2D SPACE',''
  ) );
#4125 = PCURVE('',#1358,#4126);
#4126 = DEFINITIONAL_REPRESENTATION('',(#4127),#4131);
#4127 = LINE('',#4128,#4129);
#4128 = CARTESIAN_POINT('',(-0.,0.));
#4129 = VECTOR('',#4130,1.);
#4130 = DIRECTION('',(-0.,-1.));
#4131 = ( GEOMETRIC_REPRESENTATION_CONTEXT(2) 
PARAMETRIC_REPRESENTATION_CONTEXT() REPRESENTATION_CONTEXT('2D SPACE',''
  ) );
#4132 = ORIENTED_EDGE('',*,*,#1337,.T.);
#4133 = ORIENTED_EDGE('',*,*,#4110,.T.);
#4134 = ORIENTED_EDGE('',*,*,#4135,.F.);
#4135 = EDGE_CURVE('',#4111,#4111,#4136,.T.);
#4136 = SURFACE_CURVE('',#4137,(#4142,#4149),.PCURVE_S1.);
#4137 = CIRCLE('',#4138,3.25);
#4138 = AXIS2_PLACEMENT_3D('',#4139,#4140,#4141);
#4139 = CARTESIAN_POINT('',(70.,80.,4.));
#4140 = DIRECTION('',(0.,-0.,-1.));
#4141 = DIRECTION('',(1.,0.,-0.));
#4142 = PCURVE('',#1358,#4143);
#4143 = DEFINITIONAL_REPRESENTATION('',(#4144),#4148);
#4144 = LINE('',#4145,#4146);
#4145 = CARTESIAN_POINT('',(-6.28318530718,-5.));
#4146 = VECTOR('',#4147,1.);
#4147 = DIRECTION('',(1.,-0.));
#4148 = ( GEOMETRIC_REPRESENTATION_CONTEXT(2) 
PARAMETRIC_REPRESENTATION_CONTEXT() REPRESENTATION_CONTEXT('2D SPACE',''
  ) );
#4149 = PCURVE('',#2556,#4150);
#4150 = DEFINITIONAL_REPRESENTATION('',(#4151),#4155);
#4151 = LINE('',#4152,#4153);
#4152 = CARTESIAN_POINT('',(-0.,-0.));
#4153 = VECTOR('',#4154,1.);
#4154 = DIRECTION('',(-1.,-0.));
#4155 = ( GEOMETRIC_REPRESENTATION_CONTEXT(2) 
PARAMETRIC_REPRESENTATION_CONTEXT() REPRESENTATION_CONTEXT('2D SPACE',''
  ) );
#4156 = ADVANCED_FACE('',(#4157),#1440,.F.);
#4157 = FACE_BOUND('',#4158,.F.);
#4158 = EDGE_LOOP('',(#4159,#4178,#4179,#4180));
#4159 = ORIENTED_EDGE('',*,*,#4160,.F.);
#4160 = EDGE_CURVE('',#1425,#1532,#4161,.T.);
#4161 = SURFACE_CURVE('',#4162,(#4166,#4172),.PCURVE_S1.);
#4162 = LINE('',#4163,#4164);
#4163 = CARTESIAN_POINT('',(78.999999970879,-95.,4.));
#4164 = VECTOR('',#4165,1.);
#4165 = DIRECTION('',(-4.329780281177E-17,0.707106781187,0.707106781187)
  );
#4166 = PCURVE('',#1440,#4167);
#4167 = DEFINITIONAL_REPRESENTATION('',(#4168),#4171);
#4168 = B_SPLINE_CURVE_WITH_KNOTS('',1,(#4169,#4170),.UNSPECIFIED.,.F.,
  .F.,(2,2),(0.,1.414213562373),.PIECEWISE_BEZIER_KNOTS.);
#4169 = CARTESIAN_POINT('',(2.84217094304E-14,-0.707106781187));
#4170 = CARTESIAN_POINT('',(2.84217094304E-14,0.707106781187));
#4171 = ( GEOMETRIC_REPRESENTATION_CONTEXT(2) 
PARAMETRIC_REPRESENTATION_CONTEXT() REPRESENTATION_CONTEXT('2D SPACE',''
  ) );
#4172 = PCURVE('',#1575,#4173);
#4173 = DEFINITIONAL_REPRESENTATION('',(#4174),#4177);
#4174 = B_SPLINE_CURVE_WITH_KNOTS('',1,(#4175,#4176),.UNSPECIFIED.,.F.,
  .F.,(2,2),(0.,1.414213562373),.PIECEWISE_BEZIER_KNOTS.);
#4175 = CARTESIAN_POINT('',(1.570796326795,0.));
#4176 = CARTESIAN_POINT('',(1.570796326795,-1.));
#4177 = ( GEOMETRIC_REPRESENTATION_CONTEXT(2) 
PARAMETRIC_REPRESENTATION_CONTEXT() REPRESENTATION_CONTEXT('2D SPACE',''
  ) );
#4178 = ORIENTED_EDGE('',*,*,#1424,.T.);
#4179 = ORIENTED_EDGE('',*,*,#1477,.T.);
#4180 = ORIENTED_EDGE('',*,*,#1531,.F.);
#4181 = ADVANCED_FACE('',(#4182),#1664,.T.);
#4182 = FACE_BOUND('',#4183,.F.);
#4183 = EDGE_LOOP('',(#4184,#4185,#4186,#4205));
#4184 = ORIENTED_EDGE('',*,*,#2573,.F.);
#4185 = ORIENTED_EDGE('',*,*,#2597,.T.);
#4186 = ORIENTED_EDGE('',*,*,#4187,.T.);
#4187 = EDGE_CURVE('',#2598,#1616,#4188,.T.);
#4188 = SURFACE_CURVE('',#4189,(#4193,#4199),.PCURVE_S1.);
#4189 = LINE('',#4190,#4191);
#4190 = CARTESIAN_POINT('',(78.999999970879,94.5,4.5));
#4191 = VECTOR('',#4192,1.);
#4192 = DIRECTION('',(0.,-0.707106781187,0.707106781187));
#4193 = PCURVE('',#1664,#4194);
#4194 = DEFINITIONAL_REPRESENTATION('',(#4195),#4198);
#4195 = B_SPLINE_CURVE_WITH_KNOTS('',1,(#4196,#4197),.UNSPECIFIED.,.F.,
  .F.,(2,2),(-0.707106781187,0.707106781187),.PIECEWISE_BEZIER_KNOTS.);
#4196 = CARTESIAN_POINT('',(-157.9999999708,-0.707106781187));
#4197 = CARTESIAN_POINT('',(-157.9999999708,0.707106781187));
#4198 = ( GEOMETRIC_REPRESENTATION_CONTEXT(2) 
PARAMETRIC_REPRESENTATION_CONTEXT() REPRESENTATION_CONTEXT('2D SPACE',''
  ) );
#4199 = PCURVE('',#1636,#4200);
#4200 = DEFINITIONAL_REPRESENTATION('',(#4201),#4204);
#4201 = B_SPLINE_CURVE_WITH_KNOTS('',1,(#4202,#4203),.UNSPECIFIED.,.F.,
  .F.,(2,2),(-0.707106781187,0.707106781187),.PIECEWISE_BEZIER_KNOTS.);
#4202 = CARTESIAN_POINT('',(0.,0.));
#4203 = CARTESIAN_POINT('',(0.,-1.));
#4204 = ( GEOMETRIC_REPRESENTATION_CONTEXT(2) 
PARAMETRIC_REPRESENTATION_CONTEXT() REPRESENTATION_CONTEXT('2D SPACE',''
  ) );
#4205 = ORIENTED_EDGE('',*,*,#1648,.F.);
#4206 = ADVANCED_FACE('',(#4207),#1575,.T.);
#4207 = FACE_BOUND('',#4208,.F.);
#4208 = EDGE_LOOP('',(#4209,#4228,#4229,#4230));
#4209 = ORIENTED_EDGE('',*,*,#4210,.F.);
#4210 = EDGE_CURVE('',#2646,#1555,#4211,.T.);
#4211 = SURFACE_CURVE('',#4212,(#4216,#4222),.PCURVE_S1.);
#4212 = LINE('',#4213,#4214);
#4213 = CARTESIAN_POINT('',(84.500000000006,-89.,4.5));
#4214 = VECTOR('',#4215,1.);
#4215 = DIRECTION('',(-0.707106781187,-0.,0.707106781187));
#4216 = PCURVE('',#1575,#4217);
#4217 = DEFINITIONAL_REPRESENTATION('',(#4218),#4221);
#4218 = B_SPLINE_CURVE_WITH_KNOTS('',1,(#4219,#4220),.UNSPECIFIED.,.F.,
  .F.,(2,2),(-0.707106781187,0.707106781187),.PIECEWISE_BEZIER_KNOTS.);
#4219 = CARTESIAN_POINT('',(0.,0.));
#4220 = CARTESIAN_POINT('',(0.,-1.));
#4221 = ( GEOMETRIC_REPRESENTATION_CONTEXT(2) 
PARAMETRIC_REPRESENTATION_CONTEXT() REPRESENTATION_CONTEXT('2D SPACE',''
  ) );
#4222 = PCURVE('',#1603,#4223);
#4223 = DEFINITIONAL_REPRESENTATION('',(#4224),#4227);
#4224 = B_SPLINE_CURVE_WITH_KNOTS('',1,(#4225,#4226),.UNSPECIFIED.,.F.,
  .F.,(2,2),(-0.707106781187,0.707106781187),.PIECEWISE_BEZIER_KNOTS.);
#4225 = CARTESIAN_POINT('',(178.,-0.707106781187));
#4226 = CARTESIAN_POINT('',(178.,0.707106781187));
#4227 = ( GEOMETRIC_REPRESENTATION_CONTEXT(2) 
PARAMETRIC_REPRESENTATION_CONTEXT() REPRESENTATION_CONTEXT('2D SPACE',''
  ) );
#4228 = ORIENTED_EDGE('',*,*,#2668,.T.);
#4229 = ORIENTED_EDGE('',*,*,#4160,.T.);
#4230 = ORIENTED_EDGE('',*,*,#1554,.F.);
#4231 = ADVANCED_FACE('',(#4232),#1636,.T.);
#4232 = FACE_BOUND('',#4233,.F.);
#4233 = EDGE_LOOP('',(#4234,#4235,#4236,#4255));
#4234 = ORIENTED_EDGE('',*,*,#4187,.F.);
#4235 = ORIENTED_EDGE('',*,*,#2696,.T.);
#4236 = ORIENTED_EDGE('',*,*,#4237,.T.);
#4237 = EDGE_CURVE('',#2697,#1588,#4238,.T.);
#4238 = SURFACE_CURVE('',#4239,(#4243,#4249),.PCURVE_S1.);
#4239 = LINE('',#4240,#4241);
#4240 = CARTESIAN_POINT('',(84.999999970879,89.,4.));
#4241 = VECTOR('',#4242,1.);
#4242 = DIRECTION('',(-0.707106781187,-4.329780281177E-17,0.707106781187
    ));
#4243 = PCURVE('',#1636,#4244);
#4244 = DEFINITIONAL_REPRESENTATION('',(#4245),#4248);
#4245 = B_SPLINE_CURVE_WITH_KNOTS('',1,(#4246,#4247),.UNSPECIFIED.,.F.,
  .F.,(2,2),(0.,1.414213562373),.PIECEWISE_BEZIER_KNOTS.);
#4246 = CARTESIAN_POINT('',(1.570796326795,0.));
#4247 = CARTESIAN_POINT('',(1.570796326795,-1.));
#4248 = ( GEOMETRIC_REPRESENTATION_CONTEXT(2) 
PARAMETRIC_REPRESENTATION_CONTEXT() REPRESENTATION_CONTEXT('2D SPACE',''
  ) );
#4249 = PCURVE('',#1603,#4250);
#4250 = DEFINITIONAL_REPRESENTATION('',(#4251),#4254);
#4251 = B_SPLINE_CURVE_WITH_KNOTS('',1,(#4252,#4253),.UNSPECIFIED.,.F.,
  .F.,(2,2),(0.,1.414213562373),.PIECEWISE_BEZIER_KNOTS.);
#4252 = CARTESIAN_POINT('',(0.,-0.707106781187));
#4253 = CARTESIAN_POINT('',(0.,0.707106781187));
#4254 = ( GEOMETRIC_REPRESENTATION_CONTEXT(2) 
PARAMETRIC_REPRESENTATION_CONTEXT() REPRESENTATION_CONTEXT('2D SPACE',''
  ) );
#4255 = ORIENTED_EDGE('',*,*,#1615,.F.);
#4256 = ADVANCED_FACE('',(#4257),#1603,.F.);
#4257 = FACE_BOUND('',#4258,.F.);
#4258 = EDGE_LOOP('',(#4259,#4260,#4261,#4262));
#4259 = ORIENTED_EDGE('',*,*,#4237,.F.);
#4260 = ORIENTED_EDGE('',*,*,#2746,.T.);
#4261 = ORIENTED_EDGE('',*,*,#4210,.T.);
#4262 = ORIENTED_EDGE('',*,*,#1587,.F.);
#4263 = ADVANCED_FACE('',(#4264),#1725,.F.);
#4264 = FACE_BOUND('',#4265,.F.);
#4265 = EDGE_LOOP('',(#4266,#4285,#4286,#4287));
#4266 = ORIENTED_EDGE('',*,*,#4267,.F.);
#4267 = EDGE_CURVE('',#1705,#2773,#4268,.T.);
#4268 = SEAM_CURVE('',#4269,(#4273,#4279),.PCURVE_S1.);
#4269 = LINE('',#4270,#4271);
#4270 = CARTESIAN_POINT('',(-66.75,-80.,4.));
#4271 = VECTOR('',#4272,1.);
#4272 = DIRECTION('',(-0.707106781187,0.,-0.707106781187));
#4273 = PCURVE('',#1725,#4274);
#4274 = DEFINITIONAL_REPRESENTATION('',(#4275),#4278);
#4275 = B_SPLINE_CURVE_WITH_KNOTS('',1,(#4276,#4277),.UNSPECIFIED.,.F.,
  .F.,(2,2),(-1.414213562373,0.),.PIECEWISE_BEZIER_KNOTS.);
#4276 = CARTESIAN_POINT('',(0.,1.));
#4277 = CARTESIAN_POINT('',(0.,0.));
#4278 = ( GEOMETRIC_REPRESENTATION_CONTEXT(2) 
PARAMETRIC_REPRESENTATION_CONTEXT() REPRESENTATION_CONTEXT('2D SPACE',''
  ) );
#4279 = PCURVE('',#1725,#4280);
#4280 = DEFINITIONAL_REPRESENTATION('',(#4281),#4284);
#4281 = B_SPLINE_CURVE_WITH_KNOTS('',1,(#4282,#4283),.UNSPECIFIED.,.F.,
  .F.,(2,2),(-1.414213562373,0.),.PIECEWISE_BEZIER_KNOTS.);
#4282 = CARTESIAN_POINT('',(-6.28318530718,1.));
#4283 = CARTESIAN_POINT('',(-6.28318530718,0.));
#4284 = ( GEOMETRIC_REPRESENTATION_CONTEXT(2) 
PARAMETRIC_REPRESENTATION_CONTEXT() REPRESENTATION_CONTEXT('2D SPACE',''
  ) );
#4285 = ORIENTED_EDGE('',*,*,#1704,.T.);
#4286 = ORIENTED_EDGE('',*,*,#4267,.T.);
#4287 = ORIENTED_EDGE('',*,*,#2797,.F.);
#4288 = ADVANCED_FACE('',(#4289),#1757,.T.);
#4289 = FACE_BOUND('',#4290,.F.);
#4290 = EDGE_LOOP('',(#4291,#4310,#4311,#4330));
#4291 = ORIENTED_EDGE('',*,*,#4292,.F.);
#4292 = EDGE_CURVE('',#1740,#2823,#4293,.T.);
#4293 = SURFACE_CURVE('',#4294,(#4298,#4304),.PCURVE_S1.);
#4294 = LINE('',#4295,#4296);
#4295 = CARTESIAN_POINT('',(-33.25,-60.25,4.5));
#4296 = VECTOR('',#4297,1.);
#4297 = DIRECTION('',(0.707106781187,0.,-0.707106781187));
#4298 = PCURVE('',#1757,#4299);
#4299 = DEFINITIONAL_REPRESENTATION('',(#4300),#4303);
#4300 = B_SPLINE_CURVE_WITH_KNOTS('',1,(#4301,#4302),.UNSPECIFIED.,.F.,
  .F.,(2,2),(-0.707106781187,0.707106781187),.PIECEWISE_BEZIER_KNOTS.);
#4301 = CARTESIAN_POINT('',(0.,-0.707106781187));
#4302 = CARTESIAN_POINT('',(0.,0.707106781187));
#4303 = ( GEOMETRIC_REPRESENTATION_CONTEXT(2) 
PARAMETRIC_REPRESENTATION_CONTEXT() REPRESENTATION_CONTEXT('2D SPACE',''
  ) );
#4304 = PCURVE('',#1849,#4305);
#4305 = DEFINITIONAL_REPRESENTATION('',(#4306),#4309);
#4306 = B_SPLINE_CURVE_WITH_KNOTS('',1,(#4307,#4308),.UNSPECIFIED.,.F.,
  .F.,(2,2),(-0.707106781187,0.707106781187),.PIECEWISE_BEZIER_KNOTS.);
#4307 = CARTESIAN_POINT('',(-3.14159265359,1.));
#4308 = CARTESIAN_POINT('',(-3.14159265359,2.041120196289E-15));
#4309 = ( GEOMETRIC_REPRESENTATION_CONTEXT(2) 
PARAMETRIC_REPRESENTATION_CONTEXT() REPRESENTATION_CONTEXT('2D SPACE',''
  ) );
#4310 = ORIENTED_EDGE('',*,*,#1739,.T.);
#4311 = ORIENTED_EDGE('',*,*,#4312,.T.);
#4312 = EDGE_CURVE('',#1742,#2847,#4313,.T.);
#4313 = SURFACE_CURVE('',#4314,(#4318,#4324),.PCURVE_S1.);
#4314 = LINE('',#4315,#4316);
#4315 = CARTESIAN_POINT('',(-33.25,-49.75,4.5));
#4316 = VECTOR('',#4317,1.);
#4317 = DIRECTION('',(0.707106781187,0.,-0.707106781187));
#4318 = PCURVE('',#1757,#4319);
#4319 = DEFINITIONAL_REPRESENTATION('',(#4320),#4323);
#4320 = B_SPLINE_CURVE_WITH_KNOTS('',1,(#4321,#4322),.UNSPECIFIED.,.F.,
  .F.,(2,2),(-0.707106781187,0.707106781187),.PIECEWISE_BEZIER_KNOTS.);
#4321 = CARTESIAN_POINT('',(-10.5,-0.707106781187));
#4322 = CARTESIAN_POINT('',(-10.5,0.707106781187));
#4323 = ( GEOMETRIC_REPRESENTATION_CONTEXT(2) 
PARAMETRIC_REPRESENTATION_CONTEXT() REPRESENTATION_CONTEXT('2D SPACE',''
  ) );
#4324 = PCURVE('',#1790,#4325);
#4325 = DEFINITIONAL_REPRESENTATION('',(#4326),#4329);
#4326 = B_SPLINE_CURVE_WITH_KNOTS('',1,(#4327,#4328),.UNSPECIFIED.,.F.,
  .F.,(2,2),(-0.707106781187,0.707106781187),.PIECEWISE_BEZIER_KNOTS.);
#4327 = CARTESIAN_POINT('',(0.,1.));
#4328 = CARTESIAN_POINT('',(0.,2.041120196289E-15));
#4329 = ( GEOMETRIC_REPRESENTATION_CONTEXT(2) 
PARAMETRIC_REPRESENTATION_CONTEXT() REPRESENTATION_CONTEXT('2D SPACE',''
  ) );
#4330 = ORIENTED_EDGE('',*,*,#2869,.F.);
#4331 = ADVANCED_FACE('',(#4332),#1849,.F.);
#4332 = FACE_BOUND('',#4333,.F.);
#4333 = EDGE_LOOP('',(#4334,#4353,#4354,#4355));
#4334 = ORIENTED_EDGE('',*,*,#4335,.F.);
#4335 = EDGE_CURVE('',#1803,#2896,#4336,.T.);
#4336 = SURFACE_CURVE('',#4337,(#4341,#4347),.PCURVE_S1.);
#4337 = LINE('',#4338,#4339);
#4338 = CARTESIAN_POINT('',(-26.75,-60.25,4.5));
#4339 = VECTOR('',#4340,1.);
#4340 = DIRECTION('',(-0.707106781187,-0.,-0.707106781187));
#4341 = PCURVE('',#1849,#4342);
#4342 = DEFINITIONAL_REPRESENTATION('',(#4343),#4346);
#4343 = B_SPLINE_CURVE_WITH_KNOTS('',1,(#4344,#4345),.UNSPECIFIED.,.F.,
  .F.,(2,2),(-0.707106781187,0.707106781187),.PIECEWISE_BEZIER_KNOTS.);
#4344 = CARTESIAN_POINT('',(0.,1.));
#4345 = CARTESIAN_POINT('',(0.,-4.710277376051E-16));
#4346 = ( GEOMETRIC_REPRESENTATION_CONTEXT(2) 
PARAMETRIC_REPRESENTATION_CONTEXT() REPRESENTATION_CONTEXT('2D SPACE',''
  ) );
#4347 = PCURVE('',#1818,#4348);
#4348 = DEFINITIONAL_REPRESENTATION('',(#4349),#4352);
#4349 = B_SPLINE_CURVE_WITH_KNOTS('',1,(#4350,#4351),.UNSPECIFIED.,.F.,
  .F.,(2,2),(-0.707106781187,0.707106781187),.PIECEWISE_BEZIER_KNOTS.);
#4350 = CARTESIAN_POINT('',(-10.5,-0.707106781187));
#4351 = CARTESIAN_POINT('',(-10.5,0.707106781187));
#4352 = ( GEOMETRIC_REPRESENTATION_CONTEXT(2) 
PARAMETRIC_REPRESENTATION_CONTEXT() REPRESENTATION_CONTEXT('2D SPACE',''
  ) );
#4353 = ORIENTED_EDGE('',*,*,#1830,.T.);
#4354 = ORIENTED_EDGE('',*,*,#4292,.T.);
#4355 = ORIENTED_EDGE('',*,*,#2918,.F.);
#4356 = ADVANCED_FACE('',(#4357),#1790,.F.);
#4357 = FACE_BOUND('',#4358,.F.);
#4358 = EDGE_LOOP('',(#4359,#4360,#4361,#4380));
#4359 = ORIENTED_EDGE('',*,*,#4312,.F.);
#4360 = ORIENTED_EDGE('',*,*,#1769,.T.);
#4361 = ORIENTED_EDGE('',*,*,#4362,.T.);
#4362 = EDGE_CURVE('',#1770,#2944,#4363,.T.);
#4363 = SURFACE_CURVE('',#4364,(#4368,#4374),.PCURVE_S1.);
#4364 = LINE('',#4365,#4366);
#4365 = CARTESIAN_POINT('',(-27.25,-49.75,4.));
#4366 = VECTOR('',#4367,1.);
#4367 = DIRECTION('',(-0.707106781187,-8.659560562355E-17,
    -0.707106781187));
#4368 = PCURVE('',#1790,#4369);
#4369 = DEFINITIONAL_REPRESENTATION('',(#4370),#4373);
#4370 = B_SPLINE_CURVE_WITH_KNOTS('',1,(#4371,#4372),.UNSPECIFIED.,.F.,
  .F.,(2,2),(-1.414213562373,0.),.PIECEWISE_BEZIER_KNOTS.);
#4371 = CARTESIAN_POINT('',(-3.14159265359,1.));
#4372 = CARTESIAN_POINT('',(-3.14159265359,0.));
#4373 = ( GEOMETRIC_REPRESENTATION_CONTEXT(2) 
PARAMETRIC_REPRESENTATION_CONTEXT() REPRESENTATION_CONTEXT('2D SPACE',''
  ) );
#4374 = PCURVE('',#1818,#4375);
#4375 = DEFINITIONAL_REPRESENTATION('',(#4376),#4379);
#4376 = B_SPLINE_CURVE_WITH_KNOTS('',1,(#4377,#4378),.UNSPECIFIED.,.F.,
  .F.,(2,2),(-1.414213562373,0.),.PIECEWISE_BEZIER_KNOTS.);
#4377 = CARTESIAN_POINT('',(0.,-0.707106781187));
#4378 = CARTESIAN_POINT('',(0.,0.707106781187));
#4379 = ( GEOMETRIC_REPRESENTATION_CONTEXT(2) 
PARAMETRIC_REPRESENTATION_CONTEXT() REPRESENTATION_CONTEXT('2D SPACE',''
  ) );
#4380 = ORIENTED_EDGE('',*,*,#2968,.F.);
#4381 = ADVANCED_FACE('',(#4382),#1818,.T.);
#4382 = FACE_BOUND('',#4383,.F.);
#4383 = EDGE_LOOP('',(#4384,#4385,#4386,#4387));
#4384 = ORIENTED_EDGE('',*,*,#4362,.F.);
#4385 = ORIENTED_EDGE('',*,*,#1802,.T.);
#4386 = ORIENTED_EDGE('',*,*,#4335,.T.);
#4387 = ORIENTED_EDGE('',*,*,#2996,.F.);
#4388 = ADVANCED_FACE('',(#4389),#1881,.T.);
#4389 = FACE_BOUND('',#4390,.F.);
#4390 = EDGE_LOOP('',(#4391,#4410,#4411,#4430));
#4391 = ORIENTED_EDGE('',*,*,#4392,.F.);
#4392 = EDGE_CURVE('',#1864,#3021,#4393,.T.);
#4393 = SURFACE_CURVE('',#4394,(#4398,#4404),.PCURVE_S1.);
#4394 = LINE('',#4395,#4396);
#4395 = CARTESIAN_POINT('',(26.75,-60.25,4.5));
#4396 = VECTOR('',#4397,1.);
#4397 = DIRECTION('',(0.707106781187,0.,-0.707106781187));
#4398 = PCURVE('',#1881,#4399);
#4399 = DEFINITIONAL_REPRESENTATION('',(#4400),#4403);
#4400 = B_SPLINE_CURVE_WITH_KNOTS('',1,(#4401,#4402),.UNSPECIFIED.,.F.,
  .F.,(2,2),(-0.707106781187,0.707106781187),.PIECEWISE_BEZIER_KNOTS.);
#4401 = CARTESIAN_POINT('',(0.,-0.707106781187));
#4402 = CARTESIAN_POINT('',(0.,0.707106781187));
#4403 = ( GEOMETRIC_REPRESENTATION_CONTEXT(2) 
PARAMETRIC_REPRESENTATION_CONTEXT() REPRESENTATION_CONTEXT('2D SPACE',''
  ) );
#4404 = PCURVE('',#1973,#4405);
#4405 = DEFINITIONAL_REPRESENTATION('',(#4406),#4409);
#4406 = B_SPLINE_CURVE_WITH_KNOTS('',1,(#4407,#4408),.UNSPECIFIED.,.F.,
  .F.,(2,2),(-0.707106781187,0.707106781187),.PIECEWISE_BEZIER_KNOTS.);
#4407 = CARTESIAN_POINT('',(-3.14159265359,1.));
#4408 = CARTESIAN_POINT('',(-3.14159265359,-4.710277376051E-16));
#4409 = ( GEOMETRIC_REPRESENTATION_CONTEXT(2) 
PARAMETRIC_REPRESENTATION_CONTEXT() REPRESENTATION_CONTEXT('2D SPACE',''
  ) );
#4410 = ORIENTED_EDGE('',*,*,#1863,.T.);
#4411 = ORIENTED_EDGE('',*,*,#4412,.T.);
#4412 = EDGE_CURVE('',#1866,#3045,#4413,.T.);
#4413 = SURFACE_CURVE('',#4414,(#4418,#4424),.PCURVE_S1.);
#4414 = LINE('',#4415,#4416);
#4415 = CARTESIAN_POINT('',(26.75,-49.75,4.5));
#4416 = VECTOR('',#4417,1.);
#4417 = DIRECTION('',(0.707106781187,0.,-0.707106781187));
#4418 = PCURVE('',#1881,#4419);
#4419 = DEFINITIONAL_REPRESENTATION('',(#4420),#4423);
#4420 = B_SPLINE_CURVE_WITH_KNOTS('',1,(#4421,#4422),.UNSPECIFIED.,.F.,
  .F.,(2,2),(-0.707106781187,0.707106781187),.PIECEWISE_BEZIER_KNOTS.);
#4421 = CARTESIAN_POINT('',(-10.5,-0.707106781187));
#4422 = CARTESIAN_POINT('',(-10.5,0.707106781187));
#4423 = ( GEOMETRIC_REPRESENTATION_CONTEXT(2) 
PARAMETRIC_REPRESENTATION_CONTEXT() REPRESENTATION_CONTEXT('2D SPACE',''
  ) );
#4424 = PCURVE('',#1914,#4425);
#4425 = DEFINITIONAL_REPRESENTATION('',(#4426),#4429);
#4426 = B_SPLINE_CURVE_WITH_KNOTS('',1,(#4427,#4428),.UNSPECIFIED.,.F.,
  .F.,(2,2),(-0.707106781187,0.707106781187),.PIECEWISE_BEZIER_KNOTS.);
#4427 = CARTESIAN_POINT('',(0.,1.));
#4428 = CARTESIAN_POINT('',(0.,-4.710277376051E-16));
#4429 = ( GEOMETRIC_REPRESENTATION_CONTEXT(2) 
PARAMETRIC_REPRESENTATION_CONTEXT() REPRESENTATION_CONTEXT('2D SPACE',''
  ) );
#4430 = ORIENTED_EDGE('',*,*,#3067,.F.);
#4431 = ADVANCED_FACE('',(#4432),#1973,.F.);
#4432 = FACE_BOUND('',#4433,.F.);
#4433 = EDGE_LOOP('',(#4434,#4453,#4454,#4455));
#4434 = ORIENTED_EDGE('',*,*,#4435,.F.);
#4435 = EDGE_CURVE('',#1927,#3094,#4436,.T.);
#4436 = SURFACE_CURVE('',#4437,(#4441,#4447),.PCURVE_S1.);
#4437 = LINE('',#4438,#4439);
#4438 = CARTESIAN_POINT('',(33.25,-60.25,4.5));
#4439 = VECTOR('',#4440,1.);
#4440 = DIRECTION('',(-0.707106781187,-0.,-0.707106781187));
#4441 = PCURVE('',#1973,#4442);
#4442 = DEFINITIONAL_REPRESENTATION('',(#4443),#4446);
#4443 = B_SPLINE_CURVE_WITH_KNOTS('',1,(#4444,#4445),.UNSPECIFIED.,.F.,
  .F.,(2,2),(-0.707106781187,0.707106781187),.PIECEWISE_BEZIER_KNOTS.);
#4444 = CARTESIAN_POINT('',(0.,1.));
#4445 = CARTESIAN_POINT('',(0.,2.041120196289E-15));
#4446 = ( GEOMETRIC_REPRESENTATION_CONTEXT(2) 
PARAMETRIC_REPRESENTATION_CONTEXT() REPRESENTATION_CONTEXT('2D SPACE',''
  ) );
#4447 = PCURVE('',#1942,#4448);
#4448 = DEFINITIONAL_REPRESENTATION('',(#4449),#4452);
#4449 = B_SPLINE_CURVE_WITH_KNOTS('',1,(#4450,#4451),.UNSPECIFIED.,.F.,
  .F.,(2,2),(-0.707106781187,0.707106781187),.PIECEWISE_BEZIER_KNOTS.);
#4450 = CARTESIAN_POINT('',(-10.5,-0.707106781187));
#4451 = CARTESIAN_POINT('',(-10.5,0.707106781187));
#4452 = ( GEOMETRIC_REPRESENTATION_CONTEXT(2) 
PARAMETRIC_REPRESENTATION_CONTEXT() REPRESENTATION_CONTEXT('2D SPACE',''
  ) );
#4453 = ORIENTED_EDGE('',*,*,#1954,.T.);
#4454 = ORIENTED_EDGE('',*,*,#4392,.T.);
#4455 = ORIENTED_EDGE('',*,*,#3116,.F.);
#4456 = ADVANCED_FACE('',(#4457),#1914,.F.);
#4457 = FACE_BOUND('',#4458,.F.);
#4458 = EDGE_LOOP('',(#4459,#4460,#4461,#4480));
#4459 = ORIENTED_EDGE('',*,*,#4412,.F.);
#4460 = ORIENTED_EDGE('',*,*,#1893,.T.);
#4461 = ORIENTED_EDGE('',*,*,#4462,.T.);
#4462 = EDGE_CURVE('',#1894,#3142,#4463,.T.);
#4463 = SURFACE_CURVE('',#4464,(#4468,#4474),.PCURVE_S1.);
#4464 = LINE('',#4465,#4466);
#4465 = CARTESIAN_POINT('',(32.75,-49.75,4.));
#4466 = VECTOR('',#4467,1.);
#4467 = DIRECTION('',(-0.707106781187,-8.659560562355E-17,
    -0.707106781187));
#4468 = PCURVE('',#1914,#4469);
#4469 = DEFINITIONAL_REPRESENTATION('',(#4470),#4473);
#4470 = B_SPLINE_CURVE_WITH_KNOTS('',1,(#4471,#4472),.UNSPECIFIED.,.F.,
  .F.,(2,2),(-1.414213562373,0.),.PIECEWISE_BEZIER_KNOTS.);
#4471 = CARTESIAN_POINT('',(-3.14159265359,1.));
#4472 = CARTESIAN_POINT('',(-3.14159265359,0.));
#4473 = ( GEOMETRIC_REPRESENTATION_CONTEXT(2) 
PARAMETRIC_REPRESENTATION_CONTEXT() REPRESENTATION_CONTEXT('2D SPACE',''
  ) );
#4474 = PCURVE('',#1942,#4475);
#4475 = DEFINITIONAL_REPRESENTATION('',(#4476),#4479);
#4476 = B_SPLINE_CURVE_WITH_KNOTS('',1,(#4477,#4478),.UNSPECIFIED.,.F.,
  .F.,(2,2),(-1.414213562373,0.),.PIECEWISE_BEZIER_KNOTS.);
#4477 = CARTESIAN_POINT('',(0.,-0.707106781187));
#4478 = CARTESIAN_POINT('',(0.,0.707106781187));
#4479 = ( GEOMETRIC_REPRESENTATION_CONTEXT(2) 
PARAMETRIC_REPRESENTATION_CONTEXT() REPRESENTATION_CONTEXT('2D SPACE',''
  ) );
#4480 = ORIENTED_EDGE('',*,*,#3166,.F.);
#4481 = ADVANCED_FACE('',(#4482),#1942,.T.);
#4482 = FACE_BOUND('',#4483,.F.);
#4483 = EDGE_LOOP('',(#4484,#4485,#4486,#4487));
#4484 = ORIENTED_EDGE('',*,*,#4462,.F.);
#4485 = ORIENTED_EDGE('',*,*,#1926,.T.);
#4486 = ORIENTED_EDGE('',*,*,#4435,.T.);
#4487 = ORIENTED_EDGE('',*,*,#3194,.F.);
#4488 = ADVANCED_FACE('',(#4489),#2008,.F.);
#4489 = FACE_BOUND('',#4490,.F.);
#4490 = EDGE_LOOP('',(#4491,#4510,#4511,#4512));
#4491 = ORIENTED_EDGE('',*,*,#4492,.F.);
#4492 = EDGE_CURVE('',#1988,#3219,#4493,.T.);
#4493 = SEAM_CURVE('',#4494,(#4498,#4504),.PCURVE_S1.);
#4494 = LINE('',#4495,#4496);
#4495 = CARTESIAN_POINT('',(73.25,-80.,4.));
#4496 = VECTOR('',#4497,1.);
#4497 = DIRECTION('',(-0.707106781187,0.,-0.707106781187));
#4498 = PCURVE('',#2008,#4499);
#4499 = DEFINITIONAL_REPRESENTATION('',(#4500),#4503);
#4500 = B_SPLINE_CURVE_WITH_KNOTS('',1,(#4501,#4502),.UNSPECIFIED.,.F.,
  .F.,(2,2),(-1.414213562373,0.),.PIECEWISE_BEZIER_KNOTS.);
#4501 = CARTESIAN_POINT('',(0.,1.));
#4502 = CARTESIAN_POINT('',(0.,0.));
#4503 = ( GEOMETRIC_REPRESENTATION_CONTEXT(2) 
PARAMETRIC_REPRESENTATION_CONTEXT() REPRESENTATION_CONTEXT('2D SPACE',''
  ) );
#4504 = PCURVE('',#2008,#4505);
#4505 = DEFINITIONAL_REPRESENTATION('',(#4506),#4509);
#4506 = B_SPLINE_CURVE_WITH_KNOTS('',1,(#4507,#4508),.UNSPECIFIED.,.F.,
  .F.,(2,2),(-1.414213562373,0.),.PIECEWISE_BEZIER_KNOTS.);
#4507 = CARTESIAN_POINT('',(-6.28318530718,1.));
#4508 = CARTESIAN_POINT('',(-6.28318530718,0.));
#4509 = ( GEOMETRIC_REPRESENTATION_CONTEXT(2) 
PARAMETRIC_REPRESENTATION_CONTEXT() REPRESENTATION_CONTEXT('2D SPACE',''
  ) );
#4510 = ORIENTED_EDGE('',*,*,#1987,.T.);
#4511 = ORIENTED_EDGE('',*,*,#4492,.T.);
#4512 = ORIENTED_EDGE('',*,*,#3243,.F.);
#4513 = ADVANCED_FACE('',(#4514),#2043,.F.);
#4514 = FACE_BOUND('',#4515,.F.);
#4515 = EDGE_LOOP('',(#4516,#4535,#4536,#4537));
#4516 = ORIENTED_EDGE('',*,*,#4517,.F.);
#4517 = EDGE_CURVE('',#2023,#3269,#4518,.T.);
#4518 = SEAM_CURVE('',#4519,(#4523,#4529),.PCURVE_S1.);
#4519 = LINE('',#4520,#4521);
#4520 = CARTESIAN_POINT('',(-66.75,80.,4.));
#4521 = VECTOR('',#4522,1.);
#4522 = DIRECTION('',(-0.707106781187,0.,-0.707106781187));
#4523 = PCURVE('',#2043,#4524);
#4524 = DEFINITIONAL_REPRESENTATION('',(#4525),#4528);
#4525 = B_SPLINE_CURVE_WITH_KNOTS('',1,(#4526,#4527),.UNSPECIFIED.,.F.,
  .F.,(2,2),(-1.414213562373,0.),.PIECEWISE_BEZIER_KNOTS.);
#4526 = CARTESIAN_POINT('',(0.,1.));
#4527 = CARTESIAN_POINT('',(0.,0.));
#4528 = ( GEOMETRIC_REPRESENTATION_CONTEXT(2) 
PARAMETRIC_REPRESENTATION_CONTEXT() REPRESENTATION_CONTEXT('2D SPACE',''
  ) );
#4529 = PCURVE('',#2043,#4530);
#4530 = DEFINITIONAL_REPRESENTATION('',(#4531),#4534);
#4531 = B_SPLINE_CURVE_WITH_KNOTS('',1,(#4532,#4533),.UNSPECIFIED.,.F.,
  .F.,(2,2),(-1.414213562373,0.),.PIECEWISE_BEZIER_KNOTS.);
#4532 = CARTESIAN_POINT('',(-6.28318530718,1.));
#4533 = CARTESIAN_POINT('',(-6.28318530718,0.));
#4534 = ( GEOMETRIC_REPRESENTATION_CONTEXT(2) 
PARAMETRIC_REPRESENTATION_CONTEXT() REPRESENTATION_CONTEXT('2D SPACE',''
  ) );
#4535 = ORIENTED_EDGE('',*,*,#2022,.T.);
#4536 = ORIENTED_EDGE('',*,*,#4517,.T.);
#4537 = ORIENTED_EDGE('',*,*,#3293,.F.);
#4538 = ADVANCED_FACE('',(#4539),#2075,.T.);
#4539 = FACE_BOUND('',#4540,.F.);
#4540 = EDGE_LOOP('',(#4541,#4560,#4561,#4580));
#4541 = ORIENTED_EDGE('',*,*,#4542,.F.);
#4542 = EDGE_CURVE('',#2058,#3319,#4543,.T.);
#4543 = SURFACE_CURVE('',#4544,(#4548,#4554),.PCURVE_S1.);
#4544 = LINE('',#4545,#4546);
#4545 = CARTESIAN_POINT('',(-33.25,49.75,4.5));
#4546 = VECTOR('',#4547,1.);
#4547 = DIRECTION('',(0.707106781187,0.,-0.707106781187));
#4548 = PCURVE('',#2075,#4549);
#4549 = DEFINITIONAL_REPRESENTATION('',(#4550),#4553);
#4550 = B_SPLINE_CURVE_WITH_KNOTS('',1,(#4551,#4552),.UNSPECIFIED.,.F.,
  .F.,(2,2),(-0.707106781187,0.707106781187),.PIECEWISE_BEZIER_KNOTS.);
#4551 = CARTESIAN_POINT('',(0.,-0.707106781187));
#4552 = CARTESIAN_POINT('',(0.,0.707106781187));
#4553 = ( GEOMETRIC_REPRESENTATION_CONTEXT(2) 
PARAMETRIC_REPRESENTATION_CONTEXT() REPRESENTATION_CONTEXT('2D SPACE',''
  ) );
#4554 = PCURVE('',#2167,#4555);
#4555 = DEFINITIONAL_REPRESENTATION('',(#4556),#4559);
#4556 = B_SPLINE_CURVE_WITH_KNOTS('',1,(#4557,#4558),.UNSPECIFIED.,.F.,
  .F.,(2,2),(-0.707106781187,0.707106781187),.PIECEWISE_BEZIER_KNOTS.);
#4557 = CARTESIAN_POINT('',(-3.14159265359,1.));
#4558 = CARTESIAN_POINT('',(-3.14159265359,2.041120196289E-15));
#4559 = ( GEOMETRIC_REPRESENTATION_CONTEXT(2) 
PARAMETRIC_REPRESENTATION_CONTEXT() REPRESENTATION_CONTEXT('2D SPACE',''
  ) );
#4560 = ORIENTED_EDGE('',*,*,#2057,.T.);
#4561 = ORIENTED_EDGE('',*,*,#4562,.T.);
#4562 = EDGE_CURVE('',#2060,#3343,#4563,.T.);
#4563 = SURFACE_CURVE('',#4564,(#4568,#4574),.PCURVE_S1.);
#4564 = LINE('',#4565,#4566);
#4565 = CARTESIAN_POINT('',(-33.25,60.25,4.5));
#4566 = VECTOR('',#4567,1.);
#4567 = DIRECTION('',(0.707106781187,0.,-0.707106781187));
#4568 = PCURVE('',#2075,#4569);
#4569 = DEFINITIONAL_REPRESENTATION('',(#4570),#4573);
#4570 = B_SPLINE_CURVE_WITH_KNOTS('',1,(#4571,#4572),.UNSPECIFIED.,.F.,
  .F.,(2,2),(-0.707106781187,0.707106781187),.PIECEWISE_BEZIER_KNOTS.);
#4571 = CARTESIAN_POINT('',(-10.5,-0.707106781187));
#4572 = CARTESIAN_POINT('',(-10.5,0.707106781187));
#4573 = ( GEOMETRIC_REPRESENTATION_CONTEXT(2) 
PARAMETRIC_REPRESENTATION_CONTEXT() REPRESENTATION_CONTEXT('2D SPACE',''
  ) );
#4574 = PCURVE('',#2108,#4575);
#4575 = DEFINITIONAL_REPRESENTATION('',(#4576),#4579);
#4576 = B_SPLINE_CURVE_WITH_KNOTS('',1,(#4577,#4578),.UNSPECIFIED.,.F.,
  .F.,(2,2),(-0.707106781187,0.707106781187),.PIECEWISE_BEZIER_KNOTS.);
#4577 = CARTESIAN_POINT('',(0.,1.));
#4578 = CARTESIAN_POINT('',(0.,2.041120196289E-15));
#4579 = ( GEOMETRIC_REPRESENTATION_CONTEXT(2) 
PARAMETRIC_REPRESENTATION_CONTEXT() REPRESENTATION_CONTEXT('2D SPACE',''
  ) );
#4580 = ORIENTED_EDGE('',*,*,#3365,.F.);
#4581 = ADVANCED_FACE('',(#4582),#2167,.F.);
#4582 = FACE_BOUND('',#4583,.F.);
#4583 = EDGE_LOOP('',(#4584,#4603,#4604,#4605));
#4584 = ORIENTED_EDGE('',*,*,#4585,.F.);
#4585 = EDGE_CURVE('',#2121,#3392,#4586,.T.);
#4586 = SURFACE_CURVE('',#4587,(#4591,#4597),.PCURVE_S1.);
#4587 = LINE('',#4588,#4589);
#4588 = CARTESIAN_POINT('',(-26.75,49.75,4.5));
#4589 = VECTOR('',#4590,1.);
#4590 = DIRECTION('',(-0.707106781187,-0.,-0.707106781187));
#4591 = PCURVE('',#2167,#4592);
#4592 = DEFINITIONAL_REPRESENTATION('',(#4593),#4596);
#4593 = B_SPLINE_CURVE_WITH_KNOTS('',1,(#4594,#4595),.UNSPECIFIED.,.F.,
  .F.,(2,2),(-0.707106781187,0.707106781187),.PIECEWISE_BEZIER_KNOTS.);
#4594 = CARTESIAN_POINT('',(0.,1.));
#4595 = CARTESIAN_POINT('',(0.,-4.710277376051E-16));
#4596 = ( GEOMETRIC_REPRESENTATION_CONTEXT(2) 
PARAMETRIC_REPRESENTATION_CONTEXT() REPRESENTATION_CONTEXT('2D SPACE',''
  ) );
#4597 = PCURVE('',#2136,#4598);
#4598 = DEFINITIONAL_REPRESENTATION('',(#4599),#4602);
#4599 = B_SPLINE_CURVE_WITH_KNOTS('',1,(#4600,#4601),.UNSPECIFIED.,.F.,
  .F.,(2,2),(-0.707106781187,0.707106781187),.PIECEWISE_BEZIER_KNOTS.);
#4600 = CARTESIAN_POINT('',(-10.5,-0.707106781187));
#4601 = CARTESIAN_POINT('',(-10.5,0.707106781187));
#4602 = ( GEOMETRIC_REPRESENTATION_CONTEXT(2) 
PARAMETRIC_REPRESENTATION_CONTEXT() REPRESENTATION_CONTEXT('2D SPACE',''
  ) );
#4603 = ORIENTED_EDGE('',*,*,#2148,.T.);
#4604 = ORIENTED_EDGE('',*,*,#4542,.T.);
#4605 = ORIENTED_EDGE('',*,*,#3414,.F.);
#4606 = ADVANCED_FACE('',(#4607),#2108,.F.);
#4607 = FACE_BOUND('',#4608,.F.);
#4608 = EDGE_LOOP('',(#4609,#4610,#4611,#4630));
#4609 = ORIENTED_EDGE('',*,*,#4562,.F.);
#4610 = ORIENTED_EDGE('',*,*,#2087,.T.);
#4611 = ORIENTED_EDGE('',*,*,#4612,.T.);
#4612 = EDGE_CURVE('',#2088,#3440,#4613,.T.);
#4613 = SURFACE_CURVE('',#4614,(#4618,#4624),.PCURVE_S1.);
#4614 = LINE('',#4615,#4616);
#4615 = CARTESIAN_POINT('',(-27.25,60.25,4.));
#4616 = VECTOR('',#4617,1.);
#4617 = DIRECTION('',(-0.707106781187,-8.659560562355E-17,
    -0.707106781187));
#4618 = PCURVE('',#2108,#4619);
#4619 = DEFINITIONAL_REPRESENTATION('',(#4620),#4623);
#4620 = B_SPLINE_CURVE_WITH_KNOTS('',1,(#4621,#4622),.UNSPECIFIED.,.F.,
  .F.,(2,2),(-1.414213562373,0.),.PIECEWISE_BEZIER_KNOTS.);
#4621 = CARTESIAN_POINT('',(-3.14159265359,1.));
#4622 = CARTESIAN_POINT('',(-3.14159265359,0.));
#4623 = ( GEOMETRIC_REPRESENTATION_CONTEXT(2) 
PARAMETRIC_REPRESENTATION_CONTEXT() REPRESENTATION_CONTEXT('2D SPACE',''
  ) );
#4624 = PCURVE('',#2136,#4625);
#4625 = DEFINITIONAL_REPRESENTATION('',(#4626),#4629);
#4626 = B_SPLINE_CURVE_WITH_KNOTS('',1,(#4627,#4628),.UNSPECIFIED.,.F.,
  .F.,(2,2),(-1.414213562373,0.),.PIECEWISE_BEZIER_KNOTS.);
#4627 = CARTESIAN_POINT('',(0.,-0.707106781187));
#4628 = CARTESIAN_POINT('',(0.,0.707106781187));
#4629 = ( GEOMETRIC_REPRESENTATION_CONTEXT(2) 
PARAMETRIC_REPRESENTATION_CONTEXT() REPRESENTATION_CONTEXT('2D SPACE',''
  ) );
#4630 = ORIENTED_EDGE('',*,*,#3464,.F.);
#4631 = ADVANCED_FACE('',(#4632),#2136,.T.);
#4632 = FACE_BOUND('',#4633,.F.);
#4633 = EDGE_LOOP('',(#4634,#4635,#4636,#4637));
#4634 = ORIENTED_EDGE('',*,*,#4612,.F.);
#4635 = ORIENTED_EDGE('',*,*,#2120,.T.);
#4636 = ORIENTED_EDGE('',*,*,#4585,.T.);
#4637 = ORIENTED_EDGE('',*,*,#3492,.F.);
#4638 = ADVANCED_FACE('',(#4639),#2199,.F.);
#4639 = FACE_BOUND('',#4640,.T.);
#4640 = EDGE_LOOP('',(#4641,#4660,#4661,#4680));
#4641 = ORIENTED_EDGE('',*,*,#4642,.F.);
#4642 = EDGE_CURVE('',#2182,#3517,#4643,.T.);
#4643 = SURFACE_CURVE('',#4644,(#4648,#4654),.PCURVE_S1.);
#4644 = LINE('',#4645,#4646);
#4645 = CARTESIAN_POINT('',(-25.5,11.999999927935,4.5));
#4646 = VECTOR('',#4647,1.);
#4647 = DIRECTION('',(0.707106781187,0.,-0.707106781187));
#4648 = PCURVE('',#2199,#4649);
#4649 = DEFINITIONAL_REPRESENTATION('',(#4650),#4653);
#4650 = B_SPLINE_CURVE_WITH_KNOTS('',1,(#4651,#4652),.UNSPECIFIED.,.F.,
  .F.,(2,2),(-0.707106781187,0.707106781187),.PIECEWISE_BEZIER_KNOTS.);
#4651 = CARTESIAN_POINT('',(-3.552713678801E-15,-0.707106781187));
#4652 = CARTESIAN_POINT('',(-3.552713678801E-15,0.707106781187));
#4653 = ( GEOMETRIC_REPRESENTATION_CONTEXT(2) 
PARAMETRIC_REPRESENTATION_CONTEXT() REPRESENTATION_CONTEXT('2D SPACE',''
  ) );
#4654 = PCURVE('',#2228,#4655);
#4655 = DEFINITIONAL_REPRESENTATION('',(#4656),#4659);
#4656 = B_SPLINE_CURVE_WITH_KNOTS('',1,(#4657,#4658),.UNSPECIFIED.,.F.,
  .F.,(2,2),(-0.707106781187,0.707106781187),.PIECEWISE_BEZIER_KNOTS.);
#4657 = CARTESIAN_POINT('',(1.570796326795,1.));
#4658 = CARTESIAN_POINT('',(1.570796326795,-4.710277376051E-16));
#4659 = ( GEOMETRIC_REPRESENTATION_CONTEXT(2) 
PARAMETRIC_REPRESENTATION_CONTEXT() REPRESENTATION_CONTEXT('2D SPACE',''
  ) );
#4660 = ORIENTED_EDGE('',*,*,#2181,.T.);
#4661 = ORIENTED_EDGE('',*,*,#4662,.T.);
#4662 = EDGE_CURVE('',#2184,#3541,#4663,.T.);
#4663 = SURFACE_CURVE('',#4664,(#4668,#4674),.PCURVE_S1.);
#4664 = LINE('',#4665,#4666);
#4665 = CARTESIAN_POINT('',(-25.5,-12.,4.5));
#4666 = VECTOR('',#4667,1.);
#4667 = DIRECTION('',(0.707106781187,0.,-0.707106781187));
#4668 = PCURVE('',#2199,#4669);
#4669 = DEFINITIONAL_REPRESENTATION('',(#4670),#4673);
#4670 = B_SPLINE_CURVE_WITH_KNOTS('',1,(#4671,#4672),.UNSPECIFIED.,.F.,
  .F.,(2,2),(-0.707106781187,0.707106781187),.PIECEWISE_BEZIER_KNOTS.);
#4671 = CARTESIAN_POINT('',(-23.99999992793,-0.707106781187));
#4672 = CARTESIAN_POINT('',(-23.99999992793,0.707106781187));
#4673 = ( GEOMETRIC_REPRESENTATION_CONTEXT(2) 
PARAMETRIC_REPRESENTATION_CONTEXT() REPRESENTATION_CONTEXT('2D SPACE',''
  ) );
#4674 = PCURVE('',#2397,#4675);
#4675 = DEFINITIONAL_REPRESENTATION('',(#4676),#4679);
#4676 = B_SPLINE_CURVE_WITH_KNOTS('',1,(#4677,#4678),.UNSPECIFIED.,.F.,
  .F.,(2,2),(-0.707106781187,0.707106781187),.PIECEWISE_BEZIER_KNOTS.);
#4677 = CARTESIAN_POINT('',(0.,1.));
#4678 = CARTESIAN_POINT('',(0.,-4.710277376051E-16));
#4679 = ( GEOMETRIC_REPRESENTATION_CONTEXT(2) 
PARAMETRIC_REPRESENTATION_CONTEXT() REPRESENTATION_CONTEXT('2D SPACE',''
  ) );
#4680 = ORIENTED_EDGE('',*,*,#3563,.F.);
#4681 = ADVANCED_FACE('',(#4682),#2228,.F.);
#4682 = FACE_BOUND('',#4683,.T.);
#4683 = EDGE_LOOP('',(#4684,#4703,#4704,#4705));
#4684 = ORIENTED_EDGE('',*,*,#4685,.F.);
#4685 = EDGE_CURVE('',#2212,#3590,#4686,.T.);
#4686 = SURFACE_CURVE('',#4687,(#4691,#4697),.PCURVE_S1.);
#4687 = LINE('',#4688,#4689);
#4688 = CARTESIAN_POINT('',(-17.,20.5,4.5));
#4689 = VECTOR('',#4690,1.);
#4690 = DIRECTION('',(-0.,-0.707106781187,-0.707106781187));
#4691 = PCURVE('',#2228,#4692);
#4692 = DEFINITIONAL_REPRESENTATION('',(#4693),#4696);
#4693 = B_SPLINE_CURVE_WITH_KNOTS('',1,(#4694,#4695),.UNSPECIFIED.,.F.,
  .F.,(2,2),(-0.707106781187,0.707106781187),.PIECEWISE_BEZIER_KNOTS.);
#4694 = CARTESIAN_POINT('',(0.,1.));
#4695 = CARTESIAN_POINT('',(0.,-4.710277376051E-16));
#4696 = ( GEOMETRIC_REPRESENTATION_CONTEXT(2) 
PARAMETRIC_REPRESENTATION_CONTEXT() REPRESENTATION_CONTEXT('2D SPACE',''
  ) );
#4697 = PCURVE('',#2256,#4698);
#4698 = DEFINITIONAL_REPRESENTATION('',(#4699),#4702);
#4699 = B_SPLINE_CURVE_WITH_KNOTS('',1,(#4700,#4701),.UNSPECIFIED.,.F.,
  .F.,(2,2),(-0.707106781187,0.707106781187),.PIECEWISE_BEZIER_KNOTS.);
#4700 = CARTESIAN_POINT('',(-34.,-0.707106781187));
#4701 = CARTESIAN_POINT('',(-34.,0.707106781187));
#4702 = ( GEOMETRIC_REPRESENTATION_CONTEXT(2) 
PARAMETRIC_REPRESENTATION_CONTEXT() REPRESENTATION_CONTEXT('2D SPACE',''
  ) );
#4703 = ORIENTED_EDGE('',*,*,#2211,.T.);
#4704 = ORIENTED_EDGE('',*,*,#4642,.T.);
#4705 = ORIENTED_EDGE('',*,*,#3612,.F.);
#4706 = ADVANCED_FACE('',(#4707),#2397,.F.);
#4707 = FACE_BOUND('',#4708,.T.);
#4708 = EDGE_LOOP('',(#4709,#4710,#4711,#4730));
#4709 = ORIENTED_EDGE('',*,*,#4662,.F.);
#4710 = ORIENTED_EDGE('',*,*,#2382,.T.);
#4711 = ORIENTED_EDGE('',*,*,#4712,.T.);
#4712 = EDGE_CURVE('',#2355,#3638,#4713,.T.);
#4713 = SURFACE_CURVE('',#4714,(#4718,#4724),.PCURVE_S1.);
#4714 = LINE('',#4715,#4716);
#4715 = CARTESIAN_POINT('',(-17.,-20.,4.));
#4716 = VECTOR('',#4717,1.);
#4717 = DIRECTION('',(-1.137114430566E-16,0.707106781187,-0.707106781187
    ));
#4718 = PCURVE('',#2397,#4719);
#4719 = DEFINITIONAL_REPRESENTATION('',(#4720),#4723);
#4720 = B_SPLINE_CURVE_WITH_KNOTS('',1,(#4721,#4722),.UNSPECIFIED.,.F.,
  .F.,(2,2),(-1.414213562373,0.),.PIECEWISE_BEZIER_KNOTS.);
#4721 = CARTESIAN_POINT('',(1.570796326795,1.));
#4722 = CARTESIAN_POINT('',(1.570796326795,0.));
#4723 = ( GEOMETRIC_REPRESENTATION_CONTEXT(2) 
PARAMETRIC_REPRESENTATION_CONTEXT() REPRESENTATION_CONTEXT('2D SPACE',''
  ) );
#4724 = PCURVE('',#2370,#4725);
#4725 = DEFINITIONAL_REPRESENTATION('',(#4726),#4729);
#4726 = B_SPLINE_CURVE_WITH_KNOTS('',1,(#4727,#4728),.UNSPECIFIED.,.F.,
  .F.,(2,2),(-1.414213562373,0.),.PIECEWISE_BEZIER_KNOTS.);
#4727 = CARTESIAN_POINT('',(0.,-0.707106781187));
#4728 = CARTESIAN_POINT('',(0.,0.707106781187));
#4729 = ( GEOMETRIC_REPRESENTATION_CONTEXT(2) 
PARAMETRIC_REPRESENTATION_CONTEXT() REPRESENTATION_CONTEXT('2D SPACE',''
  ) );
#4730 = ORIENTED_EDGE('',*,*,#3662,.F.);
#4731 = ADVANCED_FACE('',(#4732),#2256,.F.);
#4732 = FACE_BOUND('',#4733,.T.);
#4733 = EDGE_LOOP('',(#4734,#4753,#4754,#4755));
#4734 = ORIENTED_EDGE('',*,*,#4735,.F.);
#4735 = EDGE_CURVE('',#2241,#3688,#4736,.T.);
#4736 = SURFACE_CURVE('',#4737,(#4741,#4747),.PCURVE_S1.);
#4737 = LINE('',#4738,#4739);
#4738 = CARTESIAN_POINT('',(17.,19.999999927935,4.));
#4739 = VECTOR('',#4740,1.);
#4740 = DIRECTION('',(-4.329780281177E-17,-0.707106781187,
    -0.707106781187));
#4741 = PCURVE('',#2256,#4742);
#4742 = DEFINITIONAL_REPRESENTATION('',(#4743),#4746);
#4743 = B_SPLINE_CURVE_WITH_KNOTS('',1,(#4744,#4745),.UNSPECIFIED.,.F.,
  .F.,(2,2),(-1.414213562373,0.),.PIECEWISE_BEZIER_KNOTS.);
#4744 = CARTESIAN_POINT('',(0.,-0.707106781187));
#4745 = CARTESIAN_POINT('',(0.,0.707106781187));
#4746 = ( GEOMETRIC_REPRESENTATION_CONTEXT(2) 
PARAMETRIC_REPRESENTATION_CONTEXT() REPRESENTATION_CONTEXT('2D SPACE',''
  ) );
#4747 = PCURVE('',#2285,#4748);
#4748 = DEFINITIONAL_REPRESENTATION('',(#4749),#4752);
#4749 = B_SPLINE_CURVE_WITH_KNOTS('',1,(#4750,#4751),.UNSPECIFIED.,.F.,
  .F.,(2,2),(-1.414213562373,0.),.PIECEWISE_BEZIER_KNOTS.);
#4750 = CARTESIAN_POINT('',(1.570796326795,1.));
#4751 = CARTESIAN_POINT('',(1.570796326795,0.));
#4752 = ( GEOMETRIC_REPRESENTATION_CONTEXT(2) 
PARAMETRIC_REPRESENTATION_CONTEXT() REPRESENTATION_CONTEXT('2D SPACE',''
  ) );
#4753 = ORIENTED_EDGE('',*,*,#2240,.T.);
#4754 = ORIENTED_EDGE('',*,*,#4685,.T.);
#4755 = ORIENTED_EDGE('',*,*,#3712,.F.);
#4756 = ADVANCED_FACE('',(#4757),#2370,.T.);
#4757 = FACE_BOUND('',#4758,.T.);
#4758 = EDGE_LOOP('',(#4759,#4760,#4761,#4780));
#4759 = ORIENTED_EDGE('',*,*,#4712,.F.);
#4760 = ORIENTED_EDGE('',*,*,#2354,.T.);
#4761 = ORIENTED_EDGE('',*,*,#4762,.T.);
#4762 = EDGE_CURVE('',#2326,#3737,#4763,.T.);
#4763 = SURFACE_CURVE('',#4764,(#4768,#4774),.PCURVE_S1.);
#4764 = LINE('',#4765,#4766);
#4765 = CARTESIAN_POINT('',(17.,-20.5,4.5));
#4766 = VECTOR('',#4767,1.);
#4767 = DIRECTION('',(-0.,0.707106781187,-0.707106781187));
#4768 = PCURVE('',#2370,#4769);
#4769 = DEFINITIONAL_REPRESENTATION('',(#4770),#4773);
#4770 = B_SPLINE_CURVE_WITH_KNOTS('',1,(#4771,#4772),.UNSPECIFIED.,.F.,
  .F.,(2,2),(-0.707106781187,0.707106781187),.PIECEWISE_BEZIER_KNOTS.);
#4771 = CARTESIAN_POINT('',(34.,-0.707106781187));
#4772 = CARTESIAN_POINT('',(34.,0.707106781187));
#4773 = ( GEOMETRIC_REPRESENTATION_CONTEXT(2) 
PARAMETRIC_REPRESENTATION_CONTEXT() REPRESENTATION_CONTEXT('2D SPACE',''
  ) );
#4774 = PCURVE('',#2342,#4775);
#4775 = DEFINITIONAL_REPRESENTATION('',(#4776),#4779);
#4776 = B_SPLINE_CURVE_WITH_KNOTS('',1,(#4777,#4778),.UNSPECIFIED.,.F.,
  .F.,(2,2),(-0.707106781187,0.707106781187),.PIECEWISE_BEZIER_KNOTS.);
#4777 = CARTESIAN_POINT('',(0.,1.));
#4778 = CARTESIAN_POINT('',(0.,2.041120196289E-15));
#4779 = ( GEOMETRIC_REPRESENTATION_CONTEXT(2) 
PARAMETRIC_REPRESENTATION_CONTEXT() REPRESENTATION_CONTEXT('2D SPACE',''
  ) );
#4780 = ORIENTED_EDGE('',*,*,#3761,.F.);
#4781 = ADVANCED_FACE('',(#4782),#2285,.F.);
#4782 = FACE_BOUND('',#4783,.T.);
#4783 = EDGE_LOOP('',(#4784,#4803,#4804,#4805));
#4784 = ORIENTED_EDGE('',*,*,#4785,.F.);
#4785 = EDGE_CURVE('',#2269,#3788,#4786,.T.);
#4786 = SURFACE_CURVE('',#4787,(#4791,#4797),.PCURVE_S1.);
#4787 = LINE('',#4788,#4789);
#4788 = CARTESIAN_POINT('',(25.5,11.999999927935,4.5));
#4789 = VECTOR('',#4790,1.);
#4790 = DIRECTION('',(-0.707106781187,0.,-0.707106781187));
#4791 = PCURVE('',#2285,#4792);
#4792 = DEFINITIONAL_REPRESENTATION('',(#4793),#4796);
#4793 = B_SPLINE_CURVE_WITH_KNOTS('',1,(#4794,#4795),.UNSPECIFIED.,.F.,
  .F.,(2,2),(-0.707106781187,0.707106781187),.PIECEWISE_BEZIER_KNOTS.);
#4794 = CARTESIAN_POINT('',(-2.22044604925E-16,1.));
#4795 = CARTESIAN_POINT('',(-2.22044604925E-16,-4.710277376051E-16));
#4796 = ( GEOMETRIC_REPRESENTATION_CONTEXT(2) 
PARAMETRIC_REPRESENTATION_CONTEXT() REPRESENTATION_CONTEXT('2D SPACE',''
  ) );
#4797 = PCURVE('',#2313,#4798);
#4798 = DEFINITIONAL_REPRESENTATION('',(#4799),#4802);
#4799 = B_SPLINE_CURVE_WITH_KNOTS('',1,(#4800,#4801),.UNSPECIFIED.,.F.,
  .F.,(2,2),(-0.707106781187,0.707106781187),.PIECEWISE_BEZIER_KNOTS.);
#4800 = CARTESIAN_POINT('',(23.999999927935,-0.707106781187));
#4801 = CARTESIAN_POINT('',(23.999999927935,0.707106781187));
#4802 = ( GEOMETRIC_REPRESENTATION_CONTEXT(2) 
PARAMETRIC_REPRESENTATION_CONTEXT() REPRESENTATION_CONTEXT('2D SPACE',''
  ) );
#4803 = ORIENTED_EDGE('',*,*,#2268,.T.);
#4804 = ORIENTED_EDGE('',*,*,#4735,.T.);
#4805 = ORIENTED_EDGE('',*,*,#3810,.F.);
#4806 = ADVANCED_FACE('',(#4807),#2342,.F.);
#4807 = FACE_BOUND('',#4808,.T.);
#4808 = EDGE_LOOP('',(#4809,#4810,#4811,#4830));
#4809 = ORIENTED_EDGE('',*,*,#4762,.F.);
#4810 = ORIENTED_EDGE('',*,*,#2325,.T.);
#4811 = ORIENTED_EDGE('',*,*,#4812,.T.);
#4812 = EDGE_CURVE('',#2298,#3836,#4813,.T.);
#4813 = SURFACE_CURVE('',#4814,(#4818,#4824),.PCURVE_S1.);
#4814 = LINE('',#4815,#4816);
#4815 = CARTESIAN_POINT('',(25.,-12.,4.));
#4816 = VECTOR('',#4817,1.);
#4817 = DIRECTION('',(-0.707106781187,4.329780281177E-17,-0.707106781187
    ));
#4818 = PCURVE('',#2342,#4819);
#4819 = DEFINITIONAL_REPRESENTATION('',(#4820),#4823);
#4820 = B_SPLINE_CURVE_WITH_KNOTS('',1,(#4821,#4822),.UNSPECIFIED.,.F.,
  .F.,(2,2),(-1.414213562373,0.),.PIECEWISE_BEZIER_KNOTS.);
#4821 = CARTESIAN_POINT('',(1.570796326795,1.));
#4822 = CARTESIAN_POINT('',(1.570796326795,0.));
#4823 = ( GEOMETRIC_REPRESENTATION_CONTEXT(2) 
PARAMETRIC_REPRESENTATION_CONTEXT() REPRESENTATION_CONTEXT('2D SPACE',''
  ) );
#4824 = PCURVE('',#2313,#4825);
#4825 = DEFINITIONAL_REPRESENTATION('',(#4826),#4829);
#4826 = B_SPLINE_CURVE_WITH_KNOTS('',1,(#4827,#4828),.UNSPECIFIED.,.F.,
  .F.,(2,2),(-1.414213562373,0.),.PIECEWISE_BEZIER_KNOTS.);
#4827 = CARTESIAN_POINT('',(0.,-0.707106781187));
#4828 = CARTESIAN_POINT('',(0.,0.707106781187));
#4829 = ( GEOMETRIC_REPRESENTATION_CONTEXT(2) 
PARAMETRIC_REPRESENTATION_CONTEXT() REPRESENTATION_CONTEXT('2D SPACE',''
  ) );
#4830 = ORIENTED_EDGE('',*,*,#3860,.F.);
#4831 = ADVANCED_FACE('',(#4832),#2313,.T.);
#4832 = FACE_BOUND('',#4833,.T.);
#4833 = EDGE_LOOP('',(#4834,#4835,#4836,#4837));
#4834 = ORIENTED_EDGE('',*,*,#4812,.F.);
#4835 = ORIENTED_EDGE('',*,*,#2297,.T.);
#4836 = ORIENTED_EDGE('',*,*,#4785,.T.);
#4837 = ORIENTED_EDGE('',*,*,#3888,.F.);
#4838 = ADVANCED_FACE('',(#4839),#2429,.T.);
#4839 = FACE_BOUND('',#4840,.F.);
#4840 = EDGE_LOOP('',(#4841,#4860,#4861,#4880));
#4841 = ORIENTED_EDGE('',*,*,#4842,.F.);
#4842 = EDGE_CURVE('',#2412,#3913,#4843,.T.);
#4843 = SURFACE_CURVE('',#4844,(#4848,#4854),.PCURVE_S1.);
#4844 = LINE('',#4845,#4846);
#4845 = CARTESIAN_POINT('',(26.75,49.75,4.5));
#4846 = VECTOR('',#4847,1.);
#4847 = DIRECTION('',(0.707106781187,0.,-0.707106781187));
#4848 = PCURVE('',#2429,#4849);
#4849 = DEFINITIONAL_REPRESENTATION('',(#4850),#4853);
#4850 = B_SPLINE_CURVE_WITH_KNOTS('',1,(#4851,#4852),.UNSPECIFIED.,.F.,
  .F.,(2,2),(-0.707106781187,0.707106781187),.PIECEWISE_BEZIER_KNOTS.);
#4851 = CARTESIAN_POINT('',(0.,-0.707106781187));
#4852 = CARTESIAN_POINT('',(0.,0.707106781187));
#4853 = ( GEOMETRIC_REPRESENTATION_CONTEXT(2) 
PARAMETRIC_REPRESENTATION_CONTEXT() REPRESENTATION_CONTEXT('2D SPACE',''
  ) );
#4854 = PCURVE('',#2521,#4855);
#4855 = DEFINITIONAL_REPRESENTATION('',(#4856),#4859);
#4856 = B_SPLINE_CURVE_WITH_KNOTS('',1,(#4857,#4858),.UNSPECIFIED.,.F.,
  .F.,(2,2),(-0.707106781187,0.707106781187),.PIECEWISE_BEZIER_KNOTS.);
#4857 = CARTESIAN_POINT('',(-3.14159265359,1.));
#4858 = CARTESIAN_POINT('',(-3.14159265359,-4.710277376051E-16));
#4859 = ( GEOMETRIC_REPRESENTATION_CONTEXT(2) 
PARAMETRIC_REPRESENTATION_CONTEXT() REPRESENTATION_CONTEXT('2D SPACE',''
  ) );
#4860 = ORIENTED_EDGE('',*,*,#2411,.T.);
#4861 = ORIENTED_EDGE('',*,*,#4862,.T.);
#4862 = EDGE_CURVE('',#2414,#3937,#4863,.T.);
#4863 = SURFACE_CURVE('',#4864,(#4868,#4874),.PCURVE_S1.);
#4864 = LINE('',#4865,#4866);
#4865 = CARTESIAN_POINT('',(26.75,60.25,4.5));
#4866 = VECTOR('',#4867,1.);
#4867 = DIRECTION('',(0.707106781187,0.,-0.707106781187));
#4868 = PCURVE('',#2429,#4869);
#4869 = DEFINITIONAL_REPRESENTATION('',(#4870),#4873);
#4870 = B_SPLINE_CURVE_WITH_KNOTS('',1,(#4871,#4872),.UNSPECIFIED.,.F.,
  .F.,(2,2),(-0.707106781187,0.707106781187),.PIECEWISE_BEZIER_KNOTS.);
#4871 = CARTESIAN_POINT('',(-10.5,-0.707106781187));
#4872 = CARTESIAN_POINT('',(-10.5,0.707106781187));
#4873 = ( GEOMETRIC_REPRESENTATION_CONTEXT(2) 
PARAMETRIC_REPRESENTATION_CONTEXT() REPRESENTATION_CONTEXT('2D SPACE',''
  ) );
#4874 = PCURVE('',#2462,#4875);
#4875 = DEFINITIONAL_REPRESENTATION('',(#4876),#4879);
#4876 = B_SPLINE_CURVE_WITH_KNOTS('',1,(#4877,#4878),.UNSPECIFIED.,.F.,
  .F.,(2,2),(-0.707106781187,0.707106781187),.PIECEWISE_BEZIER_KNOTS.);
#4877 = CARTESIAN_POINT('',(0.,1.));
#4878 = CARTESIAN_POINT('',(0.,-4.710277376051E-16));
#4879 = ( GEOMETRIC_REPRESENTATION_CONTEXT(2) 
PARAMETRIC_REPRESENTATION_CONTEXT() REPRESENTATION_CONTEXT('2D SPACE',''
  ) );
#4880 = ORIENTED_EDGE('',*,*,#3959,.F.);
#4881 = ADVANCED_FACE('',(#4882),#2521,.F.);
#4882 = FACE_BOUND('',#4883,.F.);
#4883 = EDGE_LOOP('',(#4884,#4903,#4904,#4905));
#4884 = ORIENTED_EDGE('',*,*,#4885,.F.);
#4885 = EDGE_CURVE('',#2475,#3986,#4886,.T.);
#4886 = SURFACE_CURVE('',#4887,(#4891,#4897),.PCURVE_S1.);
#4887 = LINE('',#4888,#4889);
#4888 = CARTESIAN_POINT('',(33.25,49.75,4.5));
#4889 = VECTOR('',#4890,1.);
#4890 = DIRECTION('',(-0.707106781187,-0.,-0.707106781187));
#4891 = PCURVE('',#2521,#4892);
#4892 = DEFINITIONAL_REPRESENTATION('',(#4893),#4896);
#4893 = B_SPLINE_CURVE_WITH_KNOTS('',1,(#4894,#4895),.UNSPECIFIED.,.F.,
  .F.,(2,2),(-0.707106781187,0.707106781187),.PIECEWISE_BEZIER_KNOTS.);
#4894 = CARTESIAN_POINT('',(0.,1.));
#4895 = CARTESIAN_POINT('',(0.,2.041120196289E-15));
#4896 = ( GEOMETRIC_REPRESENTATION_CONTEXT(2) 
PARAMETRIC_REPRESENTATION_CONTEXT() REPRESENTATION_CONTEXT('2D SPACE',''
  ) );
#4897 = PCURVE('',#2490,#4898);
#4898 = DEFINITIONAL_REPRESENTATION('',(#4899),#4902);
#4899 = B_SPLINE_CURVE_WITH_KNOTS('',1,(#4900,#4901),.UNSPECIFIED.,.F.,
  .F.,(2,2),(-0.707106781187,0.707106781187),.PIECEWISE_BEZIER_KNOTS.);
#4900 = CARTESIAN_POINT('',(-10.5,-0.707106781187));
#4901 = CARTESIAN_POINT('',(-10.5,0.707106781187));
#4902 = ( GEOMETRIC_REPRESENTATION_CONTEXT(2) 
PARAMETRIC_REPRESENTATION_CONTEXT() REPRESENTATION_CONTEXT('2D SPACE',''
  ) );
#4903 = ORIENTED_EDGE('',*,*,#2502,.T.);
#4904 = ORIENTED_EDGE('',*,*,#4842,.T.);
#4905 = ORIENTED_EDGE('',*,*,#4008,.F.);
#4906 = ADVANCED_FACE('',(#4907),#2462,.F.);
#4907 = FACE_BOUND('',#4908,.F.);
#4908 = EDGE_LOOP('',(#4909,#4910,#4911,#4930));
#4909 = ORIENTED_EDGE('',*,*,#4862,.F.);
#4910 = ORIENTED_EDGE('',*,*,#2441,.T.);
#4911 = ORIENTED_EDGE('',*,*,#4912,.T.);
#4912 = EDGE_CURVE('',#2442,#4034,#4913,.T.);
#4913 = SURFACE_CURVE('',#4914,(#4918,#4924),.PCURVE_S1.);
#4914 = LINE('',#4915,#4916);
#4915 = CARTESIAN_POINT('',(32.75,60.25,4.));
#4916 = VECTOR('',#4917,1.);
#4917 = DIRECTION('',(-0.707106781187,-8.659560562355E-17,
    -0.707106781187));
#4918 = PCURVE('',#2462,#4919);
#4919 = DEFINITIONAL_REPRESENTATION('',(#4920),#4923);
#4920 = B_SPLINE_CURVE_WITH_KNOTS('',1,(#4921,#4922),.UNSPECIFIED.,.F.,
  .F.,(2,2),(-1.414213562373,0.),.PIECEWISE_BEZIER_KNOTS.);
#4921 = CARTESIAN_POINT('',(-3.14159265359,1.));
#4922 = CARTESIAN_POINT('',(-3.14159265359,0.));
#4923 = ( GEOMETRIC_REPRESENTATION_CONTEXT(2) 
PARAMETRIC_REPRESENTATION_CONTEXT() REPRESENTATION_CONTEXT('2D SPACE',''
  ) );
#4924 = PCURVE('',#2490,#4925);
#4925 = DEFINITIONAL_REPRESENTATION('',(#4926),#4929);
#4926 = B_SPLINE_CURVE_WITH_KNOTS('',1,(#4927,#4928),.UNSPECIFIED.,.F.,
  .F.,(2,2),(-1.414213562373,0.),.PIECEWISE_BEZIER_KNOTS.);
#4927 = CARTESIAN_POINT('',(0.,-0.707106781187));
#4928 = CARTESIAN_POINT('',(0.,0.707106781187));
#4929 = ( GEOMETRIC_REPRESENTATION_CONTEXT(2) 
PARAMETRIC_REPRESENTATION_CONTEXT() REPRESENTATION_CONTEXT('2D SPACE',''
  ) );
#4930 = ORIENTED_EDGE('',*,*,#4058,.F.);
#4931 = ADVANCED_FACE('',(#4932),#2490,.T.);
#4932 = FACE_BOUND('',#4933,.F.);
#4933 = EDGE_LOOP('',(#4934,#4935,#4936,#4937));
#4934 = ORIENTED_EDGE('',*,*,#4912,.F.);
#4935 = ORIENTED_EDGE('',*,*,#2474,.T.);
#4936 = ORIENTED_EDGE('',*,*,#4885,.T.);
#4937 = ORIENTED_EDGE('',*,*,#4086,.F.);
#4938 = ADVANCED_FACE('',(#4939),#2556,.F.);
#4939 = FACE_BOUND('',#4940,.F.);
#4940 = EDGE_LOOP('',(#4941,#4960,#4961,#4962));
#4941 = ORIENTED_EDGE('',*,*,#4942,.F.);
#4942 = EDGE_CURVE('',#2536,#4111,#4943,.T.);
#4943 = SEAM_CURVE('',#4944,(#4948,#4954),.PCURVE_S1.);
#4944 = LINE('',#4945,#4946);
#4945 = CARTESIAN_POINT('',(73.25,80.,4.));
#4946 = VECTOR('',#4947,1.);
#4947 = DIRECTION('',(-0.707106781187,0.,-0.707106781187));
#4948 = PCURVE('',#2556,#4949);
#4949 = DEFINITIONAL_REPRESENTATION('',(#4950),#4953);
#4950 = B_SPLINE_CURVE_WITH_KNOTS('',1,(#4951,#4952),.UNSPECIFIED.,.F.,
  .F.,(2,2),(-1.414213562373,0.),.PIECEWISE_BEZIER_KNOTS.);
#4951 = CARTESIAN_POINT('',(0.,1.));
#4952 = CARTESIAN_POINT('',(0.,0.));
#4953 = ( GEOMETRIC_REPRESENTATION_CONTEXT(2) 
PARAMETRIC_REPRESENTATION_CONTEXT() REPRESENTATION_CONTEXT('2D SPACE',''
  ) );
#4954 = PCURVE('',#2556,#4955);
#4955 = DEFINITIONAL_REPRESENTATION('',(#4956),#4959);
#4956 = B_SPLINE_CURVE_WITH_KNOTS('',1,(#4957,#4958),.UNSPECIFIED.,.F.,
  .F.,(2,2),(-1.414213562373,0.),.PIECEWISE_BEZIER_KNOTS.);
#4957 = CARTESIAN_POINT('',(-6.28318530718,1.));
#4958 = CARTESIAN_POINT('',(-6.28318530718,0.));
#4959 = ( GEOMETRIC_REPRESENTATION_CONTEXT(2) 
PARAMETRIC_REPRESENTATION_CONTEXT() REPRESENTATION_CONTEXT('2D SPACE',''
  ) );
#4960 = ORIENTED_EDGE('',*,*,#2535,.T.);
#4961 = ORIENTED_EDGE('',*,*,#4942,.T.);
#4962 = ORIENTED_EDGE('',*,*,#4135,.F.);
#4963 = ( GEOMETRIC_REPRESENTATION_CONTEXT(3) 
GLOBAL_UNCERTAINTY_ASSIGNED_CONTEXT((#4967)) 
GLOBAL_UNIT_ASSIGNED_CONTEXT((#4964,#4965,#4966)) REPRESENTATION_CONTEXT
('Context #1','3D Context with UNIT and UNCERTAINTY') );
#4964 = ( LENGTH_UNIT() NAMED_UNIT(*) SI_UNIT(.MILLI.,.METRE.) );
#4965 = ( NAMED_UNIT(*) PLANE_ANGLE_UNIT() SI_UNIT($,.RADIAN.) );
#4966 = ( NAMED_UNIT(*) SI_UNIT($,.STERADIAN.) SOLID_ANGLE_UNIT() );
#4967 = UNCERTAINTY_MEASURE_WITH_UNIT(LENGTH_MEASURE(1.E-07),#4964,
  'distance_accuracy_value','confusion accuracy');
#4968 = CONTEXT_DEPENDENT_SHAPE_REPRESENTATION(#4969,#4971);
#4969 = ( REPRESENTATION_RELATIONSHIP('','',#48,#10) 
REPRESENTATION_RELATIONSHIP_WITH_TRANSFORMATION(#4970) 
SHAPE_REPRESENTATION_RELATIONSHIP() );
#4970 = ITEM_DEFINED_TRANSFORMATION('','',#11,#15);
#4971 = PRODUCT_DEFINITION_SHAPE('Placement','Placement of an item',
  #4972);
#4972 = NEXT_ASSEMBLY_USAGE_OCCURRENCE('1','backplate','',#5,#43,$);
#4973 = PRODUCT_RELATED_PRODUCT_CATEGORY('part',$,(#45));
#4974 = SHAPE_DEFINITION_REPRESENTATION(#4975,#4981);
#4975 = PRODUCT_DEFINITION_SHAPE('','',#4976);
#4976 = PRODUCT_DEFINITION('design','',#4977,#4980);
#4977 = PRODUCT_DEFINITION_FORMATION('','',#4978);
#4978 = PRODUCT('terminal','terminal','',(#4979));
#4979 = PRODUCT_CONTEXT('',#2,'mechanical');
#4980 = PRODUCT_DEFINITION_CONTEXT('part definition',#2,'design');
#4981 = ADVANCED_BREP_SHAPE_REPRESENTATION('',(#11,#4982),#7086);
#4982 = MANIFOLD_SOLID_BREP('',#4983);
#4983 = CLOSED_SHELL('',(#4984,#5104,#5304,#5354,#5408,#5533,#5560,#6085
    ,#6112,#6139,#6146,#6222,#6276,#6325,#6379,#6428,#6482,#6531,#6563,
    #6639,#6689,#6739,#6855,#6904,#6932,#6982,#7031,#7059,#7070,#7081));
#4984 = ADVANCED_FACE('',(#4985),#4999,.F.);
#4985 = FACE_BOUND('',#4986,.F.);
#4986 = EDGE_LOOP('',(#4987,#5022,#5050,#5078));
#4987 = ORIENTED_EDGE('',*,*,#4988,.F.);
#4988 = EDGE_CURVE('',#4989,#4991,#4993,.T.);
#4989 = VERTEX_POINT('',#4990);
#4990 = CARTESIAN_POINT('',(-70.,4.,155.));
#4991 = VERTEX_POINT('',#4992);
#4992 = CARTESIAN_POINT('',(-70.,26.,155.));
#4993 = SURFACE_CURVE('',#4994,(#4998,#5010),.PCURVE_S1.);
#4994 = LINE('',#4995,#4996);
#4995 = CARTESIAN_POINT('',(-70.,0.,155.));
#4996 = VECTOR('',#4997,1.);
#4997 = DIRECTION('',(-0.,1.,0.));
#4998 = PCURVE('',#4999,#5004);
#4999 = PLANE('',#5000);
#5000 = AXIS2_PLACEMENT_3D('',#5001,#5002,#5003);
#5001 = CARTESIAN_POINT('',(-70.,0.,0.));
#5002 = DIRECTION('',(1.,0.,-0.));
#5003 = DIRECTION('',(0.,0.,1.));
#5004 = DEFINITIONAL_REPRESENTATION('',(#5005),#5009);
#5005 = LINE('',#5006,#5007);
#5006 = CARTESIAN_POINT('',(155.,0.));
#5007 = VECTOR('',#5008,1.);
#5008 = DIRECTION('',(0.,-1.));
#5009 = ( GEOMETRIC_REPRESENTATION_CONTEXT(2) 
PARAMETRIC_REPRESENTATION_CONTEXT() REPRESENTATION_CONTEXT('2D SPACE',''
  ) );
#5010 = PCURVE('',#5011,#5016);
#5011 = PLANE('',#5012);
#5012 = AXIS2_PLACEMENT_3D('',#5013,#5014,#5015);
#5013 = CARTESIAN_POINT('',(-70.,0.,155.));
#5014 = DIRECTION('',(0.,0.,1.));
#5015 = DIRECTION('',(1.,0.,-0.));
#5016 = DEFINITIONAL_REPRESENTATION('',(#5017),#5021);
#5017 = LINE('',#5018,#5019);
#5018 = CARTESIAN_POINT('',(0.,0.));
#5019 = VECTOR('',#5020,1.);
#5020 = DIRECTION('',(0.,1.));
#5021 = ( GEOMETRIC_REPRESENTATION_CONTEXT(2) 
PARAMETRIC_REPRESENTATION_CONTEXT() REPRESENTATION_CONTEXT('2D SPACE',''
  ) );
#5022 = ORIENTED_EDGE('',*,*,#5023,.F.);
#5023 = EDGE_CURVE('',#5024,#4989,#5026,.T.);
#5024 = VERTEX_POINT('',#5025);
#5025 = CARTESIAN_POINT('',(-70.,4.,0.));
#5026 = SURFACE_CURVE('',#5027,(#5031,#5038),.PCURVE_S1.);
#5027 = LINE('',#5028,#5029);
#5028 = CARTESIAN_POINT('',(-70.,4.,0.));
#5029 = VECTOR('',#5030,1.);
#5030 = DIRECTION('',(0.,0.,1.));
#5031 = PCURVE('',#4999,#5032);
#5032 = DEFINITIONAL_REPRESENTATION('',(#5033),#5037);
#5033 = LINE('',#5034,#5035);
#5034 = CARTESIAN_POINT('',(0.,-4.));
#5035 = VECTOR('',#5036,1.);
#5036 = DIRECTION('',(1.,0.));
#5037 = ( GEOMETRIC_REPRESENTATION_CONTEXT(2) 
PARAMETRIC_REPRESENTATION_CONTEXT() REPRESENTATION_CONTEXT('2D SPACE',''
  ) );
#5038 = PCURVE('',#5039,#5044);
#5039 = CYLINDRICAL_SURFACE('',#5040,4.);
#5040 = AXIS2_PLACEMENT_3D('',#5041,#5042,#5043);
#5041 = CARTESIAN_POINT('',(-66.,4.,0.));
#5042 = DIRECTION('',(0.,0.,1.));
#5043 = DIRECTION('',(-1.,-0.,0.));
#5044 = DEFINITIONAL_REPRESENTATION('',(#5045),#5049);
#5045 = LINE('',#5046,#5047);
#5046 = CARTESIAN_POINT('',(0.,0.));
#5047 = VECTOR('',#5048,1.);
#5048 = DIRECTION('',(0.,1.));
#5049 = ( GEOMETRIC_REPRESENTATION_CONTEXT(2) 
PARAMETRIC_REPRESENTATION_CONTEXT() REPRESENTATION_CONTEXT('2D SPACE',''
  ) );
#5050 = ORIENTED_EDGE('',*,*,#5051,.T.);
#5051 = EDGE_CURVE('',#5024,#5052,#5054,.T.);
#5052 = VERTEX_POINT('',#5053);
#5053 = CARTESIAN_POINT('',(-70.,26.,0.));
#5054 = SURFACE_CURVE('',#5055,(#5059,#5066),.PCURVE_S1.);
#5055 = LINE('',#5056,#5057);
#5056 = CARTESIAN_POINT('',(-70.,0.,0.));
#5057 = VECTOR('',#5058,1.);
#5058 = DIRECTION('',(-0.,1.,0.));
#5059 = PCURVE('',#4999,#5060);
#5060 = DEFINITIONAL_REPRESENTATION('',(#5061),#5065);
#5061 = LINE('',#5062,#5063);
#5062 = CARTESIAN_POINT('',(0.,0.));
#5063 = VECTOR('',#5064,1.);
#5064 = DIRECTION('',(0.,-1.));
#5065 = ( GEOMETRIC_REPRESENTATION_CONTEXT(2) 
PARAMETRIC_REPRESENTATION_CONTEXT() REPRESENTATION_CONTEXT('2D SPACE',''
  ) );
#5066 = PCURVE('',#5067,#5072);
#5067 = PLANE('',#5068);
#5068 = AXIS2_PLACEMENT_3D('',#5069,#5070,#5071);
#5069 = CARTESIAN_POINT('',(-70.,0.,0.));
#5070 = DIRECTION('',(0.,0.,1.));
#5071 = DIRECTION('',(1.,0.,-0.));
#5072 = DEFINITIONAL_REPRESENTATION('',(#5073),#5077);
#5073 = LINE('',#5074,#5075);
#5074 = CARTESIAN_POINT('',(0.,0.));
#5075 = VECTOR('',#5076,1.);
#5076 = DIRECTION('',(0.,1.));
#5077 = ( GEOMETRIC_REPRESENTATION_CONTEXT(2) 
PARAMETRIC_REPRESENTATION_CONTEXT() REPRESENTATION_CONTEXT('2D SPACE',''
  ) );
#5078 = ORIENTED_EDGE('',*,*,#5079,.T.);
#5079 = EDGE_CURVE('',#5052,#4991,#5080,.T.);
#5080 = SURFACE_CURVE('',#5081,(#5085,#5092),.PCURVE_S1.);
#5081 = LINE('',#5082,#5083);
#5082 = CARTESIAN_POINT('',(-70.,26.,0.));
#5083 = VECTOR('',#5084,1.);
#5084 = DIRECTION('',(0.,0.,1.));
#5085 = PCURVE('',#4999,#5086);
#5086 = DEFINITIONAL_REPRESENTATION('',(#5087),#5091);
#5087 = LINE('',#5088,#5089);
#5088 = CARTESIAN_POINT('',(0.,-26.));
#5089 = VECTOR('',#5090,1.);
#5090 = DIRECTION('',(1.,0.));
#5091 = ( GEOMETRIC_REPRESENTATION_CONTEXT(2) 
PARAMETRIC_REPRESENTATION_CONTEXT() REPRESENTATION_CONTEXT('2D SPACE',''
  ) );
#5092 = PCURVE('',#5093,#5098);
#5093 = CYLINDRICAL_SURFACE('',#5094,4.);
#5094 = AXIS2_PLACEMENT_3D('',#5095,#5096,#5097);
#5095 = CARTESIAN_POINT('',(-66.,26.,0.));
#5096 = DIRECTION('',(0.,0.,1.));
#5097 = DIRECTION('',(-1.,-0.,0.));
#5098 = DEFINITIONAL_REPRESENTATION('',(#5099),#5103);
#5099 = LINE('',#5100,#5101);
#5100 = CARTESIAN_POINT('',(-0.,0.));
#5101 = VECTOR('',#5102,1.);
#5102 = DIRECTION('',(-0.,1.));
#5103 = ( GEOMETRIC_REPRESENTATION_CONTEXT(2) 
PARAMETRIC_REPRESENTATION_CONTEXT() REPRESENTATION_CONTEXT('2D SPACE',''
  ) );
#5104 = ADVANCED_FACE('',(#5105),#5011,.T.);
#5105 = FACE_BOUND('',#5106,.T.);
#5106 = EDGE_LOOP('',(#5107,#5108,#5132,#5160,#5193,#5221,#5250,#5278));
#5107 = ORIENTED_EDGE('',*,*,#4988,.F.);
#5108 = ORIENTED_EDGE('',*,*,#5109,.T.);
#5109 = EDGE_CURVE('',#4989,#5110,#5112,.T.);
#5110 = VERTEX_POINT('',#5111);
#5111 = CARTESIAN_POINT('',(-66.,-8.881784197001E-16,155.));
#5112 = SURFACE_CURVE('',#5113,(#5118,#5125),.PCURVE_S1.);
#5113 = CIRCLE('',#5114,4.);
#5114 = AXIS2_PLACEMENT_3D('',#5115,#5116,#5117);
#5115 = CARTESIAN_POINT('',(-66.,4.,155.));
#5116 = DIRECTION('',(0.,0.,1.));
#5117 = DIRECTION('',(0.,-1.,0.));
#5118 = PCURVE('',#5011,#5119);
#5119 = DEFINITIONAL_REPRESENTATION('',(#5120),#5124);
#5120 = CIRCLE('',#5121,4.);
#5121 = AXIS2_PLACEMENT_2D('',#5122,#5123);
#5122 = CARTESIAN_POINT('',(4.,4.));
#5123 = DIRECTION('',(0.,-1.));
#5124 = ( GEOMETRIC_REPRESENTATION_CONTEXT(2) 
PARAMETRIC_REPRESENTATION_CONTEXT() REPRESENTATION_CONTEXT('2D SPACE',''
  ) );
#5125 = PCURVE('',#5039,#5126);
#5126 = DEFINITIONAL_REPRESENTATION('',(#5127),#5131);
#5127 = LINE('',#5128,#5129);
#5128 = CARTESIAN_POINT('',(-4.712388980385,155.));
#5129 = VECTOR('',#5130,1.);
#5130 = DIRECTION('',(1.,0.));
#5131 = ( GEOMETRIC_REPRESENTATION_CONTEXT(2) 
PARAMETRIC_REPRESENTATION_CONTEXT() REPRESENTATION_CONTEXT('2D SPACE',''
  ) );
#5132 = ORIENTED_EDGE('',*,*,#5133,.T.);
#5133 = EDGE_CURVE('',#5110,#5134,#5136,.T.);
#5134 = VERTEX_POINT('',#5135);
#5135 = CARTESIAN_POINT('',(66.,-8.881784197001E-16,155.));
#5136 = SURFACE_CURVE('',#5137,(#5141,#5148),.PCURVE_S1.);
#5137 = LINE('',#5138,#5139);
#5138 = CARTESIAN_POINT('',(-70.,0.,155.));
#5139 = VECTOR('',#5140,1.);
#5140 = DIRECTION('',(1.,0.,-0.));
#5141 = PCURVE('',#5011,#5142);
#5142 = DEFINITIONAL_REPRESENTATION('',(#5143),#5147);
#5143 = LINE('',#5144,#5145);
#5144 = CARTESIAN_POINT('',(0.,0.));
#5145 = VECTOR('',#5146,1.);
#5146 = DIRECTION('',(1.,0.));
#5147 = ( GEOMETRIC_REPRESENTATION_CONTEXT(2) 
PARAMETRIC_REPRESENTATION_CONTEXT() REPRESENTATION_CONTEXT('2D SPACE',''
  ) );
#5148 = PCURVE('',#5149,#5154);
#5149 = PLANE('',#5150);
#5150 = AXIS2_PLACEMENT_3D('',#5151,#5152,#5153);
#5151 = CARTESIAN_POINT('',(-70.,0.,0.));
#5152 = DIRECTION('',(-0.,1.,0.));
#5153 = DIRECTION('',(0.,0.,1.));
#5154 = DEFINITIONAL_REPRESENTATION('',(#5155),#5159);
#5155 = LINE('',#5156,#5157);
#5156 = CARTESIAN_POINT('',(155.,0.));
#5157 = VECTOR('',#5158,1.);
#5158 = DIRECTION('',(0.,1.));
#5159 = ( GEOMETRIC_REPRESENTATION_CONTEXT(2) 
PARAMETRIC_REPRESENTATION_CONTEXT() REPRESENTATION_CONTEXT('2D SPACE',''
  ) );
#5160 = ORIENTED_EDGE('',*,*,#5161,.F.);
#5161 = EDGE_CURVE('',#5162,#5134,#5164,.T.);
#5162 = VERTEX_POINT('',#5163);
#5163 = CARTESIAN_POINT('',(70.,4.,155.));
#5164 = SURFACE_CURVE('',#5165,(#5170,#5181),.PCURVE_S1.);
#5165 = CIRCLE('',#5166,4.);
#5166 = AXIS2_PLACEMENT_3D('',#5167,#5168,#5169);
#5167 = CARTESIAN_POINT('',(66.,4.,155.));
#5168 = DIRECTION('',(-0.,-0.,-1.));
#5169 = DIRECTION('',(0.,-1.,0.));
#5170 = PCURVE('',#5011,#5171);
#5171 = DEFINITIONAL_REPRESENTATION('',(#5172),#5180);
#5172 = ( BOUNDED_CURVE() B_SPLINE_CURVE(2,(#5173,#5174,#5175,#5176,
#5177,#5178,#5179),.UNSPECIFIED.,.T.,.F.) B_SPLINE_CURVE_WITH_KNOTS((1,2
    ,2,2,2,1),(-2.094395102393,0.,2.094395102393,4.188790204786,
6.28318530718,8.377580409573),.UNSPECIFIED.) CURVE() 
GEOMETRIC_REPRESENTATION_ITEM() RATIONAL_B_SPLINE_CURVE((1.,0.5,1.,0.5,
1.,0.5,1.)) REPRESENTATION_ITEM('') );
#5173 = CARTESIAN_POINT('',(136.,-8.881784197001E-16));
#5174 = CARTESIAN_POINT('',(129.07179676972,-8.881784197001E-16));
#5175 = CARTESIAN_POINT('',(132.53589838486,6.));
#5176 = CARTESIAN_POINT('',(136.,12.));
#5177 = CARTESIAN_POINT('',(139.46410161513,6.));
#5178 = CARTESIAN_POINT('',(142.92820323027,5.329070518201E-15));
#5179 = CARTESIAN_POINT('',(136.,-8.881784197001E-16));
#5180 = ( GEOMETRIC_REPRESENTATION_CONTEXT(2) 
PARAMETRIC_REPRESENTATION_CONTEXT() REPRESENTATION_CONTEXT('2D SPACE',''
  ) );
#5181 = PCURVE('',#5182,#5187);
#5182 = CYLINDRICAL_SURFACE('',#5183,4.);
#5183 = AXIS2_PLACEMENT_3D('',#5184,#5185,#5186);
#5184 = CARTESIAN_POINT('',(66.,4.,0.));
#5185 = DIRECTION('',(0.,0.,1.));
#5186 = DIRECTION('',(1.,0.,-0.));
#5187 = DEFINITIONAL_REPRESENTATION('',(#5188),#5192);
#5188 = LINE('',#5189,#5190);
#5189 = CARTESIAN_POINT('',(4.712388980385,155.));
#5190 = VECTOR('',#5191,1.);
#5191 = DIRECTION('',(-1.,0.));
#5192 = ( GEOMETRIC_REPRESENTATION_CONTEXT(2) 
PARAMETRIC_REPRESENTATION_CONTEXT() REPRESENTATION_CONTEXT('2D SPACE',''
  ) );
#5193 = ORIENTED_EDGE('',*,*,#5194,.T.);
#5194 = EDGE_CURVE('',#5162,#5195,#5197,.T.);
#5195 = VERTEX_POINT('',#5196);
#5196 = CARTESIAN_POINT('',(70.,26.,155.));
#5197 = SURFACE_CURVE('',#5198,(#5202,#5209),.PCURVE_S1.);
#5198 = LINE('',#5199,#5200);
#5199 = CARTESIAN_POINT('',(70.,0.,155.));
#5200 = VECTOR('',#5201,1.);
#5201 = DIRECTION('',(-0.,1.,0.));
#5202 = PCURVE('',#5011,#5203);
#5203 = DEFINITIONAL_REPRESENTATION('',(#5204),#5208);
#5204 = LINE('',#5205,#5206);
#5205 = CARTESIAN_POINT('',(140.,0.));
#5206 = VECTOR('',#5207,1.);
#5207 = DIRECTION('',(0.,1.));
#5208 = ( GEOMETRIC_REPRESENTATION_CONTEXT(2) 
PARAMETRIC_REPRESENTATION_CONTEXT() REPRESENTATION_CONTEXT('2D SPACE',''
  ) );
#5209 = PCURVE('',#5210,#5215);
#5210 = PLANE('',#5211);
#5211 = AXIS2_PLACEMENT_3D('',#5212,#5213,#5214);
#5212 = CARTESIAN_POINT('',(70.,0.,0.));
#5213 = DIRECTION('',(1.,0.,-0.));
#5214 = DIRECTION('',(0.,0.,1.));
#5215 = DEFINITIONAL_REPRESENTATION('',(#5216),#5220);
#5216 = LINE('',#5217,#5218);
#5217 = CARTESIAN_POINT('',(155.,0.));
#5218 = VECTOR('',#5219,1.);
#5219 = DIRECTION('',(0.,-1.));
#5220 = ( GEOMETRIC_REPRESENTATION_CONTEXT(2) 
PARAMETRIC_REPRESENTATION_CONTEXT() REPRESENTATION_CONTEXT('2D SPACE',''
  ) );
#5221 = ORIENTED_EDGE('',*,*,#5222,.T.);
#5222 = EDGE_CURVE('',#5195,#5223,#5225,.T.);
#5223 = VERTEX_POINT('',#5224);
#5224 = CARTESIAN_POINT('',(66.,30.,155.));
#5225 = SURFACE_CURVE('',#5226,(#5231,#5238),.PCURVE_S1.);
#5226 = CIRCLE('',#5227,4.);
#5227 = AXIS2_PLACEMENT_3D('',#5228,#5229,#5230);
#5228 = CARTESIAN_POINT('',(66.,26.,155.));
#5229 = DIRECTION('',(0.,0.,1.));
#5230 = DIRECTION('',(0.,-1.,0.));
#5231 = PCURVE('',#5011,#5232);
#5232 = DEFINITIONAL_REPRESENTATION('',(#5233),#5237);
#5233 = CIRCLE('',#5234,4.);
#5234 = AXIS2_PLACEMENT_2D('',#5235,#5236);
#5235 = CARTESIAN_POINT('',(136.,26.));
#5236 = DIRECTION('',(0.,-1.));
#5237 = ( GEOMETRIC_REPRESENTATION_CONTEXT(2) 
PARAMETRIC_REPRESENTATION_CONTEXT() REPRESENTATION_CONTEXT('2D SPACE',''
  ) );
#5238 = PCURVE('',#5239,#5244);
#5239 = CYLINDRICAL_SURFACE('',#5240,4.);
#5240 = AXIS2_PLACEMENT_3D('',#5241,#5242,#5243);
#5241 = CARTESIAN_POINT('',(66.,26.,0.));
#5242 = DIRECTION('',(0.,0.,1.));
#5243 = DIRECTION('',(1.,0.,-0.));
#5244 = DEFINITIONAL_REPRESENTATION('',(#5245),#5249);
#5245 = LINE('',#5246,#5247);
#5246 = CARTESIAN_POINT('',(-1.570796326795,155.));
#5247 = VECTOR('',#5248,1.);
#5248 = DIRECTION('',(1.,0.));
#5249 = ( GEOMETRIC_REPRESENTATION_CONTEXT(2) 
PARAMETRIC_REPRESENTATION_CONTEXT() REPRESENTATION_CONTEXT('2D SPACE',''
  ) );
#5250 = ORIENTED_EDGE('',*,*,#5251,.F.);
#5251 = EDGE_CURVE('',#5252,#5223,#5254,.T.);
#5252 = VERTEX_POINT('',#5253);
#5253 = CARTESIAN_POINT('',(-66.,30.,155.));
#5254 = SURFACE_CURVE('',#5255,(#5259,#5266),.PCURVE_S1.);
#5255 = LINE('',#5256,#5257);
#5256 = CARTESIAN_POINT('',(-70.,30.,155.));
#5257 = VECTOR('',#5258,1.);
#5258 = DIRECTION('',(1.,0.,-0.));
#5259 = PCURVE('',#5011,#5260);
#5260 = DEFINITIONAL_REPRESENTATION('',(#5261),#5265);
#5261 = LINE('',#5262,#5263);
#5262 = CARTESIAN_POINT('',(0.,30.));
#5263 = VECTOR('',#5264,1.);
#5264 = DIRECTION('',(1.,0.));
#5265 = ( GEOMETRIC_REPRESENTATION_CONTEXT(2) 
PARAMETRIC_REPRESENTATION_CONTEXT() REPRESENTATION_CONTEXT('2D SPACE',''
  ) );
#5266 = PCURVE('',#5267,#5272);
#5267 = PLANE('',#5268);
#5268 = AXIS2_PLACEMENT_3D('',#5269,#5270,#5271);
#5269 = CARTESIAN_POINT('',(-70.,30.,0.));
#5270 = DIRECTION('',(-0.,1.,0.));
#5271 = DIRECTION('',(0.,0.,1.));
#5272 = DEFINITIONAL_REPRESENTATION('',(#5273),#5277);
#5273 = LINE('',#5274,#5275);
#5274 = CARTESIAN_POINT('',(155.,0.));
#5275 = VECTOR('',#5276,1.);
#5276 = DIRECTION('',(0.,1.));
#5277 = ( GEOMETRIC_REPRESENTATION_CONTEXT(2) 
PARAMETRIC_REPRESENTATION_CONTEXT() REPRESENTATION_CONTEXT('2D SPACE',''
  ) );
#5278 = ORIENTED_EDGE('',*,*,#5279,.F.);
#5279 = EDGE_CURVE('',#4991,#5252,#5280,.T.);
#5280 = SURFACE_CURVE('',#5281,(#5286,#5297),.PCURVE_S1.);
#5281 = CIRCLE('',#5282,4.);
#5282 = AXIS2_PLACEMENT_3D('',#5283,#5284,#5285);
#5283 = CARTESIAN_POINT('',(-66.,26.,155.));
#5284 = DIRECTION('',(-0.,-0.,-1.));
#5285 = DIRECTION('',(0.,-1.,0.));
#5286 = PCURVE('',#5011,#5287);
#5287 = DEFINITIONAL_REPRESENTATION('',(#5288),#5296);
#5288 = ( BOUNDED_CURVE() B_SPLINE_CURVE(2,(#5289,#5290,#5291,#5292,
#5293,#5294,#5295),.UNSPECIFIED.,.T.,.F.) B_SPLINE_CURVE_WITH_KNOTS((1,2
    ,2,2,2,1),(-2.094395102393,0.,2.094395102393,4.188790204786,
6.28318530718,8.377580409573),.UNSPECIFIED.) CURVE() 
GEOMETRIC_REPRESENTATION_ITEM() RATIONAL_B_SPLINE_CURVE((1.,0.5,1.,0.5,
1.,0.5,1.)) REPRESENTATION_ITEM('') );
#5289 = CARTESIAN_POINT('',(4.,22.));
#5290 = CARTESIAN_POINT('',(-2.928203230276,22.));
#5291 = CARTESIAN_POINT('',(0.535898384862,28.));
#5292 = CARTESIAN_POINT('',(4.,34.));
#5293 = CARTESIAN_POINT('',(7.464101615138,28.));
#5294 = CARTESIAN_POINT('',(10.928203230276,22.));
#5295 = CARTESIAN_POINT('',(4.,22.));
#5296 = ( GEOMETRIC_REPRESENTATION_CONTEXT(2) 
PARAMETRIC_REPRESENTATION_CONTEXT() REPRESENTATION_CONTEXT('2D SPACE',''
  ) );
#5297 = PCURVE('',#5093,#5298);
#5298 = DEFINITIONAL_REPRESENTATION('',(#5299),#5303);
#5299 = LINE('',#5300,#5301);
#5300 = CARTESIAN_POINT('',(1.570796326795,155.));
#5301 = VECTOR('',#5302,1.);
#5302 = DIRECTION('',(-1.,0.));
#5303 = ( GEOMETRIC_REPRESENTATION_CONTEXT(2) 
PARAMETRIC_REPRESENTATION_CONTEXT() REPRESENTATION_CONTEXT('2D SPACE',''
  ) );
#5304 = ADVANCED_FACE('',(#5305),#5039,.T.);
#5305 = FACE_BOUND('',#5306,.T.);
#5306 = EDGE_LOOP('',(#5307,#5331,#5352,#5353));
#5307 = ORIENTED_EDGE('',*,*,#5308,.T.);
#5308 = EDGE_CURVE('',#5024,#5309,#5311,.T.);
#5309 = VERTEX_POINT('',#5310);
#5310 = CARTESIAN_POINT('',(-66.,-8.881784197001E-16,0.));
#5311 = SURFACE_CURVE('',#5312,(#5317,#5324),.PCURVE_S1.);
#5312 = CIRCLE('',#5313,4.);
#5313 = AXIS2_PLACEMENT_3D('',#5314,#5315,#5316);
#5314 = CARTESIAN_POINT('',(-66.,4.,0.));
#5315 = DIRECTION('',(0.,0.,1.));
#5316 = DIRECTION('',(0.,-1.,0.));
#5317 = PCURVE('',#5039,#5318);
#5318 = DEFINITIONAL_REPRESENTATION('',(#5319),#5323);
#5319 = LINE('',#5320,#5321);
#5320 = CARTESIAN_POINT('',(-4.712388980385,0.));
#5321 = VECTOR('',#5322,1.);
#5322 = DIRECTION('',(1.,0.));
#5323 = ( GEOMETRIC_REPRESENTATION_CONTEXT(2) 
PARAMETRIC_REPRESENTATION_CONTEXT() REPRESENTATION_CONTEXT('2D SPACE',''
  ) );
#5324 = PCURVE('',#5067,#5325);
#5325 = DEFINITIONAL_REPRESENTATION('',(#5326),#5330);
#5326 = CIRCLE('',#5327,4.);
#5327 = AXIS2_PLACEMENT_2D('',#5328,#5329);
#5328 = CARTESIAN_POINT('',(4.,4.));
#5329 = DIRECTION('',(0.,-1.));
#5330 = ( GEOMETRIC_REPRESENTATION_CONTEXT(2) 
PARAMETRIC_REPRESENTATION_CONTEXT() REPRESENTATION_CONTEXT('2D SPACE',''
  ) );
#5331 = ORIENTED_EDGE('',*,*,#5332,.T.);
#5332 = EDGE_CURVE('',#5309,#5110,#5333,.T.);
#5333 = SURFACE_CURVE('',#5334,(#5338,#5345),.PCURVE_S1.);
#5334 = LINE('',#5335,#5336);
#5335 = CARTESIAN_POINT('',(-66.,-8.881784197001E-16,0.));
#5336 = VECTOR('',#5337,1.);
#5337 = DIRECTION('',(0.,0.,1.));
#5338 = PCURVE('',#5039,#5339);
#5339 = DEFINITIONAL_REPRESENTATION('',(#5340),#5344);
#5340 = LINE('',#5341,#5342);
#5341 = CARTESIAN_POINT('',(1.570796326795,0.));
#5342 = VECTOR('',#5343,1.);
#5343 = DIRECTION('',(0.,1.));
#5344 = ( GEOMETRIC_REPRESENTATION_CONTEXT(2) 
PARAMETRIC_REPRESENTATION_CONTEXT() REPRESENTATION_CONTEXT('2D SPACE',''
  ) );
#5345 = PCURVE('',#5149,#5346);
#5346 = DEFINITIONAL_REPRESENTATION('',(#5347),#5351);
#5347 = LINE('',#5348,#5349);
#5348 = CARTESIAN_POINT('',(0.,4.));
#5349 = VECTOR('',#5350,1.);
#5350 = DIRECTION('',(1.,0.));
#5351 = ( GEOMETRIC_REPRESENTATION_CONTEXT(2) 
PARAMETRIC_REPRESENTATION_CONTEXT() REPRESENTATION_CONTEXT('2D SPACE',''
  ) );
#5352 = ORIENTED_EDGE('',*,*,#5109,.F.);
#5353 = ORIENTED_EDGE('',*,*,#5023,.F.);
#5354 = ADVANCED_FACE('',(#5355),#5093,.T.);
#5355 = FACE_BOUND('',#5356,.F.);
#5356 = EDGE_LOOP('',(#5357,#5385,#5406,#5407));
#5357 = ORIENTED_EDGE('',*,*,#5358,.T.);
#5358 = EDGE_CURVE('',#5052,#5359,#5361,.T.);
#5359 = VERTEX_POINT('',#5360);
#5360 = CARTESIAN_POINT('',(-66.,30.,0.));
#5361 = SURFACE_CURVE('',#5362,(#5367,#5374),.PCURVE_S1.);
#5362 = CIRCLE('',#5363,4.);
#5363 = AXIS2_PLACEMENT_3D('',#5364,#5365,#5366);
#5364 = CARTESIAN_POINT('',(-66.,26.,0.));
#5365 = DIRECTION('',(-0.,-0.,-1.));
#5366 = DIRECTION('',(0.,-1.,0.));
#5367 = PCURVE('',#5093,#5368);
#5368 = DEFINITIONAL_REPRESENTATION('',(#5369),#5373);
#5369 = LINE('',#5370,#5371);
#5370 = CARTESIAN_POINT('',(1.570796326795,-0.));
#5371 = VECTOR('',#5372,1.);
#5372 = DIRECTION('',(-1.,0.));
#5373 = ( GEOMETRIC_REPRESENTATION_CONTEXT(2) 
PARAMETRIC_REPRESENTATION_CONTEXT() REPRESENTATION_CONTEXT('2D SPACE',''
  ) );
#5374 = PCURVE('',#5067,#5375);
#5375 = DEFINITIONAL_REPRESENTATION('',(#5376),#5384);
#5376 = ( BOUNDED_CURVE() B_SPLINE_CURVE(2,(#5377,#5378,#5379,#5380,
#5381,#5382,#5383),.UNSPECIFIED.,.T.,.F.) B_SPLINE_CURVE_WITH_KNOTS((1,2
    ,2,2,2,1),(-2.094395102393,0.,2.094395102393,4.188790204786,
6.28318530718,8.377580409573),.UNSPECIFIED.) CURVE() 
GEOMETRIC_REPRESENTATION_ITEM() RATIONAL_B_SPLINE_CURVE((1.,0.5,1.,0.5,
1.,0.5,1.)) REPRESENTATION_ITEM('') );
#5377 = CARTESIAN_POINT('',(4.,22.));
#5378 = CARTESIAN_POINT('',(-2.928203230276,22.));
#5379 = CARTESIAN_POINT('',(0.535898384862,28.));
#5380 = CARTESIAN_POINT('',(4.,34.));
#5381 = CARTESIAN_POINT('',(7.464101615138,28.));
#5382 = CARTESIAN_POINT('',(10.928203230276,22.));
#5383 = CARTESIAN_POINT('',(4.,22.));
#5384 = ( GEOMETRIC_REPRESENTATION_CONTEXT(2) 
PARAMETRIC_REPRESENTATION_CONTEXT() REPRESENTATION_CONTEXT('2D SPACE',''
  ) );
#5385 = ORIENTED_EDGE('',*,*,#5386,.T.);
#5386 = EDGE_CURVE('',#5359,#5252,#5387,.T.);
#5387 = SURFACE_CURVE('',#5388,(#5392,#5399),.PCURVE_S1.);
#5388 = LINE('',#5389,#5390);
#5389 = CARTESIAN_POINT('',(-66.,30.,0.));
#5390 = VECTOR('',#5391,1.);
#5391 = DIRECTION('',(0.,0.,1.));
#5392 = PCURVE('',#5093,#5393);
#5393 = DEFINITIONAL_REPRESENTATION('',(#5394),#5398);
#5394 = LINE('',#5395,#5396);
#5395 = CARTESIAN_POINT('',(-1.570796326795,0.));
#5396 = VECTOR('',#5397,1.);
#5397 = DIRECTION('',(-0.,1.));
#5398 = ( GEOMETRIC_REPRESENTATION_CONTEXT(2) 
PARAMETRIC_REPRESENTATION_CONTEXT() REPRESENTATION_CONTEXT('2D SPACE',''
  ) );
#5399 = PCURVE('',#5267,#5400);
#5400 = DEFINITIONAL_REPRESENTATION('',(#5401),#5405);
#5401 = LINE('',#5402,#5403);
#5402 = CARTESIAN_POINT('',(0.,4.));
#5403 = VECTOR('',#5404,1.);
#5404 = DIRECTION('',(1.,0.));
#5405 = ( GEOMETRIC_REPRESENTATION_CONTEXT(2) 
PARAMETRIC_REPRESENTATION_CONTEXT() REPRESENTATION_CONTEXT('2D SPACE',''
  ) );
#5406 = ORIENTED_EDGE('',*,*,#5279,.F.);
#5407 = ORIENTED_EDGE('',*,*,#5079,.F.);
#5408 = ADVANCED_FACE('',(#5409),#5067,.F.);
#5409 = FACE_BOUND('',#5410,.F.);
#5410 = EDGE_LOOP('',(#5411,#5412,#5413,#5436,#5464,#5487,#5511,#5532));
#5411 = ORIENTED_EDGE('',*,*,#5051,.F.);
#5412 = ORIENTED_EDGE('',*,*,#5308,.T.);
#5413 = ORIENTED_EDGE('',*,*,#5414,.T.);
#5414 = EDGE_CURVE('',#5309,#5415,#5417,.T.);
#5415 = VERTEX_POINT('',#5416);
#5416 = CARTESIAN_POINT('',(66.,-8.881784197001E-16,0.));
#5417 = SURFACE_CURVE('',#5418,(#5422,#5429),.PCURVE_S1.);
#5418 = LINE('',#5419,#5420);
#5419 = CARTESIAN_POINT('',(-70.,0.,0.));
#5420 = VECTOR('',#5421,1.);
#5421 = DIRECTION('',(1.,0.,-0.));
#5422 = PCURVE('',#5067,#5423);
#5423 = DEFINITIONAL_REPRESENTATION('',(#5424),#5428);
#5424 = LINE('',#5425,#5426);
#5425 = CARTESIAN_POINT('',(0.,0.));
#5426 = VECTOR('',#5427,1.);
#5427 = DIRECTION('',(1.,0.));
#5428 = ( GEOMETRIC_REPRESENTATION_CONTEXT(2) 
PARAMETRIC_REPRESENTATION_CONTEXT() REPRESENTATION_CONTEXT('2D SPACE',''
  ) );
#5429 = PCURVE('',#5149,#5430);
#5430 = DEFINITIONAL_REPRESENTATION('',(#5431),#5435);
#5431 = LINE('',#5432,#5433);
#5432 = CARTESIAN_POINT('',(0.,0.));
#5433 = VECTOR('',#5434,1.);
#5434 = DIRECTION('',(0.,1.));
#5435 = ( GEOMETRIC_REPRESENTATION_CONTEXT(2) 
PARAMETRIC_REPRESENTATION_CONTEXT() REPRESENTATION_CONTEXT('2D SPACE',''
  ) );
#5436 = ORIENTED_EDGE('',*,*,#5437,.F.);
#5437 = EDGE_CURVE('',#5438,#5415,#5440,.T.);
#5438 = VERTEX_POINT('',#5439);
#5439 = CARTESIAN_POINT('',(70.,4.,0.));
#5440 = SURFACE_CURVE('',#5441,(#5446,#5457),.PCURVE_S1.);
#5441 = CIRCLE('',#5442,4.);
#5442 = AXIS2_PLACEMENT_3D('',#5443,#5444,#5445);
#5443 = CARTESIAN_POINT('',(66.,4.,0.));
#5444 = DIRECTION('',(-0.,-0.,-1.));
#5445 = DIRECTION('',(0.,-1.,0.));
#5446 = PCURVE('',#5067,#5447);
#5447 = DEFINITIONAL_REPRESENTATION('',(#5448),#5456);
#5448 = ( BOUNDED_CURVE() B_SPLINE_CURVE(2,(#5449,#5450,#5451,#5452,
#5453,#5454,#5455),.UNSPECIFIED.,.T.,.F.) B_SPLINE_CURVE_WITH_KNOTS((1,2
    ,2,2,2,1),(-2.094395102393,0.,2.094395102393,4.188790204786,
6.28318530718,8.377580409573),.UNSPECIFIED.) CURVE() 
GEOMETRIC_REPRESENTATION_ITEM() RATIONAL_B_SPLINE_CURVE((1.,0.5,1.,0.5,
1.,0.5,1.)) REPRESENTATION_ITEM('') );
#5449 = CARTESIAN_POINT('',(136.,-8.881784197001E-16));
#5450 = CARTESIAN_POINT('',(129.07179676972,-8.881784197001E-16));
#5451 = CARTESIAN_POINT('',(132.53589838486,6.));
#5452 = CARTESIAN_POINT('',(136.,12.));
#5453 = CARTESIAN_POINT('',(139.46410161513,6.));
#5454 = CARTESIAN_POINT('',(142.92820323027,5.329070518201E-15));
#5455 = CARTESIAN_POINT('',(136.,-8.881784197001E-16));
#5456 = ( GEOMETRIC_REPRESENTATION_CONTEXT(2) 
PARAMETRIC_REPRESENTATION_CONTEXT() REPRESENTATION_CONTEXT('2D SPACE',''
  ) );
#5457 = PCURVE('',#5182,#5458);
#5458 = DEFINITIONAL_REPRESENTATION('',(#5459),#5463);
#5459 = LINE('',#5460,#5461);
#5460 = CARTESIAN_POINT('',(4.712388980385,-0.));
#5461 = VECTOR('',#5462,1.);
#5462 = DIRECTION('',(-1.,0.));
#5463 = ( GEOMETRIC_REPRESENTATION_CONTEXT(2) 
PARAMETRIC_REPRESENTATION_CONTEXT() REPRESENTATION_CONTEXT('2D SPACE',''
  ) );
#5464 = ORIENTED_EDGE('',*,*,#5465,.T.);
#5465 = EDGE_CURVE('',#5438,#5466,#5468,.T.);
#5466 = VERTEX_POINT('',#5467);
#5467 = CARTESIAN_POINT('',(70.,26.,0.));
#5468 = SURFACE_CURVE('',#5469,(#5473,#5480),.PCURVE_S1.);
#5469 = LINE('',#5470,#5471);
#5470 = CARTESIAN_POINT('',(70.,0.,0.));
#5471 = VECTOR('',#5472,1.);
#5472 = DIRECTION('',(-0.,1.,0.));
#5473 = PCURVE('',#5067,#5474);
#5474 = DEFINITIONAL_REPRESENTATION('',(#5475),#5479);
#5475 = LINE('',#5476,#5477);
#5476 = CARTESIAN_POINT('',(140.,0.));
#5477 = VECTOR('',#5478,1.);
#5478 = DIRECTION('',(0.,1.));
#5479 = ( GEOMETRIC_REPRESENTATION_CONTEXT(2) 
PARAMETRIC_REPRESENTATION_CONTEXT() REPRESENTATION_CONTEXT('2D SPACE',''
  ) );
#5480 = PCURVE('',#5210,#5481);
#5481 = DEFINITIONAL_REPRESENTATION('',(#5482),#5486);
#5482 = LINE('',#5483,#5484);
#5483 = CARTESIAN_POINT('',(0.,0.));
#5484 = VECTOR('',#5485,1.);
#5485 = DIRECTION('',(0.,-1.));
#5486 = ( GEOMETRIC_REPRESENTATION_CONTEXT(2) 
PARAMETRIC_REPRESENTATION_CONTEXT() REPRESENTATION_CONTEXT('2D SPACE',''
  ) );
#5487 = ORIENTED_EDGE('',*,*,#5488,.T.);
#5488 = EDGE_CURVE('',#5466,#5489,#5491,.T.);
#5489 = VERTEX_POINT('',#5490);
#5490 = CARTESIAN_POINT('',(66.,30.,0.));
#5491 = SURFACE_CURVE('',#5492,(#5497,#5504),.PCURVE_S1.);
#5492 = CIRCLE('',#5493,4.);
#5493 = AXIS2_PLACEMENT_3D('',#5494,#5495,#5496);
#5494 = CARTESIAN_POINT('',(66.,26.,0.));
#5495 = DIRECTION('',(0.,0.,1.));
#5496 = DIRECTION('',(0.,-1.,0.));
#5497 = PCURVE('',#5067,#5498);
#5498 = DEFINITIONAL_REPRESENTATION('',(#5499),#5503);
#5499 = CIRCLE('',#5500,4.);
#5500 = AXIS2_PLACEMENT_2D('',#5501,#5502);
#5501 = CARTESIAN_POINT('',(136.,26.));
#5502 = DIRECTION('',(0.,-1.));
#5503 = ( GEOMETRIC_REPRESENTATION_CONTEXT(2) 
PARAMETRIC_REPRESENTATION_CONTEXT() REPRESENTATION_CONTEXT('2D SPACE',''
  ) );
#5504 = PCURVE('',#5239,#5505);
#5505 = DEFINITIONAL_REPRESENTATION('',(#5506),#5510);
#5506 = LINE('',#5507,#5508);
#5507 = CARTESIAN_POINT('',(-1.570796326795,0.));
#5508 = VECTOR('',#5509,1.);
#5509 = DIRECTION('',(1.,0.));
#5510 = ( GEOMETRIC_REPRESENTATION_CONTEXT(2) 
PARAMETRIC_REPRESENTATION_CONTEXT() REPRESENTATION_CONTEXT('2D SPACE',''
  ) );
#5511 = ORIENTED_EDGE('',*,*,#5512,.F.);
#5512 = EDGE_CURVE('',#5359,#5489,#5513,.T.);
#5513 = SURFACE_CURVE('',#5514,(#5518,#5525),.PCURVE_S1.);
#5514 = LINE('',#5515,#5516);
#5515 = CARTESIAN_POINT('',(-70.,30.,0.));
#5516 = VECTOR('',#5517,1.);
#5517 = DIRECTION('',(1.,0.,-0.));
#5518 = PCURVE('',#5067,#5519);
#5519 = DEFINITIONAL_REPRESENTATION('',(#5520),#5524);
#5520 = LINE('',#5521,#5522);
#5521 = CARTESIAN_POINT('',(0.,30.));
#5522 = VECTOR('',#5523,1.);
#5523 = DIRECTION('',(1.,0.));
#5524 = ( GEOMETRIC_REPRESENTATION_CONTEXT(2) 
PARAMETRIC_REPRESENTATION_CONTEXT() REPRESENTATION_CONTEXT('2D SPACE',''
  ) );
#5525 = PCURVE('',#5267,#5526);
#5526 = DEFINITIONAL_REPRESENTATION('',(#5527),#5531);
#5527 = LINE('',#5528,#5529);
#5528 = CARTESIAN_POINT('',(0.,0.));
#5529 = VECTOR('',#5530,1.);
#5530 = DIRECTION('',(0.,1.));
#5531 = ( GEOMETRIC_REPRESENTATION_CONTEXT(2) 
PARAMETRIC_REPRESENTATION_CONTEXT() REPRESENTATION_CONTEXT('2D SPACE',''
  ) );
#5532 = ORIENTED_EDGE('',*,*,#5358,.F.);
#5533 = ADVANCED_FACE('',(#5534),#5149,.F.);
#5534 = FACE_BOUND('',#5535,.F.);
#5535 = EDGE_LOOP('',(#5536,#5537,#5538,#5539));
#5536 = ORIENTED_EDGE('',*,*,#5414,.F.);
#5537 = ORIENTED_EDGE('',*,*,#5332,.T.);
#5538 = ORIENTED_EDGE('',*,*,#5133,.T.);
#5539 = ORIENTED_EDGE('',*,*,#5540,.F.);
#5540 = EDGE_CURVE('',#5415,#5134,#5541,.T.);
#5541 = SURFACE_CURVE('',#5542,(#5546,#5553),.PCURVE_S1.);
#5542 = LINE('',#5543,#5544);
#5543 = CARTESIAN_POINT('',(66.,-8.881784197001E-16,0.));
#5544 = VECTOR('',#5545,1.);
#5545 = DIRECTION('',(0.,0.,1.));
#5546 = PCURVE('',#5149,#5547);
#5547 = DEFINITIONAL_REPRESENTATION('',(#5548),#5552);
#5548 = LINE('',#5549,#5550);
#5549 = CARTESIAN_POINT('',(0.,136.));
#5550 = VECTOR('',#5551,1.);
#5551 = DIRECTION('',(1.,0.));
#5552 = ( GEOMETRIC_REPRESENTATION_CONTEXT(2) 
PARAMETRIC_REPRESENTATION_CONTEXT() REPRESENTATION_CONTEXT('2D SPACE',''
  ) );
#5553 = PCURVE('',#5182,#5554);
#5554 = DEFINITIONAL_REPRESENTATION('',(#5555),#5559);
#5555 = LINE('',#5556,#5557);
#5556 = CARTESIAN_POINT('',(-1.570796326795,0.));
#5557 = VECTOR('',#5558,1.);
#5558 = DIRECTION('',(-0.,1.));
#5559 = ( GEOMETRIC_REPRESENTATION_CONTEXT(2) 
PARAMETRIC_REPRESENTATION_CONTEXT() REPRESENTATION_CONTEXT('2D SPACE',''
  ) );
#5560 = ADVANCED_FACE('',(#5561,#5587,#5809),#5267,.T.);
#5561 = FACE_BOUND('',#5562,.T.);
#5562 = EDGE_LOOP('',(#5563,#5564,#5565,#5566));
#5563 = ORIENTED_EDGE('',*,*,#5512,.F.);
#5564 = ORIENTED_EDGE('',*,*,#5386,.T.);
#5565 = ORIENTED_EDGE('',*,*,#5251,.T.);
#5566 = ORIENTED_EDGE('',*,*,#5567,.F.);
#5567 = EDGE_CURVE('',#5489,#5223,#5568,.T.);
#5568 = SURFACE_CURVE('',#5569,(#5573,#5580),.PCURVE_S1.);
#5569 = LINE('',#5570,#5571);
#5570 = CARTESIAN_POINT('',(66.,30.,0.));
#5571 = VECTOR('',#5572,1.);
#5572 = DIRECTION('',(0.,0.,1.));
#5573 = PCURVE('',#5267,#5574);
#5574 = DEFINITIONAL_REPRESENTATION('',(#5575),#5579);
#5575 = LINE('',#5576,#5577);
#5576 = CARTESIAN_POINT('',(0.,136.));
#5577 = VECTOR('',#5578,1.);
#5578 = DIRECTION('',(1.,0.));
#5579 = ( GEOMETRIC_REPRESENTATION_CONTEXT(2) 
PARAMETRIC_REPRESENTATION_CONTEXT() REPRESENTATION_CONTEXT('2D SPACE',''
  ) );
#5580 = PCURVE('',#5239,#5581);
#5581 = DEFINITIONAL_REPRESENTATION('',(#5582),#5586);
#5582 = LINE('',#5583,#5584);
#5583 = CARTESIAN_POINT('',(1.570796326795,0.));
#5584 = VECTOR('',#5585,1.);
#5585 = DIRECTION('',(0.,1.));
#5586 = ( GEOMETRIC_REPRESENTATION_CONTEXT(2) 
PARAMETRIC_REPRESENTATION_CONTEXT() REPRESENTATION_CONTEXT('2D SPACE',''
  ) );
#5587 = FACE_BOUND('',#5588,.T.);
#5588 = EDGE_LOOP('',(#5589,#5617,#5646,#5672,#5701,#5727,#5756,#5782));
#5589 = ORIENTED_EDGE('',*,*,#5590,.F.);
#5590 = EDGE_CURVE('',#5591,#5593,#5595,.T.);
#5591 = VERTEX_POINT('',#5592);
#5592 = CARTESIAN_POINT('',(-13.,30.,41.));
#5593 = VERTEX_POINT('',#5594);
#5594 = CARTESIAN_POINT('',(-13.,30.,50.999999987451));
#5595 = SURFACE_CURVE('',#5596,(#5600,#5606),.PCURVE_S1.);
#5596 = LINE('',#5597,#5598);
#5597 = CARTESIAN_POINT('',(-13.,30.,20.5));
#5598 = VECTOR('',#5599,1.);
#5599 = DIRECTION('',(0.,0.,1.));
#5600 = PCURVE('',#5267,#5601);
#5601 = DEFINITIONAL_REPRESENTATION('',(#5602),#5605);
#5602 = B_SPLINE_CURVE_WITH_KNOTS('',1,(#5603,#5604),.UNSPECIFIED.,.F.,
  .F.,(2,2),(20.5,30.499999987451),.PIECEWISE_BEZIER_KNOTS.);
#5603 = CARTESIAN_POINT('',(41.,57.));
#5604 = CARTESIAN_POINT('',(50.999999987451,57.));
#5605 = ( GEOMETRIC_REPRESENTATION_CONTEXT(2) 
PARAMETRIC_REPRESENTATION_CONTEXT() REPRESENTATION_CONTEXT('2D SPACE',''
  ) );
#5606 = PCURVE('',#5607,#5612);
#5607 = PLANE('',#5608);
#5608 = AXIS2_PLACEMENT_3D('',#5609,#5610,#5611);
#5609 = CARTESIAN_POINT('',(-13.,31.,41.));
#5610 = DIRECTION('',(-1.,0.,0.));
#5611 = DIRECTION('',(0.,0.,1.));
#5612 = DEFINITIONAL_REPRESENTATION('',(#5613),#5616);
#5613 = B_SPLINE_CURVE_WITH_KNOTS('',1,(#5614,#5615),.UNSPECIFIED.,.F.,
  .F.,(2,2),(20.5,30.499999987451),.PIECEWISE_BEZIER_KNOTS.);
#5614 = CARTESIAN_POINT('',(0.,-1.));
#5615 = CARTESIAN_POINT('',(9.999999987451,-1.));
#5616 = ( GEOMETRIC_REPRESENTATION_CONTEXT(2) 
PARAMETRIC_REPRESENTATION_CONTEXT() REPRESENTATION_CONTEXT('2D SPACE',''
  ) );
#5617 = ORIENTED_EDGE('',*,*,#5618,.F.);
#5618 = EDGE_CURVE('',#5619,#5591,#5621,.T.);
#5619 = VERTEX_POINT('',#5620);
#5620 = CARTESIAN_POINT('',(-7.,30.,35.));
#5621 = SURFACE_CURVE('',#5622,(#5627,#5634),.PCURVE_S1.);
#5622 = CIRCLE('',#5623,6.);
#5623 = AXIS2_PLACEMENT_3D('',#5624,#5625,#5626);
#5624 = CARTESIAN_POINT('',(-7.,30.,41.));
#5625 = DIRECTION('',(0.,1.,-0.));
#5626 = DIRECTION('',(-1.,0.,0.));
#5627 = PCURVE('',#5267,#5628);
#5628 = DEFINITIONAL_REPRESENTATION('',(#5629),#5633);
#5629 = CIRCLE('',#5630,6.);
#5630 = AXIS2_PLACEMENT_2D('',#5631,#5632);
#5631 = CARTESIAN_POINT('',(41.,63.));
#5632 = DIRECTION('',(0.,-1.));
#5633 = ( GEOMETRIC_REPRESENTATION_CONTEXT(2) 
PARAMETRIC_REPRESENTATION_CONTEXT() REPRESENTATION_CONTEXT('2D SPACE',''
  ) );
#5634 = PCURVE('',#5635,#5640);
#5635 = CYLINDRICAL_SURFACE('',#5636,6.);
#5636 = AXIS2_PLACEMENT_3D('',#5637,#5638,#5639);
#5637 = CARTESIAN_POINT('',(-7.,31.,41.));
#5638 = DIRECTION('',(0.,1.,-0.));
#5639 = DIRECTION('',(-1.,0.,0.));
#5640 = DEFINITIONAL_REPRESENTATION('',(#5641),#5645);
#5641 = LINE('',#5642,#5643);
#5642 = CARTESIAN_POINT('',(0.,-1.));
#5643 = VECTOR('',#5644,1.);
#5644 = DIRECTION('',(1.,0.));
#5645 = ( GEOMETRIC_REPRESENTATION_CONTEXT(2) 
PARAMETRIC_REPRESENTATION_CONTEXT() REPRESENTATION_CONTEXT('2D SPACE',''
  ) );
#5646 = ORIENTED_EDGE('',*,*,#5647,.T.);
#5647 = EDGE_CURVE('',#5619,#5648,#5650,.T.);
#5648 = VERTEX_POINT('',#5649);
#5649 = CARTESIAN_POINT('',(6.999999984331,30.,35.));
#5650 = SURFACE_CURVE('',#5651,(#5655,#5661),.PCURVE_S1.);
#5651 = LINE('',#5652,#5653);
#5652 = CARTESIAN_POINT('',(-38.5,30.,35.));
#5653 = VECTOR('',#5654,1.);
#5654 = DIRECTION('',(1.,0.,0.));
#5655 = PCURVE('',#5267,#5656);
#5656 = DEFINITIONAL_REPRESENTATION('',(#5657),#5660);
#5657 = B_SPLINE_CURVE_WITH_KNOTS('',1,(#5658,#5659),.UNSPECIFIED.,.F.,
  .F.,(2,2),(31.5,45.499999984331),.PIECEWISE_BEZIER_KNOTS.);
#5658 = CARTESIAN_POINT('',(35.,63.));
#5659 = CARTESIAN_POINT('',(35.,76.999999984331));
#5660 = ( GEOMETRIC_REPRESENTATION_CONTEXT(2) 
PARAMETRIC_REPRESENTATION_CONTEXT() REPRESENTATION_CONTEXT('2D SPACE',''
  ) );
#5661 = PCURVE('',#5662,#5667);
#5662 = PLANE('',#5663);
#5663 = AXIS2_PLACEMENT_3D('',#5664,#5665,#5666);
#5664 = CARTESIAN_POINT('',(-7.,31.,35.));
#5665 = DIRECTION('',(-0.,0.,1.));
#5666 = DIRECTION('',(1.,0.,0.));
#5667 = DEFINITIONAL_REPRESENTATION('',(#5668),#5671);
#5668 = B_SPLINE_CURVE_WITH_KNOTS('',1,(#5669,#5670),.UNSPECIFIED.,.F.,
  .F.,(2,2),(31.5,45.499999984331),.PIECEWISE_BEZIER_KNOTS.);
#5669 = CARTESIAN_POINT('',(0.,-1.));
#5670 = CARTESIAN_POINT('',(13.999999984331,-1.));
#5671 = ( GEOMETRIC_REPRESENTATION_CONTEXT(2) 
PARAMETRIC_REPRESENTATION_CONTEXT() REPRESENTATION_CONTEXT('2D SPACE',''
  ) );
#5672 = ORIENTED_EDGE('',*,*,#5673,.F.);
#5673 = EDGE_CURVE('',#5674,#5648,#5676,.T.);
#5674 = VERTEX_POINT('',#5675);
#5675 = CARTESIAN_POINT('',(12.999999992165,30.,41.));
#5676 = SURFACE_CURVE('',#5677,(#5682,#5689),.PCURVE_S1.);
#5677 = CIRCLE('',#5678,6.);
#5678 = AXIS2_PLACEMENT_3D('',#5679,#5680,#5681);
#5679 = CARTESIAN_POINT('',(6.999999984331,30.,41.));
#5680 = DIRECTION('',(0.,1.,-0.));
#5681 = DIRECTION('',(-1.,0.,0.));
#5682 = PCURVE('',#5267,#5683);
#5683 = DEFINITIONAL_REPRESENTATION('',(#5684),#5688);
#5684 = CIRCLE('',#5685,6.);
#5685 = AXIS2_PLACEMENT_2D('',#5686,#5687);
#5686 = CARTESIAN_POINT('',(41.,76.999999984331));
#5687 = DIRECTION('',(0.,-1.));
#5688 = ( GEOMETRIC_REPRESENTATION_CONTEXT(2) 
PARAMETRIC_REPRESENTATION_CONTEXT() REPRESENTATION_CONTEXT('2D SPACE',''
  ) );
#5689 = PCURVE('',#5690,#5695);
#5690 = CYLINDRICAL_SURFACE('',#5691,6.);
#5691 = AXIS2_PLACEMENT_3D('',#5692,#5693,#5694);
#5692 = CARTESIAN_POINT('',(6.999999984331,31.,41.));
#5693 = DIRECTION('',(0.,1.,-0.));
#5694 = DIRECTION('',(-1.,0.,0.));
#5695 = DEFINITIONAL_REPRESENTATION('',(#5696),#5700);
#5696 = LINE('',#5697,#5698);
#5697 = CARTESIAN_POINT('',(0.,-1.));
#5698 = VECTOR('',#5699,1.);
#5699 = DIRECTION('',(1.,0.));
#5700 = ( GEOMETRIC_REPRESENTATION_CONTEXT(2) 
PARAMETRIC_REPRESENTATION_CONTEXT() REPRESENTATION_CONTEXT('2D SPACE',''
  ) );
#5701 = ORIENTED_EDGE('',*,*,#5702,.T.);
#5702 = EDGE_CURVE('',#5674,#5703,#5705,.T.);
#5703 = VERTEX_POINT('',#5704);
#5704 = CARTESIAN_POINT('',(13.,30.,50.999999987451));
#5705 = SURFACE_CURVE('',#5706,(#5710,#5716),.PCURVE_S1.);
#5706 = LINE('',#5707,#5708);
#5707 = CARTESIAN_POINT('',(13.,30.,20.5));
#5708 = VECTOR('',#5709,1.);
#5709 = DIRECTION('',(0.,0.,1.));
#5710 = PCURVE('',#5267,#5711);
#5711 = DEFINITIONAL_REPRESENTATION('',(#5712),#5715);
#5712 = B_SPLINE_CURVE_WITH_KNOTS('',1,(#5713,#5714),.UNSPECIFIED.,.F.,
  .F.,(2,2),(20.5,30.499999987451),.PIECEWISE_BEZIER_KNOTS.);
#5713 = CARTESIAN_POINT('',(41.,83.));
#5714 = CARTESIAN_POINT('',(50.999999987451,83.));
#5715 = ( GEOMETRIC_REPRESENTATION_CONTEXT(2) 
PARAMETRIC_REPRESENTATION_CONTEXT() REPRESENTATION_CONTEXT('2D SPACE',''
  ) );
#5716 = PCURVE('',#5717,#5722);
#5717 = PLANE('',#5718);
#5718 = AXIS2_PLACEMENT_3D('',#5719,#5720,#5721);
#5719 = CARTESIAN_POINT('',(13.,31.,41.));
#5720 = DIRECTION('',(-1.,0.,0.));
#5721 = DIRECTION('',(0.,0.,1.));
#5722 = DEFINITIONAL_REPRESENTATION('',(#5723),#5726);
#5723 = B_SPLINE_CURVE_WITH_KNOTS('',1,(#5724,#5725),.UNSPECIFIED.,.F.,
  .F.,(2,2),(20.5,30.499999987451),.PIECEWISE_BEZIER_KNOTS.);
#5724 = CARTESIAN_POINT('',(0.,-1.));
#5725 = CARTESIAN_POINT('',(9.999999987451,-1.));
#5726 = ( GEOMETRIC_REPRESENTATION_CONTEXT(2) 
PARAMETRIC_REPRESENTATION_CONTEXT() REPRESENTATION_CONTEXT('2D SPACE',''
  ) );
#5727 = ORIENTED_EDGE('',*,*,#5728,.F.);
#5728 = EDGE_CURVE('',#5729,#5703,#5731,.T.);
#5729 = VERTEX_POINT('',#5730);
#5730 = CARTESIAN_POINT('',(7.,30.,56.999999993726));
#5731 = SURFACE_CURVE('',#5732,(#5737,#5744),.PCURVE_S1.);
#5732 = CIRCLE('',#5733,6.);
#5733 = AXIS2_PLACEMENT_3D('',#5734,#5735,#5736);
#5734 = CARTESIAN_POINT('',(7.,30.,50.999999987451));
#5735 = DIRECTION('',(0.,1.,-0.));
#5736 = DIRECTION('',(-1.,0.,0.));
#5737 = PCURVE('',#5267,#5738);
#5738 = DEFINITIONAL_REPRESENTATION('',(#5739),#5743);
#5739 = CIRCLE('',#5740,6.);
#5740 = AXIS2_PLACEMENT_2D('',#5741,#5742);
#5741 = CARTESIAN_POINT('',(50.999999987451,77.));
#5742 = DIRECTION('',(0.,-1.));
#5743 = ( GEOMETRIC_REPRESENTATION_CONTEXT(2) 
PARAMETRIC_REPRESENTATION_CONTEXT() REPRESENTATION_CONTEXT('2D SPACE',''
  ) );
#5744 = PCURVE('',#5745,#5750);
#5745 = CYLINDRICAL_SURFACE('',#5746,6.);
#5746 = AXIS2_PLACEMENT_3D('',#5747,#5748,#5749);
#5747 = CARTESIAN_POINT('',(7.,31.,50.999999987451));
#5748 = DIRECTION('',(0.,1.,-0.));
#5749 = DIRECTION('',(-1.,0.,0.));
#5750 = DEFINITIONAL_REPRESENTATION('',(#5751),#5755);
#5751 = LINE('',#5752,#5753);
#5752 = CARTESIAN_POINT('',(0.,-1.));
#5753 = VECTOR('',#5754,1.);
#5754 = DIRECTION('',(1.,0.));
#5755 = ( GEOMETRIC_REPRESENTATION_CONTEXT(2) 
PARAMETRIC_REPRESENTATION_CONTEXT() REPRESENTATION_CONTEXT('2D SPACE',''
  ) );
#5756 = ORIENTED_EDGE('',*,*,#5757,.F.);
#5757 = EDGE_CURVE('',#5758,#5729,#5760,.T.);
#5758 = VERTEX_POINT('',#5759);
#5759 = CARTESIAN_POINT('',(-7.,30.,56.999999993726));
#5760 = SURFACE_CURVE('',#5761,(#5765,#5771),.PCURVE_S1.);
#5761 = LINE('',#5762,#5763);
#5762 = CARTESIAN_POINT('',(-38.5,30.,57.));
#5763 = VECTOR('',#5764,1.);
#5764 = DIRECTION('',(1.,0.,0.));
#5765 = PCURVE('',#5267,#5766);
#5766 = DEFINITIONAL_REPRESENTATION('',(#5767),#5770);
#5767 = B_SPLINE_CURVE_WITH_KNOTS('',1,(#5768,#5769),.UNSPECIFIED.,.F.,
  .F.,(2,2),(31.5,45.5),.PIECEWISE_BEZIER_KNOTS.);
#5768 = CARTESIAN_POINT('',(57.,63.));
#5769 = CARTESIAN_POINT('',(57.,77.));
#5770 = ( GEOMETRIC_REPRESENTATION_CONTEXT(2) 
PARAMETRIC_REPRESENTATION_CONTEXT() REPRESENTATION_CONTEXT('2D SPACE',''
  ) );
#5771 = PCURVE('',#5772,#5777);
#5772 = PLANE('',#5773);
#5773 = AXIS2_PLACEMENT_3D('',#5774,#5775,#5776);
#5774 = CARTESIAN_POINT('',(-7.,31.,57.));
#5775 = DIRECTION('',(-0.,0.,1.));
#5776 = DIRECTION('',(1.,0.,0.));
#5777 = DEFINITIONAL_REPRESENTATION('',(#5778),#5781);
#5778 = B_SPLINE_CURVE_WITH_KNOTS('',1,(#5779,#5780),.UNSPECIFIED.,.F.,
  .F.,(2,2),(31.5,45.5),.PIECEWISE_BEZIER_KNOTS.);
#5779 = CARTESIAN_POINT('',(0.,-1.));
#5780 = CARTESIAN_POINT('',(14.,-1.));
#5781 = ( GEOMETRIC_REPRESENTATION_CONTEXT(2) 
PARAMETRIC_REPRESENTATION_CONTEXT() REPRESENTATION_CONTEXT('2D SPACE',''
  ) );
#5782 = ORIENTED_EDGE('',*,*,#5783,.F.);
#5783 = EDGE_CURVE('',#5593,#5758,#5784,.T.);
#5784 = SURFACE_CURVE('',#5785,(#5790,#5797),.PCURVE_S1.);
#5785 = CIRCLE('',#5786,6.);
#5786 = AXIS2_PLACEMENT_3D('',#5787,#5788,#5789);
#5787 = CARTESIAN_POINT('',(-7.,30.,50.999999987451));
#5788 = DIRECTION('',(0.,1.,-0.));
#5789 = DIRECTION('',(-1.,0.,0.));
#5790 = PCURVE('',#5267,#5791);
#5791 = DEFINITIONAL_REPRESENTATION('',(#5792),#5796);
#5792 = CIRCLE('',#5793,6.);
#5793 = AXIS2_PLACEMENT_2D('',#5794,#5795);
#5794 = CARTESIAN_POINT('',(50.999999987451,63.));
#5795 = DIRECTION('',(0.,-1.));
#5796 = ( GEOMETRIC_REPRESENTATION_CONTEXT(2) 
PARAMETRIC_REPRESENTATION_CONTEXT() REPRESENTATION_CONTEXT('2D SPACE',''
  ) );
#5797 = PCURVE('',#5798,#5803);
#5798 = CYLINDRICAL_SURFACE('',#5799,6.);
#5799 = AXIS2_PLACEMENT_3D('',#5800,#5801,#5802);
#5800 = CARTESIAN_POINT('',(-7.,31.,50.999999987451));
#5801 = DIRECTION('',(0.,1.,-0.));
#5802 = DIRECTION('',(-1.,0.,0.));
#5803 = DEFINITIONAL_REPRESENTATION('',(#5804),#5808);
#5804 = LINE('',#5805,#5806);
#5805 = CARTESIAN_POINT('',(0.,-1.));
#5806 = VECTOR('',#5807,1.);
#5807 = DIRECTION('',(1.,0.));
#5808 = ( GEOMETRIC_REPRESENTATION_CONTEXT(2) 
PARAMETRIC_REPRESENTATION_CONTEXT() REPRESENTATION_CONTEXT('2D SPACE',''
  ) );
#5809 = FACE_BOUND('',#5810,.T.);
#5810 = EDGE_LOOP('',(#5811,#5839,#5868,#5894,#5927,#5948,#5977,#6003,
    #6032,#6058));
#5811 = ORIENTED_EDGE('',*,*,#5812,.F.);
#5812 = EDGE_CURVE('',#5813,#5815,#5817,.T.);
#5813 = VERTEX_POINT('',#5814);
#5814 = CARTESIAN_POINT('',(-26.,30.,89.999999999999));
#5815 = VERTEX_POINT('',#5816);
#5816 = CARTESIAN_POINT('',(-26.,30.,125.9999999952));
#5817 = SURFACE_CURVE('',#5818,(#5822,#5828),.PCURVE_S1.);
#5818 = LINE('',#5819,#5820);
#5819 = CARTESIAN_POINT('',(-26.,30.,45.));
#5820 = VECTOR('',#5821,1.);
#5821 = DIRECTION('',(0.,0.,1.));
#5822 = PCURVE('',#5267,#5823);
#5823 = DEFINITIONAL_REPRESENTATION('',(#5824),#5827);
#5824 = B_SPLINE_CURVE_WITH_KNOTS('',1,(#5825,#5826),.UNSPECIFIED.,.F.,
  .F.,(2,2),(45.,80.999999995209),.PIECEWISE_BEZIER_KNOTS.);
#5825 = CARTESIAN_POINT('',(89.999999999999,44.));
#5826 = CARTESIAN_POINT('',(125.9999999952,44.));
#5827 = ( GEOMETRIC_REPRESENTATION_CONTEXT(2) 
PARAMETRIC_REPRESENTATION_CONTEXT() REPRESENTATION_CONTEXT('2D SPACE',''
  ) );
#5828 = PCURVE('',#5829,#5834);
#5829 = PLANE('',#5830);
#5830 = AXIS2_PLACEMENT_3D('',#5831,#5832,#5833);
#5831 = CARTESIAN_POINT('',(-26.,31.,89.999999999999));
#5832 = DIRECTION('',(-1.,0.,0.));
#5833 = DIRECTION('',(0.,0.,1.));
#5834 = DEFINITIONAL_REPRESENTATION('',(#5835),#5838);
#5835 = B_SPLINE_CURVE_WITH_KNOTS('',1,(#5836,#5837),.UNSPECIFIED.,.F.,
  .F.,(2,2),(45.,80.999999995209),.PIECEWISE_BEZIER_KNOTS.);
#5836 = CARTESIAN_POINT('',(0.,-1.));
#5837 = CARTESIAN_POINT('',(35.999999995209,-1.));
#5838 = ( GEOMETRIC_REPRESENTATION_CONTEXT(2) 
PARAMETRIC_REPRESENTATION_CONTEXT() REPRESENTATION_CONTEXT('2D SPACE',''
  ) );
#5839 = ORIENTED_EDGE('',*,*,#5840,.F.);
#5840 = EDGE_CURVE('',#5841,#5813,#5843,.T.);
#5841 = VERTEX_POINT('',#5842);
#5842 = CARTESIAN_POINT('',(-24.,30.,88.));
#5843 = SURFACE_CURVE('',#5844,(#5849,#5856),.PCURVE_S1.);
#5844 = CIRCLE('',#5845,2.);
#5845 = AXIS2_PLACEMENT_3D('',#5846,#5847,#5848);
#5846 = CARTESIAN_POINT('',(-24.,30.,89.999999999999));
#5847 = DIRECTION('',(-0.,1.,0.));
#5848 = DIRECTION('',(1.,0.,0.));
#5849 = PCURVE('',#5267,#5850);
#5850 = DEFINITIONAL_REPRESENTATION('',(#5851),#5855);
#5851 = CIRCLE('',#5852,2.);
#5852 = AXIS2_PLACEMENT_2D('',#5853,#5854);
#5853 = CARTESIAN_POINT('',(89.999999999999,46.));
#5854 = DIRECTION('',(0.,1.));
#5855 = ( GEOMETRIC_REPRESENTATION_CONTEXT(2) 
PARAMETRIC_REPRESENTATION_CONTEXT() REPRESENTATION_CONTEXT('2D SPACE',''
  ) );
#5856 = PCURVE('',#5857,#5862);
#5857 = CYLINDRICAL_SURFACE('',#5858,2.);
#5858 = AXIS2_PLACEMENT_3D('',#5859,#5860,#5861);
#5859 = CARTESIAN_POINT('',(-24.,31.,89.999999999999));
#5860 = DIRECTION('',(-0.,1.,-0.));
#5861 = DIRECTION('',(1.,0.,0.));
#5862 = DEFINITIONAL_REPRESENTATION('',(#5863),#5867);
#5863 = LINE('',#5864,#5865);
#5864 = CARTESIAN_POINT('',(-6.28318530718,-1.));
#5865 = VECTOR('',#5866,1.);
#5866 = DIRECTION('',(1.,-0.));
#5867 = ( GEOMETRIC_REPRESENTATION_CONTEXT(2) 
PARAMETRIC_REPRESENTATION_CONTEXT() REPRESENTATION_CONTEXT('2D SPACE',''
  ) );
#5868 = ORIENTED_EDGE('',*,*,#5869,.T.);
#5869 = EDGE_CURVE('',#5841,#5870,#5872,.T.);
#5870 = VERTEX_POINT('',#5871);
#5871 = CARTESIAN_POINT('',(-13.74772708486,30.,88.000000000001));
#5872 = SURFACE_CURVE('',#5873,(#5877,#5883),.PCURVE_S1.);
#5873 = LINE('',#5874,#5875);
#5874 = CARTESIAN_POINT('',(-47.,30.,88.000000000001));
#5875 = VECTOR('',#5876,1.);
#5876 = DIRECTION('',(1.,0.,0.));
#5877 = PCURVE('',#5267,#5878);
#5878 = DEFINITIONAL_REPRESENTATION('',(#5879),#5882);
#5879 = B_SPLINE_CURVE_WITH_KNOTS('',1,(#5880,#5881),.UNSPECIFIED.,.F.,
  .F.,(2,2),(23.,71.),.PIECEWISE_BEZIER_KNOTS.);
#5880 = CARTESIAN_POINT('',(88.000000000001,46.));
#5881 = CARTESIAN_POINT('',(88.000000000001,94.));
#5882 = ( GEOMETRIC_REPRESENTATION_CONTEXT(2) 
PARAMETRIC_REPRESENTATION_CONTEXT() REPRESENTATION_CONTEXT('2D SPACE',''
  ) );
#5883 = PCURVE('',#5884,#5889);
#5884 = PLANE('',#5885);
#5885 = AXIS2_PLACEMENT_3D('',#5886,#5887,#5888);
#5886 = CARTESIAN_POINT('',(-24.,31.,88.000000000001));
#5887 = DIRECTION('',(-0.,0.,1.));
#5888 = DIRECTION('',(1.,0.,0.));
#5889 = DEFINITIONAL_REPRESENTATION('',(#5890),#5893);
#5890 = B_SPLINE_CURVE_WITH_KNOTS('',1,(#5891,#5892),.UNSPECIFIED.,.F.,
  .F.,(2,2),(23.,71.),.PIECEWISE_BEZIER_KNOTS.);
#5891 = CARTESIAN_POINT('',(0.,-1.));
#5892 = CARTESIAN_POINT('',(48.,-1.));
#5893 = ( GEOMETRIC_REPRESENTATION_CONTEXT(2) 
PARAMETRIC_REPRESENTATION_CONTEXT() REPRESENTATION_CONTEXT('2D SPACE',''
  ) );
#5894 = ORIENTED_EDGE('',*,*,#5895,.T.);
#5895 = EDGE_CURVE('',#5870,#5896,#5898,.T.);
#5896 = VERTEX_POINT('',#5897);
#5897 = CARTESIAN_POINT('',(13.747727084867,30.,88.000000000001));
#5898 = SURFACE_CURVE('',#5899,(#5904,#5915),.PCURVE_S1.);
#5899 = CIRCLE('',#5900,17.);
#5900 = AXIS2_PLACEMENT_3D('',#5901,#5902,#5903);
#5901 = CARTESIAN_POINT('',(0.,30.,78.));
#5902 = DIRECTION('',(-0.,-1.,0.));
#5903 = DIRECTION('',(-0.808689828522,0.,0.588235294118));
#5904 = PCURVE('',#5267,#5905);
#5905 = DEFINITIONAL_REPRESENTATION('',(#5906),#5914);
#5906 = ( BOUNDED_CURVE() B_SPLINE_CURVE(2,(#5907,#5908,#5909,#5910,
#5911,#5912,#5913),.UNSPECIFIED.,.T.,.F.) B_SPLINE_CURVE_WITH_KNOTS((1,2
    ,2,2,2,1),(-2.094395102393,0.,2.094395102393,4.188790204786,
6.28318530718,8.377580409573),.UNSPECIFIED.) CURVE() 
GEOMETRIC_REPRESENTATION_ITEM() RATIONAL_B_SPLINE_CURVE((1.,0.5,1.,0.5,
1.,0.5,1.)) REPRESENTATION_ITEM('') );
#5907 = CARTESIAN_POINT('',(88.000000000001,56.252272915133));
#5908 = CARTESIAN_POINT('',(64.18823820042,38.931764839443));
#5909 = CARTESIAN_POINT('',(61.094119100209,68.213609504589));
#5910 = CARTESIAN_POINT('',(57.999999999999,97.495454169734));
#5911 = CARTESIAN_POINT('',(84.90588089979,85.534117580279));
#5912 = CARTESIAN_POINT('',(111.81176179958,73.572780990823));
#5913 = CARTESIAN_POINT('',(88.000000000001,56.252272915133));
#5914 = ( GEOMETRIC_REPRESENTATION_CONTEXT(2) 
PARAMETRIC_REPRESENTATION_CONTEXT() REPRESENTATION_CONTEXT('2D SPACE',''
  ) );
#5915 = PCURVE('',#5916,#5921);
#5916 = CYLINDRICAL_SURFACE('',#5917,17.);
#5917 = AXIS2_PLACEMENT_3D('',#5918,#5919,#5920);
#5918 = CARTESIAN_POINT('',(0.,31.,78.));
#5919 = DIRECTION('',(-0.,1.,-0.));
#5920 = DIRECTION('',(1.,0.,0.));
#5921 = DEFINITIONAL_REPRESENTATION('',(#5922),#5926);
#5922 = LINE('',#5923,#5924);
#5923 = CARTESIAN_POINT('',(-2.512717728095,-1.));
#5924 = VECTOR('',#5925,1.);
#5925 = DIRECTION('',(-1.,-0.));
#5926 = ( GEOMETRIC_REPRESENTATION_CONTEXT(2) 
PARAMETRIC_REPRESENTATION_CONTEXT() REPRESENTATION_CONTEXT('2D SPACE',''
  ) );
#5927 = ORIENTED_EDGE('',*,*,#5928,.T.);
#5928 = EDGE_CURVE('',#5896,#5929,#5931,.T.);
#5929 = VERTEX_POINT('',#5930);
#5930 = CARTESIAN_POINT('',(24.,30.,88.));
#5931 = SURFACE_CURVE('',#5932,(#5936,#5942),.PCURVE_S1.);
#5932 = LINE('',#5933,#5934);
#5933 = CARTESIAN_POINT('',(-47.,30.,88.000000000001));
#5934 = VECTOR('',#5935,1.);
#5935 = DIRECTION('',(1.,0.,0.));
#5936 = PCURVE('',#5267,#5937);
#5937 = DEFINITIONAL_REPRESENTATION('',(#5938),#5941);
#5938 = B_SPLINE_CURVE_WITH_KNOTS('',1,(#5939,#5940),.UNSPECIFIED.,.F.,
  .F.,(2,2),(23.,71.),.PIECEWISE_BEZIER_KNOTS.);
#5939 = CARTESIAN_POINT('',(88.000000000001,46.));
#5940 = CARTESIAN_POINT('',(88.000000000001,94.));
#5941 = ( GEOMETRIC_REPRESENTATION_CONTEXT(2) 
PARAMETRIC_REPRESENTATION_CONTEXT() REPRESENTATION_CONTEXT('2D SPACE',''
  ) );
#5942 = PCURVE('',#5884,#5943);
#5943 = DEFINITIONAL_REPRESENTATION('',(#5944),#5947);
#5944 = B_SPLINE_CURVE_WITH_KNOTS('',1,(#5945,#5946),.UNSPECIFIED.,.F.,
  .F.,(2,2),(23.,71.),.PIECEWISE_BEZIER_KNOTS.);
#5945 = CARTESIAN_POINT('',(0.,-1.));
#5946 = CARTESIAN_POINT('',(48.,-1.));
#5947 = ( GEOMETRIC_REPRESENTATION_CONTEXT(2) 
PARAMETRIC_REPRESENTATION_CONTEXT() REPRESENTATION_CONTEXT('2D SPACE',''
  ) );
#5948 = ORIENTED_EDGE('',*,*,#5949,.F.);
#5949 = EDGE_CURVE('',#5950,#5929,#5952,.T.);
#5950 = VERTEX_POINT('',#5951);
#5951 = CARTESIAN_POINT('',(26.,30.,89.999999999999));
#5952 = SURFACE_CURVE('',#5953,(#5958,#5965),.PCURVE_S1.);
#5953 = CIRCLE('',#5954,2.);
#5954 = AXIS2_PLACEMENT_3D('',#5955,#5956,#5957);
#5955 = CARTESIAN_POINT('',(24.,30.,89.999999999999));
#5956 = DIRECTION('',(-0.,1.,0.));
#5957 = DIRECTION('',(1.,0.,0.));
#5958 = PCURVE('',#5267,#5959);
#5959 = DEFINITIONAL_REPRESENTATION('',(#5960),#5964);
#5960 = CIRCLE('',#5961,2.);
#5961 = AXIS2_PLACEMENT_2D('',#5962,#5963);
#5962 = CARTESIAN_POINT('',(89.999999999999,94.));
#5963 = DIRECTION('',(0.,1.));
#5964 = ( GEOMETRIC_REPRESENTATION_CONTEXT(2) 
PARAMETRIC_REPRESENTATION_CONTEXT() REPRESENTATION_CONTEXT('2D SPACE',''
  ) );
#5965 = PCURVE('',#5966,#5971);
#5966 = CYLINDRICAL_SURFACE('',#5967,2.);
#5967 = AXIS2_PLACEMENT_3D('',#5968,#5969,#5970);
#5968 = CARTESIAN_POINT('',(24.,31.,89.999999999999));
#5969 = DIRECTION('',(-0.,1.,-0.));
#5970 = DIRECTION('',(1.,0.,0.));
#5971 = DEFINITIONAL_REPRESENTATION('',(#5972),#5976);
#5972 = LINE('',#5973,#5974);
#5973 = CARTESIAN_POINT('',(-6.28318530718,-1.));
#5974 = VECTOR('',#5975,1.);
#5975 = DIRECTION('',(1.,-0.));
#5976 = ( GEOMETRIC_REPRESENTATION_CONTEXT(2) 
PARAMETRIC_REPRESENTATION_CONTEXT() REPRESENTATION_CONTEXT('2D SPACE',''
  ) );
#5977 = ORIENTED_EDGE('',*,*,#5978,.T.);
#5978 = EDGE_CURVE('',#5950,#5979,#5981,.T.);
#5979 = VERTEX_POINT('',#5980);
#5980 = CARTESIAN_POINT('',(26.,30.,125.9999999952));
#5981 = SURFACE_CURVE('',#5982,(#5986,#5992),.PCURVE_S1.);
#5982 = LINE('',#5983,#5984);
#5983 = CARTESIAN_POINT('',(26.,30.,45.));
#5984 = VECTOR('',#5985,1.);
#5985 = DIRECTION('',(0.,0.,1.));
#5986 = PCURVE('',#5267,#5987);
#5987 = DEFINITIONAL_REPRESENTATION('',(#5988),#5991);
#5988 = B_SPLINE_CURVE_WITH_KNOTS('',1,(#5989,#5990),.UNSPECIFIED.,.F.,
  .F.,(2,2),(45.,80.999999995209),.PIECEWISE_BEZIER_KNOTS.);
#5989 = CARTESIAN_POINT('',(89.999999999999,96.));
#5990 = CARTESIAN_POINT('',(125.9999999952,96.));
#5991 = ( GEOMETRIC_REPRESENTATION_CONTEXT(2) 
PARAMETRIC_REPRESENTATION_CONTEXT() REPRESENTATION_CONTEXT('2D SPACE',''
  ) );
#5992 = PCURVE('',#5993,#5998);
#5993 = PLANE('',#5994);
#5994 = AXIS2_PLACEMENT_3D('',#5995,#5996,#5997);
#5995 = CARTESIAN_POINT('',(26.,31.,89.999999999999));
#5996 = DIRECTION('',(-1.,0.,0.));
#5997 = DIRECTION('',(0.,0.,1.));
#5998 = DEFINITIONAL_REPRESENTATION('',(#5999),#6002);
#5999 = B_SPLINE_CURVE_WITH_KNOTS('',1,(#6000,#6001),.UNSPECIFIED.,.F.,
  .F.,(2,2),(45.,80.999999995209),.PIECEWISE_BEZIER_KNOTS.);
#6000 = CARTESIAN_POINT('',(0.,-1.));
#6001 = CARTESIAN_POINT('',(35.999999995209,-1.));
#6002 = ( GEOMETRIC_REPRESENTATION_CONTEXT(2) 
PARAMETRIC_REPRESENTATION_CONTEXT() REPRESENTATION_CONTEXT('2D SPACE',''
  ) );
#6003 = ORIENTED_EDGE('',*,*,#6004,.F.);
#6004 = EDGE_CURVE('',#6005,#5979,#6007,.T.);
#6005 = VERTEX_POINT('',#6006);
#6006 = CARTESIAN_POINT('',(24.,30.,127.9999999976));
#6007 = SURFACE_CURVE('',#6008,(#6013,#6020),.PCURVE_S1.);
#6008 = CIRCLE('',#6009,2.);
#6009 = AXIS2_PLACEMENT_3D('',#6010,#6011,#6012);
#6010 = CARTESIAN_POINT('',(24.,30.,125.9999999952));
#6011 = DIRECTION('',(-0.,1.,0.));
#6012 = DIRECTION('',(1.,0.,0.));
#6013 = PCURVE('',#5267,#6014);
#6014 = DEFINITIONAL_REPRESENTATION('',(#6015),#6019);
#6015 = CIRCLE('',#6016,2.);
#6016 = AXIS2_PLACEMENT_2D('',#6017,#6018);
#6017 = CARTESIAN_POINT('',(125.9999999952,94.));
#6018 = DIRECTION('',(0.,1.));
#6019 = ( GEOMETRIC_REPRESENTATION_CONTEXT(2) 
PARAMETRIC_REPRESENTATION_CONTEXT() REPRESENTATION_CONTEXT('2D SPACE',''
  ) );
#6020 = PCURVE('',#6021,#6026);
#6021 = CYLINDRICAL_SURFACE('',#6022,2.);
#6022 = AXIS2_PLACEMENT_3D('',#6023,#6024,#6025);
#6023 = CARTESIAN_POINT('',(24.,31.,125.9999999952));
#6024 = DIRECTION('',(-0.,1.,-0.));
#6025 = DIRECTION('',(1.,0.,0.));
#6026 = DEFINITIONAL_REPRESENTATION('',(#6027),#6031);
#6027 = LINE('',#6028,#6029);
#6028 = CARTESIAN_POINT('',(-6.28318530718,-1.));
#6029 = VECTOR('',#6030,1.);
#6030 = DIRECTION('',(1.,-0.));
#6031 = ( GEOMETRIC_REPRESENTATION_CONTEXT(2) 
PARAMETRIC_REPRESENTATION_CONTEXT() REPRESENTATION_CONTEXT('2D SPACE',''
  ) );
#6032 = ORIENTED_EDGE('',*,*,#6033,.F.);
#6033 = EDGE_CURVE('',#6034,#6005,#6036,.T.);
#6034 = VERTEX_POINT('',#6035);
#6035 = CARTESIAN_POINT('',(-24.,30.,127.9999999976));
#6036 = SURFACE_CURVE('',#6037,(#6041,#6047),.PCURVE_S1.);
#6037 = LINE('',#6038,#6039);
#6038 = CARTESIAN_POINT('',(-47.,30.,128.));
#6039 = VECTOR('',#6040,1.);
#6040 = DIRECTION('',(1.,0.,0.));
#6041 = PCURVE('',#5267,#6042);
#6042 = DEFINITIONAL_REPRESENTATION('',(#6043),#6046);
#6043 = B_SPLINE_CURVE_WITH_KNOTS('',1,(#6044,#6045),.UNSPECIFIED.,.F.,
  .F.,(2,2),(23.,71.),.PIECEWISE_BEZIER_KNOTS.);
#6044 = CARTESIAN_POINT('',(128.,46.));
#6045 = CARTESIAN_POINT('',(128.,94.));
#6046 = ( GEOMETRIC_REPRESENTATION_CONTEXT(2) 
PARAMETRIC_REPRESENTATION_CONTEXT() REPRESENTATION_CONTEXT('2D SPACE',''
  ) );
#6047 = PCURVE('',#6048,#6053);
#6048 = PLANE('',#6049);
#6049 = AXIS2_PLACEMENT_3D('',#6050,#6051,#6052);
#6050 = CARTESIAN_POINT('',(-24.,31.,128.));
#6051 = DIRECTION('',(-0.,0.,1.));
#6052 = DIRECTION('',(1.,0.,0.));
#6053 = DEFINITIONAL_REPRESENTATION('',(#6054),#6057);
#6054 = B_SPLINE_CURVE_WITH_KNOTS('',1,(#6055,#6056),.UNSPECIFIED.,.F.,
  .F.,(2,2),(23.,71.),.PIECEWISE_BEZIER_KNOTS.);
#6055 = CARTESIAN_POINT('',(0.,-1.));
#6056 = CARTESIAN_POINT('',(48.,-1.));
#6057 = ( GEOMETRIC_REPRESENTATION_CONTEXT(2) 
PARAMETRIC_REPRESENTATION_CONTEXT() REPRESENTATION_CONTEXT('2D SPACE',''
  ) );
#6058 = ORIENTED_EDGE('',*,*,#6059,.F.);
#6059 = EDGE_CURVE('',#5815,#6034,#6060,.T.);
#6060 = SURFACE_CURVE('',#6061,(#6066,#6073),.PCURVE_S1.);
#6061 = CIRCLE('',#6062,2.);
#6062 = AXIS2_PLACEMENT_3D('',#6063,#6064,#6065);
#6063 = CARTESIAN_POINT('',(-24.,30.,125.9999999952));
#6064 = DIRECTION('',(-0.,1.,0.));
#6065 = DIRECTION('',(1.,0.,0.));
#6066 = PCURVE('',#5267,#6067);
#6067 = DEFINITIONAL_REPRESENTATION('',(#6068),#6072);
#6068 = CIRCLE('',#6069,2.);
#6069 = AXIS2_PLACEMENT_2D('',#6070,#6071);
#6070 = CARTESIAN_POINT('',(125.9999999952,46.));
#6071 = DIRECTION('',(0.,1.));
#6072 = ( GEOMETRIC_REPRESENTATION_CONTEXT(2) 
PARAMETRIC_REPRESENTATION_CONTEXT() REPRESENTATION_CONTEXT('2D SPACE',''
  ) );
#6073 = PCURVE('',#6074,#6079);
#6074 = CYLINDRICAL_SURFACE('',#6075,2.);
#6075 = AXIS2_PLACEMENT_3D('',#6076,#6077,#6078);
#6076 = CARTESIAN_POINT('',(-24.,31.,125.9999999952));
#6077 = DIRECTION('',(-0.,1.,-0.));
#6078 = DIRECTION('',(1.,0.,0.));
#6079 = DEFINITIONAL_REPRESENTATION('',(#6080),#6084);
#6080 = LINE('',#6081,#6082);
#6081 = CARTESIAN_POINT('',(-6.28318530718,-1.));
#6082 = VECTOR('',#6083,1.);
#6083 = DIRECTION('',(1.,-0.));
#6084 = ( GEOMETRIC_REPRESENTATION_CONTEXT(2) 
PARAMETRIC_REPRESENTATION_CONTEXT() REPRESENTATION_CONTEXT('2D SPACE',''
  ) );
#6085 = ADVANCED_FACE('',(#6086),#5182,.T.);
#6086 = FACE_BOUND('',#6087,.F.);
#6087 = EDGE_LOOP('',(#6088,#6089,#6090,#6091));
#6088 = ORIENTED_EDGE('',*,*,#5437,.T.);
#6089 = ORIENTED_EDGE('',*,*,#5540,.T.);
#6090 = ORIENTED_EDGE('',*,*,#5161,.F.);
#6091 = ORIENTED_EDGE('',*,*,#6092,.F.);
#6092 = EDGE_CURVE('',#5438,#5162,#6093,.T.);
#6093 = SURFACE_CURVE('',#6094,(#6098,#6105),.PCURVE_S1.);
#6094 = LINE('',#6095,#6096);
#6095 = CARTESIAN_POINT('',(70.,4.,0.));
#6096 = VECTOR('',#6097,1.);
#6097 = DIRECTION('',(0.,0.,1.));
#6098 = PCURVE('',#5182,#6099);
#6099 = DEFINITIONAL_REPRESENTATION('',(#6100),#6104);
#6100 = LINE('',#6101,#6102);
#6101 = CARTESIAN_POINT('',(-0.,0.));
#6102 = VECTOR('',#6103,1.);
#6103 = DIRECTION('',(-0.,1.));
#6104 = ( GEOMETRIC_REPRESENTATION_CONTEXT(2) 
PARAMETRIC_REPRESENTATION_CONTEXT() REPRESENTATION_CONTEXT('2D SPACE',''
  ) );
#6105 = PCURVE('',#5210,#6106);
#6106 = DEFINITIONAL_REPRESENTATION('',(#6107),#6111);
#6107 = LINE('',#6108,#6109);
#6108 = CARTESIAN_POINT('',(0.,-4.));
#6109 = VECTOR('',#6110,1.);
#6110 = DIRECTION('',(1.,0.));
#6111 = ( GEOMETRIC_REPRESENTATION_CONTEXT(2) 
PARAMETRIC_REPRESENTATION_CONTEXT() REPRESENTATION_CONTEXT('2D SPACE',''
  ) );
#6112 = ADVANCED_FACE('',(#6113),#5239,.T.);
#6113 = FACE_BOUND('',#6114,.T.);
#6114 = EDGE_LOOP('',(#6115,#6116,#6117,#6118));
#6115 = ORIENTED_EDGE('',*,*,#5488,.T.);
#6116 = ORIENTED_EDGE('',*,*,#5567,.T.);
#6117 = ORIENTED_EDGE('',*,*,#5222,.F.);
#6118 = ORIENTED_EDGE('',*,*,#6119,.F.);
#6119 = EDGE_CURVE('',#5466,#5195,#6120,.T.);
#6120 = SURFACE_CURVE('',#6121,(#6125,#6132),.PCURVE_S1.);
#6121 = LINE('',#6122,#6123);
#6122 = CARTESIAN_POINT('',(70.,26.,0.));
#6123 = VECTOR('',#6124,1.);
#6124 = DIRECTION('',(0.,0.,1.));
#6125 = PCURVE('',#5239,#6126);
#6126 = DEFINITIONAL_REPRESENTATION('',(#6127),#6131);
#6127 = LINE('',#6128,#6129);
#6128 = CARTESIAN_POINT('',(0.,0.));
#6129 = VECTOR('',#6130,1.);
#6130 = DIRECTION('',(0.,1.));
#6131 = ( GEOMETRIC_REPRESENTATION_CONTEXT(2) 
PARAMETRIC_REPRESENTATION_CONTEXT() REPRESENTATION_CONTEXT('2D SPACE',''
  ) );
#6132 = PCURVE('',#5210,#6133);
#6133 = DEFINITIONAL_REPRESENTATION('',(#6134),#6138);
#6134 = LINE('',#6135,#6136);
#6135 = CARTESIAN_POINT('',(0.,-26.));
#6136 = VECTOR('',#6137,1.);
#6137 = DIRECTION('',(1.,0.));
#6138 = ( GEOMETRIC_REPRESENTATION_CONTEXT(2) 
PARAMETRIC_REPRESENTATION_CONTEXT() REPRESENTATION_CONTEXT('2D SPACE',''
  ) );
#6139 = ADVANCED_FACE('',(#6140),#5210,.T.);
#6140 = FACE_BOUND('',#6141,.T.);
#6141 = EDGE_LOOP('',(#6142,#6143,#6144,#6145));
#6142 = ORIENTED_EDGE('',*,*,#5194,.F.);
#6143 = ORIENTED_EDGE('',*,*,#6092,.F.);
#6144 = ORIENTED_EDGE('',*,*,#5465,.T.);
#6145 = ORIENTED_EDGE('',*,*,#6119,.T.);
#6146 = ADVANCED_FACE('',(#6147),#5607,.F.);
#6147 = FACE_BOUND('',#6148,.F.);
#6148 = EDGE_LOOP('',(#6149,#6150,#6173,#6201));
#6149 = ORIENTED_EDGE('',*,*,#5590,.F.);
#6150 = ORIENTED_EDGE('',*,*,#6151,.T.);
#6151 = EDGE_CURVE('',#5591,#6152,#6154,.T.);
#6152 = VERTEX_POINT('',#6153);
#6153 = CARTESIAN_POINT('',(-13.,28.5,41.));
#6154 = SURFACE_CURVE('',#6155,(#6159,#6166),.PCURVE_S1.);
#6155 = LINE('',#6156,#6157);
#6156 = CARTESIAN_POINT('',(-13.,31.,41.));
#6157 = VECTOR('',#6158,1.);
#6158 = DIRECTION('',(0.,-1.,0.));
#6159 = PCURVE('',#5607,#6160);
#6160 = DEFINITIONAL_REPRESENTATION('',(#6161),#6165);
#6161 = LINE('',#6162,#6163);
#6162 = CARTESIAN_POINT('',(0.,0.));
#6163 = VECTOR('',#6164,1.);
#6164 = DIRECTION('',(0.,-1.));
#6165 = ( GEOMETRIC_REPRESENTATION_CONTEXT(2) 
PARAMETRIC_REPRESENTATION_CONTEXT() REPRESENTATION_CONTEXT('2D SPACE',''
  ) );
#6166 = PCURVE('',#5635,#6167);
#6167 = DEFINITIONAL_REPRESENTATION('',(#6168),#6172);
#6168 = LINE('',#6169,#6170);
#6169 = CARTESIAN_POINT('',(6.28318530718,0.));
#6170 = VECTOR('',#6171,1.);
#6171 = DIRECTION('',(0.,-1.));
#6172 = ( GEOMETRIC_REPRESENTATION_CONTEXT(2) 
PARAMETRIC_REPRESENTATION_CONTEXT() REPRESENTATION_CONTEXT('2D SPACE',''
  ) );
#6173 = ORIENTED_EDGE('',*,*,#6174,.T.);
#6174 = EDGE_CURVE('',#6152,#6175,#6177,.T.);
#6175 = VERTEX_POINT('',#6176);
#6176 = CARTESIAN_POINT('',(-13.,28.5,50.999999987451));
#6177 = SURFACE_CURVE('',#6178,(#6182,#6189),.PCURVE_S1.);
#6178 = LINE('',#6179,#6180);
#6179 = CARTESIAN_POINT('',(-13.,28.5,46.));
#6180 = VECTOR('',#6181,1.);
#6181 = DIRECTION('',(0.,0.,1.));
#6182 = PCURVE('',#5607,#6183);
#6183 = DEFINITIONAL_REPRESENTATION('',(#6184),#6188);
#6184 = LINE('',#6185,#6186);
#6185 = CARTESIAN_POINT('',(5.,-2.5));
#6186 = VECTOR('',#6187,1.);
#6187 = DIRECTION('',(1.,0.));
#6188 = ( GEOMETRIC_REPRESENTATION_CONTEXT(2) 
PARAMETRIC_REPRESENTATION_CONTEXT() REPRESENTATION_CONTEXT('2D SPACE',''
  ) );
#6189 = PCURVE('',#6190,#6195);
#6190 = PLANE('',#6191);
#6191 = AXIS2_PLACEMENT_3D('',#6192,#6193,#6194);
#6192 = CARTESIAN_POINT('',(-2.998468119864E-09,28.5,45.999999997807));
#6193 = DIRECTION('',(0.,-1.,0.));
#6194 = DIRECTION('',(1.,0.,0.));
#6195 = DEFINITIONAL_REPRESENTATION('',(#6196),#6200);
#6196 = LINE('',#6197,#6198);
#6197 = CARTESIAN_POINT('',(-12.999999997,2.192796983941E-09));
#6198 = VECTOR('',#6199,1.);
#6199 = DIRECTION('',(0.,1.));
#6200 = ( GEOMETRIC_REPRESENTATION_CONTEXT(2) 
PARAMETRIC_REPRESENTATION_CONTEXT() REPRESENTATION_CONTEXT('2D SPACE',''
  ) );
#6201 = ORIENTED_EDGE('',*,*,#6202,.F.);
#6202 = EDGE_CURVE('',#5593,#6175,#6203,.T.);
#6203 = SURFACE_CURVE('',#6204,(#6208,#6215),.PCURVE_S1.);
#6204 = LINE('',#6205,#6206);
#6205 = CARTESIAN_POINT('',(-13.,31.,50.999999987451));
#6206 = VECTOR('',#6207,1.);
#6207 = DIRECTION('',(0.,-1.,0.));
#6208 = PCURVE('',#5607,#6209);
#6209 = DEFINITIONAL_REPRESENTATION('',(#6210),#6214);
#6210 = LINE('',#6211,#6212);
#6211 = CARTESIAN_POINT('',(9.999999987451,0.));
#6212 = VECTOR('',#6213,1.);
#6213 = DIRECTION('',(0.,-1.));
#6214 = ( GEOMETRIC_REPRESENTATION_CONTEXT(2) 
PARAMETRIC_REPRESENTATION_CONTEXT() REPRESENTATION_CONTEXT('2D SPACE',''
  ) );
#6215 = PCURVE('',#5798,#6216);
#6216 = DEFINITIONAL_REPRESENTATION('',(#6217),#6221);
#6217 = LINE('',#6218,#6219);
#6218 = CARTESIAN_POINT('',(0.,0.));
#6219 = VECTOR('',#6220,1.);
#6220 = DIRECTION('',(0.,-1.));
#6221 = ( GEOMETRIC_REPRESENTATION_CONTEXT(2) 
PARAMETRIC_REPRESENTATION_CONTEXT() REPRESENTATION_CONTEXT('2D SPACE',''
  ) );
#6222 = ADVANCED_FACE('',(#6223),#5798,.F.);
#6223 = FACE_BOUND('',#6224,.F.);
#6224 = EDGE_LOOP('',(#6225,#6226,#6227,#6255));
#6225 = ORIENTED_EDGE('',*,*,#5783,.F.);
#6226 = ORIENTED_EDGE('',*,*,#6202,.T.);
#6227 = ORIENTED_EDGE('',*,*,#6228,.T.);
#6228 = EDGE_CURVE('',#6175,#6229,#6231,.T.);
#6229 = VERTEX_POINT('',#6230);
#6230 = CARTESIAN_POINT('',(-7.,28.5,56.999999993726));
#6231 = SURFACE_CURVE('',#6232,(#6237,#6244),.PCURVE_S1.);
#6232 = CIRCLE('',#6233,6.);
#6233 = AXIS2_PLACEMENT_3D('',#6234,#6235,#6236);
#6234 = CARTESIAN_POINT('',(-7.,28.5,50.999999987451));
#6235 = DIRECTION('',(0.,1.,-0.));
#6236 = DIRECTION('',(-1.,0.,0.));
#6237 = PCURVE('',#5798,#6238);
#6238 = DEFINITIONAL_REPRESENTATION('',(#6239),#6243);
#6239 = LINE('',#6240,#6241);
#6240 = CARTESIAN_POINT('',(0.,-2.5));
#6241 = VECTOR('',#6242,1.);
#6242 = DIRECTION('',(1.,0.));
#6243 = ( GEOMETRIC_REPRESENTATION_CONTEXT(2) 
PARAMETRIC_REPRESENTATION_CONTEXT() REPRESENTATION_CONTEXT('2D SPACE',''
  ) );
#6244 = PCURVE('',#6190,#6245);
#6245 = DEFINITIONAL_REPRESENTATION('',(#6246),#6254);
#6246 = ( BOUNDED_CURVE() B_SPLINE_CURVE(2,(#6247,#6248,#6249,#6250,
#6251,#6252,#6253),.UNSPECIFIED.,.T.,.F.) B_SPLINE_CURVE_WITH_KNOTS((1,2
    ,2,2,2,1),(-2.094395102393,0.,2.094395102393,4.188790204786,
6.28318530718,8.377580409573),.UNSPECIFIED.) CURVE() 
GEOMETRIC_REPRESENTATION_ITEM() RATIONAL_B_SPLINE_CURVE((1.,0.5,1.,0.5,
1.,0.5,1.)) REPRESENTATION_ITEM('') );
#6247 = CARTESIAN_POINT('',(-12.999999997,4.999999989644));
#6248 = CARTESIAN_POINT('',(-12.999999997,15.392304835057));
#6249 = CARTESIAN_POINT('',(-3.999999997002,10.19615241235));
#6250 = CARTESIAN_POINT('',(5.000000002998,4.999999989644));
#6251 = CARTESIAN_POINT('',(-3.999999997002,-0.196152433063));
#6252 = CARTESIAN_POINT('',(-12.999999997,-5.392304855769));
#6253 = CARTESIAN_POINT('',(-12.999999997,4.999999989644));
#6254 = ( GEOMETRIC_REPRESENTATION_CONTEXT(2) 
PARAMETRIC_REPRESENTATION_CONTEXT() REPRESENTATION_CONTEXT('2D SPACE',''
  ) );
#6255 = ORIENTED_EDGE('',*,*,#6256,.F.);
#6256 = EDGE_CURVE('',#5758,#6229,#6257,.T.);
#6257 = SURFACE_CURVE('',#6258,(#6262,#6269),.PCURVE_S1.);
#6258 = LINE('',#6259,#6260);
#6259 = CARTESIAN_POINT('',(-7.,31.,56.999999993726));
#6260 = VECTOR('',#6261,1.);
#6261 = DIRECTION('',(0.,-1.,0.));
#6262 = PCURVE('',#5798,#6263);
#6263 = DEFINITIONAL_REPRESENTATION('',(#6264),#6268);
#6264 = LINE('',#6265,#6266);
#6265 = CARTESIAN_POINT('',(1.570796326795,0.));
#6266 = VECTOR('',#6267,1.);
#6267 = DIRECTION('',(0.,-1.));
#6268 = ( GEOMETRIC_REPRESENTATION_CONTEXT(2) 
PARAMETRIC_REPRESENTATION_CONTEXT() REPRESENTATION_CONTEXT('2D SPACE',''
  ) );
#6269 = PCURVE('',#5772,#6270);
#6270 = DEFINITIONAL_REPRESENTATION('',(#6271),#6275);
#6271 = LINE('',#6272,#6273);
#6272 = CARTESIAN_POINT('',(0.,0.));
#6273 = VECTOR('',#6274,1.);
#6274 = DIRECTION('',(0.,-1.));
#6275 = ( GEOMETRIC_REPRESENTATION_CONTEXT(2) 
PARAMETRIC_REPRESENTATION_CONTEXT() REPRESENTATION_CONTEXT('2D SPACE',''
  ) );
#6276 = ADVANCED_FACE('',(#6277),#5772,.F.);
#6277 = FACE_BOUND('',#6278,.F.);
#6278 = EDGE_LOOP('',(#6279,#6280,#6281,#6304));
#6279 = ORIENTED_EDGE('',*,*,#5757,.F.);
#6280 = ORIENTED_EDGE('',*,*,#6256,.T.);
#6281 = ORIENTED_EDGE('',*,*,#6282,.T.);
#6282 = EDGE_CURVE('',#6229,#6283,#6285,.T.);
#6283 = VERTEX_POINT('',#6284);
#6284 = CARTESIAN_POINT('',(7.,28.5,56.999999993726));
#6285 = SURFACE_CURVE('',#6286,(#6290,#6297),.PCURVE_S1.);
#6286 = LINE('',#6287,#6288);
#6287 = CARTESIAN_POINT('',(0.,28.5,57.));
#6288 = VECTOR('',#6289,1.);
#6289 = DIRECTION('',(1.,0.,0.));
#6290 = PCURVE('',#5772,#6291);
#6291 = DEFINITIONAL_REPRESENTATION('',(#6292),#6296);
#6292 = LINE('',#6293,#6294);
#6293 = CARTESIAN_POINT('',(7.,-2.5));
#6294 = VECTOR('',#6295,1.);
#6295 = DIRECTION('',(1.,0.));
#6296 = ( GEOMETRIC_REPRESENTATION_CONTEXT(2) 
PARAMETRIC_REPRESENTATION_CONTEXT() REPRESENTATION_CONTEXT('2D SPACE',''
  ) );
#6297 = PCURVE('',#6190,#6298);
#6298 = DEFINITIONAL_REPRESENTATION('',(#6299),#6303);
#6299 = LINE('',#6300,#6301);
#6300 = CARTESIAN_POINT('',(2.998468119864E-09,11.000000002193));
#6301 = VECTOR('',#6302,1.);
#6302 = DIRECTION('',(1.,0.));
#6303 = ( GEOMETRIC_REPRESENTATION_CONTEXT(2) 
PARAMETRIC_REPRESENTATION_CONTEXT() REPRESENTATION_CONTEXT('2D SPACE',''
  ) );
#6304 = ORIENTED_EDGE('',*,*,#6305,.F.);
#6305 = EDGE_CURVE('',#5729,#6283,#6306,.T.);
#6306 = SURFACE_CURVE('',#6307,(#6311,#6318),.PCURVE_S1.);
#6307 = LINE('',#6308,#6309);
#6308 = CARTESIAN_POINT('',(7.,31.,56.999999993726));
#6309 = VECTOR('',#6310,1.);
#6310 = DIRECTION('',(0.,-1.,0.));
#6311 = PCURVE('',#5772,#6312);
#6312 = DEFINITIONAL_REPRESENTATION('',(#6313),#6317);
#6313 = LINE('',#6314,#6315);
#6314 = CARTESIAN_POINT('',(14.,0.));
#6315 = VECTOR('',#6316,1.);
#6316 = DIRECTION('',(0.,-1.));
#6317 = ( GEOMETRIC_REPRESENTATION_CONTEXT(2) 
PARAMETRIC_REPRESENTATION_CONTEXT() REPRESENTATION_CONTEXT('2D SPACE',''
  ) );
#6318 = PCURVE('',#5745,#6319);
#6319 = DEFINITIONAL_REPRESENTATION('',(#6320),#6324);
#6320 = LINE('',#6321,#6322);
#6321 = CARTESIAN_POINT('',(1.570796326795,0.));
#6322 = VECTOR('',#6323,1.);
#6323 = DIRECTION('',(0.,-1.));
#6324 = ( GEOMETRIC_REPRESENTATION_CONTEXT(2) 
PARAMETRIC_REPRESENTATION_CONTEXT() REPRESENTATION_CONTEXT('2D SPACE',''
  ) );
#6325 = ADVANCED_FACE('',(#6326),#5745,.F.);
#6326 = FACE_BOUND('',#6327,.F.);
#6327 = EDGE_LOOP('',(#6328,#6329,#6330,#6358));
#6328 = ORIENTED_EDGE('',*,*,#5728,.F.);
#6329 = ORIENTED_EDGE('',*,*,#6305,.T.);
#6330 = ORIENTED_EDGE('',*,*,#6331,.T.);
#6331 = EDGE_CURVE('',#6283,#6332,#6334,.T.);
#6332 = VERTEX_POINT('',#6333);
#6333 = CARTESIAN_POINT('',(13.,28.5,50.999999987451));
#6334 = SURFACE_CURVE('',#6335,(#6340,#6347),.PCURVE_S1.);
#6335 = CIRCLE('',#6336,6.);
#6336 = AXIS2_PLACEMENT_3D('',#6337,#6338,#6339);
#6337 = CARTESIAN_POINT('',(7.,28.5,50.999999987451));
#6338 = DIRECTION('',(0.,1.,-0.));
#6339 = DIRECTION('',(-1.,0.,0.));
#6340 = PCURVE('',#5745,#6341);
#6341 = DEFINITIONAL_REPRESENTATION('',(#6342),#6346);
#6342 = LINE('',#6343,#6344);
#6343 = CARTESIAN_POINT('',(0.,-2.5));
#6344 = VECTOR('',#6345,1.);
#6345 = DIRECTION('',(1.,0.));
#6346 = ( GEOMETRIC_REPRESENTATION_CONTEXT(2) 
PARAMETRIC_REPRESENTATION_CONTEXT() REPRESENTATION_CONTEXT('2D SPACE',''
  ) );
#6347 = PCURVE('',#6190,#6348);
#6348 = DEFINITIONAL_REPRESENTATION('',(#6349),#6357);
#6349 = ( BOUNDED_CURVE() B_SPLINE_CURVE(2,(#6350,#6351,#6352,#6353,
#6354,#6355,#6356),.UNSPECIFIED.,.T.,.F.) B_SPLINE_CURVE_WITH_KNOTS((1,2
    ,2,2,2,1),(-2.094395102393,0.,2.094395102393,4.188790204786,
6.28318530718,8.377580409573),.UNSPECIFIED.) CURVE() 
GEOMETRIC_REPRESENTATION_ITEM() RATIONAL_B_SPLINE_CURVE((1.,0.5,1.,0.5,
1.,0.5,1.)) REPRESENTATION_ITEM('') );
#6350 = CARTESIAN_POINT('',(1.000000002998,4.999999989644));
#6351 = CARTESIAN_POINT('',(1.000000002998,15.392304835057));
#6352 = CARTESIAN_POINT('',(10.000000002998,10.19615241235));
#6353 = CARTESIAN_POINT('',(19.000000002998,4.999999989644));
#6354 = CARTESIAN_POINT('',(10.000000002998,-0.196152433063));
#6355 = CARTESIAN_POINT('',(1.000000002998,-5.392304855769));
#6356 = CARTESIAN_POINT('',(1.000000002998,4.999999989644));
#6357 = ( GEOMETRIC_REPRESENTATION_CONTEXT(2) 
PARAMETRIC_REPRESENTATION_CONTEXT() REPRESENTATION_CONTEXT('2D SPACE',''
  ) );
#6358 = ORIENTED_EDGE('',*,*,#6359,.F.);
#6359 = EDGE_CURVE('',#5703,#6332,#6360,.T.);
#6360 = SURFACE_CURVE('',#6361,(#6365,#6372),.PCURVE_S1.);
#6361 = LINE('',#6362,#6363);
#6362 = CARTESIAN_POINT('',(13.,31.,50.999999987451));
#6363 = VECTOR('',#6364,1.);
#6364 = DIRECTION('',(0.,-1.,0.));
#6365 = PCURVE('',#5745,#6366);
#6366 = DEFINITIONAL_REPRESENTATION('',(#6367),#6371);
#6367 = LINE('',#6368,#6369);
#6368 = CARTESIAN_POINT('',(3.14159265359,0.));
#6369 = VECTOR('',#6370,1.);
#6370 = DIRECTION('',(0.,-1.));
#6371 = ( GEOMETRIC_REPRESENTATION_CONTEXT(2) 
PARAMETRIC_REPRESENTATION_CONTEXT() REPRESENTATION_CONTEXT('2D SPACE',''
  ) );
#6372 = PCURVE('',#5717,#6373);
#6373 = DEFINITIONAL_REPRESENTATION('',(#6374),#6378);
#6374 = LINE('',#6375,#6376);
#6375 = CARTESIAN_POINT('',(9.999999987451,0.));
#6376 = VECTOR('',#6377,1.);
#6377 = DIRECTION('',(0.,-1.));
#6378 = ( GEOMETRIC_REPRESENTATION_CONTEXT(2) 
PARAMETRIC_REPRESENTATION_CONTEXT() REPRESENTATION_CONTEXT('2D SPACE',''
  ) );
#6379 = ADVANCED_FACE('',(#6380),#5717,.T.);
#6380 = FACE_BOUND('',#6381,.T.);
#6381 = EDGE_LOOP('',(#6382,#6383,#6406,#6427));
#6382 = ORIENTED_EDGE('',*,*,#5702,.F.);
#6383 = ORIENTED_EDGE('',*,*,#6384,.T.);
#6384 = EDGE_CURVE('',#5674,#6385,#6387,.T.);
#6385 = VERTEX_POINT('',#6386);
#6386 = CARTESIAN_POINT('',(12.999999992165,28.5,41.));
#6387 = SURFACE_CURVE('',#6388,(#6392,#6399),.PCURVE_S1.);
#6388 = LINE('',#6389,#6390);
#6389 = CARTESIAN_POINT('',(12.999999992165,31.,41.));
#6390 = VECTOR('',#6391,1.);
#6391 = DIRECTION('',(0.,-1.,0.));
#6392 = PCURVE('',#5717,#6393);
#6393 = DEFINITIONAL_REPRESENTATION('',(#6394),#6398);
#6394 = LINE('',#6395,#6396);
#6395 = CARTESIAN_POINT('',(0.,0.));
#6396 = VECTOR('',#6397,1.);
#6397 = DIRECTION('',(0.,-1.));
#6398 = ( GEOMETRIC_REPRESENTATION_CONTEXT(2) 
PARAMETRIC_REPRESENTATION_CONTEXT() REPRESENTATION_CONTEXT('2D SPACE',''
  ) );
#6399 = PCURVE('',#5690,#6400);
#6400 = DEFINITIONAL_REPRESENTATION('',(#6401),#6405);
#6401 = LINE('',#6402,#6403);
#6402 = CARTESIAN_POINT('',(3.14159265359,0.));
#6403 = VECTOR('',#6404,1.);
#6404 = DIRECTION('',(0.,-1.));
#6405 = ( GEOMETRIC_REPRESENTATION_CONTEXT(2) 
PARAMETRIC_REPRESENTATION_CONTEXT() REPRESENTATION_CONTEXT('2D SPACE',''
  ) );
#6406 = ORIENTED_EDGE('',*,*,#6407,.T.);
#6407 = EDGE_CURVE('',#6385,#6332,#6408,.T.);
#6408 = SURFACE_CURVE('',#6409,(#6413,#6420),.PCURVE_S1.);
#6409 = LINE('',#6410,#6411);
#6410 = CARTESIAN_POINT('',(13.,28.5,46.));
#6411 = VECTOR('',#6412,1.);
#6412 = DIRECTION('',(0.,0.,1.));
#6413 = PCURVE('',#5717,#6414);
#6414 = DEFINITIONAL_REPRESENTATION('',(#6415),#6419);
#6415 = LINE('',#6416,#6417);
#6416 = CARTESIAN_POINT('',(5.,-2.5));
#6417 = VECTOR('',#6418,1.);
#6418 = DIRECTION('',(1.,0.));
#6419 = ( GEOMETRIC_REPRESENTATION_CONTEXT(2) 
PARAMETRIC_REPRESENTATION_CONTEXT() REPRESENTATION_CONTEXT('2D SPACE',''
  ) );
#6420 = PCURVE('',#6190,#6421);
#6421 = DEFINITIONAL_REPRESENTATION('',(#6422),#6426);
#6422 = LINE('',#6423,#6424);
#6423 = CARTESIAN_POINT('',(13.000000002998,2.192796983941E-09));
#6424 = VECTOR('',#6425,1.);
#6425 = DIRECTION('',(0.,1.));
#6426 = ( GEOMETRIC_REPRESENTATION_CONTEXT(2) 
PARAMETRIC_REPRESENTATION_CONTEXT() REPRESENTATION_CONTEXT('2D SPACE',''
  ) );
#6427 = ORIENTED_EDGE('',*,*,#6359,.F.);
#6428 = ADVANCED_FACE('',(#6429),#5690,.F.);
#6429 = FACE_BOUND('',#6430,.F.);
#6430 = EDGE_LOOP('',(#6431,#6432,#6433,#6461));
#6431 = ORIENTED_EDGE('',*,*,#5673,.F.);
#6432 = ORIENTED_EDGE('',*,*,#6384,.T.);
#6433 = ORIENTED_EDGE('',*,*,#6434,.T.);
#6434 = EDGE_CURVE('',#6385,#6435,#6437,.T.);
#6435 = VERTEX_POINT('',#6436);
#6436 = CARTESIAN_POINT('',(6.999999984331,28.5,35.));
#6437 = SURFACE_CURVE('',#6438,(#6443,#6450),.PCURVE_S1.);
#6438 = CIRCLE('',#6439,6.);
#6439 = AXIS2_PLACEMENT_3D('',#6440,#6441,#6442);
#6440 = CARTESIAN_POINT('',(6.999999984331,28.5,41.));
#6441 = DIRECTION('',(0.,1.,-0.));
#6442 = DIRECTION('',(-1.,0.,0.));
#6443 = PCURVE('',#5690,#6444);
#6444 = DEFINITIONAL_REPRESENTATION('',(#6445),#6449);
#6445 = LINE('',#6446,#6447);
#6446 = CARTESIAN_POINT('',(0.,-2.5));
#6447 = VECTOR('',#6448,1.);
#6448 = DIRECTION('',(1.,0.));
#6449 = ( GEOMETRIC_REPRESENTATION_CONTEXT(2) 
PARAMETRIC_REPRESENTATION_CONTEXT() REPRESENTATION_CONTEXT('2D SPACE',''
  ) );
#6450 = PCURVE('',#6190,#6451);
#6451 = DEFINITIONAL_REPRESENTATION('',(#6452),#6460);
#6452 = ( BOUNDED_CURVE() B_SPLINE_CURVE(2,(#6453,#6454,#6455,#6456,
#6457,#6458,#6459),.UNSPECIFIED.,.T.,.F.) B_SPLINE_CURVE_WITH_KNOTS((1,2
    ,2,2,2,1),(-2.094395102393,0.,2.094395102393,4.188790204786,
6.28318530718,8.377580409573),.UNSPECIFIED.) CURVE() 
GEOMETRIC_REPRESENTATION_ITEM() RATIONAL_B_SPLINE_CURVE((1.,0.5,1.,0.5,
1.,0.5,1.)) REPRESENTATION_ITEM('') );
#6453 = CARTESIAN_POINT('',(0.999999987329,-4.999999997807));
#6454 = CARTESIAN_POINT('',(0.999999987329,5.392304847606));
#6455 = CARTESIAN_POINT('',(9.999999987329,0.196152424899));
#6456 = CARTESIAN_POINT('',(18.999999987329,-4.999999997807));
#6457 = CARTESIAN_POINT('',(9.999999987329,-10.19615242051));
#6458 = CARTESIAN_POINT('',(0.999999987329,-15.39230484322));
#6459 = CARTESIAN_POINT('',(0.999999987329,-4.999999997807));
#6460 = ( GEOMETRIC_REPRESENTATION_CONTEXT(2) 
PARAMETRIC_REPRESENTATION_CONTEXT() REPRESENTATION_CONTEXT('2D SPACE',''
  ) );
#6461 = ORIENTED_EDGE('',*,*,#6462,.F.);
#6462 = EDGE_CURVE('',#5648,#6435,#6463,.T.);
#6463 = SURFACE_CURVE('',#6464,(#6468,#6475),.PCURVE_S1.);
#6464 = LINE('',#6465,#6466);
#6465 = CARTESIAN_POINT('',(6.999999984331,31.,35.));
#6466 = VECTOR('',#6467,1.);
#6467 = DIRECTION('',(0.,-1.,0.));
#6468 = PCURVE('',#5690,#6469);
#6469 = DEFINITIONAL_REPRESENTATION('',(#6470),#6474);
#6470 = LINE('',#6471,#6472);
#6471 = CARTESIAN_POINT('',(4.712388980385,0.));
#6472 = VECTOR('',#6473,1.);
#6473 = DIRECTION('',(0.,-1.));
#6474 = ( GEOMETRIC_REPRESENTATION_CONTEXT(2) 
PARAMETRIC_REPRESENTATION_CONTEXT() REPRESENTATION_CONTEXT('2D SPACE',''
  ) );
#6475 = PCURVE('',#5662,#6476);
#6476 = DEFINITIONAL_REPRESENTATION('',(#6477),#6481);
#6477 = LINE('',#6478,#6479);
#6478 = CARTESIAN_POINT('',(13.999999984331,0.));
#6479 = VECTOR('',#6480,1.);
#6480 = DIRECTION('',(0.,-1.));
#6481 = ( GEOMETRIC_REPRESENTATION_CONTEXT(2) 
PARAMETRIC_REPRESENTATION_CONTEXT() REPRESENTATION_CONTEXT('2D SPACE',''
  ) );
#6482 = ADVANCED_FACE('',(#6483),#5662,.T.);
#6483 = FACE_BOUND('',#6484,.T.);
#6484 = EDGE_LOOP('',(#6485,#6486,#6509,#6530));
#6485 = ORIENTED_EDGE('',*,*,#5647,.F.);
#6486 = ORIENTED_EDGE('',*,*,#6487,.T.);
#6487 = EDGE_CURVE('',#5619,#6488,#6490,.T.);
#6488 = VERTEX_POINT('',#6489);
#6489 = CARTESIAN_POINT('',(-7.,28.5,35.));
#6490 = SURFACE_CURVE('',#6491,(#6495,#6502),.PCURVE_S1.);
#6491 = LINE('',#6492,#6493);
#6492 = CARTESIAN_POINT('',(-7.,31.,35.));
#6493 = VECTOR('',#6494,1.);
#6494 = DIRECTION('',(0.,-1.,0.));
#6495 = PCURVE('',#5662,#6496);
#6496 = DEFINITIONAL_REPRESENTATION('',(#6497),#6501);
#6497 = LINE('',#6498,#6499);
#6498 = CARTESIAN_POINT('',(0.,0.));
#6499 = VECTOR('',#6500,1.);
#6500 = DIRECTION('',(0.,-1.));
#6501 = ( GEOMETRIC_REPRESENTATION_CONTEXT(2) 
PARAMETRIC_REPRESENTATION_CONTEXT() REPRESENTATION_CONTEXT('2D SPACE',''
  ) );
#6502 = PCURVE('',#5635,#6503);
#6503 = DEFINITIONAL_REPRESENTATION('',(#6504),#6508);
#6504 = LINE('',#6505,#6506);
#6505 = CARTESIAN_POINT('',(4.712388980385,0.));
#6506 = VECTOR('',#6507,1.);
#6507 = DIRECTION('',(0.,-1.));
#6508 = ( GEOMETRIC_REPRESENTATION_CONTEXT(2) 
PARAMETRIC_REPRESENTATION_CONTEXT() REPRESENTATION_CONTEXT('2D SPACE',''
  ) );
#6509 = ORIENTED_EDGE('',*,*,#6510,.T.);
#6510 = EDGE_CURVE('',#6488,#6435,#6511,.T.);
#6511 = SURFACE_CURVE('',#6512,(#6516,#6523),.PCURVE_S1.);
#6512 = LINE('',#6513,#6514);
#6513 = CARTESIAN_POINT('',(0.,28.5,35.));
#6514 = VECTOR('',#6515,1.);
#6515 = DIRECTION('',(1.,0.,0.));
#6516 = PCURVE('',#5662,#6517);
#6517 = DEFINITIONAL_REPRESENTATION('',(#6518),#6522);
#6518 = LINE('',#6519,#6520);
#6519 = CARTESIAN_POINT('',(7.,-2.5));
#6520 = VECTOR('',#6521,1.);
#6521 = DIRECTION('',(1.,0.));
#6522 = ( GEOMETRIC_REPRESENTATION_CONTEXT(2) 
PARAMETRIC_REPRESENTATION_CONTEXT() REPRESENTATION_CONTEXT('2D SPACE',''
  ) );
#6523 = PCURVE('',#6190,#6524);
#6524 = DEFINITIONAL_REPRESENTATION('',(#6525),#6529);
#6525 = LINE('',#6526,#6527);
#6526 = CARTESIAN_POINT('',(2.998468119864E-09,-10.9999999978));
#6527 = VECTOR('',#6528,1.);
#6528 = DIRECTION('',(1.,0.));
#6529 = ( GEOMETRIC_REPRESENTATION_CONTEXT(2) 
PARAMETRIC_REPRESENTATION_CONTEXT() REPRESENTATION_CONTEXT('2D SPACE',''
  ) );
#6530 = ORIENTED_EDGE('',*,*,#6462,.F.);
#6531 = ADVANCED_FACE('',(#6532),#5635,.F.);
#6532 = FACE_BOUND('',#6533,.F.);
#6533 = EDGE_LOOP('',(#6534,#6535,#6536,#6562));
#6534 = ORIENTED_EDGE('',*,*,#5618,.F.);
#6535 = ORIENTED_EDGE('',*,*,#6487,.T.);
#6536 = ORIENTED_EDGE('',*,*,#6537,.T.);
#6537 = EDGE_CURVE('',#6488,#6152,#6538,.T.);
#6538 = SURFACE_CURVE('',#6539,(#6544,#6551),.PCURVE_S1.);
#6539 = CIRCLE('',#6540,6.);
#6540 = AXIS2_PLACEMENT_3D('',#6541,#6542,#6543);
#6541 = CARTESIAN_POINT('',(-7.,28.5,41.));
#6542 = DIRECTION('',(0.,1.,-0.));
#6543 = DIRECTION('',(-1.,0.,0.));
#6544 = PCURVE('',#5635,#6545);
#6545 = DEFINITIONAL_REPRESENTATION('',(#6546),#6550);
#6546 = LINE('',#6547,#6548);
#6547 = CARTESIAN_POINT('',(0.,-2.5));
#6548 = VECTOR('',#6549,1.);
#6549 = DIRECTION('',(1.,0.));
#6550 = ( GEOMETRIC_REPRESENTATION_CONTEXT(2) 
PARAMETRIC_REPRESENTATION_CONTEXT() REPRESENTATION_CONTEXT('2D SPACE',''
  ) );
#6551 = PCURVE('',#6190,#6552);
#6552 = DEFINITIONAL_REPRESENTATION('',(#6553),#6561);
#6553 = ( BOUNDED_CURVE() B_SPLINE_CURVE(2,(#6554,#6555,#6556,#6557,
#6558,#6559,#6560),.UNSPECIFIED.,.T.,.F.) B_SPLINE_CURVE_WITH_KNOTS((1,2
    ,2,2,2,1),(-2.094395102393,0.,2.094395102393,4.188790204786,
6.28318530718,8.377580409573),.UNSPECIFIED.) CURVE() 
GEOMETRIC_REPRESENTATION_ITEM() RATIONAL_B_SPLINE_CURVE((1.,0.5,1.,0.5,
1.,0.5,1.)) REPRESENTATION_ITEM('') );
#6554 = CARTESIAN_POINT('',(-12.999999997,-4.999999997807));
#6555 = CARTESIAN_POINT('',(-12.999999997,5.392304847606));
#6556 = CARTESIAN_POINT('',(-3.999999997002,0.196152424899));
#6557 = CARTESIAN_POINT('',(5.000000002998,-4.999999997807));
#6558 = CARTESIAN_POINT('',(-3.999999997002,-10.19615242051));
#6559 = CARTESIAN_POINT('',(-12.999999997,-15.39230484322));
#6560 = CARTESIAN_POINT('',(-12.999999997,-4.999999997807));
#6561 = ( GEOMETRIC_REPRESENTATION_CONTEXT(2) 
PARAMETRIC_REPRESENTATION_CONTEXT() REPRESENTATION_CONTEXT('2D SPACE',''
  ) );
#6562 = ORIENTED_EDGE('',*,*,#6151,.F.);
#6563 = ADVANCED_FACE('',(#6564),#5829,.F.);
#6564 = FACE_BOUND('',#6565,.F.);
#6565 = EDGE_LOOP('',(#6566,#6567,#6590,#6618));
#6566 = ORIENTED_EDGE('',*,*,#5812,.F.);
#6567 = ORIENTED_EDGE('',*,*,#6568,.T.);
#6568 = EDGE_CURVE('',#5813,#6569,#6571,.T.);
#6569 = VERTEX_POINT('',#6570);
#6570 = CARTESIAN_POINT('',(-26.,28.8,89.999999999999));
#6571 = SURFACE_CURVE('',#6572,(#6576,#6583),.PCURVE_S1.);
#6572 = LINE('',#6573,#6574);
#6573 = CARTESIAN_POINT('',(-26.,31.,89.999999999999));
#6574 = VECTOR('',#6575,1.);
#6575 = DIRECTION('',(0.,-1.,0.));
#6576 = PCURVE('',#5829,#6577);
#6577 = DEFINITIONAL_REPRESENTATION('',(#6578),#6582);
#6578 = LINE('',#6579,#6580);
#6579 = CARTESIAN_POINT('',(0.,0.));
#6580 = VECTOR('',#6581,1.);
#6581 = DIRECTION('',(0.,-1.));
#6582 = ( GEOMETRIC_REPRESENTATION_CONTEXT(2) 
PARAMETRIC_REPRESENTATION_CONTEXT() REPRESENTATION_CONTEXT('2D SPACE',''
  ) );
#6583 = PCURVE('',#5857,#6584);
#6584 = DEFINITIONAL_REPRESENTATION('',(#6585),#6589);
#6585 = LINE('',#6586,#6587);
#6586 = CARTESIAN_POINT('',(-3.14159265359,0.));
#6587 = VECTOR('',#6588,1.);
#6588 = DIRECTION('',(-0.,-1.));
#6589 = ( GEOMETRIC_REPRESENTATION_CONTEXT(2) 
PARAMETRIC_REPRESENTATION_CONTEXT() REPRESENTATION_CONTEXT('2D SPACE',''
  ) );
#6590 = ORIENTED_EDGE('',*,*,#6591,.T.);
#6591 = EDGE_CURVE('',#6569,#6592,#6594,.T.);
#6592 = VERTEX_POINT('',#6593);
#6593 = CARTESIAN_POINT('',(-26.,28.8,125.9999999952));
#6594 = SURFACE_CURVE('',#6595,(#6599,#6606),.PCURVE_S1.);
#6595 = LINE('',#6596,#6597);
#6596 = CARTESIAN_POINT('',(-26.,28.8,108.));
#6597 = VECTOR('',#6598,1.);
#6598 = DIRECTION('',(0.,0.,1.));
#6599 = PCURVE('',#5829,#6600);
#6600 = DEFINITIONAL_REPRESENTATION('',(#6601),#6605);
#6601 = LINE('',#6602,#6603);
#6602 = CARTESIAN_POINT('',(18.000000000001,-2.2));
#6603 = VECTOR('',#6604,1.);
#6604 = DIRECTION('',(1.,0.));
#6605 = ( GEOMETRIC_REPRESENTATION_CONTEXT(2) 
PARAMETRIC_REPRESENTATION_CONTEXT() REPRESENTATION_CONTEXT('2D SPACE',''
  ) );
#6606 = PCURVE('',#6607,#6612);
#6607 = PLANE('',#6608);
#6608 = AXIS2_PLACEMENT_3D('',#6609,#6610,#6611);
#6609 = CARTESIAN_POINT('',(8.073305909092E-16,28.8,107.99999999887));
#6610 = DIRECTION('',(0.,-1.,0.));
#6611 = DIRECTION('',(1.,0.,0.));
#6612 = DEFINITIONAL_REPRESENTATION('',(#6613),#6617);
#6613 = LINE('',#6614,#6615);
#6614 = CARTESIAN_POINT('',(-26.,1.121470495018E-09));
#6615 = VECTOR('',#6616,1.);
#6616 = DIRECTION('',(0.,1.));
#6617 = ( GEOMETRIC_REPRESENTATION_CONTEXT(2) 
PARAMETRIC_REPRESENTATION_CONTEXT() REPRESENTATION_CONTEXT('2D SPACE',''
  ) );
#6618 = ORIENTED_EDGE('',*,*,#6619,.F.);
#6619 = EDGE_CURVE('',#5815,#6592,#6620,.T.);
#6620 = SURFACE_CURVE('',#6621,(#6625,#6632),.PCURVE_S1.);
#6621 = LINE('',#6622,#6623);
#6622 = CARTESIAN_POINT('',(-26.,31.,125.9999999952));
#6623 = VECTOR('',#6624,1.);
#6624 = DIRECTION('',(0.,-1.,0.));
#6625 = PCURVE('',#5829,#6626);
#6626 = DEFINITIONAL_REPRESENTATION('',(#6627),#6631);
#6627 = LINE('',#6628,#6629);
#6628 = CARTESIAN_POINT('',(35.999999995209,0.));
#6629 = VECTOR('',#6630,1.);
#6630 = DIRECTION('',(0.,-1.));
#6631 = ( GEOMETRIC_REPRESENTATION_CONTEXT(2) 
PARAMETRIC_REPRESENTATION_CONTEXT() REPRESENTATION_CONTEXT('2D SPACE',''
  ) );
#6632 = PCURVE('',#6074,#6633);
#6633 = DEFINITIONAL_REPRESENTATION('',(#6634),#6638);
#6634 = LINE('',#6635,#6636);
#6635 = CARTESIAN_POINT('',(-3.14159265359,0.));
#6636 = VECTOR('',#6637,1.);
#6637 = DIRECTION('',(-0.,-1.));
#6638 = ( GEOMETRIC_REPRESENTATION_CONTEXT(2) 
PARAMETRIC_REPRESENTATION_CONTEXT() REPRESENTATION_CONTEXT('2D SPACE',''
  ) );
#6639 = ADVANCED_FACE('',(#6640),#5857,.F.);
#6640 = FACE_BOUND('',#6641,.T.);
#6641 = EDGE_LOOP('',(#6642,#6643,#6644,#6668));
#6642 = ORIENTED_EDGE('',*,*,#5840,.T.);
#6643 = ORIENTED_EDGE('',*,*,#6568,.T.);
#6644 = ORIENTED_EDGE('',*,*,#6645,.T.);
#6645 = EDGE_CURVE('',#6569,#6646,#6648,.T.);
#6646 = VERTEX_POINT('',#6647);
#6647 = CARTESIAN_POINT('',(-24.,28.8,88.));
#6648 = SURFACE_CURVE('',#6649,(#6654,#6661),.PCURVE_S1.);
#6649 = CIRCLE('',#6650,2.);
#6650 = AXIS2_PLACEMENT_3D('',#6651,#6652,#6653);
#6651 = CARTESIAN_POINT('',(-24.,28.8,89.999999999999));
#6652 = DIRECTION('',(0.,-1.,0.));
#6653 = DIRECTION('',(1.,0.,0.));
#6654 = PCURVE('',#5857,#6655);
#6655 = DEFINITIONAL_REPRESENTATION('',(#6656),#6660);
#6656 = LINE('',#6657,#6658);
#6657 = CARTESIAN_POINT('',(-0.,-2.2));
#6658 = VECTOR('',#6659,1.);
#6659 = DIRECTION('',(-1.,0.));
#6660 = ( GEOMETRIC_REPRESENTATION_CONTEXT(2) 
PARAMETRIC_REPRESENTATION_CONTEXT() REPRESENTATION_CONTEXT('2D SPACE',''
  ) );
#6661 = PCURVE('',#6607,#6662);
#6662 = DEFINITIONAL_REPRESENTATION('',(#6663),#6667);
#6663 = CIRCLE('',#6664,2.);
#6664 = AXIS2_PLACEMENT_2D('',#6665,#6666);
#6665 = CARTESIAN_POINT('',(-24.,-17.99999999888));
#6666 = DIRECTION('',(1.,0.));
#6667 = ( GEOMETRIC_REPRESENTATION_CONTEXT(2) 
PARAMETRIC_REPRESENTATION_CONTEXT() REPRESENTATION_CONTEXT('2D SPACE',''
  ) );
#6668 = ORIENTED_EDGE('',*,*,#6669,.F.);
#6669 = EDGE_CURVE('',#5841,#6646,#6670,.T.);
#6670 = SURFACE_CURVE('',#6671,(#6675,#6682),.PCURVE_S1.);
#6671 = LINE('',#6672,#6673);
#6672 = CARTESIAN_POINT('',(-24.,31.,88.));
#6673 = VECTOR('',#6674,1.);
#6674 = DIRECTION('',(0.,-1.,0.));
#6675 = PCURVE('',#5857,#6676);
#6676 = DEFINITIONAL_REPRESENTATION('',(#6677),#6681);
#6677 = LINE('',#6678,#6679);
#6678 = CARTESIAN_POINT('',(-4.712388980385,0.));
#6679 = VECTOR('',#6680,1.);
#6680 = DIRECTION('',(-0.,-1.));
#6681 = ( GEOMETRIC_REPRESENTATION_CONTEXT(2) 
PARAMETRIC_REPRESENTATION_CONTEXT() REPRESENTATION_CONTEXT('2D SPACE',''
  ) );
#6682 = PCURVE('',#5884,#6683);
#6683 = DEFINITIONAL_REPRESENTATION('',(#6684),#6688);
#6684 = LINE('',#6685,#6686);
#6685 = CARTESIAN_POINT('',(0.,0.));
#6686 = VECTOR('',#6687,1.);
#6687 = DIRECTION('',(0.,-1.));
#6688 = ( GEOMETRIC_REPRESENTATION_CONTEXT(2) 
PARAMETRIC_REPRESENTATION_CONTEXT() REPRESENTATION_CONTEXT('2D SPACE',''
  ) );
#6689 = ADVANCED_FACE('',(#6690),#6074,.F.);
#6690 = FACE_BOUND('',#6691,.T.);
#6691 = EDGE_LOOP('',(#6692,#6693,#6716,#6738));
#6692 = ORIENTED_EDGE('',*,*,#6059,.T.);
#6693 = ORIENTED_EDGE('',*,*,#6694,.T.);
#6694 = EDGE_CURVE('',#6034,#6695,#6697,.T.);
#6695 = VERTEX_POINT('',#6696);
#6696 = CARTESIAN_POINT('',(-24.,28.8,127.9999999976));
#6697 = SURFACE_CURVE('',#6698,(#6702,#6709),.PCURVE_S1.);
#6698 = LINE('',#6699,#6700);
#6699 = CARTESIAN_POINT('',(-24.,31.,127.9999999976));
#6700 = VECTOR('',#6701,1.);
#6701 = DIRECTION('',(0.,-1.,0.));
#6702 = PCURVE('',#6074,#6703);
#6703 = DEFINITIONAL_REPRESENTATION('',(#6704),#6708);
#6704 = LINE('',#6705,#6706);
#6705 = CARTESIAN_POINT('',(-1.570796326795,0.));
#6706 = VECTOR('',#6707,1.);
#6707 = DIRECTION('',(-0.,-1.));
#6708 = ( GEOMETRIC_REPRESENTATION_CONTEXT(2) 
PARAMETRIC_REPRESENTATION_CONTEXT() REPRESENTATION_CONTEXT('2D SPACE',''
  ) );
#6709 = PCURVE('',#6048,#6710);
#6710 = DEFINITIONAL_REPRESENTATION('',(#6711),#6715);
#6711 = LINE('',#6712,#6713);
#6712 = CARTESIAN_POINT('',(0.,0.));
#6713 = VECTOR('',#6714,1.);
#6714 = DIRECTION('',(0.,-1.));
#6715 = ( GEOMETRIC_REPRESENTATION_CONTEXT(2) 
PARAMETRIC_REPRESENTATION_CONTEXT() REPRESENTATION_CONTEXT('2D SPACE',''
  ) );
#6716 = ORIENTED_EDGE('',*,*,#6717,.T.);
#6717 = EDGE_CURVE('',#6695,#6592,#6718,.T.);
#6718 = SURFACE_CURVE('',#6719,(#6724,#6731),.PCURVE_S1.);
#6719 = CIRCLE('',#6720,2.);
#6720 = AXIS2_PLACEMENT_3D('',#6721,#6722,#6723);
#6721 = CARTESIAN_POINT('',(-24.,28.8,125.9999999952));
#6722 = DIRECTION('',(0.,-1.,0.));
#6723 = DIRECTION('',(1.,0.,0.));
#6724 = PCURVE('',#6074,#6725);
#6725 = DEFINITIONAL_REPRESENTATION('',(#6726),#6730);
#6726 = LINE('',#6727,#6728);
#6727 = CARTESIAN_POINT('',(-0.,-2.2));
#6728 = VECTOR('',#6729,1.);
#6729 = DIRECTION('',(-1.,0.));
#6730 = ( GEOMETRIC_REPRESENTATION_CONTEXT(2) 
PARAMETRIC_REPRESENTATION_CONTEXT() REPRESENTATION_CONTEXT('2D SPACE',''
  ) );
#6731 = PCURVE('',#6607,#6732);
#6732 = DEFINITIONAL_REPRESENTATION('',(#6733),#6737);
#6733 = CIRCLE('',#6734,2.);
#6734 = AXIS2_PLACEMENT_2D('',#6735,#6736);
#6735 = CARTESIAN_POINT('',(-24.,17.999999996329));
#6736 = DIRECTION('',(1.,0.));
#6737 = ( GEOMETRIC_REPRESENTATION_CONTEXT(2) 
PARAMETRIC_REPRESENTATION_CONTEXT() REPRESENTATION_CONTEXT('2D SPACE',''
  ) );
#6738 = ORIENTED_EDGE('',*,*,#6619,.F.);
#6739 = ADVANCED_FACE('',(#6740),#5884,.T.);
#6740 = FACE_BOUND('',#6741,.T.);
#6741 = EDGE_LOOP('',(#6742,#6743,#6744,#6767,#6788,#6789,#6810,#6836));
#6742 = ORIENTED_EDGE('',*,*,#5869,.F.);
#6743 = ORIENTED_EDGE('',*,*,#6669,.T.);
#6744 = ORIENTED_EDGE('',*,*,#6745,.T.);
#6745 = EDGE_CURVE('',#6646,#6746,#6748,.T.);
#6746 = VERTEX_POINT('',#6747);
#6747 = CARTESIAN_POINT('',(24.,28.8,88.));
#6748 = SURFACE_CURVE('',#6749,(#6753,#6760),.PCURVE_S1.);
#6749 = LINE('',#6750,#6751);
#6750 = CARTESIAN_POINT('',(0.,28.8,88.000000000001));
#6751 = VECTOR('',#6752,1.);
#6752 = DIRECTION('',(1.,0.,0.));
#6753 = PCURVE('',#5884,#6754);
#6754 = DEFINITIONAL_REPRESENTATION('',(#6755),#6759);
#6755 = LINE('',#6756,#6757);
#6756 = CARTESIAN_POINT('',(24.,-2.2));
#6757 = VECTOR('',#6758,1.);
#6758 = DIRECTION('',(1.,0.));
#6759 = ( GEOMETRIC_REPRESENTATION_CONTEXT(2) 
PARAMETRIC_REPRESENTATION_CONTEXT() REPRESENTATION_CONTEXT('2D SPACE',''
  ) );
#6760 = PCURVE('',#6607,#6761);
#6761 = DEFINITIONAL_REPRESENTATION('',(#6762),#6766);
#6762 = LINE('',#6763,#6764);
#6763 = CARTESIAN_POINT('',(-8.073305909092E-16,-19.99999999887));
#6764 = VECTOR('',#6765,1.);
#6765 = DIRECTION('',(1.,0.));
#6766 = ( GEOMETRIC_REPRESENTATION_CONTEXT(2) 
PARAMETRIC_REPRESENTATION_CONTEXT() REPRESENTATION_CONTEXT('2D SPACE',''
  ) );
#6767 = ORIENTED_EDGE('',*,*,#6768,.F.);
#6768 = EDGE_CURVE('',#5929,#6746,#6769,.T.);
#6769 = SURFACE_CURVE('',#6770,(#6774,#6781),.PCURVE_S1.);
#6770 = LINE('',#6771,#6772);
#6771 = CARTESIAN_POINT('',(24.,31.,88.));
#6772 = VECTOR('',#6773,1.);
#6773 = DIRECTION('',(0.,-1.,0.));
#6774 = PCURVE('',#5884,#6775);
#6775 = DEFINITIONAL_REPRESENTATION('',(#6776),#6780);
#6776 = LINE('',#6777,#6778);
#6777 = CARTESIAN_POINT('',(48.,0.));
#6778 = VECTOR('',#6779,1.);
#6779 = DIRECTION('',(0.,-1.));
#6780 = ( GEOMETRIC_REPRESENTATION_CONTEXT(2) 
PARAMETRIC_REPRESENTATION_CONTEXT() REPRESENTATION_CONTEXT('2D SPACE',''
  ) );
#6781 = PCURVE('',#5966,#6782);
#6782 = DEFINITIONAL_REPRESENTATION('',(#6783),#6787);
#6783 = LINE('',#6784,#6785);
#6784 = CARTESIAN_POINT('',(-4.712388980385,0.));
#6785 = VECTOR('',#6786,1.);
#6786 = DIRECTION('',(-0.,-1.));
#6787 = ( GEOMETRIC_REPRESENTATION_CONTEXT(2) 
PARAMETRIC_REPRESENTATION_CONTEXT() REPRESENTATION_CONTEXT('2D SPACE',''
  ) );
#6788 = ORIENTED_EDGE('',*,*,#5928,.F.);
#6789 = ORIENTED_EDGE('',*,*,#6790,.F.);
#6790 = EDGE_CURVE('',#6791,#5896,#6793,.T.);
#6791 = VERTEX_POINT('',#6792);
#6792 = CARTESIAN_POINT('',(13.747727084867,29.4,88.000000000001));
#6793 = SURFACE_CURVE('',#6794,(#6798,#6804),.PCURVE_S1.);
#6794 = LINE('',#6795,#6796);
#6795 = CARTESIAN_POINT('',(13.747727084867,31.,88.000000000001));
#6796 = VECTOR('',#6797,1.);
#6797 = DIRECTION('',(-0.,1.,-0.));
#6798 = PCURVE('',#5884,#6799);
#6799 = DEFINITIONAL_REPRESENTATION('',(#6800),#6803);
#6800 = B_SPLINE_CURVE_WITH_KNOTS('',1,(#6801,#6802),.UNSPECIFIED.,.F.,
  .F.,(2,2),(-1.6000006,-0.88),.PIECEWISE_BEZIER_KNOTS.);
#6801 = CARTESIAN_POINT('',(37.747727084867,-1.6000006));
#6802 = CARTESIAN_POINT('',(37.747727084867,-0.88));
#6803 = ( GEOMETRIC_REPRESENTATION_CONTEXT(2) 
PARAMETRIC_REPRESENTATION_CONTEXT() REPRESENTATION_CONTEXT('2D SPACE',''
  ) );
#6804 = PCURVE('',#5916,#6805);
#6805 = DEFINITIONAL_REPRESENTATION('',(#6806),#6809);
#6806 = B_SPLINE_CURVE_WITH_KNOTS('',1,(#6807,#6808),.UNSPECIFIED.,.F.,
  .F.,(2,2),(-1.6,-1.),.PIECEWISE_BEZIER_KNOTS.);
#6807 = CARTESIAN_POINT('',(-6.912060232675,-1.6));
#6808 = CARTESIAN_POINT('',(-6.912060232675,-1.));
#6809 = ( GEOMETRIC_REPRESENTATION_CONTEXT(2) 
PARAMETRIC_REPRESENTATION_CONTEXT() REPRESENTATION_CONTEXT('2D SPACE',''
  ) );
#6810 = ORIENTED_EDGE('',*,*,#6811,.F.);
#6811 = EDGE_CURVE('',#6812,#6791,#6814,.T.);
#6812 = VERTEX_POINT('',#6813);
#6813 = CARTESIAN_POINT('',(-13.74772708486,29.4,88.000000000001));
#6814 = SURFACE_CURVE('',#6815,(#6819,#6825),.PCURVE_S1.);
#6815 = LINE('',#6816,#6817);
#6816 = CARTESIAN_POINT('',(-12.,29.4,88.000000000001));
#6817 = VECTOR('',#6818,1.);
#6818 = DIRECTION('',(1.,0.,0.));
#6819 = PCURVE('',#5884,#6820);
#6820 = DEFINITIONAL_REPRESENTATION('',(#6821),#6824);
#6821 = B_SPLINE_CURVE_WITH_KNOTS('',1,(#6822,#6823),.UNSPECIFIED.,.F.,
  .F.,(2,2),(-5.,29.),.PIECEWISE_BEZIER_KNOTS.);
#6822 = CARTESIAN_POINT('',(7.,-1.6));
#6823 = CARTESIAN_POINT('',(41.,-1.6));
#6824 = ( GEOMETRIC_REPRESENTATION_CONTEXT(2) 
PARAMETRIC_REPRESENTATION_CONTEXT() REPRESENTATION_CONTEXT('2D SPACE',''
  ) );
#6825 = PCURVE('',#6826,#6831);
#6826 = PLANE('',#6827);
#6827 = AXIS2_PLACEMENT_3D('',#6828,#6829,#6830);
#6828 = CARTESIAN_POINT('',(-1.287002477684E-15,29.4,78.));
#6829 = DIRECTION('',(0.,-1.,0.));
#6830 = DIRECTION('',(1.,0.,0.));
#6831 = DEFINITIONAL_REPRESENTATION('',(#6832),#6835);
#6832 = B_SPLINE_CURVE_WITH_KNOTS('',1,(#6833,#6834),.UNSPECIFIED.,.F.,
  .F.,(2,2),(-5.,29.),.PIECEWISE_BEZIER_KNOTS.);
#6833 = CARTESIAN_POINT('',(-17.,10.000000000001));
#6834 = CARTESIAN_POINT('',(17.,10.000000000001));
#6835 = ( GEOMETRIC_REPRESENTATION_CONTEXT(2) 
PARAMETRIC_REPRESENTATION_CONTEXT() REPRESENTATION_CONTEXT('2D SPACE',''
  ) );
#6836 = ORIENTED_EDGE('',*,*,#6837,.T.);
#6837 = EDGE_CURVE('',#6812,#5870,#6838,.T.);
#6838 = SURFACE_CURVE('',#6839,(#6843,#6849),.PCURVE_S1.);
#6839 = LINE('',#6840,#6841);
#6840 = CARTESIAN_POINT('',(-13.74772708486,31.,88.000000000001));
#6841 = VECTOR('',#6842,1.);
#6842 = DIRECTION('',(-0.,1.,-0.));
#6843 = PCURVE('',#5884,#6844);
#6844 = DEFINITIONAL_REPRESENTATION('',(#6845),#6848);
#6845 = B_SPLINE_CURVE_WITH_KNOTS('',1,(#6846,#6847),.UNSPECIFIED.,.F.,
  .F.,(2,2),(-1.6000006,-0.88),.PIECEWISE_BEZIER_KNOTS.);
#6846 = CARTESIAN_POINT('',(10.252272915133,-1.6000006));
#6847 = CARTESIAN_POINT('',(10.252272915133,-0.88));
#6848 = ( GEOMETRIC_REPRESENTATION_CONTEXT(2) 
PARAMETRIC_REPRESENTATION_CONTEXT() REPRESENTATION_CONTEXT('2D SPACE',''
  ) );
#6849 = PCURVE('',#5916,#6850);
#6850 = DEFINITIONAL_REPRESENTATION('',(#6851),#6854);
#6851 = B_SPLINE_CURVE_WITH_KNOTS('',1,(#6852,#6853),.UNSPECIFIED.,.F.,
  .F.,(2,2),(-1.6,-1.),.PIECEWISE_BEZIER_KNOTS.);
#6852 = CARTESIAN_POINT('',(-2.512717728095,-1.6));
#6853 = CARTESIAN_POINT('',(-2.512717728095,-1.));
#6854 = ( GEOMETRIC_REPRESENTATION_CONTEXT(2) 
PARAMETRIC_REPRESENTATION_CONTEXT() REPRESENTATION_CONTEXT('2D SPACE',''
  ) );
#6855 = ADVANCED_FACE('',(#6856),#6048,.F.);
#6856 = FACE_BOUND('',#6857,.F.);
#6857 = EDGE_LOOP('',(#6858,#6859,#6860,#6883));
#6858 = ORIENTED_EDGE('',*,*,#6033,.F.);
#6859 = ORIENTED_EDGE('',*,*,#6694,.T.);
#6860 = ORIENTED_EDGE('',*,*,#6861,.T.);
#6861 = EDGE_CURVE('',#6695,#6862,#6864,.T.);
#6862 = VERTEX_POINT('',#6863);
#6863 = CARTESIAN_POINT('',(24.,28.8,127.9999999976));
#6864 = SURFACE_CURVE('',#6865,(#6869,#6876),.PCURVE_S1.);
#6865 = LINE('',#6866,#6867);
#6866 = CARTESIAN_POINT('',(0.,28.8,128.));
#6867 = VECTOR('',#6868,1.);
#6868 = DIRECTION('',(1.,0.,0.));
#6869 = PCURVE('',#6048,#6870);
#6870 = DEFINITIONAL_REPRESENTATION('',(#6871),#6875);
#6871 = LINE('',#6872,#6873);
#6872 = CARTESIAN_POINT('',(24.,-2.2));
#6873 = VECTOR('',#6874,1.);
#6874 = DIRECTION('',(1.,0.));
#6875 = ( GEOMETRIC_REPRESENTATION_CONTEXT(2) 
PARAMETRIC_REPRESENTATION_CONTEXT() REPRESENTATION_CONTEXT('2D SPACE',''
  ) );
#6876 = PCURVE('',#6607,#6877);
#6877 = DEFINITIONAL_REPRESENTATION('',(#6878),#6882);
#6878 = LINE('',#6879,#6880);
#6879 = CARTESIAN_POINT('',(-8.073305909092E-16,20.000000001121));
#6880 = VECTOR('',#6881,1.);
#6881 = DIRECTION('',(1.,0.));
#6882 = ( GEOMETRIC_REPRESENTATION_CONTEXT(2) 
PARAMETRIC_REPRESENTATION_CONTEXT() REPRESENTATION_CONTEXT('2D SPACE',''
  ) );
#6883 = ORIENTED_EDGE('',*,*,#6884,.F.);
#6884 = EDGE_CURVE('',#6005,#6862,#6885,.T.);
#6885 = SURFACE_CURVE('',#6886,(#6890,#6897),.PCURVE_S1.);
#6886 = LINE('',#6887,#6888);
#6887 = CARTESIAN_POINT('',(24.,31.,127.9999999976));
#6888 = VECTOR('',#6889,1.);
#6889 = DIRECTION('',(0.,-1.,0.));
#6890 = PCURVE('',#6048,#6891);
#6891 = DEFINITIONAL_REPRESENTATION('',(#6892),#6896);
#6892 = LINE('',#6893,#6894);
#6893 = CARTESIAN_POINT('',(48.,0.));
#6894 = VECTOR('',#6895,1.);
#6895 = DIRECTION('',(0.,-1.));
#6896 = ( GEOMETRIC_REPRESENTATION_CONTEXT(2) 
PARAMETRIC_REPRESENTATION_CONTEXT() REPRESENTATION_CONTEXT('2D SPACE',''
  ) );
#6897 = PCURVE('',#6021,#6898);
#6898 = DEFINITIONAL_REPRESENTATION('',(#6899),#6903);
#6899 = LINE('',#6900,#6901);
#6900 = CARTESIAN_POINT('',(-1.570796326795,0.));
#6901 = VECTOR('',#6902,1.);
#6902 = DIRECTION('',(-0.,-1.));
#6903 = ( GEOMETRIC_REPRESENTATION_CONTEXT(2) 
PARAMETRIC_REPRESENTATION_CONTEXT() REPRESENTATION_CONTEXT('2D SPACE',''
  ) );
#6904 = ADVANCED_FACE('',(#6905),#5916,.F.);
#6905 = FACE_BOUND('',#6906,.T.);
#6906 = EDGE_LOOP('',(#6907,#6908,#6909,#6931));
#6907 = ORIENTED_EDGE('',*,*,#5895,.F.);
#6908 = ORIENTED_EDGE('',*,*,#6837,.F.);
#6909 = ORIENTED_EDGE('',*,*,#6910,.T.);
#6910 = EDGE_CURVE('',#6812,#6791,#6911,.T.);
#6911 = SURFACE_CURVE('',#6912,(#6917,#6924),.PCURVE_S1.);
#6912 = CIRCLE('',#6913,17.);
#6913 = AXIS2_PLACEMENT_3D('',#6914,#6915,#6916);
#6914 = CARTESIAN_POINT('',(0.,29.4,78.));
#6915 = DIRECTION('',(-0.,-1.,0.));
#6916 = DIRECTION('',(-0.808689828522,0.,0.588235294118));
#6917 = PCURVE('',#5916,#6918);
#6918 = DEFINITIONAL_REPRESENTATION('',(#6919),#6923);
#6919 = LINE('',#6920,#6921);
#6920 = CARTESIAN_POINT('',(-2.512717728095,-1.6));
#6921 = VECTOR('',#6922,1.);
#6922 = DIRECTION('',(-1.,0.));
#6923 = ( GEOMETRIC_REPRESENTATION_CONTEXT(2) 
PARAMETRIC_REPRESENTATION_CONTEXT() REPRESENTATION_CONTEXT('2D SPACE',''
  ) );
#6924 = PCURVE('',#6826,#6925);
#6925 = DEFINITIONAL_REPRESENTATION('',(#6926),#6930);
#6926 = CIRCLE('',#6927,17.);
#6927 = AXIS2_PLACEMENT_2D('',#6928,#6929);
#6928 = CARTESIAN_POINT('',(1.287002477684E-15,-1.236537197009E-15));
#6929 = DIRECTION('',(-0.808689828522,0.588235294118));
#6930 = ( GEOMETRIC_REPRESENTATION_CONTEXT(2) 
PARAMETRIC_REPRESENTATION_CONTEXT() REPRESENTATION_CONTEXT('2D SPACE',''
  ) );
#6931 = ORIENTED_EDGE('',*,*,#6790,.T.);
#6932 = ADVANCED_FACE('',(#6933),#6021,.F.);
#6933 = FACE_BOUND('',#6934,.T.);
#6934 = EDGE_LOOP('',(#6935,#6936,#6959,#6981));
#6935 = ORIENTED_EDGE('',*,*,#6004,.T.);
#6936 = ORIENTED_EDGE('',*,*,#6937,.T.);
#6937 = EDGE_CURVE('',#5979,#6938,#6940,.T.);
#6938 = VERTEX_POINT('',#6939);
#6939 = CARTESIAN_POINT('',(26.,28.8,125.9999999952));
#6940 = SURFACE_CURVE('',#6941,(#6945,#6952),.PCURVE_S1.);
#6941 = LINE('',#6942,#6943);
#6942 = CARTESIAN_POINT('',(26.,31.,125.9999999952));
#6943 = VECTOR('',#6944,1.);
#6944 = DIRECTION('',(0.,-1.,0.));
#6945 = PCURVE('',#6021,#6946);
#6946 = DEFINITIONAL_REPRESENTATION('',(#6947),#6951);
#6947 = LINE('',#6948,#6949);
#6948 = CARTESIAN_POINT('',(-0.,0.));
#6949 = VECTOR('',#6950,1.);
#6950 = DIRECTION('',(-0.,-1.));
#6951 = ( GEOMETRIC_REPRESENTATION_CONTEXT(2) 
PARAMETRIC_REPRESENTATION_CONTEXT() REPRESENTATION_CONTEXT('2D SPACE',''
  ) );
#6952 = PCURVE('',#5993,#6953);
#6953 = DEFINITIONAL_REPRESENTATION('',(#6954),#6958);
#6954 = LINE('',#6955,#6956);
#6955 = CARTESIAN_POINT('',(35.999999995209,0.));
#6956 = VECTOR('',#6957,1.);
#6957 = DIRECTION('',(0.,-1.));
#6958 = ( GEOMETRIC_REPRESENTATION_CONTEXT(2) 
PARAMETRIC_REPRESENTATION_CONTEXT() REPRESENTATION_CONTEXT('2D SPACE',''
  ) );
#6959 = ORIENTED_EDGE('',*,*,#6960,.T.);
#6960 = EDGE_CURVE('',#6938,#6862,#6961,.T.);
#6961 = SURFACE_CURVE('',#6962,(#6967,#6974),.PCURVE_S1.);
#6962 = CIRCLE('',#6963,2.);
#6963 = AXIS2_PLACEMENT_3D('',#6964,#6965,#6966);
#6964 = CARTESIAN_POINT('',(24.,28.8,125.9999999952));
#6965 = DIRECTION('',(0.,-1.,0.));
#6966 = DIRECTION('',(1.,0.,0.));
#6967 = PCURVE('',#6021,#6968);
#6968 = DEFINITIONAL_REPRESENTATION('',(#6969),#6973);
#6969 = LINE('',#6970,#6971);
#6970 = CARTESIAN_POINT('',(-0.,-2.2));
#6971 = VECTOR('',#6972,1.);
#6972 = DIRECTION('',(-1.,0.));
#6973 = ( GEOMETRIC_REPRESENTATION_CONTEXT(2) 
PARAMETRIC_REPRESENTATION_CONTEXT() REPRESENTATION_CONTEXT('2D SPACE',''
  ) );
#6974 = PCURVE('',#6607,#6975);
#6975 = DEFINITIONAL_REPRESENTATION('',(#6976),#6980);
#6976 = CIRCLE('',#6977,2.);
#6977 = AXIS2_PLACEMENT_2D('',#6978,#6979);
#6978 = CARTESIAN_POINT('',(24.,17.999999996329));
#6979 = DIRECTION('',(1.,0.));
#6980 = ( GEOMETRIC_REPRESENTATION_CONTEXT(2) 
PARAMETRIC_REPRESENTATION_CONTEXT() REPRESENTATION_CONTEXT('2D SPACE',''
  ) );
#6981 = ORIENTED_EDGE('',*,*,#6884,.F.);
#6982 = ADVANCED_FACE('',(#6983),#5993,.T.);
#6983 = FACE_BOUND('',#6984,.T.);
#6984 = EDGE_LOOP('',(#6985,#6986,#7009,#7030));
#6985 = ORIENTED_EDGE('',*,*,#5978,.F.);
#6986 = ORIENTED_EDGE('',*,*,#6987,.T.);
#6987 = EDGE_CURVE('',#5950,#6988,#6990,.T.);
#6988 = VERTEX_POINT('',#6989);
#6989 = CARTESIAN_POINT('',(26.,28.8,89.999999999999));
#6990 = SURFACE_CURVE('',#6991,(#6995,#7002),.PCURVE_S1.);
#6991 = LINE('',#6992,#6993);
#6992 = CARTESIAN_POINT('',(26.,31.,89.999999999999));
#6993 = VECTOR('',#6994,1.);
#6994 = DIRECTION('',(0.,-1.,0.));
#6995 = PCURVE('',#5993,#6996);
#6996 = DEFINITIONAL_REPRESENTATION('',(#6997),#7001);
#6997 = LINE('',#6998,#6999);
#6998 = CARTESIAN_POINT('',(0.,0.));
#6999 = VECTOR('',#7000,1.);
#7000 = DIRECTION('',(0.,-1.));
#7001 = ( GEOMETRIC_REPRESENTATION_CONTEXT(2) 
PARAMETRIC_REPRESENTATION_CONTEXT() REPRESENTATION_CONTEXT('2D SPACE',''
  ) );
#7002 = PCURVE('',#5966,#7003);
#7003 = DEFINITIONAL_REPRESENTATION('',(#7004),#7008);
#7004 = LINE('',#7005,#7006);
#7005 = CARTESIAN_POINT('',(-6.28318530718,0.));
#7006 = VECTOR('',#7007,1.);
#7007 = DIRECTION('',(-0.,-1.));
#7008 = ( GEOMETRIC_REPRESENTATION_CONTEXT(2) 
PARAMETRIC_REPRESENTATION_CONTEXT() REPRESENTATION_CONTEXT('2D SPACE',''
  ) );
#7009 = ORIENTED_EDGE('',*,*,#7010,.T.);
#7010 = EDGE_CURVE('',#6988,#6938,#7011,.T.);
#7011 = SURFACE_CURVE('',#7012,(#7016,#7023),.PCURVE_S1.);
#7012 = LINE('',#7013,#7014);
#7013 = CARTESIAN_POINT('',(26.,28.8,108.));
#7014 = VECTOR('',#7015,1.);
#7015 = DIRECTION('',(0.,0.,1.));
#7016 = PCURVE('',#5993,#7017);
#7017 = DEFINITIONAL_REPRESENTATION('',(#7018),#7022);
#7018 = LINE('',#7019,#7020);
#7019 = CARTESIAN_POINT('',(18.000000000001,-2.2));
#7020 = VECTOR('',#7021,1.);
#7021 = DIRECTION('',(1.,0.));
#7022 = ( GEOMETRIC_REPRESENTATION_CONTEXT(2) 
PARAMETRIC_REPRESENTATION_CONTEXT() REPRESENTATION_CONTEXT('2D SPACE',''
  ) );
#7023 = PCURVE('',#6607,#7024);
#7024 = DEFINITIONAL_REPRESENTATION('',(#7025),#7029);
#7025 = LINE('',#7026,#7027);
#7026 = CARTESIAN_POINT('',(26.,1.121470495018E-09));
#7027 = VECTOR('',#7028,1.);
#7028 = DIRECTION('',(0.,1.));
#7029 = ( GEOMETRIC_REPRESENTATION_CONTEXT(2) 
PARAMETRIC_REPRESENTATION_CONTEXT() REPRESENTATION_CONTEXT('2D SPACE',''
  ) );
#7030 = ORIENTED_EDGE('',*,*,#6937,.F.);
#7031 = ADVANCED_FACE('',(#7032),#5966,.F.);
#7032 = FACE_BOUND('',#7033,.T.);
#7033 = EDGE_LOOP('',(#7034,#7035,#7036,#7058));
#7034 = ORIENTED_EDGE('',*,*,#5949,.T.);
#7035 = ORIENTED_EDGE('',*,*,#6768,.T.);
#7036 = ORIENTED_EDGE('',*,*,#7037,.T.);
#7037 = EDGE_CURVE('',#6746,#6988,#7038,.T.);
#7038 = SURFACE_CURVE('',#7039,(#7044,#7051),.PCURVE_S1.);
#7039 = CIRCLE('',#7040,2.);
#7040 = AXIS2_PLACEMENT_3D('',#7041,#7042,#7043);
#7041 = CARTESIAN_POINT('',(24.,28.8,89.999999999999));
#7042 = DIRECTION('',(0.,-1.,0.));
#7043 = DIRECTION('',(1.,0.,0.));
#7044 = PCURVE('',#5966,#7045);
#7045 = DEFINITIONAL_REPRESENTATION('',(#7046),#7050);
#7046 = LINE('',#7047,#7048);
#7047 = CARTESIAN_POINT('',(-0.,-2.2));
#7048 = VECTOR('',#7049,1.);
#7049 = DIRECTION('',(-1.,0.));
#7050 = ( GEOMETRIC_REPRESENTATION_CONTEXT(2) 
PARAMETRIC_REPRESENTATION_CONTEXT() REPRESENTATION_CONTEXT('2D SPACE',''
  ) );
#7051 = PCURVE('',#6607,#7052);
#7052 = DEFINITIONAL_REPRESENTATION('',(#7053),#7057);
#7053 = CIRCLE('',#7054,2.);
#7054 = AXIS2_PLACEMENT_2D('',#7055,#7056);
#7055 = CARTESIAN_POINT('',(24.,-17.99999999888));
#7056 = DIRECTION('',(1.,0.));
#7057 = ( GEOMETRIC_REPRESENTATION_CONTEXT(2) 
PARAMETRIC_REPRESENTATION_CONTEXT() REPRESENTATION_CONTEXT('2D SPACE',''
  ) );
#7058 = ORIENTED_EDGE('',*,*,#6987,.F.);
#7059 = ADVANCED_FACE('',(#7060),#6190,.F.);
#7060 = FACE_BOUND('',#7061,.F.);
#7061 = EDGE_LOOP('',(#7062,#7063,#7064,#7065,#7066,#7067,#7068,#7069));
#7062 = ORIENTED_EDGE('',*,*,#6174,.F.);
#7063 = ORIENTED_EDGE('',*,*,#6537,.F.);
#7064 = ORIENTED_EDGE('',*,*,#6510,.T.);
#7065 = ORIENTED_EDGE('',*,*,#6434,.F.);
#7066 = ORIENTED_EDGE('',*,*,#6407,.T.);
#7067 = ORIENTED_EDGE('',*,*,#6331,.F.);
#7068 = ORIENTED_EDGE('',*,*,#6282,.F.);
#7069 = ORIENTED_EDGE('',*,*,#6228,.F.);
#7070 = ADVANCED_FACE('',(#7071),#6607,.F.);
#7071 = FACE_BOUND('',#7072,.F.);
#7072 = EDGE_LOOP('',(#7073,#7074,#7075,#7076,#7077,#7078,#7079,#7080));
#7073 = ORIENTED_EDGE('',*,*,#6591,.F.);
#7074 = ORIENTED_EDGE('',*,*,#6645,.T.);
#7075 = ORIENTED_EDGE('',*,*,#6745,.T.);
#7076 = ORIENTED_EDGE('',*,*,#7037,.T.);
#7077 = ORIENTED_EDGE('',*,*,#7010,.T.);
#7078 = ORIENTED_EDGE('',*,*,#6960,.T.);
#7079 = ORIENTED_EDGE('',*,*,#6861,.F.);
#7080 = ORIENTED_EDGE('',*,*,#6717,.T.);
#7081 = ADVANCED_FACE('',(#7082),#6826,.F.);
#7082 = FACE_BOUND('',#7083,.F.);
#7083 = EDGE_LOOP('',(#7084,#7085));
#7084 = ORIENTED_EDGE('',*,*,#6910,.T.);
#7085 = ORIENTED_EDGE('',*,*,#6811,.F.);
#7086 = ( GEOMETRIC_REPRESENTATION_CONTEXT(3) 
GLOBAL_UNCERTAINTY_ASSIGNED_CONTEXT((#7090)) 
GLOBAL_UNIT_ASSIGNED_CONTEXT((#7087,#7088,#7089)) REPRESENTATION_CONTEXT
('Context #1','3D Context with UNIT and UNCERTAINTY') );
#7087 = ( LENGTH_UNIT() NAMED_UNIT(*) SI_UNIT(.MILLI.,.METRE.) );
#7088 = ( NAMED_UNIT(*) PLANE_ANGLE_UNIT() SI_UNIT($,.RADIAN.) );
#7089 = ( NAMED_UNIT(*) SI_UNIT($,.STERADIAN.) SOLID_ANGLE_UNIT() );
#7090 = UNCERTAINTY_MEASURE_WITH_UNIT(LENGTH_MEASURE(1.E-07),#7087,
  'distance_accuracy_value','confusion accuracy');
#7091 = CONTEXT_DEPENDENT_SHAPE_REPRESENTATION(#7092,#7094);
#7092 = ( REPRESENTATION_RELATIONSHIP('','',#4981,#10) 
REPRESENTATION_RELATIONSHIP_WITH_TRANSFORMATION(#7093) 
SHAPE_REPRESENTATION_RELATIONSHIP() );
#7093 = ITEM_DEFINED_TRANSFORMATION('','',#11,#19);
#7094 = PRODUCT_DEFINITION_SHAPE('Placement','Placement of an item',
  #7095);
#7095 = NEXT_ASSEMBLY_USAGE_OCCURRENCE('2','terminal','',#5,#4976,$);
#7096 = PRODUCT_RELATED_PRODUCT_CATEGORY('part',$,(#4978));
#7097 = SHAPE_DEFINITION_REPRESENTATION(#7098,#7104);
#7098 = PRODUCT_DEFINITION_SHAPE('','',#7099);
#7099 = PRODUCT_DEFINITION('design','',#7100,#7103);
#7100 = PRODUCT_DEFINITION_FORMATION('','',#7101);
#7101 = PRODUCT('shroud','shroud','',(#7102));
#7102 = PRODUCT_CONTEXT('',#2,'mechanical');
#7103 = PRODUCT_DEFINITION_CONTEXT('part definition',#2,'design');
#7104 = ADVANCED_BREP_SHAPE_REPRESENTATION('',(#11,#7105),#8842);
#7105 = MANIFOLD_SOLID_BREP('',#7106);
#7106 = CLOSED_SHELL('',(#7107,#7282,#7361,#7442,#7491,#7566,#7615,#7871
    ,#7983,#8032,#8086,#8220,#8269,#8317,#8366,#8439,#8494,#8549,#8604,
    #8659,#8686,#8731,#8738,#8765,#8792,#8819,#8826,#8830,#8834,#8838));
#7107 = ADVANCED_FACE('',(#7108),#7122,.F.);
#7108 = FACE_BOUND('',#7109,.F.);
#7109 = EDGE_LOOP('',(#7110,#7145,#7173,#7200,#7228,#7256));
#7110 = ORIENTED_EDGE('',*,*,#7111,.T.);
#7111 = EDGE_CURVE('',#7112,#7114,#7116,.T.);
#7112 = VERTEX_POINT('',#7113);
#7113 = CARTESIAN_POINT('',(77.,4.,0.));
#7114 = VERTEX_POINT('',#7115);
#7115 = CARTESIAN_POINT('',(77.,52.2,1.110223024625E-16));
#7116 = SURFACE_CURVE('',#7117,(#7121,#7133),.PCURVE_S1.);
#7117 = LINE('',#7118,#7119);
#7118 = CARTESIAN_POINT('',(77.,0.,0.));
#7119 = VECTOR('',#7120,1.);
#7120 = DIRECTION('',(-0.,1.,0.));
#7121 = PCURVE('',#7122,#7127);
#7122 = PLANE('',#7123);
#7123 = AXIS2_PLACEMENT_3D('',#7124,#7125,#7126);
#7124 = CARTESIAN_POINT('',(-77.,0.,0.));
#7125 = DIRECTION('',(0.,0.,1.));
#7126 = DIRECTION('',(1.,0.,-0.));
#7127 = DEFINITIONAL_REPRESENTATION('',(#7128),#7132);
#7128 = LINE('',#7129,#7130);
#7129 = CARTESIAN_POINT('',(154.,0.));
#7130 = VECTOR('',#7131,1.);
#7131 = DIRECTION('',(0.,1.));
#7132 = ( GEOMETRIC_REPRESENTATION_CONTEXT(2) 
PARAMETRIC_REPRESENTATION_CONTEXT() REPRESENTATION_CONTEXT('2D SPACE',''
  ) );
#7133 = PCURVE('',#7134,#7139);
#7134 = PLANE('',#7135);
#7135 = AXIS2_PLACEMENT_3D('',#7136,#7137,#7138);
#7136 = CARTESIAN_POINT('',(77.,0.,0.));
#7137 = DIRECTION('',(1.,0.,-0.));
#7138 = DIRECTION('',(0.,0.,1.));
#7139 = DEFINITIONAL_REPRESENTATION('',(#7140),#7144);
#7140 = LINE('',#7141,#7142);
#7141 = CARTESIAN_POINT('',(0.,0.));
#7142 = VECTOR('',#7143,1.);
#7143 = DIRECTION('',(0.,-1.));
#7144 = ( GEOMETRIC_REPRESENTATION_CONTEXT(2) 
PARAMETRIC_REPRESENTATION_CONTEXT() REPRESENTATION_CONTEXT('2D SPACE',''
  ) );
#7145 = ORIENTED_EDGE('',*,*,#7146,.F.);
#7146 = EDGE_CURVE('',#7147,#7114,#7149,.T.);
#7147 = VERTEX_POINT('',#7148);
#7148 = CARTESIAN_POINT('',(74.,52.2,1.110223024625E-16));
#7149 = SURFACE_CURVE('',#7150,(#7154,#7161),.PCURVE_S1.);
#7150 = LINE('',#7151,#7152);
#7151 = CARTESIAN_POINT('',(74.,52.2,0.));
#7152 = VECTOR('',#7153,1.);
#7153 = DIRECTION('',(1.,0.,-0.));
#7154 = PCURVE('',#7122,#7155);
#7155 = DEFINITIONAL_REPRESENTATION('',(#7156),#7160);
#7156 = LINE('',#7157,#7158);
#7157 = CARTESIAN_POINT('',(151.,52.2));
#7158 = VECTOR('',#7159,1.);
#7159 = DIRECTION('',(1.,0.));
#7160 = ( GEOMETRIC_REPRESENTATION_CONTEXT(2) 
PARAMETRIC_REPRESENTATION_CONTEXT() REPRESENTATION_CONTEXT('2D SPACE',''
  ) );
#7161 = PCURVE('',#7162,#7167);
#7162 = PLANE('',#7163);
#7163 = AXIS2_PLACEMENT_3D('',#7164,#7165,#7166);
#7164 = CARTESIAN_POINT('',(74.,52.6,0.4));
#7165 = DIRECTION('',(6.983161618628E-18,-0.707106781187,0.707106781187)
  );
#7166 = DIRECTION('',(1.,4.937840934654E-18,-4.937840934654E-18));
#7167 = DEFINITIONAL_REPRESENTATION('',(#7168),#7172);
#7168 = LINE('',#7169,#7170);
#7169 = CARTESIAN_POINT('',(0.,-0.565685424949));
#7170 = VECTOR('',#7171,1.);
#7171 = DIRECTION('',(1.,0.));
#7172 = ( GEOMETRIC_REPRESENTATION_CONTEXT(2) 
PARAMETRIC_REPRESENTATION_CONTEXT() REPRESENTATION_CONTEXT('2D SPACE',''
  ) );
#7173 = ORIENTED_EDGE('',*,*,#7174,.F.);
#7174 = EDGE_CURVE('',#7175,#7147,#7177,.T.);
#7175 = VERTEX_POINT('',#7176);
#7176 = CARTESIAN_POINT('',(74.,0.,0.));
#7177 = SURFACE_CURVE('',#7178,(#7182,#7189),.PCURVE_S1.);
#7178 = LINE('',#7179,#7180);
#7179 = CARTESIAN_POINT('',(74.,-0.5,0.));
#7180 = VECTOR('',#7181,1.);
#7181 = DIRECTION('',(0.,1.,0.));
#7182 = PCURVE('',#7122,#7183);
#7183 = DEFINITIONAL_REPRESENTATION('',(#7184),#7188);
#7184 = LINE('',#7185,#7186);
#7185 = CARTESIAN_POINT('',(151.,-0.5));
#7186 = VECTOR('',#7187,1.);
#7187 = DIRECTION('',(0.,1.));
#7188 = ( GEOMETRIC_REPRESENTATION_CONTEXT(2) 
PARAMETRIC_REPRESENTATION_CONTEXT() REPRESENTATION_CONTEXT('2D SPACE',''
  ) );
#7189 = PCURVE('',#7190,#7195);
#7190 = PLANE('',#7191);
#7191 = AXIS2_PLACEMENT_3D('',#7192,#7193,#7194);
#7192 = CARTESIAN_POINT('',(74.,-1.,-1.));
#7193 = DIRECTION('',(1.,0.,0.));
#7194 = DIRECTION('',(0.,0.,1.));
#7195 = DEFINITIONAL_REPRESENTATION('',(#7196),#7199);
#7196 = B_SPLINE_CURVE_WITH_KNOTS('',1,(#7197,#7198),.UNSPECIFIED.,.F.,
  .F.,(2,2),(0.5,53.5),.PIECEWISE_BEZIER_KNOTS.);
#7197 = CARTESIAN_POINT('',(1.,-1.));
#7198 = CARTESIAN_POINT('',(1.,-54.));
#7199 = ( GEOMETRIC_REPRESENTATION_CONTEXT(2) 
PARAMETRIC_REPRESENTATION_CONTEXT() REPRESENTATION_CONTEXT('2D SPACE',''
  ) );
#7200 = ORIENTED_EDGE('',*,*,#7201,.T.);
#7201 = EDGE_CURVE('',#7175,#7202,#7204,.T.);
#7202 = VERTEX_POINT('',#7203);
#7203 = CARTESIAN_POINT('',(97.,0.,0.));
#7204 = SURFACE_CURVE('',#7205,(#7209,#7216),.PCURVE_S1.);
#7205 = LINE('',#7206,#7207);
#7206 = CARTESIAN_POINT('',(74.,0.,0.));
#7207 = VECTOR('',#7208,1.);
#7208 = DIRECTION('',(1.,0.,0.));
#7209 = PCURVE('',#7122,#7210);
#7210 = DEFINITIONAL_REPRESENTATION('',(#7211),#7215);
#7211 = LINE('',#7212,#7213);
#7212 = CARTESIAN_POINT('',(151.,0.));
#7213 = VECTOR('',#7214,1.);
#7214 = DIRECTION('',(1.,0.));
#7215 = ( GEOMETRIC_REPRESENTATION_CONTEXT(2) 
PARAMETRIC_REPRESENTATION_CONTEXT() REPRESENTATION_CONTEXT('2D SPACE',''
  ) );
#7216 = PCURVE('',#7217,#7222);
#7217 = PLANE('',#7218);
#7218 = AXIS2_PLACEMENT_3D('',#7219,#7220,#7221);
#7219 = CARTESIAN_POINT('',(-97.,0.,0.));
#7220 = DIRECTION('',(0.,1.,0.));
#7221 = DIRECTION('',(0.,0.,1.));
#7222 = DEFINITIONAL_REPRESENTATION('',(#7223),#7227);
#7223 = LINE('',#7224,#7225);
#7224 = CARTESIAN_POINT('',(0.,171.));
#7225 = VECTOR('',#7226,1.);
#7226 = DIRECTION('',(0.,1.));
#7227 = ( GEOMETRIC_REPRESENTATION_CONTEXT(2) 
PARAMETRIC_REPRESENTATION_CONTEXT() REPRESENTATION_CONTEXT('2D SPACE',''
  ) );
#7228 = ORIENTED_EDGE('',*,*,#7229,.T.);
#7229 = EDGE_CURVE('',#7202,#7230,#7232,.T.);
#7230 = VERTEX_POINT('',#7231);
#7231 = CARTESIAN_POINT('',(97.,4.,0.));
#7232 = SURFACE_CURVE('',#7233,(#7237,#7244),.PCURVE_S1.);
#7233 = LINE('',#7234,#7235);
#7234 = CARTESIAN_POINT('',(97.,0.,0.));
#7235 = VECTOR('',#7236,1.);
#7236 = DIRECTION('',(0.,1.,0.));
#7237 = PCURVE('',#7122,#7238);
#7238 = DEFINITIONAL_REPRESENTATION('',(#7239),#7243);
#7239 = LINE('',#7240,#7241);
#7240 = CARTESIAN_POINT('',(174.,0.));
#7241 = VECTOR('',#7242,1.);
#7242 = DIRECTION('',(0.,1.));
#7243 = ( GEOMETRIC_REPRESENTATION_CONTEXT(2) 
PARAMETRIC_REPRESENTATION_CONTEXT() REPRESENTATION_CONTEXT('2D SPACE',''
  ) );
#7244 = PCURVE('',#7245,#7250);
#7245 = PLANE('',#7246);
#7246 = AXIS2_PLACEMENT_3D('',#7247,#7248,#7249);
#7247 = CARTESIAN_POINT('',(97.,0.,0.));
#7248 = DIRECTION('',(1.,0.,0.));
#7249 = DIRECTION('',(0.,0.,1.));
#7250 = DEFINITIONAL_REPRESENTATION('',(#7251),#7255);
#7251 = LINE('',#7252,#7253);
#7252 = CARTESIAN_POINT('',(0.,0.));
#7253 = VECTOR('',#7254,1.);
#7254 = DIRECTION('',(0.,-1.));
#7255 = ( GEOMETRIC_REPRESENTATION_CONTEXT(2) 
PARAMETRIC_REPRESENTATION_CONTEXT() REPRESENTATION_CONTEXT('2D SPACE',''
  ) );
#7256 = ORIENTED_EDGE('',*,*,#7257,.F.);
#7257 = EDGE_CURVE('',#7112,#7230,#7258,.T.);
#7258 = SURFACE_CURVE('',#7259,(#7263,#7270),.PCURVE_S1.);
#7259 = LINE('',#7260,#7261);
#7260 = CARTESIAN_POINT('',(75.,4.,0.));
#7261 = VECTOR('',#7262,1.);
#7262 = DIRECTION('',(1.,0.,0.));
#7263 = PCURVE('',#7122,#7264);
#7264 = DEFINITIONAL_REPRESENTATION('',(#7265),#7269);
#7265 = LINE('',#7266,#7267);
#7266 = CARTESIAN_POINT('',(152.,4.));
#7267 = VECTOR('',#7268,1.);
#7268 = DIRECTION('',(1.,0.));
#7269 = ( GEOMETRIC_REPRESENTATION_CONTEXT(2) 
PARAMETRIC_REPRESENTATION_CONTEXT() REPRESENTATION_CONTEXT('2D SPACE',''
  ) );
#7270 = PCURVE('',#7271,#7276);
#7271 = PLANE('',#7272);
#7272 = AXIS2_PLACEMENT_3D('',#7273,#7274,#7275);
#7273 = CARTESIAN_POINT('',(75.,4.,0.));
#7274 = DIRECTION('',(0.,1.,0.));
#7275 = DIRECTION('',(0.,0.,1.));
#7276 = DEFINITIONAL_REPRESENTATION('',(#7277),#7281);
#7277 = LINE('',#7278,#7279);
#7278 = CARTESIAN_POINT('',(0.,0.));
#7279 = VECTOR('',#7280,1.);
#7280 = DIRECTION('',(0.,1.));
#7281 = ( GEOMETRIC_REPRESENTATION_CONTEXT(2) 
PARAMETRIC_REPRESENTATION_CONTEXT() REPRESENTATION_CONTEXT('2D SPACE',''
  ) );
#7282 = ADVANCED_FACE('',(#7283),#7134,.T.);
#7283 = FACE_BOUND('',#7284,.T.);
#7284 = EDGE_LOOP('',(#7285,#7315,#7334,#7335));
#7285 = ORIENTED_EDGE('',*,*,#7286,.F.);
#7286 = EDGE_CURVE('',#7287,#7289,#7291,.T.);
#7287 = VERTEX_POINT('',#7288);
#7288 = CARTESIAN_POINT('',(77.,4.,164.));
#7289 = VERTEX_POINT('',#7290);
#7290 = CARTESIAN_POINT('',(77.,52.2,164.));
#7291 = SURFACE_CURVE('',#7292,(#7296,#7303),.PCURVE_S1.);
#7292 = LINE('',#7293,#7294);
#7293 = CARTESIAN_POINT('',(77.,0.,164.));
#7294 = VECTOR('',#7295,1.);
#7295 = DIRECTION('',(-0.,1.,0.));
#7296 = PCURVE('',#7134,#7297);
#7297 = DEFINITIONAL_REPRESENTATION('',(#7298),#7302);
#7298 = LINE('',#7299,#7300);
#7299 = CARTESIAN_POINT('',(164.,0.));
#7300 = VECTOR('',#7301,1.);
#7301 = DIRECTION('',(0.,-1.));
#7302 = ( GEOMETRIC_REPRESENTATION_CONTEXT(2) 
PARAMETRIC_REPRESENTATION_CONTEXT() REPRESENTATION_CONTEXT('2D SPACE',''
  ) );
#7303 = PCURVE('',#7304,#7309);
#7304 = PLANE('',#7305);
#7305 = AXIS2_PLACEMENT_3D('',#7306,#7307,#7308);
#7306 = CARTESIAN_POINT('',(-97.,0.,164.));
#7307 = DIRECTION('',(0.,0.,1.));
#7308 = DIRECTION('',(1.,0.,0.));
#7309 = DEFINITIONAL_REPRESENTATION('',(#7310),#7314);
#7310 = LINE('',#7311,#7312);
#7311 = CARTESIAN_POINT('',(174.,0.));
#7312 = VECTOR('',#7313,1.);
#7313 = DIRECTION('',(0.,1.));
#7314 = ( GEOMETRIC_REPRESENTATION_CONTEXT(2) 
PARAMETRIC_REPRESENTATION_CONTEXT() REPRESENTATION_CONTEXT('2D SPACE',''
  ) );
#7315 = ORIENTED_EDGE('',*,*,#7316,.F.);
#7316 = EDGE_CURVE('',#7112,#7287,#7317,.T.);
#7317 = SURFACE_CURVE('',#7318,(#7322,#7328),.PCURVE_S1.);
#7318 = LINE('',#7319,#7320);
#7319 = CARTESIAN_POINT('',(77.,4.,0.));
#7320 = VECTOR('',#7321,1.);
#7321 = DIRECTION('',(0.,-0.,1.));
#7322 = PCURVE('',#7134,#7323);
#7323 = DEFINITIONAL_REPRESENTATION('',(#7324),#7327);
#7324 = B_SPLINE_CURVE_WITH_KNOTS('',1,(#7325,#7326),.UNSPECIFIED.,.F.,
  .F.,(2,2),(0.,164.),.PIECEWISE_BEZIER_KNOTS.);
#7325 = CARTESIAN_POINT('',(0.,-4.));
#7326 = CARTESIAN_POINT('',(164.,-4.));
#7327 = ( GEOMETRIC_REPRESENTATION_CONTEXT(2) 
PARAMETRIC_REPRESENTATION_CONTEXT() REPRESENTATION_CONTEXT('2D SPACE',''
  ) );
#7328 = PCURVE('',#7271,#7329);
#7329 = DEFINITIONAL_REPRESENTATION('',(#7330),#7333);
#7330 = B_SPLINE_CURVE_WITH_KNOTS('',1,(#7331,#7332),.UNSPECIFIED.,.F.,
  .F.,(2,2),(0.,164.),.PIECEWISE_BEZIER_KNOTS.);
#7331 = CARTESIAN_POINT('',(0.,2.));
#7332 = CARTESIAN_POINT('',(164.,2.));
#7333 = ( GEOMETRIC_REPRESENTATION_CONTEXT(2) 
PARAMETRIC_REPRESENTATION_CONTEXT() REPRESENTATION_CONTEXT('2D SPACE',''
  ) );
#7334 = ORIENTED_EDGE('',*,*,#7111,.T.);
#7335 = ORIENTED_EDGE('',*,*,#7336,.T.);
#7336 = EDGE_CURVE('',#7114,#7289,#7337,.T.);
#7337 = SURFACE_CURVE('',#7338,(#7342,#7349),.PCURVE_S1.);
#7338 = LINE('',#7339,#7340);
#7339 = CARTESIAN_POINT('',(77.,52.2,0.));
#7340 = VECTOR('',#7341,1.);
#7341 = DIRECTION('',(0.,0.,1.));
#7342 = PCURVE('',#7134,#7343);
#7343 = DEFINITIONAL_REPRESENTATION('',(#7344),#7348);
#7344 = LINE('',#7345,#7346);
#7345 = CARTESIAN_POINT('',(0.,-52.2));
#7346 = VECTOR('',#7347,1.);
#7347 = DIRECTION('',(1.,0.));
#7348 = ( GEOMETRIC_REPRESENTATION_CONTEXT(2) 
PARAMETRIC_REPRESENTATION_CONTEXT() REPRESENTATION_CONTEXT('2D SPACE',''
  ) );
#7349 = PCURVE('',#7350,#7355);
#7350 = PLANE('',#7351);
#7351 = AXIS2_PLACEMENT_3D('',#7352,#7353,#7354);
#7352 = CARTESIAN_POINT('',(76.6,52.6,0.));
#7353 = DIRECTION('',(0.707106781187,0.707106781187,0.));
#7354 = DIRECTION('',(-0.,0.,-1.));
#7355 = DEFINITIONAL_REPRESENTATION('',(#7356),#7360);
#7356 = LINE('',#7357,#7358);
#7357 = CARTESIAN_POINT('',(-0.,-0.565685424949));
#7358 = VECTOR('',#7359,1.);
#7359 = DIRECTION('',(-1.,0.));
#7360 = ( GEOMETRIC_REPRESENTATION_CONTEXT(2) 
PARAMETRIC_REPRESENTATION_CONTEXT() REPRESENTATION_CONTEXT('2D SPACE',''
  ) );
#7361 = ADVANCED_FACE('',(#7362),#7162,.F.);
#7362 = FACE_BOUND('',#7363,.F.);
#7363 = EDGE_LOOP('',(#7364,#7392,#7393,#7416));
#7364 = ORIENTED_EDGE('',*,*,#7365,.F.);
#7365 = EDGE_CURVE('',#7147,#7366,#7368,.T.);
#7366 = VERTEX_POINT('',#7367);
#7367 = CARTESIAN_POINT('',(74.8,53.,0.8));
#7368 = SURFACE_CURVE('',#7369,(#7373,#7380),.PCURVE_S1.);
#7369 = LINE('',#7370,#7371);
#7370 = CARTESIAN_POINT('',(101.1,79.3,27.1));
#7371 = VECTOR('',#7372,1.);
#7372 = DIRECTION('',(0.57735026919,0.57735026919,0.57735026919));
#7373 = PCURVE('',#7162,#7374);
#7374 = DEFINITIONAL_REPRESENTATION('',(#7375),#7379);
#7375 = LINE('',#7376,#7377);
#7376 = CARTESIAN_POINT('',(27.1,37.759502115362));
#7377 = VECTOR('',#7378,1.);
#7378 = DIRECTION('',(0.57735026919,0.816496580928));
#7379 = ( GEOMETRIC_REPRESENTATION_CONTEXT(2) 
PARAMETRIC_REPRESENTATION_CONTEXT() REPRESENTATION_CONTEXT('2D SPACE',''
  ) );
#7380 = PCURVE('',#7381,#7386);
#7381 = PLANE('',#7382);
#7382 = AXIS2_PLACEMENT_3D('',#7383,#7384,#7385);
#7383 = CARTESIAN_POINT('',(74.4,52.6,161.));
#7384 = DIRECTION('',(0.707106781187,-0.707106781187,0.));
#7385 = DIRECTION('',(0.,0.,-1.));
#7386 = DEFINITIONAL_REPRESENTATION('',(#7387),#7391);
#7387 = LINE('',#7388,#7389);
#7388 = CARTESIAN_POINT('',(133.9,37.759502115362));
#7389 = VECTOR('',#7390,1.);
#7390 = DIRECTION('',(-0.57735026919,0.816496580928));
#7391 = ( GEOMETRIC_REPRESENTATION_CONTEXT(2) 
PARAMETRIC_REPRESENTATION_CONTEXT() REPRESENTATION_CONTEXT('2D SPACE',''
  ) );
#7392 = ORIENTED_EDGE('',*,*,#7146,.T.);
#7393 = ORIENTED_EDGE('',*,*,#7394,.T.);
#7394 = EDGE_CURVE('',#7114,#7395,#7397,.T.);
#7395 = VERTEX_POINT('',#7396);
#7396 = CARTESIAN_POINT('',(76.2,53.,0.8));
#7397 = SURFACE_CURVE('',#7398,(#7402,#7409),.PCURVE_S1.);
#7398 = LINE('',#7399,#7400);
#7399 = CARTESIAN_POINT('',(76.233333333333,52.966666666667,
    0.766666666667));
#7400 = VECTOR('',#7401,1.);
#7401 = DIRECTION('',(-0.57735026919,0.57735026919,0.57735026919));
#7402 = PCURVE('',#7162,#7403);
#7403 = DEFINITIONAL_REPRESENTATION('',(#7404),#7408);
#7404 = LINE('',#7405,#7406);
#7405 = CARTESIAN_POINT('',(2.233333333333,0.51854497287));
#7406 = VECTOR('',#7407,1.);
#7407 = DIRECTION('',(-0.57735026919,0.816496580928));
#7408 = ( GEOMETRIC_REPRESENTATION_CONTEXT(2) 
PARAMETRIC_REPRESENTATION_CONTEXT() REPRESENTATION_CONTEXT('2D SPACE',''
  ) );
#7409 = PCURVE('',#7350,#7410);
#7410 = DEFINITIONAL_REPRESENTATION('',(#7411),#7415);
#7411 = LINE('',#7412,#7413);
#7412 = CARTESIAN_POINT('',(-0.766666666667,0.51854497287));
#7413 = VECTOR('',#7414,1.);
#7414 = DIRECTION('',(-0.57735026919,0.816496580928));
#7415 = ( GEOMETRIC_REPRESENTATION_CONTEXT(2) 
PARAMETRIC_REPRESENTATION_CONTEXT() REPRESENTATION_CONTEXT('2D SPACE',''
  ) );
#7416 = ORIENTED_EDGE('',*,*,#7417,.F.);
#7417 = EDGE_CURVE('',#7366,#7395,#7418,.T.);
#7418 = SURFACE_CURVE('',#7419,(#7423,#7430),.PCURVE_S1.);
#7419 = LINE('',#7420,#7421);
#7420 = CARTESIAN_POINT('',(74.,53.,0.8));
#7421 = VECTOR('',#7422,1.);
#7422 = DIRECTION('',(1.,0.,-0.));
#7423 = PCURVE('',#7162,#7424);
#7424 = DEFINITIONAL_REPRESENTATION('',(#7425),#7429);
#7425 = LINE('',#7426,#7427);
#7426 = CARTESIAN_POINT('',(0.,0.565685424949));
#7427 = VECTOR('',#7428,1.);
#7428 = DIRECTION('',(1.,0.));
#7429 = ( GEOMETRIC_REPRESENTATION_CONTEXT(2) 
PARAMETRIC_REPRESENTATION_CONTEXT() REPRESENTATION_CONTEXT('2D SPACE',''
  ) );
#7430 = PCURVE('',#7431,#7436);
#7431 = PLANE('',#7432);
#7432 = AXIS2_PLACEMENT_3D('',#7433,#7434,#7435);
#7433 = CARTESIAN_POINT('',(-77.,53.,0.));
#7434 = DIRECTION('',(-0.,1.,0.));
#7435 = DIRECTION('',(0.,0.,1.));
#7436 = DEFINITIONAL_REPRESENTATION('',(#7437),#7441);
#7437 = LINE('',#7438,#7439);
#7438 = CARTESIAN_POINT('',(0.8,151.));
#7439 = VECTOR('',#7440,1.);
#7440 = DIRECTION('',(0.,1.));
#7441 = ( GEOMETRIC_REPRESENTATION_CONTEXT(2) 
PARAMETRIC_REPRESENTATION_CONTEXT() REPRESENTATION_CONTEXT('2D SPACE',''
  ) );
#7442 = ADVANCED_FACE('',(#7443),#7271,.T.);
#7443 = FACE_BOUND('',#7444,.T.);
#7444 = EDGE_LOOP('',(#7445,#7446,#7447,#7470));
#7445 = ORIENTED_EDGE('',*,*,#7257,.F.);
#7446 = ORIENTED_EDGE('',*,*,#7316,.T.);
#7447 = ORIENTED_EDGE('',*,*,#7448,.T.);
#7448 = EDGE_CURVE('',#7287,#7449,#7451,.T.);
#7449 = VERTEX_POINT('',#7450);
#7450 = CARTESIAN_POINT('',(97.,4.,164.));
#7451 = SURFACE_CURVE('',#7452,(#7456,#7463),.PCURVE_S1.);
#7452 = LINE('',#7453,#7454);
#7453 = CARTESIAN_POINT('',(75.,4.,164.));
#7454 = VECTOR('',#7455,1.);
#7455 = DIRECTION('',(1.,0.,0.));
#7456 = PCURVE('',#7271,#7457);
#7457 = DEFINITIONAL_REPRESENTATION('',(#7458),#7462);
#7458 = LINE('',#7459,#7460);
#7459 = CARTESIAN_POINT('',(164.,0.));
#7460 = VECTOR('',#7461,1.);
#7461 = DIRECTION('',(0.,1.));
#7462 = ( GEOMETRIC_REPRESENTATION_CONTEXT(2) 
PARAMETRIC_REPRESENTATION_CONTEXT() REPRESENTATION_CONTEXT('2D SPACE',''
  ) );
#7463 = PCURVE('',#7304,#7464);
#7464 = DEFINITIONAL_REPRESENTATION('',(#7465),#7469);
#7465 = LINE('',#7466,#7467);
#7466 = CARTESIAN_POINT('',(172.,4.));
#7467 = VECTOR('',#7468,1.);
#7468 = DIRECTION('',(1.,0.));
#7469 = ( GEOMETRIC_REPRESENTATION_CONTEXT(2) 
PARAMETRIC_REPRESENTATION_CONTEXT() REPRESENTATION_CONTEXT('2D SPACE',''
  ) );
#7470 = ORIENTED_EDGE('',*,*,#7471,.F.);
#7471 = EDGE_CURVE('',#7230,#7449,#7472,.T.);
#7472 = SURFACE_CURVE('',#7473,(#7477,#7484),.PCURVE_S1.);
#7473 = LINE('',#7474,#7475);
#7474 = CARTESIAN_POINT('',(97.,4.,0.));
#7475 = VECTOR('',#7476,1.);
#7476 = DIRECTION('',(0.,0.,1.));
#7477 = PCURVE('',#7271,#7478);
#7478 = DEFINITIONAL_REPRESENTATION('',(#7479),#7483);
#7479 = LINE('',#7480,#7481);
#7480 = CARTESIAN_POINT('',(0.,22.));
#7481 = VECTOR('',#7482,1.);
#7482 = DIRECTION('',(1.,0.));
#7483 = ( GEOMETRIC_REPRESENTATION_CONTEXT(2) 
PARAMETRIC_REPRESENTATION_CONTEXT() REPRESENTATION_CONTEXT('2D SPACE',''
  ) );
#7484 = PCURVE('',#7245,#7485);
#7485 = DEFINITIONAL_REPRESENTATION('',(#7486),#7490);
#7486 = LINE('',#7487,#7488);
#7487 = CARTESIAN_POINT('',(0.,-4.));
#7488 = VECTOR('',#7489,1.);
#7489 = DIRECTION('',(1.,0.));
#7490 = ( GEOMETRIC_REPRESENTATION_CONTEXT(2) 
PARAMETRIC_REPRESENTATION_CONTEXT() REPRESENTATION_CONTEXT('2D SPACE',''
  ) );
#7491 = ADVANCED_FACE('',(#7492),#7190,.F.);
#7492 = FACE_BOUND('',#7493,.F.);
#7493 = EDGE_LOOP('',(#7494,#7524,#7544,#7545));
#7494 = ORIENTED_EDGE('',*,*,#7495,.F.);
#7495 = EDGE_CURVE('',#7496,#7498,#7500,.T.);
#7496 = VERTEX_POINT('',#7497);
#7497 = CARTESIAN_POINT('',(74.,0.,161.));
#7498 = VERTEX_POINT('',#7499);
#7499 = CARTESIAN_POINT('',(74.,52.2,161.));
#7500 = SURFACE_CURVE('',#7501,(#7505,#7512),.PCURVE_S1.);
#7501 = LINE('',#7502,#7503);
#7502 = CARTESIAN_POINT('',(74.,-1.,161.));
#7503 = VECTOR('',#7504,1.);
#7504 = DIRECTION('',(0.,1.,0.));
#7505 = PCURVE('',#7190,#7506);
#7506 = DEFINITIONAL_REPRESENTATION('',(#7507),#7511);
#7507 = LINE('',#7508,#7509);
#7508 = CARTESIAN_POINT('',(162.,0.));
#7509 = VECTOR('',#7510,1.);
#7510 = DIRECTION('',(0.,-1.));
#7511 = ( GEOMETRIC_REPRESENTATION_CONTEXT(2) 
PARAMETRIC_REPRESENTATION_CONTEXT() REPRESENTATION_CONTEXT('2D SPACE',''
  ) );
#7512 = PCURVE('',#7513,#7518);
#7513 = PLANE('',#7514);
#7514 = AXIS2_PLACEMENT_3D('',#7515,#7516,#7517);
#7515 = CARTESIAN_POINT('',(-74.,-1.,161.));
#7516 = DIRECTION('',(0.,0.,1.));
#7517 = DIRECTION('',(1.,0.,0.));
#7518 = DEFINITIONAL_REPRESENTATION('',(#7519),#7523);
#7519 = LINE('',#7520,#7521);
#7520 = CARTESIAN_POINT('',(148.,0.));
#7521 = VECTOR('',#7522,1.);
#7522 = DIRECTION('',(0.,1.));
#7523 = ( GEOMETRIC_REPRESENTATION_CONTEXT(2) 
PARAMETRIC_REPRESENTATION_CONTEXT() REPRESENTATION_CONTEXT('2D SPACE',''
  ) );
#7524 = ORIENTED_EDGE('',*,*,#7525,.T.);
#7525 = EDGE_CURVE('',#7496,#7175,#7526,.T.);
#7526 = SURFACE_CURVE('',#7527,(#7531,#7537),.PCURVE_S1.);
#7527 = LINE('',#7528,#7529);
#7528 = CARTESIAN_POINT('',(74.,0.,-0.5));
#7529 = VECTOR('',#7530,1.);
#7530 = DIRECTION('',(0.,0.,-1.));
#7531 = PCURVE('',#7190,#7532);
#7532 = DEFINITIONAL_REPRESENTATION('',(#7533),#7536);
#7533 = B_SPLINE_CURVE_WITH_KNOTS('',1,(#7534,#7535),.UNSPECIFIED.,.F.,
  .F.,(2,2),(-161.5,-0.5),.PIECEWISE_BEZIER_KNOTS.);
#7534 = CARTESIAN_POINT('',(162.,-1.));
#7535 = CARTESIAN_POINT('',(1.,-1.));
#7536 = ( GEOMETRIC_REPRESENTATION_CONTEXT(2) 
PARAMETRIC_REPRESENTATION_CONTEXT() REPRESENTATION_CONTEXT('2D SPACE',''
  ) );
#7537 = PCURVE('',#7217,#7538);
#7538 = DEFINITIONAL_REPRESENTATION('',(#7539),#7543);
#7539 = LINE('',#7540,#7541);
#7540 = CARTESIAN_POINT('',(-0.5,171.));
#7541 = VECTOR('',#7542,1.);
#7542 = DIRECTION('',(-1.,0.));
#7543 = ( GEOMETRIC_REPRESENTATION_CONTEXT(2) 
PARAMETRIC_REPRESENTATION_CONTEXT() REPRESENTATION_CONTEXT('2D SPACE',''
  ) );
#7544 = ORIENTED_EDGE('',*,*,#7174,.T.);
#7545 = ORIENTED_EDGE('',*,*,#7546,.F.);
#7546 = EDGE_CURVE('',#7498,#7147,#7547,.T.);
#7547 = SURFACE_CURVE('',#7548,(#7552,#7559),.PCURVE_S1.);
#7548 = LINE('',#7549,#7550);
#7549 = CARTESIAN_POINT('',(74.,52.2,161.));
#7550 = VECTOR('',#7551,1.);
#7551 = DIRECTION('',(0.,0.,-1.));
#7552 = PCURVE('',#7190,#7553);
#7553 = DEFINITIONAL_REPRESENTATION('',(#7554),#7558);
#7554 = LINE('',#7555,#7556);
#7555 = CARTESIAN_POINT('',(162.,-53.2));
#7556 = VECTOR('',#7557,1.);
#7557 = DIRECTION('',(-1.,0.));
#7558 = ( GEOMETRIC_REPRESENTATION_CONTEXT(2) 
PARAMETRIC_REPRESENTATION_CONTEXT() REPRESENTATION_CONTEXT('2D SPACE',''
  ) );
#7559 = PCURVE('',#7381,#7560);
#7560 = DEFINITIONAL_REPRESENTATION('',(#7561),#7565);
#7561 = LINE('',#7562,#7563);
#7562 = CARTESIAN_POINT('',(0.,-0.565685424949));
#7563 = VECTOR('',#7564,1.);
#7564 = DIRECTION('',(1.,0.));
#7565 = ( GEOMETRIC_REPRESENTATION_CONTEXT(2) 
PARAMETRIC_REPRESENTATION_CONTEXT() REPRESENTATION_CONTEXT('2D SPACE',''
  ) );
#7566 = ADVANCED_FACE('',(#7567),#7245,.T.);
#7567 = FACE_BOUND('',#7568,.T.);
#7568 = EDGE_LOOP('',(#7569,#7592,#7593,#7594));
#7569 = ORIENTED_EDGE('',*,*,#7570,.F.);
#7570 = EDGE_CURVE('',#7202,#7571,#7573,.T.);
#7571 = VERTEX_POINT('',#7572);
#7572 = CARTESIAN_POINT('',(97.,0.,164.));
#7573 = SURFACE_CURVE('',#7574,(#7578,#7585),.PCURVE_S1.);
#7574 = LINE('',#7575,#7576);
#7575 = CARTESIAN_POINT('',(97.,0.,0.));
#7576 = VECTOR('',#7577,1.);
#7577 = DIRECTION('',(0.,0.,1.));
#7578 = PCURVE('',#7245,#7579);
#7579 = DEFINITIONAL_REPRESENTATION('',(#7580),#7584);
#7580 = LINE('',#7581,#7582);
#7581 = CARTESIAN_POINT('',(0.,0.));
#7582 = VECTOR('',#7583,1.);
#7583 = DIRECTION('',(1.,0.));
#7584 = ( GEOMETRIC_REPRESENTATION_CONTEXT(2) 
PARAMETRIC_REPRESENTATION_CONTEXT() REPRESENTATION_CONTEXT('2D SPACE',''
  ) );
#7585 = PCURVE('',#7217,#7586);
#7586 = DEFINITIONAL_REPRESENTATION('',(#7587),#7591);
#7587 = LINE('',#7588,#7589);
#7588 = CARTESIAN_POINT('',(0.,194.));
#7589 = VECTOR('',#7590,1.);
#7590 = DIRECTION('',(1.,0.));
#7591 = ( GEOMETRIC_REPRESENTATION_CONTEXT(2) 
PARAMETRIC_REPRESENTATION_CONTEXT() REPRESENTATION_CONTEXT('2D SPACE',''
  ) );
#7592 = ORIENTED_EDGE('',*,*,#7229,.T.);
#7593 = ORIENTED_EDGE('',*,*,#7471,.T.);
#7594 = ORIENTED_EDGE('',*,*,#7595,.F.);
#7595 = EDGE_CURVE('',#7571,#7449,#7596,.T.);
#7596 = SURFACE_CURVE('',#7597,(#7601,#7608),.PCURVE_S1.);
#7597 = LINE('',#7598,#7599);
#7598 = CARTESIAN_POINT('',(97.,0.,164.));
#7599 = VECTOR('',#7600,1.);
#7600 = DIRECTION('',(0.,1.,0.));
#7601 = PCURVE('',#7245,#7602);
#7602 = DEFINITIONAL_REPRESENTATION('',(#7603),#7607);
#7603 = LINE('',#7604,#7605);
#7604 = CARTESIAN_POINT('',(164.,0.));
#7605 = VECTOR('',#7606,1.);
#7606 = DIRECTION('',(0.,-1.));
#7607 = ( GEOMETRIC_REPRESENTATION_CONTEXT(2) 
PARAMETRIC_REPRESENTATION_CONTEXT() REPRESENTATION_CONTEXT('2D SPACE',''
  ) );
#7608 = PCURVE('',#7304,#7609);
#7609 = DEFINITIONAL_REPRESENTATION('',(#7610),#7614);
#7610 = LINE('',#7611,#7612);
#7611 = CARTESIAN_POINT('',(194.,0.));
#7612 = VECTOR('',#7613,1.);
#7613 = DIRECTION('',(0.,1.));
#7614 = ( GEOMETRIC_REPRESENTATION_CONTEXT(2) 
PARAMETRIC_REPRESENTATION_CONTEXT() REPRESENTATION_CONTEXT('2D SPACE',''
  ) );
#7615 = ADVANCED_FACE('',(#7616,#7747,#7778,#7809,#7840),#7217,.F.);
#7616 = FACE_BOUND('',#7617,.F.);
#7617 = EDGE_LOOP('',(#7618,#7619,#7620,#7642,#7669,#7697,#7725,#7746));
#7618 = ORIENTED_EDGE('',*,*,#7201,.F.);
#7619 = ORIENTED_EDGE('',*,*,#7525,.F.);
#7620 = ORIENTED_EDGE('',*,*,#7621,.F.);
#7621 = EDGE_CURVE('',#7622,#7496,#7624,.T.);
#7622 = VERTEX_POINT('',#7623);
#7623 = CARTESIAN_POINT('',(-74.,0.,161.));
#7624 = SURFACE_CURVE('',#7625,(#7629,#7636),.PCURVE_S1.);
#7625 = LINE('',#7626,#7627);
#7626 = CARTESIAN_POINT('',(-75.5,0.,161.));
#7627 = VECTOR('',#7628,1.);
#7628 = DIRECTION('',(1.,0.,-0.));
#7629 = PCURVE('',#7217,#7630);
#7630 = DEFINITIONAL_REPRESENTATION('',(#7631),#7635);
#7631 = LINE('',#7632,#7633);
#7632 = CARTESIAN_POINT('',(161.,21.5));
#7633 = VECTOR('',#7634,1.);
#7634 = DIRECTION('',(0.,1.));
#7635 = ( GEOMETRIC_REPRESENTATION_CONTEXT(2) 
PARAMETRIC_REPRESENTATION_CONTEXT() REPRESENTATION_CONTEXT('2D SPACE',''
  ) );
#7636 = PCURVE('',#7513,#7637);
#7637 = DEFINITIONAL_REPRESENTATION('',(#7638),#7641);
#7638 = B_SPLINE_CURVE_WITH_KNOTS('',1,(#7639,#7640),.UNSPECIFIED.,.F.,
  .F.,(2,2),(1.5,149.5),.PIECEWISE_BEZIER_KNOTS.);
#7639 = CARTESIAN_POINT('',(0.,1.));
#7640 = CARTESIAN_POINT('',(148.,1.));
#7641 = ( GEOMETRIC_REPRESENTATION_CONTEXT(2) 
PARAMETRIC_REPRESENTATION_CONTEXT() REPRESENTATION_CONTEXT('2D SPACE',''
  ) );
#7642 = ORIENTED_EDGE('',*,*,#7643,.T.);
#7643 = EDGE_CURVE('',#7622,#7644,#7646,.T.);
#7644 = VERTEX_POINT('',#7645);
#7645 = CARTESIAN_POINT('',(-74.,0.,0.));
#7646 = SURFACE_CURVE('',#7647,(#7651,#7658),.PCURVE_S1.);
#7647 = LINE('',#7648,#7649);
#7648 = CARTESIAN_POINT('',(-74.,0.,-0.5));
#7649 = VECTOR('',#7650,1.);
#7650 = DIRECTION('',(0.,0.,-1.));
#7651 = PCURVE('',#7217,#7652);
#7652 = DEFINITIONAL_REPRESENTATION('',(#7653),#7657);
#7653 = LINE('',#7654,#7655);
#7654 = CARTESIAN_POINT('',(-0.5,23.));
#7655 = VECTOR('',#7656,1.);
#7656 = DIRECTION('',(-1.,0.));
#7657 = ( GEOMETRIC_REPRESENTATION_CONTEXT(2) 
PARAMETRIC_REPRESENTATION_CONTEXT() REPRESENTATION_CONTEXT('2D SPACE',''
  ) );
#7658 = PCURVE('',#7659,#7664);
#7659 = PLANE('',#7660);
#7660 = AXIS2_PLACEMENT_3D('',#7661,#7662,#7663);
#7661 = CARTESIAN_POINT('',(-74.,-1.,-1.));
#7662 = DIRECTION('',(1.,0.,0.));
#7663 = DIRECTION('',(0.,0.,1.));
#7664 = DEFINITIONAL_REPRESENTATION('',(#7665),#7668);
#7665 = B_SPLINE_CURVE_WITH_KNOTS('',1,(#7666,#7667),.UNSPECIFIED.,.F.,
  .F.,(2,2),(-161.5,-0.5),.PIECEWISE_BEZIER_KNOTS.);
#7666 = CARTESIAN_POINT('',(162.,-1.));
#7667 = CARTESIAN_POINT('',(1.,-1.));
#7668 = ( GEOMETRIC_REPRESENTATION_CONTEXT(2) 
PARAMETRIC_REPRESENTATION_CONTEXT() REPRESENTATION_CONTEXT('2D SPACE',''
  ) );
#7669 = ORIENTED_EDGE('',*,*,#7670,.F.);
#7670 = EDGE_CURVE('',#7671,#7644,#7673,.T.);
#7671 = VERTEX_POINT('',#7672);
#7672 = CARTESIAN_POINT('',(-97.,0.,0.));
#7673 = SURFACE_CURVE('',#7674,(#7678,#7685),.PCURVE_S1.);
#7674 = LINE('',#7675,#7676);
#7675 = CARTESIAN_POINT('',(-97.,0.,0.));
#7676 = VECTOR('',#7677,1.);
#7677 = DIRECTION('',(1.,0.,0.));
#7678 = PCURVE('',#7217,#7679);
#7679 = DEFINITIONAL_REPRESENTATION('',(#7680),#7684);
#7680 = LINE('',#7681,#7682);
#7681 = CARTESIAN_POINT('',(0.,0.));
#7682 = VECTOR('',#7683,1.);
#7683 = DIRECTION('',(0.,1.));
#7684 = ( GEOMETRIC_REPRESENTATION_CONTEXT(2) 
PARAMETRIC_REPRESENTATION_CONTEXT() REPRESENTATION_CONTEXT('2D SPACE',''
  ) );
#7685 = PCURVE('',#7686,#7691);
#7686 = PLANE('',#7687);
#7687 = AXIS2_PLACEMENT_3D('',#7688,#7689,#7690);
#7688 = CARTESIAN_POINT('',(-97.,0.,0.));
#7689 = DIRECTION('',(0.,0.,1.));
#7690 = DIRECTION('',(1.,0.,0.));
#7691 = DEFINITIONAL_REPRESENTATION('',(#7692),#7696);
#7692 = LINE('',#7693,#7694);
#7693 = CARTESIAN_POINT('',(0.,0.));
#7694 = VECTOR('',#7695,1.);
#7695 = DIRECTION('',(1.,0.));
#7696 = ( GEOMETRIC_REPRESENTATION_CONTEXT(2) 
PARAMETRIC_REPRESENTATION_CONTEXT() REPRESENTATION_CONTEXT('2D SPACE',''
  ) );
#7697 = ORIENTED_EDGE('',*,*,#7698,.T.);
#7698 = EDGE_CURVE('',#7671,#7699,#7701,.T.);
#7699 = VERTEX_POINT('',#7700);
#7700 = CARTESIAN_POINT('',(-97.,0.,164.));
#7701 = SURFACE_CURVE('',#7702,(#7706,#7713),.PCURVE_S1.);
#7702 = LINE('',#7703,#7704);
#7703 = CARTESIAN_POINT('',(-97.,0.,0.));
#7704 = VECTOR('',#7705,1.);
#7705 = DIRECTION('',(0.,0.,1.));
#7706 = PCURVE('',#7217,#7707);
#7707 = DEFINITIONAL_REPRESENTATION('',(#7708),#7712);
#7708 = LINE('',#7709,#7710);
#7709 = CARTESIAN_POINT('',(0.,0.));
#7710 = VECTOR('',#7711,1.);
#7711 = DIRECTION('',(1.,0.));
#7712 = ( GEOMETRIC_REPRESENTATION_CONTEXT(2) 
PARAMETRIC_REPRESENTATION_CONTEXT() REPRESENTATION_CONTEXT('2D SPACE',''
  ) );
#7713 = PCURVE('',#7714,#7719);
#7714 = PLANE('',#7715);
#7715 = AXIS2_PLACEMENT_3D('',#7716,#7717,#7718);
#7716 = CARTESIAN_POINT('',(-97.,0.,0.));
#7717 = DIRECTION('',(1.,0.,0.));
#7718 = DIRECTION('',(0.,0.,1.));
#7719 = DEFINITIONAL_REPRESENTATION('',(#7720),#7724);
#7720 = LINE('',#7721,#7722);
#7721 = CARTESIAN_POINT('',(0.,0.));
#7722 = VECTOR('',#7723,1.);
#7723 = DIRECTION('',(1.,0.));
#7724 = ( GEOMETRIC_REPRESENTATION_CONTEXT(2) 
PARAMETRIC_REPRESENTATION_CONTEXT() REPRESENTATION_CONTEXT('2D SPACE',''
  ) );
#7725 = ORIENTED_EDGE('',*,*,#7726,.F.);
#7726 = EDGE_CURVE('',#7571,#7699,#7727,.T.);
#7727 = SURFACE_CURVE('',#7728,(#7732,#7739),.PCURVE_S1.);
#7728 = LINE('',#7729,#7730);
#7729 = CARTESIAN_POINT('',(97.,0.,164.));
#7730 = VECTOR('',#7731,1.);
#7731 = DIRECTION('',(-1.,0.,0.));
#7732 = PCURVE('',#7217,#7733);
#7733 = DEFINITIONAL_REPRESENTATION('',(#7734),#7738);
#7734 = LINE('',#7735,#7736);
#7735 = CARTESIAN_POINT('',(164.,194.));
#7736 = VECTOR('',#7737,1.);
#7737 = DIRECTION('',(0.,-1.));
#7738 = ( GEOMETRIC_REPRESENTATION_CONTEXT(2) 
PARAMETRIC_REPRESENTATION_CONTEXT() REPRESENTATION_CONTEXT('2D SPACE',''
  ) );
#7739 = PCURVE('',#7304,#7740);
#7740 = DEFINITIONAL_REPRESENTATION('',(#7741),#7745);
#7741 = LINE('',#7742,#7743);
#7742 = CARTESIAN_POINT('',(194.,0.));
#7743 = VECTOR('',#7744,1.);
#7744 = DIRECTION('',(-1.,0.));
#7745 = ( GEOMETRIC_REPRESENTATION_CONTEXT(2) 
PARAMETRIC_REPRESENTATION_CONTEXT() REPRESENTATION_CONTEXT('2D SPACE',''
  ) );
#7746 = ORIENTED_EDGE('',*,*,#7570,.F.);
#7747 = FACE_BOUND('',#7748,.F.);
#7748 = EDGE_LOOP('',(#7749));
#7749 = ORIENTED_EDGE('',*,*,#7750,.F.);
#7750 = EDGE_CURVE('',#7751,#7751,#7753,.T.);
#7751 = VERTEX_POINT('',#7752);
#7752 = CARTESIAN_POINT('',(-83.25,0.,28.));
#7753 = SURFACE_CURVE('',#7754,(#7759,#7766),.PCURVE_S1.);
#7754 = CIRCLE('',#7755,2.75);
#7755 = AXIS2_PLACEMENT_3D('',#7756,#7757,#7758);
#7756 = CARTESIAN_POINT('',(-86.,0.,28.));
#7757 = DIRECTION('',(-0.,1.,0.));
#7758 = DIRECTION('',(1.,0.,0.));
#7759 = PCURVE('',#7217,#7760);
#7760 = DEFINITIONAL_REPRESENTATION('',(#7761),#7765);
#7761 = CIRCLE('',#7762,2.75);
#7762 = AXIS2_PLACEMENT_2D('',#7763,#7764);
#7763 = CARTESIAN_POINT('',(28.,11.));
#7764 = DIRECTION('',(0.,1.));
#7765 = ( GEOMETRIC_REPRESENTATION_CONTEXT(2) 
PARAMETRIC_REPRESENTATION_CONTEXT() REPRESENTATION_CONTEXT('2D SPACE',''
  ) );
#7766 = PCURVE('',#7767,#7772);
#7767 = CYLINDRICAL_SURFACE('',#7768,2.75);
#7768 = AXIS2_PLACEMENT_3D('',#7769,#7770,#7771);
#7769 = CARTESIAN_POINT('',(-86.,1.,28.));
#7770 = DIRECTION('',(-0.,1.,-0.));
#7771 = DIRECTION('',(1.,0.,0.));
#7772 = DEFINITIONAL_REPRESENTATION('',(#7773),#7777);
#7773 = LINE('',#7774,#7775);
#7774 = CARTESIAN_POINT('',(-6.28318530718,-1.));
#7775 = VECTOR('',#7776,1.);
#7776 = DIRECTION('',(1.,-0.));
#7777 = ( GEOMETRIC_REPRESENTATION_CONTEXT(2) 
PARAMETRIC_REPRESENTATION_CONTEXT() REPRESENTATION_CONTEXT('2D SPACE',''
  ) );
#7778 = FACE_BOUND('',#7779,.F.);
#7779 = EDGE_LOOP('',(#7780));
#7780 = ORIENTED_EDGE('',*,*,#7781,.F.);
#7781 = EDGE_CURVE('',#7782,#7782,#7784,.T.);
#7782 = VERTEX_POINT('',#7783);
#7783 = CARTESIAN_POINT('',(-83.25,0.,136.));
#7784 = SURFACE_CURVE('',#7785,(#7790,#7797),.PCURVE_S1.);
#7785 = CIRCLE('',#7786,2.75);
#7786 = AXIS2_PLACEMENT_3D('',#7787,#7788,#7789);
#7787 = CARTESIAN_POINT('',(-86.,0.,136.));
#7788 = DIRECTION('',(-0.,1.,0.));
#7789 = DIRECTION('',(1.,0.,0.));
#7790 = PCURVE('',#7217,#7791);
#7791 = DEFINITIONAL_REPRESENTATION('',(#7792),#7796);
#7792 = CIRCLE('',#7793,2.75);
#7793 = AXIS2_PLACEMENT_2D('',#7794,#7795);
#7794 = CARTESIAN_POINT('',(136.,11.));
#7795 = DIRECTION('',(0.,1.));
#7796 = ( GEOMETRIC_REPRESENTATION_CONTEXT(2) 
PARAMETRIC_REPRESENTATION_CONTEXT() REPRESENTATION_CONTEXT('2D SPACE',''
  ) );
#7797 = PCURVE('',#7798,#7803);
#7798 = CYLINDRICAL_SURFACE('',#7799,2.75);
#7799 = AXIS2_PLACEMENT_3D('',#7800,#7801,#7802);
#7800 = CARTESIAN_POINT('',(-86.,1.,136.));
#7801 = DIRECTION('',(-0.,1.,-0.));
#7802 = DIRECTION('',(1.,0.,0.));
#7803 = DEFINITIONAL_REPRESENTATION('',(#7804),#7808);
#7804 = LINE('',#7805,#7806);
#7805 = CARTESIAN_POINT('',(-6.28318530718,-1.));
#7806 = VECTOR('',#7807,1.);
#7807 = DIRECTION('',(1.,-0.));
#7808 = ( GEOMETRIC_REPRESENTATION_CONTEXT(2) 
PARAMETRIC_REPRESENTATION_CONTEXT() REPRESENTATION_CONTEXT('2D SPACE',''
  ) );
#7809 = FACE_BOUND('',#7810,.F.);
#7810 = EDGE_LOOP('',(#7811));
#7811 = ORIENTED_EDGE('',*,*,#7812,.F.);
#7812 = EDGE_CURVE('',#7813,#7813,#7815,.T.);
#7813 = VERTEX_POINT('',#7814);
#7814 = CARTESIAN_POINT('',(88.75,0.,28.));
#7815 = SURFACE_CURVE('',#7816,(#7821,#7828),.PCURVE_S1.);
#7816 = CIRCLE('',#7817,2.75);
#7817 = AXIS2_PLACEMENT_3D('',#7818,#7819,#7820);
#7818 = CARTESIAN_POINT('',(86.,0.,28.));
#7819 = DIRECTION('',(-0.,1.,0.));
#7820 = DIRECTION('',(1.,0.,0.));
#7821 = PCURVE('',#7217,#7822);
#7822 = DEFINITIONAL_REPRESENTATION('',(#7823),#7827);
#7823 = CIRCLE('',#7824,2.75);
#7824 = AXIS2_PLACEMENT_2D('',#7825,#7826);
#7825 = CARTESIAN_POINT('',(28.,183.));
#7826 = DIRECTION('',(0.,1.));
#7827 = ( GEOMETRIC_REPRESENTATION_CONTEXT(2) 
PARAMETRIC_REPRESENTATION_CONTEXT() REPRESENTATION_CONTEXT('2D SPACE',''
  ) );
#7828 = PCURVE('',#7829,#7834);
#7829 = CYLINDRICAL_SURFACE('',#7830,2.75);
#7830 = AXIS2_PLACEMENT_3D('',#7831,#7832,#7833);
#7831 = CARTESIAN_POINT('',(86.,1.,28.));
#7832 = DIRECTION('',(-0.,1.,-0.));
#7833 = DIRECTION('',(1.,0.,0.));
#7834 = DEFINITIONAL_REPRESENTATION('',(#7835),#7839);
#7835 = LINE('',#7836,#7837);
#7836 = CARTESIAN_POINT('',(-6.28318530718,-1.));
#7837 = VECTOR('',#7838,1.);
#7838 = DIRECTION('',(1.,-0.));
#7839 = ( GEOMETRIC_REPRESENTATION_CONTEXT(2) 
PARAMETRIC_REPRESENTATION_CONTEXT() REPRESENTATION_CONTEXT('2D SPACE',''
  ) );
#7840 = FACE_BOUND('',#7841,.F.);
#7841 = EDGE_LOOP('',(#7842));
#7842 = ORIENTED_EDGE('',*,*,#7843,.F.);
#7843 = EDGE_CURVE('',#7844,#7844,#7846,.T.);
#7844 = VERTEX_POINT('',#7845);
#7845 = CARTESIAN_POINT('',(88.75,0.,136.));
#7846 = SURFACE_CURVE('',#7847,(#7852,#7859),.PCURVE_S1.);
#7847 = CIRCLE('',#7848,2.75);
#7848 = AXIS2_PLACEMENT_3D('',#7849,#7850,#7851);
#7849 = CARTESIAN_POINT('',(86.,0.,136.));
#7850 = DIRECTION('',(-0.,1.,0.));
#7851 = DIRECTION('',(1.,0.,0.));
#7852 = PCURVE('',#7217,#7853);
#7853 = DEFINITIONAL_REPRESENTATION('',(#7854),#7858);
#7854 = CIRCLE('',#7855,2.75);
#7855 = AXIS2_PLACEMENT_2D('',#7856,#7857);
#7856 = CARTESIAN_POINT('',(136.,183.));
#7857 = DIRECTION('',(0.,1.));
#7858 = ( GEOMETRIC_REPRESENTATION_CONTEXT(2) 
PARAMETRIC_REPRESENTATION_CONTEXT() REPRESENTATION_CONTEXT('2D SPACE',''
  ) );
#7859 = PCURVE('',#7860,#7865);
#7860 = CYLINDRICAL_SURFACE('',#7861,2.75);
#7861 = AXIS2_PLACEMENT_3D('',#7862,#7863,#7864);
#7862 = CARTESIAN_POINT('',(86.,1.,136.));
#7863 = DIRECTION('',(-0.,1.,-0.));
#7864 = DIRECTION('',(1.,0.,0.));
#7865 = DEFINITIONAL_REPRESENTATION('',(#7866),#7870);
#7866 = LINE('',#7867,#7868);
#7867 = CARTESIAN_POINT('',(-6.28318530718,-1.));
#7868 = VECTOR('',#7869,1.);
#7869 = DIRECTION('',(1.,-0.));
#7870 = ( GEOMETRIC_REPRESENTATION_CONTEXT(2) 
PARAMETRIC_REPRESENTATION_CONTEXT() REPRESENTATION_CONTEXT('2D SPACE',''
  ) );
#7871 = ADVANCED_FACE('',(#7872),#7304,.T.);
#7872 = FACE_BOUND('',#7873,.T.);
#7873 = EDGE_LOOP('',(#7874,#7875,#7903,#7931,#7959,#7980,#7981,#7982));
#7874 = ORIENTED_EDGE('',*,*,#7286,.T.);
#7875 = ORIENTED_EDGE('',*,*,#7876,.F.);
#7876 = EDGE_CURVE('',#7877,#7289,#7879,.T.);
#7877 = VERTEX_POINT('',#7878);
#7878 = CARTESIAN_POINT('',(-77.,52.2,164.));
#7879 = SURFACE_CURVE('',#7880,(#7884,#7891),.PCURVE_S1.);
#7880 = LINE('',#7881,#7882);
#7881 = CARTESIAN_POINT('',(-77.,52.2,164.));
#7882 = VECTOR('',#7883,1.);
#7883 = DIRECTION('',(1.,0.,-0.));
#7884 = PCURVE('',#7304,#7885);
#7885 = DEFINITIONAL_REPRESENTATION('',(#7886),#7890);
#7886 = LINE('',#7887,#7888);
#7887 = CARTESIAN_POINT('',(20.,52.2));
#7888 = VECTOR('',#7889,1.);
#7889 = DIRECTION('',(1.,0.));
#7890 = ( GEOMETRIC_REPRESENTATION_CONTEXT(2) 
PARAMETRIC_REPRESENTATION_CONTEXT() REPRESENTATION_CONTEXT('2D SPACE',''
  ) );
#7891 = PCURVE('',#7892,#7897);
#7892 = PLANE('',#7893);
#7893 = AXIS2_PLACEMENT_3D('',#7894,#7895,#7896);
#7894 = CARTESIAN_POINT('',(-77.,52.6,163.6));
#7895 = DIRECTION('',(0.,0.707106781187,0.707106781187));
#7896 = DIRECTION('',(1.,0.,-0.));
#7897 = DEFINITIONAL_REPRESENTATION('',(#7898),#7902);
#7898 = LINE('',#7899,#7900);
#7899 = CARTESIAN_POINT('',(0.,-0.565685424949));
#7900 = VECTOR('',#7901,1.);
#7901 = DIRECTION('',(1.,0.));
#7902 = ( GEOMETRIC_REPRESENTATION_CONTEXT(2) 
PARAMETRIC_REPRESENTATION_CONTEXT() REPRESENTATION_CONTEXT('2D SPACE',''
  ) );
#7903 = ORIENTED_EDGE('',*,*,#7904,.F.);
#7904 = EDGE_CURVE('',#7905,#7877,#7907,.T.);
#7905 = VERTEX_POINT('',#7906);
#7906 = CARTESIAN_POINT('',(-77.,4.,164.));
#7907 = SURFACE_CURVE('',#7908,(#7912,#7919),.PCURVE_S1.);
#7908 = LINE('',#7909,#7910);
#7909 = CARTESIAN_POINT('',(-77.,0.,164.));
#7910 = VECTOR('',#7911,1.);
#7911 = DIRECTION('',(-0.,1.,0.));
#7912 = PCURVE('',#7304,#7913);
#7913 = DEFINITIONAL_REPRESENTATION('',(#7914),#7918);
#7914 = LINE('',#7915,#7916);
#7915 = CARTESIAN_POINT('',(20.,0.));
#7916 = VECTOR('',#7917,1.);
#7917 = DIRECTION('',(0.,1.));
#7918 = ( GEOMETRIC_REPRESENTATION_CONTEXT(2) 
PARAMETRIC_REPRESENTATION_CONTEXT() REPRESENTATION_CONTEXT('2D SPACE',''
  ) );
#7919 = PCURVE('',#7920,#7925);
#7920 = PLANE('',#7921);
#7921 = AXIS2_PLACEMENT_3D('',#7922,#7923,#7924);
#7922 = CARTESIAN_POINT('',(-77.,0.,0.));
#7923 = DIRECTION('',(1.,0.,-0.));
#7924 = DIRECTION('',(0.,0.,1.));
#7925 = DEFINITIONAL_REPRESENTATION('',(#7926),#7930);
#7926 = LINE('',#7927,#7928);
#7927 = CARTESIAN_POINT('',(164.,0.));
#7928 = VECTOR('',#7929,1.);
#7929 = DIRECTION('',(0.,-1.));
#7930 = ( GEOMETRIC_REPRESENTATION_CONTEXT(2) 
PARAMETRIC_REPRESENTATION_CONTEXT() REPRESENTATION_CONTEXT('2D SPACE',''
  ) );
#7931 = ORIENTED_EDGE('',*,*,#7932,.F.);
#7932 = EDGE_CURVE('',#7933,#7905,#7935,.T.);
#7933 = VERTEX_POINT('',#7934);
#7934 = CARTESIAN_POINT('',(-97.,4.,164.));
#7935 = SURFACE_CURVE('',#7936,(#7940,#7947),.PCURVE_S1.);
#7936 = LINE('',#7937,#7938);
#7937 = CARTESIAN_POINT('',(-97.,4.,164.));
#7938 = VECTOR('',#7939,1.);
#7939 = DIRECTION('',(1.,0.,0.));
#7940 = PCURVE('',#7304,#7941);
#7941 = DEFINITIONAL_REPRESENTATION('',(#7942),#7946);
#7942 = LINE('',#7943,#7944);
#7943 = CARTESIAN_POINT('',(0.,4.));
#7944 = VECTOR('',#7945,1.);
#7945 = DIRECTION('',(1.,0.));
#7946 = ( GEOMETRIC_REPRESENTATION_CONTEXT(2) 
PARAMETRIC_REPRESENTATION_CONTEXT() REPRESENTATION_CONTEXT('2D SPACE',''
  ) );
#7947 = PCURVE('',#7948,#7953);
#7948 = PLANE('',#7949);
#7949 = AXIS2_PLACEMENT_3D('',#7950,#7951,#7952);
#7950 = CARTESIAN_POINT('',(-97.,4.,0.));
#7951 = DIRECTION('',(0.,1.,0.));
#7952 = DIRECTION('',(0.,0.,1.));
#7953 = DEFINITIONAL_REPRESENTATION('',(#7954),#7958);
#7954 = LINE('',#7955,#7956);
#7955 = CARTESIAN_POINT('',(164.,0.));
#7956 = VECTOR('',#7957,1.);
#7957 = DIRECTION('',(0.,1.));
#7958 = ( GEOMETRIC_REPRESENTATION_CONTEXT(2) 
PARAMETRIC_REPRESENTATION_CONTEXT() REPRESENTATION_CONTEXT('2D SPACE',''
  ) );
#7959 = ORIENTED_EDGE('',*,*,#7960,.F.);
#7960 = EDGE_CURVE('',#7699,#7933,#7961,.T.);
#7961 = SURFACE_CURVE('',#7962,(#7966,#7973),.PCURVE_S1.);
#7962 = LINE('',#7963,#7964);
#7963 = CARTESIAN_POINT('',(-97.,0.,164.));
#7964 = VECTOR('',#7965,1.);
#7965 = DIRECTION('',(0.,1.,0.));
#7966 = PCURVE('',#7304,#7967);
#7967 = DEFINITIONAL_REPRESENTATION('',(#7968),#7972);
#7968 = LINE('',#7969,#7970);
#7969 = CARTESIAN_POINT('',(0.,0.));
#7970 = VECTOR('',#7971,1.);
#7971 = DIRECTION('',(0.,1.));
#7972 = ( GEOMETRIC_REPRESENTATION_CONTEXT(2) 
PARAMETRIC_REPRESENTATION_CONTEXT() REPRESENTATION_CONTEXT('2D SPACE',''
  ) );
#7973 = PCURVE('',#7714,#7974);
#7974 = DEFINITIONAL_REPRESENTATION('',(#7975),#7979);
#7975 = LINE('',#7976,#7977);
#7976 = CARTESIAN_POINT('',(164.,0.));
#7977 = VECTOR('',#7978,1.);
#7978 = DIRECTION('',(0.,-1.));
#7979 = ( GEOMETRIC_REPRESENTATION_CONTEXT(2) 
PARAMETRIC_REPRESENTATION_CONTEXT() REPRESENTATION_CONTEXT('2D SPACE',''
  ) );
#7980 = ORIENTED_EDGE('',*,*,#7726,.F.);
#7981 = ORIENTED_EDGE('',*,*,#7595,.T.);
#7982 = ORIENTED_EDGE('',*,*,#7448,.F.);
#7983 = ADVANCED_FACE('',(#7984),#7350,.T.);
#7984 = FACE_BOUND('',#7985,.F.);
#7985 = EDGE_LOOP('',(#7986,#7987,#7988,#8011));
#7986 = ORIENTED_EDGE('',*,*,#7394,.F.);
#7987 = ORIENTED_EDGE('',*,*,#7336,.T.);
#7988 = ORIENTED_EDGE('',*,*,#7989,.T.);
#7989 = EDGE_CURVE('',#7289,#7990,#7992,.T.);
#7990 = VERTEX_POINT('',#7991);
#7991 = CARTESIAN_POINT('',(76.2,53.,163.2));
#7992 = SURFACE_CURVE('',#7993,(#7997,#8004),.PCURVE_S1.);
#7993 = LINE('',#7994,#7995);
#7994 = CARTESIAN_POINT('',(23.733333333333,105.46666666666,
    110.73333333333));
#7995 = VECTOR('',#7996,1.);
#7996 = DIRECTION('',(-0.57735026919,0.57735026919,-0.57735026919));
#7997 = PCURVE('',#7350,#7998);
#7998 = DEFINITIONAL_REPRESENTATION('',(#7999),#8003);
#7999 = LINE('',#8000,#8001);
#8000 = CARTESIAN_POINT('',(-110.7333333333,74.764756997457));
#8001 = VECTOR('',#8002,1.);
#8002 = DIRECTION('',(0.57735026919,0.816496580928));
#8003 = ( GEOMETRIC_REPRESENTATION_CONTEXT(2) 
PARAMETRIC_REPRESENTATION_CONTEXT() REPRESENTATION_CONTEXT('2D SPACE',''
  ) );
#8004 = PCURVE('',#7892,#8005);
#8005 = DEFINITIONAL_REPRESENTATION('',(#8006),#8010);
#8006 = LINE('',#8007,#8008);
#8007 = CARTESIAN_POINT('',(100.73333333333,74.764756997458));
#8008 = VECTOR('',#8009,1.);
#8009 = DIRECTION('',(-0.57735026919,0.816496580928));
#8010 = ( GEOMETRIC_REPRESENTATION_CONTEXT(2) 
PARAMETRIC_REPRESENTATION_CONTEXT() REPRESENTATION_CONTEXT('2D SPACE',''
  ) );
#8011 = ORIENTED_EDGE('',*,*,#8012,.F.);
#8012 = EDGE_CURVE('',#7395,#7990,#8013,.T.);
#8013 = SURFACE_CURVE('',#8014,(#8018,#8025),.PCURVE_S1.);
#8014 = LINE('',#8015,#8016);
#8015 = CARTESIAN_POINT('',(76.2,53.,0.));
#8016 = VECTOR('',#8017,1.);
#8017 = DIRECTION('',(0.,0.,1.));
#8018 = PCURVE('',#7350,#8019);
#8019 = DEFINITIONAL_REPRESENTATION('',(#8020),#8024);
#8020 = LINE('',#8021,#8022);
#8021 = CARTESIAN_POINT('',(-0.,0.565685424949));
#8022 = VECTOR('',#8023,1.);
#8023 = DIRECTION('',(-1.,0.));
#8024 = ( GEOMETRIC_REPRESENTATION_CONTEXT(2) 
PARAMETRIC_REPRESENTATION_CONTEXT() REPRESENTATION_CONTEXT('2D SPACE',''
  ) );
#8025 = PCURVE('',#7431,#8026);
#8026 = DEFINITIONAL_REPRESENTATION('',(#8027),#8031);
#8027 = LINE('',#8028,#8029);
#8028 = CARTESIAN_POINT('',(0.,153.2));
#8029 = VECTOR('',#8030,1.);
#8030 = DIRECTION('',(1.,0.));
#8031 = ( GEOMETRIC_REPRESENTATION_CONTEXT(2) 
PARAMETRIC_REPRESENTATION_CONTEXT() REPRESENTATION_CONTEXT('2D SPACE',''
  ) );
#8032 = ADVANCED_FACE('',(#8033),#7381,.F.);
#8033 = FACE_BOUND('',#8034,.F.);
#8034 = EDGE_LOOP('',(#8035,#8063,#8064,#8065));
#8035 = ORIENTED_EDGE('',*,*,#8036,.F.);
#8036 = EDGE_CURVE('',#7498,#8037,#8039,.T.);
#8037 = VERTEX_POINT('',#8038);
#8038 = CARTESIAN_POINT('',(74.8,53.,161.8));
#8039 = SURFACE_CURVE('',#8040,(#8044,#8051),.PCURVE_S1.);
#8040 = LINE('',#8041,#8042);
#8041 = CARTESIAN_POINT('',(49.6,27.8,136.6));
#8042 = VECTOR('',#8043,1.);
#8043 = DIRECTION('',(0.57735026919,0.57735026919,0.57735026919));
#8044 = PCURVE('',#7381,#8045);
#8045 = DEFINITIONAL_REPRESENTATION('',(#8046),#8050);
#8046 = LINE('',#8047,#8048);
#8047 = CARTESIAN_POINT('',(24.4,-35.07249634685));
#8048 = VECTOR('',#8049,1.);
#8049 = DIRECTION('',(-0.57735026919,0.816496580928));
#8050 = ( GEOMETRIC_REPRESENTATION_CONTEXT(2) 
PARAMETRIC_REPRESENTATION_CONTEXT() REPRESENTATION_CONTEXT('2D SPACE',''
  ) );
#8051 = PCURVE('',#8052,#8057);
#8052 = PLANE('',#8053);
#8053 = AXIS2_PLACEMENT_3D('',#8054,#8055,#8056);
#8054 = CARTESIAN_POINT('',(-74.,52.6,161.4));
#8055 = DIRECTION('',(0.,-0.707106781187,0.707106781187));
#8056 = DIRECTION('',(1.,0.,0.));
#8057 = DEFINITIONAL_REPRESENTATION('',(#8058),#8062);
#8058 = LINE('',#8059,#8060);
#8059 = CARTESIAN_POINT('',(123.6,-35.07249634685));
#8060 = VECTOR('',#8061,1.);
#8061 = DIRECTION('',(0.57735026919,0.816496580928));
#8062 = ( GEOMETRIC_REPRESENTATION_CONTEXT(2) 
PARAMETRIC_REPRESENTATION_CONTEXT() REPRESENTATION_CONTEXT('2D SPACE',''
  ) );
#8063 = ORIENTED_EDGE('',*,*,#7546,.T.);
#8064 = ORIENTED_EDGE('',*,*,#7365,.T.);
#8065 = ORIENTED_EDGE('',*,*,#8066,.F.);
#8066 = EDGE_CURVE('',#8037,#7366,#8067,.T.);
#8067 = SURFACE_CURVE('',#8068,(#8072,#8079),.PCURVE_S1.);
#8068 = LINE('',#8069,#8070);
#8069 = CARTESIAN_POINT('',(74.8,53.,161.));
#8070 = VECTOR('',#8071,1.);
#8071 = DIRECTION('',(0.,0.,-1.));
#8072 = PCURVE('',#7381,#8073);
#8073 = DEFINITIONAL_REPRESENTATION('',(#8074),#8078);
#8074 = LINE('',#8075,#8076);
#8075 = CARTESIAN_POINT('',(0.,0.565685424949));
#8076 = VECTOR('',#8077,1.);
#8077 = DIRECTION('',(1.,0.));
#8078 = ( GEOMETRIC_REPRESENTATION_CONTEXT(2) 
PARAMETRIC_REPRESENTATION_CONTEXT() REPRESENTATION_CONTEXT('2D SPACE',''
  ) );
#8079 = PCURVE('',#7431,#8080);
#8080 = DEFINITIONAL_REPRESENTATION('',(#8081),#8085);
#8081 = LINE('',#8082,#8083);
#8082 = CARTESIAN_POINT('',(161.,151.8));
#8083 = VECTOR('',#8084,1.);
#8084 = DIRECTION('',(-1.,0.));
#8085 = ( GEOMETRIC_REPRESENTATION_CONTEXT(2) 
PARAMETRIC_REPRESENTATION_CONTEXT() REPRESENTATION_CONTEXT('2D SPACE',''
  ) );
#8086 = ADVANCED_FACE('',(#8087),#7431,.T.);
#8087 = FACE_BOUND('',#8088,.T.);
#8088 = EDGE_LOOP('',(#8089,#8090,#8091,#8114,#8142,#8170,#8198,#8219));
#8089 = ORIENTED_EDGE('',*,*,#7417,.F.);
#8090 = ORIENTED_EDGE('',*,*,#8066,.F.);
#8091 = ORIENTED_EDGE('',*,*,#8092,.F.);
#8092 = EDGE_CURVE('',#8093,#8037,#8095,.T.);
#8093 = VERTEX_POINT('',#8094);
#8094 = CARTESIAN_POINT('',(-74.8,53.,161.8));
#8095 = SURFACE_CURVE('',#8096,(#8100,#8107),.PCURVE_S1.);
#8096 = LINE('',#8097,#8098);
#8097 = CARTESIAN_POINT('',(-74.,53.,161.8));
#8098 = VECTOR('',#8099,1.);
#8099 = DIRECTION('',(1.,0.,-0.));
#8100 = PCURVE('',#7431,#8101);
#8101 = DEFINITIONAL_REPRESENTATION('',(#8102),#8106);
#8102 = LINE('',#8103,#8104);
#8103 = CARTESIAN_POINT('',(161.8,3.));
#8104 = VECTOR('',#8105,1.);
#8105 = DIRECTION('',(0.,1.));
#8106 = ( GEOMETRIC_REPRESENTATION_CONTEXT(2) 
PARAMETRIC_REPRESENTATION_CONTEXT() REPRESENTATION_CONTEXT('2D SPACE',''
  ) );
#8107 = PCURVE('',#8052,#8108);
#8108 = DEFINITIONAL_REPRESENTATION('',(#8109),#8113);
#8109 = LINE('',#8110,#8111);
#8110 = CARTESIAN_POINT('',(0.,0.565685424949));
#8111 = VECTOR('',#8112,1.);
#8112 = DIRECTION('',(1.,0.));
#8113 = ( GEOMETRIC_REPRESENTATION_CONTEXT(2) 
PARAMETRIC_REPRESENTATION_CONTEXT() REPRESENTATION_CONTEXT('2D SPACE',''
  ) );
#8114 = ORIENTED_EDGE('',*,*,#8115,.T.);
#8115 = EDGE_CURVE('',#8093,#8116,#8118,.T.);
#8116 = VERTEX_POINT('',#8117);
#8117 = CARTESIAN_POINT('',(-74.8,53.,0.8));
#8118 = SURFACE_CURVE('',#8119,(#8123,#8130),.PCURVE_S1.);
#8119 = LINE('',#8120,#8121);
#8120 = CARTESIAN_POINT('',(-74.8,53.,161.));
#8121 = VECTOR('',#8122,1.);
#8122 = DIRECTION('',(0.,0.,-1.));
#8123 = PCURVE('',#7431,#8124);
#8124 = DEFINITIONAL_REPRESENTATION('',(#8125),#8129);
#8125 = LINE('',#8126,#8127);
#8126 = CARTESIAN_POINT('',(161.,2.2));
#8127 = VECTOR('',#8128,1.);
#8128 = DIRECTION('',(-1.,0.));
#8129 = ( GEOMETRIC_REPRESENTATION_CONTEXT(2) 
PARAMETRIC_REPRESENTATION_CONTEXT() REPRESENTATION_CONTEXT('2D SPACE',''
  ) );
#8130 = PCURVE('',#8131,#8136);
#8131 = PLANE('',#8132);
#8132 = AXIS2_PLACEMENT_3D('',#8133,#8134,#8135);
#8133 = CARTESIAN_POINT('',(-74.4,52.6,161.));
#8134 = DIRECTION('',(0.707106781187,0.707106781187,0.));
#8135 = DIRECTION('',(0.,0.,-1.));
#8136 = DEFINITIONAL_REPRESENTATION('',(#8137),#8141);
#8137 = LINE('',#8138,#8139);
#8138 = CARTESIAN_POINT('',(0.,0.565685424949));
#8139 = VECTOR('',#8140,1.);
#8140 = DIRECTION('',(1.,0.));
#8141 = ( GEOMETRIC_REPRESENTATION_CONTEXT(2) 
PARAMETRIC_REPRESENTATION_CONTEXT() REPRESENTATION_CONTEXT('2D SPACE',''
  ) );
#8142 = ORIENTED_EDGE('',*,*,#8143,.F.);
#8143 = EDGE_CURVE('',#8144,#8116,#8146,.T.);
#8144 = VERTEX_POINT('',#8145);
#8145 = CARTESIAN_POINT('',(-76.2,53.,0.8));
#8146 = SURFACE_CURVE('',#8147,(#8151,#8158),.PCURVE_S1.);
#8147 = LINE('',#8148,#8149);
#8148 = CARTESIAN_POINT('',(-77.,53.,0.8));
#8149 = VECTOR('',#8150,1.);
#8150 = DIRECTION('',(1.,0.,-0.));
#8151 = PCURVE('',#7431,#8152);
#8152 = DEFINITIONAL_REPRESENTATION('',(#8153),#8157);
#8153 = LINE('',#8154,#8155);
#8154 = CARTESIAN_POINT('',(0.8,0.));
#8155 = VECTOR('',#8156,1.);
#8156 = DIRECTION('',(0.,1.));
#8157 = ( GEOMETRIC_REPRESENTATION_CONTEXT(2) 
PARAMETRIC_REPRESENTATION_CONTEXT() REPRESENTATION_CONTEXT('2D SPACE',''
  ) );
#8158 = PCURVE('',#8159,#8164);
#8159 = PLANE('',#8160);
#8160 = AXIS2_PLACEMENT_3D('',#8161,#8162,#8163);
#8161 = CARTESIAN_POINT('',(-77.,52.6,0.4));
#8162 = DIRECTION('',(6.983161618628E-18,-0.707106781187,0.707106781187)
  );
#8163 = DIRECTION('',(1.,4.937840934654E-18,-4.937840934654E-18));
#8164 = DEFINITIONAL_REPRESENTATION('',(#8165),#8169);
#8165 = LINE('',#8166,#8167);
#8166 = CARTESIAN_POINT('',(0.,0.565685424949));
#8167 = VECTOR('',#8168,1.);
#8168 = DIRECTION('',(1.,0.));
#8169 = ( GEOMETRIC_REPRESENTATION_CONTEXT(2) 
PARAMETRIC_REPRESENTATION_CONTEXT() REPRESENTATION_CONTEXT('2D SPACE',''
  ) );
#8170 = ORIENTED_EDGE('',*,*,#8171,.T.);
#8171 = EDGE_CURVE('',#8144,#8172,#8174,.T.);
#8172 = VERTEX_POINT('',#8173);
#8173 = CARTESIAN_POINT('',(-76.2,53.,163.2));
#8174 = SURFACE_CURVE('',#8175,(#8179,#8186),.PCURVE_S1.);
#8175 = LINE('',#8176,#8177);
#8176 = CARTESIAN_POINT('',(-76.2,53.,0.));
#8177 = VECTOR('',#8178,1.);
#8178 = DIRECTION('',(0.,0.,1.));
#8179 = PCURVE('',#7431,#8180);
#8180 = DEFINITIONAL_REPRESENTATION('',(#8181),#8185);
#8181 = LINE('',#8182,#8183);
#8182 = CARTESIAN_POINT('',(0.,0.8));
#8183 = VECTOR('',#8184,1.);
#8184 = DIRECTION('',(1.,0.));
#8185 = ( GEOMETRIC_REPRESENTATION_CONTEXT(2) 
PARAMETRIC_REPRESENTATION_CONTEXT() REPRESENTATION_CONTEXT('2D SPACE',''
  ) );
#8186 = PCURVE('',#8187,#8192);
#8187 = PLANE('',#8188);
#8188 = AXIS2_PLACEMENT_3D('',#8189,#8190,#8191);
#8189 = CARTESIAN_POINT('',(-76.6,52.6,0.));
#8190 = DIRECTION('',(0.707106781187,-0.707106781187,0.));
#8191 = DIRECTION('',(0.,0.,1.));
#8192 = DEFINITIONAL_REPRESENTATION('',(#8193),#8197);
#8193 = LINE('',#8194,#8195);
#8194 = CARTESIAN_POINT('',(0.,-0.565685424949));
#8195 = VECTOR('',#8196,1.);
#8196 = DIRECTION('',(1.,0.));
#8197 = ( GEOMETRIC_REPRESENTATION_CONTEXT(2) 
PARAMETRIC_REPRESENTATION_CONTEXT() REPRESENTATION_CONTEXT('2D SPACE',''
  ) );
#8198 = ORIENTED_EDGE('',*,*,#8199,.T.);
#8199 = EDGE_CURVE('',#8172,#7990,#8200,.T.);
#8200 = SURFACE_CURVE('',#8201,(#8205,#8212),.PCURVE_S1.);
#8201 = LINE('',#8202,#8203);
#8202 = CARTESIAN_POINT('',(-77.,53.,163.2));
#8203 = VECTOR('',#8204,1.);
#8204 = DIRECTION('',(1.,0.,-0.));
#8205 = PCURVE('',#7431,#8206);
#8206 = DEFINITIONAL_REPRESENTATION('',(#8207),#8211);
#8207 = LINE('',#8208,#8209);
#8208 = CARTESIAN_POINT('',(163.2,0.));
#8209 = VECTOR('',#8210,1.);
#8210 = DIRECTION('',(0.,1.));
#8211 = ( GEOMETRIC_REPRESENTATION_CONTEXT(2) 
PARAMETRIC_REPRESENTATION_CONTEXT() REPRESENTATION_CONTEXT('2D SPACE',''
  ) );
#8212 = PCURVE('',#7892,#8213);
#8213 = DEFINITIONAL_REPRESENTATION('',(#8214),#8218);
#8214 = LINE('',#8215,#8216);
#8215 = CARTESIAN_POINT('',(0.,0.565685424949));
#8216 = VECTOR('',#8217,1.);
#8217 = DIRECTION('',(1.,0.));
#8218 = ( GEOMETRIC_REPRESENTATION_CONTEXT(2) 
PARAMETRIC_REPRESENTATION_CONTEXT() REPRESENTATION_CONTEXT('2D SPACE',''
  ) );
#8219 = ORIENTED_EDGE('',*,*,#8012,.F.);
#8220 = ADVANCED_FACE('',(#8221),#7513,.F.);
#8221 = FACE_BOUND('',#8222,.F.);
#8222 = EDGE_LOOP('',(#8223,#8246,#8247,#8248));
#8223 = ORIENTED_EDGE('',*,*,#8224,.F.);
#8224 = EDGE_CURVE('',#7622,#8225,#8227,.T.);
#8225 = VERTEX_POINT('',#8226);
#8226 = CARTESIAN_POINT('',(-74.,52.2,161.));
#8227 = SURFACE_CURVE('',#8228,(#8232,#8239),.PCURVE_S1.);
#8228 = LINE('',#8229,#8230);
#8229 = CARTESIAN_POINT('',(-74.,-1.,161.));
#8230 = VECTOR('',#8231,1.);
#8231 = DIRECTION('',(0.,1.,0.));
#8232 = PCURVE('',#7513,#8233);
#8233 = DEFINITIONAL_REPRESENTATION('',(#8234),#8238);
#8234 = LINE('',#8235,#8236);
#8235 = CARTESIAN_POINT('',(0.,0.));
#8236 = VECTOR('',#8237,1.);
#8237 = DIRECTION('',(0.,1.));
#8238 = ( GEOMETRIC_REPRESENTATION_CONTEXT(2) 
PARAMETRIC_REPRESENTATION_CONTEXT() REPRESENTATION_CONTEXT('2D SPACE',''
  ) );
#8239 = PCURVE('',#7659,#8240);
#8240 = DEFINITIONAL_REPRESENTATION('',(#8241),#8245);
#8241 = LINE('',#8242,#8243);
#8242 = CARTESIAN_POINT('',(162.,0.));
#8243 = VECTOR('',#8244,1.);
#8244 = DIRECTION('',(0.,-1.));
#8245 = ( GEOMETRIC_REPRESENTATION_CONTEXT(2) 
PARAMETRIC_REPRESENTATION_CONTEXT() REPRESENTATION_CONTEXT('2D SPACE',''
  ) );
#8246 = ORIENTED_EDGE('',*,*,#7621,.T.);
#8247 = ORIENTED_EDGE('',*,*,#7495,.T.);
#8248 = ORIENTED_EDGE('',*,*,#8249,.F.);
#8249 = EDGE_CURVE('',#8225,#7498,#8250,.T.);
#8250 = SURFACE_CURVE('',#8251,(#8255,#8262),.PCURVE_S1.);
#8251 = LINE('',#8252,#8253);
#8252 = CARTESIAN_POINT('',(-74.,52.2,161.));
#8253 = VECTOR('',#8254,1.);
#8254 = DIRECTION('',(1.,0.,-0.));
#8255 = PCURVE('',#7513,#8256);
#8256 = DEFINITIONAL_REPRESENTATION('',(#8257),#8261);
#8257 = LINE('',#8258,#8259);
#8258 = CARTESIAN_POINT('',(0.,53.2));
#8259 = VECTOR('',#8260,1.);
#8260 = DIRECTION('',(1.,0.));
#8261 = ( GEOMETRIC_REPRESENTATION_CONTEXT(2) 
PARAMETRIC_REPRESENTATION_CONTEXT() REPRESENTATION_CONTEXT('2D SPACE',''
  ) );
#8262 = PCURVE('',#8052,#8263);
#8263 = DEFINITIONAL_REPRESENTATION('',(#8264),#8268);
#8264 = LINE('',#8265,#8266);
#8265 = CARTESIAN_POINT('',(0.,-0.565685424949));
#8266 = VECTOR('',#8267,1.);
#8267 = DIRECTION('',(1.,0.));
#8268 = ( GEOMETRIC_REPRESENTATION_CONTEXT(2) 
PARAMETRIC_REPRESENTATION_CONTEXT() REPRESENTATION_CONTEXT('2D SPACE',''
  ) );
#8269 = ADVANCED_FACE('',(#8270),#7659,.T.);
#8270 = FACE_BOUND('',#8271,.T.);
#8271 = EDGE_LOOP('',(#8272,#8273,#8274,#8296));
#8272 = ORIENTED_EDGE('',*,*,#8224,.F.);
#8273 = ORIENTED_EDGE('',*,*,#7643,.T.);
#8274 = ORIENTED_EDGE('',*,*,#8275,.T.);
#8275 = EDGE_CURVE('',#7644,#8276,#8278,.T.);
#8276 = VERTEX_POINT('',#8277);
#8277 = CARTESIAN_POINT('',(-74.,52.2,0.));
#8278 = SURFACE_CURVE('',#8279,(#8283,#8289),.PCURVE_S1.);
#8279 = LINE('',#8280,#8281);
#8280 = CARTESIAN_POINT('',(-74.,-0.5,0.));
#8281 = VECTOR('',#8282,1.);
#8282 = DIRECTION('',(0.,1.,0.));
#8283 = PCURVE('',#7659,#8284);
#8284 = DEFINITIONAL_REPRESENTATION('',(#8285),#8288);
#8285 = B_SPLINE_CURVE_WITH_KNOTS('',1,(#8286,#8287),.UNSPECIFIED.,.F.,
  .F.,(2,2),(0.5,53.5),.PIECEWISE_BEZIER_KNOTS.);
#8286 = CARTESIAN_POINT('',(1.,-1.));
#8287 = CARTESIAN_POINT('',(1.,-54.));
#8288 = ( GEOMETRIC_REPRESENTATION_CONTEXT(2) 
PARAMETRIC_REPRESENTATION_CONTEXT() REPRESENTATION_CONTEXT('2D SPACE',''
  ) );
#8289 = PCURVE('',#7686,#8290);
#8290 = DEFINITIONAL_REPRESENTATION('',(#8291),#8295);
#8291 = LINE('',#8292,#8293);
#8292 = CARTESIAN_POINT('',(23.,-0.5));
#8293 = VECTOR('',#8294,1.);
#8294 = DIRECTION('',(0.,1.));
#8295 = ( GEOMETRIC_REPRESENTATION_CONTEXT(2) 
PARAMETRIC_REPRESENTATION_CONTEXT() REPRESENTATION_CONTEXT('2D SPACE',''
  ) );
#8296 = ORIENTED_EDGE('',*,*,#8297,.F.);
#8297 = EDGE_CURVE('',#8225,#8276,#8298,.T.);
#8298 = SURFACE_CURVE('',#8299,(#8303,#8310),.PCURVE_S1.);
#8299 = LINE('',#8300,#8301);
#8300 = CARTESIAN_POINT('',(-74.,52.2,161.));
#8301 = VECTOR('',#8302,1.);
#8302 = DIRECTION('',(0.,0.,-1.));
#8303 = PCURVE('',#7659,#8304);
#8304 = DEFINITIONAL_REPRESENTATION('',(#8305),#8309);
#8305 = LINE('',#8306,#8307);
#8306 = CARTESIAN_POINT('',(162.,-53.2));
#8307 = VECTOR('',#8308,1.);
#8308 = DIRECTION('',(-1.,0.));
#8309 = ( GEOMETRIC_REPRESENTATION_CONTEXT(2) 
PARAMETRIC_REPRESENTATION_CONTEXT() REPRESENTATION_CONTEXT('2D SPACE',''
  ) );
#8310 = PCURVE('',#8131,#8311);
#8311 = DEFINITIONAL_REPRESENTATION('',(#8312),#8316);
#8312 = LINE('',#8313,#8314);
#8313 = CARTESIAN_POINT('',(0.,-0.565685424949));
#8314 = VECTOR('',#8315,1.);
#8315 = DIRECTION('',(1.,0.));
#8316 = ( GEOMETRIC_REPRESENTATION_CONTEXT(2) 
PARAMETRIC_REPRESENTATION_CONTEXT() REPRESENTATION_CONTEXT('2D SPACE',''
  ) );
#8317 = ADVANCED_FACE('',(#8318),#7714,.F.);
#8318 = FACE_BOUND('',#8319,.F.);
#8319 = EDGE_LOOP('',(#8320,#8321,#8344,#8365));
#8320 = ORIENTED_EDGE('',*,*,#7698,.F.);
#8321 = ORIENTED_EDGE('',*,*,#8322,.T.);
#8322 = EDGE_CURVE('',#7671,#8323,#8325,.T.);
#8323 = VERTEX_POINT('',#8324);
#8324 = CARTESIAN_POINT('',(-97.,4.,0.));
#8325 = SURFACE_CURVE('',#8326,(#8330,#8337),.PCURVE_S1.);
#8326 = LINE('',#8327,#8328);
#8327 = CARTESIAN_POINT('',(-97.,0.,0.));
#8328 = VECTOR('',#8329,1.);
#8329 = DIRECTION('',(0.,1.,0.));
#8330 = PCURVE('',#7714,#8331);
#8331 = DEFINITIONAL_REPRESENTATION('',(#8332),#8336);
#8332 = LINE('',#8333,#8334);
#8333 = CARTESIAN_POINT('',(0.,0.));
#8334 = VECTOR('',#8335,1.);
#8335 = DIRECTION('',(0.,-1.));
#8336 = ( GEOMETRIC_REPRESENTATION_CONTEXT(2) 
PARAMETRIC_REPRESENTATION_CONTEXT() REPRESENTATION_CONTEXT('2D SPACE',''
  ) );
#8337 = PCURVE('',#7686,#8338);
#8338 = DEFINITIONAL_REPRESENTATION('',(#8339),#8343);
#8339 = LINE('',#8340,#8341);
#8340 = CARTESIAN_POINT('',(0.,0.));
#8341 = VECTOR('',#8342,1.);
#8342 = DIRECTION('',(0.,1.));
#8343 = ( GEOMETRIC_REPRESENTATION_CONTEXT(2) 
PARAMETRIC_REPRESENTATION_CONTEXT() REPRESENTATION_CONTEXT('2D SPACE',''
  ) );
#8344 = ORIENTED_EDGE('',*,*,#8345,.T.);
#8345 = EDGE_CURVE('',#8323,#7933,#8346,.T.);
#8346 = SURFACE_CURVE('',#8347,(#8351,#8358),.PCURVE_S1.);
#8347 = LINE('',#8348,#8349);
#8348 = CARTESIAN_POINT('',(-97.,4.,0.));
#8349 = VECTOR('',#8350,1.);
#8350 = DIRECTION('',(0.,0.,1.));
#8351 = PCURVE('',#7714,#8352);
#8352 = DEFINITIONAL_REPRESENTATION('',(#8353),#8357);
#8353 = LINE('',#8354,#8355);
#8354 = CARTESIAN_POINT('',(0.,-4.));
#8355 = VECTOR('',#8356,1.);
#8356 = DIRECTION('',(1.,0.));
#8357 = ( GEOMETRIC_REPRESENTATION_CONTEXT(2) 
PARAMETRIC_REPRESENTATION_CONTEXT() REPRESENTATION_CONTEXT('2D SPACE',''
  ) );
#8358 = PCURVE('',#7948,#8359);
#8359 = DEFINITIONAL_REPRESENTATION('',(#8360),#8364);
#8360 = LINE('',#8361,#8362);
#8361 = CARTESIAN_POINT('',(0.,0.));
#8362 = VECTOR('',#8363,1.);
#8363 = DIRECTION('',(1.,0.));
#8364 = ( GEOMETRIC_REPRESENTATION_CONTEXT(2) 
PARAMETRIC_REPRESENTATION_CONTEXT() REPRESENTATION_CONTEXT('2D SPACE',''
  ) );
#8365 = ORIENTED_EDGE('',*,*,#7960,.F.);
#8366 = ADVANCED_FACE('',(#8367),#7686,.F.);
#8367 = FACE_BOUND('',#8368,.F.);
#8368 = EDGE_LOOP('',(#8369,#8370,#8393,#8416,#8437,#8438));
#8369 = ORIENTED_EDGE('',*,*,#8275,.T.);
#8370 = ORIENTED_EDGE('',*,*,#8371,.F.);
#8371 = EDGE_CURVE('',#8372,#8276,#8374,.T.);
#8372 = VERTEX_POINT('',#8373);
#8373 = CARTESIAN_POINT('',(-77.,52.2,1.110223024625E-16));
#8374 = SURFACE_CURVE('',#8375,(#8379,#8386),.PCURVE_S1.);
#8375 = LINE('',#8376,#8377);
#8376 = CARTESIAN_POINT('',(-77.,52.2,0.));
#8377 = VECTOR('',#8378,1.);
#8378 = DIRECTION('',(1.,0.,-0.));
#8379 = PCURVE('',#7686,#8380);
#8380 = DEFINITIONAL_REPRESENTATION('',(#8381),#8385);
#8381 = LINE('',#8382,#8383);
#8382 = CARTESIAN_POINT('',(20.,52.2));
#8383 = VECTOR('',#8384,1.);
#8384 = DIRECTION('',(1.,0.));
#8385 = ( GEOMETRIC_REPRESENTATION_CONTEXT(2) 
PARAMETRIC_REPRESENTATION_CONTEXT() REPRESENTATION_CONTEXT('2D SPACE',''
  ) );
#8386 = PCURVE('',#8159,#8387);
#8387 = DEFINITIONAL_REPRESENTATION('',(#8388),#8392);
#8388 = LINE('',#8389,#8390);
#8389 = CARTESIAN_POINT('',(0.,-0.565685424949));
#8390 = VECTOR('',#8391,1.);
#8391 = DIRECTION('',(1.,0.));
#8392 = ( GEOMETRIC_REPRESENTATION_CONTEXT(2) 
PARAMETRIC_REPRESENTATION_CONTEXT() REPRESENTATION_CONTEXT('2D SPACE',''
  ) );
#8393 = ORIENTED_EDGE('',*,*,#8394,.F.);
#8394 = EDGE_CURVE('',#8395,#8372,#8397,.T.);
#8395 = VERTEX_POINT('',#8396);
#8396 = CARTESIAN_POINT('',(-77.,4.,0.));
#8397 = SURFACE_CURVE('',#8398,(#8402,#8409),.PCURVE_S1.);
#8398 = LINE('',#8399,#8400);
#8399 = CARTESIAN_POINT('',(-77.,0.,0.));
#8400 = VECTOR('',#8401,1.);
#8401 = DIRECTION('',(-0.,1.,0.));
#8402 = PCURVE('',#7686,#8403);
#8403 = DEFINITIONAL_REPRESENTATION('',(#8404),#8408);
#8404 = LINE('',#8405,#8406);
#8405 = CARTESIAN_POINT('',(20.,0.));
#8406 = VECTOR('',#8407,1.);
#8407 = DIRECTION('',(0.,1.));
#8408 = ( GEOMETRIC_REPRESENTATION_CONTEXT(2) 
PARAMETRIC_REPRESENTATION_CONTEXT() REPRESENTATION_CONTEXT('2D SPACE',''
  ) );
#8409 = PCURVE('',#7920,#8410);
#8410 = DEFINITIONAL_REPRESENTATION('',(#8411),#8415);
#8411 = LINE('',#8412,#8413);
#8412 = CARTESIAN_POINT('',(0.,0.));
#8413 = VECTOR('',#8414,1.);
#8414 = DIRECTION('',(0.,-1.));
#8415 = ( GEOMETRIC_REPRESENTATION_CONTEXT(2) 
PARAMETRIC_REPRESENTATION_CONTEXT() REPRESENTATION_CONTEXT('2D SPACE',''
  ) );
#8416 = ORIENTED_EDGE('',*,*,#8417,.F.);
#8417 = EDGE_CURVE('',#8323,#8395,#8418,.T.);
#8418 = SURFACE_CURVE('',#8419,(#8423,#8430),.PCURVE_S1.);
#8419 = LINE('',#8420,#8421);
#8420 = CARTESIAN_POINT('',(-97.,4.,0.));
#8421 = VECTOR('',#8422,1.);
#8422 = DIRECTION('',(1.,0.,0.));
#8423 = PCURVE('',#7686,#8424);
#8424 = DEFINITIONAL_REPRESENTATION('',(#8425),#8429);
#8425 = LINE('',#8426,#8427);
#8426 = CARTESIAN_POINT('',(0.,4.));
#8427 = VECTOR('',#8428,1.);
#8428 = DIRECTION('',(1.,0.));
#8429 = ( GEOMETRIC_REPRESENTATION_CONTEXT(2) 
PARAMETRIC_REPRESENTATION_CONTEXT() REPRESENTATION_CONTEXT('2D SPACE',''
  ) );
#8430 = PCURVE('',#7948,#8431);
#8431 = DEFINITIONAL_REPRESENTATION('',(#8432),#8436);
#8432 = LINE('',#8433,#8434);
#8433 = CARTESIAN_POINT('',(0.,0.));
#8434 = VECTOR('',#8435,1.);
#8435 = DIRECTION('',(0.,1.));
#8436 = ( GEOMETRIC_REPRESENTATION_CONTEXT(2) 
PARAMETRIC_REPRESENTATION_CONTEXT() REPRESENTATION_CONTEXT('2D SPACE',''
  ) );
#8437 = ORIENTED_EDGE('',*,*,#8322,.F.);
#8438 = ORIENTED_EDGE('',*,*,#7670,.T.);
#8439 = ADVANCED_FACE('',(#8440),#7767,.F.);
#8440 = FACE_BOUND('',#8441,.T.);
#8441 = EDGE_LOOP('',(#8442,#8471,#8492,#8493));
#8442 = ORIENTED_EDGE('',*,*,#8443,.F.);
#8443 = EDGE_CURVE('',#8444,#8444,#8446,.T.);
#8444 = VERTEX_POINT('',#8445);
#8445 = CARTESIAN_POINT('',(-83.25,1.,28.));
#8446 = SURFACE_CURVE('',#8447,(#8452,#8459),.PCURVE_S1.);
#8447 = CIRCLE('',#8448,2.75);
#8448 = AXIS2_PLACEMENT_3D('',#8449,#8450,#8451);
#8449 = CARTESIAN_POINT('',(-86.,1.,28.));
#8450 = DIRECTION('',(0.,-1.,0.));
#8451 = DIRECTION('',(1.,0.,0.));
#8452 = PCURVE('',#7767,#8453);
#8453 = DEFINITIONAL_REPRESENTATION('',(#8454),#8458);
#8454 = LINE('',#8455,#8456);
#8455 = CARTESIAN_POINT('',(-0.,0.));
#8456 = VECTOR('',#8457,1.);
#8457 = DIRECTION('',(-1.,0.));
#8458 = ( GEOMETRIC_REPRESENTATION_CONTEXT(2) 
PARAMETRIC_REPRESENTATION_CONTEXT() REPRESENTATION_CONTEXT('2D SPACE',''
  ) );
#8459 = PCURVE('',#8460,#8465);
#8460 = PLANE('',#8461);
#8461 = AXIS2_PLACEMENT_3D('',#8462,#8463,#8464);
#8462 = CARTESIAN_POINT('',(-86.,1.,28.));
#8463 = DIRECTION('',(0.,-1.,0.));
#8464 = DIRECTION('',(1.,0.,0.));
#8465 = DEFINITIONAL_REPRESENTATION('',(#8466),#8470);
#8466 = CIRCLE('',#8467,2.75);
#8467 = AXIS2_PLACEMENT_2D('',#8468,#8469);
#8468 = CARTESIAN_POINT('',(1.864691089826E-16,1.122592899218E-16));
#8469 = DIRECTION('',(1.,0.));
#8470 = ( GEOMETRIC_REPRESENTATION_CONTEXT(2) 
PARAMETRIC_REPRESENTATION_CONTEXT() REPRESENTATION_CONTEXT('2D SPACE',''
  ) );
#8471 = ORIENTED_EDGE('',*,*,#8472,.T.);
#8472 = EDGE_CURVE('',#8444,#7751,#8473,.T.);
#8473 = SEAM_CURVE('',#8474,(#8478,#8485),.PCURVE_S1.);
#8474 = LINE('',#8475,#8476);
#8475 = CARTESIAN_POINT('',(-83.25,1.,28.));
#8476 = VECTOR('',#8477,1.);
#8477 = DIRECTION('',(0.,-1.,0.));
#8478 = PCURVE('',#7767,#8479);
#8479 = DEFINITIONAL_REPRESENTATION('',(#8480),#8484);
#8480 = LINE('',#8481,#8482);
#8481 = CARTESIAN_POINT('',(-6.28318530718,0.));
#8482 = VECTOR('',#8483,1.);
#8483 = DIRECTION('',(-0.,-1.));
#8484 = ( GEOMETRIC_REPRESENTATION_CONTEXT(2) 
PARAMETRIC_REPRESENTATION_CONTEXT() REPRESENTATION_CONTEXT('2D SPACE',''
  ) );
#8485 = PCURVE('',#7767,#8486);
#8486 = DEFINITIONAL_REPRESENTATION('',(#8487),#8491);
#8487 = LINE('',#8488,#8489);
#8488 = CARTESIAN_POINT('',(-0.,0.));
#8489 = VECTOR('',#8490,1.);
#8490 = DIRECTION('',(-0.,-1.));
#8491 = ( GEOMETRIC_REPRESENTATION_CONTEXT(2) 
PARAMETRIC_REPRESENTATION_CONTEXT() REPRESENTATION_CONTEXT('2D SPACE',''
  ) );
#8492 = ORIENTED_EDGE('',*,*,#7750,.F.);
#8493 = ORIENTED_EDGE('',*,*,#8472,.F.);
#8494 = ADVANCED_FACE('',(#8495),#7798,.F.);
#8495 = FACE_BOUND('',#8496,.T.);
#8496 = EDGE_LOOP('',(#8497,#8526,#8547,#8548));
#8497 = ORIENTED_EDGE('',*,*,#8498,.F.);
#8498 = EDGE_CURVE('',#8499,#8499,#8501,.T.);
#8499 = VERTEX_POINT('',#8500);
#8500 = CARTESIAN_POINT('',(-83.25,1.,136.));
#8501 = SURFACE_CURVE('',#8502,(#8507,#8514),.PCURVE_S1.);
#8502 = CIRCLE('',#8503,2.75);
#8503 = AXIS2_PLACEMENT_3D('',#8504,#8505,#8506);
#8504 = CARTESIAN_POINT('',(-86.,1.,136.));
#8505 = DIRECTION('',(0.,-1.,0.));
#8506 = DIRECTION('',(1.,0.,0.));
#8507 = PCURVE('',#7798,#8508);
#8508 = DEFINITIONAL_REPRESENTATION('',(#8509),#8513);
#8509 = LINE('',#8510,#8511);
#8510 = CARTESIAN_POINT('',(-0.,0.));
#8511 = VECTOR('',#8512,1.);
#8512 = DIRECTION('',(-1.,0.));
#8513 = ( GEOMETRIC_REPRESENTATION_CONTEXT(2) 
PARAMETRIC_REPRESENTATION_CONTEXT() REPRESENTATION_CONTEXT('2D SPACE',''
  ) );
#8514 = PCURVE('',#8515,#8520);
#8515 = PLANE('',#8516);
#8516 = AXIS2_PLACEMENT_3D('',#8517,#8518,#8519);
#8517 = CARTESIAN_POINT('',(-86.,1.,136.));
#8518 = DIRECTION('',(0.,-1.,0.));
#8519 = DIRECTION('',(1.,0.,0.));
#8520 = DEFINITIONAL_REPRESENTATION('',(#8521),#8525);
#8521 = CIRCLE('',#8522,2.75);
#8522 = AXIS2_PLACEMENT_2D('',#8523,#8524);
#8523 = CARTESIAN_POINT('',(1.864691089826E-16,1.122592899218E-16));
#8524 = DIRECTION('',(1.,0.));
#8525 = ( GEOMETRIC_REPRESENTATION_CONTEXT(2) 
PARAMETRIC_REPRESENTATION_CONTEXT() REPRESENTATION_CONTEXT('2D SPACE',''
  ) );
#8526 = ORIENTED_EDGE('',*,*,#8527,.T.);
#8527 = EDGE_CURVE('',#8499,#7782,#8528,.T.);
#8528 = SEAM_CURVE('',#8529,(#8533,#8540),.PCURVE_S1.);
#8529 = LINE('',#8530,#8531);
#8530 = CARTESIAN_POINT('',(-83.25,1.,136.));
#8531 = VECTOR('',#8532,1.);
#8532 = DIRECTION('',(0.,-1.,0.));
#8533 = PCURVE('',#7798,#8534);
#8534 = DEFINITIONAL_REPRESENTATION('',(#8535),#8539);
#8535 = LINE('',#8536,#8537);
#8536 = CARTESIAN_POINT('',(-6.28318530718,0.));
#8537 = VECTOR('',#8538,1.);
#8538 = DIRECTION('',(-0.,-1.));
#8539 = ( GEOMETRIC_REPRESENTATION_CONTEXT(2) 
PARAMETRIC_REPRESENTATION_CONTEXT() REPRESENTATION_CONTEXT('2D SPACE',''
  ) );
#8540 = PCURVE('',#7798,#8541);
#8541 = DEFINITIONAL_REPRESENTATION('',(#8542),#8546);
#8542 = LINE('',#8543,#8544);
#8543 = CARTESIAN_POINT('',(-0.,0.));
#8544 = VECTOR('',#8545,1.);
#8545 = DIRECTION('',(-0.,-1.));
#8546 = ( GEOMETRIC_REPRESENTATION_CONTEXT(2) 
PARAMETRIC_REPRESENTATION_CONTEXT() REPRESENTATION_CONTEXT('2D SPACE',''
  ) );
#8547 = ORIENTED_EDGE('',*,*,#7781,.F.);
#8548 = ORIENTED_EDGE('',*,*,#8527,.F.);
#8549 = ADVANCED_FACE('',(#8550),#7829,.F.);
#8550 = FACE_BOUND('',#8551,.T.);
#8551 = EDGE_LOOP('',(#8552,#8581,#8602,#8603));
#8552 = ORIENTED_EDGE('',*,*,#8553,.F.);
#8553 = EDGE_CURVE('',#8554,#8554,#8556,.T.);
#8554 = VERTEX_POINT('',#8555);
#8555 = CARTESIAN_POINT('',(88.75,1.,28.));
#8556 = SURFACE_CURVE('',#8557,(#8562,#8569),.PCURVE_S1.);
#8557 = CIRCLE('',#8558,2.75);
#8558 = AXIS2_PLACEMENT_3D('',#8559,#8560,#8561);
#8559 = CARTESIAN_POINT('',(86.,1.,28.));
#8560 = DIRECTION('',(0.,-1.,0.));
#8561 = DIRECTION('',(1.,0.,0.));
#8562 = PCURVE('',#7829,#8563);
#8563 = DEFINITIONAL_REPRESENTATION('',(#8564),#8568);
#8564 = LINE('',#8565,#8566);
#8565 = CARTESIAN_POINT('',(-0.,0.));
#8566 = VECTOR('',#8567,1.);
#8567 = DIRECTION('',(-1.,0.));
#8568 = ( GEOMETRIC_REPRESENTATION_CONTEXT(2) 
PARAMETRIC_REPRESENTATION_CONTEXT() REPRESENTATION_CONTEXT('2D SPACE',''
  ) );
#8569 = PCURVE('',#8570,#8575);
#8570 = PLANE('',#8571);
#8571 = AXIS2_PLACEMENT_3D('',#8572,#8573,#8574);
#8572 = CARTESIAN_POINT('',(86.,1.,28.));
#8573 = DIRECTION('',(0.,-1.,0.));
#8574 = DIRECTION('',(1.,0.,0.));
#8575 = DEFINITIONAL_REPRESENTATION('',(#8576),#8580);
#8576 = CIRCLE('',#8577,2.75);
#8577 = AXIS2_PLACEMENT_2D('',#8578,#8579);
#8578 = CARTESIAN_POINT('',(1.864691089826E-16,1.122592899218E-16));
#8579 = DIRECTION('',(1.,0.));
#8580 = ( GEOMETRIC_REPRESENTATION_CONTEXT(2) 
PARAMETRIC_REPRESENTATION_CONTEXT() REPRESENTATION_CONTEXT('2D SPACE',''
  ) );
#8581 = ORIENTED_EDGE('',*,*,#8582,.T.);
#8582 = EDGE_CURVE('',#8554,#7813,#8583,.T.);
#8583 = SEAM_CURVE('',#8584,(#8588,#8595),.PCURVE_S1.);
#8584 = LINE('',#8585,#8586);
#8585 = CARTESIAN_POINT('',(88.75,1.,28.));
#8586 = VECTOR('',#8587,1.);
#8587 = DIRECTION('',(0.,-1.,0.));
#8588 = PCURVE('',#7829,#8589);
#8589 = DEFINITIONAL_REPRESENTATION('',(#8590),#8594);
#8590 = LINE('',#8591,#8592);
#8591 = CARTESIAN_POINT('',(-6.28318530718,0.));
#8592 = VECTOR('',#8593,1.);
#8593 = DIRECTION('',(-0.,-1.));
#8594 = ( GEOMETRIC_REPRESENTATION_CONTEXT(2) 
PARAMETRIC_REPRESENTATION_CONTEXT() REPRESENTATION_CONTEXT('2D SPACE',''
  ) );
#8595 = PCURVE('',#7829,#8596);
#8596 = DEFINITIONAL_REPRESENTATION('',(#8597),#8601);
#8597 = LINE('',#8598,#8599);
#8598 = CARTESIAN_POINT('',(-0.,0.));
#8599 = VECTOR('',#8600,1.);
#8600 = DIRECTION('',(-0.,-1.));
#8601 = ( GEOMETRIC_REPRESENTATION_CONTEXT(2) 
PARAMETRIC_REPRESENTATION_CONTEXT() REPRESENTATION_CONTEXT('2D SPACE',''
  ) );
#8602 = ORIENTED_EDGE('',*,*,#7812,.F.);
#8603 = ORIENTED_EDGE('',*,*,#8582,.F.);
#8604 = ADVANCED_FACE('',(#8605),#7860,.F.);
#8605 = FACE_BOUND('',#8606,.T.);
#8606 = EDGE_LOOP('',(#8607,#8636,#8657,#8658));
#8607 = ORIENTED_EDGE('',*,*,#8608,.F.);
#8608 = EDGE_CURVE('',#8609,#8609,#8611,.T.);
#8609 = VERTEX_POINT('',#8610);
#8610 = CARTESIAN_POINT('',(88.75,1.,136.));
#8611 = SURFACE_CURVE('',#8612,(#8617,#8624),.PCURVE_S1.);
#8612 = CIRCLE('',#8613,2.75);
#8613 = AXIS2_PLACEMENT_3D('',#8614,#8615,#8616);
#8614 = CARTESIAN_POINT('',(86.,1.,136.));
#8615 = DIRECTION('',(0.,-1.,0.));
#8616 = DIRECTION('',(1.,0.,0.));
#8617 = PCURVE('',#7860,#8618);
#8618 = DEFINITIONAL_REPRESENTATION('',(#8619),#8623);
#8619 = LINE('',#8620,#8621);
#8620 = CARTESIAN_POINT('',(-0.,0.));
#8621 = VECTOR('',#8622,1.);
#8622 = DIRECTION('',(-1.,0.));
#8623 = ( GEOMETRIC_REPRESENTATION_CONTEXT(2) 
PARAMETRIC_REPRESENTATION_CONTEXT() REPRESENTATION_CONTEXT('2D SPACE',''
  ) );
#8624 = PCURVE('',#8625,#8630);
#8625 = PLANE('',#8626);
#8626 = AXIS2_PLACEMENT_3D('',#8627,#8628,#8629);
#8627 = CARTESIAN_POINT('',(86.,1.,136.));
#8628 = DIRECTION('',(0.,-1.,0.));
#8629 = DIRECTION('',(1.,0.,0.));
#8630 = DEFINITIONAL_REPRESENTATION('',(#8631),#8635);
#8631 = CIRCLE('',#8632,2.75);
#8632 = AXIS2_PLACEMENT_2D('',#8633,#8634);
#8633 = CARTESIAN_POINT('',(1.864691089826E-16,1.122592899218E-16));
#8634 = DIRECTION('',(1.,0.));
#8635 = ( GEOMETRIC_REPRESENTATION_CONTEXT(2) 
PARAMETRIC_REPRESENTATION_CONTEXT() REPRESENTATION_CONTEXT('2D SPACE',''
  ) );
#8636 = ORIENTED_EDGE('',*,*,#8637,.T.);
#8637 = EDGE_CURVE('',#8609,#7844,#8638,.T.);
#8638 = SEAM_CURVE('',#8639,(#8643,#8650),.PCURVE_S1.);
#8639 = LINE('',#8640,#8641);
#8640 = CARTESIAN_POINT('',(88.75,1.,136.));
#8641 = VECTOR('',#8642,1.);
#8642 = DIRECTION('',(0.,-1.,0.));
#8643 = PCURVE('',#7860,#8644);
#8644 = DEFINITIONAL_REPRESENTATION('',(#8645),#8649);
#8645 = LINE('',#8646,#8647);
#8646 = CARTESIAN_POINT('',(-6.28318530718,0.));
#8647 = VECTOR('',#8648,1.);
#8648 = DIRECTION('',(-0.,-1.));
#8649 = ( GEOMETRIC_REPRESENTATION_CONTEXT(2) 
PARAMETRIC_REPRESENTATION_CONTEXT() REPRESENTATION_CONTEXT('2D SPACE',''
  ) );
#8650 = PCURVE('',#7860,#8651);
#8651 = DEFINITIONAL_REPRESENTATION('',(#8652),#8656);
#8652 = LINE('',#8653,#8654);
#8653 = CARTESIAN_POINT('',(-0.,0.));
#8654 = VECTOR('',#8655,1.);
#8655 = DIRECTION('',(-0.,-1.));
#8656 = ( GEOMETRIC_REPRESENTATION_CONTEXT(2) 
PARAMETRIC_REPRESENTATION_CONTEXT() REPRESENTATION_CONTEXT('2D SPACE',''
  ) );
#8657 = ORIENTED_EDGE('',*,*,#7843,.F.);
#8658 = ORIENTED_EDGE('',*,*,#8637,.F.);
#8659 = ADVANCED_FACE('',(#8660),#7892,.T.);
#8660 = FACE_BOUND('',#8661,.T.);
#8661 = EDGE_LOOP('',(#8662,#8683,#8684,#8685));
#8662 = ORIENTED_EDGE('',*,*,#8663,.F.);
#8663 = EDGE_CURVE('',#7877,#8172,#8664,.T.);
#8664 = SURFACE_CURVE('',#8665,(#8669,#8676),.PCURVE_S1.);
#8665 = LINE('',#8666,#8667);
#8666 = CARTESIAN_POINT('',(-49.4,79.8,136.39999999999));
#8667 = VECTOR('',#8668,1.);
#8668 = DIRECTION('',(0.57735026919,0.57735026919,-0.57735026919));
#8669 = PCURVE('',#7892,#8670);
#8670 = DEFINITIONAL_REPRESENTATION('',(#8671),#8675);
#8671 = LINE('',#8672,#8673);
#8672 = CARTESIAN_POINT('',(27.6,38.466608896549));
#8673 = VECTOR('',#8674,1.);
#8674 = DIRECTION('',(0.57735026919,0.816496580928));
#8675 = ( GEOMETRIC_REPRESENTATION_CONTEXT(2) 
PARAMETRIC_REPRESENTATION_CONTEXT() REPRESENTATION_CONTEXT('2D SPACE',''
  ) );
#8676 = PCURVE('',#8187,#8677);
#8677 = DEFINITIONAL_REPRESENTATION('',(#8678),#8682);
#8678 = LINE('',#8679,#8680);
#8679 = CARTESIAN_POINT('',(136.39999999999,-38.46660889654));
#8680 = VECTOR('',#8681,1.);
#8681 = DIRECTION('',(-0.57735026919,-0.816496580928));
#8682 = ( GEOMETRIC_REPRESENTATION_CONTEXT(2) 
PARAMETRIC_REPRESENTATION_CONTEXT() REPRESENTATION_CONTEXT('2D SPACE',''
  ) );
#8683 = ORIENTED_EDGE('',*,*,#7876,.T.);
#8684 = ORIENTED_EDGE('',*,*,#7989,.T.);
#8685 = ORIENTED_EDGE('',*,*,#8199,.F.);
#8686 = ADVANCED_FACE('',(#8687),#7920,.F.);
#8687 = FACE_BOUND('',#8688,.F.);
#8688 = EDGE_LOOP('',(#8689,#8690,#8709,#8710));
#8689 = ORIENTED_EDGE('',*,*,#7904,.F.);
#8690 = ORIENTED_EDGE('',*,*,#8691,.F.);
#8691 = EDGE_CURVE('',#8395,#7905,#8692,.T.);
#8692 = SURFACE_CURVE('',#8693,(#8697,#8703),.PCURVE_S1.);
#8693 = LINE('',#8694,#8695);
#8694 = CARTESIAN_POINT('',(-77.,4.,0.));
#8695 = VECTOR('',#8696,1.);
#8696 = DIRECTION('',(0.,-0.,1.));
#8697 = PCURVE('',#7920,#8698);
#8698 = DEFINITIONAL_REPRESENTATION('',(#8699),#8702);
#8699 = B_SPLINE_CURVE_WITH_KNOTS('',1,(#8700,#8701),.UNSPECIFIED.,.F.,
  .F.,(2,2),(0.,164.),.PIECEWISE_BEZIER_KNOTS.);
#8700 = CARTESIAN_POINT('',(0.,-4.));
#8701 = CARTESIAN_POINT('',(164.,-4.));
#8702 = ( GEOMETRIC_REPRESENTATION_CONTEXT(2) 
PARAMETRIC_REPRESENTATION_CONTEXT() REPRESENTATION_CONTEXT('2D SPACE',''
  ) );
#8703 = PCURVE('',#7948,#8704);
#8704 = DEFINITIONAL_REPRESENTATION('',(#8705),#8708);
#8705 = B_SPLINE_CURVE_WITH_KNOTS('',1,(#8706,#8707),.UNSPECIFIED.,.F.,
  .F.,(2,2),(0.,164.),.PIECEWISE_BEZIER_KNOTS.);
#8706 = CARTESIAN_POINT('',(0.,20.));
#8707 = CARTESIAN_POINT('',(164.,20.));
#8708 = ( GEOMETRIC_REPRESENTATION_CONTEXT(2) 
PARAMETRIC_REPRESENTATION_CONTEXT() REPRESENTATION_CONTEXT('2D SPACE',''
  ) );
#8709 = ORIENTED_EDGE('',*,*,#8394,.T.);
#8710 = ORIENTED_EDGE('',*,*,#8711,.T.);
#8711 = EDGE_CURVE('',#8372,#7877,#8712,.T.);
#8712 = SURFACE_CURVE('',#8713,(#8717,#8724),.PCURVE_S1.);
#8713 = LINE('',#8714,#8715);
#8714 = CARTESIAN_POINT('',(-77.,52.2,0.));
#8715 = VECTOR('',#8716,1.);
#8716 = DIRECTION('',(0.,0.,1.));
#8717 = PCURVE('',#7920,#8718);
#8718 = DEFINITIONAL_REPRESENTATION('',(#8719),#8723);
#8719 = LINE('',#8720,#8721);
#8720 = CARTESIAN_POINT('',(0.,-52.2));
#8721 = VECTOR('',#8722,1.);
#8722 = DIRECTION('',(1.,0.));
#8723 = ( GEOMETRIC_REPRESENTATION_CONTEXT(2) 
PARAMETRIC_REPRESENTATION_CONTEXT() REPRESENTATION_CONTEXT('2D SPACE',''
  ) );
#8724 = PCURVE('',#8187,#8725);
#8725 = DEFINITIONAL_REPRESENTATION('',(#8726),#8730);
#8726 = LINE('',#8727,#8728);
#8727 = CARTESIAN_POINT('',(0.,0.565685424949));
#8728 = VECTOR('',#8729,1.);
#8729 = DIRECTION('',(1.,0.));
#8730 = ( GEOMETRIC_REPRESENTATION_CONTEXT(2) 
PARAMETRIC_REPRESENTATION_CONTEXT() REPRESENTATION_CONTEXT('2D SPACE',''
  ) );
#8731 = ADVANCED_FACE('',(#8732),#7948,.T.);
#8732 = FACE_BOUND('',#8733,.T.);
#8733 = EDGE_LOOP('',(#8734,#8735,#8736,#8737));
#8734 = ORIENTED_EDGE('',*,*,#8417,.F.);
#8735 = ORIENTED_EDGE('',*,*,#8345,.T.);
#8736 = ORIENTED_EDGE('',*,*,#7932,.T.);
#8737 = ORIENTED_EDGE('',*,*,#8691,.F.);
#8738 = ADVANCED_FACE('',(#8739),#8052,.F.);
#8739 = FACE_BOUND('',#8740,.F.);
#8740 = EDGE_LOOP('',(#8741,#8762,#8763,#8764));
#8741 = ORIENTED_EDGE('',*,*,#8742,.F.);
#8742 = EDGE_CURVE('',#8225,#8093,#8743,.T.);
#8743 = SURFACE_CURVE('',#8744,(#8748,#8755),.PCURVE_S1.);
#8744 = LINE('',#8745,#8746);
#8745 = CARTESIAN_POINT('',(-74.26666666666,52.466666666667,
    161.26666666666));
#8746 = VECTOR('',#8747,1.);
#8747 = DIRECTION('',(-0.57735026919,0.57735026919,0.57735026919));
#8748 = PCURVE('',#8052,#8749);
#8749 = DEFINITIONAL_REPRESENTATION('',(#8750),#8754);
#8750 = LINE('',#8751,#8752);
#8751 = CARTESIAN_POINT('',(-0.266666666667,-0.188561808316));
#8752 = VECTOR('',#8753,1.);
#8753 = DIRECTION('',(-0.57735026919,0.816496580928));
#8754 = ( GEOMETRIC_REPRESENTATION_CONTEXT(2) 
PARAMETRIC_REPRESENTATION_CONTEXT() REPRESENTATION_CONTEXT('2D SPACE',''
  ) );
#8755 = PCURVE('',#8131,#8756);
#8756 = DEFINITIONAL_REPRESENTATION('',(#8757),#8761);
#8757 = LINE('',#8758,#8759);
#8758 = CARTESIAN_POINT('',(-0.266666666667,-0.188561808316));
#8759 = VECTOR('',#8760,1.);
#8760 = DIRECTION('',(-0.57735026919,0.816496580928));
#8761 = ( GEOMETRIC_REPRESENTATION_CONTEXT(2) 
PARAMETRIC_REPRESENTATION_CONTEXT() REPRESENTATION_CONTEXT('2D SPACE',''
  ) );
#8762 = ORIENTED_EDGE('',*,*,#8249,.T.);
#8763 = ORIENTED_EDGE('',*,*,#8036,.T.);
#8764 = ORIENTED_EDGE('',*,*,#8092,.F.);
#8765 = ADVANCED_FACE('',(#8766),#8131,.T.);
#8766 = FACE_BOUND('',#8767,.T.);
#8767 = EDGE_LOOP('',(#8768,#8769,#8770,#8791));
#8768 = ORIENTED_EDGE('',*,*,#8742,.F.);
#8769 = ORIENTED_EDGE('',*,*,#8297,.T.);
#8770 = ORIENTED_EDGE('',*,*,#8771,.T.);
#8771 = EDGE_CURVE('',#8276,#8116,#8772,.T.);
#8772 = SURFACE_CURVE('',#8773,(#8777,#8784),.PCURVE_S1.);
#8773 = LINE('',#8774,#8775);
#8774 = CARTESIAN_POINT('',(-101.6,79.8,27.6));
#8775 = VECTOR('',#8776,1.);
#8776 = DIRECTION('',(-0.57735026919,0.57735026919,0.57735026919));
#8777 = PCURVE('',#8131,#8778);
#8778 = DEFINITIONAL_REPRESENTATION('',(#8779),#8783);
#8779 = LINE('',#8780,#8781);
#8780 = CARTESIAN_POINT('',(133.4,38.466608896548));
#8781 = VECTOR('',#8782,1.);
#8782 = DIRECTION('',(-0.57735026919,0.816496580928));
#8783 = ( GEOMETRIC_REPRESENTATION_CONTEXT(2) 
PARAMETRIC_REPRESENTATION_CONTEXT() REPRESENTATION_CONTEXT('2D SPACE',''
  ) );
#8784 = PCURVE('',#8159,#8785);
#8785 = DEFINITIONAL_REPRESENTATION('',(#8786),#8790);
#8786 = LINE('',#8787,#8788);
#8787 = CARTESIAN_POINT('',(-24.6,38.466608896548));
#8788 = VECTOR('',#8789,1.);
#8789 = DIRECTION('',(-0.57735026919,0.816496580928));
#8790 = ( GEOMETRIC_REPRESENTATION_CONTEXT(2) 
PARAMETRIC_REPRESENTATION_CONTEXT() REPRESENTATION_CONTEXT('2D SPACE',''
  ) );
#8791 = ORIENTED_EDGE('',*,*,#8115,.F.);
#8792 = ADVANCED_FACE('',(#8793),#8187,.F.);
#8793 = FACE_BOUND('',#8794,.F.);
#8794 = EDGE_LOOP('',(#8795,#8816,#8817,#8818));
#8795 = ORIENTED_EDGE('',*,*,#8796,.T.);
#8796 = EDGE_CURVE('',#8372,#8144,#8797,.T.);
#8797 = SURFACE_CURVE('',#8798,(#8802,#8809),.PCURVE_S1.);
#8798 = LINE('',#8799,#8800);
#8799 = CARTESIAN_POINT('',(-76.73333333333,52.466666666667,
    0.266666666667));
#8800 = VECTOR('',#8801,1.);
#8801 = DIRECTION('',(0.57735026919,0.57735026919,0.57735026919));
#8802 = PCURVE('',#8187,#8803);
#8803 = DEFINITIONAL_REPRESENTATION('',(#8804),#8808);
#8804 = LINE('',#8805,#8806);
#8805 = CARTESIAN_POINT('',(0.266666666667,0.188561808316));
#8806 = VECTOR('',#8807,1.);
#8807 = DIRECTION('',(0.57735026919,-0.816496580928));
#8808 = ( GEOMETRIC_REPRESENTATION_CONTEXT(2) 
PARAMETRIC_REPRESENTATION_CONTEXT() REPRESENTATION_CONTEXT('2D SPACE',''
  ) );
#8809 = PCURVE('',#8159,#8810);
#8810 = DEFINITIONAL_REPRESENTATION('',(#8811),#8815);
#8811 = LINE('',#8812,#8813);
#8812 = CARTESIAN_POINT('',(0.266666666667,-0.188561808316));
#8813 = VECTOR('',#8814,1.);
#8814 = DIRECTION('',(0.57735026919,0.816496580928));
#8815 = ( GEOMETRIC_REPRESENTATION_CONTEXT(2) 
PARAMETRIC_REPRESENTATION_CONTEXT() REPRESENTATION_CONTEXT('2D SPACE',''
  ) );
#8816 = ORIENTED_EDGE('',*,*,#8171,.T.);
#8817 = ORIENTED_EDGE('',*,*,#8663,.F.);
#8818 = ORIENTED_EDGE('',*,*,#8711,.F.);
#8819 = ADVANCED_FACE('',(#8820),#8159,.F.);
#8820 = FACE_BOUND('',#8821,.F.);
#8821 = EDGE_LOOP('',(#8822,#8823,#8824,#8825));
#8822 = ORIENTED_EDGE('',*,*,#8796,.F.);
#8823 = ORIENTED_EDGE('',*,*,#8371,.T.);
#8824 = ORIENTED_EDGE('',*,*,#8771,.T.);
#8825 = ORIENTED_EDGE('',*,*,#8143,.F.);
#8826 = ADVANCED_FACE('',(#8827),#8460,.T.);
#8827 = FACE_BOUND('',#8828,.T.);
#8828 = EDGE_LOOP('',(#8829));
#8829 = ORIENTED_EDGE('',*,*,#8443,.T.);
#8830 = ADVANCED_FACE('',(#8831),#8515,.T.);
#8831 = FACE_BOUND('',#8832,.T.);
#8832 = EDGE_LOOP('',(#8833));
#8833 = ORIENTED_EDGE('',*,*,#8498,.T.);
#8834 = ADVANCED_FACE('',(#8835),#8570,.T.);
#8835 = FACE_BOUND('',#8836,.T.);
#8836 = EDGE_LOOP('',(#8837));
#8837 = ORIENTED_EDGE('',*,*,#8553,.T.);
#8838 = ADVANCED_FACE('',(#8839),#8625,.T.);
#8839 = FACE_BOUND('',#8840,.T.);
#8840 = EDGE_LOOP('',(#8841));
#8841 = ORIENTED_EDGE('',*,*,#8608,.T.);
#8842 = ( GEOMETRIC_REPRESENTATION_CONTEXT(3) 
GLOBAL_UNCERTAINTY_ASSIGNED_CONTEXT((#8846)) 
GLOBAL_UNIT_ASSIGNED_CONTEXT((#8843,#8844,#8845)) REPRESENTATION_CONTEXT
('Context #1','3D Context with UNIT and UNCERTAINTY') );
#8843 = ( LENGTH_UNIT() NAMED_UNIT(*) SI_UNIT(.MILLI.,.METRE.) );
#8844 = ( NAMED_UNIT(*) PLANE_ANGLE_UNIT() SI_UNIT($,.RADIAN.) );
#8845 = ( NAMED_UNIT(*) SI_UNIT($,.STERADIAN.) SOLID_ANGLE_UNIT() );
#8846 = UNCERTAINTY_MEASURE_WITH_UNIT(LENGTH_MEASURE(2.E-05),#8843,
  'distance_accuracy_value','confusion accuracy');
#8847 = CONTEXT_DEPENDENT_SHAPE_REPRESENTATION(#8848,#8850);
#8848 = ( REPRESENTATION_RELATIONSHIP('','',#7104,#10) 
REPRESENTATION_RELATIONSHIP_WITH_TRANSFORMATION(#8849) 
SHAPE_REPRESENTATION_RELATIONSHIP() );
#8849 = ITEM_DEFINED_TRANSFORMATION('','',#11,#23);
#8850 = PRODUCT_DEFINITION_SHAPE('Placement','Placement of an item',
  #8851);
#8851 = NEXT_ASSEMBLY_USAGE_OCCURRENCE('3','shroud','',#5,#7099,$);
#8852 = PRODUCT_RELATED_PRODUCT_CATEGORY('part',$,(#7101));
#8853 = SHAPE_DEFINITION_REPRESENTATION(#8854,#8860);
#8854 = PRODUCT_DEFINITION_SHAPE('','',#8855);
#8855 = PRODUCT_DEFINITION('design','',#8856,#8859);
#8856 = PRODUCT_DEFINITION_FORMATION('','',#8857);
#8857 = PRODUCT('node_base','node_base','',(#8858));
#8858 = PRODUCT_CONTEXT('',#2,'mechanical');
#8859 = PRODUCT_DEFINITION_CONTEXT('part definition',#2,'design');
#8860 = ADVANCED_BREP_SHAPE_REPRESENTATION('',(#11,#8861),#14341);
#8861 = MANIFOLD_SOLID_BREP('',#8862);
#8862 = CLOSED_SHELL('',(#8863,#9267,#9341,#9459,#9508,#10087,#10114,
    #10230,#10279,#10376,#10425,#10452,#10506,#10560,#10570,#11271,
    #11340,#11387,#11434,#11459,#11528,#11575,#11622,#11647,#11716,
    #11763,#11810,#11835,#11904,#11951,#11998,#12023,#12092,#12139,
    #12186,#12211,#12221,#12275,#12329,#12402,#12451,#12478,#12533,
    #12607,#12654,#12682,#12737,#12810,#12857,#12910,#12962,#13010,
    #13087,#13134,#13162,#13217,#13291,#13339,#13366,#13421,#13495,
    #13543,#13570,#13576,#13580,#13586,#13590,#13725,#13729,#13735,
    #13739,#13745,#13800,#13855,#13910,#13965,#14000,#14035,#14070,
    #14105,#14160,#14215,#14270,#14325,#14329,#14333,#14337));
#8863 = ADVANCED_FACE('',(#8864,#9197,#9232),#8878,.F.);
#8864 = FACE_BOUND('',#8865,.F.);
#8865 = EDGE_LOOP('',(#8866,#8901,#8929,#8957,#8985,#9013,#9041,#9069,
    #9092,#9120,#9143,#9171));
#8866 = ORIENTED_EDGE('',*,*,#8867,.F.);
#8867 = EDGE_CURVE('',#8868,#8870,#8872,.T.);
#8868 = VERTEX_POINT('',#8869);
#8869 = CARTESIAN_POINT('',(62.5,20.,0.));
#8870 = VERTEX_POINT('',#8871);
#8871 = CARTESIAN_POINT('',(86.5,20.,0.));
#8872 = SURFACE_CURVE('',#8873,(#8877,#8889),.PCURVE_S1.);
#8873 = LINE('',#8874,#8875);
#8874 = CARTESIAN_POINT('',(60.5,20.,0.));
#8875 = VECTOR('',#8876,1.);
#8876 = DIRECTION('',(1.,0.,0.));
#8877 = PCURVE('',#8878,#8883);
#8878 = PLANE('',#8879);
#8879 = AXIS2_PLACEMENT_3D('',#8880,#8881,#8882);
#8880 = CARTESIAN_POINT('',(-86.5,-20.,0.));
#8881 = DIRECTION('',(0.,0.,1.));
#8882 = DIRECTION('',(1.,0.,0.));
#8883 = DEFINITIONAL_REPRESENTATION('',(#8884),#8888);
#8884 = LINE('',#8885,#8886);
#8885 = CARTESIAN_POINT('',(147.,40.));
#8886 = VECTOR('',#8887,1.);
#8887 = DIRECTION('',(1.,0.));
#8888 = ( GEOMETRIC_REPRESENTATION_CONTEXT(2) 
PARAMETRIC_REPRESENTATION_CONTEXT() REPRESENTATION_CONTEXT('2D SPACE',''
  ) );
#8889 = PCURVE('',#8890,#8895);
#8890 = PLANE('',#8891);
#8891 = AXIS2_PLACEMENT_3D('',#8892,#8893,#8894);
#8892 = CARTESIAN_POINT('',(60.5,20.,0.));
#8893 = DIRECTION('',(0.,1.,0.));
#8894 = DIRECTION('',(0.,0.,1.));
#8895 = DEFINITIONAL_REPRESENTATION('',(#8896),#8900);
#8896 = LINE('',#8897,#8898);
#8897 = CARTESIAN_POINT('',(0.,0.));
#8898 = VECTOR('',#8899,1.);
#8899 = DIRECTION('',(0.,1.));
#8900 = ( GEOMETRIC_REPRESENTATION_CONTEXT(2) 
PARAMETRIC_REPRESENTATION_CONTEXT() REPRESENTATION_CONTEXT('2D SPACE',''
  ) );
#8901 = ORIENTED_EDGE('',*,*,#8902,.T.);
#8902 = EDGE_CURVE('',#8868,#8903,#8905,.T.);
#8903 = VERTEX_POINT('',#8904);
#8904 = CARTESIAN_POINT('',(62.5,47.5,0.));
#8905 = SURFACE_CURVE('',#8906,(#8910,#8917),.PCURVE_S1.);
#8906 = LINE('',#8907,#8908);
#8907 = CARTESIAN_POINT('',(62.5,-47.5,0.));
#8908 = VECTOR('',#8909,1.);
#8909 = DIRECTION('',(-0.,1.,0.));
#8910 = PCURVE('',#8878,#8911);
#8911 = DEFINITIONAL_REPRESENTATION('',(#8912),#8916);
#8912 = LINE('',#8913,#8914);
#8913 = CARTESIAN_POINT('',(149.,-27.5));
#8914 = VECTOR('',#8915,1.);
#8915 = DIRECTION('',(0.,1.));
#8916 = ( GEOMETRIC_REPRESENTATION_CONTEXT(2) 
PARAMETRIC_REPRESENTATION_CONTEXT() REPRESENTATION_CONTEXT('2D SPACE',''
  ) );
#8917 = PCURVE('',#8918,#8923);
#8918 = PLANE('',#8919);
#8919 = AXIS2_PLACEMENT_3D('',#8920,#8921,#8922);
#8920 = CARTESIAN_POINT('',(62.5,-47.5,0.));
#8921 = DIRECTION('',(1.,0.,-0.));
#8922 = DIRECTION('',(0.,0.,1.));
#8923 = DEFINITIONAL_REPRESENTATION('',(#8924),#8928);
#8924 = LINE('',#8925,#8926);
#8925 = CARTESIAN_POINT('',(0.,0.));
#8926 = VECTOR('',#8927,1.);
#8927 = DIRECTION('',(0.,-1.));
#8928 = ( GEOMETRIC_REPRESENTATION_CONTEXT(2) 
PARAMETRIC_REPRESENTATION_CONTEXT() REPRESENTATION_CONTEXT('2D SPACE',''
  ) );
#8929 = ORIENTED_EDGE('',*,*,#8930,.F.);
#8930 = EDGE_CURVE('',#8931,#8903,#8933,.T.);
#8931 = VERTEX_POINT('',#8932);
#8932 = CARTESIAN_POINT('',(-62.5,47.5,0.));
#8933 = SURFACE_CURVE('',#8934,(#8938,#8945),.PCURVE_S1.);
#8934 = LINE('',#8935,#8936);
#8935 = CARTESIAN_POINT('',(-62.5,47.5,0.));
#8936 = VECTOR('',#8937,1.);
#8937 = DIRECTION('',(1.,0.,-0.));
#8938 = PCURVE('',#8878,#8939);
#8939 = DEFINITIONAL_REPRESENTATION('',(#8940),#8944);
#8940 = LINE('',#8941,#8942);
#8941 = CARTESIAN_POINT('',(24.,67.5));
#8942 = VECTOR('',#8943,1.);
#8943 = DIRECTION('',(1.,0.));
#8944 = ( GEOMETRIC_REPRESENTATION_CONTEXT(2) 
PARAMETRIC_REPRESENTATION_CONTEXT() REPRESENTATION_CONTEXT('2D SPACE',''
  ) );
#8945 = PCURVE('',#8946,#8951);
#8946 = PLANE('',#8947);
#8947 = AXIS2_PLACEMENT_3D('',#8948,#8949,#8950);
#8948 = CARTESIAN_POINT('',(-62.5,47.5,0.));
#8949 = DIRECTION('',(-0.,1.,0.));
#8950 = DIRECTION('',(0.,0.,1.));
#8951 = DEFINITIONAL_REPRESENTATION('',(#8952),#8956);
#8952 = LINE('',#8953,#8954);
#8953 = CARTESIAN_POINT('',(0.,0.));
#8954 = VECTOR('',#8955,1.);
#8955 = DIRECTION('',(0.,1.));
#8956 = ( GEOMETRIC_REPRESENTATION_CONTEXT(2) 
PARAMETRIC_REPRESENTATION_CONTEXT() REPRESENTATION_CONTEXT('2D SPACE',''
  ) );
#8957 = ORIENTED_EDGE('',*,*,#8958,.F.);
#8958 = EDGE_CURVE('',#8959,#8931,#8961,.T.);
#8959 = VERTEX_POINT('',#8960);
#8960 = CARTESIAN_POINT('',(-62.5,20.,0.));
#8961 = SURFACE_CURVE('',#8962,(#8966,#8973),.PCURVE_S1.);
#8962 = LINE('',#8963,#8964);
#8963 = CARTESIAN_POINT('',(-62.5,-47.5,0.));
#8964 = VECTOR('',#8965,1.);
#8965 = DIRECTION('',(-0.,1.,0.));
#8966 = PCURVE('',#8878,#8967);
#8967 = DEFINITIONAL_REPRESENTATION('',(#8968),#8972);
#8968 = LINE('',#8969,#8970);
#8969 = CARTESIAN_POINT('',(24.,-27.5));
#8970 = VECTOR('',#8971,1.);
#8971 = DIRECTION('',(0.,1.));
#8972 = ( GEOMETRIC_REPRESENTATION_CONTEXT(2) 
PARAMETRIC_REPRESENTATION_CONTEXT() REPRESENTATION_CONTEXT('2D SPACE',''
  ) );
#8973 = PCURVE('',#8974,#8979);
#8974 = PLANE('',#8975);
#8975 = AXIS2_PLACEMENT_3D('',#8976,#8977,#8978);
#8976 = CARTESIAN_POINT('',(-62.5,-47.5,0.));
#8977 = DIRECTION('',(1.,0.,-0.));
#8978 = DIRECTION('',(0.,0.,1.));
#8979 = DEFINITIONAL_REPRESENTATION('',(#8980),#8984);
#8980 = LINE('',#8981,#8982);
#8981 = CARTESIAN_POINT('',(0.,0.));
#8982 = VECTOR('',#8983,1.);
#8983 = DIRECTION('',(0.,-1.));
#8984 = ( GEOMETRIC_REPRESENTATION_CONTEXT(2) 
PARAMETRIC_REPRESENTATION_CONTEXT() REPRESENTATION_CONTEXT('2D SPACE',''
  ) );
#8985 = ORIENTED_EDGE('',*,*,#8986,.F.);
#8986 = EDGE_CURVE('',#8987,#8959,#8989,.T.);
#8987 = VERTEX_POINT('',#8988);
#8988 = CARTESIAN_POINT('',(-86.5,20.,0.));
#8989 = SURFACE_CURVE('',#8990,(#8994,#9001),.PCURVE_S1.);
#8990 = LINE('',#8991,#8992);
#8991 = CARTESIAN_POINT('',(-86.5,20.,0.));
#8992 = VECTOR('',#8993,1.);
#8993 = DIRECTION('',(1.,0.,0.));
#8994 = PCURVE('',#8878,#8995);
#8995 = DEFINITIONAL_REPRESENTATION('',(#8996),#9000);
#8996 = LINE('',#8997,#8998);
#8997 = CARTESIAN_POINT('',(0.,40.));
#8998 = VECTOR('',#8999,1.);
#8999 = DIRECTION('',(1.,0.));
#9000 = ( GEOMETRIC_REPRESENTATION_CONTEXT(2) 
PARAMETRIC_REPRESENTATION_CONTEXT() REPRESENTATION_CONTEXT('2D SPACE',''
  ) );
#9001 = PCURVE('',#9002,#9007);
#9002 = PLANE('',#9003);
#9003 = AXIS2_PLACEMENT_3D('',#9004,#9005,#9006);
#9004 = CARTESIAN_POINT('',(-86.5,20.,0.));
#9005 = DIRECTION('',(0.,1.,0.));
#9006 = DIRECTION('',(0.,0.,1.));
#9007 = DEFINITIONAL_REPRESENTATION('',(#9008),#9012);
#9008 = LINE('',#9009,#9010);
#9009 = CARTESIAN_POINT('',(0.,0.));
#9010 = VECTOR('',#9011,1.);
#9011 = DIRECTION('',(0.,1.));
#9012 = ( GEOMETRIC_REPRESENTATION_CONTEXT(2) 
PARAMETRIC_REPRESENTATION_CONTEXT() REPRESENTATION_CONTEXT('2D SPACE',''
  ) );
#9013 = ORIENTED_EDGE('',*,*,#9014,.F.);
#9014 = EDGE_CURVE('',#9015,#8987,#9017,.T.);
#9015 = VERTEX_POINT('',#9016);
#9016 = CARTESIAN_POINT('',(-86.5,-20.,0.));
#9017 = SURFACE_CURVE('',#9018,(#9022,#9029),.PCURVE_S1.);
#9018 = LINE('',#9019,#9020);
#9019 = CARTESIAN_POINT('',(-86.5,-20.,0.));
#9020 = VECTOR('',#9021,1.);
#9021 = DIRECTION('',(0.,1.,0.));
#9022 = PCURVE('',#8878,#9023);
#9023 = DEFINITIONAL_REPRESENTATION('',(#9024),#9028);
#9024 = LINE('',#9025,#9026);
#9025 = CARTESIAN_POINT('',(0.,0.));
#9026 = VECTOR('',#9027,1.);
#9027 = DIRECTION('',(0.,1.));
#9028 = ( GEOMETRIC_REPRESENTATION_CONTEXT(2) 
PARAMETRIC_REPRESENTATION_CONTEXT() REPRESENTATION_CONTEXT('2D SPACE',''
  ) );
#9029 = PCURVE('',#9030,#9035);
#9030 = PLANE('',#9031);
#9031 = AXIS2_PLACEMENT_3D('',#9032,#9033,#9034);
#9032 = CARTESIAN_POINT('',(-86.5,-20.,0.));
#9033 = DIRECTION('',(1.,0.,0.));
#9034 = DIRECTION('',(0.,0.,1.));
#9035 = DEFINITIONAL_REPRESENTATION('',(#9036),#9040);
#9036 = LINE('',#9037,#9038);
#9037 = CARTESIAN_POINT('',(0.,0.));
#9038 = VECTOR('',#9039,1.);
#9039 = DIRECTION('',(0.,-1.));
#9040 = ( GEOMETRIC_REPRESENTATION_CONTEXT(2) 
PARAMETRIC_REPRESENTATION_CONTEXT() REPRESENTATION_CONTEXT('2D SPACE',''
  ) );
#9041 = ORIENTED_EDGE('',*,*,#9042,.T.);
#9042 = EDGE_CURVE('',#9015,#9043,#9045,.T.);
#9043 = VERTEX_POINT('',#9044);
#9044 = CARTESIAN_POINT('',(-62.5,-20.,0.));
#9045 = SURFACE_CURVE('',#9046,(#9050,#9057),.PCURVE_S1.);
#9046 = LINE('',#9047,#9048);
#9047 = CARTESIAN_POINT('',(-86.5,-20.,0.));
#9048 = VECTOR('',#9049,1.);
#9049 = DIRECTION('',(1.,0.,0.));
#9050 = PCURVE('',#8878,#9051);
#9051 = DEFINITIONAL_REPRESENTATION('',(#9052),#9056);
#9052 = LINE('',#9053,#9054);
#9053 = CARTESIAN_POINT('',(0.,0.));
#9054 = VECTOR('',#9055,1.);
#9055 = DIRECTION('',(1.,0.));
#9056 = ( GEOMETRIC_REPRESENTATION_CONTEXT(2) 
PARAMETRIC_REPRESENTATION_CONTEXT() REPRESENTATION_CONTEXT('2D SPACE',''
  ) );
#9057 = PCURVE('',#9058,#9063);
#9058 = PLANE('',#9059);
#9059 = AXIS2_PLACEMENT_3D('',#9060,#9061,#9062);
#9060 = CARTESIAN_POINT('',(-86.5,-20.,0.));
#9061 = DIRECTION('',(0.,1.,0.));
#9062 = DIRECTION('',(0.,0.,1.));
#9063 = DEFINITIONAL_REPRESENTATION('',(#9064),#9068);
#9064 = LINE('',#9065,#9066);
#9065 = CARTESIAN_POINT('',(0.,0.));
#9066 = VECTOR('',#9067,1.);
#9067 = DIRECTION('',(0.,1.));
#9068 = ( GEOMETRIC_REPRESENTATION_CONTEXT(2) 
PARAMETRIC_REPRESENTATION_CONTEXT() REPRESENTATION_CONTEXT('2D SPACE',''
  ) );
#9069 = ORIENTED_EDGE('',*,*,#9070,.F.);
#9070 = EDGE_CURVE('',#9071,#9043,#9073,.T.);
#9071 = VERTEX_POINT('',#9072);
#9072 = CARTESIAN_POINT('',(-62.5,-47.5,0.));
#9073 = SURFACE_CURVE('',#9074,(#9078,#9085),.PCURVE_S1.);
#9074 = LINE('',#9075,#9076);
#9075 = CARTESIAN_POINT('',(-62.5,-47.5,0.));
#9076 = VECTOR('',#9077,1.);
#9077 = DIRECTION('',(-0.,1.,0.));
#9078 = PCURVE('',#8878,#9079);
#9079 = DEFINITIONAL_REPRESENTATION('',(#9080),#9084);
#9080 = LINE('',#9081,#9082);
#9081 = CARTESIAN_POINT('',(24.,-27.5));
#9082 = VECTOR('',#9083,1.);
#9083 = DIRECTION('',(0.,1.));
#9084 = ( GEOMETRIC_REPRESENTATION_CONTEXT(2) 
PARAMETRIC_REPRESENTATION_CONTEXT() REPRESENTATION_CONTEXT('2D SPACE',''
  ) );
#9085 = PCURVE('',#8974,#9086);
#9086 = DEFINITIONAL_REPRESENTATION('',(#9087),#9091);
#9087 = LINE('',#9088,#9089);
#9088 = CARTESIAN_POINT('',(0.,0.));
#9089 = VECTOR('',#9090,1.);
#9090 = DIRECTION('',(0.,-1.));
#9091 = ( GEOMETRIC_REPRESENTATION_CONTEXT(2) 
PARAMETRIC_REPRESENTATION_CONTEXT() REPRESENTATION_CONTEXT('2D SPACE',''
  ) );
#9092 = ORIENTED_EDGE('',*,*,#9093,.T.);
#9093 = EDGE_CURVE('',#9071,#9094,#9096,.T.);
#9094 = VERTEX_POINT('',#9095);
#9095 = CARTESIAN_POINT('',(62.5,-47.5,0.));
#9096 = SURFACE_CURVE('',#9097,(#9101,#9108),.PCURVE_S1.);
#9097 = LINE('',#9098,#9099);
#9098 = CARTESIAN_POINT('',(-62.5,-47.5,0.));
#9099 = VECTOR('',#9100,1.);
#9100 = DIRECTION('',(1.,0.,-0.));
#9101 = PCURVE('',#8878,#9102);
#9102 = DEFINITIONAL_REPRESENTATION('',(#9103),#9107);
#9103 = LINE('',#9104,#9105);
#9104 = CARTESIAN_POINT('',(24.,-27.5));
#9105 = VECTOR('',#9106,1.);
#9106 = DIRECTION('',(1.,0.));
#9107 = ( GEOMETRIC_REPRESENTATION_CONTEXT(2) 
PARAMETRIC_REPRESENTATION_CONTEXT() REPRESENTATION_CONTEXT('2D SPACE',''
  ) );
#9108 = PCURVE('',#9109,#9114);
#9109 = PLANE('',#9110);
#9110 = AXIS2_PLACEMENT_3D('',#9111,#9112,#9113);
#9111 = CARTESIAN_POINT('',(-62.5,-47.5,0.));
#9112 = DIRECTION('',(-0.,1.,0.));
#9113 = DIRECTION('',(0.,0.,1.));
#9114 = DEFINITIONAL_REPRESENTATION('',(#9115),#9119);
#9115 = LINE('',#9116,#9117);
#9116 = CARTESIAN_POINT('',(0.,0.));
#9117 = VECTOR('',#9118,1.);
#9118 = DIRECTION('',(0.,1.));
#9119 = ( GEOMETRIC_REPRESENTATION_CONTEXT(2) 
PARAMETRIC_REPRESENTATION_CONTEXT() REPRESENTATION_CONTEXT('2D SPACE',''
  ) );
#9120 = ORIENTED_EDGE('',*,*,#9121,.T.);
#9121 = EDGE_CURVE('',#9094,#9122,#9124,.T.);
#9122 = VERTEX_POINT('',#9123);
#9123 = CARTESIAN_POINT('',(62.5,-20.,0.));
#9124 = SURFACE_CURVE('',#9125,(#9129,#9136),.PCURVE_S1.);
#9125 = LINE('',#9126,#9127);
#9126 = CARTESIAN_POINT('',(62.5,-47.5,0.));
#9127 = VECTOR('',#9128,1.);
#9128 = DIRECTION('',(-0.,1.,0.));
#9129 = PCURVE('',#8878,#9130);
#9130 = DEFINITIONAL_REPRESENTATION('',(#9131),#9135);
#9131 = LINE('',#9132,#9133);
#9132 = CARTESIAN_POINT('',(149.,-27.5));
#9133 = VECTOR('',#9134,1.);
#9134 = DIRECTION('',(0.,1.));
#9135 = ( GEOMETRIC_REPRESENTATION_CONTEXT(2) 
PARAMETRIC_REPRESENTATION_CONTEXT() REPRESENTATION_CONTEXT('2D SPACE',''
  ) );
#9136 = PCURVE('',#8918,#9137);
#9137 = DEFINITIONAL_REPRESENTATION('',(#9138),#9142);
#9138 = LINE('',#9139,#9140);
#9139 = CARTESIAN_POINT('',(0.,0.));
#9140 = VECTOR('',#9141,1.);
#9141 = DIRECTION('',(0.,-1.));
#9142 = ( GEOMETRIC_REPRESENTATION_CONTEXT(2) 
PARAMETRIC_REPRESENTATION_CONTEXT() REPRESENTATION_CONTEXT('2D SPACE',''
  ) );
#9143 = ORIENTED_EDGE('',*,*,#9144,.T.);
#9144 = EDGE_CURVE('',#9122,#9145,#9147,.T.);
#9145 = VERTEX_POINT('',#9146);
#9146 = CARTESIAN_POINT('',(86.5,-20.,0.));
#9147 = SURFACE_CURVE('',#9148,(#9152,#9159),.PCURVE_S1.);
#9148 = LINE('',#9149,#9150);
#9149 = CARTESIAN_POINT('',(60.5,-20.,0.));
#9150 = VECTOR('',#9151,1.);
#9151 = DIRECTION('',(1.,0.,0.));
#9152 = PCURVE('',#8878,#9153);
#9153 = DEFINITIONAL_REPRESENTATION('',(#9154),#9158);
#9154 = LINE('',#9155,#9156);
#9155 = CARTESIAN_POINT('',(147.,0.));
#9156 = VECTOR('',#9157,1.);
#9157 = DIRECTION('',(1.,0.));
#9158 = ( GEOMETRIC_REPRESENTATION_CONTEXT(2) 
PARAMETRIC_REPRESENTATION_CONTEXT() REPRESENTATION_CONTEXT('2D SPACE',''
  ) );
#9159 = PCURVE('',#9160,#9165);
#9160 = PLANE('',#9161);
#9161 = AXIS2_PLACEMENT_3D('',#9162,#9163,#9164);
#9162 = CARTESIAN_POINT('',(60.5,-20.,0.));
#9163 = DIRECTION('',(0.,1.,0.));
#9164 = DIRECTION('',(0.,0.,1.));
#9165 = DEFINITIONAL_REPRESENTATION('',(#9166),#9170);
#9166 = LINE('',#9167,#9168);
#9167 = CARTESIAN_POINT('',(0.,0.));
#9168 = VECTOR('',#9169,1.);
#9169 = DIRECTION('',(0.,1.));
#9170 = ( GEOMETRIC_REPRESENTATION_CONTEXT(2) 
PARAMETRIC_REPRESENTATION_CONTEXT() REPRESENTATION_CONTEXT('2D SPACE',''
  ) );
#9171 = ORIENTED_EDGE('',*,*,#9172,.T.);
#9172 = EDGE_CURVE('',#9145,#8870,#9173,.T.);
#9173 = SURFACE_CURVE('',#9174,(#9178,#9185),.PCURVE_S1.);
#9174 = LINE('',#9175,#9176);
#9175 = CARTESIAN_POINT('',(86.5,-20.,0.));
#9176 = VECTOR('',#9177,1.);
#9177 = DIRECTION('',(0.,1.,0.));
#9178 = PCURVE('',#8878,#9179);
#9179 = DEFINITIONAL_REPRESENTATION('',(#9180),#9184);
#9180 = LINE('',#9181,#9182);
#9181 = CARTESIAN_POINT('',(173.,0.));
#9182 = VECTOR('',#9183,1.);
#9183 = DIRECTION('',(0.,1.));
#9184 = ( GEOMETRIC_REPRESENTATION_CONTEXT(2) 
PARAMETRIC_REPRESENTATION_CONTEXT() REPRESENTATION_CONTEXT('2D SPACE',''
  ) );
#9185 = PCURVE('',#9186,#9191);
#9186 = PLANE('',#9187);
#9187 = AXIS2_PLACEMENT_3D('',#9188,#9189,#9190);
#9188 = CARTESIAN_POINT('',(86.5,-20.,0.));
#9189 = DIRECTION('',(1.,0.,0.));
#9190 = DIRECTION('',(0.,0.,1.));
#9191 = DEFINITIONAL_REPRESENTATION('',(#9192),#9196);
#9192 = LINE('',#9193,#9194);
#9193 = CARTESIAN_POINT('',(0.,0.));
#9194 = VECTOR('',#9195,1.);
#9195 = DIRECTION('',(0.,-1.));
#9196 = ( GEOMETRIC_REPRESENTATION_CONTEXT(2) 
PARAMETRIC_REPRESENTATION_CONTEXT() REPRESENTATION_CONTEXT('2D SPACE',''
  ) );
#9197 = FACE_BOUND('',#9198,.F.);
#9198 = EDGE_LOOP('',(#9199));
#9199 = ORIENTED_EDGE('',*,*,#9200,.T.);
#9200 = EDGE_CURVE('',#9201,#9201,#9203,.T.);
#9201 = VERTEX_POINT('',#9202);
#9202 = CARTESIAN_POINT('',(-70.75,0.,0.));
#9203 = SURFACE_CURVE('',#9204,(#9209,#9220),.PCURVE_S1.);
#9204 = CIRCLE('',#9205,2.75);
#9205 = AXIS2_PLACEMENT_3D('',#9206,#9207,#9208);
#9206 = CARTESIAN_POINT('',(-73.5,0.,0.));
#9207 = DIRECTION('',(0.,0.,-1.));
#9208 = DIRECTION('',(1.,0.,0.));
#9209 = PCURVE('',#8878,#9210);
#9210 = DEFINITIONAL_REPRESENTATION('',(#9211),#9219);
#9211 = ( BOUNDED_CURVE() B_SPLINE_CURVE(2,(#9212,#9213,#9214,#9215,
#9216,#9217,#9218),.UNSPECIFIED.,.T.,.F.) B_SPLINE_CURVE_WITH_KNOTS((1,2
    ,2,2,2,1),(-2.094395102393,0.,2.094395102393,4.188790204786,
6.28318530718,8.377580409573),.UNSPECIFIED.) CURVE() 
GEOMETRIC_REPRESENTATION_ITEM() RATIONAL_B_SPLINE_CURVE((1.,0.5,1.,0.5,
1.,0.5,1.)) REPRESENTATION_ITEM('') );
#9212 = CARTESIAN_POINT('',(15.75,20.));
#9213 = CARTESIAN_POINT('',(15.75,15.236860279186));
#9214 = CARTESIAN_POINT('',(11.625,17.618430139593));
#9215 = CARTESIAN_POINT('',(7.5,20.));
#9216 = CARTESIAN_POINT('',(11.625,22.381569860407));
#9217 = CARTESIAN_POINT('',(15.75,24.763139720814));
#9218 = CARTESIAN_POINT('',(15.75,20.));
#9219 = ( GEOMETRIC_REPRESENTATION_CONTEXT(2) 
PARAMETRIC_REPRESENTATION_CONTEXT() REPRESENTATION_CONTEXT('2D SPACE',''
  ) );
#9220 = PCURVE('',#9221,#9226);
#9221 = CYLINDRICAL_SURFACE('',#9222,2.75);
#9222 = AXIS2_PLACEMENT_3D('',#9223,#9224,#9225);
#9223 = CARTESIAN_POINT('',(-73.5,0.,-1.));
#9224 = DIRECTION('',(-0.,-0.,-1.));
#9225 = DIRECTION('',(1.,0.,0.));
#9226 = DEFINITIONAL_REPRESENTATION('',(#9227),#9231);
#9227 = LINE('',#9228,#9229);
#9228 = CARTESIAN_POINT('',(-6.28318530718,-1.));
#9229 = VECTOR('',#9230,1.);
#9230 = DIRECTION('',(1.,-0.));
#9231 = ( GEOMETRIC_REPRESENTATION_CONTEXT(2) 
PARAMETRIC_REPRESENTATION_CONTEXT() REPRESENTATION_CONTEXT('2D SPACE',''
  ) );
#9232 = FACE_BOUND('',#9233,.F.);
#9233 = EDGE_LOOP('',(#9234));
#9234 = ORIENTED_EDGE('',*,*,#9235,.T.);
#9235 = EDGE_CURVE('',#9236,#9236,#9238,.T.);
#9236 = VERTEX_POINT('',#9237);
#9237 = CARTESIAN_POINT('',(76.25,0.,0.));
#9238 = SURFACE_CURVE('',#9239,(#9244,#9255),.PCURVE_S1.);
#9239 = CIRCLE('',#9240,2.75);
#9240 = AXIS2_PLACEMENT_3D('',#9241,#9242,#9243);
#9241 = CARTESIAN_POINT('',(73.5,0.,0.));
#9242 = DIRECTION('',(0.,0.,-1.));
#9243 = DIRECTION('',(1.,0.,0.));
#9244 = PCURVE('',#8878,#9245);
#9245 = DEFINITIONAL_REPRESENTATION('',(#9246),#9254);
#9246 = ( BOUNDED_CURVE() B_SPLINE_CURVE(2,(#9247,#9248,#9249,#9250,
#9251,#9252,#9253),.UNSPECIFIED.,.T.,.F.) B_SPLINE_CURVE_WITH_KNOTS((1,2
    ,2,2,2,1),(-2.094395102393,0.,2.094395102393,4.188790204786,
6.28318530718,8.377580409573),.UNSPECIFIED.) CURVE() 
GEOMETRIC_REPRESENTATION_ITEM() RATIONAL_B_SPLINE_CURVE((1.,0.5,1.,0.5,
1.,0.5,1.)) REPRESENTATION_ITEM('') );
#9247 = CARTESIAN_POINT('',(162.75,20.));
#9248 = CARTESIAN_POINT('',(162.75,15.236860279186));
#9249 = CARTESIAN_POINT('',(158.625,17.618430139593));
#9250 = CARTESIAN_POINT('',(154.5,20.));
#9251 = CARTESIAN_POINT('',(158.625,22.381569860407));
#9252 = CARTESIAN_POINT('',(162.75,24.763139720814));
#9253 = CARTESIAN_POINT('',(162.75,20.));
#9254 = ( GEOMETRIC_REPRESENTATION_CONTEXT(2) 
PARAMETRIC_REPRESENTATION_CONTEXT() REPRESENTATION_CONTEXT('2D SPACE',''
  ) );
#9255 = PCURVE('',#9256,#9261);
#9256 = CYLINDRICAL_SURFACE('',#9257,2.75);
#9257 = AXIS2_PLACEMENT_3D('',#9258,#9259,#9260);
#9258 = CARTESIAN_POINT('',(73.5,0.,-1.));
#9259 = DIRECTION('',(-0.,-0.,-1.));
#9260 = DIRECTION('',(1.,0.,0.));
#9261 = DEFINITIONAL_REPRESENTATION('',(#9262),#9266);
#9262 = LINE('',#9263,#9264);
#9263 = CARTESIAN_POINT('',(-6.28318530718,-1.));
#9264 = VECTOR('',#9265,1.);
#9265 = DIRECTION('',(1.,-0.));
#9266 = ( GEOMETRIC_REPRESENTATION_CONTEXT(2) 
PARAMETRIC_REPRESENTATION_CONTEXT() REPRESENTATION_CONTEXT('2D SPACE',''
  ) );
#9267 = ADVANCED_FACE('',(#9268),#8890,.T.);
#9268 = FACE_BOUND('',#9269,.T.);
#9269 = EDGE_LOOP('',(#9270,#9271,#9292,#9320));
#9270 = ORIENTED_EDGE('',*,*,#8867,.F.);
#9271 = ORIENTED_EDGE('',*,*,#9272,.T.);
#9272 = EDGE_CURVE('',#8868,#9273,#9275,.T.);
#9273 = VERTEX_POINT('',#9274);
#9274 = CARTESIAN_POINT('',(62.5,20.,4.));
#9275 = SURFACE_CURVE('',#9276,(#9280,#9286),.PCURVE_S1.);
#9276 = LINE('',#9277,#9278);
#9277 = CARTESIAN_POINT('',(62.5,20.,0.));
#9278 = VECTOR('',#9279,1.);
#9279 = DIRECTION('',(0.,-0.,1.));
#9280 = PCURVE('',#8890,#9281);
#9281 = DEFINITIONAL_REPRESENTATION('',(#9282),#9285);
#9282 = B_SPLINE_CURVE_WITH_KNOTS('',1,(#9283,#9284),.UNSPECIFIED.,.F.,
  .F.,(2,2),(0.,4.),.PIECEWISE_BEZIER_KNOTS.);
#9283 = CARTESIAN_POINT('',(0.,2.));
#9284 = CARTESIAN_POINT('',(4.,2.));
#9285 = ( GEOMETRIC_REPRESENTATION_CONTEXT(2) 
PARAMETRIC_REPRESENTATION_CONTEXT() REPRESENTATION_CONTEXT('2D SPACE',''
  ) );
#9286 = PCURVE('',#8918,#9287);
#9287 = DEFINITIONAL_REPRESENTATION('',(#9288),#9291);
#9288 = B_SPLINE_CURVE_WITH_KNOTS('',1,(#9289,#9290),.UNSPECIFIED.,.F.,
  .F.,(2,2),(0.,4.),.PIECEWISE_BEZIER_KNOTS.);
#9289 = CARTESIAN_POINT('',(0.,-67.5));
#9290 = CARTESIAN_POINT('',(4.,-67.5));
#9291 = ( GEOMETRIC_REPRESENTATION_CONTEXT(2) 
PARAMETRIC_REPRESENTATION_CONTEXT() REPRESENTATION_CONTEXT('2D SPACE',''
  ) );
#9292 = ORIENTED_EDGE('',*,*,#9293,.T.);
#9293 = EDGE_CURVE('',#9273,#9294,#9296,.T.);
#9294 = VERTEX_POINT('',#9295);
#9295 = CARTESIAN_POINT('',(86.5,20.,4.));
#9296 = SURFACE_CURVE('',#9297,(#9301,#9308),.PCURVE_S1.);
#9297 = LINE('',#9298,#9299);
#9298 = CARTESIAN_POINT('',(60.5,20.,4.));
#9299 = VECTOR('',#9300,1.);
#9300 = DIRECTION('',(1.,0.,0.));
#9301 = PCURVE('',#8890,#9302);
#9302 = DEFINITIONAL_REPRESENTATION('',(#9303),#9307);
#9303 = LINE('',#9304,#9305);
#9304 = CARTESIAN_POINT('',(4.,0.));
#9305 = VECTOR('',#9306,1.);
#9306 = DIRECTION('',(0.,1.));
#9307 = ( GEOMETRIC_REPRESENTATION_CONTEXT(2) 
PARAMETRIC_REPRESENTATION_CONTEXT() REPRESENTATION_CONTEXT('2D SPACE',''
  ) );
#9308 = PCURVE('',#9309,#9314);
#9309 = PLANE('',#9310);
#9310 = AXIS2_PLACEMENT_3D('',#9311,#9312,#9313);
#9311 = CARTESIAN_POINT('',(60.5,-20.,4.));
#9312 = DIRECTION('',(0.,0.,1.));
#9313 = DIRECTION('',(1.,0.,0.));
#9314 = DEFINITIONAL_REPRESENTATION('',(#9315),#9319);
#9315 = LINE('',#9316,#9317);
#9316 = CARTESIAN_POINT('',(0.,40.));
#9317 = VECTOR('',#9318,1.);
#9318 = DIRECTION('',(1.,0.));
#9319 = ( GEOMETRIC_REPRESENTATION_CONTEXT(2) 
PARAMETRIC_REPRESENTATION_CONTEXT() REPRESENTATION_CONTEXT('2D SPACE',''
  ) );
#9320 = ORIENTED_EDGE('',*,*,#9321,.F.);
#9321 = EDGE_CURVE('',#8870,#9294,#9322,.T.);
#9322 = SURFACE_CURVE('',#9323,(#9327,#9334),.PCURVE_S1.);
#9323 = LINE('',#9324,#9325);
#9324 = CARTESIAN_POINT('',(86.5,20.,0.));
#9325 = VECTOR('',#9326,1.);
#9326 = DIRECTION('',(0.,0.,1.));
#9327 = PCURVE('',#8890,#9328);
#9328 = DEFINITIONAL_REPRESENTATION('',(#9329),#9333);
#9329 = LINE('',#9330,#9331);
#9330 = CARTESIAN_POINT('',(0.,26.));
#9331 = VECTOR('',#9332,1.);
#9332 = DIRECTION('',(1.,0.));
#9333 = ( GEOMETRIC_REPRESENTATION_CONTEXT(2) 
PARAMETRIC_REPRESENTATION_CONTEXT() REPRESENTATION_CONTEXT('2D SPACE',''
  ) );
#9334 = PCURVE('',#9186,#9335);
#9335 = DEFINITIONAL_REPRESENTATION('',(#9336),#9340);
#9336 = LINE('',#9337,#9338);
#9337 = CARTESIAN_POINT('',(0.,-40.));
#9338 = VECTOR('',#9339,1.);
#9339 = DIRECTION('',(1.,0.));
#9340 = ( GEOMETRIC_REPRESENTATION_CONTEXT(2) 
PARAMETRIC_REPRESENTATION_CONTEXT() REPRESENTATION_CONTEXT('2D SPACE',''
  ) );
#9341 = ADVANCED_FACE('',(#9342),#8918,.T.);
#9342 = FACE_BOUND('',#9343,.T.);
#9343 = EDGE_LOOP('',(#9344,#9374,#9395,#9396,#9417,#9436,#9437,#9438));
#9344 = ORIENTED_EDGE('',*,*,#9345,.F.);
#9345 = EDGE_CURVE('',#9346,#9348,#9350,.T.);
#9346 = VERTEX_POINT('',#9347);
#9347 = CARTESIAN_POINT('',(62.5,-47.5,58.));
#9348 = VERTEX_POINT('',#9349);
#9349 = CARTESIAN_POINT('',(62.5,47.5,58.));
#9350 = SURFACE_CURVE('',#9351,(#9355,#9362),.PCURVE_S1.);
#9351 = LINE('',#9352,#9353);
#9352 = CARTESIAN_POINT('',(62.5,-47.5,58.));
#9353 = VECTOR('',#9354,1.);
#9354 = DIRECTION('',(-0.,1.,0.));
#9355 = PCURVE('',#8918,#9356);
#9356 = DEFINITIONAL_REPRESENTATION('',(#9357),#9361);
#9357 = LINE('',#9358,#9359);
#9358 = CARTESIAN_POINT('',(58.,0.));
#9359 = VECTOR('',#9360,1.);
#9360 = DIRECTION('',(0.,-1.));
#9361 = ( GEOMETRIC_REPRESENTATION_CONTEXT(2) 
PARAMETRIC_REPRESENTATION_CONTEXT() REPRESENTATION_CONTEXT('2D SPACE',''
  ) );
#9362 = PCURVE('',#9363,#9368);
#9363 = PLANE('',#9364);
#9364 = AXIS2_PLACEMENT_3D('',#9365,#9366,#9367);
#9365 = CARTESIAN_POINT('',(-57.,-42.,58.));
#9366 = DIRECTION('',(0.,0.,1.));
#9367 = DIRECTION('',(1.,0.,0.));
#9368 = DEFINITIONAL_REPRESENTATION('',(#9369),#9373);
#9369 = LINE('',#9370,#9371);
#9370 = CARTESIAN_POINT('',(119.5,-5.5));
#9371 = VECTOR('',#9372,1.);
#9372 = DIRECTION('',(0.,1.));
#9373 = ( GEOMETRIC_REPRESENTATION_CONTEXT(2) 
PARAMETRIC_REPRESENTATION_CONTEXT() REPRESENTATION_CONTEXT('2D SPACE',''
  ) );
#9374 = ORIENTED_EDGE('',*,*,#9375,.F.);
#9375 = EDGE_CURVE('',#9094,#9346,#9376,.T.);
#9376 = SURFACE_CURVE('',#9377,(#9381,#9388),.PCURVE_S1.);
#9377 = LINE('',#9378,#9379);
#9378 = CARTESIAN_POINT('',(62.5,-47.5,0.));
#9379 = VECTOR('',#9380,1.);
#9380 = DIRECTION('',(0.,0.,1.));
#9381 = PCURVE('',#8918,#9382);
#9382 = DEFINITIONAL_REPRESENTATION('',(#9383),#9387);
#9383 = LINE('',#9384,#9385);
#9384 = CARTESIAN_POINT('',(0.,0.));
#9385 = VECTOR('',#9386,1.);
#9386 = DIRECTION('',(1.,0.));
#9387 = ( GEOMETRIC_REPRESENTATION_CONTEXT(2) 
PARAMETRIC_REPRESENTATION_CONTEXT() REPRESENTATION_CONTEXT('2D SPACE',''
  ) );
#9388 = PCURVE('',#9109,#9389);
#9389 = DEFINITIONAL_REPRESENTATION('',(#9390),#9394);
#9390 = LINE('',#9391,#9392);
#9391 = CARTESIAN_POINT('',(0.,125.));
#9392 = VECTOR('',#9393,1.);
#9393 = DIRECTION('',(1.,0.));
#9394 = ( GEOMETRIC_REPRESENTATION_CONTEXT(2) 
PARAMETRIC_REPRESENTATION_CONTEXT() REPRESENTATION_CONTEXT('2D SPACE',''
  ) );
#9395 = ORIENTED_EDGE('',*,*,#9121,.T.);
#9396 = ORIENTED_EDGE('',*,*,#9397,.T.);
#9397 = EDGE_CURVE('',#9122,#9398,#9400,.T.);
#9398 = VERTEX_POINT('',#9399);
#9399 = CARTESIAN_POINT('',(62.5,-20.,4.));
#9400 = SURFACE_CURVE('',#9401,(#9405,#9411),.PCURVE_S1.);
#9401 = LINE('',#9402,#9403);
#9402 = CARTESIAN_POINT('',(62.5,-20.,0.));
#9403 = VECTOR('',#9404,1.);
#9404 = DIRECTION('',(0.,-0.,1.));
#9405 = PCURVE('',#8918,#9406);
#9406 = DEFINITIONAL_REPRESENTATION('',(#9407),#9410);
#9407 = B_SPLINE_CURVE_WITH_KNOTS('',1,(#9408,#9409),.UNSPECIFIED.,.F.,
  .F.,(2,2),(0.,4.),.PIECEWISE_BEZIER_KNOTS.);
#9408 = CARTESIAN_POINT('',(0.,-27.5));
#9409 = CARTESIAN_POINT('',(4.,-27.5));
#9410 = ( GEOMETRIC_REPRESENTATION_CONTEXT(2) 
PARAMETRIC_REPRESENTATION_CONTEXT() REPRESENTATION_CONTEXT('2D SPACE',''
  ) );
#9411 = PCURVE('',#9160,#9412);
#9412 = DEFINITIONAL_REPRESENTATION('',(#9413),#9416);
#9413 = B_SPLINE_CURVE_WITH_KNOTS('',1,(#9414,#9415),.UNSPECIFIED.,.F.,
  .F.,(2,2),(0.,4.),.PIECEWISE_BEZIER_KNOTS.);
#9414 = CARTESIAN_POINT('',(0.,2.));
#9415 = CARTESIAN_POINT('',(4.,2.));
#9416 = ( GEOMETRIC_REPRESENTATION_CONTEXT(2) 
PARAMETRIC_REPRESENTATION_CONTEXT() REPRESENTATION_CONTEXT('2D SPACE',''
  ) );
#9417 = ORIENTED_EDGE('',*,*,#9418,.F.);
#9418 = EDGE_CURVE('',#9273,#9398,#9419,.T.);
#9419 = SURFACE_CURVE('',#9420,(#9424,#9430),.PCURVE_S1.);
#9420 = LINE('',#9421,#9422);
#9421 = CARTESIAN_POINT('',(62.5,-33.75,4.));
#9422 = VECTOR('',#9423,1.);
#9423 = DIRECTION('',(0.,-1.,0.));
#9424 = PCURVE('',#8918,#9425);
#9425 = DEFINITIONAL_REPRESENTATION('',(#9426),#9429);
#9426 = B_SPLINE_CURVE_WITH_KNOTS('',1,(#9427,#9428),.UNSPECIFIED.,.F.,
  .F.,(2,2),(-53.75,-13.75),.PIECEWISE_BEZIER_KNOTS.);
#9427 = CARTESIAN_POINT('',(4.,-67.5));
#9428 = CARTESIAN_POINT('',(4.,-27.5));
#9429 = ( GEOMETRIC_REPRESENTATION_CONTEXT(2) 
PARAMETRIC_REPRESENTATION_CONTEXT() REPRESENTATION_CONTEXT('2D SPACE',''
  ) );
#9430 = PCURVE('',#9309,#9431);
#9431 = DEFINITIONAL_REPRESENTATION('',(#9432),#9435);
#9432 = B_SPLINE_CURVE_WITH_KNOTS('',1,(#9433,#9434),.UNSPECIFIED.,.F.,
  .F.,(2,2),(-53.75,-13.75),.PIECEWISE_BEZIER_KNOTS.);
#9433 = CARTESIAN_POINT('',(2.,40.));
#9434 = CARTESIAN_POINT('',(2.,0.));
#9435 = ( GEOMETRIC_REPRESENTATION_CONTEXT(2) 
PARAMETRIC_REPRESENTATION_CONTEXT() REPRESENTATION_CONTEXT('2D SPACE',''
  ) );
#9436 = ORIENTED_EDGE('',*,*,#9272,.F.);
#9437 = ORIENTED_EDGE('',*,*,#8902,.T.);
#9438 = ORIENTED_EDGE('',*,*,#9439,.T.);
#9439 = EDGE_CURVE('',#8903,#9348,#9440,.T.);
#9440 = SURFACE_CURVE('',#9441,(#9445,#9452),.PCURVE_S1.);
#9441 = LINE('',#9442,#9443);
#9442 = CARTESIAN_POINT('',(62.5,47.5,0.));
#9443 = VECTOR('',#9444,1.);
#9444 = DIRECTION('',(0.,0.,1.));
#9445 = PCURVE('',#8918,#9446);
#9446 = DEFINITIONAL_REPRESENTATION('',(#9447),#9451);
#9447 = LINE('',#9448,#9449);
#9448 = CARTESIAN_POINT('',(0.,-95.));
#9449 = VECTOR('',#9450,1.);
#9450 = DIRECTION('',(1.,0.));
#9451 = ( GEOMETRIC_REPRESENTATION_CONTEXT(2) 
PARAMETRIC_REPRESENTATION_CONTEXT() REPRESENTATION_CONTEXT('2D SPACE',''
  ) );
#9452 = PCURVE('',#8946,#9453);
#9453 = DEFINITIONAL_REPRESENTATION('',(#9454),#9458);
#9454 = LINE('',#9455,#9456);
#9455 = CARTESIAN_POINT('',(0.,125.));
#9456 = VECTOR('',#9457,1.);
#9457 = DIRECTION('',(1.,0.));
#9458 = ( GEOMETRIC_REPRESENTATION_CONTEXT(2) 
PARAMETRIC_REPRESENTATION_CONTEXT() REPRESENTATION_CONTEXT('2D SPACE',''
  ) );
#9459 = ADVANCED_FACE('',(#9460),#9186,.T.);
#9460 = FACE_BOUND('',#9461,.T.);
#9461 = EDGE_LOOP('',(#9462,#9485,#9486,#9487));
#9462 = ORIENTED_EDGE('',*,*,#9463,.F.);
#9463 = EDGE_CURVE('',#9145,#9464,#9466,.T.);
#9464 = VERTEX_POINT('',#9465);
#9465 = CARTESIAN_POINT('',(86.5,-20.,4.));
#9466 = SURFACE_CURVE('',#9467,(#9471,#9478),.PCURVE_S1.);
#9467 = LINE('',#9468,#9469);
#9468 = CARTESIAN_POINT('',(86.5,-20.,0.));
#9469 = VECTOR('',#9470,1.);
#9470 = DIRECTION('',(0.,0.,1.));
#9471 = PCURVE('',#9186,#9472);
#9472 = DEFINITIONAL_REPRESENTATION('',(#9473),#9477);
#9473 = LINE('',#9474,#9475);
#9474 = CARTESIAN_POINT('',(0.,0.));
#9475 = VECTOR('',#9476,1.);
#9476 = DIRECTION('',(1.,0.));
#9477 = ( GEOMETRIC_REPRESENTATION_CONTEXT(2) 
PARAMETRIC_REPRESENTATION_CONTEXT() REPRESENTATION_CONTEXT('2D SPACE',''
  ) );
#9478 = PCURVE('',#9160,#9479);
#9479 = DEFINITIONAL_REPRESENTATION('',(#9480),#9484);
#9480 = LINE('',#9481,#9482);
#9481 = CARTESIAN_POINT('',(0.,26.));
#9482 = VECTOR('',#9483,1.);
#9483 = DIRECTION('',(1.,0.));
#9484 = ( GEOMETRIC_REPRESENTATION_CONTEXT(2) 
PARAMETRIC_REPRESENTATION_CONTEXT() REPRESENTATION_CONTEXT('2D SPACE',''
  ) );
#9485 = ORIENTED_EDGE('',*,*,#9172,.T.);
#9486 = ORIENTED_EDGE('',*,*,#9321,.T.);
#9487 = ORIENTED_EDGE('',*,*,#9488,.F.);
#9488 = EDGE_CURVE('',#9464,#9294,#9489,.T.);
#9489 = SURFACE_CURVE('',#9490,(#9494,#9501),.PCURVE_S1.);
#9490 = LINE('',#9491,#9492);
#9491 = CARTESIAN_POINT('',(86.5,-20.,4.));
#9492 = VECTOR('',#9493,1.);
#9493 = DIRECTION('',(0.,1.,0.));
#9494 = PCURVE('',#9186,#9495);
#9495 = DEFINITIONAL_REPRESENTATION('',(#9496),#9500);
#9496 = LINE('',#9497,#9498);
#9497 = CARTESIAN_POINT('',(4.,0.));
#9498 = VECTOR('',#9499,1.);
#9499 = DIRECTION('',(0.,-1.));
#9500 = ( GEOMETRIC_REPRESENTATION_CONTEXT(2) 
PARAMETRIC_REPRESENTATION_CONTEXT() REPRESENTATION_CONTEXT('2D SPACE',''
  ) );
#9501 = PCURVE('',#9309,#9502);
#9502 = DEFINITIONAL_REPRESENTATION('',(#9503),#9507);
#9503 = LINE('',#9504,#9505);
#9504 = CARTESIAN_POINT('',(26.,0.));
#9505 = VECTOR('',#9506,1.);
#9506 = DIRECTION('',(0.,1.));
#9507 = ( GEOMETRIC_REPRESENTATION_CONTEXT(2) 
PARAMETRIC_REPRESENTATION_CONTEXT() REPRESENTATION_CONTEXT('2D SPACE',''
  ) );
#9508 = ADVANCED_FACE('',(#9509,#9557,#9663,#9769,#9875,#9981),#8946,.T.
  );
#9509 = FACE_BOUND('',#9510,.T.);
#9510 = EDGE_LOOP('',(#9511,#9512,#9535,#9556));
#9511 = ORIENTED_EDGE('',*,*,#8930,.F.);
#9512 = ORIENTED_EDGE('',*,*,#9513,.T.);
#9513 = EDGE_CURVE('',#8931,#9514,#9516,.T.);
#9514 = VERTEX_POINT('',#9515);
#9515 = CARTESIAN_POINT('',(-62.5,47.5,58.));
#9516 = SURFACE_CURVE('',#9517,(#9521,#9528),.PCURVE_S1.);
#9517 = LINE('',#9518,#9519);
#9518 = CARTESIAN_POINT('',(-62.5,47.5,0.));
#9519 = VECTOR('',#9520,1.);
#9520 = DIRECTION('',(0.,0.,1.));
#9521 = PCURVE('',#8946,#9522);
#9522 = DEFINITIONAL_REPRESENTATION('',(#9523),#9527);
#9523 = LINE('',#9524,#9525);
#9524 = CARTESIAN_POINT('',(0.,0.));
#9525 = VECTOR('',#9526,1.);
#9526 = DIRECTION('',(1.,0.));
#9527 = ( GEOMETRIC_REPRESENTATION_CONTEXT(2) 
PARAMETRIC_REPRESENTATION_CONTEXT() REPRESENTATION_CONTEXT('2D SPACE',''
  ) );
#9528 = PCURVE('',#8974,#9529);
#9529 = DEFINITIONAL_REPRESENTATION('',(#9530),#9534);
#9530 = LINE('',#9531,#9532);
#9531 = CARTESIAN_POINT('',(0.,-95.));
#9532 = VECTOR('',#9533,1.);
#9533 = DIRECTION('',(1.,0.));
#9534 = ( GEOMETRIC_REPRESENTATION_CONTEXT(2) 
PARAMETRIC_REPRESENTATION_CONTEXT() REPRESENTATION_CONTEXT('2D SPACE',''
  ) );
#9535 = ORIENTED_EDGE('',*,*,#9536,.T.);
#9536 = EDGE_CURVE('',#9514,#9348,#9537,.T.);
#9537 = SURFACE_CURVE('',#9538,(#9542,#9549),.PCURVE_S1.);
#9538 = LINE('',#9539,#9540);
#9539 = CARTESIAN_POINT('',(-62.5,47.5,58.));
#9540 = VECTOR('',#9541,1.);
#9541 = DIRECTION('',(1.,0.,-0.));
#9542 = PCURVE('',#8946,#9543);
#9543 = DEFINITIONAL_REPRESENTATION('',(#9544),#9548);
#9544 = LINE('',#9545,#9546);
#9545 = CARTESIAN_POINT('',(58.,0.));
#9546 = VECTOR('',#9547,1.);
#9547 = DIRECTION('',(0.,1.));
#9548 = ( GEOMETRIC_REPRESENTATION_CONTEXT(2) 
PARAMETRIC_REPRESENTATION_CONTEXT() REPRESENTATION_CONTEXT('2D SPACE',''
  ) );
#9549 = PCURVE('',#9363,#9550);
#9550 = DEFINITIONAL_REPRESENTATION('',(#9551),#9555);
#9551 = LINE('',#9552,#9553);
#9552 = CARTESIAN_POINT('',(-5.5,89.5));
#9553 = VECTOR('',#9554,1.);
#9554 = DIRECTION('',(1.,0.));
#9555 = ( GEOMETRIC_REPRESENTATION_CONTEXT(2) 
PARAMETRIC_REPRESENTATION_CONTEXT() REPRESENTATION_CONTEXT('2D SPACE',''
  ) );
#9556 = ORIENTED_EDGE('',*,*,#9439,.F.);
#9557 = FACE_BOUND('',#9558,.T.);
#9558 = EDGE_LOOP('',(#9559,#9587,#9613,#9639));
#9559 = ORIENTED_EDGE('',*,*,#9560,.F.);
#9560 = EDGE_CURVE('',#9561,#9563,#9565,.T.);
#9561 = VERTEX_POINT('',#9562);
#9562 = CARTESIAN_POINT('',(-20.,47.5,26.5));
#9563 = VERTEX_POINT('',#9564);
#9564 = CARTESIAN_POINT('',(-20.,47.5,29.5));
#9565 = SURFACE_CURVE('',#9566,(#9570,#9576),.PCURVE_S1.);
#9566 = LINE('',#9567,#9568);
#9567 = CARTESIAN_POINT('',(-20.,47.5,13.25));
#9568 = VECTOR('',#9569,1.);
#9569 = DIRECTION('',(0.,0.,1.));
#9570 = PCURVE('',#8946,#9571);
#9571 = DEFINITIONAL_REPRESENTATION('',(#9572),#9575);
#9572 = B_SPLINE_CURVE_WITH_KNOTS('',1,(#9573,#9574),.UNSPECIFIED.,.F.,
  .F.,(2,2),(13.25,16.25),.PIECEWISE_BEZIER_KNOTS.);
#9573 = CARTESIAN_POINT('',(26.5,42.5));
#9574 = CARTESIAN_POINT('',(29.5,42.5));
#9575 = ( GEOMETRIC_REPRESENTATION_CONTEXT(2) 
PARAMETRIC_REPRESENTATION_CONTEXT() REPRESENTATION_CONTEXT('2D SPACE',''
  ) );
#9576 = PCURVE('',#9577,#9582);
#9577 = PLANE('',#9578);
#9578 = AXIS2_PLACEMENT_3D('',#9579,#9580,#9581);
#9579 = CARTESIAN_POINT('',(-20.,48.5,26.5));
#9580 = DIRECTION('',(-1.,0.,0.));
#9581 = DIRECTION('',(0.,0.,1.));
#9582 = DEFINITIONAL_REPRESENTATION('',(#9583),#9586);
#9583 = B_SPLINE_CURVE_WITH_KNOTS('',1,(#9584,#9585),.UNSPECIFIED.,.F.,
  .F.,(2,2),(13.25,16.25),.PIECEWISE_BEZIER_KNOTS.);
#9584 = CARTESIAN_POINT('',(0.,-1.));
#9585 = CARTESIAN_POINT('',(3.,-1.));
#9586 = ( GEOMETRIC_REPRESENTATION_CONTEXT(2) 
PARAMETRIC_REPRESENTATION_CONTEXT() REPRESENTATION_CONTEXT('2D SPACE',''
  ) );
#9587 = ORIENTED_EDGE('',*,*,#9588,.T.);
#9588 = EDGE_CURVE('',#9561,#9589,#9591,.T.);
#9589 = VERTEX_POINT('',#9590);
#9590 = CARTESIAN_POINT('',(20.,47.5,26.5));
#9591 = SURFACE_CURVE('',#9592,(#9596,#9602),.PCURVE_S1.);
#9592 = LINE('',#9593,#9594);
#9593 = CARTESIAN_POINT('',(-41.25,47.5,26.5));
#9594 = VECTOR('',#9595,1.);
#9595 = DIRECTION('',(1.,0.,0.));
#9596 = PCURVE('',#8946,#9597);
#9597 = DEFINITIONAL_REPRESENTATION('',(#9598),#9601);
#9598 = B_SPLINE_CURVE_WITH_KNOTS('',1,(#9599,#9600),.UNSPECIFIED.,.F.,
  .F.,(2,2),(21.25,61.25),.PIECEWISE_BEZIER_KNOTS.);
#9599 = CARTESIAN_POINT('',(26.5,42.5));
#9600 = CARTESIAN_POINT('',(26.5,82.5));
#9601 = ( GEOMETRIC_REPRESENTATION_CONTEXT(2) 
PARAMETRIC_REPRESENTATION_CONTEXT() REPRESENTATION_CONTEXT('2D SPACE',''
  ) );
#9602 = PCURVE('',#9603,#9608);
#9603 = PLANE('',#9604);
#9604 = AXIS2_PLACEMENT_3D('',#9605,#9606,#9607);
#9605 = CARTESIAN_POINT('',(-20.,48.5,26.5));
#9606 = DIRECTION('',(-0.,0.,1.));
#9607 = DIRECTION('',(1.,0.,0.));
#9608 = DEFINITIONAL_REPRESENTATION('',(#9609),#9612);
#9609 = B_SPLINE_CURVE_WITH_KNOTS('',1,(#9610,#9611),.UNSPECIFIED.,.F.,
  .F.,(2,2),(21.25,61.25),.PIECEWISE_BEZIER_KNOTS.);
#9610 = CARTESIAN_POINT('',(0.,-1.));
#9611 = CARTESIAN_POINT('',(40.,-1.));
#9612 = ( GEOMETRIC_REPRESENTATION_CONTEXT(2) 
PARAMETRIC_REPRESENTATION_CONTEXT() REPRESENTATION_CONTEXT('2D SPACE',''
  ) );
#9613 = ORIENTED_EDGE('',*,*,#9614,.T.);
#9614 = EDGE_CURVE('',#9589,#9615,#9617,.T.);
#9615 = VERTEX_POINT('',#9616);
#9616 = CARTESIAN_POINT('',(20.,47.5,29.5));
#9617 = SURFACE_CURVE('',#9618,(#9622,#9628),.PCURVE_S1.);
#9618 = LINE('',#9619,#9620);
#9619 = CARTESIAN_POINT('',(20.,47.5,13.25));
#9620 = VECTOR('',#9621,1.);
#9621 = DIRECTION('',(0.,0.,1.));
#9622 = PCURVE('',#8946,#9623);
#9623 = DEFINITIONAL_REPRESENTATION('',(#9624),#9627);
#9624 = B_SPLINE_CURVE_WITH_KNOTS('',1,(#9625,#9626),.UNSPECIFIED.,.F.,
  .F.,(2,2),(13.25,16.25),.PIECEWISE_BEZIER_KNOTS.);
#9625 = CARTESIAN_POINT('',(26.5,82.5));
#9626 = CARTESIAN_POINT('',(29.5,82.5));
#9627 = ( GEOMETRIC_REPRESENTATION_CONTEXT(2) 
PARAMETRIC_REPRESENTATION_CONTEXT() REPRESENTATION_CONTEXT('2D SPACE',''
  ) );
#9628 = PCURVE('',#9629,#9634);
#9629 = PLANE('',#9630);
#9630 = AXIS2_PLACEMENT_3D('',#9631,#9632,#9633);
#9631 = CARTESIAN_POINT('',(20.,48.5,26.5));
#9632 = DIRECTION('',(-1.,0.,0.));
#9633 = DIRECTION('',(0.,0.,1.));
#9634 = DEFINITIONAL_REPRESENTATION('',(#9635),#9638);
#9635 = B_SPLINE_CURVE_WITH_KNOTS('',1,(#9636,#9637),.UNSPECIFIED.,.F.,
  .F.,(2,2),(13.25,16.25),.PIECEWISE_BEZIER_KNOTS.);
#9636 = CARTESIAN_POINT('',(0.,-1.));
#9637 = CARTESIAN_POINT('',(3.,-1.));
#9638 = ( GEOMETRIC_REPRESENTATION_CONTEXT(2) 
PARAMETRIC_REPRESENTATION_CONTEXT() REPRESENTATION_CONTEXT('2D SPACE',''
  ) );
#9639 = ORIENTED_EDGE('',*,*,#9640,.F.);
#9640 = EDGE_CURVE('',#9563,#9615,#9641,.T.);
#9641 = SURFACE_CURVE('',#9642,(#9646,#9652),.PCURVE_S1.);
#9642 = LINE('',#9643,#9644);
#9643 = CARTESIAN_POINT('',(-41.25,47.5,29.5));
#9644 = VECTOR('',#9645,1.);
#9645 = DIRECTION('',(1.,0.,0.));
#9646 = PCURVE('',#8946,#9647);
#9647 = DEFINITIONAL_REPRESENTATION('',(#9648),#9651);
#9648 = B_SPLINE_CURVE_WITH_KNOTS('',1,(#9649,#9650),.UNSPECIFIED.,.F.,
  .F.,(2,2),(21.25,61.25),.PIECEWISE_BEZIER_KNOTS.);
#9649 = CARTESIAN_POINT('',(29.5,42.5));
#9650 = CARTESIAN_POINT('',(29.5,82.5));
#9651 = ( GEOMETRIC_REPRESENTATION_CONTEXT(2) 
PARAMETRIC_REPRESENTATION_CONTEXT() REPRESENTATION_CONTEXT('2D SPACE',''
  ) );
#9652 = PCURVE('',#9653,#9658);
#9653 = PLANE('',#9654);
#9654 = AXIS2_PLACEMENT_3D('',#9655,#9656,#9657);
#9655 = CARTESIAN_POINT('',(-20.,48.5,29.5));
#9656 = DIRECTION('',(-0.,0.,1.));
#9657 = DIRECTION('',(1.,0.,0.));
#9658 = DEFINITIONAL_REPRESENTATION('',(#9659),#9662);
#9659 = B_SPLINE_CURVE_WITH_KNOTS('',1,(#9660,#9661),.UNSPECIFIED.,.F.,
  .F.,(2,2),(21.25,61.25),.PIECEWISE_BEZIER_KNOTS.);
#9660 = CARTESIAN_POINT('',(0.,-1.));
#9661 = CARTESIAN_POINT('',(40.,-1.));
#9662 = ( GEOMETRIC_REPRESENTATION_CONTEXT(2) 
PARAMETRIC_REPRESENTATION_CONTEXT() REPRESENTATION_CONTEXT('2D SPACE',''
  ) );
#9663 = FACE_BOUND('',#9664,.T.);
#9664 = EDGE_LOOP('',(#9665,#9693,#9719,#9745));
#9665 = ORIENTED_EDGE('',*,*,#9666,.F.);
#9666 = EDGE_CURVE('',#9667,#9669,#9671,.T.);
#9667 = VERTEX_POINT('',#9668);
#9668 = CARTESIAN_POINT('',(-20.,47.5,32.5));
#9669 = VERTEX_POINT('',#9670);
#9670 = CARTESIAN_POINT('',(-20.,47.5,35.5));
#9671 = SURFACE_CURVE('',#9672,(#9676,#9682),.PCURVE_S1.);
#9672 = LINE('',#9673,#9674);
#9673 = CARTESIAN_POINT('',(-20.,47.5,16.25));
#9674 = VECTOR('',#9675,1.);
#9675 = DIRECTION('',(0.,0.,1.));
#9676 = PCURVE('',#8946,#9677);
#9677 = DEFINITIONAL_REPRESENTATION('',(#9678),#9681);
#9678 = B_SPLINE_CURVE_WITH_KNOTS('',1,(#9679,#9680),.UNSPECIFIED.,.F.,
  .F.,(2,2),(16.25,19.25),.PIECEWISE_BEZIER_KNOTS.);
#9679 = CARTESIAN_POINT('',(32.5,42.5));
#9680 = CARTESIAN_POINT('',(35.5,42.5));
#9681 = ( GEOMETRIC_REPRESENTATION_CONTEXT(2) 
PARAMETRIC_REPRESENTATION_CONTEXT() REPRESENTATION_CONTEXT('2D SPACE',''
  ) );
#9682 = PCURVE('',#9683,#9688);
#9683 = PLANE('',#9684);
#9684 = AXIS2_PLACEMENT_3D('',#9685,#9686,#9687);
#9685 = CARTESIAN_POINT('',(-20.,48.5,32.5));
#9686 = DIRECTION('',(-1.,0.,0.));
#9687 = DIRECTION('',(0.,0.,1.));
#9688 = DEFINITIONAL_REPRESENTATION('',(#9689),#9692);
#9689 = B_SPLINE_CURVE_WITH_KNOTS('',1,(#9690,#9691),.UNSPECIFIED.,.F.,
  .F.,(2,2),(16.25,19.25),.PIECEWISE_BEZIER_KNOTS.);
#9690 = CARTESIAN_POINT('',(0.,-1.));
#9691 = CARTESIAN_POINT('',(3.,-1.));
#9692 = ( GEOMETRIC_REPRESENTATION_CONTEXT(2) 
PARAMETRIC_REPRESENTATION_CONTEXT() REPRESENTATION_CONTEXT('2D SPACE',''
  ) );
#9693 = ORIENTED_EDGE('',*,*,#9694,.T.);
#9694 = EDGE_CURVE('',#9667,#9695,#9697,.T.);
#9695 = VERTEX_POINT('',#9696);
#9696 = CARTESIAN_POINT('',(20.,47.5,32.5));
#9697 = SURFACE_CURVE('',#9698,(#9702,#9708),.PCURVE_S1.);
#9698 = LINE('',#9699,#9700);
#9699 = CARTESIAN_POINT('',(-41.25,47.5,32.5));
#9700 = VECTOR('',#9701,1.);
#9701 = DIRECTION('',(1.,0.,0.));
#9702 = PCURVE('',#8946,#9703);
#9703 = DEFINITIONAL_REPRESENTATION('',(#9704),#9707);
#9704 = B_SPLINE_CURVE_WITH_KNOTS('',1,(#9705,#9706),.UNSPECIFIED.,.F.,
  .F.,(2,2),(21.25,61.25),.PIECEWISE_BEZIER_KNOTS.);
#9705 = CARTESIAN_POINT('',(32.5,42.5));
#9706 = CARTESIAN_POINT('',(32.5,82.5));
#9707 = ( GEOMETRIC_REPRESENTATION_CONTEXT(2) 
PARAMETRIC_REPRESENTATION_CONTEXT() REPRESENTATION_CONTEXT('2D SPACE',''
  ) );
#9708 = PCURVE('',#9709,#9714);
#9709 = PLANE('',#9710);
#9710 = AXIS2_PLACEMENT_3D('',#9711,#9712,#9713);
#9711 = CARTESIAN_POINT('',(-20.,48.5,32.5));
#9712 = DIRECTION('',(-0.,0.,1.));
#9713 = DIRECTION('',(1.,0.,0.));
#9714 = DEFINITIONAL_REPRESENTATION('',(#9715),#9718);
#9715 = B_SPLINE_CURVE_WITH_KNOTS('',1,(#9716,#9717),.UNSPECIFIED.,.F.,
  .F.,(2,2),(21.25,61.25),.PIECEWISE_BEZIER_KNOTS.);
#9716 = CARTESIAN_POINT('',(0.,-1.));
#9717 = CARTESIAN_POINT('',(40.,-1.));
#9718 = ( GEOMETRIC_REPRESENTATION_CONTEXT(2) 
PARAMETRIC_REPRESENTATION_CONTEXT() REPRESENTATION_CONTEXT('2D SPACE',''
  ) );
#9719 = ORIENTED_EDGE('',*,*,#9720,.T.);
#9720 = EDGE_CURVE('',#9695,#9721,#9723,.T.);
#9721 = VERTEX_POINT('',#9722);
#9722 = CARTESIAN_POINT('',(20.,47.5,35.5));
#9723 = SURFACE_CURVE('',#9724,(#9728,#9734),.PCURVE_S1.);
#9724 = LINE('',#9725,#9726);
#9725 = CARTESIAN_POINT('',(20.,47.5,16.25));
#9726 = VECTOR('',#9727,1.);
#9727 = DIRECTION('',(0.,0.,1.));
#9728 = PCURVE('',#8946,#9729);
#9729 = DEFINITIONAL_REPRESENTATION('',(#9730),#9733);
#9730 = B_SPLINE_CURVE_WITH_KNOTS('',1,(#9731,#9732),.UNSPECIFIED.,.F.,
  .F.,(2,2),(16.25,19.25),.PIECEWISE_BEZIER_KNOTS.);
#9731 = CARTESIAN_POINT('',(32.5,82.5));
#9732 = CARTESIAN_POINT('',(35.5,82.5));
#9733 = ( GEOMETRIC_REPRESENTATION_CONTEXT(2) 
PARAMETRIC_REPRESENTATION_CONTEXT() REPRESENTATION_CONTEXT('2D SPACE',''
  ) );
#9734 = PCURVE('',#9735,#9740);
#9735 = PLANE('',#9736);
#9736 = AXIS2_PLACEMENT_3D('',#9737,#9738,#9739);
#9737 = CARTESIAN_POINT('',(20.,48.5,32.5));
#9738 = DIRECTION('',(-1.,0.,0.));
#9739 = DIRECTION('',(0.,0.,1.));
#9740 = DEFINITIONAL_REPRESENTATION('',(#9741),#9744);
#9741 = B_SPLINE_CURVE_WITH_KNOTS('',1,(#9742,#9743),.UNSPECIFIED.,.F.,
  .F.,(2,2),(16.25,19.25),.PIECEWISE_BEZIER_KNOTS.);
#9742 = CARTESIAN_POINT('',(0.,-1.));
#9743 = CARTESIAN_POINT('',(3.,-1.));
#9744 = ( GEOMETRIC_REPRESENTATION_CONTEXT(2) 
PARAMETRIC_REPRESENTATION_CONTEXT() REPRESENTATION_CONTEXT('2D SPACE',''
  ) );
#9745 = ORIENTED_EDGE('',*,*,#9746,.F.);
#9746 = EDGE_CURVE('',#9669,#9721,#9747,.T.);
#9747 = SURFACE_CURVE('',#9748,(#9752,#9758),.PCURVE_S1.);
#9748 = LINE('',#9749,#9750);
#9749 = CARTESIAN_POINT('',(-41.25,47.5,35.5));
#9750 = VECTOR('',#9751,1.);
#9751 = DIRECTION('',(1.,0.,0.));
#9752 = PCURVE('',#8946,#9753);
#9753 = DEFINITIONAL_REPRESENTATION('',(#9754),#9757);
#9754 = B_SPLINE_CURVE_WITH_KNOTS('',1,(#9755,#9756),.UNSPECIFIED.,.F.,
  .F.,(2,2),(21.25,61.25),.PIECEWISE_BEZIER_KNOTS.);
#9755 = CARTESIAN_POINT('',(35.5,42.5));
#9756 = CARTESIAN_POINT('',(35.5,82.5));
#9757 = ( GEOMETRIC_REPRESENTATION_CONTEXT(2) 
PARAMETRIC_REPRESENTATION_CONTEXT() REPRESENTATION_CONTEXT('2D SPACE',''
  ) );
#9758 = PCURVE('',#9759,#9764);
#9759 = PLANE('',#9760);
#9760 = AXIS2_PLACEMENT_3D('',#9761,#9762,#9763);
#9761 = CARTESIAN_POINT('',(-20.,48.5,35.5));
#9762 = DIRECTION('',(-0.,0.,1.));
#9763 = DIRECTION('',(1.,0.,0.));
#9764 = DEFINITIONAL_REPRESENTATION('',(#9765),#9768);
#9765 = B_SPLINE_CURVE_WITH_KNOTS('',1,(#9766,#9767),.UNSPECIFIED.,.F.,
  .F.,(2,2),(21.25,61.25),.PIECEWISE_BEZIER_KNOTS.);
#9766 = CARTESIAN_POINT('',(0.,-1.));
#9767 = CARTESIAN_POINT('',(40.,-1.));
#9768 = ( GEOMETRIC_REPRESENTATION_CONTEXT(2) 
PARAMETRIC_REPRESENTATION_CONTEXT() REPRESENTATION_CONTEXT('2D SPACE',''
  ) );
#9769 = FACE_BOUND('',#9770,.T.);
#9770 = EDGE_LOOP('',(#9771,#9799,#9825,#9851));
#9771 = ORIENTED_EDGE('',*,*,#9772,.F.);
#9772 = EDGE_CURVE('',#9773,#9775,#9777,.T.);
#9773 = VERTEX_POINT('',#9774);
#9774 = CARTESIAN_POINT('',(-20.,47.5,38.5));
#9775 = VERTEX_POINT('',#9776);
#9776 = CARTESIAN_POINT('',(-20.,47.5,41.5));
#9777 = SURFACE_CURVE('',#9778,(#9782,#9788),.PCURVE_S1.);
#9778 = LINE('',#9779,#9780);
#9779 = CARTESIAN_POINT('',(-20.,47.5,19.25));
#9780 = VECTOR('',#9781,1.);
#9781 = DIRECTION('',(0.,0.,1.));
#9782 = PCURVE('',#8946,#9783);
#9783 = DEFINITIONAL_REPRESENTATION('',(#9784),#9787);
#9784 = B_SPLINE_CURVE_WITH_KNOTS('',1,(#9785,#9786),.UNSPECIFIED.,.F.,
  .F.,(2,2),(19.25,22.25),.PIECEWISE_BEZIER_KNOTS.);
#9785 = CARTESIAN_POINT('',(38.5,42.5));
#9786 = CARTESIAN_POINT('',(41.5,42.5));
#9787 = ( GEOMETRIC_REPRESENTATION_CONTEXT(2) 
PARAMETRIC_REPRESENTATION_CONTEXT() REPRESENTATION_CONTEXT('2D SPACE',''
  ) );
#9788 = PCURVE('',#9789,#9794);
#9789 = PLANE('',#9790);
#9790 = AXIS2_PLACEMENT_3D('',#9791,#9792,#9793);
#9791 = CARTESIAN_POINT('',(-20.,48.5,38.5));
#9792 = DIRECTION('',(-1.,0.,0.));
#9793 = DIRECTION('',(0.,0.,1.));
#9794 = DEFINITIONAL_REPRESENTATION('',(#9795),#9798);
#9795 = B_SPLINE_CURVE_WITH_KNOTS('',1,(#9796,#9797),.UNSPECIFIED.,.F.,
  .F.,(2,2),(19.25,22.25),.PIECEWISE_BEZIER_KNOTS.);
#9796 = CARTESIAN_POINT('',(0.,-1.));
#9797 = CARTESIAN_POINT('',(3.,-1.));
#9798 = ( GEOMETRIC_REPRESENTATION_CONTEXT(2) 
PARAMETRIC_REPRESENTATION_CONTEXT() REPRESENTATION_CONTEXT('2D SPACE',''
  ) );
#9799 = ORIENTED_EDGE('',*,*,#9800,.T.);
#9800 = EDGE_CURVE('',#9773,#9801,#9803,.T.);
#9801 = VERTEX_POINT('',#9802);
#9802 = CARTESIAN_POINT('',(20.,47.5,38.5));
#9803 = SURFACE_CURVE('',#9804,(#9808,#9814),.PCURVE_S1.);
#9804 = LINE('',#9805,#9806);
#9805 = CARTESIAN_POINT('',(-41.25,47.5,38.5));
#9806 = VECTOR('',#9807,1.);
#9807 = DIRECTION('',(1.,0.,0.));
#9808 = PCURVE('',#8946,#9809);
#9809 = DEFINITIONAL_REPRESENTATION('',(#9810),#9813);
#9810 = B_SPLINE_CURVE_WITH_KNOTS('',1,(#9811,#9812),.UNSPECIFIED.,.F.,
  .F.,(2,2),(21.25,61.25),.PIECEWISE_BEZIER_KNOTS.);
#9811 = CARTESIAN_POINT('',(38.5,42.5));
#9812 = CARTESIAN_POINT('',(38.5,82.5));
#9813 = ( GEOMETRIC_REPRESENTATION_CONTEXT(2) 
PARAMETRIC_REPRESENTATION_CONTEXT() REPRESENTATION_CONTEXT('2D SPACE',''
  ) );
#9814 = PCURVE('',#9815,#9820);
#9815 = PLANE('',#9816);
#9816 = AXIS2_PLACEMENT_3D('',#9817,#9818,#9819);
#9817 = CARTESIAN_POINT('',(-20.,48.5,38.5));
#9818 = DIRECTION('',(-0.,0.,1.));
#9819 = DIRECTION('',(1.,0.,0.));
#9820 = DEFINITIONAL_REPRESENTATION('',(#9821),#9824);
#9821 = B_SPLINE_CURVE_WITH_KNOTS('',1,(#9822,#9823),.UNSPECIFIED.,.F.,
  .F.,(2,2),(21.25,61.25),.PIECEWISE_BEZIER_KNOTS.);
#9822 = CARTESIAN_POINT('',(0.,-1.));
#9823 = CARTESIAN_POINT('',(40.,-1.));
#9824 = ( GEOMETRIC_REPRESENTATION_CONTEXT(2) 
PARAMETRIC_REPRESENTATION_CONTEXT() REPRESENTATION_CONTEXT('2D SPACE',''
  ) );
#9825 = ORIENTED_EDGE('',*,*,#9826,.T.);
#9826 = EDGE_CURVE('',#9801,#9827,#9829,.T.);
#9827 = VERTEX_POINT('',#9828);
#9828 = CARTESIAN_POINT('',(20.,47.5,41.5));
#9829 = SURFACE_CURVE('',#9830,(#9834,#9840),.PCURVE_S1.);
#9830 = LINE('',#9831,#9832);
#9831 = CARTESIAN_POINT('',(20.,47.5,19.25));
#9832 = VECTOR('',#9833,1.);
#9833 = DIRECTION('',(0.,0.,1.));
#9834 = PCURVE('',#8946,#9835);
#9835 = DEFINITIONAL_REPRESENTATION('',(#9836),#9839);
#9836 = B_SPLINE_CURVE_WITH_KNOTS('',1,(#9837,#9838),.UNSPECIFIED.,.F.,
  .F.,(2,2),(19.25,22.25),.PIECEWISE_BEZIER_KNOTS.);
#9837 = CARTESIAN_POINT('',(38.5,82.5));
#9838 = CARTESIAN_POINT('',(41.5,82.5));
#9839 = ( GEOMETRIC_REPRESENTATION_CONTEXT(2) 
PARAMETRIC_REPRESENTATION_CONTEXT() REPRESENTATION_CONTEXT('2D SPACE',''
  ) );
#9840 = PCURVE('',#9841,#9846);
#9841 = PLANE('',#9842);
#9842 = AXIS2_PLACEMENT_3D('',#9843,#9844,#9845);
#9843 = CARTESIAN_POINT('',(20.,48.5,38.5));
#9844 = DIRECTION('',(-1.,0.,0.));
#9845 = DIRECTION('',(0.,0.,1.));
#9846 = DEFINITIONAL_REPRESENTATION('',(#9847),#9850);
#9847 = B_SPLINE_CURVE_WITH_KNOTS('',1,(#9848,#9849),.UNSPECIFIED.,.F.,
  .F.,(2,2),(19.25,22.25),.PIECEWISE_BEZIER_KNOTS.);
#9848 = CARTESIAN_POINT('',(0.,-1.));
#9849 = CARTESIAN_POINT('',(3.,-1.));
#9850 = ( GEOMETRIC_REPRESENTATION_CONTEXT(2) 
PARAMETRIC_REPRESENTATION_CONTEXT() REPRESENTATION_CONTEXT('2D SPACE',''
  ) );
#9851 = ORIENTED_EDGE('',*,*,#9852,.F.);
#9852 = EDGE_CURVE('',#9775,#9827,#9853,.T.);
#9853 = SURFACE_CURVE('',#9854,(#9858,#9864),.PCURVE_S1.);
#9854 = LINE('',#9855,#9856);
#9855 = CARTESIAN_POINT('',(-41.25,47.5,41.5));
#9856 = VECTOR('',#9857,1.);
#9857 = DIRECTION('',(1.,0.,0.));
#9858 = PCURVE('',#8946,#9859);
#9859 = DEFINITIONAL_REPRESENTATION('',(#9860),#9863);
#9860 = B_SPLINE_CURVE_WITH_KNOTS('',1,(#9861,#9862),.UNSPECIFIED.,.F.,
  .F.,(2,2),(21.25,61.25),.PIECEWISE_BEZIER_KNOTS.);
#9861 = CARTESIAN_POINT('',(41.5,42.5));
#9862 = CARTESIAN_POINT('',(41.5,82.5));
#9863 = ( GEOMETRIC_REPRESENTATION_CONTEXT(2) 
PARAMETRIC_REPRESENTATION_CONTEXT() REPRESENTATION_CONTEXT('2D SPACE',''
  ) );
#9864 = PCURVE('',#9865,#9870);
#9865 = PLANE('',#9866);
#9866 = AXIS2_PLACEMENT_3D('',#9867,#9868,#9869);
#9867 = CARTESIAN_POINT('',(-20.,48.5,41.5));
#9868 = DIRECTION('',(-0.,0.,1.));
#9869 = DIRECTION('',(1.,0.,0.));
#9870 = DEFINITIONAL_REPRESENTATION('',(#9871),#9874);
#9871 = B_SPLINE_CURVE_WITH_KNOTS('',1,(#9872,#9873),.UNSPECIFIED.,.F.,
  .F.,(2,2),(21.25,61.25),.PIECEWISE_BEZIER_KNOTS.);
#9872 = CARTESIAN_POINT('',(0.,-1.));
#9873 = CARTESIAN_POINT('',(40.,-1.));
#9874 = ( GEOMETRIC_REPRESENTATION_CONTEXT(2) 
PARAMETRIC_REPRESENTATION_CONTEXT() REPRESENTATION_CONTEXT('2D SPACE',''
  ) );
#9875 = FACE_BOUND('',#9876,.T.);
#9876 = EDGE_LOOP('',(#9877,#9905,#9931,#9957));
#9877 = ORIENTED_EDGE('',*,*,#9878,.F.);
#9878 = EDGE_CURVE('',#9879,#9881,#9883,.T.);
#9879 = VERTEX_POINT('',#9880);
#9880 = CARTESIAN_POINT('',(-20.,47.5,44.5));
#9881 = VERTEX_POINT('',#9882);
#9882 = CARTESIAN_POINT('',(-20.,47.5,47.5));
#9883 = SURFACE_CURVE('',#9884,(#9888,#9894),.PCURVE_S1.);
#9884 = LINE('',#9885,#9886);
#9885 = CARTESIAN_POINT('',(-20.,47.5,22.25));
#9886 = VECTOR('',#9887,1.);
#9887 = DIRECTION('',(0.,0.,1.));
#9888 = PCURVE('',#8946,#9889);
#9889 = DEFINITIONAL_REPRESENTATION('',(#9890),#9893);
#9890 = B_SPLINE_CURVE_WITH_KNOTS('',1,(#9891,#9892),.UNSPECIFIED.,.F.,
  .F.,(2,2),(22.25,25.25),.PIECEWISE_BEZIER_KNOTS.);
#9891 = CARTESIAN_POINT('',(44.5,42.5));
#9892 = CARTESIAN_POINT('',(47.5,42.5));
#9893 = ( GEOMETRIC_REPRESENTATION_CONTEXT(2) 
PARAMETRIC_REPRESENTATION_CONTEXT() REPRESENTATION_CONTEXT('2D SPACE',''
  ) );
#9894 = PCURVE('',#9895,#9900);
#9895 = PLANE('',#9896);
#9896 = AXIS2_PLACEMENT_3D('',#9897,#9898,#9899);
#9897 = CARTESIAN_POINT('',(-20.,48.5,44.5));
#9898 = DIRECTION('',(-1.,0.,0.));
#9899 = DIRECTION('',(0.,0.,1.));
#9900 = DEFINITIONAL_REPRESENTATION('',(#9901),#9904);
#9901 = B_SPLINE_CURVE_WITH_KNOTS('',1,(#9902,#9903),.UNSPECIFIED.,.F.,
  .F.,(2,2),(22.25,25.25),.PIECEWISE_BEZIER_KNOTS.);
#9902 = CARTESIAN_POINT('',(0.,-1.));
#9903 = CARTESIAN_POINT('',(3.,-1.));
#9904 = ( GEOMETRIC_REPRESENTATION_CONTEXT(2) 
PARAMETRIC_REPRESENTATION_CONTEXT() REPRESENTATION_CONTEXT('2D SPACE',''
  ) );
#9905 = ORIENTED_EDGE('',*,*,#9906,.T.);
#9906 = EDGE_CURVE('',#9879,#9907,#9909,.T.);
#9907 = VERTEX_POINT('',#9908);
#9908 = CARTESIAN_POINT('',(20.,47.5,44.5));
#9909 = SURFACE_CURVE('',#9910,(#9914,#9920),.PCURVE_S1.);
#9910 = LINE('',#9911,#9912);
#9911 = CARTESIAN_POINT('',(-41.25,47.5,44.5));
#9912 = VECTOR('',#9913,1.);
#9913 = DIRECTION('',(1.,0.,0.));
#9914 = PCURVE('',#8946,#9915);
#9915 = DEFINITIONAL_REPRESENTATION('',(#9916),#9919);
#9916 = B_SPLINE_CURVE_WITH_KNOTS('',1,(#9917,#9918),.UNSPECIFIED.,.F.,
  .F.,(2,2),(21.25,61.25),.PIECEWISE_BEZIER_KNOTS.);
#9917 = CARTESIAN_POINT('',(44.5,42.5));
#9918 = CARTESIAN_POINT('',(44.5,82.5));
#9919 = ( GEOMETRIC_REPRESENTATION_CONTEXT(2) 
PARAMETRIC_REPRESENTATION_CONTEXT() REPRESENTATION_CONTEXT('2D SPACE',''
  ) );
#9920 = PCURVE('',#9921,#9926);
#9921 = PLANE('',#9922);
#9922 = AXIS2_PLACEMENT_3D('',#9923,#9924,#9925);
#9923 = CARTESIAN_POINT('',(-20.,48.5,44.5));
#9924 = DIRECTION('',(-0.,0.,1.));
#9925 = DIRECTION('',(1.,0.,0.));
#9926 = DEFINITIONAL_REPRESENTATION('',(#9927),#9930);
#9927 = B_SPLINE_CURVE_WITH_KNOTS('',1,(#9928,#9929),.UNSPECIFIED.,.F.,
  .F.,(2,2),(21.25,61.25),.PIECEWISE_BEZIER_KNOTS.);
#9928 = CARTESIAN_POINT('',(0.,-1.));
#9929 = CARTESIAN_POINT('',(40.,-1.));
#9930 = ( GEOMETRIC_REPRESENTATION_CONTEXT(2) 
PARAMETRIC_REPRESENTATION_CONTEXT() REPRESENTATION_CONTEXT('2D SPACE',''
  ) );
#9931 = ORIENTED_EDGE('',*,*,#9932,.T.);
#9932 = EDGE_CURVE('',#9907,#9933,#9935,.T.);
#9933 = VERTEX_POINT('',#9934);
#9934 = CARTESIAN_POINT('',(20.,47.5,47.5));
#9935 = SURFACE_CURVE('',#9936,(#9940,#9946),.PCURVE_S1.);
#9936 = LINE('',#9937,#9938);
#9937 = CARTESIAN_POINT('',(20.,47.5,22.25));
#9938 = VECTOR('',#9939,1.);
#9939 = DIRECTION('',(0.,0.,1.));
#9940 = PCURVE('',#8946,#9941);
#9941 = DEFINITIONAL_REPRESENTATION('',(#9942),#9945);
#9942 = B_SPLINE_CURVE_WITH_KNOTS('',1,(#9943,#9944),.UNSPECIFIED.,.F.,
  .F.,(2,2),(22.25,25.25),.PIECEWISE_BEZIER_KNOTS.);
#9943 = CARTESIAN_POINT('',(44.5,82.5));
#9944 = CARTESIAN_POINT('',(47.5,82.5));
#9945 = ( GEOMETRIC_REPRESENTATION_CONTEXT(2) 
PARAMETRIC_REPRESENTATION_CONTEXT() REPRESENTATION_CONTEXT('2D SPACE',''
  ) );
#9946 = PCURVE('',#9947,#9952);
#9947 = PLANE('',#9948);
#9948 = AXIS2_PLACEMENT_3D('',#9949,#9950,#9951);
#9949 = CARTESIAN_POINT('',(20.,48.5,44.5));
#9950 = DIRECTION('',(-1.,0.,0.));
#9951 = DIRECTION('',(0.,0.,1.));
#9952 = DEFINITIONAL_REPRESENTATION('',(#9953),#9956);
#9953 = B_SPLINE_CURVE_WITH_KNOTS('',1,(#9954,#9955),.UNSPECIFIED.,.F.,
  .F.,(2,2),(22.25,25.25),.PIECEWISE_BEZIER_KNOTS.);
#9954 = CARTESIAN_POINT('',(0.,-1.));
#9955 = CARTESIAN_POINT('',(3.,-1.));
#9956 = ( GEOMETRIC_REPRESENTATION_CONTEXT(2) 
PARAMETRIC_REPRESENTATION_CONTEXT() REPRESENTATION_CONTEXT('2D SPACE',''
  ) );
#9957 = ORIENTED_EDGE('',*,*,#9958,.F.);
#9958 = EDGE_CURVE('',#9881,#9933,#9959,.T.);
#9959 = SURFACE_CURVE('',#9960,(#9964,#9970),.PCURVE_S1.);
#9960 = LINE('',#9961,#9962);
#9961 = CARTESIAN_POINT('',(-41.25,47.5,47.5));
#9962 = VECTOR('',#9963,1.);
#9963 = DIRECTION('',(1.,0.,0.));
#9964 = PCURVE('',#8946,#9965);
#9965 = DEFINITIONAL_REPRESENTATION('',(#9966),#9969);
#9966 = B_SPLINE_CURVE_WITH_KNOTS('',1,(#9967,#9968),.UNSPECIFIED.,.F.,
  .F.,(2,2),(21.25,61.25),.PIECEWISE_BEZIER_KNOTS.);
#9967 = CARTESIAN_POINT('',(47.5,42.5));
#9968 = CARTESIAN_POINT('',(47.5,82.5));
#9969 = ( GEOMETRIC_REPRESENTATION_CONTEXT(2) 
PARAMETRIC_REPRESENTATION_CONTEXT() REPRESENTATION_CONTEXT('2D SPACE',''
  ) );
#9970 = PCURVE('',#9971,#9976);
#9971 = PLANE('',#9972);
#9972 = AXIS2_PLACEMENT_3D('',#9973,#9974,#9975);
#9973 = CARTESIAN_POINT('',(-20.,48.5,47.5));
#9974 = DIRECTION('',(-0.,0.,1.));
#9975 = DIRECTION('',(1.,0.,0.));
#9976 = DEFINITIONAL_REPRESENTATION('',(#9977),#9980);
#9977 = B_SPLINE_CURVE_WITH_KNOTS('',1,(#9978,#9979),.UNSPECIFIED.,.F.,
  .F.,(2,2),(21.25,61.25),.PIECEWISE_BEZIER_KNOTS.);
#9978 = CARTESIAN_POINT('',(0.,-1.));
#9979 = CARTESIAN_POINT('',(40.,-1.));
#9980 = ( GEOMETRIC_REPRESENTATION_CONTEXT(2) 
PARAMETRIC_REPRESENTATION_CONTEXT() REPRESENTATION_CONTEXT('2D SPACE',''
  ) );
#9981 = FACE_BOUND('',#9982,.T.);
#9982 = EDGE_LOOP('',(#9983,#10011,#10037,#10063));
#9983 = ORIENTED_EDGE('',*,*,#9984,.F.);
#9984 = EDGE_CURVE('',#9985,#9987,#9989,.T.);
#9985 = VERTEX_POINT('',#9986);
#9986 = CARTESIAN_POINT('',(-20.,47.5,50.5));
#9987 = VERTEX_POINT('',#9988);
#9988 = CARTESIAN_POINT('',(-20.,47.5,53.5));
#9989 = SURFACE_CURVE('',#9990,(#9994,#10000),.PCURVE_S1.);
#9990 = LINE('',#9991,#9992);
#9991 = CARTESIAN_POINT('',(-20.,47.5,25.25));
#9992 = VECTOR('',#9993,1.);
#9993 = DIRECTION('',(0.,0.,1.));
#9994 = PCURVE('',#8946,#9995);
#9995 = DEFINITIONAL_REPRESENTATION('',(#9996),#9999);
#9996 = B_SPLINE_CURVE_WITH_KNOTS('',1,(#9997,#9998),.UNSPECIFIED.,.F.,
  .F.,(2,2),(25.25,28.25),.PIECEWISE_BEZIER_KNOTS.);
#9997 = CARTESIAN_POINT('',(50.5,42.5));
#9998 = CARTESIAN_POINT('',(53.5,42.5));
#9999 = ( GEOMETRIC_REPRESENTATION_CONTEXT(2) 
PARAMETRIC_REPRESENTATION_CONTEXT() REPRESENTATION_CONTEXT('2D SPACE',''
  ) );
#10000 = PCURVE('',#10001,#10006);
#10001 = PLANE('',#10002);
#10002 = AXIS2_PLACEMENT_3D('',#10003,#10004,#10005);
#10003 = CARTESIAN_POINT('',(-20.,48.5,50.5));
#10004 = DIRECTION('',(-1.,0.,0.));
#10005 = DIRECTION('',(0.,0.,1.));
#10006 = DEFINITIONAL_REPRESENTATION('',(#10007),#10010);
#10007 = B_SPLINE_CURVE_WITH_KNOTS('',1,(#10008,#10009),.UNSPECIFIED.,
  .F.,.F.,(2,2),(25.25,28.25),.PIECEWISE_BEZIER_KNOTS.);
#10008 = CARTESIAN_POINT('',(0.,-1.));
#10009 = CARTESIAN_POINT('',(3.,-1.));
#10010 = ( GEOMETRIC_REPRESENTATION_CONTEXT(2) 
PARAMETRIC_REPRESENTATION_CONTEXT() REPRESENTATION_CONTEXT('2D SPACE',''
  ) );
#10011 = ORIENTED_EDGE('',*,*,#10012,.T.);
#10012 = EDGE_CURVE('',#9985,#10013,#10015,.T.);
#10013 = VERTEX_POINT('',#10014);
#10014 = CARTESIAN_POINT('',(20.,47.5,50.5));
#10015 = SURFACE_CURVE('',#10016,(#10020,#10026),.PCURVE_S1.);
#10016 = LINE('',#10017,#10018);
#10017 = CARTESIAN_POINT('',(-41.25,47.5,50.5));
#10018 = VECTOR('',#10019,1.);
#10019 = DIRECTION('',(1.,0.,0.));
#10020 = PCURVE('',#8946,#10021);
#10021 = DEFINITIONAL_REPRESENTATION('',(#10022),#10025);
#10022 = B_SPLINE_CURVE_WITH_KNOTS('',1,(#10023,#10024),.UNSPECIFIED.,
  .F.,.F.,(2,2),(21.25,61.25),.PIECEWISE_BEZIER_KNOTS.);
#10023 = CARTESIAN_POINT('',(50.5,42.5));
#10024 = CARTESIAN_POINT('',(50.5,82.5));
#10025 = ( GEOMETRIC_REPRESENTATION_CONTEXT(2) 
PARAMETRIC_REPRESENTATION_CONTEXT() REPRESENTATION_CONTEXT('2D SPACE',''
  ) );
#10026 = PCURVE('',#10027,#10032);
#10027 = PLANE('',#10028);
#10028 = AXIS2_PLACEMENT_3D('',#10029,#10030,#10031);
#10029 = CARTESIAN_POINT('',(-20.,48.5,50.5));
#10030 = DIRECTION('',(-0.,0.,1.));
#10031 = DIRECTION('',(1.,0.,0.));
#10032 = DEFINITIONAL_REPRESENTATION('',(#10033),#10036);
#10033 = B_SPLINE_CURVE_WITH_KNOTS('',1,(#10034,#10035),.UNSPECIFIED.,
  .F.,.F.,(2,2),(21.25,61.25),.PIECEWISE_BEZIER_KNOTS.);
#10034 = CARTESIAN_POINT('',(0.,-1.));
#10035 = CARTESIAN_POINT('',(40.,-1.));
#10036 = ( GEOMETRIC_REPRESENTATION_CONTEXT(2) 
PARAMETRIC_REPRESENTATION_CONTEXT() REPRESENTATION_CONTEXT('2D SPACE',''
  ) );
#10037 = ORIENTED_EDGE('',*,*,#10038,.T.);
#10038 = EDGE_CURVE('',#10013,#10039,#10041,.T.);
#10039 = VERTEX_POINT('',#10040);
#10040 = CARTESIAN_POINT('',(20.,47.5,53.5));
#10041 = SURFACE_CURVE('',#10042,(#10046,#10052),.PCURVE_S1.);
#10042 = LINE('',#10043,#10044);
#10043 = CARTESIAN_POINT('',(20.,47.5,25.25));
#10044 = VECTOR('',#10045,1.);
#10045 = DIRECTION('',(0.,0.,1.));
#10046 = PCURVE('',#8946,#10047);
#10047 = DEFINITIONAL_REPRESENTATION('',(#10048),#10051);
#10048 = B_SPLINE_CURVE_WITH_KNOTS('',1,(#10049,#10050),.UNSPECIFIED.,
  .F.,.F.,(2,2),(25.25,28.25),.PIECEWISE_BEZIER_KNOTS.);
#10049 = CARTESIAN_POINT('',(50.5,82.5));
#10050 = CARTESIAN_POINT('',(53.5,82.5));
#10051 = ( GEOMETRIC_REPRESENTATION_CONTEXT(2) 
PARAMETRIC_REPRESENTATION_CONTEXT() REPRESENTATION_CONTEXT('2D SPACE',''
  ) );
#10052 = PCURVE('',#10053,#10058);
#10053 = PLANE('',#10054);
#10054 = AXIS2_PLACEMENT_3D('',#10055,#10056,#10057);
#10055 = CARTESIAN_POINT('',(20.,48.5,50.5));
#10056 = DIRECTION('',(-1.,0.,0.));
#10057 = DIRECTION('',(0.,0.,1.));
#10058 = DEFINITIONAL_REPRESENTATION('',(#10059),#10062);
#10059 = B_SPLINE_CURVE_WITH_KNOTS('',1,(#10060,#10061),.UNSPECIFIED.,
  .F.,.F.,(2,2),(25.25,28.25),.PIECEWISE_BEZIER_KNOTS.);
#10060 = CARTESIAN_POINT('',(0.,-1.));
#10061 = CARTESIAN_POINT('',(3.,-1.));
#10062 = ( GEOMETRIC_REPRESENTATION_CONTEXT(2) 
PARAMETRIC_REPRESENTATION_CONTEXT() REPRESENTATION_CONTEXT('2D SPACE',''
  ) );
#10063 = ORIENTED_EDGE('',*,*,#10064,.F.);
#10064 = EDGE_CURVE('',#9987,#10039,#10065,.T.);
#10065 = SURFACE_CURVE('',#10066,(#10070,#10076),.PCURVE_S1.);
#10066 = LINE('',#10067,#10068);
#10067 = CARTESIAN_POINT('',(-41.25,47.5,53.5));
#10068 = VECTOR('',#10069,1.);
#10069 = DIRECTION('',(1.,0.,0.));
#10070 = PCURVE('',#8946,#10071);
#10071 = DEFINITIONAL_REPRESENTATION('',(#10072),#10075);
#10072 = B_SPLINE_CURVE_WITH_KNOTS('',1,(#10073,#10074),.UNSPECIFIED.,
  .F.,.F.,(2,2),(21.25,61.25),.PIECEWISE_BEZIER_KNOTS.);
#10073 = CARTESIAN_POINT('',(53.5,42.5));
#10074 = CARTESIAN_POINT('',(53.5,82.5));
#10075 = ( GEOMETRIC_REPRESENTATION_CONTEXT(2) 
PARAMETRIC_REPRESENTATION_CONTEXT() REPRESENTATION_CONTEXT('2D SPACE',''
  ) );
#10076 = PCURVE('',#10077,#10082);
#10077 = PLANE('',#10078);
#10078 = AXIS2_PLACEMENT_3D('',#10079,#10080,#10081);
#10079 = CARTESIAN_POINT('',(-20.,48.5,53.5));
#10080 = DIRECTION('',(-0.,0.,1.));
#10081 = DIRECTION('',(1.,0.,0.));
#10082 = DEFINITIONAL_REPRESENTATION('',(#10083),#10086);
#10083 = B_SPLINE_CURVE_WITH_KNOTS('',1,(#10084,#10085),.UNSPECIFIED.,
  .F.,.F.,(2,2),(21.25,61.25),.PIECEWISE_BEZIER_KNOTS.);
#10084 = CARTESIAN_POINT('',(0.,-1.));
#10085 = CARTESIAN_POINT('',(40.,-1.));
#10086 = ( GEOMETRIC_REPRESENTATION_CONTEXT(2) 
PARAMETRIC_REPRESENTATION_CONTEXT() REPRESENTATION_CONTEXT('2D SPACE',''
  ) );
#10087 = ADVANCED_FACE('',(#10088),#9160,.F.);
#10088 = FACE_BOUND('',#10089,.F.);
#10089 = EDGE_LOOP('',(#10090,#10091,#10092,#10113));
#10090 = ORIENTED_EDGE('',*,*,#9144,.F.);
#10091 = ORIENTED_EDGE('',*,*,#9397,.T.);
#10092 = ORIENTED_EDGE('',*,*,#10093,.T.);
#10093 = EDGE_CURVE('',#9398,#9464,#10094,.T.);
#10094 = SURFACE_CURVE('',#10095,(#10099,#10106),.PCURVE_S1.);
#10095 = LINE('',#10096,#10097);
#10096 = CARTESIAN_POINT('',(60.5,-20.,4.));
#10097 = VECTOR('',#10098,1.);
#10098 = DIRECTION('',(1.,0.,0.));
#10099 = PCURVE('',#9160,#10100);
#10100 = DEFINITIONAL_REPRESENTATION('',(#10101),#10105);
#10101 = LINE('',#10102,#10103);
#10102 = CARTESIAN_POINT('',(4.,0.));
#10103 = VECTOR('',#10104,1.);
#10104 = DIRECTION('',(0.,1.));
#10105 = ( GEOMETRIC_REPRESENTATION_CONTEXT(2) 
PARAMETRIC_REPRESENTATION_CONTEXT() REPRESENTATION_CONTEXT('2D SPACE',''
  ) );
#10106 = PCURVE('',#9309,#10107);
#10107 = DEFINITIONAL_REPRESENTATION('',(#10108),#10112);
#10108 = LINE('',#10109,#10110);
#10109 = CARTESIAN_POINT('',(0.,0.));
#10110 = VECTOR('',#10111,1.);
#10111 = DIRECTION('',(1.,0.));
#10112 = ( GEOMETRIC_REPRESENTATION_CONTEXT(2) 
PARAMETRIC_REPRESENTATION_CONTEXT() REPRESENTATION_CONTEXT('2D SPACE',''
  ) );
#10113 = ORIENTED_EDGE('',*,*,#9463,.F.);
#10114 = ADVANCED_FACE('',(#10115),#8974,.F.);
#10115 = FACE_BOUND('',#10116,.F.);
#10116 = EDGE_LOOP('',(#10117,#10140,#10161,#10162,#10183,#10209,#10228,
    #10229));
#10117 = ORIENTED_EDGE('',*,*,#10118,.F.);
#10118 = EDGE_CURVE('',#10119,#9514,#10121,.T.);
#10119 = VERTEX_POINT('',#10120);
#10120 = CARTESIAN_POINT('',(-62.5,-47.5,58.));
#10121 = SURFACE_CURVE('',#10122,(#10126,#10133),.PCURVE_S1.);
#10122 = LINE('',#10123,#10124);
#10123 = CARTESIAN_POINT('',(-62.5,-47.5,58.));
#10124 = VECTOR('',#10125,1.);
#10125 = DIRECTION('',(-0.,1.,0.));
#10126 = PCURVE('',#8974,#10127);
#10127 = DEFINITIONAL_REPRESENTATION('',(#10128),#10132);
#10128 = LINE('',#10129,#10130);
#10129 = CARTESIAN_POINT('',(58.,0.));
#10130 = VECTOR('',#10131,1.);
#10131 = DIRECTION('',(0.,-1.));
#10132 = ( GEOMETRIC_REPRESENTATION_CONTEXT(2) 
PARAMETRIC_REPRESENTATION_CONTEXT() REPRESENTATION_CONTEXT('2D SPACE',''
  ) );
#10133 = PCURVE('',#9363,#10134);
#10134 = DEFINITIONAL_REPRESENTATION('',(#10135),#10139);
#10135 = LINE('',#10136,#10137);
#10136 = CARTESIAN_POINT('',(-5.5,-5.5));
#10137 = VECTOR('',#10138,1.);
#10138 = DIRECTION('',(0.,1.));
#10139 = ( GEOMETRIC_REPRESENTATION_CONTEXT(2) 
PARAMETRIC_REPRESENTATION_CONTEXT() REPRESENTATION_CONTEXT('2D SPACE',''
  ) );
#10140 = ORIENTED_EDGE('',*,*,#10141,.F.);
#10141 = EDGE_CURVE('',#9071,#10119,#10142,.T.);
#10142 = SURFACE_CURVE('',#10143,(#10147,#10154),.PCURVE_S1.);
#10143 = LINE('',#10144,#10145);
#10144 = CARTESIAN_POINT('',(-62.5,-47.5,0.));
#10145 = VECTOR('',#10146,1.);
#10146 = DIRECTION('',(0.,0.,1.));
#10147 = PCURVE('',#8974,#10148);
#10148 = DEFINITIONAL_REPRESENTATION('',(#10149),#10153);
#10149 = LINE('',#10150,#10151);
#10150 = CARTESIAN_POINT('',(0.,0.));
#10151 = VECTOR('',#10152,1.);
#10152 = DIRECTION('',(1.,0.));
#10153 = ( GEOMETRIC_REPRESENTATION_CONTEXT(2) 
PARAMETRIC_REPRESENTATION_CONTEXT() REPRESENTATION_CONTEXT('2D SPACE',''
  ) );
#10154 = PCURVE('',#9109,#10155);
#10155 = DEFINITIONAL_REPRESENTATION('',(#10156),#10160);
#10156 = LINE('',#10157,#10158);
#10157 = CARTESIAN_POINT('',(0.,0.));
#10158 = VECTOR('',#10159,1.);
#10159 = DIRECTION('',(1.,0.));
#10160 = ( GEOMETRIC_REPRESENTATION_CONTEXT(2) 
PARAMETRIC_REPRESENTATION_CONTEXT() REPRESENTATION_CONTEXT('2D SPACE',''
  ) );
#10161 = ORIENTED_EDGE('',*,*,#9070,.T.);
#10162 = ORIENTED_EDGE('',*,*,#10163,.T.);
#10163 = EDGE_CURVE('',#9043,#10164,#10166,.T.);
#10164 = VERTEX_POINT('',#10165);
#10165 = CARTESIAN_POINT('',(-62.5,-20.,4.));
#10166 = SURFACE_CURVE('',#10167,(#10171,#10177),.PCURVE_S1.);
#10167 = LINE('',#10168,#10169);
#10168 = CARTESIAN_POINT('',(-62.5,-20.,0.));
#10169 = VECTOR('',#10170,1.);
#10170 = DIRECTION('',(0.,-0.,1.));
#10171 = PCURVE('',#8974,#10172);
#10172 = DEFINITIONAL_REPRESENTATION('',(#10173),#10176);
#10173 = B_SPLINE_CURVE_WITH_KNOTS('',1,(#10174,#10175),.UNSPECIFIED.,
  .F.,.F.,(2,2),(0.,4.),.PIECEWISE_BEZIER_KNOTS.);
#10174 = CARTESIAN_POINT('',(0.,-27.5));
#10175 = CARTESIAN_POINT('',(4.,-27.5));
#10176 = ( GEOMETRIC_REPRESENTATION_CONTEXT(2) 
PARAMETRIC_REPRESENTATION_CONTEXT() REPRESENTATION_CONTEXT('2D SPACE',''
  ) );
#10177 = PCURVE('',#9058,#10178);
#10178 = DEFINITIONAL_REPRESENTATION('',(#10179),#10182);
#10179 = B_SPLINE_CURVE_WITH_KNOTS('',1,(#10180,#10181),.UNSPECIFIED.,
  .F.,.F.,(2,2),(0.,4.),.PIECEWISE_BEZIER_KNOTS.);
#10180 = CARTESIAN_POINT('',(0.,24.));
#10181 = CARTESIAN_POINT('',(4.,24.));
#10182 = ( GEOMETRIC_REPRESENTATION_CONTEXT(2) 
PARAMETRIC_REPRESENTATION_CONTEXT() REPRESENTATION_CONTEXT('2D SPACE',''
  ) );
#10183 = ORIENTED_EDGE('',*,*,#10184,.F.);
#10184 = EDGE_CURVE('',#10185,#10164,#10187,.T.);
#10185 = VERTEX_POINT('',#10186);
#10186 = CARTESIAN_POINT('',(-62.5,20.,4.));
#10187 = SURFACE_CURVE('',#10188,(#10192,#10198),.PCURVE_S1.);
#10188 = LINE('',#10189,#10190);
#10189 = CARTESIAN_POINT('',(-62.5,-33.75,4.));
#10190 = VECTOR('',#10191,1.);
#10191 = DIRECTION('',(0.,-1.,0.));
#10192 = PCURVE('',#8974,#10193);
#10193 = DEFINITIONAL_REPRESENTATION('',(#10194),#10197);
#10194 = B_SPLINE_CURVE_WITH_KNOTS('',1,(#10195,#10196),.UNSPECIFIED.,
  .F.,.F.,(2,2),(-53.75,-13.75),.PIECEWISE_BEZIER_KNOTS.);
#10195 = CARTESIAN_POINT('',(4.,-67.5));
#10196 = CARTESIAN_POINT('',(4.,-27.5));
#10197 = ( GEOMETRIC_REPRESENTATION_CONTEXT(2) 
PARAMETRIC_REPRESENTATION_CONTEXT() REPRESENTATION_CONTEXT('2D SPACE',''
  ) );
#10198 = PCURVE('',#10199,#10204);
#10199 = PLANE('',#10200);
#10200 = AXIS2_PLACEMENT_3D('',#10201,#10202,#10203);
#10201 = CARTESIAN_POINT('',(-86.5,-20.,4.));
#10202 = DIRECTION('',(0.,0.,1.));
#10203 = DIRECTION('',(1.,0.,0.));
#10204 = DEFINITIONAL_REPRESENTATION('',(#10205),#10208);
#10205 = B_SPLINE_CURVE_WITH_KNOTS('',1,(#10206,#10207),.UNSPECIFIED.,
  .F.,.F.,(2,2),(-53.75,-13.75),.PIECEWISE_BEZIER_KNOTS.);
#10206 = CARTESIAN_POINT('',(24.,40.));
#10207 = CARTESIAN_POINT('',(24.,0.));
#10208 = ( GEOMETRIC_REPRESENTATION_CONTEXT(2) 
PARAMETRIC_REPRESENTATION_CONTEXT() REPRESENTATION_CONTEXT('2D SPACE',''
  ) );
#10209 = ORIENTED_EDGE('',*,*,#10210,.F.);
#10210 = EDGE_CURVE('',#8959,#10185,#10211,.T.);
#10211 = SURFACE_CURVE('',#10212,(#10216,#10222),.PCURVE_S1.);
#10212 = LINE('',#10213,#10214);
#10213 = CARTESIAN_POINT('',(-62.5,20.,0.));
#10214 = VECTOR('',#10215,1.);
#10215 = DIRECTION('',(0.,-0.,1.));
#10216 = PCURVE('',#8974,#10217);
#10217 = DEFINITIONAL_REPRESENTATION('',(#10218),#10221);
#10218 = B_SPLINE_CURVE_WITH_KNOTS('',1,(#10219,#10220),.UNSPECIFIED.,
  .F.,.F.,(2,2),(0.,4.),.PIECEWISE_BEZIER_KNOTS.);
#10219 = CARTESIAN_POINT('',(0.,-67.5));
#10220 = CARTESIAN_POINT('',(4.,-67.5));
#10221 = ( GEOMETRIC_REPRESENTATION_CONTEXT(2) 
PARAMETRIC_REPRESENTATION_CONTEXT() REPRESENTATION_CONTEXT('2D SPACE',''
  ) );
#10222 = PCURVE('',#9002,#10223);
#10223 = DEFINITIONAL_REPRESENTATION('',(#10224),#10227);
#10224 = B_SPLINE_CURVE_WITH_KNOTS('',1,(#10225,#10226),.UNSPECIFIED.,
  .F.,.F.,(2,2),(0.,4.),.PIECEWISE_BEZIER_KNOTS.);
#10225 = CARTESIAN_POINT('',(0.,24.));
#10226 = CARTESIAN_POINT('',(4.,24.));
#10227 = ( GEOMETRIC_REPRESENTATION_CONTEXT(2) 
PARAMETRIC_REPRESENTATION_CONTEXT() REPRESENTATION_CONTEXT('2D SPACE',''
  ) );
#10228 = ORIENTED_EDGE('',*,*,#8958,.T.);
#10229 = ORIENTED_EDGE('',*,*,#9513,.T.);
#10230 = ADVANCED_FACE('',(#10231),#9002,.T.);
#10231 = FACE_BOUND('',#10232,.T.);
#10232 = EDGE_LOOP('',(#10233,#10234,#10257,#10278));
#10233 = ORIENTED_EDGE('',*,*,#8986,.F.);
#10234 = ORIENTED_EDGE('',*,*,#10235,.T.);
#10235 = EDGE_CURVE('',#8987,#10236,#10238,.T.);
#10236 = VERTEX_POINT('',#10237);
#10237 = CARTESIAN_POINT('',(-86.5,20.,4.));
#10238 = SURFACE_CURVE('',#10239,(#10243,#10250),.PCURVE_S1.);
#10239 = LINE('',#10240,#10241);
#10240 = CARTESIAN_POINT('',(-86.5,20.,0.));
#10241 = VECTOR('',#10242,1.);
#10242 = DIRECTION('',(0.,0.,1.));
#10243 = PCURVE('',#9002,#10244);
#10244 = DEFINITIONAL_REPRESENTATION('',(#10245),#10249);
#10245 = LINE('',#10246,#10247);
#10246 = CARTESIAN_POINT('',(0.,0.));
#10247 = VECTOR('',#10248,1.);
#10248 = DIRECTION('',(1.,0.));
#10249 = ( GEOMETRIC_REPRESENTATION_CONTEXT(2) 
PARAMETRIC_REPRESENTATION_CONTEXT() REPRESENTATION_CONTEXT('2D SPACE',''
  ) );
#10250 = PCURVE('',#9030,#10251);
#10251 = DEFINITIONAL_REPRESENTATION('',(#10252),#10256);
#10252 = LINE('',#10253,#10254);
#10253 = CARTESIAN_POINT('',(0.,-40.));
#10254 = VECTOR('',#10255,1.);
#10255 = DIRECTION('',(1.,0.));
#10256 = ( GEOMETRIC_REPRESENTATION_CONTEXT(2) 
PARAMETRIC_REPRESENTATION_CONTEXT() REPRESENTATION_CONTEXT('2D SPACE',''
  ) );
#10257 = ORIENTED_EDGE('',*,*,#10258,.T.);
#10258 = EDGE_CURVE('',#10236,#10185,#10259,.T.);
#10259 = SURFACE_CURVE('',#10260,(#10264,#10271),.PCURVE_S1.);
#10260 = LINE('',#10261,#10262);
#10261 = CARTESIAN_POINT('',(-86.5,20.,4.));
#10262 = VECTOR('',#10263,1.);
#10263 = DIRECTION('',(1.,0.,0.));
#10264 = PCURVE('',#9002,#10265);
#10265 = DEFINITIONAL_REPRESENTATION('',(#10266),#10270);
#10266 = LINE('',#10267,#10268);
#10267 = CARTESIAN_POINT('',(4.,0.));
#10268 = VECTOR('',#10269,1.);
#10269 = DIRECTION('',(0.,1.));
#10270 = ( GEOMETRIC_REPRESENTATION_CONTEXT(2) 
PARAMETRIC_REPRESENTATION_CONTEXT() REPRESENTATION_CONTEXT('2D SPACE',''
  ) );
#10271 = PCURVE('',#10199,#10272);
#10272 = DEFINITIONAL_REPRESENTATION('',(#10273),#10277);
#10273 = LINE('',#10274,#10275);
#10274 = CARTESIAN_POINT('',(0.,40.));
#10275 = VECTOR('',#10276,1.);
#10276 = DIRECTION('',(1.,0.));
#10277 = ( GEOMETRIC_REPRESENTATION_CONTEXT(2) 
PARAMETRIC_REPRESENTATION_CONTEXT() REPRESENTATION_CONTEXT('2D SPACE',''
  ) );
#10278 = ORIENTED_EDGE('',*,*,#10210,.F.);
#10279 = ADVANCED_FACE('',(#10280,#10306,#10341),#9109,.F.);
#10280 = FACE_BOUND('',#10281,.F.);
#10281 = EDGE_LOOP('',(#10282,#10283,#10284,#10305));
#10282 = ORIENTED_EDGE('',*,*,#9093,.F.);
#10283 = ORIENTED_EDGE('',*,*,#10141,.T.);
#10284 = ORIENTED_EDGE('',*,*,#10285,.T.);
#10285 = EDGE_CURVE('',#10119,#9346,#10286,.T.);
#10286 = SURFACE_CURVE('',#10287,(#10291,#10298),.PCURVE_S1.);
#10287 = LINE('',#10288,#10289);
#10288 = CARTESIAN_POINT('',(-62.5,-47.5,58.));
#10289 = VECTOR('',#10290,1.);
#10290 = DIRECTION('',(1.,0.,-0.));
#10291 = PCURVE('',#9109,#10292);
#10292 = DEFINITIONAL_REPRESENTATION('',(#10293),#10297);
#10293 = LINE('',#10294,#10295);
#10294 = CARTESIAN_POINT('',(58.,0.));
#10295 = VECTOR('',#10296,1.);
#10296 = DIRECTION('',(0.,1.));
#10297 = ( GEOMETRIC_REPRESENTATION_CONTEXT(2) 
PARAMETRIC_REPRESENTATION_CONTEXT() REPRESENTATION_CONTEXT('2D SPACE',''
  ) );
#10298 = PCURVE('',#9363,#10299);
#10299 = DEFINITIONAL_REPRESENTATION('',(#10300),#10304);
#10300 = LINE('',#10301,#10302);
#10301 = CARTESIAN_POINT('',(-5.5,-5.5));
#10302 = VECTOR('',#10303,1.);
#10303 = DIRECTION('',(1.,0.));
#10304 = ( GEOMETRIC_REPRESENTATION_CONTEXT(2) 
PARAMETRIC_REPRESENTATION_CONTEXT() REPRESENTATION_CONTEXT('2D SPACE',''
  ) );
#10305 = ORIENTED_EDGE('',*,*,#9375,.F.);
#10306 = FACE_BOUND('',#10307,.F.);
#10307 = EDGE_LOOP('',(#10308));
#10308 = ORIENTED_EDGE('',*,*,#10309,.T.);
#10309 = EDGE_CURVE('',#10310,#10310,#10312,.T.);
#10310 = VERTEX_POINT('',#10311);
#10311 = CARTESIAN_POINT('',(-8.75,-47.5,22.));
#10312 = SURFACE_CURVE('',#10313,(#10318,#10329),.PCURVE_S1.);
#10313 = CIRCLE('',#10314,8.25);
#10314 = AXIS2_PLACEMENT_3D('',#10315,#10316,#10317);
#10315 = CARTESIAN_POINT('',(-17.,-47.5,22.));
#10316 = DIRECTION('',(0.,-1.,0.));
#10317 = DIRECTION('',(1.,0.,0.));
#10318 = PCURVE('',#9109,#10319);
#10319 = DEFINITIONAL_REPRESENTATION('',(#10320),#10328);
#10320 = ( BOUNDED_CURVE() B_SPLINE_CURVE(2,(#10321,#10322,#10323,#10324
    ,#10325,#10326,#10327),.UNSPECIFIED.,.T.,.F.) 
B_SPLINE_CURVE_WITH_KNOTS((1,2,2,2,2,1),(-2.094395102393,0.,
    2.094395102393,4.188790204786,6.28318530718,8.377580409573),
.UNSPECIFIED.) CURVE() GEOMETRIC_REPRESENTATION_ITEM() 
RATIONAL_B_SPLINE_CURVE((1.,0.5,1.,0.5,1.,0.5,1.)) REPRESENTATION_ITEM(
  '') );
#10321 = CARTESIAN_POINT('',(22.,53.75));
#10322 = CARTESIAN_POINT('',(36.289419162443,53.75));
#10323 = CARTESIAN_POINT('',(29.144709581222,41.375));
#10324 = CARTESIAN_POINT('',(22.,29.));
#10325 = CARTESIAN_POINT('',(14.855290418778,41.375));
#10326 = CARTESIAN_POINT('',(7.710580837557,53.75));
#10327 = CARTESIAN_POINT('',(22.,53.75));
#10328 = ( GEOMETRIC_REPRESENTATION_CONTEXT(2) 
PARAMETRIC_REPRESENTATION_CONTEXT() REPRESENTATION_CONTEXT('2D SPACE',''
  ) );
#10329 = PCURVE('',#10330,#10335);
#10330 = CYLINDRICAL_SURFACE('',#10331,8.25);
#10331 = AXIS2_PLACEMENT_3D('',#10332,#10333,#10334);
#10332 = CARTESIAN_POINT('',(-17.,-48.5,22.));
#10333 = DIRECTION('',(0.,-1.,0.));
#10334 = DIRECTION('',(1.,0.,0.));
#10335 = DEFINITIONAL_REPRESENTATION('',(#10336),#10340);
#10336 = LINE('',#10337,#10338);
#10337 = CARTESIAN_POINT('',(0.,-1.));
#10338 = VECTOR('',#10339,1.);
#10339 = DIRECTION('',(1.,0.));
#10340 = ( GEOMETRIC_REPRESENTATION_CONTEXT(2) 
PARAMETRIC_REPRESENTATION_CONTEXT() REPRESENTATION_CONTEXT('2D SPACE',''
  ) );
#10341 = FACE_BOUND('',#10342,.F.);
#10342 = EDGE_LOOP('',(#10343));
#10343 = ORIENTED_EDGE('',*,*,#10344,.T.);
#10344 = EDGE_CURVE('',#10345,#10345,#10347,.T.);
#10345 = VERTEX_POINT('',#10346);
#10346 = CARTESIAN_POINT('',(25.25,-47.5,22.));
#10347 = SURFACE_CURVE('',#10348,(#10353,#10364),.PCURVE_S1.);
#10348 = CIRCLE('',#10349,8.25);
#10349 = AXIS2_PLACEMENT_3D('',#10350,#10351,#10352);
#10350 = CARTESIAN_POINT('',(17.,-47.5,22.));
#10351 = DIRECTION('',(0.,-1.,0.));
#10352 = DIRECTION('',(1.,0.,0.));
#10353 = PCURVE('',#9109,#10354);
#10354 = DEFINITIONAL_REPRESENTATION('',(#10355),#10363);
#10355 = ( BOUNDED_CURVE() B_SPLINE_CURVE(2,(#10356,#10357,#10358,#10359
    ,#10360,#10361,#10362),.UNSPECIFIED.,.T.,.F.) 
B_SPLINE_CURVE_WITH_KNOTS((1,2,2,2,2,1),(-2.094395102393,0.,
    2.094395102393,4.188790204786,6.28318530718,8.377580409573),
.UNSPECIFIED.) CURVE() GEOMETRIC_REPRESENTATION_ITEM() 
RATIONAL_B_SPLINE_CURVE((1.,0.5,1.,0.5,1.,0.5,1.)) REPRESENTATION_ITEM(
  '') );
#10356 = CARTESIAN_POINT('',(22.,87.75));
#10357 = CARTESIAN_POINT('',(36.289419162443,87.75));
#10358 = CARTESIAN_POINT('',(29.144709581222,75.375));
#10359 = CARTESIAN_POINT('',(22.,63.));
#10360 = CARTESIAN_POINT('',(14.855290418778,75.375));
#10361 = CARTESIAN_POINT('',(7.710580837557,87.75));
#10362 = CARTESIAN_POINT('',(22.,87.75));
#10363 = ( GEOMETRIC_REPRESENTATION_CONTEXT(2) 
PARAMETRIC_REPRESENTATION_CONTEXT() REPRESENTATION_CONTEXT('2D SPACE',''
  ) );
#10364 = PCURVE('',#10365,#10370);
#10365 = CYLINDRICAL_SURFACE('',#10366,8.25);
#10366 = AXIS2_PLACEMENT_3D('',#10367,#10368,#10369);
#10367 = CARTESIAN_POINT('',(17.,-48.5,22.));
#10368 = DIRECTION('',(0.,-1.,0.));
#10369 = DIRECTION('',(1.,0.,0.));
#10370 = DEFINITIONAL_REPRESENTATION('',(#10371),#10375);
#10371 = LINE('',#10372,#10373);
#10372 = CARTESIAN_POINT('',(0.,-1.));
#10373 = VECTOR('',#10374,1.);
#10374 = DIRECTION('',(1.,0.));
#10375 = ( GEOMETRIC_REPRESENTATION_CONTEXT(2) 
PARAMETRIC_REPRESENTATION_CONTEXT() REPRESENTATION_CONTEXT('2D SPACE',''
  ) );
#10376 = ADVANCED_FACE('',(#10377),#9030,.F.);
#10377 = FACE_BOUND('',#10378,.F.);
#10378 = EDGE_LOOP('',(#10379,#10402,#10403,#10404));
#10379 = ORIENTED_EDGE('',*,*,#10380,.F.);
#10380 = EDGE_CURVE('',#9015,#10381,#10383,.T.);
#10381 = VERTEX_POINT('',#10382);
#10382 = CARTESIAN_POINT('',(-86.5,-20.,4.));
#10383 = SURFACE_CURVE('',#10384,(#10388,#10395),.PCURVE_S1.);
#10384 = LINE('',#10385,#10386);
#10385 = CARTESIAN_POINT('',(-86.5,-20.,0.));
#10386 = VECTOR('',#10387,1.);
#10387 = DIRECTION('',(0.,0.,1.));
#10388 = PCURVE('',#9030,#10389);
#10389 = DEFINITIONAL_REPRESENTATION('',(#10390),#10394);
#10390 = LINE('',#10391,#10392);
#10391 = CARTESIAN_POINT('',(0.,0.));
#10392 = VECTOR('',#10393,1.);
#10393 = DIRECTION('',(1.,0.));
#10394 = ( GEOMETRIC_REPRESENTATION_CONTEXT(2) 
PARAMETRIC_REPRESENTATION_CONTEXT() REPRESENTATION_CONTEXT('2D SPACE',''
  ) );
#10395 = PCURVE('',#9058,#10396);
#10396 = DEFINITIONAL_REPRESENTATION('',(#10397),#10401);
#10397 = LINE('',#10398,#10399);
#10398 = CARTESIAN_POINT('',(0.,0.));
#10399 = VECTOR('',#10400,1.);
#10400 = DIRECTION('',(1.,0.));
#10401 = ( GEOMETRIC_REPRESENTATION_CONTEXT(2) 
PARAMETRIC_REPRESENTATION_CONTEXT() REPRESENTATION_CONTEXT('2D SPACE',''
  ) );
#10402 = ORIENTED_EDGE('',*,*,#9014,.T.);
#10403 = ORIENTED_EDGE('',*,*,#10235,.T.);
#10404 = ORIENTED_EDGE('',*,*,#10405,.F.);
#10405 = EDGE_CURVE('',#10381,#10236,#10406,.T.);
#10406 = SURFACE_CURVE('',#10407,(#10411,#10418),.PCURVE_S1.);
#10407 = LINE('',#10408,#10409);
#10408 = CARTESIAN_POINT('',(-86.5,-20.,4.));
#10409 = VECTOR('',#10410,1.);
#10410 = DIRECTION('',(0.,1.,0.));
#10411 = PCURVE('',#9030,#10412);
#10412 = DEFINITIONAL_REPRESENTATION('',(#10413),#10417);
#10413 = LINE('',#10414,#10415);
#10414 = CARTESIAN_POINT('',(4.,0.));
#10415 = VECTOR('',#10416,1.);
#10416 = DIRECTION('',(0.,-1.));
#10417 = ( GEOMETRIC_REPRESENTATION_CONTEXT(2) 
PARAMETRIC_REPRESENTATION_CONTEXT() REPRESENTATION_CONTEXT('2D SPACE',''
  ) );
#10418 = PCURVE('',#10199,#10419);
#10419 = DEFINITIONAL_REPRESENTATION('',(#10420),#10424);
#10420 = LINE('',#10421,#10422);
#10421 = CARTESIAN_POINT('',(0.,0.));
#10422 = VECTOR('',#10423,1.);
#10423 = DIRECTION('',(0.,1.));
#10424 = ( GEOMETRIC_REPRESENTATION_CONTEXT(2) 
PARAMETRIC_REPRESENTATION_CONTEXT() REPRESENTATION_CONTEXT('2D SPACE',''
  ) );
#10425 = ADVANCED_FACE('',(#10426),#9058,.F.);
#10426 = FACE_BOUND('',#10427,.F.);
#10427 = EDGE_LOOP('',(#10428,#10429,#10430,#10451));
#10428 = ORIENTED_EDGE('',*,*,#9042,.F.);
#10429 = ORIENTED_EDGE('',*,*,#10380,.T.);
#10430 = ORIENTED_EDGE('',*,*,#10431,.T.);
#10431 = EDGE_CURVE('',#10381,#10164,#10432,.T.);
#10432 = SURFACE_CURVE('',#10433,(#10437,#10444),.PCURVE_S1.);
#10433 = LINE('',#10434,#10435);
#10434 = CARTESIAN_POINT('',(-86.5,-20.,4.));
#10435 = VECTOR('',#10436,1.);
#10436 = DIRECTION('',(1.,0.,0.));
#10437 = PCURVE('',#9058,#10438);
#10438 = DEFINITIONAL_REPRESENTATION('',(#10439),#10443);
#10439 = LINE('',#10440,#10441);
#10440 = CARTESIAN_POINT('',(4.,0.));
#10441 = VECTOR('',#10442,1.);
#10442 = DIRECTION('',(0.,1.));
#10443 = ( GEOMETRIC_REPRESENTATION_CONTEXT(2) 
PARAMETRIC_REPRESENTATION_CONTEXT() REPRESENTATION_CONTEXT('2D SPACE',''
  ) );
#10444 = PCURVE('',#10199,#10445);
#10445 = DEFINITIONAL_REPRESENTATION('',(#10446),#10450);
#10446 = LINE('',#10447,#10448);
#10447 = CARTESIAN_POINT('',(0.,0.));
#10448 = VECTOR('',#10449,1.);
#10449 = DIRECTION('',(1.,0.));
#10450 = ( GEOMETRIC_REPRESENTATION_CONTEXT(2) 
PARAMETRIC_REPRESENTATION_CONTEXT() REPRESENTATION_CONTEXT('2D SPACE',''
  ) );
#10451 = ORIENTED_EDGE('',*,*,#10163,.F.);
#10452 = ADVANCED_FACE('',(#10453),#9221,.F.);
#10453 = FACE_BOUND('',#10454,.T.);
#10454 = EDGE_LOOP('',(#10455,#10456,#10479,#10505));
#10455 = ORIENTED_EDGE('',*,*,#9200,.T.);
#10456 = ORIENTED_EDGE('',*,*,#10457,.T.);
#10457 = EDGE_CURVE('',#9201,#10458,#10460,.T.);
#10458 = VERTEX_POINT('',#10459);
#10459 = CARTESIAN_POINT('',(-70.75,0.,4.));
#10460 = SEAM_CURVE('',#10461,(#10465,#10472),.PCURVE_S1.);
#10461 = LINE('',#10462,#10463);
#10462 = CARTESIAN_POINT('',(-70.75,0.,-1.));
#10463 = VECTOR('',#10464,1.);
#10464 = DIRECTION('',(0.,0.,1.));
#10465 = PCURVE('',#9221,#10466);
#10466 = DEFINITIONAL_REPRESENTATION('',(#10467),#10471);
#10467 = LINE('',#10468,#10469);
#10468 = CARTESIAN_POINT('',(-6.28318530718,0.));
#10469 = VECTOR('',#10470,1.);
#10470 = DIRECTION('',(-0.,-1.));
#10471 = ( GEOMETRIC_REPRESENTATION_CONTEXT(2) 
PARAMETRIC_REPRESENTATION_CONTEXT() REPRESENTATION_CONTEXT('2D SPACE',''
  ) );
#10472 = PCURVE('',#9221,#10473);
#10473 = DEFINITIONAL_REPRESENTATION('',(#10474),#10478);
#10474 = LINE('',#10475,#10476);
#10475 = CARTESIAN_POINT('',(-0.,0.));
#10476 = VECTOR('',#10477,1.);
#10477 = DIRECTION('',(-0.,-1.));
#10478 = ( GEOMETRIC_REPRESENTATION_CONTEXT(2) 
PARAMETRIC_REPRESENTATION_CONTEXT() REPRESENTATION_CONTEXT('2D SPACE',''
  ) );
#10479 = ORIENTED_EDGE('',*,*,#10480,.F.);
#10480 = EDGE_CURVE('',#10458,#10458,#10481,.T.);
#10481 = SURFACE_CURVE('',#10482,(#10487,#10494),.PCURVE_S1.);
#10482 = CIRCLE('',#10483,2.75);
#10483 = AXIS2_PLACEMENT_3D('',#10484,#10485,#10486);
#10484 = CARTESIAN_POINT('',(-73.5,0.,4.));
#10485 = DIRECTION('',(0.,0.,-1.));
#10486 = DIRECTION('',(1.,0.,0.));
#10487 = PCURVE('',#9221,#10488);
#10488 = DEFINITIONAL_REPRESENTATION('',(#10489),#10493);
#10489 = LINE('',#10490,#10491);
#10490 = CARTESIAN_POINT('',(-6.28318530718,-5.));
#10491 = VECTOR('',#10492,1.);
#10492 = DIRECTION('',(1.,-0.));
#10493 = ( GEOMETRIC_REPRESENTATION_CONTEXT(2) 
PARAMETRIC_REPRESENTATION_CONTEXT() REPRESENTATION_CONTEXT('2D SPACE',''
  ) );
#10494 = PCURVE('',#10199,#10495);
#10495 = DEFINITIONAL_REPRESENTATION('',(#10496),#10504);
#10496 = ( BOUNDED_CURVE() B_SPLINE_CURVE(2,(#10497,#10498,#10499,#10500
    ,#10501,#10502,#10503),.UNSPECIFIED.,.T.,.F.) 
B_SPLINE_CURVE_WITH_KNOTS((1,2,2,2,2,1),(-2.094395102393,0.,
    2.094395102393,4.188790204786,6.28318530718,8.377580409573),
.UNSPECIFIED.) CURVE() GEOMETRIC_REPRESENTATION_ITEM() 
RATIONAL_B_SPLINE_CURVE((1.,0.5,1.,0.5,1.,0.5,1.)) REPRESENTATION_ITEM(
  '') );
#10497 = CARTESIAN_POINT('',(15.75,20.));
#10498 = CARTESIAN_POINT('',(15.75,15.236860279186));
#10499 = CARTESIAN_POINT('',(11.625,17.618430139593));
#10500 = CARTESIAN_POINT('',(7.5,20.));
#10501 = CARTESIAN_POINT('',(11.625,22.381569860407));
#10502 = CARTESIAN_POINT('',(15.75,24.763139720814));
#10503 = CARTESIAN_POINT('',(15.75,20.));
#10504 = ( GEOMETRIC_REPRESENTATION_CONTEXT(2) 
PARAMETRIC_REPRESENTATION_CONTEXT() REPRESENTATION_CONTEXT('2D SPACE',''
  ) );
#10505 = ORIENTED_EDGE('',*,*,#10457,.F.);
#10506 = ADVANCED_FACE('',(#10507),#9256,.F.);
#10507 = FACE_BOUND('',#10508,.T.);
#10508 = EDGE_LOOP('',(#10509,#10510,#10533,#10559));
#10509 = ORIENTED_EDGE('',*,*,#9235,.T.);
#10510 = ORIENTED_EDGE('',*,*,#10511,.T.);
#10511 = EDGE_CURVE('',#9236,#10512,#10514,.T.);
#10512 = VERTEX_POINT('',#10513);
#10513 = CARTESIAN_POINT('',(76.25,0.,4.));
#10514 = SEAM_CURVE('',#10515,(#10519,#10526),.PCURVE_S1.);
#10515 = LINE('',#10516,#10517);
#10516 = CARTESIAN_POINT('',(76.25,0.,-1.));
#10517 = VECTOR('',#10518,1.);
#10518 = DIRECTION('',(0.,0.,1.));
#10519 = PCURVE('',#9256,#10520);
#10520 = DEFINITIONAL_REPRESENTATION('',(#10521),#10525);
#10521 = LINE('',#10522,#10523);
#10522 = CARTESIAN_POINT('',(-6.28318530718,0.));
#10523 = VECTOR('',#10524,1.);
#10524 = DIRECTION('',(-0.,-1.));
#10525 = ( GEOMETRIC_REPRESENTATION_CONTEXT(2) 
PARAMETRIC_REPRESENTATION_CONTEXT() REPRESENTATION_CONTEXT('2D SPACE',''
  ) );
#10526 = PCURVE('',#9256,#10527);
#10527 = DEFINITIONAL_REPRESENTATION('',(#10528),#10532);
#10528 = LINE('',#10529,#10530);
#10529 = CARTESIAN_POINT('',(-0.,0.));
#10530 = VECTOR('',#10531,1.);
#10531 = DIRECTION('',(-0.,-1.));
#10532 = ( GEOMETRIC_REPRESENTATION_CONTEXT(2) 
PARAMETRIC_REPRESENTATION_CONTEXT() REPRESENTATION_CONTEXT('2D SPACE',''
  ) );
#10533 = ORIENTED_EDGE('',*,*,#10534,.F.);
#10534 = EDGE_CURVE('',#10512,#10512,#10535,.T.);
#10535 = SURFACE_CURVE('',#10536,(#10541,#10548),.PCURVE_S1.);
#10536 = CIRCLE('',#10537,2.75);
#10537 = AXIS2_PLACEMENT_3D('',#10538,#10539,#10540);
#10538 = CARTESIAN_POINT('',(73.5,0.,4.));
#10539 = DIRECTION('',(0.,0.,-1.));
#10540 = DIRECTION('',(1.,0.,0.));
#10541 = PCURVE('',#9256,#10542);
#10542 = DEFINITIONAL_REPRESENTATION('',(#10543),#10547);
#10543 = LINE('',#10544,#10545);
#10544 = CARTESIAN_POINT('',(-6.28318530718,-5.));
#10545 = VECTOR('',#10546,1.);
#10546 = DIRECTION('',(1.,-0.));
#10547 = ( GEOMETRIC_REPRESENTATION_CONTEXT(2) 
PARAMETRIC_REPRESENTATION_CONTEXT() REPRESENTATION_CONTEXT('2D SPACE',''
  ) );
#10548 = PCURVE('',#9309,#10549);
#10549 = DEFINITIONAL_REPRESENTATION('',(#10550),#10558);
#10550 = ( BOUNDED_CURVE() B_SPLINE_CURVE(2,(#10551,#10552,#10553,#10554
    ,#10555,#10556,#10557),.UNSPECIFIED.,.T.,.F.) 
B_SPLINE_CURVE_WITH_KNOTS((1,2,2,2,2,1),(-2.094395102393,0.,
    2.094395102393,4.188790204786,6.28318530718,8.377580409573),
.UNSPECIFIED.) CURVE() GEOMETRIC_REPRESENTATION_ITEM() 
RATIONAL_B_SPLINE_CURVE((1.,0.5,1.,0.5,1.,0.5,1.)) REPRESENTATION_ITEM(
  '') );
#10551 = CARTESIAN_POINT('',(15.75,20.));
#10552 = CARTESIAN_POINT('',(15.75,15.236860279186));
#10553 = CARTESIAN_POINT('',(11.625,17.618430139593));
#10554 = CARTESIAN_POINT('',(7.5,20.));
#10555 = CARTESIAN_POINT('',(11.625,22.381569860407));
#10556 = CARTESIAN_POINT('',(15.75,24.763139720814));
#10557 = CARTESIAN_POINT('',(15.75,20.));
#10558 = ( GEOMETRIC_REPRESENTATION_CONTEXT(2) 
PARAMETRIC_REPRESENTATION_CONTEXT() REPRESENTATION_CONTEXT('2D SPACE',''
  ) );
#10559 = ORIENTED_EDGE('',*,*,#10511,.F.);
#10560 = ADVANCED_FACE('',(#10561,#10567),#9309,.T.);
#10561 = FACE_BOUND('',#10562,.T.);
#10562 = EDGE_LOOP('',(#10563,#10564,#10565,#10566));
#10563 = ORIENTED_EDGE('',*,*,#9293,.F.);
#10564 = ORIENTED_EDGE('',*,*,#9418,.T.);
#10565 = ORIENTED_EDGE('',*,*,#10093,.T.);
#10566 = ORIENTED_EDGE('',*,*,#9488,.T.);
#10567 = FACE_BOUND('',#10568,.T.);
#10568 = EDGE_LOOP('',(#10569));
#10569 = ORIENTED_EDGE('',*,*,#10534,.T.);
#10570 = ADVANCED_FACE('',(#10571,#10577,#10662,#10693,#10778,#10809,
    #11039,#11070,#11155,#11186),#9363,.T.);
#10571 = FACE_BOUND('',#10572,.T.);
#10572 = EDGE_LOOP('',(#10573,#10574,#10575,#10576));
#10573 = ORIENTED_EDGE('',*,*,#10118,.F.);
#10574 = ORIENTED_EDGE('',*,*,#10285,.T.);
#10575 = ORIENTED_EDGE('',*,*,#9345,.T.);
#10576 = ORIENTED_EDGE('',*,*,#9536,.F.);
#10577 = FACE_BOUND('',#10578,.T.);
#10578 = EDGE_LOOP('',(#10579,#10610,#10637));
#10579 = ORIENTED_EDGE('',*,*,#10580,.T.);
#10580 = EDGE_CURVE('',#10581,#10583,#10585,.T.);
#10581 = VERTEX_POINT('',#10582);
#10582 = CARTESIAN_POINT('',(-60.,-44.64575131106,58.));
#10583 = VERTEX_POINT('',#10584);
#10584 = CARTESIAN_POINT('',(-59.64575131106,-45.,58.));
#10585 = SURFACE_CURVE('',#10586,(#10591,#10598),.PCURVE_S1.);
#10586 = CIRCLE('',#10587,4.);
#10587 = AXIS2_PLACEMENT_3D('',#10588,#10589,#10590);
#10588 = CARTESIAN_POINT('',(-57.,-42.,58.));
#10589 = DIRECTION('',(0.,0.,1.));
#10590 = DIRECTION('',(1.,0.,0.));
#10591 = PCURVE('',#9363,#10592);
#10592 = DEFINITIONAL_REPRESENTATION('',(#10593),#10597);
#10593 = CIRCLE('',#10594,4.);
#10594 = AXIS2_PLACEMENT_2D('',#10595,#10596);
#10595 = CARTESIAN_POINT('',(0.,0.));
#10596 = DIRECTION('',(1.,0.));
#10597 = ( GEOMETRIC_REPRESENTATION_CONTEXT(2) 
PARAMETRIC_REPRESENTATION_CONTEXT() REPRESENTATION_CONTEXT('2D SPACE',''
  ) );
#10598 = PCURVE('',#10599,#10604);
#10599 = CYLINDRICAL_SURFACE('',#10600,4.);
#10600 = AXIS2_PLACEMENT_3D('',#10601,#10602,#10603);
#10601 = CARTESIAN_POINT('',(-57.,-42.,3.));
#10602 = DIRECTION('',(0.,0.,1.));
#10603 = DIRECTION('',(1.,0.,0.));
#10604 = DEFINITIONAL_REPRESENTATION('',(#10605),#10609);
#10605 = LINE('',#10606,#10607);
#10606 = CARTESIAN_POINT('',(0.,55.));
#10607 = VECTOR('',#10608,1.);
#10608 = DIRECTION('',(1.,0.));
#10609 = ( GEOMETRIC_REPRESENTATION_CONTEXT(2) 
PARAMETRIC_REPRESENTATION_CONTEXT() REPRESENTATION_CONTEXT('2D SPACE',''
  ) );
#10610 = ORIENTED_EDGE('',*,*,#10611,.T.);
#10611 = EDGE_CURVE('',#10583,#10612,#10614,.T.);
#10612 = VERTEX_POINT('',#10613);
#10613 = CARTESIAN_POINT('',(-60.,-45.,58.));
#10614 = SURFACE_CURVE('',#10615,(#10619,#10626),.PCURVE_S1.);
#10615 = LINE('',#10616,#10617);
#10616 = CARTESIAN_POINT('',(-61.25,-45.,58.));
#10617 = VECTOR('',#10618,1.);
#10618 = DIRECTION('',(-1.,0.,0.));
#10619 = PCURVE('',#9363,#10620);
#10620 = DEFINITIONAL_REPRESENTATION('',(#10621),#10625);
#10621 = LINE('',#10622,#10623);
#10622 = CARTESIAN_POINT('',(-4.25,-3.));
#10623 = VECTOR('',#10624,1.);
#10624 = DIRECTION('',(-1.,0.));
#10625 = ( GEOMETRIC_REPRESENTATION_CONTEXT(2) 
PARAMETRIC_REPRESENTATION_CONTEXT() REPRESENTATION_CONTEXT('2D SPACE',''
  ) );
#10626 = PCURVE('',#10627,#10632);
#10627 = PLANE('',#10628);
#10628 = AXIS2_PLACEMENT_3D('',#10629,#10630,#10631);
#10629 = CARTESIAN_POINT('',(-60.,-45.,3.));
#10630 = DIRECTION('',(0.,1.,0.));
#10631 = DIRECTION('',(0.,0.,1.));
#10632 = DEFINITIONAL_REPRESENTATION('',(#10633),#10636);
#10633 = B_SPLINE_CURVE_WITH_KNOTS('',1,(#10634,#10635),.UNSPECIFIED.,
  .F.,.F.,(2,2),(-121.25,-1.25),.PIECEWISE_BEZIER_KNOTS.);
#10634 = CARTESIAN_POINT('',(55.,120.));
#10635 = CARTESIAN_POINT('',(55.,0.));
#10636 = ( GEOMETRIC_REPRESENTATION_CONTEXT(2) 
PARAMETRIC_REPRESENTATION_CONTEXT() REPRESENTATION_CONTEXT('2D SPACE',''
  ) );
#10637 = ORIENTED_EDGE('',*,*,#10638,.T.);
#10638 = EDGE_CURVE('',#10612,#10581,#10639,.T.);
#10639 = SURFACE_CURVE('',#10640,(#10644,#10651),.PCURVE_S1.);
#10640 = LINE('',#10641,#10642);
#10641 = CARTESIAN_POINT('',(-60.,-46.25,58.));
#10642 = VECTOR('',#10643,1.);
#10643 = DIRECTION('',(0.,1.,0.));
#10644 = PCURVE('',#9363,#10645);
#10645 = DEFINITIONAL_REPRESENTATION('',(#10646),#10650);
#10646 = LINE('',#10647,#10648);
#10647 = CARTESIAN_POINT('',(-3.,-4.25));
#10648 = VECTOR('',#10649,1.);
#10649 = DIRECTION('',(0.,1.));
#10650 = ( GEOMETRIC_REPRESENTATION_CONTEXT(2) 
PARAMETRIC_REPRESENTATION_CONTEXT() REPRESENTATION_CONTEXT('2D SPACE',''
  ) );
#10651 = PCURVE('',#10652,#10657);
#10652 = PLANE('',#10653);
#10653 = AXIS2_PLACEMENT_3D('',#10654,#10655,#10656);
#10654 = CARTESIAN_POINT('',(-60.,-45.,3.));
#10655 = DIRECTION('',(1.,0.,0.));
#10656 = DIRECTION('',(0.,0.,1.));
#10657 = DEFINITIONAL_REPRESENTATION('',(#10658),#10661);
#10658 = B_SPLINE_CURVE_WITH_KNOTS('',1,(#10659,#10660),.UNSPECIFIED.,
  .F.,.F.,(2,2),(1.25,91.25),.PIECEWISE_BEZIER_KNOTS.);
#10659 = CARTESIAN_POINT('',(55.,0.));
#10660 = CARTESIAN_POINT('',(55.,-90.));
#10661 = ( GEOMETRIC_REPRESENTATION_CONTEXT(2) 
PARAMETRIC_REPRESENTATION_CONTEXT() REPRESENTATION_CONTEXT('2D SPACE',''
  ) );
#10662 = FACE_BOUND('',#10663,.T.);
#10663 = EDGE_LOOP('',(#10664));
#10664 = ORIENTED_EDGE('',*,*,#10665,.F.);
#10665 = EDGE_CURVE('',#10666,#10666,#10668,.T.);
#10666 = VERTEX_POINT('',#10667);
#10667 = CARTESIAN_POINT('',(-55.75,-42.,58.));
#10668 = SURFACE_CURVE('',#10669,(#10674,#10681),.PCURVE_S1.);
#10669 = CIRCLE('',#10670,1.25);
#10670 = AXIS2_PLACEMENT_3D('',#10671,#10672,#10673);
#10671 = CARTESIAN_POINT('',(-57.,-42.,58.));
#10672 = DIRECTION('',(0.,0.,1.));
#10673 = DIRECTION('',(1.,0.,-0.));
#10674 = PCURVE('',#9363,#10675);
#10675 = DEFINITIONAL_REPRESENTATION('',(#10676),#10680);
#10676 = CIRCLE('',#10677,1.25);
#10677 = AXIS2_PLACEMENT_2D('',#10678,#10679);
#10678 = CARTESIAN_POINT('',(0.,0.));
#10679 = DIRECTION('',(1.,0.));
#10680 = ( GEOMETRIC_REPRESENTATION_CONTEXT(2) 
PARAMETRIC_REPRESENTATION_CONTEXT() REPRESENTATION_CONTEXT('2D SPACE',''
  ) );
#10681 = PCURVE('',#10682,#10687);
#10682 = CYLINDRICAL_SURFACE('',#10683,1.25);
#10683 = AXIS2_PLACEMENT_3D('',#10684,#10685,#10686);
#10684 = CARTESIAN_POINT('',(-57.,-42.,59.));
#10685 = DIRECTION('',(0.,0.,1.));
#10686 = DIRECTION('',(1.,0.,0.));
#10687 = DEFINITIONAL_REPRESENTATION('',(#10688),#10692);
#10688 = LINE('',#10689,#10690);
#10689 = CARTESIAN_POINT('',(0.,-1.));
#10690 = VECTOR('',#10691,1.);
#10691 = DIRECTION('',(1.,0.));
#10692 = ( GEOMETRIC_REPRESENTATION_CONTEXT(2) 
PARAMETRIC_REPRESENTATION_CONTEXT() REPRESENTATION_CONTEXT('2D SPACE',''
  ) );
#10693 = FACE_BOUND('',#10694,.T.);
#10694 = EDGE_LOOP('',(#10695,#10724,#10751));
#10695 = ORIENTED_EDGE('',*,*,#10696,.F.);
#10696 = EDGE_CURVE('',#10697,#10699,#10701,.T.);
#10697 = VERTEX_POINT('',#10698);
#10698 = CARTESIAN_POINT('',(60.,-45.,58.));
#10699 = VERTEX_POINT('',#10700);
#10700 = CARTESIAN_POINT('',(60.,-44.64575131106,58.));
#10701 = SURFACE_CURVE('',#10702,(#10706,#10713),.PCURVE_S1.);
#10702 = LINE('',#10703,#10704);
#10703 = CARTESIAN_POINT('',(60.,-46.25,58.));
#10704 = VECTOR('',#10705,1.);
#10705 = DIRECTION('',(0.,1.,0.));
#10706 = PCURVE('',#9363,#10707);
#10707 = DEFINITIONAL_REPRESENTATION('',(#10708),#10712);
#10708 = LINE('',#10709,#10710);
#10709 = CARTESIAN_POINT('',(117.,-4.25));
#10710 = VECTOR('',#10711,1.);
#10711 = DIRECTION('',(0.,1.));
#10712 = ( GEOMETRIC_REPRESENTATION_CONTEXT(2) 
PARAMETRIC_REPRESENTATION_CONTEXT() REPRESENTATION_CONTEXT('2D SPACE',''
  ) );
#10713 = PCURVE('',#10714,#10719);
#10714 = PLANE('',#10715);
#10715 = AXIS2_PLACEMENT_3D('',#10716,#10717,#10718);
#10716 = CARTESIAN_POINT('',(60.,-45.,3.));
#10717 = DIRECTION('',(1.,0.,0.));
#10718 = DIRECTION('',(0.,0.,1.));
#10719 = DEFINITIONAL_REPRESENTATION('',(#10720),#10723);
#10720 = B_SPLINE_CURVE_WITH_KNOTS('',1,(#10721,#10722),.UNSPECIFIED.,
  .F.,.F.,(2,2),(1.25,91.25),.PIECEWISE_BEZIER_KNOTS.);
#10721 = CARTESIAN_POINT('',(55.,0.));
#10722 = CARTESIAN_POINT('',(55.,-90.));
#10723 = ( GEOMETRIC_REPRESENTATION_CONTEXT(2) 
PARAMETRIC_REPRESENTATION_CONTEXT() REPRESENTATION_CONTEXT('2D SPACE',''
  ) );
#10724 = ORIENTED_EDGE('',*,*,#10725,.T.);
#10725 = EDGE_CURVE('',#10697,#10726,#10728,.T.);
#10726 = VERTEX_POINT('',#10727);
#10727 = CARTESIAN_POINT('',(59.645751311064,-45.,58.));
#10728 = SURFACE_CURVE('',#10729,(#10733,#10740),.PCURVE_S1.);
#10729 = LINE('',#10730,#10731);
#10730 = CARTESIAN_POINT('',(-61.25,-45.,58.));
#10731 = VECTOR('',#10732,1.);
#10732 = DIRECTION('',(-1.,0.,0.));
#10733 = PCURVE('',#9363,#10734);
#10734 = DEFINITIONAL_REPRESENTATION('',(#10735),#10739);
#10735 = LINE('',#10736,#10737);
#10736 = CARTESIAN_POINT('',(-4.25,-3.));
#10737 = VECTOR('',#10738,1.);
#10738 = DIRECTION('',(-1.,0.));
#10739 = ( GEOMETRIC_REPRESENTATION_CONTEXT(2) 
PARAMETRIC_REPRESENTATION_CONTEXT() REPRESENTATION_CONTEXT('2D SPACE',''
  ) );
#10740 = PCURVE('',#10741,#10746);
#10741 = PLANE('',#10742);
#10742 = AXIS2_PLACEMENT_3D('',#10743,#10744,#10745);
#10743 = CARTESIAN_POINT('',(-60.,-45.,3.));
#10744 = DIRECTION('',(0.,1.,0.));
#10745 = DIRECTION('',(0.,0.,1.));
#10746 = DEFINITIONAL_REPRESENTATION('',(#10747),#10750);
#10747 = B_SPLINE_CURVE_WITH_KNOTS('',1,(#10748,#10749),.UNSPECIFIED.,
  .F.,.F.,(2,2),(-121.25,-1.25),.PIECEWISE_BEZIER_KNOTS.);
#10748 = CARTESIAN_POINT('',(55.,120.));
#10749 = CARTESIAN_POINT('',(55.,0.));
#10750 = ( GEOMETRIC_REPRESENTATION_CONTEXT(2) 
PARAMETRIC_REPRESENTATION_CONTEXT() REPRESENTATION_CONTEXT('2D SPACE',''
  ) );
#10751 = ORIENTED_EDGE('',*,*,#10752,.T.);
#10752 = EDGE_CURVE('',#10726,#10699,#10753,.T.);
#10753 = SURFACE_CURVE('',#10754,(#10759,#10766),.PCURVE_S1.);
#10754 = CIRCLE('',#10755,4.);
#10755 = AXIS2_PLACEMENT_3D('',#10756,#10757,#10758);
#10756 = CARTESIAN_POINT('',(57.,-42.,58.));
#10757 = DIRECTION('',(0.,0.,1.));
#10758 = DIRECTION('',(1.,0.,0.));
#10759 = PCURVE('',#9363,#10760);
#10760 = DEFINITIONAL_REPRESENTATION('',(#10761),#10765);
#10761 = CIRCLE('',#10762,4.);
#10762 = AXIS2_PLACEMENT_2D('',#10763,#10764);
#10763 = CARTESIAN_POINT('',(114.,0.));
#10764 = DIRECTION('',(1.,0.));
#10765 = ( GEOMETRIC_REPRESENTATION_CONTEXT(2) 
PARAMETRIC_REPRESENTATION_CONTEXT() REPRESENTATION_CONTEXT('2D SPACE',''
  ) );
#10766 = PCURVE('',#10767,#10772);
#10767 = CYLINDRICAL_SURFACE('',#10768,4.);
#10768 = AXIS2_PLACEMENT_3D('',#10769,#10770,#10771);
#10769 = CARTESIAN_POINT('',(57.,-42.,3.));
#10770 = DIRECTION('',(0.,0.,1.));
#10771 = DIRECTION('',(1.,0.,0.));
#10772 = DEFINITIONAL_REPRESENTATION('',(#10773),#10777);
#10773 = LINE('',#10774,#10775);
#10774 = CARTESIAN_POINT('',(0.,55.));
#10775 = VECTOR('',#10776,1.);
#10776 = DIRECTION('',(1.,0.));
#10777 = ( GEOMETRIC_REPRESENTATION_CONTEXT(2) 
PARAMETRIC_REPRESENTATION_CONTEXT() REPRESENTATION_CONTEXT('2D SPACE',''
  ) );
#10778 = FACE_BOUND('',#10779,.T.);
#10779 = EDGE_LOOP('',(#10780));
#10780 = ORIENTED_EDGE('',*,*,#10781,.F.);
#10781 = EDGE_CURVE('',#10782,#10782,#10784,.T.);
#10782 = VERTEX_POINT('',#10783);
#10783 = CARTESIAN_POINT('',(58.25,-42.,58.));
#10784 = SURFACE_CURVE('',#10785,(#10790,#10797),.PCURVE_S1.);
#10785 = CIRCLE('',#10786,1.25);
#10786 = AXIS2_PLACEMENT_3D('',#10787,#10788,#10789);
#10787 = CARTESIAN_POINT('',(57.,-42.,58.));
#10788 = DIRECTION('',(0.,0.,1.));
#10789 = DIRECTION('',(1.,0.,-0.));
#10790 = PCURVE('',#9363,#10791);
#10791 = DEFINITIONAL_REPRESENTATION('',(#10792),#10796);
#10792 = CIRCLE('',#10793,1.25);
#10793 = AXIS2_PLACEMENT_2D('',#10794,#10795);
#10794 = CARTESIAN_POINT('',(114.,0.));
#10795 = DIRECTION('',(1.,0.));
#10796 = ( GEOMETRIC_REPRESENTATION_CONTEXT(2) 
PARAMETRIC_REPRESENTATION_CONTEXT() REPRESENTATION_CONTEXT('2D SPACE',''
  ) );
#10797 = PCURVE('',#10798,#10803);
#10798 = CYLINDRICAL_SURFACE('',#10799,1.25);
#10799 = AXIS2_PLACEMENT_3D('',#10800,#10801,#10802);
#10800 = CARTESIAN_POINT('',(57.,-42.,59.));
#10801 = DIRECTION('',(0.,0.,1.));
#10802 = DIRECTION('',(1.,0.,0.));
#10803 = DEFINITIONAL_REPRESENTATION('',(#10804),#10808);
#10804 = LINE('',#10805,#10806);
#10805 = CARTESIAN_POINT('',(0.,-1.));
#10806 = VECTOR('',#10807,1.);
#10807 = DIRECTION('',(1.,0.));
#10808 = ( GEOMETRIC_REPRESENTATION_CONTEXT(2) 
PARAMETRIC_REPRESENTATION_CONTEXT() REPRESENTATION_CONTEXT('2D SPACE',''
  ) );
#10809 = FACE_BOUND('',#10810,.T.);
#10810 = EDGE_LOOP('',(#10811,#10846,#10873,#10902,#10929,#10958,#10985,
    #11014));
#10811 = ORIENTED_EDGE('',*,*,#10812,.F.);
#10812 = EDGE_CURVE('',#10813,#10815,#10817,.T.);
#10813 = VERTEX_POINT('',#10814);
#10814 = CARTESIAN_POINT('',(-60.,-39.35424868893,58.));
#10815 = VERTEX_POINT('',#10816);
#10816 = CARTESIAN_POINT('',(-54.35424868893,-45.,58.));
#10817 = SURFACE_CURVE('',#10818,(#10823,#10834),.PCURVE_S1.);
#10818 = CIRCLE('',#10819,4.);
#10819 = AXIS2_PLACEMENT_3D('',#10820,#10821,#10822);
#10820 = CARTESIAN_POINT('',(-57.,-42.,58.));
#10821 = DIRECTION('',(0.,0.,-1.));
#10822 = DIRECTION('',(-0.75,0.661437827766,0.));
#10823 = PCURVE('',#9363,#10824);
#10824 = DEFINITIONAL_REPRESENTATION('',(#10825),#10833);
#10825 = ( BOUNDED_CURVE() B_SPLINE_CURVE(2,(#10826,#10827,#10828,#10829
    ,#10830,#10831,#10832),.UNSPECIFIED.,.T.,.F.) 
B_SPLINE_CURVE_WITH_KNOTS((1,2,2,2,2,1),(-2.094395102393,0.,
    2.094395102393,4.188790204786,6.28318530718,8.377580409573),
.UNSPECIFIED.) CURVE() GEOMETRIC_REPRESENTATION_ITEM() 
RATIONAL_B_SPLINE_CURVE((1.,0.5,1.,0.5,1.,0.5,1.)) REPRESENTATION_ITEM(
  '') );
#10826 = CARTESIAN_POINT('',(-3.,2.645751311064));
#10827 = CARTESIAN_POINT('',(1.582575694956,7.841903733771));
#10828 = CARTESIAN_POINT('',(3.791287847478,1.275200555821));
#10829 = CARTESIAN_POINT('',(6.,-5.291502622129));
#10830 = CARTESIAN_POINT('',(-0.791287847478,-3.920951866886));
#10831 = CARTESIAN_POINT('',(-7.582575694956,-2.550401111642));
#10832 = CARTESIAN_POINT('',(-3.,2.645751311064));
#10833 = ( GEOMETRIC_REPRESENTATION_CONTEXT(2) 
PARAMETRIC_REPRESENTATION_CONTEXT() REPRESENTATION_CONTEXT('2D SPACE',''
  ) );
#10834 = PCURVE('',#10835,#10840);
#10835 = CYLINDRICAL_SURFACE('',#10836,4.);
#10836 = AXIS2_PLACEMENT_3D('',#10837,#10838,#10839);
#10837 = CARTESIAN_POINT('',(-57.,-42.,3.));
#10838 = DIRECTION('',(0.,0.,1.));
#10839 = DIRECTION('',(1.,0.,0.));
#10840 = DEFINITIONAL_REPRESENTATION('',(#10841),#10845);
#10841 = LINE('',#10842,#10843);
#10842 = CARTESIAN_POINT('',(8.702043712956,55.));
#10843 = VECTOR('',#10844,1.);
#10844 = DIRECTION('',(-1.,-0.));
#10845 = ( GEOMETRIC_REPRESENTATION_CONTEXT(2) 
PARAMETRIC_REPRESENTATION_CONTEXT() REPRESENTATION_CONTEXT('2D SPACE',''
  ) );
#10846 = ORIENTED_EDGE('',*,*,#10847,.T.);
#10847 = EDGE_CURVE('',#10813,#10848,#10850,.T.);
#10848 = VERTEX_POINT('',#10849);
#10849 = CARTESIAN_POINT('',(-60.,39.354248688936,58.));
#10850 = SURFACE_CURVE('',#10851,(#10855,#10862),.PCURVE_S1.);
#10851 = LINE('',#10852,#10853);
#10852 = CARTESIAN_POINT('',(-60.,-46.25,58.));
#10853 = VECTOR('',#10854,1.);
#10854 = DIRECTION('',(0.,1.,0.));
#10855 = PCURVE('',#9363,#10856);
#10856 = DEFINITIONAL_REPRESENTATION('',(#10857),#10861);
#10857 = LINE('',#10858,#10859);
#10858 = CARTESIAN_POINT('',(-3.,-4.25));
#10859 = VECTOR('',#10860,1.);
#10860 = DIRECTION('',(0.,1.));
#10861 = ( GEOMETRIC_REPRESENTATION_CONTEXT(2) 
PARAMETRIC_REPRESENTATION_CONTEXT() REPRESENTATION_CONTEXT('2D SPACE',''
  ) );
#10862 = PCURVE('',#10863,#10868);
#10863 = PLANE('',#10864);
#10864 = AXIS2_PLACEMENT_3D('',#10865,#10866,#10867);
#10865 = CARTESIAN_POINT('',(-60.,-45.,3.));
#10866 = DIRECTION('',(1.,0.,0.));
#10867 = DIRECTION('',(0.,0.,1.));
#10868 = DEFINITIONAL_REPRESENTATION('',(#10869),#10872);
#10869 = B_SPLINE_CURVE_WITH_KNOTS('',1,(#10870,#10871),.UNSPECIFIED.,
  .F.,.F.,(2,2),(1.25,91.25),.PIECEWISE_BEZIER_KNOTS.);
#10870 = CARTESIAN_POINT('',(55.,0.));
#10871 = CARTESIAN_POINT('',(55.,-90.));
#10872 = ( GEOMETRIC_REPRESENTATION_CONTEXT(2) 
PARAMETRIC_REPRESENTATION_CONTEXT() REPRESENTATION_CONTEXT('2D SPACE',''
  ) );
#10873 = ORIENTED_EDGE('',*,*,#10874,.T.);
#10874 = EDGE_CURVE('',#10848,#10875,#10877,.T.);
#10875 = VERTEX_POINT('',#10876);
#10876 = CARTESIAN_POINT('',(-54.35424868893,45.,58.));
#10877 = SURFACE_CURVE('',#10878,(#10883,#10890),.PCURVE_S1.);
#10878 = CIRCLE('',#10879,4.);
#10879 = AXIS2_PLACEMENT_3D('',#10880,#10881,#10882);
#10880 = CARTESIAN_POINT('',(-57.,42.,58.));
#10881 = DIRECTION('',(0.,0.,1.));
#10882 = DIRECTION('',(-0.75,-0.661437827766,0.));
#10883 = PCURVE('',#9363,#10884);
#10884 = DEFINITIONAL_REPRESENTATION('',(#10885),#10889);
#10885 = CIRCLE('',#10886,4.);
#10886 = AXIS2_PLACEMENT_2D('',#10887,#10888);
#10887 = CARTESIAN_POINT('',(0.,84.));
#10888 = DIRECTION('',(-0.75,-0.661437827766));
#10889 = ( GEOMETRIC_REPRESENTATION_CONTEXT(2) 
PARAMETRIC_REPRESENTATION_CONTEXT() REPRESENTATION_CONTEXT('2D SPACE',''
  ) );
#10890 = PCURVE('',#10891,#10896);
#10891 = CYLINDRICAL_SURFACE('',#10892,4.);
#10892 = AXIS2_PLACEMENT_3D('',#10893,#10894,#10895);
#10893 = CARTESIAN_POINT('',(-57.,42.,3.));
#10894 = DIRECTION('',(0.,0.,1.));
#10895 = DIRECTION('',(1.,0.,0.));
#10896 = DEFINITIONAL_REPRESENTATION('',(#10897),#10901);
#10897 = LINE('',#10898,#10899);
#10898 = CARTESIAN_POINT('',(3.864326901403,55.));
#10899 = VECTOR('',#10900,1.);
#10900 = DIRECTION('',(1.,0.));
#10901 = ( GEOMETRIC_REPRESENTATION_CONTEXT(2) 
PARAMETRIC_REPRESENTATION_CONTEXT() REPRESENTATION_CONTEXT('2D SPACE',''
  ) );
#10902 = ORIENTED_EDGE('',*,*,#10903,.F.);
#10903 = EDGE_CURVE('',#10904,#10875,#10906,.T.);
#10904 = VERTEX_POINT('',#10905);
#10905 = CARTESIAN_POINT('',(54.354248688935,45.,58.));
#10906 = SURFACE_CURVE('',#10907,(#10911,#10918),.PCURVE_S1.);
#10907 = LINE('',#10908,#10909);
#10908 = CARTESIAN_POINT('',(-61.25,45.,58.));
#10909 = VECTOR('',#10910,1.);
#10910 = DIRECTION('',(-1.,0.,0.));
#10911 = PCURVE('',#9363,#10912);
#10912 = DEFINITIONAL_REPRESENTATION('',(#10913),#10917);
#10913 = LINE('',#10914,#10915);
#10914 = CARTESIAN_POINT('',(-4.25,87.));
#10915 = VECTOR('',#10916,1.);
#10916 = DIRECTION('',(-1.,0.));
#10917 = ( GEOMETRIC_REPRESENTATION_CONTEXT(2) 
PARAMETRIC_REPRESENTATION_CONTEXT() REPRESENTATION_CONTEXT('2D SPACE',''
  ) );
#10918 = PCURVE('',#10919,#10924);
#10919 = PLANE('',#10920);
#10920 = AXIS2_PLACEMENT_3D('',#10921,#10922,#10923);
#10921 = CARTESIAN_POINT('',(-60.,45.,3.));
#10922 = DIRECTION('',(0.,1.,0.));
#10923 = DIRECTION('',(0.,0.,1.));
#10924 = DEFINITIONAL_REPRESENTATION('',(#10925),#10928);
#10925 = B_SPLINE_CURVE_WITH_KNOTS('',1,(#10926,#10927),.UNSPECIFIED.,
  .F.,.F.,(2,2),(-121.25,-1.25),.PIECEWISE_BEZIER_KNOTS.);
#10926 = CARTESIAN_POINT('',(55.,120.));
#10927 = CARTESIAN_POINT('',(55.,0.));
#10928 = ( GEOMETRIC_REPRESENTATION_CONTEXT(2) 
PARAMETRIC_REPRESENTATION_CONTEXT() REPRESENTATION_CONTEXT('2D SPACE',''
  ) );
#10929 = ORIENTED_EDGE('',*,*,#10930,.T.);
#10930 = EDGE_CURVE('',#10904,#10931,#10933,.T.);
#10931 = VERTEX_POINT('',#10932);
#10932 = CARTESIAN_POINT('',(60.,39.354248688936,58.));
#10933 = SURFACE_CURVE('',#10934,(#10939,#10946),.PCURVE_S1.);
#10934 = CIRCLE('',#10935,4.);
#10935 = AXIS2_PLACEMENT_3D('',#10936,#10937,#10938);
#10936 = CARTESIAN_POINT('',(57.,42.,58.));
#10937 = DIRECTION('',(0.,0.,1.));
#10938 = DIRECTION('',(1.,0.,0.));
#10939 = PCURVE('',#9363,#10940);
#10940 = DEFINITIONAL_REPRESENTATION('',(#10941),#10945);
#10941 = CIRCLE('',#10942,4.);
#10942 = AXIS2_PLACEMENT_2D('',#10943,#10944);
#10943 = CARTESIAN_POINT('',(114.,84.));
#10944 = DIRECTION('',(1.,0.));
#10945 = ( GEOMETRIC_REPRESENTATION_CONTEXT(2) 
PARAMETRIC_REPRESENTATION_CONTEXT() REPRESENTATION_CONTEXT('2D SPACE',''
  ) );
#10946 = PCURVE('',#10947,#10952);
#10947 = CYLINDRICAL_SURFACE('',#10948,4.);
#10948 = AXIS2_PLACEMENT_3D('',#10949,#10950,#10951);
#10949 = CARTESIAN_POINT('',(57.,42.,3.));
#10950 = DIRECTION('',(0.,0.,1.));
#10951 = DIRECTION('',(1.,0.,0.));
#10952 = DEFINITIONAL_REPRESENTATION('',(#10953),#10957);
#10953 = LINE('',#10954,#10955);
#10954 = CARTESIAN_POINT('',(0.,55.));
#10955 = VECTOR('',#10956,1.);
#10956 = DIRECTION('',(1.,0.));
#10957 = ( GEOMETRIC_REPRESENTATION_CONTEXT(2) 
PARAMETRIC_REPRESENTATION_CONTEXT() REPRESENTATION_CONTEXT('2D SPACE',''
  ) );
#10958 = ORIENTED_EDGE('',*,*,#10959,.F.);
#10959 = EDGE_CURVE('',#10960,#10931,#10962,.T.);
#10960 = VERTEX_POINT('',#10961);
#10961 = CARTESIAN_POINT('',(60.,-39.35424868893,58.));
#10962 = SURFACE_CURVE('',#10963,(#10967,#10974),.PCURVE_S1.);
#10963 = LINE('',#10964,#10965);
#10964 = CARTESIAN_POINT('',(60.,-46.25,58.));
#10965 = VECTOR('',#10966,1.);
#10966 = DIRECTION('',(0.,1.,0.));
#10967 = PCURVE('',#9363,#10968);
#10968 = DEFINITIONAL_REPRESENTATION('',(#10969),#10973);
#10969 = LINE('',#10970,#10971);
#10970 = CARTESIAN_POINT('',(117.,-4.25));
#10971 = VECTOR('',#10972,1.);
#10972 = DIRECTION('',(0.,1.));
#10973 = ( GEOMETRIC_REPRESENTATION_CONTEXT(2) 
PARAMETRIC_REPRESENTATION_CONTEXT() REPRESENTATION_CONTEXT('2D SPACE',''
  ) );
#10974 = PCURVE('',#10975,#10980);
#10975 = PLANE('',#10976);
#10976 = AXIS2_PLACEMENT_3D('',#10977,#10978,#10979);
#10977 = CARTESIAN_POINT('',(60.,-45.,3.));
#10978 = DIRECTION('',(1.,0.,0.));
#10979 = DIRECTION('',(0.,0.,1.));
#10980 = DEFINITIONAL_REPRESENTATION('',(#10981),#10984);
#10981 = B_SPLINE_CURVE_WITH_KNOTS('',1,(#10982,#10983),.UNSPECIFIED.,
  .F.,.F.,(2,2),(1.25,91.25),.PIECEWISE_BEZIER_KNOTS.);
#10982 = CARTESIAN_POINT('',(55.,0.));
#10983 = CARTESIAN_POINT('',(55.,-90.));
#10984 = ( GEOMETRIC_REPRESENTATION_CONTEXT(2) 
PARAMETRIC_REPRESENTATION_CONTEXT() REPRESENTATION_CONTEXT('2D SPACE',''
  ) );
#10985 = ORIENTED_EDGE('',*,*,#10986,.T.);
#10986 = EDGE_CURVE('',#10960,#10987,#10989,.T.);
#10987 = VERTEX_POINT('',#10988);
#10988 = CARTESIAN_POINT('',(54.354248688935,-45.,58.));
#10989 = SURFACE_CURVE('',#10990,(#10995,#11002),.PCURVE_S1.);
#10990 = CIRCLE('',#10991,4.);
#10991 = AXIS2_PLACEMENT_3D('',#10992,#10993,#10994);
#10992 = CARTESIAN_POINT('',(57.,-42.,58.));
#10993 = DIRECTION('',(0.,0.,1.));
#10994 = DIRECTION('',(1.,0.,0.));
#10995 = PCURVE('',#9363,#10996);
#10996 = DEFINITIONAL_REPRESENTATION('',(#10997),#11001);
#10997 = CIRCLE('',#10998,4.);
#10998 = AXIS2_PLACEMENT_2D('',#10999,#11000);
#10999 = CARTESIAN_POINT('',(114.,0.));
#11000 = DIRECTION('',(1.,0.));
#11001 = ( GEOMETRIC_REPRESENTATION_CONTEXT(2) 
PARAMETRIC_REPRESENTATION_CONTEXT() REPRESENTATION_CONTEXT('2D SPACE',''
  ) );
#11002 = PCURVE('',#11003,#11008);
#11003 = CYLINDRICAL_SURFACE('',#11004,4.);
#11004 = AXIS2_PLACEMENT_3D('',#11005,#11006,#11007);
#11005 = CARTESIAN_POINT('',(57.,-42.,3.));
#11006 = DIRECTION('',(0.,0.,1.));
#11007 = DIRECTION('',(1.,0.,0.));
#11008 = DEFINITIONAL_REPRESENTATION('',(#11009),#11013);
#11009 = LINE('',#11010,#11011);
#11010 = CARTESIAN_POINT('',(0.,55.));
#11011 = VECTOR('',#11012,1.);
#11012 = DIRECTION('',(1.,0.));
#11013 = ( GEOMETRIC_REPRESENTATION_CONTEXT(2) 
PARAMETRIC_REPRESENTATION_CONTEXT() REPRESENTATION_CONTEXT('2D SPACE',''
  ) );
#11014 = ORIENTED_EDGE('',*,*,#11015,.T.);
#11015 = EDGE_CURVE('',#10987,#10815,#11016,.T.);
#11016 = SURFACE_CURVE('',#11017,(#11021,#11028),.PCURVE_S1.);
#11017 = LINE('',#11018,#11019);
#11018 = CARTESIAN_POINT('',(-61.25,-45.,58.));
#11019 = VECTOR('',#11020,1.);
#11020 = DIRECTION('',(-1.,0.,0.));
#11021 = PCURVE('',#9363,#11022);
#11022 = DEFINITIONAL_REPRESENTATION('',(#11023),#11027);
#11023 = LINE('',#11024,#11025);
#11024 = CARTESIAN_POINT('',(-4.25,-3.));
#11025 = VECTOR('',#11026,1.);
#11026 = DIRECTION('',(-1.,0.));
#11027 = ( GEOMETRIC_REPRESENTATION_CONTEXT(2) 
PARAMETRIC_REPRESENTATION_CONTEXT() REPRESENTATION_CONTEXT('2D SPACE',''
  ) );
#11028 = PCURVE('',#11029,#11034);
#11029 = PLANE('',#11030);
#11030 = AXIS2_PLACEMENT_3D('',#11031,#11032,#11033);
#11031 = CARTESIAN_POINT('',(-60.,-45.,3.));
#11032 = DIRECTION('',(0.,1.,0.));
#11033 = DIRECTION('',(0.,0.,1.));
#11034 = DEFINITIONAL_REPRESENTATION('',(#11035),#11038);
#11035 = B_SPLINE_CURVE_WITH_KNOTS('',1,(#11036,#11037),.UNSPECIFIED.,
  .F.,.F.,(2,2),(-121.25,-1.25),.PIECEWISE_BEZIER_KNOTS.);
#11036 = CARTESIAN_POINT('',(55.,120.));
#11037 = CARTESIAN_POINT('',(55.,0.));
#11038 = ( GEOMETRIC_REPRESENTATION_CONTEXT(2) 
PARAMETRIC_REPRESENTATION_CONTEXT() REPRESENTATION_CONTEXT('2D SPACE',''
  ) );
#11039 = FACE_BOUND('',#11040,.T.);
#11040 = EDGE_LOOP('',(#11041));
#11041 = ORIENTED_EDGE('',*,*,#11042,.F.);
#11042 = EDGE_CURVE('',#11043,#11043,#11045,.T.);
#11043 = VERTEX_POINT('',#11044);
#11044 = CARTESIAN_POINT('',(-55.75,42.,58.));
#11045 = SURFACE_CURVE('',#11046,(#11051,#11058),.PCURVE_S1.);
#11046 = CIRCLE('',#11047,1.25);
#11047 = AXIS2_PLACEMENT_3D('',#11048,#11049,#11050);
#11048 = CARTESIAN_POINT('',(-57.,42.,58.));
#11049 = DIRECTION('',(0.,0.,1.));
#11050 = DIRECTION('',(1.,0.,-0.));
#11051 = PCURVE('',#9363,#11052);
#11052 = DEFINITIONAL_REPRESENTATION('',(#11053),#11057);
#11053 = CIRCLE('',#11054,1.25);
#11054 = AXIS2_PLACEMENT_2D('',#11055,#11056);
#11055 = CARTESIAN_POINT('',(0.,84.));
#11056 = DIRECTION('',(1.,0.));
#11057 = ( GEOMETRIC_REPRESENTATION_CONTEXT(2) 
PARAMETRIC_REPRESENTATION_CONTEXT() REPRESENTATION_CONTEXT('2D SPACE',''
  ) );
#11058 = PCURVE('',#11059,#11064);
#11059 = CYLINDRICAL_SURFACE('',#11060,1.25);
#11060 = AXIS2_PLACEMENT_3D('',#11061,#11062,#11063);
#11061 = CARTESIAN_POINT('',(-57.,42.,59.));
#11062 = DIRECTION('',(0.,0.,1.));
#11063 = DIRECTION('',(1.,0.,0.));
#11064 = DEFINITIONAL_REPRESENTATION('',(#11065),#11069);
#11065 = LINE('',#11066,#11067);
#11066 = CARTESIAN_POINT('',(0.,-1.));
#11067 = VECTOR('',#11068,1.);
#11068 = DIRECTION('',(1.,0.));
#11069 = ( GEOMETRIC_REPRESENTATION_CONTEXT(2) 
PARAMETRIC_REPRESENTATION_CONTEXT() REPRESENTATION_CONTEXT('2D SPACE',''
  ) );
#11070 = FACE_BOUND('',#11071,.T.);
#11071 = EDGE_LOOP('',(#11072,#11101,#11130));
#11072 = ORIENTED_EDGE('',*,*,#11073,.F.);
#11073 = EDGE_CURVE('',#11074,#11076,#11078,.T.);
#11074 = VERTEX_POINT('',#11075);
#11075 = CARTESIAN_POINT('',(-59.64575131106,45.,58.));
#11076 = VERTEX_POINT('',#11077);
#11077 = CARTESIAN_POINT('',(-60.,45.,58.));
#11078 = SURFACE_CURVE('',#11079,(#11083,#11090),.PCURVE_S1.);
#11079 = LINE('',#11080,#11081);
#11080 = CARTESIAN_POINT('',(-61.25,45.,58.));
#11081 = VECTOR('',#11082,1.);
#11082 = DIRECTION('',(-1.,0.,0.));
#11083 = PCURVE('',#9363,#11084);
#11084 = DEFINITIONAL_REPRESENTATION('',(#11085),#11089);
#11085 = LINE('',#11086,#11087);
#11086 = CARTESIAN_POINT('',(-4.25,87.));
#11087 = VECTOR('',#11088,1.);
#11088 = DIRECTION('',(-1.,0.));
#11089 = ( GEOMETRIC_REPRESENTATION_CONTEXT(2) 
PARAMETRIC_REPRESENTATION_CONTEXT() REPRESENTATION_CONTEXT('2D SPACE',''
  ) );
#11090 = PCURVE('',#11091,#11096);
#11091 = PLANE('',#11092);
#11092 = AXIS2_PLACEMENT_3D('',#11093,#11094,#11095);
#11093 = CARTESIAN_POINT('',(-60.,45.,3.));
#11094 = DIRECTION('',(0.,1.,0.));
#11095 = DIRECTION('',(0.,0.,1.));
#11096 = DEFINITIONAL_REPRESENTATION('',(#11097),#11100);
#11097 = B_SPLINE_CURVE_WITH_KNOTS('',1,(#11098,#11099),.UNSPECIFIED.,
  .F.,.F.,(2,2),(-121.25,-1.25),.PIECEWISE_BEZIER_KNOTS.);
#11098 = CARTESIAN_POINT('',(55.,120.));
#11099 = CARTESIAN_POINT('',(55.,0.));
#11100 = ( GEOMETRIC_REPRESENTATION_CONTEXT(2) 
PARAMETRIC_REPRESENTATION_CONTEXT() REPRESENTATION_CONTEXT('2D SPACE',''
  ) );
#11101 = ORIENTED_EDGE('',*,*,#11102,.T.);
#11102 = EDGE_CURVE('',#11074,#11103,#11105,.T.);
#11103 = VERTEX_POINT('',#11104);
#11104 = CARTESIAN_POINT('',(-60.,44.645751311065,58.));
#11105 = SURFACE_CURVE('',#11106,(#11111,#11118),.PCURVE_S1.);
#11106 = CIRCLE('',#11107,4.);
#11107 = AXIS2_PLACEMENT_3D('',#11108,#11109,#11110);
#11108 = CARTESIAN_POINT('',(-57.,42.,58.));
#11109 = DIRECTION('',(0.,0.,1.));
#11110 = DIRECTION('',(1.,0.,0.));
#11111 = PCURVE('',#9363,#11112);
#11112 = DEFINITIONAL_REPRESENTATION('',(#11113),#11117);
#11113 = CIRCLE('',#11114,4.);
#11114 = AXIS2_PLACEMENT_2D('',#11115,#11116);
#11115 = CARTESIAN_POINT('',(0.,84.));
#11116 = DIRECTION('',(1.,0.));
#11117 = ( GEOMETRIC_REPRESENTATION_CONTEXT(2) 
PARAMETRIC_REPRESENTATION_CONTEXT() REPRESENTATION_CONTEXT('2D SPACE',''
  ) );
#11118 = PCURVE('',#11119,#11124);
#11119 = CYLINDRICAL_SURFACE('',#11120,4.);
#11120 = AXIS2_PLACEMENT_3D('',#11121,#11122,#11123);
#11121 = CARTESIAN_POINT('',(-57.,42.,3.));
#11122 = DIRECTION('',(0.,0.,1.));
#11123 = DIRECTION('',(1.,0.,0.));
#11124 = DEFINITIONAL_REPRESENTATION('',(#11125),#11129);
#11125 = LINE('',#11126,#11127);
#11126 = CARTESIAN_POINT('',(0.,55.));
#11127 = VECTOR('',#11128,1.);
#11128 = DIRECTION('',(1.,0.));
#11129 = ( GEOMETRIC_REPRESENTATION_CONTEXT(2) 
PARAMETRIC_REPRESENTATION_CONTEXT() REPRESENTATION_CONTEXT('2D SPACE',''
  ) );
#11130 = ORIENTED_EDGE('',*,*,#11131,.T.);
#11131 = EDGE_CURVE('',#11103,#11076,#11132,.T.);
#11132 = SURFACE_CURVE('',#11133,(#11137,#11144),.PCURVE_S1.);
#11133 = LINE('',#11134,#11135);
#11134 = CARTESIAN_POINT('',(-60.,-46.25,58.));
#11135 = VECTOR('',#11136,1.);
#11136 = DIRECTION('',(0.,1.,0.));
#11137 = PCURVE('',#9363,#11138);
#11138 = DEFINITIONAL_REPRESENTATION('',(#11139),#11143);
#11139 = LINE('',#11140,#11141);
#11140 = CARTESIAN_POINT('',(-3.,-4.25));
#11141 = VECTOR('',#11142,1.);
#11142 = DIRECTION('',(0.,1.));
#11143 = ( GEOMETRIC_REPRESENTATION_CONTEXT(2) 
PARAMETRIC_REPRESENTATION_CONTEXT() REPRESENTATION_CONTEXT('2D SPACE',''
  ) );
#11144 = PCURVE('',#11145,#11150);
#11145 = PLANE('',#11146);
#11146 = AXIS2_PLACEMENT_3D('',#11147,#11148,#11149);
#11147 = CARTESIAN_POINT('',(-60.,-45.,3.));
#11148 = DIRECTION('',(1.,0.,0.));
#11149 = DIRECTION('',(0.,0.,1.));
#11150 = DEFINITIONAL_REPRESENTATION('',(#11151),#11154);
#11151 = B_SPLINE_CURVE_WITH_KNOTS('',1,(#11152,#11153),.UNSPECIFIED.,
  .F.,.F.,(2,2),(1.25,91.25),.PIECEWISE_BEZIER_KNOTS.);
#11152 = CARTESIAN_POINT('',(55.,0.));
#11153 = CARTESIAN_POINT('',(55.,-90.));
#11154 = ( GEOMETRIC_REPRESENTATION_CONTEXT(2) 
PARAMETRIC_REPRESENTATION_CONTEXT() REPRESENTATION_CONTEXT('2D SPACE',''
  ) );
#11155 = FACE_BOUND('',#11156,.T.);
#11156 = EDGE_LOOP('',(#11157));
#11157 = ORIENTED_EDGE('',*,*,#11158,.F.);
#11158 = EDGE_CURVE('',#11159,#11159,#11161,.T.);
#11159 = VERTEX_POINT('',#11160);
#11160 = CARTESIAN_POINT('',(58.25,42.,58.));
#11161 = SURFACE_CURVE('',#11162,(#11167,#11174),.PCURVE_S1.);
#11162 = CIRCLE('',#11163,1.25);
#11163 = AXIS2_PLACEMENT_3D('',#11164,#11165,#11166);
#11164 = CARTESIAN_POINT('',(57.,42.,58.));
#11165 = DIRECTION('',(0.,0.,1.));
#11166 = DIRECTION('',(1.,0.,-0.));
#11167 = PCURVE('',#9363,#11168);
#11168 = DEFINITIONAL_REPRESENTATION('',(#11169),#11173);
#11169 = CIRCLE('',#11170,1.25);
#11170 = AXIS2_PLACEMENT_2D('',#11171,#11172);
#11171 = CARTESIAN_POINT('',(114.,84.));
#11172 = DIRECTION('',(1.,0.));
#11173 = ( GEOMETRIC_REPRESENTATION_CONTEXT(2) 
PARAMETRIC_REPRESENTATION_CONTEXT() REPRESENTATION_CONTEXT('2D SPACE',''
  ) );
#11174 = PCURVE('',#11175,#11180);
#11175 = CYLINDRICAL_SURFACE('',#11176,1.25);
#11176 = AXIS2_PLACEMENT_3D('',#11177,#11178,#11179);
#11177 = CARTESIAN_POINT('',(57.,42.,59.));
#11178 = DIRECTION('',(0.,0.,1.));
#11179 = DIRECTION('',(1.,0.,0.));
#11180 = DEFINITIONAL_REPRESENTATION('',(#11181),#11185);
#11181 = LINE('',#11182,#11183);
#11182 = CARTESIAN_POINT('',(0.,-1.));
#11183 = VECTOR('',#11184,1.);
#11184 = DIRECTION('',(1.,0.));
#11185 = ( GEOMETRIC_REPRESENTATION_CONTEXT(2) 
PARAMETRIC_REPRESENTATION_CONTEXT() REPRESENTATION_CONTEXT('2D SPACE',''
  ) );
#11186 = FACE_BOUND('',#11187,.T.);
#11187 = EDGE_LOOP('',(#11188,#11217,#11246));
#11188 = ORIENTED_EDGE('',*,*,#11189,.F.);
#11189 = EDGE_CURVE('',#11190,#11192,#11194,.T.);
#11190 = VERTEX_POINT('',#11191);
#11191 = CARTESIAN_POINT('',(60.,44.645751311064,58.));
#11192 = VERTEX_POINT('',#11193);
#11193 = CARTESIAN_POINT('',(60.,45.,58.));
#11194 = SURFACE_CURVE('',#11195,(#11199,#11206),.PCURVE_S1.);
#11195 = LINE('',#11196,#11197);
#11196 = CARTESIAN_POINT('',(60.,-46.25,58.));
#11197 = VECTOR('',#11198,1.);
#11198 = DIRECTION('',(0.,1.,0.));
#11199 = PCURVE('',#9363,#11200);
#11200 = DEFINITIONAL_REPRESENTATION('',(#11201),#11205);
#11201 = LINE('',#11202,#11203);
#11202 = CARTESIAN_POINT('',(117.,-4.25));
#11203 = VECTOR('',#11204,1.);
#11204 = DIRECTION('',(0.,1.));
#11205 = ( GEOMETRIC_REPRESENTATION_CONTEXT(2) 
PARAMETRIC_REPRESENTATION_CONTEXT() REPRESENTATION_CONTEXT('2D SPACE',''
  ) );
#11206 = PCURVE('',#11207,#11212);
#11207 = PLANE('',#11208);
#11208 = AXIS2_PLACEMENT_3D('',#11209,#11210,#11211);
#11209 = CARTESIAN_POINT('',(60.,-45.,3.));
#11210 = DIRECTION('',(1.,0.,0.));
#11211 = DIRECTION('',(0.,0.,1.));
#11212 = DEFINITIONAL_REPRESENTATION('',(#11213),#11216);
#11213 = B_SPLINE_CURVE_WITH_KNOTS('',1,(#11214,#11215),.UNSPECIFIED.,
  .F.,.F.,(2,2),(1.25,91.25),.PIECEWISE_BEZIER_KNOTS.);
#11214 = CARTESIAN_POINT('',(55.,0.));
#11215 = CARTESIAN_POINT('',(55.,-90.));
#11216 = ( GEOMETRIC_REPRESENTATION_CONTEXT(2) 
PARAMETRIC_REPRESENTATION_CONTEXT() REPRESENTATION_CONTEXT('2D SPACE',''
  ) );
#11217 = ORIENTED_EDGE('',*,*,#11218,.T.);
#11218 = EDGE_CURVE('',#11190,#11219,#11221,.T.);
#11219 = VERTEX_POINT('',#11220);
#11220 = CARTESIAN_POINT('',(59.645751311064,45.,58.));
#11221 = SURFACE_CURVE('',#11222,(#11227,#11234),.PCURVE_S1.);
#11222 = CIRCLE('',#11223,4.);
#11223 = AXIS2_PLACEMENT_3D('',#11224,#11225,#11226);
#11224 = CARTESIAN_POINT('',(57.,42.,58.));
#11225 = DIRECTION('',(0.,0.,1.));
#11226 = DIRECTION('',(1.,0.,0.));
#11227 = PCURVE('',#9363,#11228);
#11228 = DEFINITIONAL_REPRESENTATION('',(#11229),#11233);
#11229 = CIRCLE('',#11230,4.);
#11230 = AXIS2_PLACEMENT_2D('',#11231,#11232);
#11231 = CARTESIAN_POINT('',(114.,84.));
#11232 = DIRECTION('',(1.,0.));
#11233 = ( GEOMETRIC_REPRESENTATION_CONTEXT(2) 
PARAMETRIC_REPRESENTATION_CONTEXT() REPRESENTATION_CONTEXT('2D SPACE',''
  ) );
#11234 = PCURVE('',#11235,#11240);
#11235 = CYLINDRICAL_SURFACE('',#11236,4.);
#11236 = AXIS2_PLACEMENT_3D('',#11237,#11238,#11239);
#11237 = CARTESIAN_POINT('',(57.,42.,3.));
#11238 = DIRECTION('',(0.,0.,1.));
#11239 = DIRECTION('',(1.,0.,0.));
#11240 = DEFINITIONAL_REPRESENTATION('',(#11241),#11245);
#11241 = LINE('',#11242,#11243);
#11242 = CARTESIAN_POINT('',(0.,55.));
#11243 = VECTOR('',#11244,1.);
#11244 = DIRECTION('',(1.,0.));
#11245 = ( GEOMETRIC_REPRESENTATION_CONTEXT(2) 
PARAMETRIC_REPRESENTATION_CONTEXT() REPRESENTATION_CONTEXT('2D SPACE',''
  ) );
#11246 = ORIENTED_EDGE('',*,*,#11247,.F.);
#11247 = EDGE_CURVE('',#11192,#11219,#11248,.T.);
#11248 = SURFACE_CURVE('',#11249,(#11253,#11260),.PCURVE_S1.);
#11249 = LINE('',#11250,#11251);
#11250 = CARTESIAN_POINT('',(-61.25,45.,58.));
#11251 = VECTOR('',#11252,1.);
#11252 = DIRECTION('',(-1.,0.,0.));
#11253 = PCURVE('',#9363,#11254);
#11254 = DEFINITIONAL_REPRESENTATION('',(#11255),#11259);
#11255 = LINE('',#11256,#11257);
#11256 = CARTESIAN_POINT('',(-4.25,87.));
#11257 = VECTOR('',#11258,1.);
#11258 = DIRECTION('',(-1.,0.));
#11259 = ( GEOMETRIC_REPRESENTATION_CONTEXT(2) 
PARAMETRIC_REPRESENTATION_CONTEXT() REPRESENTATION_CONTEXT('2D SPACE',''
  ) );
#11260 = PCURVE('',#11261,#11266);
#11261 = PLANE('',#11262);
#11262 = AXIS2_PLACEMENT_3D('',#11263,#11264,#11265);
#11263 = CARTESIAN_POINT('',(-60.,45.,3.));
#11264 = DIRECTION('',(0.,1.,0.));
#11265 = DIRECTION('',(0.,0.,1.));
#11266 = DEFINITIONAL_REPRESENTATION('',(#11267),#11270);
#11267 = B_SPLINE_CURVE_WITH_KNOTS('',1,(#11268,#11269),.UNSPECIFIED.,
  .F.,.F.,(2,2),(-121.25,-1.25),.PIECEWISE_BEZIER_KNOTS.);
#11268 = CARTESIAN_POINT('',(55.,120.));
#11269 = CARTESIAN_POINT('',(55.,0.));
#11270 = ( GEOMETRIC_REPRESENTATION_CONTEXT(2) 
PARAMETRIC_REPRESENTATION_CONTEXT() REPRESENTATION_CONTEXT('2D SPACE',''
  ) );
#11271 = ADVANCED_FACE('',(#11272),#9577,.F.);
#11272 = FACE_BOUND('',#11273,.F.);
#11273 = EDGE_LOOP('',(#11274,#11275,#11298,#11319));
#11274 = ORIENTED_EDGE('',*,*,#9560,.F.);
#11275 = ORIENTED_EDGE('',*,*,#11276,.T.);
#11276 = EDGE_CURVE('',#9561,#11277,#11279,.T.);
#11277 = VERTEX_POINT('',#11278);
#11278 = CARTESIAN_POINT('',(-20.,45.,26.5));
#11279 = SURFACE_CURVE('',#11280,(#11284,#11291),.PCURVE_S1.);
#11280 = LINE('',#11281,#11282);
#11281 = CARTESIAN_POINT('',(-20.,48.5,26.5));
#11282 = VECTOR('',#11283,1.);
#11283 = DIRECTION('',(0.,-1.,0.));
#11284 = PCURVE('',#9577,#11285);
#11285 = DEFINITIONAL_REPRESENTATION('',(#11286),#11290);
#11286 = LINE('',#11287,#11288);
#11287 = CARTESIAN_POINT('',(0.,0.));
#11288 = VECTOR('',#11289,1.);
#11289 = DIRECTION('',(0.,-1.));
#11290 = ( GEOMETRIC_REPRESENTATION_CONTEXT(2) 
PARAMETRIC_REPRESENTATION_CONTEXT() REPRESENTATION_CONTEXT('2D SPACE',''
  ) );
#11291 = PCURVE('',#9603,#11292);
#11292 = DEFINITIONAL_REPRESENTATION('',(#11293),#11297);
#11293 = LINE('',#11294,#11295);
#11294 = CARTESIAN_POINT('',(0.,0.));
#11295 = VECTOR('',#11296,1.);
#11296 = DIRECTION('',(0.,-1.));
#11297 = ( GEOMETRIC_REPRESENTATION_CONTEXT(2) 
PARAMETRIC_REPRESENTATION_CONTEXT() REPRESENTATION_CONTEXT('2D SPACE',''
  ) );
#11298 = ORIENTED_EDGE('',*,*,#11299,.T.);
#11299 = EDGE_CURVE('',#11277,#11300,#11302,.T.);
#11300 = VERTEX_POINT('',#11301);
#11301 = CARTESIAN_POINT('',(-20.,45.,29.5));
#11302 = SURFACE_CURVE('',#11303,(#11307,#11313),.PCURVE_S1.);
#11303 = LINE('',#11304,#11305);
#11304 = CARTESIAN_POINT('',(-20.,45.,14.75));
#11305 = VECTOR('',#11306,1.);
#11306 = DIRECTION('',(0.,-0.,1.));
#11307 = PCURVE('',#9577,#11308);
#11308 = DEFINITIONAL_REPRESENTATION('',(#11309),#11312);
#11309 = B_SPLINE_CURVE_WITH_KNOTS('',1,(#11310,#11311),.UNSPECIFIED.,
  .F.,.F.,(2,2),(11.75,14.75),.PIECEWISE_BEZIER_KNOTS.);
#11310 = CARTESIAN_POINT('',(0.,-3.5));
#11311 = CARTESIAN_POINT('',(3.,-3.5));
#11312 = ( GEOMETRIC_REPRESENTATION_CONTEXT(2) 
PARAMETRIC_REPRESENTATION_CONTEXT() REPRESENTATION_CONTEXT('2D SPACE',''
  ) );
#11313 = PCURVE('',#10919,#11314);
#11314 = DEFINITIONAL_REPRESENTATION('',(#11315),#11318);
#11315 = B_SPLINE_CURVE_WITH_KNOTS('',1,(#11316,#11317),.UNSPECIFIED.,
  .F.,.F.,(2,2),(11.75,14.75),.PIECEWISE_BEZIER_KNOTS.);
#11316 = CARTESIAN_POINT('',(23.5,40.));
#11317 = CARTESIAN_POINT('',(26.5,40.));
#11318 = ( GEOMETRIC_REPRESENTATION_CONTEXT(2) 
PARAMETRIC_REPRESENTATION_CONTEXT() REPRESENTATION_CONTEXT('2D SPACE',''
  ) );
#11319 = ORIENTED_EDGE('',*,*,#11320,.F.);
#11320 = EDGE_CURVE('',#9563,#11300,#11321,.T.);
#11321 = SURFACE_CURVE('',#11322,(#11326,#11333),.PCURVE_S1.);
#11322 = LINE('',#11323,#11324);
#11323 = CARTESIAN_POINT('',(-20.,48.5,29.5));
#11324 = VECTOR('',#11325,1.);
#11325 = DIRECTION('',(0.,-1.,0.));
#11326 = PCURVE('',#9577,#11327);
#11327 = DEFINITIONAL_REPRESENTATION('',(#11328),#11332);
#11328 = LINE('',#11329,#11330);
#11329 = CARTESIAN_POINT('',(3.,0.));
#11330 = VECTOR('',#11331,1.);
#11331 = DIRECTION('',(0.,-1.));
#11332 = ( GEOMETRIC_REPRESENTATION_CONTEXT(2) 
PARAMETRIC_REPRESENTATION_CONTEXT() REPRESENTATION_CONTEXT('2D SPACE',''
  ) );
#11333 = PCURVE('',#9653,#11334);
#11334 = DEFINITIONAL_REPRESENTATION('',(#11335),#11339);
#11335 = LINE('',#11336,#11337);
#11336 = CARTESIAN_POINT('',(0.,0.));
#11337 = VECTOR('',#11338,1.);
#11338 = DIRECTION('',(0.,-1.));
#11339 = ( GEOMETRIC_REPRESENTATION_CONTEXT(2) 
PARAMETRIC_REPRESENTATION_CONTEXT() REPRESENTATION_CONTEXT('2D SPACE',''
  ) );
#11340 = ADVANCED_FACE('',(#11341),#9653,.F.);
#11341 = FACE_BOUND('',#11342,.F.);
#11342 = EDGE_LOOP('',(#11343,#11344,#11345,#11366));
#11343 = ORIENTED_EDGE('',*,*,#9640,.F.);
#11344 = ORIENTED_EDGE('',*,*,#11320,.T.);
#11345 = ORIENTED_EDGE('',*,*,#11346,.T.);
#11346 = EDGE_CURVE('',#11300,#11347,#11349,.T.);
#11347 = VERTEX_POINT('',#11348);
#11348 = CARTESIAN_POINT('',(20.,45.,29.5));
#11349 = SURFACE_CURVE('',#11350,(#11354,#11360),.PCURVE_S1.);
#11350 = LINE('',#11351,#11352);
#11351 = CARTESIAN_POINT('',(-40.,45.,29.5));
#11352 = VECTOR('',#11353,1.);
#11353 = DIRECTION('',(1.,-0.,0.));
#11354 = PCURVE('',#9653,#11355);
#11355 = DEFINITIONAL_REPRESENTATION('',(#11356),#11359);
#11356 = B_SPLINE_CURVE_WITH_KNOTS('',1,(#11357,#11358),.UNSPECIFIED.,
  .F.,.F.,(2,2),(20.,60.),.PIECEWISE_BEZIER_KNOTS.);
#11357 = CARTESIAN_POINT('',(0.,-3.5));
#11358 = CARTESIAN_POINT('',(40.,-3.5));
#11359 = ( GEOMETRIC_REPRESENTATION_CONTEXT(2) 
PARAMETRIC_REPRESENTATION_CONTEXT() REPRESENTATION_CONTEXT('2D SPACE',''
  ) );
#11360 = PCURVE('',#10919,#11361);
#11361 = DEFINITIONAL_REPRESENTATION('',(#11362),#11365);
#11362 = B_SPLINE_CURVE_WITH_KNOTS('',1,(#11363,#11364),.UNSPECIFIED.,
  .F.,.F.,(2,2),(20.,60.),.PIECEWISE_BEZIER_KNOTS.);
#11363 = CARTESIAN_POINT('',(26.5,40.));
#11364 = CARTESIAN_POINT('',(26.5,80.));
#11365 = ( GEOMETRIC_REPRESENTATION_CONTEXT(2) 
PARAMETRIC_REPRESENTATION_CONTEXT() REPRESENTATION_CONTEXT('2D SPACE',''
  ) );
#11366 = ORIENTED_EDGE('',*,*,#11367,.F.);
#11367 = EDGE_CURVE('',#9615,#11347,#11368,.T.);
#11368 = SURFACE_CURVE('',#11369,(#11373,#11380),.PCURVE_S1.);
#11369 = LINE('',#11370,#11371);
#11370 = CARTESIAN_POINT('',(20.,48.5,29.5));
#11371 = VECTOR('',#11372,1.);
#11372 = DIRECTION('',(0.,-1.,0.));
#11373 = PCURVE('',#9653,#11374);
#11374 = DEFINITIONAL_REPRESENTATION('',(#11375),#11379);
#11375 = LINE('',#11376,#11377);
#11376 = CARTESIAN_POINT('',(40.,0.));
#11377 = VECTOR('',#11378,1.);
#11378 = DIRECTION('',(0.,-1.));
#11379 = ( GEOMETRIC_REPRESENTATION_CONTEXT(2) 
PARAMETRIC_REPRESENTATION_CONTEXT() REPRESENTATION_CONTEXT('2D SPACE',''
  ) );
#11380 = PCURVE('',#9629,#11381);
#11381 = DEFINITIONAL_REPRESENTATION('',(#11382),#11386);
#11382 = LINE('',#11383,#11384);
#11383 = CARTESIAN_POINT('',(3.,0.));
#11384 = VECTOR('',#11385,1.);
#11385 = DIRECTION('',(0.,-1.));
#11386 = ( GEOMETRIC_REPRESENTATION_CONTEXT(2) 
PARAMETRIC_REPRESENTATION_CONTEXT() REPRESENTATION_CONTEXT('2D SPACE',''
  ) );
#11387 = ADVANCED_FACE('',(#11388),#9629,.T.);
#11388 = FACE_BOUND('',#11389,.T.);
#11389 = EDGE_LOOP('',(#11390,#11391,#11414,#11433));
#11390 = ORIENTED_EDGE('',*,*,#9614,.F.);
#11391 = ORIENTED_EDGE('',*,*,#11392,.T.);
#11392 = EDGE_CURVE('',#9589,#11393,#11395,.T.);
#11393 = VERTEX_POINT('',#11394);
#11394 = CARTESIAN_POINT('',(20.,45.,26.5));
#11395 = SURFACE_CURVE('',#11396,(#11400,#11407),.PCURVE_S1.);
#11396 = LINE('',#11397,#11398);
#11397 = CARTESIAN_POINT('',(20.,48.5,26.5));
#11398 = VECTOR('',#11399,1.);
#11399 = DIRECTION('',(0.,-1.,0.));
#11400 = PCURVE('',#9629,#11401);
#11401 = DEFINITIONAL_REPRESENTATION('',(#11402),#11406);
#11402 = LINE('',#11403,#11404);
#11403 = CARTESIAN_POINT('',(0.,0.));
#11404 = VECTOR('',#11405,1.);
#11405 = DIRECTION('',(0.,-1.));
#11406 = ( GEOMETRIC_REPRESENTATION_CONTEXT(2) 
PARAMETRIC_REPRESENTATION_CONTEXT() REPRESENTATION_CONTEXT('2D SPACE',''
  ) );
#11407 = PCURVE('',#9603,#11408);
#11408 = DEFINITIONAL_REPRESENTATION('',(#11409),#11413);
#11409 = LINE('',#11410,#11411);
#11410 = CARTESIAN_POINT('',(40.,0.));
#11411 = VECTOR('',#11412,1.);
#11412 = DIRECTION('',(0.,-1.));
#11413 = ( GEOMETRIC_REPRESENTATION_CONTEXT(2) 
PARAMETRIC_REPRESENTATION_CONTEXT() REPRESENTATION_CONTEXT('2D SPACE',''
  ) );
#11414 = ORIENTED_EDGE('',*,*,#11415,.T.);
#11415 = EDGE_CURVE('',#11393,#11347,#11416,.T.);
#11416 = SURFACE_CURVE('',#11417,(#11421,#11427),.PCURVE_S1.);
#11417 = LINE('',#11418,#11419);
#11418 = CARTESIAN_POINT('',(20.,45.,14.75));
#11419 = VECTOR('',#11420,1.);
#11420 = DIRECTION('',(0.,-0.,1.));
#11421 = PCURVE('',#9629,#11422);
#11422 = DEFINITIONAL_REPRESENTATION('',(#11423),#11426);
#11423 = B_SPLINE_CURVE_WITH_KNOTS('',1,(#11424,#11425),.UNSPECIFIED.,
  .F.,.F.,(2,2),(11.75,14.75),.PIECEWISE_BEZIER_KNOTS.);
#11424 = CARTESIAN_POINT('',(0.,-3.5));
#11425 = CARTESIAN_POINT('',(3.,-3.5));
#11426 = ( GEOMETRIC_REPRESENTATION_CONTEXT(2) 
PARAMETRIC_REPRESENTATION_CONTEXT() REPRESENTATION_CONTEXT('2D SPACE',''
  ) );
#11427 = PCURVE('',#10919,#11428);
#11428 = DEFINITIONAL_REPRESENTATION('',(#11429),#11432);
#11429 = B_SPLINE_CURVE_WITH_KNOTS('',1,(#11430,#11431),.UNSPECIFIED.,
  .F.,.F.,(2,2),(11.75,14.75),.PIECEWISE_BEZIER_KNOTS.);
#11430 = CARTESIAN_POINT('',(23.5,80.));
#11431 = CARTESIAN_POINT('',(26.5,80.));
#11432 = ( GEOMETRIC_REPRESENTATION_CONTEXT(2) 
PARAMETRIC_REPRESENTATION_CONTEXT() REPRESENTATION_CONTEXT('2D SPACE',''
  ) );
#11433 = ORIENTED_EDGE('',*,*,#11367,.F.);
#11434 = ADVANCED_FACE('',(#11435),#9603,.T.);
#11435 = FACE_BOUND('',#11436,.T.);
#11436 = EDGE_LOOP('',(#11437,#11438,#11439,#11458));
#11437 = ORIENTED_EDGE('',*,*,#9588,.F.);
#11438 = ORIENTED_EDGE('',*,*,#11276,.T.);
#11439 = ORIENTED_EDGE('',*,*,#11440,.T.);
#11440 = EDGE_CURVE('',#11277,#11393,#11441,.T.);
#11441 = SURFACE_CURVE('',#11442,(#11446,#11452),.PCURVE_S1.);
#11442 = LINE('',#11443,#11444);
#11443 = CARTESIAN_POINT('',(-40.,45.,26.5));
#11444 = VECTOR('',#11445,1.);
#11445 = DIRECTION('',(1.,-0.,0.));
#11446 = PCURVE('',#9603,#11447);
#11447 = DEFINITIONAL_REPRESENTATION('',(#11448),#11451);
#11448 = B_SPLINE_CURVE_WITH_KNOTS('',1,(#11449,#11450),.UNSPECIFIED.,
  .F.,.F.,(2,2),(20.,60.),.PIECEWISE_BEZIER_KNOTS.);
#11449 = CARTESIAN_POINT('',(0.,-3.5));
#11450 = CARTESIAN_POINT('',(40.,-3.5));
#11451 = ( GEOMETRIC_REPRESENTATION_CONTEXT(2) 
PARAMETRIC_REPRESENTATION_CONTEXT() REPRESENTATION_CONTEXT('2D SPACE',''
  ) );
#11452 = PCURVE('',#10919,#11453);
#11453 = DEFINITIONAL_REPRESENTATION('',(#11454),#11457);
#11454 = B_SPLINE_CURVE_WITH_KNOTS('',1,(#11455,#11456),.UNSPECIFIED.,
  .F.,.F.,(2,2),(20.,60.),.PIECEWISE_BEZIER_KNOTS.);
#11455 = CARTESIAN_POINT('',(23.5,40.));
#11456 = CARTESIAN_POINT('',(23.5,80.));
#11457 = ( GEOMETRIC_REPRESENTATION_CONTEXT(2) 
PARAMETRIC_REPRESENTATION_CONTEXT() REPRESENTATION_CONTEXT('2D SPACE',''
  ) );
#11458 = ORIENTED_EDGE('',*,*,#11392,.F.);
#11459 = ADVANCED_FACE('',(#11460),#9683,.F.);
#11460 = FACE_BOUND('',#11461,.F.);
#11461 = EDGE_LOOP('',(#11462,#11463,#11486,#11507));
#11462 = ORIENTED_EDGE('',*,*,#9666,.F.);
#11463 = ORIENTED_EDGE('',*,*,#11464,.T.);
#11464 = EDGE_CURVE('',#9667,#11465,#11467,.T.);
#11465 = VERTEX_POINT('',#11466);
#11466 = CARTESIAN_POINT('',(-20.,45.,32.5));
#11467 = SURFACE_CURVE('',#11468,(#11472,#11479),.PCURVE_S1.);
#11468 = LINE('',#11469,#11470);
#11469 = CARTESIAN_POINT('',(-20.,48.5,32.5));
#11470 = VECTOR('',#11471,1.);
#11471 = DIRECTION('',(0.,-1.,0.));
#11472 = PCURVE('',#9683,#11473);
#11473 = DEFINITIONAL_REPRESENTATION('',(#11474),#11478);
#11474 = LINE('',#11475,#11476);
#11475 = CARTESIAN_POINT('',(0.,0.));
#11476 = VECTOR('',#11477,1.);
#11477 = DIRECTION('',(0.,-1.));
#11478 = ( GEOMETRIC_REPRESENTATION_CONTEXT(2) 
PARAMETRIC_REPRESENTATION_CONTEXT() REPRESENTATION_CONTEXT('2D SPACE',''
  ) );
#11479 = PCURVE('',#9709,#11480);
#11480 = DEFINITIONAL_REPRESENTATION('',(#11481),#11485);
#11481 = LINE('',#11482,#11483);
#11482 = CARTESIAN_POINT('',(0.,0.));
#11483 = VECTOR('',#11484,1.);
#11484 = DIRECTION('',(0.,-1.));
#11485 = ( GEOMETRIC_REPRESENTATION_CONTEXT(2) 
PARAMETRIC_REPRESENTATION_CONTEXT() REPRESENTATION_CONTEXT('2D SPACE',''
  ) );
#11486 = ORIENTED_EDGE('',*,*,#11487,.T.);
#11487 = EDGE_CURVE('',#11465,#11488,#11490,.T.);
#11488 = VERTEX_POINT('',#11489);
#11489 = CARTESIAN_POINT('',(-20.,45.,35.5));
#11490 = SURFACE_CURVE('',#11491,(#11495,#11501),.PCURVE_S1.);
#11491 = LINE('',#11492,#11493);
#11492 = CARTESIAN_POINT('',(-20.,45.,17.75));
#11493 = VECTOR('',#11494,1.);
#11494 = DIRECTION('',(0.,-0.,1.));
#11495 = PCURVE('',#9683,#11496);
#11496 = DEFINITIONAL_REPRESENTATION('',(#11497),#11500);
#11497 = B_SPLINE_CURVE_WITH_KNOTS('',1,(#11498,#11499),.UNSPECIFIED.,
  .F.,.F.,(2,2),(14.75,17.75),.PIECEWISE_BEZIER_KNOTS.);
#11498 = CARTESIAN_POINT('',(0.,-3.5));
#11499 = CARTESIAN_POINT('',(3.,-3.5));
#11500 = ( GEOMETRIC_REPRESENTATION_CONTEXT(2) 
PARAMETRIC_REPRESENTATION_CONTEXT() REPRESENTATION_CONTEXT('2D SPACE',''
  ) );
#11501 = PCURVE('',#10919,#11502);
#11502 = DEFINITIONAL_REPRESENTATION('',(#11503),#11506);
#11503 = B_SPLINE_CURVE_WITH_KNOTS('',1,(#11504,#11505),.UNSPECIFIED.,
  .F.,.F.,(2,2),(14.75,17.75),.PIECEWISE_BEZIER_KNOTS.);
#11504 = CARTESIAN_POINT('',(29.5,40.));
#11505 = CARTESIAN_POINT('',(32.5,40.));
#11506 = ( GEOMETRIC_REPRESENTATION_CONTEXT(2) 
PARAMETRIC_REPRESENTATION_CONTEXT() REPRESENTATION_CONTEXT('2D SPACE',''
  ) );
#11507 = ORIENTED_EDGE('',*,*,#11508,.F.);
#11508 = EDGE_CURVE('',#9669,#11488,#11509,.T.);
#11509 = SURFACE_CURVE('',#11510,(#11514,#11521),.PCURVE_S1.);
#11510 = LINE('',#11511,#11512);
#11511 = CARTESIAN_POINT('',(-20.,48.5,35.5));
#11512 = VECTOR('',#11513,1.);
#11513 = DIRECTION('',(0.,-1.,0.));
#11514 = PCURVE('',#9683,#11515);
#11515 = DEFINITIONAL_REPRESENTATION('',(#11516),#11520);
#11516 = LINE('',#11517,#11518);
#11517 = CARTESIAN_POINT('',(3.,0.));
#11518 = VECTOR('',#11519,1.);
#11519 = DIRECTION('',(0.,-1.));
#11520 = ( GEOMETRIC_REPRESENTATION_CONTEXT(2) 
PARAMETRIC_REPRESENTATION_CONTEXT() REPRESENTATION_CONTEXT('2D SPACE',''
  ) );
#11521 = PCURVE('',#9759,#11522);
#11522 = DEFINITIONAL_REPRESENTATION('',(#11523),#11527);
#11523 = LINE('',#11524,#11525);
#11524 = CARTESIAN_POINT('',(0.,0.));
#11525 = VECTOR('',#11526,1.);
#11526 = DIRECTION('',(0.,-1.));
#11527 = ( GEOMETRIC_REPRESENTATION_CONTEXT(2) 
PARAMETRIC_REPRESENTATION_CONTEXT() REPRESENTATION_CONTEXT('2D SPACE',''
  ) );
#11528 = ADVANCED_FACE('',(#11529),#9759,.F.);
#11529 = FACE_BOUND('',#11530,.F.);
#11530 = EDGE_LOOP('',(#11531,#11532,#11533,#11554));
#11531 = ORIENTED_EDGE('',*,*,#9746,.F.);
#11532 = ORIENTED_EDGE('',*,*,#11508,.T.);
#11533 = ORIENTED_EDGE('',*,*,#11534,.T.);
#11534 = EDGE_CURVE('',#11488,#11535,#11537,.T.);
#11535 = VERTEX_POINT('',#11536);
#11536 = CARTESIAN_POINT('',(20.,45.,35.5));
#11537 = SURFACE_CURVE('',#11538,(#11542,#11548),.PCURVE_S1.);
#11538 = LINE('',#11539,#11540);
#11539 = CARTESIAN_POINT('',(-40.,45.,35.5));
#11540 = VECTOR('',#11541,1.);
#11541 = DIRECTION('',(1.,-0.,0.));
#11542 = PCURVE('',#9759,#11543);
#11543 = DEFINITIONAL_REPRESENTATION('',(#11544),#11547);
#11544 = B_SPLINE_CURVE_WITH_KNOTS('',1,(#11545,#11546),.UNSPECIFIED.,
  .F.,.F.,(2,2),(20.,60.),.PIECEWISE_BEZIER_KNOTS.);
#11545 = CARTESIAN_POINT('',(0.,-3.5));
#11546 = CARTESIAN_POINT('',(40.,-3.5));
#11547 = ( GEOMETRIC_REPRESENTATION_CONTEXT(2) 
PARAMETRIC_REPRESENTATION_CONTEXT() REPRESENTATION_CONTEXT('2D SPACE',''
  ) );
#11548 = PCURVE('',#10919,#11549);
#11549 = DEFINITIONAL_REPRESENTATION('',(#11550),#11553);
#11550 = B_SPLINE_CURVE_WITH_KNOTS('',1,(#11551,#11552),.UNSPECIFIED.,
  .F.,.F.,(2,2),(20.,60.),.PIECEWISE_BEZIER_KNOTS.);
#11551 = CARTESIAN_POINT('',(32.5,40.));
#11552 = CARTESIAN_POINT('',(32.5,80.));
#11553 = ( GEOMETRIC_REPRESENTATION_CONTEXT(2) 
PARAMETRIC_REPRESENTATION_CONTEXT() REPRESENTATION_CONTEXT('2D SPACE',''
  ) );
#11554 = ORIENTED_EDGE('',*,*,#11555,.F.);
#11555 = EDGE_CURVE('',#9721,#11535,#11556,.T.);
#11556 = SURFACE_CURVE('',#11557,(#11561,#11568),.PCURVE_S1.);
#11557 = LINE('',#11558,#11559);
#11558 = CARTESIAN_POINT('',(20.,48.5,35.5));
#11559 = VECTOR('',#11560,1.);
#11560 = DIRECTION('',(0.,-1.,0.));
#11561 = PCURVE('',#9759,#11562);
#11562 = DEFINITIONAL_REPRESENTATION('',(#11563),#11567);
#11563 = LINE('',#11564,#11565);
#11564 = CARTESIAN_POINT('',(40.,0.));
#11565 = VECTOR('',#11566,1.);
#11566 = DIRECTION('',(0.,-1.));
#11567 = ( GEOMETRIC_REPRESENTATION_CONTEXT(2) 
PARAMETRIC_REPRESENTATION_CONTEXT() REPRESENTATION_CONTEXT('2D SPACE',''
  ) );
#11568 = PCURVE('',#9735,#11569);
#11569 = DEFINITIONAL_REPRESENTATION('',(#11570),#11574);
#11570 = LINE('',#11571,#11572);
#11571 = CARTESIAN_POINT('',(3.,0.));
#11572 = VECTOR('',#11573,1.);
#11573 = DIRECTION('',(0.,-1.));
#11574 = ( GEOMETRIC_REPRESENTATION_CONTEXT(2) 
PARAMETRIC_REPRESENTATION_CONTEXT() REPRESENTATION_CONTEXT('2D SPACE',''
  ) );
#11575 = ADVANCED_FACE('',(#11576),#9735,.T.);
#11576 = FACE_BOUND('',#11577,.T.);
#11577 = EDGE_LOOP('',(#11578,#11579,#11602,#11621));
#11578 = ORIENTED_EDGE('',*,*,#9720,.F.);
#11579 = ORIENTED_EDGE('',*,*,#11580,.T.);
#11580 = EDGE_CURVE('',#9695,#11581,#11583,.T.);
#11581 = VERTEX_POINT('',#11582);
#11582 = CARTESIAN_POINT('',(20.,45.,32.5));
#11583 = SURFACE_CURVE('',#11584,(#11588,#11595),.PCURVE_S1.);
#11584 = LINE('',#11585,#11586);
#11585 = CARTESIAN_POINT('',(20.,48.5,32.5));
#11586 = VECTOR('',#11587,1.);
#11587 = DIRECTION('',(0.,-1.,0.));
#11588 = PCURVE('',#9735,#11589);
#11589 = DEFINITIONAL_REPRESENTATION('',(#11590),#11594);
#11590 = LINE('',#11591,#11592);
#11591 = CARTESIAN_POINT('',(0.,0.));
#11592 = VECTOR('',#11593,1.);
#11593 = DIRECTION('',(0.,-1.));
#11594 = ( GEOMETRIC_REPRESENTATION_CONTEXT(2) 
PARAMETRIC_REPRESENTATION_CONTEXT() REPRESENTATION_CONTEXT('2D SPACE',''
  ) );
#11595 = PCURVE('',#9709,#11596);
#11596 = DEFINITIONAL_REPRESENTATION('',(#11597),#11601);
#11597 = LINE('',#11598,#11599);
#11598 = CARTESIAN_POINT('',(40.,0.));
#11599 = VECTOR('',#11600,1.);
#11600 = DIRECTION('',(0.,-1.));
#11601 = ( GEOMETRIC_REPRESENTATION_CONTEXT(2) 
PARAMETRIC_REPRESENTATION_CONTEXT() REPRESENTATION_CONTEXT('2D SPACE',''
  ) );
#11602 = ORIENTED_EDGE('',*,*,#11603,.T.);
#11603 = EDGE_CURVE('',#11581,#11535,#11604,.T.);
#11604 = SURFACE_CURVE('',#11605,(#11609,#11615),.PCURVE_S1.);
#11605 = LINE('',#11606,#11607);
#11606 = CARTESIAN_POINT('',(20.,45.,17.75));
#11607 = VECTOR('',#11608,1.);
#11608 = DIRECTION('',(0.,-0.,1.));
#11609 = PCURVE('',#9735,#11610);
#11610 = DEFINITIONAL_REPRESENTATION('',(#11611),#11614);
#11611 = B_SPLINE_CURVE_WITH_KNOTS('',1,(#11612,#11613),.UNSPECIFIED.,
  .F.,.F.,(2,2),(14.75,17.75),.PIECEWISE_BEZIER_KNOTS.);
#11612 = CARTESIAN_POINT('',(0.,-3.5));
#11613 = CARTESIAN_POINT('',(3.,-3.5));
#11614 = ( GEOMETRIC_REPRESENTATION_CONTEXT(2) 
PARAMETRIC_REPRESENTATION_CONTEXT() REPRESENTATION_CONTEXT('2D SPACE',''
  ) );
#11615 = PCURVE('',#10919,#11616);
#11616 = DEFINITIONAL_REPRESENTATION('',(#11617),#11620);
#11617 = B_SPLINE_CURVE_WITH_KNOTS('',1,(#11618,#11619),.UNSPECIFIED.,
  .F.,.F.,(2,2),(14.75,17.75),.PIECEWISE_BEZIER_KNOTS.);
#11618 = CARTESIAN_POINT('',(29.5,80.));
#11619 = CARTESIAN_POINT('',(32.5,80.));
#11620 = ( GEOMETRIC_REPRESENTATION_CONTEXT(2) 
PARAMETRIC_REPRESENTATION_CONTEXT() REPRESENTATION_CONTEXT('2D SPACE',''
  ) );
#11621 = ORIENTED_EDGE('',*,*,#11555,.F.);
#11622 = ADVANCED_FACE('',(#11623),#9709,.T.);
#11623 = FACE_BOUND('',#11624,.T.);
#11624 = EDGE_LOOP('',(#11625,#11626,#11627,#11646));
#11625 = ORIENTED_EDGE('',*,*,#9694,.F.);
#11626 = ORIENTED_EDGE('',*,*,#11464,.T.);
#11627 = ORIENTED_EDGE('',*,*,#11628,.T.);
#11628 = EDGE_CURVE('',#11465,#11581,#11629,.T.);
#11629 = SURFACE_CURVE('',#11630,(#11634,#11640),.PCURVE_S1.);
#11630 = LINE('',#11631,#11632);
#11631 = CARTESIAN_POINT('',(-40.,45.,32.5));
#11632 = VECTOR('',#11633,1.);
#11633 = DIRECTION('',(1.,-0.,0.));
#11634 = PCURVE('',#9709,#11635);
#11635 = DEFINITIONAL_REPRESENTATION('',(#11636),#11639);
#11636 = B_SPLINE_CURVE_WITH_KNOTS('',1,(#11637,#11638),.UNSPECIFIED.,
  .F.,.F.,(2,2),(20.,60.),.PIECEWISE_BEZIER_KNOTS.);
#11637 = CARTESIAN_POINT('',(0.,-3.5));
#11638 = CARTESIAN_POINT('',(40.,-3.5));
#11639 = ( GEOMETRIC_REPRESENTATION_CONTEXT(2) 
PARAMETRIC_REPRESENTATION_CONTEXT() REPRESENTATION_CONTEXT('2D SPACE',''
  ) );
#11640 = PCURVE('',#10919,#11641);
#11641 = DEFINITIONAL_REPRESENTATION('',(#11642),#11645);
#11642 = B_SPLINE_CURVE_WITH_KNOTS('',1,(#11643,#11644),.UNSPECIFIED.,
  .F.,.F.,(2,2),(20.,60.),.PIECEWISE_BEZIER_KNOTS.);
#11643 = CARTESIAN_POINT('',(29.5,40.));
#11644 = CARTESIAN_POINT('',(29.5,80.));
#11645 = ( GEOMETRIC_REPRESENTATION_CONTEXT(2) 
PARAMETRIC_REPRESENTATION_CONTEXT() REPRESENTATION_CONTEXT('2D SPACE',''
  ) );
#11646 = ORIENTED_EDGE('',*,*,#11580,.F.);
#11647 = ADVANCED_FACE('',(#11648),#9789,.F.);
#11648 = FACE_BOUND('',#11649,.F.);
#11649 = EDGE_LOOP('',(#11650,#11651,#11674,#11695));
#11650 = ORIENTED_EDGE('',*,*,#9772,.F.);
#11651 = ORIENTED_EDGE('',*,*,#11652,.T.);
#11652 = EDGE_CURVE('',#9773,#11653,#11655,.T.);
#11653 = VERTEX_POINT('',#11654);
#11654 = CARTESIAN_POINT('',(-20.,45.,38.5));
#11655 = SURFACE_CURVE('',#11656,(#11660,#11667),.PCURVE_S1.);
#11656 = LINE('',#11657,#11658);
#11657 = CARTESIAN_POINT('',(-20.,48.5,38.5));
#11658 = VECTOR('',#11659,1.);
#11659 = DIRECTION('',(0.,-1.,0.));
#11660 = PCURVE('',#9789,#11661);
#11661 = DEFINITIONAL_REPRESENTATION('',(#11662),#11666);
#11662 = LINE('',#11663,#11664);
#11663 = CARTESIAN_POINT('',(0.,0.));
#11664 = VECTOR('',#11665,1.);
#11665 = DIRECTION('',(0.,-1.));
#11666 = ( GEOMETRIC_REPRESENTATION_CONTEXT(2) 
PARAMETRIC_REPRESENTATION_CONTEXT() REPRESENTATION_CONTEXT('2D SPACE',''
  ) );
#11667 = PCURVE('',#9815,#11668);
#11668 = DEFINITIONAL_REPRESENTATION('',(#11669),#11673);
#11669 = LINE('',#11670,#11671);
#11670 = CARTESIAN_POINT('',(0.,0.));
#11671 = VECTOR('',#11672,1.);
#11672 = DIRECTION('',(0.,-1.));
#11673 = ( GEOMETRIC_REPRESENTATION_CONTEXT(2) 
PARAMETRIC_REPRESENTATION_CONTEXT() REPRESENTATION_CONTEXT('2D SPACE',''
  ) );
#11674 = ORIENTED_EDGE('',*,*,#11675,.T.);
#11675 = EDGE_CURVE('',#11653,#11676,#11678,.T.);
#11676 = VERTEX_POINT('',#11677);
#11677 = CARTESIAN_POINT('',(-20.,45.,41.5));
#11678 = SURFACE_CURVE('',#11679,(#11683,#11689),.PCURVE_S1.);
#11679 = LINE('',#11680,#11681);
#11680 = CARTESIAN_POINT('',(-20.,45.,20.75));
#11681 = VECTOR('',#11682,1.);
#11682 = DIRECTION('',(0.,-0.,1.));
#11683 = PCURVE('',#9789,#11684);
#11684 = DEFINITIONAL_REPRESENTATION('',(#11685),#11688);
#11685 = B_SPLINE_CURVE_WITH_KNOTS('',1,(#11686,#11687),.UNSPECIFIED.,
  .F.,.F.,(2,2),(17.75,20.75),.PIECEWISE_BEZIER_KNOTS.);
#11686 = CARTESIAN_POINT('',(0.,-3.5));
#11687 = CARTESIAN_POINT('',(3.,-3.5));
#11688 = ( GEOMETRIC_REPRESENTATION_CONTEXT(2) 
PARAMETRIC_REPRESENTATION_CONTEXT() REPRESENTATION_CONTEXT('2D SPACE',''
  ) );
#11689 = PCURVE('',#10919,#11690);
#11690 = DEFINITIONAL_REPRESENTATION('',(#11691),#11694);
#11691 = B_SPLINE_CURVE_WITH_KNOTS('',1,(#11692,#11693),.UNSPECIFIED.,
  .F.,.F.,(2,2),(17.75,20.75),.PIECEWISE_BEZIER_KNOTS.);
#11692 = CARTESIAN_POINT('',(35.5,40.));
#11693 = CARTESIAN_POINT('',(38.5,40.));
#11694 = ( GEOMETRIC_REPRESENTATION_CONTEXT(2) 
PARAMETRIC_REPRESENTATION_CONTEXT() REPRESENTATION_CONTEXT('2D SPACE',''
  ) );
#11695 = ORIENTED_EDGE('',*,*,#11696,.F.);
#11696 = EDGE_CURVE('',#9775,#11676,#11697,.T.);
#11697 = SURFACE_CURVE('',#11698,(#11702,#11709),.PCURVE_S1.);
#11698 = LINE('',#11699,#11700);
#11699 = CARTESIAN_POINT('',(-20.,48.5,41.5));
#11700 = VECTOR('',#11701,1.);
#11701 = DIRECTION('',(0.,-1.,0.));
#11702 = PCURVE('',#9789,#11703);
#11703 = DEFINITIONAL_REPRESENTATION('',(#11704),#11708);
#11704 = LINE('',#11705,#11706);
#11705 = CARTESIAN_POINT('',(3.,0.));
#11706 = VECTOR('',#11707,1.);
#11707 = DIRECTION('',(0.,-1.));
#11708 = ( GEOMETRIC_REPRESENTATION_CONTEXT(2) 
PARAMETRIC_REPRESENTATION_CONTEXT() REPRESENTATION_CONTEXT('2D SPACE',''
  ) );
#11709 = PCURVE('',#9865,#11710);
#11710 = DEFINITIONAL_REPRESENTATION('',(#11711),#11715);
#11711 = LINE('',#11712,#11713);
#11712 = CARTESIAN_POINT('',(0.,0.));
#11713 = VECTOR('',#11714,1.);
#11714 = DIRECTION('',(0.,-1.));
#11715 = ( GEOMETRIC_REPRESENTATION_CONTEXT(2) 
PARAMETRIC_REPRESENTATION_CONTEXT() REPRESENTATION_CONTEXT('2D SPACE',''
  ) );
#11716 = ADVANCED_FACE('',(#11717),#9865,.F.);
#11717 = FACE_BOUND('',#11718,.F.);
#11718 = EDGE_LOOP('',(#11719,#11720,#11721,#11742));
#11719 = ORIENTED_EDGE('',*,*,#9852,.F.);
#11720 = ORIENTED_EDGE('',*,*,#11696,.T.);
#11721 = ORIENTED_EDGE('',*,*,#11722,.T.);
#11722 = EDGE_CURVE('',#11676,#11723,#11725,.T.);
#11723 = VERTEX_POINT('',#11724);
#11724 = CARTESIAN_POINT('',(20.,45.,41.5));
#11725 = SURFACE_CURVE('',#11726,(#11730,#11736),.PCURVE_S1.);
#11726 = LINE('',#11727,#11728);
#11727 = CARTESIAN_POINT('',(-40.,45.,41.5));
#11728 = VECTOR('',#11729,1.);
#11729 = DIRECTION('',(1.,-0.,0.));
#11730 = PCURVE('',#9865,#11731);
#11731 = DEFINITIONAL_REPRESENTATION('',(#11732),#11735);
#11732 = B_SPLINE_CURVE_WITH_KNOTS('',1,(#11733,#11734),.UNSPECIFIED.,
  .F.,.F.,(2,2),(20.,60.),.PIECEWISE_BEZIER_KNOTS.);
#11733 = CARTESIAN_POINT('',(0.,-3.5));
#11734 = CARTESIAN_POINT('',(40.,-3.5));
#11735 = ( GEOMETRIC_REPRESENTATION_CONTEXT(2) 
PARAMETRIC_REPRESENTATION_CONTEXT() REPRESENTATION_CONTEXT('2D SPACE',''
  ) );
#11736 = PCURVE('',#10919,#11737);
#11737 = DEFINITIONAL_REPRESENTATION('',(#11738),#11741);
#11738 = B_SPLINE_CURVE_WITH_KNOTS('',1,(#11739,#11740),.UNSPECIFIED.,
  .F.,.F.,(2,2),(20.,60.),.PIECEWISE_BEZIER_KNOTS.);
#11739 = CARTESIAN_POINT('',(38.5,40.));
#11740 = CARTESIAN_POINT('',(38.5,80.));
#11741 = ( GEOMETRIC_REPRESENTATION_CONTEXT(2) 
PARAMETRIC_REPRESENTATION_CONTEXT() REPRESENTATION_CONTEXT('2D SPACE',''
  ) );
#11742 = ORIENTED_EDGE('',*,*,#11743,.F.);
#11743 = EDGE_CURVE('',#9827,#11723,#11744,.T.);
#11744 = SURFACE_CURVE('',#11745,(#11749,#11756),.PCURVE_S1.);
#11745 = LINE('',#11746,#11747);
#11746 = CARTESIAN_POINT('',(20.,48.5,41.5));
#11747 = VECTOR('',#11748,1.);
#11748 = DIRECTION('',(0.,-1.,0.));
#11749 = PCURVE('',#9865,#11750);
#11750 = DEFINITIONAL_REPRESENTATION('',(#11751),#11755);
#11751 = LINE('',#11752,#11753);
#11752 = CARTESIAN_POINT('',(40.,0.));
#11753 = VECTOR('',#11754,1.);
#11754 = DIRECTION('',(0.,-1.));
#11755 = ( GEOMETRIC_REPRESENTATION_CONTEXT(2) 
PARAMETRIC_REPRESENTATION_CONTEXT() REPRESENTATION_CONTEXT('2D SPACE',''
  ) );
#11756 = PCURVE('',#9841,#11757);
#11757 = DEFINITIONAL_REPRESENTATION('',(#11758),#11762);
#11758 = LINE('',#11759,#11760);
#11759 = CARTESIAN_POINT('',(3.,0.));
#11760 = VECTOR('',#11761,1.);
#11761 = DIRECTION('',(0.,-1.));
#11762 = ( GEOMETRIC_REPRESENTATION_CONTEXT(2) 
PARAMETRIC_REPRESENTATION_CONTEXT() REPRESENTATION_CONTEXT('2D SPACE',''
  ) );
#11763 = ADVANCED_FACE('',(#11764),#9841,.T.);
#11764 = FACE_BOUND('',#11765,.T.);
#11765 = EDGE_LOOP('',(#11766,#11767,#11790,#11809));
#11766 = ORIENTED_EDGE('',*,*,#9826,.F.);
#11767 = ORIENTED_EDGE('',*,*,#11768,.T.);
#11768 = EDGE_CURVE('',#9801,#11769,#11771,.T.);
#11769 = VERTEX_POINT('',#11770);
#11770 = CARTESIAN_POINT('',(20.,45.,38.5));
#11771 = SURFACE_CURVE('',#11772,(#11776,#11783),.PCURVE_S1.);
#11772 = LINE('',#11773,#11774);
#11773 = CARTESIAN_POINT('',(20.,48.5,38.5));
#11774 = VECTOR('',#11775,1.);
#11775 = DIRECTION('',(0.,-1.,0.));
#11776 = PCURVE('',#9841,#11777);
#11777 = DEFINITIONAL_REPRESENTATION('',(#11778),#11782);
#11778 = LINE('',#11779,#11780);
#11779 = CARTESIAN_POINT('',(0.,0.));
#11780 = VECTOR('',#11781,1.);
#11781 = DIRECTION('',(0.,-1.));
#11782 = ( GEOMETRIC_REPRESENTATION_CONTEXT(2) 
PARAMETRIC_REPRESENTATION_CONTEXT() REPRESENTATION_CONTEXT('2D SPACE',''
  ) );
#11783 = PCURVE('',#9815,#11784);
#11784 = DEFINITIONAL_REPRESENTATION('',(#11785),#11789);
#11785 = LINE('',#11786,#11787);
#11786 = CARTESIAN_POINT('',(40.,0.));
#11787 = VECTOR('',#11788,1.);
#11788 = DIRECTION('',(0.,-1.));
#11789 = ( GEOMETRIC_REPRESENTATION_CONTEXT(2) 
PARAMETRIC_REPRESENTATION_CONTEXT() REPRESENTATION_CONTEXT('2D SPACE',''
  ) );
#11790 = ORIENTED_EDGE('',*,*,#11791,.T.);
#11791 = EDGE_CURVE('',#11769,#11723,#11792,.T.);
#11792 = SURFACE_CURVE('',#11793,(#11797,#11803),.PCURVE_S1.);
#11793 = LINE('',#11794,#11795);
#11794 = CARTESIAN_POINT('',(20.,45.,20.75));
#11795 = VECTOR('',#11796,1.);
#11796 = DIRECTION('',(0.,-0.,1.));
#11797 = PCURVE('',#9841,#11798);
#11798 = DEFINITIONAL_REPRESENTATION('',(#11799),#11802);
#11799 = B_SPLINE_CURVE_WITH_KNOTS('',1,(#11800,#11801),.UNSPECIFIED.,
  .F.,.F.,(2,2),(17.75,20.75),.PIECEWISE_BEZIER_KNOTS.);
#11800 = CARTESIAN_POINT('',(0.,-3.5));
#11801 = CARTESIAN_POINT('',(3.,-3.5));
#11802 = ( GEOMETRIC_REPRESENTATION_CONTEXT(2) 
PARAMETRIC_REPRESENTATION_CONTEXT() REPRESENTATION_CONTEXT('2D SPACE',''
  ) );
#11803 = PCURVE('',#10919,#11804);
#11804 = DEFINITIONAL_REPRESENTATION('',(#11805),#11808);
#11805 = B_SPLINE_CURVE_WITH_KNOTS('',1,(#11806,#11807),.UNSPECIFIED.,
  .F.,.F.,(2,2),(17.75,20.75),.PIECEWISE_BEZIER_KNOTS.);
#11806 = CARTESIAN_POINT('',(35.5,80.));
#11807 = CARTESIAN_POINT('',(38.5,80.));
#11808 = ( GEOMETRIC_REPRESENTATION_CONTEXT(2) 
PARAMETRIC_REPRESENTATION_CONTEXT() REPRESENTATION_CONTEXT('2D SPACE',''
  ) );
#11809 = ORIENTED_EDGE('',*,*,#11743,.F.);
#11810 = ADVANCED_FACE('',(#11811),#9815,.T.);
#11811 = FACE_BOUND('',#11812,.T.);
#11812 = EDGE_LOOP('',(#11813,#11814,#11815,#11834));
#11813 = ORIENTED_EDGE('',*,*,#9800,.F.);
#11814 = ORIENTED_EDGE('',*,*,#11652,.T.);
#11815 = ORIENTED_EDGE('',*,*,#11816,.T.);
#11816 = EDGE_CURVE('',#11653,#11769,#11817,.T.);
#11817 = SURFACE_CURVE('',#11818,(#11822,#11828),.PCURVE_S1.);
#11818 = LINE('',#11819,#11820);
#11819 = CARTESIAN_POINT('',(-40.,45.,38.5));
#11820 = VECTOR('',#11821,1.);
#11821 = DIRECTION('',(1.,-0.,0.));
#11822 = PCURVE('',#9815,#11823);
#11823 = DEFINITIONAL_REPRESENTATION('',(#11824),#11827);
#11824 = B_SPLINE_CURVE_WITH_KNOTS('',1,(#11825,#11826),.UNSPECIFIED.,
  .F.,.F.,(2,2),(20.,60.),.PIECEWISE_BEZIER_KNOTS.);
#11825 = CARTESIAN_POINT('',(0.,-3.5));
#11826 = CARTESIAN_POINT('',(40.,-3.5));
#11827 = ( GEOMETRIC_REPRESENTATION_CONTEXT(2) 
PARAMETRIC_REPRESENTATION_CONTEXT() REPRESENTATION_CONTEXT('2D SPACE',''
  ) );
#11828 = PCURVE('',#10919,#11829);
#11829 = DEFINITIONAL_REPRESENTATION('',(#11830),#11833);
#11830 = B_SPLINE_CURVE_WITH_KNOTS('',1,(#11831,#11832),.UNSPECIFIED.,
  .F.,.F.,(2,2),(20.,60.),.PIECEWISE_BEZIER_KNOTS.);
#11831 = CARTESIAN_POINT('',(35.5,40.));
#11832 = CARTESIAN_POINT('',(35.5,80.));
#11833 = ( GEOMETRIC_REPRESENTATION_CONTEXT(2) 
PARAMETRIC_REPRESENTATION_CONTEXT() REPRESENTATION_CONTEXT('2D SPACE',''
  ) );
#11834 = ORIENTED_EDGE('',*,*,#11768,.F.);
#11835 = ADVANCED_FACE('',(#11836),#9895,.F.);
#11836 = FACE_BOUND('',#11837,.F.);
#11837 = EDGE_LOOP('',(#11838,#11839,#11862,#11883));
#11838 = ORIENTED_EDGE('',*,*,#9878,.F.);
#11839 = ORIENTED_EDGE('',*,*,#11840,.T.);
#11840 = EDGE_CURVE('',#9879,#11841,#11843,.T.);
#11841 = VERTEX_POINT('',#11842);
#11842 = CARTESIAN_POINT('',(-20.,45.,44.5));
#11843 = SURFACE_CURVE('',#11844,(#11848,#11855),.PCURVE_S1.);
#11844 = LINE('',#11845,#11846);
#11845 = CARTESIAN_POINT('',(-20.,48.5,44.5));
#11846 = VECTOR('',#11847,1.);
#11847 = DIRECTION('',(0.,-1.,0.));
#11848 = PCURVE('',#9895,#11849);
#11849 = DEFINITIONAL_REPRESENTATION('',(#11850),#11854);
#11850 = LINE('',#11851,#11852);
#11851 = CARTESIAN_POINT('',(0.,0.));
#11852 = VECTOR('',#11853,1.);
#11853 = DIRECTION('',(0.,-1.));
#11854 = ( GEOMETRIC_REPRESENTATION_CONTEXT(2) 
PARAMETRIC_REPRESENTATION_CONTEXT() REPRESENTATION_CONTEXT('2D SPACE',''
  ) );
#11855 = PCURVE('',#9921,#11856);
#11856 = DEFINITIONAL_REPRESENTATION('',(#11857),#11861);
#11857 = LINE('',#11858,#11859);
#11858 = CARTESIAN_POINT('',(0.,0.));
#11859 = VECTOR('',#11860,1.);
#11860 = DIRECTION('',(0.,-1.));
#11861 = ( GEOMETRIC_REPRESENTATION_CONTEXT(2) 
PARAMETRIC_REPRESENTATION_CONTEXT() REPRESENTATION_CONTEXT('2D SPACE',''
  ) );
#11862 = ORIENTED_EDGE('',*,*,#11863,.T.);
#11863 = EDGE_CURVE('',#11841,#11864,#11866,.T.);
#11864 = VERTEX_POINT('',#11865);
#11865 = CARTESIAN_POINT('',(-20.,45.,47.5));
#11866 = SURFACE_CURVE('',#11867,(#11871,#11877),.PCURVE_S1.);
#11867 = LINE('',#11868,#11869);
#11868 = CARTESIAN_POINT('',(-20.,45.,23.75));
#11869 = VECTOR('',#11870,1.);
#11870 = DIRECTION('',(0.,-0.,1.));
#11871 = PCURVE('',#9895,#11872);
#11872 = DEFINITIONAL_REPRESENTATION('',(#11873),#11876);
#11873 = B_SPLINE_CURVE_WITH_KNOTS('',1,(#11874,#11875),.UNSPECIFIED.,
  .F.,.F.,(2,2),(20.75,23.75),.PIECEWISE_BEZIER_KNOTS.);
#11874 = CARTESIAN_POINT('',(0.,-3.5));
#11875 = CARTESIAN_POINT('',(3.,-3.5));
#11876 = ( GEOMETRIC_REPRESENTATION_CONTEXT(2) 
PARAMETRIC_REPRESENTATION_CONTEXT() REPRESENTATION_CONTEXT('2D SPACE',''
  ) );
#11877 = PCURVE('',#10919,#11878);
#11878 = DEFINITIONAL_REPRESENTATION('',(#11879),#11882);
#11879 = B_SPLINE_CURVE_WITH_KNOTS('',1,(#11880,#11881),.UNSPECIFIED.,
  .F.,.F.,(2,2),(20.75,23.75),.PIECEWISE_BEZIER_KNOTS.);
#11880 = CARTESIAN_POINT('',(41.5,40.));
#11881 = CARTESIAN_POINT('',(44.5,40.));
#11882 = ( GEOMETRIC_REPRESENTATION_CONTEXT(2) 
PARAMETRIC_REPRESENTATION_CONTEXT() REPRESENTATION_CONTEXT('2D SPACE',''
  ) );
#11883 = ORIENTED_EDGE('',*,*,#11884,.F.);
#11884 = EDGE_CURVE('',#9881,#11864,#11885,.T.);
#11885 = SURFACE_CURVE('',#11886,(#11890,#11897),.PCURVE_S1.);
#11886 = LINE('',#11887,#11888);
#11887 = CARTESIAN_POINT('',(-20.,48.5,47.5));
#11888 = VECTOR('',#11889,1.);
#11889 = DIRECTION('',(0.,-1.,0.));
#11890 = PCURVE('',#9895,#11891);
#11891 = DEFINITIONAL_REPRESENTATION('',(#11892),#11896);
#11892 = LINE('',#11893,#11894);
#11893 = CARTESIAN_POINT('',(3.,0.));
#11894 = VECTOR('',#11895,1.);
#11895 = DIRECTION('',(0.,-1.));
#11896 = ( GEOMETRIC_REPRESENTATION_CONTEXT(2) 
PARAMETRIC_REPRESENTATION_CONTEXT() REPRESENTATION_CONTEXT('2D SPACE',''
  ) );
#11897 = PCURVE('',#9971,#11898);
#11898 = DEFINITIONAL_REPRESENTATION('',(#11899),#11903);
#11899 = LINE('',#11900,#11901);
#11900 = CARTESIAN_POINT('',(0.,0.));
#11901 = VECTOR('',#11902,1.);
#11902 = DIRECTION('',(0.,-1.));
#11903 = ( GEOMETRIC_REPRESENTATION_CONTEXT(2) 
PARAMETRIC_REPRESENTATION_CONTEXT() REPRESENTATION_CONTEXT('2D SPACE',''
  ) );
#11904 = ADVANCED_FACE('',(#11905),#9971,.F.);
#11905 = FACE_BOUND('',#11906,.F.);
#11906 = EDGE_LOOP('',(#11907,#11908,#11909,#11930));
#11907 = ORIENTED_EDGE('',*,*,#9958,.F.);
#11908 = ORIENTED_EDGE('',*,*,#11884,.T.);
#11909 = ORIENTED_EDGE('',*,*,#11910,.T.);
#11910 = EDGE_CURVE('',#11864,#11911,#11913,.T.);
#11911 = VERTEX_POINT('',#11912);
#11912 = CARTESIAN_POINT('',(20.,45.,47.5));
#11913 = SURFACE_CURVE('',#11914,(#11918,#11924),.PCURVE_S1.);
#11914 = LINE('',#11915,#11916);
#11915 = CARTESIAN_POINT('',(-40.,45.,47.5));
#11916 = VECTOR('',#11917,1.);
#11917 = DIRECTION('',(1.,-0.,0.));
#11918 = PCURVE('',#9971,#11919);
#11919 = DEFINITIONAL_REPRESENTATION('',(#11920),#11923);
#11920 = B_SPLINE_CURVE_WITH_KNOTS('',1,(#11921,#11922),.UNSPECIFIED.,
  .F.,.F.,(2,2),(20.,60.),.PIECEWISE_BEZIER_KNOTS.);
#11921 = CARTESIAN_POINT('',(0.,-3.5));
#11922 = CARTESIAN_POINT('',(40.,-3.5));
#11923 = ( GEOMETRIC_REPRESENTATION_CONTEXT(2) 
PARAMETRIC_REPRESENTATION_CONTEXT() REPRESENTATION_CONTEXT('2D SPACE',''
  ) );
#11924 = PCURVE('',#10919,#11925);
#11925 = DEFINITIONAL_REPRESENTATION('',(#11926),#11929);
#11926 = B_SPLINE_CURVE_WITH_KNOTS('',1,(#11927,#11928),.UNSPECIFIED.,
  .F.,.F.,(2,2),(20.,60.),.PIECEWISE_BEZIER_KNOTS.);
#11927 = CARTESIAN_POINT('',(44.5,40.));
#11928 = CARTESIAN_POINT('',(44.5,80.));
#11929 = ( GEOMETRIC_REPRESENTATION_CONTEXT(2) 
PARAMETRIC_REPRESENTATION_CONTEXT() REPRESENTATION_CONTEXT('2D SPACE',''
  ) );
#11930 = ORIENTED_EDGE('',*,*,#11931,.F.);
#11931 = EDGE_CURVE('',#9933,#11911,#11932,.T.);
#11932 = SURFACE_CURVE('',#11933,(#11937,#11944),.PCURVE_S1.);
#11933 = LINE('',#11934,#11935);
#11934 = CARTESIAN_POINT('',(20.,48.5,47.5));
#11935 = VECTOR('',#11936,1.);
#11936 = DIRECTION('',(0.,-1.,0.));
#11937 = PCURVE('',#9971,#11938);
#11938 = DEFINITIONAL_REPRESENTATION('',(#11939),#11943);
#11939 = LINE('',#11940,#11941);
#11940 = CARTESIAN_POINT('',(40.,0.));
#11941 = VECTOR('',#11942,1.);
#11942 = DIRECTION('',(0.,-1.));
#11943 = ( GEOMETRIC_REPRESENTATION_CONTEXT(2) 
PARAMETRIC_REPRESENTATION_CONTEXT() REPRESENTATION_CONTEXT('2D SPACE',''
  ) );
#11944 = PCURVE('',#9947,#11945);
#11945 = DEFINITIONAL_REPRESENTATION('',(#11946),#11950);
#11946 = LINE('',#11947,#11948);
#11947 = CARTESIAN_POINT('',(3.,0.));
#11948 = VECTOR('',#11949,1.);
#11949 = DIRECTION('',(0.,-1.));
#11950 = ( GEOMETRIC_REPRESENTATION_CONTEXT(2) 
PARAMETRIC_REPRESENTATION_CONTEXT() REPRESENTATION_CONTEXT('2D SPACE',''
  ) );
#11951 = ADVANCED_FACE('',(#11952),#9947,.T.);
#11952 = FACE_BOUND('',#11953,.T.);
#11953 = EDGE_LOOP('',(#11954,#11955,#11978,#11997));
#11954 = ORIENTED_EDGE('',*,*,#9932,.F.);
#11955 = ORIENTED_EDGE('',*,*,#11956,.T.);
#11956 = EDGE_CURVE('',#9907,#11957,#11959,.T.);
#11957 = VERTEX_POINT('',#11958);
#11958 = CARTESIAN_POINT('',(20.,45.,44.5));
#11959 = SURFACE_CURVE('',#11960,(#11964,#11971),.PCURVE_S1.);
#11960 = LINE('',#11961,#11962);
#11961 = CARTESIAN_POINT('',(20.,48.5,44.5));
#11962 = VECTOR('',#11963,1.);
#11963 = DIRECTION('',(0.,-1.,0.));
#11964 = PCURVE('',#9947,#11965);
#11965 = DEFINITIONAL_REPRESENTATION('',(#11966),#11970);
#11966 = LINE('',#11967,#11968);
#11967 = CARTESIAN_POINT('',(0.,0.));
#11968 = VECTOR('',#11969,1.);
#11969 = DIRECTION('',(0.,-1.));
#11970 = ( GEOMETRIC_REPRESENTATION_CONTEXT(2) 
PARAMETRIC_REPRESENTATION_CONTEXT() REPRESENTATION_CONTEXT('2D SPACE',''
  ) );
#11971 = PCURVE('',#9921,#11972);
#11972 = DEFINITIONAL_REPRESENTATION('',(#11973),#11977);
#11973 = LINE('',#11974,#11975);
#11974 = CARTESIAN_POINT('',(40.,0.));
#11975 = VECTOR('',#11976,1.);
#11976 = DIRECTION('',(0.,-1.));
#11977 = ( GEOMETRIC_REPRESENTATION_CONTEXT(2) 
PARAMETRIC_REPRESENTATION_CONTEXT() REPRESENTATION_CONTEXT('2D SPACE',''
  ) );
#11978 = ORIENTED_EDGE('',*,*,#11979,.T.);
#11979 = EDGE_CURVE('',#11957,#11911,#11980,.T.);
#11980 = SURFACE_CURVE('',#11981,(#11985,#11991),.PCURVE_S1.);
#11981 = LINE('',#11982,#11983);
#11982 = CARTESIAN_POINT('',(20.,45.,23.75));
#11983 = VECTOR('',#11984,1.);
#11984 = DIRECTION('',(0.,-0.,1.));
#11985 = PCURVE('',#9947,#11986);
#11986 = DEFINITIONAL_REPRESENTATION('',(#11987),#11990);
#11987 = B_SPLINE_CURVE_WITH_KNOTS('',1,(#11988,#11989),.UNSPECIFIED.,
  .F.,.F.,(2,2),(20.75,23.75),.PIECEWISE_BEZIER_KNOTS.);
#11988 = CARTESIAN_POINT('',(0.,-3.5));
#11989 = CARTESIAN_POINT('',(3.,-3.5));
#11990 = ( GEOMETRIC_REPRESENTATION_CONTEXT(2) 
PARAMETRIC_REPRESENTATION_CONTEXT() REPRESENTATION_CONTEXT('2D SPACE',''
  ) );
#11991 = PCURVE('',#10919,#11992);
#11992 = DEFINITIONAL_REPRESENTATION('',(#11993),#11996);
#11993 = B_SPLINE_CURVE_WITH_KNOTS('',1,(#11994,#11995),.UNSPECIFIED.,
  .F.,.F.,(2,2),(20.75,23.75),.PIECEWISE_BEZIER_KNOTS.);
#11994 = CARTESIAN_POINT('',(41.5,80.));
#11995 = CARTESIAN_POINT('',(44.5,80.));
#11996 = ( GEOMETRIC_REPRESENTATION_CONTEXT(2) 
PARAMETRIC_REPRESENTATION_CONTEXT() REPRESENTATION_CONTEXT('2D SPACE',''
  ) );
#11997 = ORIENTED_EDGE('',*,*,#11931,.F.);
#11998 = ADVANCED_FACE('',(#11999),#9921,.T.);
#11999 = FACE_BOUND('',#12000,.T.);
#12000 = EDGE_LOOP('',(#12001,#12002,#12003,#12022));
#12001 = ORIENTED_EDGE('',*,*,#9906,.F.);
#12002 = ORIENTED_EDGE('',*,*,#11840,.T.);
#12003 = ORIENTED_EDGE('',*,*,#12004,.T.);
#12004 = EDGE_CURVE('',#11841,#11957,#12005,.T.);
#12005 = SURFACE_CURVE('',#12006,(#12010,#12016),.PCURVE_S1.);
#12006 = LINE('',#12007,#12008);
#12007 = CARTESIAN_POINT('',(-40.,45.,44.5));
#12008 = VECTOR('',#12009,1.);
#12009 = DIRECTION('',(1.,-0.,0.));
#12010 = PCURVE('',#9921,#12011);
#12011 = DEFINITIONAL_REPRESENTATION('',(#12012),#12015);
#12012 = B_SPLINE_CURVE_WITH_KNOTS('',1,(#12013,#12014),.UNSPECIFIED.,
  .F.,.F.,(2,2),(20.,60.),.PIECEWISE_BEZIER_KNOTS.);
#12013 = CARTESIAN_POINT('',(0.,-3.5));
#12014 = CARTESIAN_POINT('',(40.,-3.5));
#12015 = ( GEOMETRIC_REPRESENTATION_CONTEXT(2) 
PARAMETRIC_REPRESENTATION_CONTEXT() REPRESENTATION_CONTEXT('2D SPACE',''
  ) );
#12016 = PCURVE('',#10919,#12017);
#12017 = DEFINITIONAL_REPRESENTATION('',(#12018),#12021);
#12018 = B_SPLINE_CURVE_WITH_KNOTS('',1,(#12019,#12020),.UNSPECIFIED.,
  .F.,.F.,(2,2),(20.,60.),.PIECEWISE_BEZIER_KNOTS.);
#12019 = CARTESIAN_POINT('',(41.5,40.));
#12020 = CARTESIAN_POINT('',(41.5,80.));
#12021 = ( GEOMETRIC_REPRESENTATION_CONTEXT(2) 
PARAMETRIC_REPRESENTATION_CONTEXT() REPRESENTATION_CONTEXT('2D SPACE',''
  ) );
#12022 = ORIENTED_EDGE('',*,*,#11956,.F.);
#12023 = ADVANCED_FACE('',(#12024),#10001,.F.);
#12024 = FACE_BOUND('',#12025,.F.);
#12025 = EDGE_LOOP('',(#12026,#12027,#12050,#12071));
#12026 = ORIENTED_EDGE('',*,*,#9984,.F.);
#12027 = ORIENTED_EDGE('',*,*,#12028,.T.);
#12028 = EDGE_CURVE('',#9985,#12029,#12031,.T.);
#12029 = VERTEX_POINT('',#12030);
#12030 = CARTESIAN_POINT('',(-20.,45.,50.5));
#12031 = SURFACE_CURVE('',#12032,(#12036,#12043),.PCURVE_S1.);
#12032 = LINE('',#12033,#12034);
#12033 = CARTESIAN_POINT('',(-20.,48.5,50.5));
#12034 = VECTOR('',#12035,1.);
#12035 = DIRECTION('',(0.,-1.,0.));
#12036 = PCURVE('',#10001,#12037);
#12037 = DEFINITIONAL_REPRESENTATION('',(#12038),#12042);
#12038 = LINE('',#12039,#12040);
#12039 = CARTESIAN_POINT('',(0.,0.));
#12040 = VECTOR('',#12041,1.);
#12041 = DIRECTION('',(0.,-1.));
#12042 = ( GEOMETRIC_REPRESENTATION_CONTEXT(2) 
PARAMETRIC_REPRESENTATION_CONTEXT() REPRESENTATION_CONTEXT('2D SPACE',''
  ) );
#12043 = PCURVE('',#10027,#12044);
#12044 = DEFINITIONAL_REPRESENTATION('',(#12045),#12049);
#12045 = LINE('',#12046,#12047);
#12046 = CARTESIAN_POINT('',(0.,0.));
#12047 = VECTOR('',#12048,1.);
#12048 = DIRECTION('',(0.,-1.));
#12049 = ( GEOMETRIC_REPRESENTATION_CONTEXT(2) 
PARAMETRIC_REPRESENTATION_CONTEXT() REPRESENTATION_CONTEXT('2D SPACE',''
  ) );
#12050 = ORIENTED_EDGE('',*,*,#12051,.T.);
#12051 = EDGE_CURVE('',#12029,#12052,#12054,.T.);
#12052 = VERTEX_POINT('',#12053);
#12053 = CARTESIAN_POINT('',(-20.,45.,53.5));
#12054 = SURFACE_CURVE('',#12055,(#12059,#12065),.PCURVE_S1.);
#12055 = LINE('',#12056,#12057);
#12056 = CARTESIAN_POINT('',(-20.,45.,26.75));
#12057 = VECTOR('',#12058,1.);
#12058 = DIRECTION('',(0.,-0.,1.));
#12059 = PCURVE('',#10001,#12060);
#12060 = DEFINITIONAL_REPRESENTATION('',(#12061),#12064);
#12061 = B_SPLINE_CURVE_WITH_KNOTS('',1,(#12062,#12063),.UNSPECIFIED.,
  .F.,.F.,(2,2),(23.75,26.75),.PIECEWISE_BEZIER_KNOTS.);
#12062 = CARTESIAN_POINT('',(0.,-3.5));
#12063 = CARTESIAN_POINT('',(3.,-3.5));
#12064 = ( GEOMETRIC_REPRESENTATION_CONTEXT(2) 
PARAMETRIC_REPRESENTATION_CONTEXT() REPRESENTATION_CONTEXT('2D SPACE',''
  ) );
#12065 = PCURVE('',#10919,#12066);
#12066 = DEFINITIONAL_REPRESENTATION('',(#12067),#12070);
#12067 = B_SPLINE_CURVE_WITH_KNOTS('',1,(#12068,#12069),.UNSPECIFIED.,
  .F.,.F.,(2,2),(23.75,26.75),.PIECEWISE_BEZIER_KNOTS.);
#12068 = CARTESIAN_POINT('',(47.5,40.));
#12069 = CARTESIAN_POINT('',(50.5,40.));
#12070 = ( GEOMETRIC_REPRESENTATION_CONTEXT(2) 
PARAMETRIC_REPRESENTATION_CONTEXT() REPRESENTATION_CONTEXT('2D SPACE',''
  ) );
#12071 = ORIENTED_EDGE('',*,*,#12072,.F.);
#12072 = EDGE_CURVE('',#9987,#12052,#12073,.T.);
#12073 = SURFACE_CURVE('',#12074,(#12078,#12085),.PCURVE_S1.);
#12074 = LINE('',#12075,#12076);
#12075 = CARTESIAN_POINT('',(-20.,48.5,53.5));
#12076 = VECTOR('',#12077,1.);
#12077 = DIRECTION('',(0.,-1.,0.));
#12078 = PCURVE('',#10001,#12079);
#12079 = DEFINITIONAL_REPRESENTATION('',(#12080),#12084);
#12080 = LINE('',#12081,#12082);
#12081 = CARTESIAN_POINT('',(3.,0.));
#12082 = VECTOR('',#12083,1.);
#12083 = DIRECTION('',(0.,-1.));
#12084 = ( GEOMETRIC_REPRESENTATION_CONTEXT(2) 
PARAMETRIC_REPRESENTATION_CONTEXT() REPRESENTATION_CONTEXT('2D SPACE',''
  ) );
#12085 = PCURVE('',#10077,#12086);
#12086 = DEFINITIONAL_REPRESENTATION('',(#12087),#12091);
#12087 = LINE('',#12088,#12089);
#12088 = CARTESIAN_POINT('',(0.,0.));
#12089 = VECTOR('',#12090,1.);
#12090 = DIRECTION('',(0.,-1.));
#12091 = ( GEOMETRIC_REPRESENTATION_CONTEXT(2) 
PARAMETRIC_REPRESENTATION_CONTEXT() REPRESENTATION_CONTEXT('2D SPACE',''
  ) );
#12092 = ADVANCED_FACE('',(#12093),#10077,.F.);
#12093 = FACE_BOUND('',#12094,.F.);
#12094 = EDGE_LOOP('',(#12095,#12096,#12097,#12118));
#12095 = ORIENTED_EDGE('',*,*,#10064,.F.);
#12096 = ORIENTED_EDGE('',*,*,#12072,.T.);
#12097 = ORIENTED_EDGE('',*,*,#12098,.T.);
#12098 = EDGE_CURVE('',#12052,#12099,#12101,.T.);
#12099 = VERTEX_POINT('',#12100);
#12100 = CARTESIAN_POINT('',(20.,45.,53.5));
#12101 = SURFACE_CURVE('',#12102,(#12106,#12112),.PCURVE_S1.);
#12102 = LINE('',#12103,#12104);
#12103 = CARTESIAN_POINT('',(-40.,45.,53.5));
#12104 = VECTOR('',#12105,1.);
#12105 = DIRECTION('',(1.,-0.,0.));
#12106 = PCURVE('',#10077,#12107);
#12107 = DEFINITIONAL_REPRESENTATION('',(#12108),#12111);
#12108 = B_SPLINE_CURVE_WITH_KNOTS('',1,(#12109,#12110),.UNSPECIFIED.,
  .F.,.F.,(2,2),(20.,60.),.PIECEWISE_BEZIER_KNOTS.);
#12109 = CARTESIAN_POINT('',(0.,-3.5));
#12110 = CARTESIAN_POINT('',(40.,-3.5));
#12111 = ( GEOMETRIC_REPRESENTATION_CONTEXT(2) 
PARAMETRIC_REPRESENTATION_CONTEXT() REPRESENTATION_CONTEXT('2D SPACE',''
  ) );
#12112 = PCURVE('',#10919,#12113);
#12113 = DEFINITIONAL_REPRESENTATION('',(#12114),#12117);
#12114 = B_SPLINE_CURVE_WITH_KNOTS('',1,(#12115,#12116),.UNSPECIFIED.,
  .F.,.F.,(2,2),(20.,60.),.PIECEWISE_BEZIER_KNOTS.);
#12115 = CARTESIAN_POINT('',(50.5,40.));
#12116 = CARTESIAN_POINT('',(50.5,80.));
#12117 = ( GEOMETRIC_REPRESENTATION_CONTEXT(2) 
PARAMETRIC_REPRESENTATION_CONTEXT() REPRESENTATION_CONTEXT('2D SPACE',''
  ) );
#12118 = ORIENTED_EDGE('',*,*,#12119,.F.);
#12119 = EDGE_CURVE('',#10039,#12099,#12120,.T.);
#12120 = SURFACE_CURVE('',#12121,(#12125,#12132),.PCURVE_S1.);
#12121 = LINE('',#12122,#12123);
#12122 = CARTESIAN_POINT('',(20.,48.5,53.5));
#12123 = VECTOR('',#12124,1.);
#12124 = DIRECTION('',(0.,-1.,0.));
#12125 = PCURVE('',#10077,#12126);
#12126 = DEFINITIONAL_REPRESENTATION('',(#12127),#12131);
#12127 = LINE('',#12128,#12129);
#12128 = CARTESIAN_POINT('',(40.,0.));
#12129 = VECTOR('',#12130,1.);
#12130 = DIRECTION('',(0.,-1.));
#12131 = ( GEOMETRIC_REPRESENTATION_CONTEXT(2) 
PARAMETRIC_REPRESENTATION_CONTEXT() REPRESENTATION_CONTEXT('2D SPACE',''
  ) );
#12132 = PCURVE('',#10053,#12133);
#12133 = DEFINITIONAL_REPRESENTATION('',(#12134),#12138);
#12134 = LINE('',#12135,#12136);
#12135 = CARTESIAN_POINT('',(3.,0.));
#12136 = VECTOR('',#12137,1.);
#12137 = DIRECTION('',(0.,-1.));
#12138 = ( GEOMETRIC_REPRESENTATION_CONTEXT(2) 
PARAMETRIC_REPRESENTATION_CONTEXT() REPRESENTATION_CONTEXT('2D SPACE',''
  ) );
#12139 = ADVANCED_FACE('',(#12140),#10053,.T.);
#12140 = FACE_BOUND('',#12141,.T.);
#12141 = EDGE_LOOP('',(#12142,#12143,#12166,#12185));
#12142 = ORIENTED_EDGE('',*,*,#10038,.F.);
#12143 = ORIENTED_EDGE('',*,*,#12144,.T.);
#12144 = EDGE_CURVE('',#10013,#12145,#12147,.T.);
#12145 = VERTEX_POINT('',#12146);
#12146 = CARTESIAN_POINT('',(20.,45.,50.5));
#12147 = SURFACE_CURVE('',#12148,(#12152,#12159),.PCURVE_S1.);
#12148 = LINE('',#12149,#12150);
#12149 = CARTESIAN_POINT('',(20.,48.5,50.5));
#12150 = VECTOR('',#12151,1.);
#12151 = DIRECTION('',(0.,-1.,0.));
#12152 = PCURVE('',#10053,#12153);
#12153 = DEFINITIONAL_REPRESENTATION('',(#12154),#12158);
#12154 = LINE('',#12155,#12156);
#12155 = CARTESIAN_POINT('',(0.,0.));
#12156 = VECTOR('',#12157,1.);
#12157 = DIRECTION('',(0.,-1.));
#12158 = ( GEOMETRIC_REPRESENTATION_CONTEXT(2) 
PARAMETRIC_REPRESENTATION_CONTEXT() REPRESENTATION_CONTEXT('2D SPACE',''
  ) );
#12159 = PCURVE('',#10027,#12160);
#12160 = DEFINITIONAL_REPRESENTATION('',(#12161),#12165);
#12161 = LINE('',#12162,#12163);
#12162 = CARTESIAN_POINT('',(40.,0.));
#12163 = VECTOR('',#12164,1.);
#12164 = DIRECTION('',(0.,-1.));
#12165 = ( GEOMETRIC_REPRESENTATION_CONTEXT(2) 
PARAMETRIC_REPRESENTATION_CONTEXT() REPRESENTATION_CONTEXT('2D SPACE',''
  ) );
#12166 = ORIENTED_EDGE('',*,*,#12167,.T.);
#12167 = EDGE_CURVE('',#12145,#12099,#12168,.T.);
#12168 = SURFACE_CURVE('',#12169,(#12173,#12179),.PCURVE_S1.);
#12169 = LINE('',#12170,#12171);
#12170 = CARTESIAN_POINT('',(20.,45.,26.75));
#12171 = VECTOR('',#12172,1.);
#12172 = DIRECTION('',(0.,-0.,1.));
#12173 = PCURVE('',#10053,#12174);
#12174 = DEFINITIONAL_REPRESENTATION('',(#12175),#12178);
#12175 = B_SPLINE_CURVE_WITH_KNOTS('',1,(#12176,#12177),.UNSPECIFIED.,
  .F.,.F.,(2,2),(23.75,26.75),.PIECEWISE_BEZIER_KNOTS.);
#12176 = CARTESIAN_POINT('',(0.,-3.5));
#12177 = CARTESIAN_POINT('',(3.,-3.5));
#12178 = ( GEOMETRIC_REPRESENTATION_CONTEXT(2) 
PARAMETRIC_REPRESENTATION_CONTEXT() REPRESENTATION_CONTEXT('2D SPACE',''
  ) );
#12179 = PCURVE('',#10919,#12180);
#12180 = DEFINITIONAL_REPRESENTATION('',(#12181),#12184);
#12181 = B_SPLINE_CURVE_WITH_KNOTS('',1,(#12182,#12183),.UNSPECIFIED.,
  .F.,.F.,(2,2),(23.75,26.75),.PIECEWISE_BEZIER_KNOTS.);
#12182 = CARTESIAN_POINT('',(47.5,80.));
#12183 = CARTESIAN_POINT('',(50.5,80.));
#12184 = ( GEOMETRIC_REPRESENTATION_CONTEXT(2) 
PARAMETRIC_REPRESENTATION_CONTEXT() REPRESENTATION_CONTEXT('2D SPACE',''
  ) );
#12185 = ORIENTED_EDGE('',*,*,#12119,.F.);
#12186 = ADVANCED_FACE('',(#12187),#10027,.T.);
#12187 = FACE_BOUND('',#12188,.T.);
#12188 = EDGE_LOOP('',(#12189,#12190,#12191,#12210));
#12189 = ORIENTED_EDGE('',*,*,#10012,.F.);
#12190 = ORIENTED_EDGE('',*,*,#12028,.T.);
#12191 = ORIENTED_EDGE('',*,*,#12192,.T.);
#12192 = EDGE_CURVE('',#12029,#12145,#12193,.T.);
#12193 = SURFACE_CURVE('',#12194,(#12198,#12204),.PCURVE_S1.);
#12194 = LINE('',#12195,#12196);
#12195 = CARTESIAN_POINT('',(-40.,45.,50.5));
#12196 = VECTOR('',#12197,1.);
#12197 = DIRECTION('',(1.,-0.,0.));
#12198 = PCURVE('',#10027,#12199);
#12199 = DEFINITIONAL_REPRESENTATION('',(#12200),#12203);
#12200 = B_SPLINE_CURVE_WITH_KNOTS('',1,(#12201,#12202),.UNSPECIFIED.,
  .F.,.F.,(2,2),(20.,60.),.PIECEWISE_BEZIER_KNOTS.);
#12201 = CARTESIAN_POINT('',(0.,-3.5));
#12202 = CARTESIAN_POINT('',(40.,-3.5));
#12203 = ( GEOMETRIC_REPRESENTATION_CONTEXT(2) 
PARAMETRIC_REPRESENTATION_CONTEXT() REPRESENTATION_CONTEXT('2D SPACE',''
  ) );
#12204 = PCURVE('',#10919,#12205);
#12205 = DEFINITIONAL_REPRESENTATION('',(#12206),#12209);
#12206 = B_SPLINE_CURVE_WITH_KNOTS('',1,(#12207,#12208),.UNSPECIFIED.,
  .F.,.F.,(2,2),(20.,60.),.PIECEWISE_BEZIER_KNOTS.);
#12207 = CARTESIAN_POINT('',(47.5,40.));
#12208 = CARTESIAN_POINT('',(47.5,80.));
#12209 = ( GEOMETRIC_REPRESENTATION_CONTEXT(2) 
PARAMETRIC_REPRESENTATION_CONTEXT() REPRESENTATION_CONTEXT('2D SPACE',''
  ) );
#12210 = ORIENTED_EDGE('',*,*,#12144,.F.);
#12211 = ADVANCED_FACE('',(#12212,#12218),#10199,.T.);
#12212 = FACE_BOUND('',#12213,.T.);
#12213 = EDGE_LOOP('',(#12214,#12215,#12216,#12217));
#12214 = ORIENTED_EDGE('',*,*,#10258,.F.);
#12215 = ORIENTED_EDGE('',*,*,#10405,.F.);
#12216 = ORIENTED_EDGE('',*,*,#10431,.T.);
#12217 = ORIENTED_EDGE('',*,*,#10184,.F.);
#12218 = FACE_BOUND('',#12219,.T.);
#12219 = EDGE_LOOP('',(#12220));
#12220 = ORIENTED_EDGE('',*,*,#10480,.T.);
#12221 = ADVANCED_FACE('',(#12222),#10330,.F.);
#12222 = FACE_BOUND('',#12223,.F.);
#12223 = EDGE_LOOP('',(#12224,#12225,#12248,#12274));
#12224 = ORIENTED_EDGE('',*,*,#10309,.F.);
#12225 = ORIENTED_EDGE('',*,*,#12226,.T.);
#12226 = EDGE_CURVE('',#10310,#12227,#12229,.T.);
#12227 = VERTEX_POINT('',#12228);
#12228 = CARTESIAN_POINT('',(-8.75,-45.,22.));
#12229 = SEAM_CURVE('',#12230,(#12234,#12241),.PCURVE_S1.);
#12230 = LINE('',#12231,#12232);
#12231 = CARTESIAN_POINT('',(-8.75,-48.5,22.));
#12232 = VECTOR('',#12233,1.);
#12233 = DIRECTION('',(-0.,1.,-0.));
#12234 = PCURVE('',#10330,#12235);
#12235 = DEFINITIONAL_REPRESENTATION('',(#12236),#12240);
#12236 = LINE('',#12237,#12238);
#12237 = CARTESIAN_POINT('',(6.28318530718,0.));
#12238 = VECTOR('',#12239,1.);
#12239 = DIRECTION('',(0.,-1.));
#12240 = ( GEOMETRIC_REPRESENTATION_CONTEXT(2) 
PARAMETRIC_REPRESENTATION_CONTEXT() REPRESENTATION_CONTEXT('2D SPACE',''
  ) );
#12241 = PCURVE('',#10330,#12242);
#12242 = DEFINITIONAL_REPRESENTATION('',(#12243),#12247);
#12243 = LINE('',#12244,#12245);
#12244 = CARTESIAN_POINT('',(0.,0.));
#12245 = VECTOR('',#12246,1.);
#12246 = DIRECTION('',(0.,-1.));
#12247 = ( GEOMETRIC_REPRESENTATION_CONTEXT(2) 
PARAMETRIC_REPRESENTATION_CONTEXT() REPRESENTATION_CONTEXT('2D SPACE',''
  ) );
#12248 = ORIENTED_EDGE('',*,*,#12249,.T.);
#12249 = EDGE_CURVE('',#12227,#12227,#12250,.T.);
#12250 = SURFACE_CURVE('',#12251,(#12256,#12263),.PCURVE_S1.);
#12251 = CIRCLE('',#12252,8.25);
#12252 = AXIS2_PLACEMENT_3D('',#12253,#12254,#12255);
#12253 = CARTESIAN_POINT('',(-17.,-45.,22.));
#12254 = DIRECTION('',(0.,-1.,0.));
#12255 = DIRECTION('',(1.,0.,0.));
#12256 = PCURVE('',#10330,#12257);
#12257 = DEFINITIONAL_REPRESENTATION('',(#12258),#12262);
#12258 = LINE('',#12259,#12260);
#12259 = CARTESIAN_POINT('',(0.,-3.5));
#12260 = VECTOR('',#12261,1.);
#12261 = DIRECTION('',(1.,0.));
#12262 = ( GEOMETRIC_REPRESENTATION_CONTEXT(2) 
PARAMETRIC_REPRESENTATION_CONTEXT() REPRESENTATION_CONTEXT('2D SPACE',''
  ) );
#12263 = PCURVE('',#11029,#12264);
#12264 = DEFINITIONAL_REPRESENTATION('',(#12265),#12273);
#12265 = ( BOUNDED_CURVE() B_SPLINE_CURVE(2,(#12266,#12267,#12268,#12269
    ,#12270,#12271,#12272),.UNSPECIFIED.,.T.,.F.) 
B_SPLINE_CURVE_WITH_KNOTS((1,2,2,2,2,1),(-2.094395102393,0.,
    2.094395102393,4.188790204786,6.28318530718,8.377580409573),
.UNSPECIFIED.) CURVE() GEOMETRIC_REPRESENTATION_ITEM() 
RATIONAL_B_SPLINE_CURVE((1.,0.5,1.,0.5,1.,0.5,1.)) REPRESENTATION_ITEM(
  '') );
#12266 = CARTESIAN_POINT('',(19.,51.25));
#12267 = CARTESIAN_POINT('',(33.289419162443,51.25));
#12268 = CARTESIAN_POINT('',(26.144709581222,38.875));
#12269 = CARTESIAN_POINT('',(19.,26.5));
#12270 = CARTESIAN_POINT('',(11.855290418778,38.875));
#12271 = CARTESIAN_POINT('',(4.710580837557,51.25));
#12272 = CARTESIAN_POINT('',(19.,51.25));
#12273 = ( GEOMETRIC_REPRESENTATION_CONTEXT(2) 
PARAMETRIC_REPRESENTATION_CONTEXT() REPRESENTATION_CONTEXT('2D SPACE',''
  ) );
#12274 = ORIENTED_EDGE('',*,*,#12226,.F.);
#12275 = ADVANCED_FACE('',(#12276),#10365,.F.);
#12276 = FACE_BOUND('',#12277,.F.);
#12277 = EDGE_LOOP('',(#12278,#12279,#12302,#12328));
#12278 = ORIENTED_EDGE('',*,*,#10344,.F.);
#12279 = ORIENTED_EDGE('',*,*,#12280,.T.);
#12280 = EDGE_CURVE('',#10345,#12281,#12283,.T.);
#12281 = VERTEX_POINT('',#12282);
#12282 = CARTESIAN_POINT('',(25.25,-45.,22.));
#12283 = SEAM_CURVE('',#12284,(#12288,#12295),.PCURVE_S1.);
#12284 = LINE('',#12285,#12286);
#12285 = CARTESIAN_POINT('',(25.25,-48.5,22.));
#12286 = VECTOR('',#12287,1.);
#12287 = DIRECTION('',(-0.,1.,-0.));
#12288 = PCURVE('',#10365,#12289);
#12289 = DEFINITIONAL_REPRESENTATION('',(#12290),#12294);
#12290 = LINE('',#12291,#12292);
#12291 = CARTESIAN_POINT('',(6.28318530718,0.));
#12292 = VECTOR('',#12293,1.);
#12293 = DIRECTION('',(0.,-1.));
#12294 = ( GEOMETRIC_REPRESENTATION_CONTEXT(2) 
PARAMETRIC_REPRESENTATION_CONTEXT() REPRESENTATION_CONTEXT('2D SPACE',''
  ) );
#12295 = PCURVE('',#10365,#12296);
#12296 = DEFINITIONAL_REPRESENTATION('',(#12297),#12301);
#12297 = LINE('',#12298,#12299);
#12298 = CARTESIAN_POINT('',(0.,0.));
#12299 = VECTOR('',#12300,1.);
#12300 = DIRECTION('',(0.,-1.));
#12301 = ( GEOMETRIC_REPRESENTATION_CONTEXT(2) 
PARAMETRIC_REPRESENTATION_CONTEXT() REPRESENTATION_CONTEXT('2D SPACE',''
  ) );
#12302 = ORIENTED_EDGE('',*,*,#12303,.T.);
#12303 = EDGE_CURVE('',#12281,#12281,#12304,.T.);
#12304 = SURFACE_CURVE('',#12305,(#12310,#12317),.PCURVE_S1.);
#12305 = CIRCLE('',#12306,8.25);
#12306 = AXIS2_PLACEMENT_3D('',#12307,#12308,#12309);
#12307 = CARTESIAN_POINT('',(17.,-45.,22.));
#12308 = DIRECTION('',(0.,-1.,0.));
#12309 = DIRECTION('',(1.,0.,0.));
#12310 = PCURVE('',#10365,#12311);
#12311 = DEFINITIONAL_REPRESENTATION('',(#12312),#12316);
#12312 = LINE('',#12313,#12314);
#12313 = CARTESIAN_POINT('',(0.,-3.5));
#12314 = VECTOR('',#12315,1.);
#12315 = DIRECTION('',(1.,0.));
#12316 = ( GEOMETRIC_REPRESENTATION_CONTEXT(2) 
PARAMETRIC_REPRESENTATION_CONTEXT() REPRESENTATION_CONTEXT('2D SPACE',''
  ) );
#12317 = PCURVE('',#11029,#12318);
#12318 = DEFINITIONAL_REPRESENTATION('',(#12319),#12327);
#12319 = ( BOUNDED_CURVE() B_SPLINE_CURVE(2,(#12320,#12321,#12322,#12323
    ,#12324,#12325,#12326),.UNSPECIFIED.,.T.,.F.) 
B_SPLINE_CURVE_WITH_KNOTS((1,2,2,2,2,1),(-2.094395102393,0.,
    2.094395102393,4.188790204786,6.28318530718,8.377580409573),
.UNSPECIFIED.) CURVE() GEOMETRIC_REPRESENTATION_ITEM() 
RATIONAL_B_SPLINE_CURVE((1.,0.5,1.,0.5,1.,0.5,1.)) REPRESENTATION_ITEM(
  '') );
#12320 = CARTESIAN_POINT('',(19.,85.25));
#12321 = CARTESIAN_POINT('',(33.289419162443,85.25));
#12322 = CARTESIAN_POINT('',(26.144709581222,72.875));
#12323 = CARTESIAN_POINT('',(19.,60.5));
#12324 = CARTESIAN_POINT('',(11.855290418778,72.875));
#12325 = CARTESIAN_POINT('',(4.710580837557,85.25));
#12326 = CARTESIAN_POINT('',(19.,85.25));
#12327 = ( GEOMETRIC_REPRESENTATION_CONTEXT(2) 
PARAMETRIC_REPRESENTATION_CONTEXT() REPRESENTATION_CONTEXT('2D SPACE',''
  ) );
#12328 = ORIENTED_EDGE('',*,*,#12280,.F.);
#12329 = ADVANCED_FACE('',(#12330),#10599,.T.);
#12330 = FACE_BOUND('',#12331,.T.);
#12331 = EDGE_LOOP('',(#12332,#12333,#12354,#12383));
#12332 = ORIENTED_EDGE('',*,*,#10580,.F.);
#12333 = ORIENTED_EDGE('',*,*,#12334,.F.);
#12334 = EDGE_CURVE('',#12335,#10581,#12337,.T.);
#12335 = VERTEX_POINT('',#12336);
#12336 = CARTESIAN_POINT('',(-60.,-44.64575131106,3.));
#12337 = SURFACE_CURVE('',#12338,(#12342,#12348),.PCURVE_S1.);
#12338 = LINE('',#12339,#12340);
#12339 = CARTESIAN_POINT('',(-60.,-44.64575131106,3.));
#12340 = VECTOR('',#12341,1.);
#12341 = DIRECTION('',(0.,0.,1.));
#12342 = PCURVE('',#10599,#12343);
#12343 = DEFINITIONAL_REPRESENTATION('',(#12344),#12347);
#12344 = B_SPLINE_CURVE_WITH_KNOTS('',1,(#12345,#12346),.UNSPECIFIED.,
  .F.,.F.,(2,2),(-5.999999999062E-07,55.0000006),
  .PIECEWISE_BEZIER_KNOTS.);
#12345 = CARTESIAN_POINT('',(3.864326901403,-5.999999999062E-07));
#12346 = CARTESIAN_POINT('',(3.864326901403,55.0000006));
#12347 = ( GEOMETRIC_REPRESENTATION_CONTEXT(2) 
PARAMETRIC_REPRESENTATION_CONTEXT() REPRESENTATION_CONTEXT('2D SPACE',''
  ) );
#12348 = PCURVE('',#10652,#12349);
#12349 = DEFINITIONAL_REPRESENTATION('',(#12350),#12353);
#12350 = B_SPLINE_CURVE_WITH_KNOTS('',1,(#12351,#12352),.UNSPECIFIED.,
  .F.,.F.,(2,2),(-5.999999999062E-07,55.0000006),
  .PIECEWISE_BEZIER_KNOTS.);
#12351 = CARTESIAN_POINT('',(-5.999999999062E-07,-0.354248688935));
#12352 = CARTESIAN_POINT('',(55.0000006,-0.354248688935));
#12353 = ( GEOMETRIC_REPRESENTATION_CONTEXT(2) 
PARAMETRIC_REPRESENTATION_CONTEXT() REPRESENTATION_CONTEXT('2D SPACE',''
  ) );
#12354 = ORIENTED_EDGE('',*,*,#12355,.T.);
#12355 = EDGE_CURVE('',#12335,#12356,#12358,.T.);
#12356 = VERTEX_POINT('',#12357);
#12357 = CARTESIAN_POINT('',(-59.64575131106,-45.,3.));
#12358 = SURFACE_CURVE('',#12359,(#12364,#12371),.PCURVE_S1.);
#12359 = CIRCLE('',#12360,4.);
#12360 = AXIS2_PLACEMENT_3D('',#12361,#12362,#12363);
#12361 = CARTESIAN_POINT('',(-57.,-42.,3.));
#12362 = DIRECTION('',(0.,0.,1.));
#12363 = DIRECTION('',(1.,0.,0.));
#12364 = PCURVE('',#10599,#12365);
#12365 = DEFINITIONAL_REPRESENTATION('',(#12366),#12370);
#12366 = LINE('',#12367,#12368);
#12367 = CARTESIAN_POINT('',(0.,0.));
#12368 = VECTOR('',#12369,1.);
#12369 = DIRECTION('',(1.,0.));
#12370 = ( GEOMETRIC_REPRESENTATION_CONTEXT(2) 
PARAMETRIC_REPRESENTATION_CONTEXT() REPRESENTATION_CONTEXT('2D SPACE',''
  ) );
#12371 = PCURVE('',#12372,#12377);
#12372 = PLANE('',#12373);
#12373 = AXIS2_PLACEMENT_3D('',#12374,#12375,#12376);
#12374 = CARTESIAN_POINT('',(-60.,-45.,3.));
#12375 = DIRECTION('',(0.,0.,1.));
#12376 = DIRECTION('',(1.,0.,0.));
#12377 = DEFINITIONAL_REPRESENTATION('',(#12378),#12382);
#12378 = CIRCLE('',#12379,4.);
#12379 = AXIS2_PLACEMENT_2D('',#12380,#12381);
#12380 = CARTESIAN_POINT('',(3.,3.));
#12381 = DIRECTION('',(1.,0.));
#12382 = ( GEOMETRIC_REPRESENTATION_CONTEXT(2) 
PARAMETRIC_REPRESENTATION_CONTEXT() REPRESENTATION_CONTEXT('2D SPACE',''
  ) );
#12383 = ORIENTED_EDGE('',*,*,#12384,.T.);
#12384 = EDGE_CURVE('',#12356,#10583,#12385,.T.);
#12385 = SURFACE_CURVE('',#12386,(#12390,#12396),.PCURVE_S1.);
#12386 = LINE('',#12387,#12388);
#12387 = CARTESIAN_POINT('',(-59.64575131106,-45.,3.));
#12388 = VECTOR('',#12389,1.);
#12389 = DIRECTION('',(0.,0.,1.));
#12390 = PCURVE('',#10599,#12391);
#12391 = DEFINITIONAL_REPRESENTATION('',(#12392),#12395);
#12392 = B_SPLINE_CURVE_WITH_KNOTS('',1,(#12393,#12394),.UNSPECIFIED.,
  .F.,.F.,(2,2),(-5.999999999062E-07,55.0000006),
  .PIECEWISE_BEZIER_KNOTS.);
#12393 = CARTESIAN_POINT('',(3.989654732571,-5.999999999062E-07));
#12394 = CARTESIAN_POINT('',(3.989654732571,55.0000006));
#12395 = ( GEOMETRIC_REPRESENTATION_CONTEXT(2) 
PARAMETRIC_REPRESENTATION_CONTEXT() REPRESENTATION_CONTEXT('2D SPACE',''
  ) );
#12396 = PCURVE('',#10627,#12397);
#12397 = DEFINITIONAL_REPRESENTATION('',(#12398),#12401);
#12398 = B_SPLINE_CURVE_WITH_KNOTS('',1,(#12399,#12400),.UNSPECIFIED.,
  .F.,.F.,(2,2),(-5.999999999062E-07,55.0000006),
  .PIECEWISE_BEZIER_KNOTS.);
#12399 = CARTESIAN_POINT('',(-5.999999999062E-07,0.354248688935));
#12400 = CARTESIAN_POINT('',(55.0000006,0.354248688935));
#12401 = ( GEOMETRIC_REPRESENTATION_CONTEXT(2) 
PARAMETRIC_REPRESENTATION_CONTEXT() REPRESENTATION_CONTEXT('2D SPACE',''
  ) );
#12402 = ADVANCED_FACE('',(#12403),#10652,.T.);
#12403 = FACE_BOUND('',#12404,.T.);
#12404 = EDGE_LOOP('',(#12405,#12428,#12449,#12450));
#12405 = ORIENTED_EDGE('',*,*,#12406,.F.);
#12406 = EDGE_CURVE('',#12407,#10612,#12409,.T.);
#12407 = VERTEX_POINT('',#12408);
#12408 = CARTESIAN_POINT('',(-60.,-45.,3.));
#12409 = SURFACE_CURVE('',#12410,(#12414,#12421),.PCURVE_S1.);
#12410 = LINE('',#12411,#12412);
#12411 = CARTESIAN_POINT('',(-60.,-45.,3.));
#12412 = VECTOR('',#12413,1.);
#12413 = DIRECTION('',(0.,0.,1.));
#12414 = PCURVE('',#10652,#12415);
#12415 = DEFINITIONAL_REPRESENTATION('',(#12416),#12420);
#12416 = LINE('',#12417,#12418);
#12417 = CARTESIAN_POINT('',(0.,0.));
#12418 = VECTOR('',#12419,1.);
#12419 = DIRECTION('',(1.,0.));
#12420 = ( GEOMETRIC_REPRESENTATION_CONTEXT(2) 
PARAMETRIC_REPRESENTATION_CONTEXT() REPRESENTATION_CONTEXT('2D SPACE',''
  ) );
#12421 = PCURVE('',#10627,#12422);
#12422 = DEFINITIONAL_REPRESENTATION('',(#12423),#12427);
#12423 = LINE('',#12424,#12425);
#12424 = CARTESIAN_POINT('',(0.,0.));
#12425 = VECTOR('',#12426,1.);
#12426 = DIRECTION('',(1.,0.));
#12427 = ( GEOMETRIC_REPRESENTATION_CONTEXT(2) 
PARAMETRIC_REPRESENTATION_CONTEXT() REPRESENTATION_CONTEXT('2D SPACE',''
  ) );
#12428 = ORIENTED_EDGE('',*,*,#12429,.T.);
#12429 = EDGE_CURVE('',#12407,#12335,#12430,.T.);
#12430 = SURFACE_CURVE('',#12431,(#12435,#12442),.PCURVE_S1.);
#12431 = LINE('',#12432,#12433);
#12432 = CARTESIAN_POINT('',(-60.,-45.,3.));
#12433 = VECTOR('',#12434,1.);
#12434 = DIRECTION('',(0.,1.,0.));
#12435 = PCURVE('',#10652,#12436);
#12436 = DEFINITIONAL_REPRESENTATION('',(#12437),#12441);
#12437 = LINE('',#12438,#12439);
#12438 = CARTESIAN_POINT('',(0.,0.));
#12439 = VECTOR('',#12440,1.);
#12440 = DIRECTION('',(0.,-1.));
#12441 = ( GEOMETRIC_REPRESENTATION_CONTEXT(2) 
PARAMETRIC_REPRESENTATION_CONTEXT() REPRESENTATION_CONTEXT('2D SPACE',''
  ) );
#12442 = PCURVE('',#12372,#12443);
#12443 = DEFINITIONAL_REPRESENTATION('',(#12444),#12448);
#12444 = LINE('',#12445,#12446);
#12445 = CARTESIAN_POINT('',(0.,0.));
#12446 = VECTOR('',#12447,1.);
#12447 = DIRECTION('',(0.,1.));
#12448 = ( GEOMETRIC_REPRESENTATION_CONTEXT(2) 
PARAMETRIC_REPRESENTATION_CONTEXT() REPRESENTATION_CONTEXT('2D SPACE',''
  ) );
#12449 = ORIENTED_EDGE('',*,*,#12334,.T.);
#12450 = ORIENTED_EDGE('',*,*,#10638,.F.);
#12451 = ADVANCED_FACE('',(#12452),#10627,.T.);
#12452 = FACE_BOUND('',#12453,.T.);
#12453 = EDGE_LOOP('',(#12454,#12455,#12476,#12477));
#12454 = ORIENTED_EDGE('',*,*,#12384,.F.);
#12455 = ORIENTED_EDGE('',*,*,#12456,.F.);
#12456 = EDGE_CURVE('',#12407,#12356,#12457,.T.);
#12457 = SURFACE_CURVE('',#12458,(#12462,#12469),.PCURVE_S1.);
#12458 = LINE('',#12459,#12460);
#12459 = CARTESIAN_POINT('',(-60.,-45.,3.));
#12460 = VECTOR('',#12461,1.);
#12461 = DIRECTION('',(1.,0.,0.));
#12462 = PCURVE('',#10627,#12463);
#12463 = DEFINITIONAL_REPRESENTATION('',(#12464),#12468);
#12464 = LINE('',#12465,#12466);
#12465 = CARTESIAN_POINT('',(0.,0.));
#12466 = VECTOR('',#12467,1.);
#12467 = DIRECTION('',(0.,1.));
#12468 = ( GEOMETRIC_REPRESENTATION_CONTEXT(2) 
PARAMETRIC_REPRESENTATION_CONTEXT() REPRESENTATION_CONTEXT('2D SPACE',''
  ) );
#12469 = PCURVE('',#12372,#12470);
#12470 = DEFINITIONAL_REPRESENTATION('',(#12471),#12475);
#12471 = LINE('',#12472,#12473);
#12472 = CARTESIAN_POINT('',(0.,0.));
#12473 = VECTOR('',#12474,1.);
#12474 = DIRECTION('',(1.,0.));
#12475 = ( GEOMETRIC_REPRESENTATION_CONTEXT(2) 
PARAMETRIC_REPRESENTATION_CONTEXT() REPRESENTATION_CONTEXT('2D SPACE',''
  ) );
#12476 = ORIENTED_EDGE('',*,*,#12406,.T.);
#12477 = ORIENTED_EDGE('',*,*,#10611,.F.);
#12478 = ADVANCED_FACE('',(#12479),#10682,.F.);
#12479 = FACE_BOUND('',#12480,.F.);
#12480 = EDGE_LOOP('',(#12481,#12482,#12505,#12532));
#12481 = ORIENTED_EDGE('',*,*,#10665,.F.);
#12482 = ORIENTED_EDGE('',*,*,#12483,.T.);
#12483 = EDGE_CURVE('',#10666,#12484,#12486,.T.);
#12484 = VERTEX_POINT('',#12485);
#12485 = CARTESIAN_POINT('',(-55.75,-42.,44.));
#12486 = SEAM_CURVE('',#12487,(#12491,#12498),.PCURVE_S1.);
#12487 = LINE('',#12488,#12489);
#12488 = CARTESIAN_POINT('',(-55.75,-42.,59.));
#12489 = VECTOR('',#12490,1.);
#12490 = DIRECTION('',(-0.,-0.,-1.));
#12491 = PCURVE('',#10682,#12492);
#12492 = DEFINITIONAL_REPRESENTATION('',(#12493),#12497);
#12493 = LINE('',#12494,#12495);
#12494 = CARTESIAN_POINT('',(6.28318530718,0.));
#12495 = VECTOR('',#12496,1.);
#12496 = DIRECTION('',(0.,-1.));
#12497 = ( GEOMETRIC_REPRESENTATION_CONTEXT(2) 
PARAMETRIC_REPRESENTATION_CONTEXT() REPRESENTATION_CONTEXT('2D SPACE',''
  ) );
#12498 = PCURVE('',#10682,#12499);
#12499 = DEFINITIONAL_REPRESENTATION('',(#12500),#12504);
#12500 = LINE('',#12501,#12502);
#12501 = CARTESIAN_POINT('',(0.,0.));
#12502 = VECTOR('',#12503,1.);
#12503 = DIRECTION('',(0.,-1.));
#12504 = ( GEOMETRIC_REPRESENTATION_CONTEXT(2) 
PARAMETRIC_REPRESENTATION_CONTEXT() REPRESENTATION_CONTEXT('2D SPACE',''
  ) );
#12505 = ORIENTED_EDGE('',*,*,#12506,.T.);
#12506 = EDGE_CURVE('',#12484,#12484,#12507,.T.);
#12507 = SURFACE_CURVE('',#12508,(#12513,#12520),.PCURVE_S1.);
#12508 = CIRCLE('',#12509,1.25);
#12509 = AXIS2_PLACEMENT_3D('',#12510,#12511,#12512);
#12510 = CARTESIAN_POINT('',(-57.,-42.,44.));
#12511 = DIRECTION('',(0.,0.,1.));
#12512 = DIRECTION('',(1.,0.,0.));
#12513 = PCURVE('',#10682,#12514);
#12514 = DEFINITIONAL_REPRESENTATION('',(#12515),#12519);
#12515 = LINE('',#12516,#12517);
#12516 = CARTESIAN_POINT('',(0.,-15.));
#12517 = VECTOR('',#12518,1.);
#12518 = DIRECTION('',(1.,0.));
#12519 = ( GEOMETRIC_REPRESENTATION_CONTEXT(2) 
PARAMETRIC_REPRESENTATION_CONTEXT() REPRESENTATION_CONTEXT('2D SPACE',''
  ) );
#12520 = PCURVE('',#12521,#12526);
#12521 = PLANE('',#12522);
#12522 = AXIS2_PLACEMENT_3D('',#12523,#12524,#12525);
#12523 = CARTESIAN_POINT('',(-57.,-42.,44.));
#12524 = DIRECTION('',(0.,0.,1.));
#12525 = DIRECTION('',(1.,0.,0.));
#12526 = DEFINITIONAL_REPRESENTATION('',(#12527),#12531);
#12527 = CIRCLE('',#12528,1.25);
#12528 = AXIS2_PLACEMENT_2D('',#12529,#12530);
#12529 = CARTESIAN_POINT('',(6.837200662697E-17,-8.571706328947E-17));
#12530 = DIRECTION('',(1.,0.));
#12531 = ( GEOMETRIC_REPRESENTATION_CONTEXT(2) 
PARAMETRIC_REPRESENTATION_CONTEXT() REPRESENTATION_CONTEXT('2D SPACE',''
  ) );
#12532 = ORIENTED_EDGE('',*,*,#12483,.F.);
#12533 = ADVANCED_FACE('',(#12534),#10714,.F.);
#12534 = FACE_BOUND('',#12535,.F.);
#12535 = EDGE_LOOP('',(#12536,#12559,#12587,#12606));
#12536 = ORIENTED_EDGE('',*,*,#12537,.F.);
#12537 = EDGE_CURVE('',#12538,#10697,#12540,.T.);
#12538 = VERTEX_POINT('',#12539);
#12539 = CARTESIAN_POINT('',(60.,-45.,3.));
#12540 = SURFACE_CURVE('',#12541,(#12545,#12552),.PCURVE_S1.);
#12541 = LINE('',#12542,#12543);
#12542 = CARTESIAN_POINT('',(60.,-45.,3.));
#12543 = VECTOR('',#12544,1.);
#12544 = DIRECTION('',(0.,0.,1.));
#12545 = PCURVE('',#10714,#12546);
#12546 = DEFINITIONAL_REPRESENTATION('',(#12547),#12551);
#12547 = LINE('',#12548,#12549);
#12548 = CARTESIAN_POINT('',(0.,0.));
#12549 = VECTOR('',#12550,1.);
#12550 = DIRECTION('',(1.,0.));
#12551 = ( GEOMETRIC_REPRESENTATION_CONTEXT(2) 
PARAMETRIC_REPRESENTATION_CONTEXT() REPRESENTATION_CONTEXT('2D SPACE',''
  ) );
#12552 = PCURVE('',#10741,#12553);
#12553 = DEFINITIONAL_REPRESENTATION('',(#12554),#12558);
#12554 = LINE('',#12555,#12556);
#12555 = CARTESIAN_POINT('',(0.,120.));
#12556 = VECTOR('',#12557,1.);
#12557 = DIRECTION('',(1.,0.));
#12558 = ( GEOMETRIC_REPRESENTATION_CONTEXT(2) 
PARAMETRIC_REPRESENTATION_CONTEXT() REPRESENTATION_CONTEXT('2D SPACE',''
  ) );
#12559 = ORIENTED_EDGE('',*,*,#12560,.T.);
#12560 = EDGE_CURVE('',#12538,#12561,#12563,.T.);
#12561 = VERTEX_POINT('',#12562);
#12562 = CARTESIAN_POINT('',(60.,-44.64575131106,3.));
#12563 = SURFACE_CURVE('',#12564,(#12568,#12575),.PCURVE_S1.);
#12564 = LINE('',#12565,#12566);
#12565 = CARTESIAN_POINT('',(60.,-45.,3.));
#12566 = VECTOR('',#12567,1.);
#12567 = DIRECTION('',(0.,1.,0.));
#12568 = PCURVE('',#10714,#12569);
#12569 = DEFINITIONAL_REPRESENTATION('',(#12570),#12574);
#12570 = LINE('',#12571,#12572);
#12571 = CARTESIAN_POINT('',(0.,0.));
#12572 = VECTOR('',#12573,1.);
#12573 = DIRECTION('',(0.,-1.));
#12574 = ( GEOMETRIC_REPRESENTATION_CONTEXT(2) 
PARAMETRIC_REPRESENTATION_CONTEXT() REPRESENTATION_CONTEXT('2D SPACE',''
  ) );
#12575 = PCURVE('',#12576,#12581);
#12576 = PLANE('',#12577);
#12577 = AXIS2_PLACEMENT_3D('',#12578,#12579,#12580);
#12578 = CARTESIAN_POINT('',(-60.,-45.,3.));
#12579 = DIRECTION('',(0.,0.,1.));
#12580 = DIRECTION('',(1.,0.,0.));
#12581 = DEFINITIONAL_REPRESENTATION('',(#12582),#12586);
#12582 = LINE('',#12583,#12584);
#12583 = CARTESIAN_POINT('',(120.,0.));
#12584 = VECTOR('',#12585,1.);
#12585 = DIRECTION('',(0.,1.));
#12586 = ( GEOMETRIC_REPRESENTATION_CONTEXT(2) 
PARAMETRIC_REPRESENTATION_CONTEXT() REPRESENTATION_CONTEXT('2D SPACE',''
  ) );
#12587 = ORIENTED_EDGE('',*,*,#12588,.T.);
#12588 = EDGE_CURVE('',#12561,#10699,#12589,.T.);
#12589 = SURFACE_CURVE('',#12590,(#12594,#12600),.PCURVE_S1.);
#12590 = LINE('',#12591,#12592);
#12591 = CARTESIAN_POINT('',(60.,-44.64575131106,3.));
#12592 = VECTOR('',#12593,1.);
#12593 = DIRECTION('',(0.,0.,1.));
#12594 = PCURVE('',#10714,#12595);
#12595 = DEFINITIONAL_REPRESENTATION('',(#12596),#12599);
#12596 = B_SPLINE_CURVE_WITH_KNOTS('',1,(#12597,#12598),.UNSPECIFIED.,
  .F.,.F.,(2,2),(-5.999999999062E-07,55.0000006),
  .PIECEWISE_BEZIER_KNOTS.);
#12597 = CARTESIAN_POINT('',(-5.999999999062E-07,-0.354248688935));
#12598 = CARTESIAN_POINT('',(55.0000006,-0.354248688935));
#12599 = ( GEOMETRIC_REPRESENTATION_CONTEXT(2) 
PARAMETRIC_REPRESENTATION_CONTEXT() REPRESENTATION_CONTEXT('2D SPACE',''
  ) );
#12600 = PCURVE('',#10767,#12601);
#12601 = DEFINITIONAL_REPRESENTATION('',(#12602),#12605);
#12602 = B_SPLINE_CURVE_WITH_KNOTS('',1,(#12603,#12604),.UNSPECIFIED.,
  .F.,.F.,(2,2),(-5.999999999062E-07,55.0000006),
  .PIECEWISE_BEZIER_KNOTS.);
#12603 = CARTESIAN_POINT('',(5.560451059366,-5.999999999062E-07));
#12604 = CARTESIAN_POINT('',(5.560451059366,55.0000006));
#12605 = ( GEOMETRIC_REPRESENTATION_CONTEXT(2) 
PARAMETRIC_REPRESENTATION_CONTEXT() REPRESENTATION_CONTEXT('2D SPACE',''
  ) );
#12606 = ORIENTED_EDGE('',*,*,#10696,.F.);
#12607 = ADVANCED_FACE('',(#12608),#10741,.T.);
#12608 = FACE_BOUND('',#12609,.T.);
#12609 = EDGE_LOOP('',(#12610,#12611,#12634,#12653));
#12610 = ORIENTED_EDGE('',*,*,#12537,.F.);
#12611 = ORIENTED_EDGE('',*,*,#12612,.F.);
#12612 = EDGE_CURVE('',#12613,#12538,#12615,.T.);
#12613 = VERTEX_POINT('',#12614);
#12614 = CARTESIAN_POINT('',(59.645751311064,-45.,3.));
#12615 = SURFACE_CURVE('',#12616,(#12620,#12627),.PCURVE_S1.);
#12616 = LINE('',#12617,#12618);
#12617 = CARTESIAN_POINT('',(-60.,-45.,3.));
#12618 = VECTOR('',#12619,1.);
#12619 = DIRECTION('',(1.,0.,0.));
#12620 = PCURVE('',#10741,#12621);
#12621 = DEFINITIONAL_REPRESENTATION('',(#12622),#12626);
#12622 = LINE('',#12623,#12624);
#12623 = CARTESIAN_POINT('',(0.,0.));
#12624 = VECTOR('',#12625,1.);
#12625 = DIRECTION('',(0.,1.));
#12626 = ( GEOMETRIC_REPRESENTATION_CONTEXT(2) 
PARAMETRIC_REPRESENTATION_CONTEXT() REPRESENTATION_CONTEXT('2D SPACE',''
  ) );
#12627 = PCURVE('',#12576,#12628);
#12628 = DEFINITIONAL_REPRESENTATION('',(#12629),#12633);
#12629 = LINE('',#12630,#12631);
#12630 = CARTESIAN_POINT('',(0.,0.));
#12631 = VECTOR('',#12632,1.);
#12632 = DIRECTION('',(1.,0.));
#12633 = ( GEOMETRIC_REPRESENTATION_CONTEXT(2) 
PARAMETRIC_REPRESENTATION_CONTEXT() REPRESENTATION_CONTEXT('2D SPACE',''
  ) );
#12634 = ORIENTED_EDGE('',*,*,#12635,.T.);
#12635 = EDGE_CURVE('',#12613,#10726,#12636,.T.);
#12636 = SURFACE_CURVE('',#12637,(#12641,#12647),.PCURVE_S1.);
#12637 = LINE('',#12638,#12639);
#12638 = CARTESIAN_POINT('',(59.645751311065,-45.,3.));
#12639 = VECTOR('',#12640,1.);
#12640 = DIRECTION('',(0.,0.,1.));
#12641 = PCURVE('',#10741,#12642);
#12642 = DEFINITIONAL_REPRESENTATION('',(#12643),#12646);
#12643 = B_SPLINE_CURVE_WITH_KNOTS('',1,(#12644,#12645),.UNSPECIFIED.,
  .F.,.F.,(2,2),(-5.999999999062E-07,55.0000006),
  .PIECEWISE_BEZIER_KNOTS.);
#12644 = CARTESIAN_POINT('',(-5.999999999062E-07,119.64575131106));
#12645 = CARTESIAN_POINT('',(55.0000006,119.64575131106));
#12646 = ( GEOMETRIC_REPRESENTATION_CONTEXT(2) 
PARAMETRIC_REPRESENTATION_CONTEXT() REPRESENTATION_CONTEXT('2D SPACE',''
  ) );
#12647 = PCURVE('',#10767,#12648);
#12648 = DEFINITIONAL_REPRESENTATION('',(#12649),#12652);
#12649 = B_SPLINE_CURVE_WITH_KNOTS('',1,(#12650,#12651),.UNSPECIFIED.,
  .F.,.F.,(2,2),(-5.999999999062E-07,55.0000006),
  .PIECEWISE_BEZIER_KNOTS.);
#12650 = CARTESIAN_POINT('',(5.435123228198,-5.999999999062E-07));
#12651 = CARTESIAN_POINT('',(5.435123228198,55.0000006));
#12652 = ( GEOMETRIC_REPRESENTATION_CONTEXT(2) 
PARAMETRIC_REPRESENTATION_CONTEXT() REPRESENTATION_CONTEXT('2D SPACE',''
  ) );
#12653 = ORIENTED_EDGE('',*,*,#10725,.F.);
#12654 = ADVANCED_FACE('',(#12655),#10767,.T.);
#12655 = FACE_BOUND('',#12656,.T.);
#12656 = EDGE_LOOP('',(#12657,#12658,#12659,#12660));
#12657 = ORIENTED_EDGE('',*,*,#12588,.T.);
#12658 = ORIENTED_EDGE('',*,*,#10752,.F.);
#12659 = ORIENTED_EDGE('',*,*,#12635,.F.);
#12660 = ORIENTED_EDGE('',*,*,#12661,.T.);
#12661 = EDGE_CURVE('',#12613,#12561,#12662,.T.);
#12662 = SURFACE_CURVE('',#12663,(#12668,#12675),.PCURVE_S1.);
#12663 = CIRCLE('',#12664,4.);
#12664 = AXIS2_PLACEMENT_3D('',#12665,#12666,#12667);
#12665 = CARTESIAN_POINT('',(57.,-42.,3.));
#12666 = DIRECTION('',(0.,0.,1.));
#12667 = DIRECTION('',(1.,0.,0.));
#12668 = PCURVE('',#10767,#12669);
#12669 = DEFINITIONAL_REPRESENTATION('',(#12670),#12674);
#12670 = LINE('',#12671,#12672);
#12671 = CARTESIAN_POINT('',(0.,0.));
#12672 = VECTOR('',#12673,1.);
#12673 = DIRECTION('',(1.,0.));
#12674 = ( GEOMETRIC_REPRESENTATION_CONTEXT(2) 
PARAMETRIC_REPRESENTATION_CONTEXT() REPRESENTATION_CONTEXT('2D SPACE',''
  ) );
#12675 = PCURVE('',#12576,#12676);
#12676 = DEFINITIONAL_REPRESENTATION('',(#12677),#12681);
#12677 = CIRCLE('',#12678,4.);
#12678 = AXIS2_PLACEMENT_2D('',#12679,#12680);
#12679 = CARTESIAN_POINT('',(117.,3.));
#12680 = DIRECTION('',(1.,0.));
#12681 = ( GEOMETRIC_REPRESENTATION_CONTEXT(2) 
PARAMETRIC_REPRESENTATION_CONTEXT() REPRESENTATION_CONTEXT('2D SPACE',''
  ) );
#12682 = ADVANCED_FACE('',(#12683),#10798,.F.);
#12683 = FACE_BOUND('',#12684,.F.);
#12684 = EDGE_LOOP('',(#12685,#12686,#12709,#12736));
#12685 = ORIENTED_EDGE('',*,*,#10781,.F.);
#12686 = ORIENTED_EDGE('',*,*,#12687,.T.);
#12687 = EDGE_CURVE('',#10782,#12688,#12690,.T.);
#12688 = VERTEX_POINT('',#12689);
#12689 = CARTESIAN_POINT('',(58.25,-42.,44.));
#12690 = SEAM_CURVE('',#12691,(#12695,#12702),.PCURVE_S1.);
#12691 = LINE('',#12692,#12693);
#12692 = CARTESIAN_POINT('',(58.25,-42.,59.));
#12693 = VECTOR('',#12694,1.);
#12694 = DIRECTION('',(-0.,-0.,-1.));
#12695 = PCURVE('',#10798,#12696);
#12696 = DEFINITIONAL_REPRESENTATION('',(#12697),#12701);
#12697 = LINE('',#12698,#12699);
#12698 = CARTESIAN_POINT('',(6.28318530718,0.));
#12699 = VECTOR('',#12700,1.);
#12700 = DIRECTION('',(0.,-1.));
#12701 = ( GEOMETRIC_REPRESENTATION_CONTEXT(2) 
PARAMETRIC_REPRESENTATION_CONTEXT() REPRESENTATION_CONTEXT('2D SPACE',''
  ) );
#12702 = PCURVE('',#10798,#12703);
#12703 = DEFINITIONAL_REPRESENTATION('',(#12704),#12708);
#12704 = LINE('',#12705,#12706);
#12705 = CARTESIAN_POINT('',(0.,0.));
#12706 = VECTOR('',#12707,1.);
#12707 = DIRECTION('',(0.,-1.));
#12708 = ( GEOMETRIC_REPRESENTATION_CONTEXT(2) 
PARAMETRIC_REPRESENTATION_CONTEXT() REPRESENTATION_CONTEXT('2D SPACE',''
  ) );
#12709 = ORIENTED_EDGE('',*,*,#12710,.T.);
#12710 = EDGE_CURVE('',#12688,#12688,#12711,.T.);
#12711 = SURFACE_CURVE('',#12712,(#12717,#12724),.PCURVE_S1.);
#12712 = CIRCLE('',#12713,1.25);
#12713 = AXIS2_PLACEMENT_3D('',#12714,#12715,#12716);
#12714 = CARTESIAN_POINT('',(57.,-42.,44.));
#12715 = DIRECTION('',(0.,0.,1.));
#12716 = DIRECTION('',(1.,0.,0.));
#12717 = PCURVE('',#10798,#12718);
#12718 = DEFINITIONAL_REPRESENTATION('',(#12719),#12723);
#12719 = LINE('',#12720,#12721);
#12720 = CARTESIAN_POINT('',(0.,-15.));
#12721 = VECTOR('',#12722,1.);
#12722 = DIRECTION('',(1.,0.));
#12723 = ( GEOMETRIC_REPRESENTATION_CONTEXT(2) 
PARAMETRIC_REPRESENTATION_CONTEXT() REPRESENTATION_CONTEXT('2D SPACE',''
  ) );
#12724 = PCURVE('',#12725,#12730);
#12725 = PLANE('',#12726);
#12726 = AXIS2_PLACEMENT_3D('',#12727,#12728,#12729);
#12727 = CARTESIAN_POINT('',(57.,-42.,44.));
#12728 = DIRECTION('',(0.,0.,1.));
#12729 = DIRECTION('',(1.,0.,0.));
#12730 = DEFINITIONAL_REPRESENTATION('',(#12731),#12735);
#12731 = CIRCLE('',#12732,1.25);
#12732 = AXIS2_PLACEMENT_2D('',#12733,#12734);
#12733 = CARTESIAN_POINT('',(6.837200662697E-17,-8.571706328947E-17));
#12734 = DIRECTION('',(1.,0.));
#12735 = ( GEOMETRIC_REPRESENTATION_CONTEXT(2) 
PARAMETRIC_REPRESENTATION_CONTEXT() REPRESENTATION_CONTEXT('2D SPACE',''
  ) );
#12736 = ORIENTED_EDGE('',*,*,#12687,.F.);
#12737 = ADVANCED_FACE('',(#12738),#10835,.T.);
#12738 = FACE_BOUND('',#12739,.T.);
#12739 = EDGE_LOOP('',(#12740,#12771,#12790,#12791));
#12740 = ORIENTED_EDGE('',*,*,#12741,.T.);
#12741 = EDGE_CURVE('',#12742,#12744,#12746,.T.);
#12742 = VERTEX_POINT('',#12743);
#12743 = CARTESIAN_POINT('',(-54.35424868893,-45.,3.));
#12744 = VERTEX_POINT('',#12745);
#12745 = CARTESIAN_POINT('',(-60.,-39.35424868893,3.));
#12746 = SURFACE_CURVE('',#12747,(#12752,#12759),.PCURVE_S1.);
#12747 = CIRCLE('',#12748,4.);
#12748 = AXIS2_PLACEMENT_3D('',#12749,#12750,#12751);
#12749 = CARTESIAN_POINT('',(-57.,-42.,3.));
#12750 = DIRECTION('',(-0.,0.,1.));
#12751 = DIRECTION('',(0.661437827766,-0.75,0.));
#12752 = PCURVE('',#10835,#12753);
#12753 = DEFINITIONAL_REPRESENTATION('',(#12754),#12758);
#12754 = LINE('',#12755,#12756);
#12755 = CARTESIAN_POINT('',(5.435123228198,0.));
#12756 = VECTOR('',#12757,1.);
#12757 = DIRECTION('',(1.,0.));
#12758 = ( GEOMETRIC_REPRESENTATION_CONTEXT(2) 
PARAMETRIC_REPRESENTATION_CONTEXT() REPRESENTATION_CONTEXT('2D SPACE',''
  ) );
#12759 = PCURVE('',#12760,#12765);
#12760 = PLANE('',#12761);
#12761 = AXIS2_PLACEMENT_3D('',#12762,#12763,#12764);
#12762 = CARTESIAN_POINT('',(-60.,-45.,3.));
#12763 = DIRECTION('',(0.,0.,1.));
#12764 = DIRECTION('',(1.,0.,0.));
#12765 = DEFINITIONAL_REPRESENTATION('',(#12766),#12770);
#12766 = CIRCLE('',#12767,4.);
#12767 = AXIS2_PLACEMENT_2D('',#12768,#12769);
#12768 = CARTESIAN_POINT('',(3.,3.));
#12769 = DIRECTION('',(0.661437827766,-0.75));
#12770 = ( GEOMETRIC_REPRESENTATION_CONTEXT(2) 
PARAMETRIC_REPRESENTATION_CONTEXT() REPRESENTATION_CONTEXT('2D SPACE',''
  ) );
#12771 = ORIENTED_EDGE('',*,*,#12772,.T.);
#12772 = EDGE_CURVE('',#12744,#10813,#12773,.T.);
#12773 = SURFACE_CURVE('',#12774,(#12778,#12784),.PCURVE_S1.);
#12774 = LINE('',#12775,#12776);
#12775 = CARTESIAN_POINT('',(-60.,-39.35424868893,3.));
#12776 = VECTOR('',#12777,1.);
#12777 = DIRECTION('',(0.,0.,1.));
#12778 = PCURVE('',#10835,#12779);
#12779 = DEFINITIONAL_REPRESENTATION('',(#12780),#12783);
#12780 = B_SPLINE_CURVE_WITH_KNOTS('',1,(#12781,#12782),.UNSPECIFIED.,
  .F.,.F.,(2,2),(0.,55.),.PIECEWISE_BEZIER_KNOTS.);
#12781 = CARTESIAN_POINT('',(8.702043712956,0.));
#12782 = CARTESIAN_POINT('',(8.702043712956,55.));
#12783 = ( GEOMETRIC_REPRESENTATION_CONTEXT(2) 
PARAMETRIC_REPRESENTATION_CONTEXT() REPRESENTATION_CONTEXT('2D SPACE',''
  ) );
#12784 = PCURVE('',#10863,#12785);
#12785 = DEFINITIONAL_REPRESENTATION('',(#12786),#12789);
#12786 = B_SPLINE_CURVE_WITH_KNOTS('',1,(#12787,#12788),.UNSPECIFIED.,
  .F.,.F.,(2,2),(-5.999999999062E-07,55.0000006),
  .PIECEWISE_BEZIER_KNOTS.);
#12787 = CARTESIAN_POINT('',(-5.999999999062E-07,-5.645751311065));
#12788 = CARTESIAN_POINT('',(55.0000006,-5.645751311065));
#12789 = ( GEOMETRIC_REPRESENTATION_CONTEXT(2) 
PARAMETRIC_REPRESENTATION_CONTEXT() REPRESENTATION_CONTEXT('2D SPACE',''
  ) );
#12790 = ORIENTED_EDGE('',*,*,#10812,.T.);
#12791 = ORIENTED_EDGE('',*,*,#12792,.F.);
#12792 = EDGE_CURVE('',#12742,#10815,#12793,.T.);
#12793 = SURFACE_CURVE('',#12794,(#12798,#12804),.PCURVE_S1.);
#12794 = LINE('',#12795,#12796);
#12795 = CARTESIAN_POINT('',(-54.35424868893,-45.,3.));
#12796 = VECTOR('',#12797,1.);
#12797 = DIRECTION('',(0.,0.,1.));
#12798 = PCURVE('',#10835,#12799);
#12799 = DEFINITIONAL_REPRESENTATION('',(#12800),#12803);
#12800 = B_SPLINE_CURVE_WITH_KNOTS('',1,(#12801,#12802),.UNSPECIFIED.,
  .F.,.F.,(2,2),(0.,55.),.PIECEWISE_BEZIER_KNOTS.);
#12801 = CARTESIAN_POINT('',(5.435123228198,0.));
#12802 = CARTESIAN_POINT('',(5.435123228198,55.));
#12803 = ( GEOMETRIC_REPRESENTATION_CONTEXT(2) 
PARAMETRIC_REPRESENTATION_CONTEXT() REPRESENTATION_CONTEXT('2D SPACE',''
  ) );
#12804 = PCURVE('',#11029,#12805);
#12805 = DEFINITIONAL_REPRESENTATION('',(#12806),#12809);
#12806 = B_SPLINE_CURVE_WITH_KNOTS('',1,(#12807,#12808),.UNSPECIFIED.,
  .F.,.F.,(2,2),(-5.999999999062E-07,55.0000006),
  .PIECEWISE_BEZIER_KNOTS.);
#12807 = CARTESIAN_POINT('',(-5.999999999062E-07,5.645751311065));
#12808 = CARTESIAN_POINT('',(55.0000006,5.645751311065));
#12809 = ( GEOMETRIC_REPRESENTATION_CONTEXT(2) 
PARAMETRIC_REPRESENTATION_CONTEXT() REPRESENTATION_CONTEXT('2D SPACE',''
  ) );
#12810 = ADVANCED_FACE('',(#12811),#10863,.T.);
#12811 = FACE_BOUND('',#12812,.T.);
#12812 = EDGE_LOOP('',(#12813,#12814,#12837,#12856));
#12813 = ORIENTED_EDGE('',*,*,#12772,.F.);
#12814 = ORIENTED_EDGE('',*,*,#12815,.T.);
#12815 = EDGE_CURVE('',#12744,#12816,#12818,.T.);
#12816 = VERTEX_POINT('',#12817);
#12817 = CARTESIAN_POINT('',(-60.,39.354248688935,3.));
#12818 = SURFACE_CURVE('',#12819,(#12823,#12830),.PCURVE_S1.);
#12819 = LINE('',#12820,#12821);
#12820 = CARTESIAN_POINT('',(-60.,-45.,3.));
#12821 = VECTOR('',#12822,1.);
#12822 = DIRECTION('',(0.,1.,0.));
#12823 = PCURVE('',#10863,#12824);
#12824 = DEFINITIONAL_REPRESENTATION('',(#12825),#12829);
#12825 = LINE('',#12826,#12827);
#12826 = CARTESIAN_POINT('',(0.,0.));
#12827 = VECTOR('',#12828,1.);
#12828 = DIRECTION('',(0.,-1.));
#12829 = ( GEOMETRIC_REPRESENTATION_CONTEXT(2) 
PARAMETRIC_REPRESENTATION_CONTEXT() REPRESENTATION_CONTEXT('2D SPACE',''
  ) );
#12830 = PCURVE('',#12760,#12831);
#12831 = DEFINITIONAL_REPRESENTATION('',(#12832),#12836);
#12832 = LINE('',#12833,#12834);
#12833 = CARTESIAN_POINT('',(0.,0.));
#12834 = VECTOR('',#12835,1.);
#12835 = DIRECTION('',(0.,1.));
#12836 = ( GEOMETRIC_REPRESENTATION_CONTEXT(2) 
PARAMETRIC_REPRESENTATION_CONTEXT() REPRESENTATION_CONTEXT('2D SPACE',''
  ) );
#12837 = ORIENTED_EDGE('',*,*,#12838,.T.);
#12838 = EDGE_CURVE('',#12816,#10848,#12839,.T.);
#12839 = SURFACE_CURVE('',#12840,(#12844,#12850),.PCURVE_S1.);
#12840 = LINE('',#12841,#12842);
#12841 = CARTESIAN_POINT('',(-60.,39.354248688935,3.));
#12842 = VECTOR('',#12843,1.);
#12843 = DIRECTION('',(0.,0.,1.));
#12844 = PCURVE('',#10863,#12845);
#12845 = DEFINITIONAL_REPRESENTATION('',(#12846),#12849);
#12846 = B_SPLINE_CURVE_WITH_KNOTS('',1,(#12847,#12848),.UNSPECIFIED.,
  .F.,.F.,(2,2),(-5.999999999062E-07,55.0000006),
  .PIECEWISE_BEZIER_KNOTS.);
#12847 = CARTESIAN_POINT('',(-5.999999999062E-07,-84.35424868893));
#12848 = CARTESIAN_POINT('',(55.0000006,-84.35424868893));
#12849 = ( GEOMETRIC_REPRESENTATION_CONTEXT(2) 
PARAMETRIC_REPRESENTATION_CONTEXT() REPRESENTATION_CONTEXT('2D SPACE',''
  ) );
#12850 = PCURVE('',#10891,#12851);
#12851 = DEFINITIONAL_REPRESENTATION('',(#12852),#12855);
#12852 = B_SPLINE_CURVE_WITH_KNOTS('',1,(#12853,#12854),.UNSPECIFIED.,
  .F.,.F.,(2,2),(0.,55.),.PIECEWISE_BEZIER_KNOTS.);
#12853 = CARTESIAN_POINT('',(3.864326901403,0.));
#12854 = CARTESIAN_POINT('',(3.864326901403,55.));
#12855 = ( GEOMETRIC_REPRESENTATION_CONTEXT(2) 
PARAMETRIC_REPRESENTATION_CONTEXT() REPRESENTATION_CONTEXT('2D SPACE',''
  ) );
#12856 = ORIENTED_EDGE('',*,*,#10847,.F.);
#12857 = ADVANCED_FACE('',(#12858,#12904,#12907),#11029,.T.);
#12858 = FACE_BOUND('',#12859,.T.);
#12859 = EDGE_LOOP('',(#12860,#12881,#12902,#12903));
#12860 = ORIENTED_EDGE('',*,*,#12861,.F.);
#12861 = EDGE_CURVE('',#12862,#10987,#12864,.T.);
#12862 = VERTEX_POINT('',#12863);
#12863 = CARTESIAN_POINT('',(54.354248688935,-45.,3.));
#12864 = SURFACE_CURVE('',#12865,(#12869,#12875),.PCURVE_S1.);
#12865 = LINE('',#12866,#12867);
#12866 = CARTESIAN_POINT('',(54.354248688935,-45.,3.));
#12867 = VECTOR('',#12868,1.);
#12868 = DIRECTION('',(0.,0.,1.));
#12869 = PCURVE('',#11029,#12870);
#12870 = DEFINITIONAL_REPRESENTATION('',(#12871),#12874);
#12871 = B_SPLINE_CURVE_WITH_KNOTS('',1,(#12872,#12873),.UNSPECIFIED.,
  .F.,.F.,(2,2),(-5.999999999062E-07,55.0000006),
  .PIECEWISE_BEZIER_KNOTS.);
#12872 = CARTESIAN_POINT('',(-5.999999999062E-07,114.35424868893));
#12873 = CARTESIAN_POINT('',(55.0000006,114.35424868893));
#12874 = ( GEOMETRIC_REPRESENTATION_CONTEXT(2) 
PARAMETRIC_REPRESENTATION_CONTEXT() REPRESENTATION_CONTEXT('2D SPACE',''
  ) );
#12875 = PCURVE('',#11003,#12876);
#12876 = DEFINITIONAL_REPRESENTATION('',(#12877),#12880);
#12877 = B_SPLINE_CURVE_WITH_KNOTS('',1,(#12878,#12879),.UNSPECIFIED.,
  .F.,.F.,(2,2),(-5.999999999062E-07,55.0000006),
  .PIECEWISE_BEZIER_KNOTS.);
#12878 = CARTESIAN_POINT('',(3.989654732571,-5.999999999062E-07));
#12879 = CARTESIAN_POINT('',(3.989654732571,55.0000006));
#12880 = ( GEOMETRIC_REPRESENTATION_CONTEXT(2) 
PARAMETRIC_REPRESENTATION_CONTEXT() REPRESENTATION_CONTEXT('2D SPACE',''
  ) );
#12881 = ORIENTED_EDGE('',*,*,#12882,.F.);
#12882 = EDGE_CURVE('',#12742,#12862,#12883,.T.);
#12883 = SURFACE_CURVE('',#12884,(#12888,#12895),.PCURVE_S1.);
#12884 = LINE('',#12885,#12886);
#12885 = CARTESIAN_POINT('',(-60.,-45.,3.));
#12886 = VECTOR('',#12887,1.);
#12887 = DIRECTION('',(1.,0.,0.));
#12888 = PCURVE('',#11029,#12889);
#12889 = DEFINITIONAL_REPRESENTATION('',(#12890),#12894);
#12890 = LINE('',#12891,#12892);
#12891 = CARTESIAN_POINT('',(0.,0.));
#12892 = VECTOR('',#12893,1.);
#12893 = DIRECTION('',(0.,1.));
#12894 = ( GEOMETRIC_REPRESENTATION_CONTEXT(2) 
PARAMETRIC_REPRESENTATION_CONTEXT() REPRESENTATION_CONTEXT('2D SPACE',''
  ) );
#12895 = PCURVE('',#12760,#12896);
#12896 = DEFINITIONAL_REPRESENTATION('',(#12897),#12901);
#12897 = LINE('',#12898,#12899);
#12898 = CARTESIAN_POINT('',(0.,0.));
#12899 = VECTOR('',#12900,1.);
#12900 = DIRECTION('',(1.,0.));
#12901 = ( GEOMETRIC_REPRESENTATION_CONTEXT(2) 
PARAMETRIC_REPRESENTATION_CONTEXT() REPRESENTATION_CONTEXT('2D SPACE',''
  ) );
#12902 = ORIENTED_EDGE('',*,*,#12792,.T.);
#12903 = ORIENTED_EDGE('',*,*,#11015,.F.);
#12904 = FACE_BOUND('',#12905,.T.);
#12905 = EDGE_LOOP('',(#12906));
#12906 = ORIENTED_EDGE('',*,*,#12249,.T.);
#12907 = FACE_BOUND('',#12908,.T.);
#12908 = EDGE_LOOP('',(#12909));
#12909 = ORIENTED_EDGE('',*,*,#12303,.T.);
#12910 = ADVANCED_FACE('',(#12911),#10891,.T.);
#12911 = FACE_BOUND('',#12912,.T.);
#12912 = EDGE_LOOP('',(#12913,#12941,#12960,#12961));
#12913 = ORIENTED_EDGE('',*,*,#12914,.F.);
#12914 = EDGE_CURVE('',#12915,#12816,#12917,.T.);
#12915 = VERTEX_POINT('',#12916);
#12916 = CARTESIAN_POINT('',(-54.35424868893,45.,3.));
#12917 = SURFACE_CURVE('',#12918,(#12923,#12930),.PCURVE_S1.);
#12918 = CIRCLE('',#12919,4.);
#12919 = AXIS2_PLACEMENT_3D('',#12920,#12921,#12922);
#12920 = CARTESIAN_POINT('',(-57.,42.,3.));
#12921 = DIRECTION('',(0.,0.,-1.));
#12922 = DIRECTION('',(0.661437827766,0.75,0.));
#12923 = PCURVE('',#10891,#12924);
#12924 = DEFINITIONAL_REPRESENTATION('',(#12925),#12929);
#12925 = LINE('',#12926,#12927);
#12926 = CARTESIAN_POINT('',(7.131247386161,0.));
#12927 = VECTOR('',#12928,1.);
#12928 = DIRECTION('',(-1.,-0.));
#12929 = ( GEOMETRIC_REPRESENTATION_CONTEXT(2) 
PARAMETRIC_REPRESENTATION_CONTEXT() REPRESENTATION_CONTEXT('2D SPACE',''
  ) );
#12930 = PCURVE('',#12760,#12931);
#12931 = DEFINITIONAL_REPRESENTATION('',(#12932),#12940);
#12932 = ( BOUNDED_CURVE() B_SPLINE_CURVE(2,(#12933,#12934,#12935,#12936
    ,#12937,#12938,#12939),.UNSPECIFIED.,.T.,.F.) 
B_SPLINE_CURVE_WITH_KNOTS((1,2,2,2,2,1),(-2.094395102393,0.,
    2.094395102393,4.188790204786,6.28318530718,8.377580409573),
.UNSPECIFIED.) CURVE() GEOMETRIC_REPRESENTATION_ITEM() 
RATIONAL_B_SPLINE_CURVE((1.,0.5,1.,0.5,1.,0.5,1.)) REPRESENTATION_ITEM(
  '') );
#12933 = CARTESIAN_POINT('',(5.645751311064,90.));
#12934 = CARTESIAN_POINT('',(10.841903733771,85.417424305044));
#12935 = CARTESIAN_POINT('',(4.275200555821,83.208712152522));
#12936 = CARTESIAN_POINT('',(-2.291502622129,81.));
#12937 = CARTESIAN_POINT('',(-0.920951866886,87.791287847478));
#12938 = CARTESIAN_POINT('',(0.449598888358,94.582575694956));
#12939 = CARTESIAN_POINT('',(5.645751311064,90.));
#12940 = ( GEOMETRIC_REPRESENTATION_CONTEXT(2) 
PARAMETRIC_REPRESENTATION_CONTEXT() REPRESENTATION_CONTEXT('2D SPACE',''
  ) );
#12941 = ORIENTED_EDGE('',*,*,#12942,.T.);
#12942 = EDGE_CURVE('',#12915,#10875,#12943,.T.);
#12943 = SURFACE_CURVE('',#12944,(#12948,#12954),.PCURVE_S1.);
#12944 = LINE('',#12945,#12946);
#12945 = CARTESIAN_POINT('',(-54.35424868893,45.,3.));
#12946 = VECTOR('',#12947,1.);
#12947 = DIRECTION('',(0.,0.,1.));
#12948 = PCURVE('',#10891,#12949);
#12949 = DEFINITIONAL_REPRESENTATION('',(#12950),#12953);
#12950 = B_SPLINE_CURVE_WITH_KNOTS('',1,(#12951,#12952),.UNSPECIFIED.,
  .F.,.F.,(2,2),(0.,55.),.PIECEWISE_BEZIER_KNOTS.);
#12951 = CARTESIAN_POINT('',(7.131247386161,0.));
#12952 = CARTESIAN_POINT('',(7.131247386161,55.));
#12953 = ( GEOMETRIC_REPRESENTATION_CONTEXT(2) 
PARAMETRIC_REPRESENTATION_CONTEXT() REPRESENTATION_CONTEXT('2D SPACE',''
  ) );
#12954 = PCURVE('',#10919,#12955);
#12955 = DEFINITIONAL_REPRESENTATION('',(#12956),#12959);
#12956 = B_SPLINE_CURVE_WITH_KNOTS('',1,(#12957,#12958),.UNSPECIFIED.,
  .F.,.F.,(2,2),(-5.999999999062E-07,55.0000006),
  .PIECEWISE_BEZIER_KNOTS.);
#12957 = CARTESIAN_POINT('',(-5.999999999062E-07,5.645751311065));
#12958 = CARTESIAN_POINT('',(55.0000006,5.645751311065));
#12959 = ( GEOMETRIC_REPRESENTATION_CONTEXT(2) 
PARAMETRIC_REPRESENTATION_CONTEXT() REPRESENTATION_CONTEXT('2D SPACE',''
  ) );
#12960 = ORIENTED_EDGE('',*,*,#10874,.F.);
#12961 = ORIENTED_EDGE('',*,*,#12838,.F.);
#12962 = ADVANCED_FACE('',(#12963),#11003,.T.);
#12963 = FACE_BOUND('',#12964,.T.);
#12964 = EDGE_LOOP('',(#12965,#12966,#12987,#13009));
#12965 = ORIENTED_EDGE('',*,*,#10986,.F.);
#12966 = ORIENTED_EDGE('',*,*,#12967,.F.);
#12967 = EDGE_CURVE('',#12968,#10960,#12970,.T.);
#12968 = VERTEX_POINT('',#12969);
#12969 = CARTESIAN_POINT('',(60.,-39.35424868893,3.));
#12970 = SURFACE_CURVE('',#12971,(#12975,#12981),.PCURVE_S1.);
#12971 = LINE('',#12972,#12973);
#12972 = CARTESIAN_POINT('',(60.,-39.35424868893,3.));
#12973 = VECTOR('',#12974,1.);
#12974 = DIRECTION('',(0.,0.,1.));
#12975 = PCURVE('',#11003,#12976);
#12976 = DEFINITIONAL_REPRESENTATION('',(#12977),#12980);
#12977 = B_SPLINE_CURVE_WITH_KNOTS('',1,(#12978,#12979),.UNSPECIFIED.,
  .F.,.F.,(2,2),(-5.999999999062E-07,55.0000006),
  .PIECEWISE_BEZIER_KNOTS.);
#12978 = CARTESIAN_POINT('',(0.722734247813,-5.999999999062E-07));
#12979 = CARTESIAN_POINT('',(0.722734247813,55.0000006));
#12980 = ( GEOMETRIC_REPRESENTATION_CONTEXT(2) 
PARAMETRIC_REPRESENTATION_CONTEXT() REPRESENTATION_CONTEXT('2D SPACE',''
  ) );
#12981 = PCURVE('',#10975,#12982);
#12982 = DEFINITIONAL_REPRESENTATION('',(#12983),#12986);
#12983 = B_SPLINE_CURVE_WITH_KNOTS('',1,(#12984,#12985),.UNSPECIFIED.,
  .F.,.F.,(2,2),(-5.999999999062E-07,55.0000006),
  .PIECEWISE_BEZIER_KNOTS.);
#12984 = CARTESIAN_POINT('',(-5.999999999062E-07,-5.645751311065));
#12985 = CARTESIAN_POINT('',(55.0000006,-5.645751311065));
#12986 = ( GEOMETRIC_REPRESENTATION_CONTEXT(2) 
PARAMETRIC_REPRESENTATION_CONTEXT() REPRESENTATION_CONTEXT('2D SPACE',''
  ) );
#12987 = ORIENTED_EDGE('',*,*,#12988,.T.);
#12988 = EDGE_CURVE('',#12968,#12862,#12989,.T.);
#12989 = SURFACE_CURVE('',#12990,(#12995,#13002),.PCURVE_S1.);
#12990 = CIRCLE('',#12991,4.);
#12991 = AXIS2_PLACEMENT_3D('',#12992,#12993,#12994);
#12992 = CARTESIAN_POINT('',(57.,-42.,3.));
#12993 = DIRECTION('',(0.,0.,1.));
#12994 = DIRECTION('',(1.,0.,0.));
#12995 = PCURVE('',#11003,#12996);
#12996 = DEFINITIONAL_REPRESENTATION('',(#12997),#13001);
#12997 = LINE('',#12998,#12999);
#12998 = CARTESIAN_POINT('',(0.,0.));
#12999 = VECTOR('',#13000,1.);
#13000 = DIRECTION('',(1.,0.));
#13001 = ( GEOMETRIC_REPRESENTATION_CONTEXT(2) 
PARAMETRIC_REPRESENTATION_CONTEXT() REPRESENTATION_CONTEXT('2D SPACE',''
  ) );
#13002 = PCURVE('',#12760,#13003);
#13003 = DEFINITIONAL_REPRESENTATION('',(#13004),#13008);
#13004 = CIRCLE('',#13005,4.);
#13005 = AXIS2_PLACEMENT_2D('',#13006,#13007);
#13006 = CARTESIAN_POINT('',(117.,3.));
#13007 = DIRECTION('',(1.,0.));
#13008 = ( GEOMETRIC_REPRESENTATION_CONTEXT(2) 
PARAMETRIC_REPRESENTATION_CONTEXT() REPRESENTATION_CONTEXT('2D SPACE',''
  ) );
#13009 = ORIENTED_EDGE('',*,*,#12861,.T.);
#13010 = ADVANCED_FACE('',(#13011,#13057,#13063,#13069,#13075,#13081),
  #10919,.F.);
#13011 = FACE_BOUND('',#13012,.F.);
#13012 = EDGE_LOOP('',(#13013,#13034,#13055,#13056));
#13013 = ORIENTED_EDGE('',*,*,#13014,.F.);
#13014 = EDGE_CURVE('',#13015,#10904,#13017,.T.);
#13015 = VERTEX_POINT('',#13016);
#13016 = CARTESIAN_POINT('',(54.354248688935,45.,3.));
#13017 = SURFACE_CURVE('',#13018,(#13022,#13028),.PCURVE_S1.);
#13018 = LINE('',#13019,#13020);
#13019 = CARTESIAN_POINT('',(54.354248688935,45.,3.));
#13020 = VECTOR('',#13021,1.);
#13021 = DIRECTION('',(0.,0.,1.));
#13022 = PCURVE('',#10919,#13023);
#13023 = DEFINITIONAL_REPRESENTATION('',(#13024),#13027);
#13024 = B_SPLINE_CURVE_WITH_KNOTS('',1,(#13025,#13026),.UNSPECIFIED.,
  .F.,.F.,(2,2),(-5.999999999062E-07,55.0000006),
  .PIECEWISE_BEZIER_KNOTS.);
#13025 = CARTESIAN_POINT('',(-5.999999999062E-07,114.35424868893));
#13026 = CARTESIAN_POINT('',(55.0000006,114.35424868893));
#13027 = ( GEOMETRIC_REPRESENTATION_CONTEXT(2) 
PARAMETRIC_REPRESENTATION_CONTEXT() REPRESENTATION_CONTEXT('2D SPACE',''
  ) );
#13028 = PCURVE('',#10947,#13029);
#13029 = DEFINITIONAL_REPRESENTATION('',(#13030),#13033);
#13030 = B_SPLINE_CURVE_WITH_KNOTS('',1,(#13031,#13032),.UNSPECIFIED.,
  .F.,.F.,(2,2),(-5.999999999062E-07,55.0000006),
  .PIECEWISE_BEZIER_KNOTS.);
#13031 = CARTESIAN_POINT('',(2.293530574608,-5.999999999062E-07));
#13032 = CARTESIAN_POINT('',(2.293530574608,55.0000006));
#13033 = ( GEOMETRIC_REPRESENTATION_CONTEXT(2) 
PARAMETRIC_REPRESENTATION_CONTEXT() REPRESENTATION_CONTEXT('2D SPACE',''
  ) );
#13034 = ORIENTED_EDGE('',*,*,#13035,.F.);
#13035 = EDGE_CURVE('',#12915,#13015,#13036,.T.);
#13036 = SURFACE_CURVE('',#13037,(#13041,#13048),.PCURVE_S1.);
#13037 = LINE('',#13038,#13039);
#13038 = CARTESIAN_POINT('',(-60.,45.,3.));
#13039 = VECTOR('',#13040,1.);
#13040 = DIRECTION('',(1.,0.,0.));
#13041 = PCURVE('',#10919,#13042);
#13042 = DEFINITIONAL_REPRESENTATION('',(#13043),#13047);
#13043 = LINE('',#13044,#13045);
#13044 = CARTESIAN_POINT('',(0.,0.));
#13045 = VECTOR('',#13046,1.);
#13046 = DIRECTION('',(0.,1.));
#13047 = ( GEOMETRIC_REPRESENTATION_CONTEXT(2) 
PARAMETRIC_REPRESENTATION_CONTEXT() REPRESENTATION_CONTEXT('2D SPACE',''
  ) );
#13048 = PCURVE('',#12760,#13049);
#13049 = DEFINITIONAL_REPRESENTATION('',(#13050),#13054);
#13050 = LINE('',#13051,#13052);
#13051 = CARTESIAN_POINT('',(0.,90.));
#13052 = VECTOR('',#13053,1.);
#13053 = DIRECTION('',(1.,0.));
#13054 = ( GEOMETRIC_REPRESENTATION_CONTEXT(2) 
PARAMETRIC_REPRESENTATION_CONTEXT() REPRESENTATION_CONTEXT('2D SPACE',''
  ) );
#13055 = ORIENTED_EDGE('',*,*,#12942,.T.);
#13056 = ORIENTED_EDGE('',*,*,#10903,.F.);
#13057 = FACE_BOUND('',#13058,.F.);
#13058 = EDGE_LOOP('',(#13059,#13060,#13061,#13062));
#13059 = ORIENTED_EDGE('',*,*,#11299,.F.);
#13060 = ORIENTED_EDGE('',*,*,#11440,.T.);
#13061 = ORIENTED_EDGE('',*,*,#11415,.T.);
#13062 = ORIENTED_EDGE('',*,*,#11346,.F.);
#13063 = FACE_BOUND('',#13064,.F.);
#13064 = EDGE_LOOP('',(#13065,#13066,#13067,#13068));
#13065 = ORIENTED_EDGE('',*,*,#11487,.F.);
#13066 = ORIENTED_EDGE('',*,*,#11628,.T.);
#13067 = ORIENTED_EDGE('',*,*,#11603,.T.);
#13068 = ORIENTED_EDGE('',*,*,#11534,.F.);
#13069 = FACE_BOUND('',#13070,.F.);
#13070 = EDGE_LOOP('',(#13071,#13072,#13073,#13074));
#13071 = ORIENTED_EDGE('',*,*,#11675,.F.);
#13072 = ORIENTED_EDGE('',*,*,#11816,.T.);
#13073 = ORIENTED_EDGE('',*,*,#11791,.T.);
#13074 = ORIENTED_EDGE('',*,*,#11722,.F.);
#13075 = FACE_BOUND('',#13076,.F.);
#13076 = EDGE_LOOP('',(#13077,#13078,#13079,#13080));
#13077 = ORIENTED_EDGE('',*,*,#11863,.F.);
#13078 = ORIENTED_EDGE('',*,*,#12004,.T.);
#13079 = ORIENTED_EDGE('',*,*,#11979,.T.);
#13080 = ORIENTED_EDGE('',*,*,#11910,.F.);
#13081 = FACE_BOUND('',#13082,.F.);
#13082 = EDGE_LOOP('',(#13083,#13084,#13085,#13086));
#13083 = ORIENTED_EDGE('',*,*,#12051,.F.);
#13084 = ORIENTED_EDGE('',*,*,#12192,.T.);
#13085 = ORIENTED_EDGE('',*,*,#12167,.T.);
#13086 = ORIENTED_EDGE('',*,*,#12098,.F.);
#13087 = ADVANCED_FACE('',(#13088),#10975,.F.);
#13088 = FACE_BOUND('',#13089,.F.);
#13089 = EDGE_LOOP('',(#13090,#13091,#13114,#13133));
#13090 = ORIENTED_EDGE('',*,*,#12967,.F.);
#13091 = ORIENTED_EDGE('',*,*,#13092,.T.);
#13092 = EDGE_CURVE('',#12968,#13093,#13095,.T.);
#13093 = VERTEX_POINT('',#13094);
#13094 = CARTESIAN_POINT('',(60.,39.354248688935,3.));
#13095 = SURFACE_CURVE('',#13096,(#13100,#13107),.PCURVE_S1.);
#13096 = LINE('',#13097,#13098);
#13097 = CARTESIAN_POINT('',(60.,-45.,3.));
#13098 = VECTOR('',#13099,1.);
#13099 = DIRECTION('',(0.,1.,0.));
#13100 = PCURVE('',#10975,#13101);
#13101 = DEFINITIONAL_REPRESENTATION('',(#13102),#13106);
#13102 = LINE('',#13103,#13104);
#13103 = CARTESIAN_POINT('',(0.,0.));
#13104 = VECTOR('',#13105,1.);
#13105 = DIRECTION('',(0.,-1.));
#13106 = ( GEOMETRIC_REPRESENTATION_CONTEXT(2) 
PARAMETRIC_REPRESENTATION_CONTEXT() REPRESENTATION_CONTEXT('2D SPACE',''
  ) );
#13107 = PCURVE('',#12760,#13108);
#13108 = DEFINITIONAL_REPRESENTATION('',(#13109),#13113);
#13109 = LINE('',#13110,#13111);
#13110 = CARTESIAN_POINT('',(120.,0.));
#13111 = VECTOR('',#13112,1.);
#13112 = DIRECTION('',(0.,1.));
#13113 = ( GEOMETRIC_REPRESENTATION_CONTEXT(2) 
PARAMETRIC_REPRESENTATION_CONTEXT() REPRESENTATION_CONTEXT('2D SPACE',''
  ) );
#13114 = ORIENTED_EDGE('',*,*,#13115,.T.);
#13115 = EDGE_CURVE('',#13093,#10931,#13116,.T.);
#13116 = SURFACE_CURVE('',#13117,(#13121,#13127),.PCURVE_S1.);
#13117 = LINE('',#13118,#13119);
#13118 = CARTESIAN_POINT('',(60.,39.354248688935,3.));
#13119 = VECTOR('',#13120,1.);
#13120 = DIRECTION('',(0.,0.,1.));
#13121 = PCURVE('',#10975,#13122);
#13122 = DEFINITIONAL_REPRESENTATION('',(#13123),#13126);
#13123 = B_SPLINE_CURVE_WITH_KNOTS('',1,(#13124,#13125),.UNSPECIFIED.,
  .F.,.F.,(2,2),(-5.999999999062E-07,55.0000006),
  .PIECEWISE_BEZIER_KNOTS.);
#13124 = CARTESIAN_POINT('',(-5.999999999062E-07,-84.35424868893));
#13125 = CARTESIAN_POINT('',(55.0000006,-84.35424868893));
#13126 = ( GEOMETRIC_REPRESENTATION_CONTEXT(2) 
PARAMETRIC_REPRESENTATION_CONTEXT() REPRESENTATION_CONTEXT('2D SPACE',''
  ) );
#13127 = PCURVE('',#10947,#13128);
#13128 = DEFINITIONAL_REPRESENTATION('',(#13129),#13132);
#13129 = B_SPLINE_CURVE_WITH_KNOTS('',1,(#13130,#13131),.UNSPECIFIED.,
  .F.,.F.,(2,2),(-5.999999999062E-07,55.0000006),
  .PIECEWISE_BEZIER_KNOTS.);
#13130 = CARTESIAN_POINT('',(5.560451059366,-5.999999999062E-07));
#13131 = CARTESIAN_POINT('',(5.560451059366,55.0000006));
#13132 = ( GEOMETRIC_REPRESENTATION_CONTEXT(2) 
PARAMETRIC_REPRESENTATION_CONTEXT() REPRESENTATION_CONTEXT('2D SPACE',''
  ) );
#13133 = ORIENTED_EDGE('',*,*,#10959,.F.);
#13134 = ADVANCED_FACE('',(#13135),#10947,.T.);
#13135 = FACE_BOUND('',#13136,.T.);
#13136 = EDGE_LOOP('',(#13137,#13138,#13139,#13140));
#13137 = ORIENTED_EDGE('',*,*,#13115,.T.);
#13138 = ORIENTED_EDGE('',*,*,#10930,.F.);
#13139 = ORIENTED_EDGE('',*,*,#13014,.F.);
#13140 = ORIENTED_EDGE('',*,*,#13141,.T.);
#13141 = EDGE_CURVE('',#13015,#13093,#13142,.T.);
#13142 = SURFACE_CURVE('',#13143,(#13148,#13155),.PCURVE_S1.);
#13143 = CIRCLE('',#13144,4.);
#13144 = AXIS2_PLACEMENT_3D('',#13145,#13146,#13147);
#13145 = CARTESIAN_POINT('',(57.,42.,3.));
#13146 = DIRECTION('',(0.,0.,1.));
#13147 = DIRECTION('',(1.,0.,0.));
#13148 = PCURVE('',#10947,#13149);
#13149 = DEFINITIONAL_REPRESENTATION('',(#13150),#13154);
#13150 = LINE('',#13151,#13152);
#13151 = CARTESIAN_POINT('',(0.,0.));
#13152 = VECTOR('',#13153,1.);
#13153 = DIRECTION('',(1.,0.));
#13154 = ( GEOMETRIC_REPRESENTATION_CONTEXT(2) 
PARAMETRIC_REPRESENTATION_CONTEXT() REPRESENTATION_CONTEXT('2D SPACE',''
  ) );
#13155 = PCURVE('',#12760,#13156);
#13156 = DEFINITIONAL_REPRESENTATION('',(#13157),#13161);
#13157 = CIRCLE('',#13158,4.);
#13158 = AXIS2_PLACEMENT_2D('',#13159,#13160);
#13159 = CARTESIAN_POINT('',(117.,87.));
#13160 = DIRECTION('',(1.,0.));
#13161 = ( GEOMETRIC_REPRESENTATION_CONTEXT(2) 
PARAMETRIC_REPRESENTATION_CONTEXT() REPRESENTATION_CONTEXT('2D SPACE',''
  ) );
#13162 = ADVANCED_FACE('',(#13163),#11059,.F.);
#13163 = FACE_BOUND('',#13164,.F.);
#13164 = EDGE_LOOP('',(#13165,#13166,#13189,#13216));
#13165 = ORIENTED_EDGE('',*,*,#11042,.F.);
#13166 = ORIENTED_EDGE('',*,*,#13167,.T.);
#13167 = EDGE_CURVE('',#11043,#13168,#13170,.T.);
#13168 = VERTEX_POINT('',#13169);
#13169 = CARTESIAN_POINT('',(-55.75,42.,44.));
#13170 = SEAM_CURVE('',#13171,(#13175,#13182),.PCURVE_S1.);
#13171 = LINE('',#13172,#13173);
#13172 = CARTESIAN_POINT('',(-55.75,42.,59.));
#13173 = VECTOR('',#13174,1.);
#13174 = DIRECTION('',(-0.,-0.,-1.));
#13175 = PCURVE('',#11059,#13176);
#13176 = DEFINITIONAL_REPRESENTATION('',(#13177),#13181);
#13177 = LINE('',#13178,#13179);
#13178 = CARTESIAN_POINT('',(6.28318530718,0.));
#13179 = VECTOR('',#13180,1.);
#13180 = DIRECTION('',(0.,-1.));
#13181 = ( GEOMETRIC_REPRESENTATION_CONTEXT(2) 
PARAMETRIC_REPRESENTATION_CONTEXT() REPRESENTATION_CONTEXT('2D SPACE',''
  ) );
#13182 = PCURVE('',#11059,#13183);
#13183 = DEFINITIONAL_REPRESENTATION('',(#13184),#13188);
#13184 = LINE('',#13185,#13186);
#13185 = CARTESIAN_POINT('',(0.,0.));
#13186 = VECTOR('',#13187,1.);
#13187 = DIRECTION('',(0.,-1.));
#13188 = ( GEOMETRIC_REPRESENTATION_CONTEXT(2) 
PARAMETRIC_REPRESENTATION_CONTEXT() REPRESENTATION_CONTEXT('2D SPACE',''
  ) );
#13189 = ORIENTED_EDGE('',*,*,#13190,.T.);
#13190 = EDGE_CURVE('',#13168,#13168,#13191,.T.);
#13191 = SURFACE_CURVE('',#13192,(#13197,#13204),.PCURVE_S1.);
#13192 = CIRCLE('',#13193,1.25);
#13193 = AXIS2_PLACEMENT_3D('',#13194,#13195,#13196);
#13194 = CARTESIAN_POINT('',(-57.,42.,44.));
#13195 = DIRECTION('',(0.,0.,1.));
#13196 = DIRECTION('',(1.,0.,0.));
#13197 = PCURVE('',#11059,#13198);
#13198 = DEFINITIONAL_REPRESENTATION('',(#13199),#13203);
#13199 = LINE('',#13200,#13201);
#13200 = CARTESIAN_POINT('',(0.,-15.));
#13201 = VECTOR('',#13202,1.);
#13202 = DIRECTION('',(1.,0.));
#13203 = ( GEOMETRIC_REPRESENTATION_CONTEXT(2) 
PARAMETRIC_REPRESENTATION_CONTEXT() REPRESENTATION_CONTEXT('2D SPACE',''
  ) );
#13204 = PCURVE('',#13205,#13210);
#13205 = PLANE('',#13206);
#13206 = AXIS2_PLACEMENT_3D('',#13207,#13208,#13209);
#13207 = CARTESIAN_POINT('',(-57.,42.,44.));
#13208 = DIRECTION('',(0.,0.,1.));
#13209 = DIRECTION('',(1.,0.,0.));
#13210 = DEFINITIONAL_REPRESENTATION('',(#13211),#13215);
#13211 = CIRCLE('',#13212,1.25);
#13212 = AXIS2_PLACEMENT_2D('',#13213,#13214);
#13213 = CARTESIAN_POINT('',(6.837200662697E-17,-8.571706328947E-17));
#13214 = DIRECTION('',(1.,0.));
#13215 = ( GEOMETRIC_REPRESENTATION_CONTEXT(2) 
PARAMETRIC_REPRESENTATION_CONTEXT() REPRESENTATION_CONTEXT('2D SPACE',''
  ) );
#13216 = ORIENTED_EDGE('',*,*,#13167,.F.);
#13217 = ADVANCED_FACE('',(#13218),#11091,.F.);
#13218 = FACE_BOUND('',#13219,.F.);
#13219 = EDGE_LOOP('',(#13220,#13241,#13269,#13290));
#13220 = ORIENTED_EDGE('',*,*,#13221,.F.);
#13221 = EDGE_CURVE('',#13222,#11074,#13224,.T.);
#13222 = VERTEX_POINT('',#13223);
#13223 = CARTESIAN_POINT('',(-59.64575131106,45.,3.));
#13224 = SURFACE_CURVE('',#13225,(#13229,#13235),.PCURVE_S1.);
#13225 = LINE('',#13226,#13227);
#13226 = CARTESIAN_POINT('',(-59.64575131106,45.,3.));
#13227 = VECTOR('',#13228,1.);
#13228 = DIRECTION('',(0.,0.,1.));
#13229 = PCURVE('',#11091,#13230);
#13230 = DEFINITIONAL_REPRESENTATION('',(#13231),#13234);
#13231 = B_SPLINE_CURVE_WITH_KNOTS('',1,(#13232,#13233),.UNSPECIFIED.,
  .F.,.F.,(2,2),(-5.999999999062E-07,55.0000006),
  .PIECEWISE_BEZIER_KNOTS.);
#13232 = CARTESIAN_POINT('',(-5.999999999062E-07,0.354248688935));
#13233 = CARTESIAN_POINT('',(55.0000006,0.354248688935));
#13234 = ( GEOMETRIC_REPRESENTATION_CONTEXT(2) 
PARAMETRIC_REPRESENTATION_CONTEXT() REPRESENTATION_CONTEXT('2D SPACE',''
  ) );
#13235 = PCURVE('',#11119,#13236);
#13236 = DEFINITIONAL_REPRESENTATION('',(#13237),#13240);
#13237 = B_SPLINE_CURVE_WITH_KNOTS('',1,(#13238,#13239),.UNSPECIFIED.,
  .F.,.F.,(2,2),(-5.999999999062E-07,55.0000006),
  .PIECEWISE_BEZIER_KNOTS.);
#13238 = CARTESIAN_POINT('',(2.293530574608,-5.999999999062E-07));
#13239 = CARTESIAN_POINT('',(2.293530574608,55.0000006));
#13240 = ( GEOMETRIC_REPRESENTATION_CONTEXT(2) 
PARAMETRIC_REPRESENTATION_CONTEXT() REPRESENTATION_CONTEXT('2D SPACE',''
  ) );
#13241 = ORIENTED_EDGE('',*,*,#13242,.F.);
#13242 = EDGE_CURVE('',#13243,#13222,#13245,.T.);
#13243 = VERTEX_POINT('',#13244);
#13244 = CARTESIAN_POINT('',(-60.,45.,3.));
#13245 = SURFACE_CURVE('',#13246,(#13250,#13257),.PCURVE_S1.);
#13246 = LINE('',#13247,#13248);
#13247 = CARTESIAN_POINT('',(-60.,45.,3.));
#13248 = VECTOR('',#13249,1.);
#13249 = DIRECTION('',(1.,0.,0.));
#13250 = PCURVE('',#11091,#13251);
#13251 = DEFINITIONAL_REPRESENTATION('',(#13252),#13256);
#13252 = LINE('',#13253,#13254);
#13253 = CARTESIAN_POINT('',(0.,0.));
#13254 = VECTOR('',#13255,1.);
#13255 = DIRECTION('',(0.,1.));
#13256 = ( GEOMETRIC_REPRESENTATION_CONTEXT(2) 
PARAMETRIC_REPRESENTATION_CONTEXT() REPRESENTATION_CONTEXT('2D SPACE',''
  ) );
#13257 = PCURVE('',#13258,#13263);
#13258 = PLANE('',#13259);
#13259 = AXIS2_PLACEMENT_3D('',#13260,#13261,#13262);
#13260 = CARTESIAN_POINT('',(-60.,-45.,3.));
#13261 = DIRECTION('',(0.,0.,1.));
#13262 = DIRECTION('',(1.,0.,0.));
#13263 = DEFINITIONAL_REPRESENTATION('',(#13264),#13268);
#13264 = LINE('',#13265,#13266);
#13265 = CARTESIAN_POINT('',(0.,90.));
#13266 = VECTOR('',#13267,1.);
#13267 = DIRECTION('',(1.,0.));
#13268 = ( GEOMETRIC_REPRESENTATION_CONTEXT(2) 
PARAMETRIC_REPRESENTATION_CONTEXT() REPRESENTATION_CONTEXT('2D SPACE',''
  ) );
#13269 = ORIENTED_EDGE('',*,*,#13270,.T.);
#13270 = EDGE_CURVE('',#13243,#11076,#13271,.T.);
#13271 = SURFACE_CURVE('',#13272,(#13276,#13283),.PCURVE_S1.);
#13272 = LINE('',#13273,#13274);
#13273 = CARTESIAN_POINT('',(-60.,45.,3.));
#13274 = VECTOR('',#13275,1.);
#13275 = DIRECTION('',(0.,0.,1.));
#13276 = PCURVE('',#11091,#13277);
#13277 = DEFINITIONAL_REPRESENTATION('',(#13278),#13282);
#13278 = LINE('',#13279,#13280);
#13279 = CARTESIAN_POINT('',(0.,0.));
#13280 = VECTOR('',#13281,1.);
#13281 = DIRECTION('',(1.,0.));
#13282 = ( GEOMETRIC_REPRESENTATION_CONTEXT(2) 
PARAMETRIC_REPRESENTATION_CONTEXT() REPRESENTATION_CONTEXT('2D SPACE',''
  ) );
#13283 = PCURVE('',#11145,#13284);
#13284 = DEFINITIONAL_REPRESENTATION('',(#13285),#13289);
#13285 = LINE('',#13286,#13287);
#13286 = CARTESIAN_POINT('',(0.,-90.));
#13287 = VECTOR('',#13288,1.);
#13288 = DIRECTION('',(1.,0.));
#13289 = ( GEOMETRIC_REPRESENTATION_CONTEXT(2) 
PARAMETRIC_REPRESENTATION_CONTEXT() REPRESENTATION_CONTEXT('2D SPACE',''
  ) );
#13290 = ORIENTED_EDGE('',*,*,#11073,.F.);
#13291 = ADVANCED_FACE('',(#13292),#11119,.T.);
#13292 = FACE_BOUND('',#13293,.T.);
#13293 = EDGE_LOOP('',(#13294,#13295,#13296,#13320));
#13294 = ORIENTED_EDGE('',*,*,#11102,.F.);
#13295 = ORIENTED_EDGE('',*,*,#13221,.F.);
#13296 = ORIENTED_EDGE('',*,*,#13297,.T.);
#13297 = EDGE_CURVE('',#13222,#13298,#13300,.T.);
#13298 = VERTEX_POINT('',#13299);
#13299 = CARTESIAN_POINT('',(-60.,44.645751311065,3.));
#13300 = SURFACE_CURVE('',#13301,(#13306,#13313),.PCURVE_S1.);
#13301 = CIRCLE('',#13302,4.);
#13302 = AXIS2_PLACEMENT_3D('',#13303,#13304,#13305);
#13303 = CARTESIAN_POINT('',(-57.,42.,3.));
#13304 = DIRECTION('',(0.,0.,1.));
#13305 = DIRECTION('',(1.,0.,0.));
#13306 = PCURVE('',#11119,#13307);
#13307 = DEFINITIONAL_REPRESENTATION('',(#13308),#13312);
#13308 = LINE('',#13309,#13310);
#13309 = CARTESIAN_POINT('',(0.,0.));
#13310 = VECTOR('',#13311,1.);
#13311 = DIRECTION('',(1.,0.));
#13312 = ( GEOMETRIC_REPRESENTATION_CONTEXT(2) 
PARAMETRIC_REPRESENTATION_CONTEXT() REPRESENTATION_CONTEXT('2D SPACE',''
  ) );
#13313 = PCURVE('',#13258,#13314);
#13314 = DEFINITIONAL_REPRESENTATION('',(#13315),#13319);
#13315 = CIRCLE('',#13316,4.);
#13316 = AXIS2_PLACEMENT_2D('',#13317,#13318);
#13317 = CARTESIAN_POINT('',(3.,87.));
#13318 = DIRECTION('',(1.,0.));
#13319 = ( GEOMETRIC_REPRESENTATION_CONTEXT(2) 
PARAMETRIC_REPRESENTATION_CONTEXT() REPRESENTATION_CONTEXT('2D SPACE',''
  ) );
#13320 = ORIENTED_EDGE('',*,*,#13321,.T.);
#13321 = EDGE_CURVE('',#13298,#11103,#13322,.T.);
#13322 = SURFACE_CURVE('',#13323,(#13327,#13333),.PCURVE_S1.);
#13323 = LINE('',#13324,#13325);
#13324 = CARTESIAN_POINT('',(-60.,44.645751311065,3.));
#13325 = VECTOR('',#13326,1.);
#13326 = DIRECTION('',(0.,0.,1.));
#13327 = PCURVE('',#11119,#13328);
#13328 = DEFINITIONAL_REPRESENTATION('',(#13329),#13332);
#13329 = B_SPLINE_CURVE_WITH_KNOTS('',1,(#13330,#13331),.UNSPECIFIED.,
  .F.,.F.,(2,2),(-5.999999999062E-07,55.0000006),
  .PIECEWISE_BEZIER_KNOTS.);
#13330 = CARTESIAN_POINT('',(2.418858405776,-5.999999999062E-07));
#13331 = CARTESIAN_POINT('',(2.418858405776,55.0000006));
#13332 = ( GEOMETRIC_REPRESENTATION_CONTEXT(2) 
PARAMETRIC_REPRESENTATION_CONTEXT() REPRESENTATION_CONTEXT('2D SPACE',''
  ) );
#13333 = PCURVE('',#11145,#13334);
#13334 = DEFINITIONAL_REPRESENTATION('',(#13335),#13338);
#13335 = B_SPLINE_CURVE_WITH_KNOTS('',1,(#13336,#13337),.UNSPECIFIED.,
  .F.,.F.,(2,2),(-5.999999999062E-07,55.0000006),
  .PIECEWISE_BEZIER_KNOTS.);
#13336 = CARTESIAN_POINT('',(-5.999999999062E-07,-89.64575131106));
#13337 = CARTESIAN_POINT('',(55.0000006,-89.64575131106));
#13338 = ( GEOMETRIC_REPRESENTATION_CONTEXT(2) 
PARAMETRIC_REPRESENTATION_CONTEXT() REPRESENTATION_CONTEXT('2D SPACE',''
  ) );
#13339 = ADVANCED_FACE('',(#13340),#11145,.T.);
#13340 = FACE_BOUND('',#13341,.T.);
#13341 = EDGE_LOOP('',(#13342,#13343,#13364,#13365));
#13342 = ORIENTED_EDGE('',*,*,#13321,.F.);
#13343 = ORIENTED_EDGE('',*,*,#13344,.T.);
#13344 = EDGE_CURVE('',#13298,#13243,#13345,.T.);
#13345 = SURFACE_CURVE('',#13346,(#13350,#13357),.PCURVE_S1.);
#13346 = LINE('',#13347,#13348);
#13347 = CARTESIAN_POINT('',(-60.,-45.,3.));
#13348 = VECTOR('',#13349,1.);
#13349 = DIRECTION('',(0.,1.,0.));
#13350 = PCURVE('',#11145,#13351);
#13351 = DEFINITIONAL_REPRESENTATION('',(#13352),#13356);
#13352 = LINE('',#13353,#13354);
#13353 = CARTESIAN_POINT('',(0.,0.));
#13354 = VECTOR('',#13355,1.);
#13355 = DIRECTION('',(0.,-1.));
#13356 = ( GEOMETRIC_REPRESENTATION_CONTEXT(2) 
PARAMETRIC_REPRESENTATION_CONTEXT() REPRESENTATION_CONTEXT('2D SPACE',''
  ) );
#13357 = PCURVE('',#13258,#13358);
#13358 = DEFINITIONAL_REPRESENTATION('',(#13359),#13363);
#13359 = LINE('',#13360,#13361);
#13360 = CARTESIAN_POINT('',(0.,0.));
#13361 = VECTOR('',#13362,1.);
#13362 = DIRECTION('',(0.,1.));
#13363 = ( GEOMETRIC_REPRESENTATION_CONTEXT(2) 
PARAMETRIC_REPRESENTATION_CONTEXT() REPRESENTATION_CONTEXT('2D SPACE',''
  ) );
#13364 = ORIENTED_EDGE('',*,*,#13270,.T.);
#13365 = ORIENTED_EDGE('',*,*,#11131,.F.);
#13366 = ADVANCED_FACE('',(#13367),#11175,.F.);
#13367 = FACE_BOUND('',#13368,.F.);
#13368 = EDGE_LOOP('',(#13369,#13370,#13393,#13420));
#13369 = ORIENTED_EDGE('',*,*,#11158,.F.);
#13370 = ORIENTED_EDGE('',*,*,#13371,.T.);
#13371 = EDGE_CURVE('',#11159,#13372,#13374,.T.);
#13372 = VERTEX_POINT('',#13373);
#13373 = CARTESIAN_POINT('',(58.25,42.,44.));
#13374 = SEAM_CURVE('',#13375,(#13379,#13386),.PCURVE_S1.);
#13375 = LINE('',#13376,#13377);
#13376 = CARTESIAN_POINT('',(58.25,42.,59.));
#13377 = VECTOR('',#13378,1.);
#13378 = DIRECTION('',(-0.,-0.,-1.));
#13379 = PCURVE('',#11175,#13380);
#13380 = DEFINITIONAL_REPRESENTATION('',(#13381),#13385);
#13381 = LINE('',#13382,#13383);
#13382 = CARTESIAN_POINT('',(6.28318530718,0.));
#13383 = VECTOR('',#13384,1.);
#13384 = DIRECTION('',(0.,-1.));
#13385 = ( GEOMETRIC_REPRESENTATION_CONTEXT(2) 
PARAMETRIC_REPRESENTATION_CONTEXT() REPRESENTATION_CONTEXT('2D SPACE',''
  ) );
#13386 = PCURVE('',#11175,#13387);
#13387 = DEFINITIONAL_REPRESENTATION('',(#13388),#13392);
#13388 = LINE('',#13389,#13390);
#13389 = CARTESIAN_POINT('',(0.,0.));
#13390 = VECTOR('',#13391,1.);
#13391 = DIRECTION('',(0.,-1.));
#13392 = ( GEOMETRIC_REPRESENTATION_CONTEXT(2) 
PARAMETRIC_REPRESENTATION_CONTEXT() REPRESENTATION_CONTEXT('2D SPACE',''
  ) );
#13393 = ORIENTED_EDGE('',*,*,#13394,.T.);
#13394 = EDGE_CURVE('',#13372,#13372,#13395,.T.);
#13395 = SURFACE_CURVE('',#13396,(#13401,#13408),.PCURVE_S1.);
#13396 = CIRCLE('',#13397,1.25);
#13397 = AXIS2_PLACEMENT_3D('',#13398,#13399,#13400);
#13398 = CARTESIAN_POINT('',(57.,42.,44.));
#13399 = DIRECTION('',(0.,0.,1.));
#13400 = DIRECTION('',(1.,0.,0.));
#13401 = PCURVE('',#11175,#13402);
#13402 = DEFINITIONAL_REPRESENTATION('',(#13403),#13407);
#13403 = LINE('',#13404,#13405);
#13404 = CARTESIAN_POINT('',(0.,-15.));
#13405 = VECTOR('',#13406,1.);
#13406 = DIRECTION('',(1.,0.));
#13407 = ( GEOMETRIC_REPRESENTATION_CONTEXT(2) 
PARAMETRIC_REPRESENTATION_CONTEXT() REPRESENTATION_CONTEXT('2D SPACE',''
  ) );
#13408 = PCURVE('',#13409,#13414);
#13409 = PLANE('',#13410);
#13410 = AXIS2_PLACEMENT_3D('',#13411,#13412,#13413);
#13411 = CARTESIAN_POINT('',(57.,42.,44.));
#13412 = DIRECTION('',(0.,0.,1.));
#13413 = DIRECTION('',(1.,0.,0.));
#13414 = DEFINITIONAL_REPRESENTATION('',(#13415),#13419);
#13415 = CIRCLE('',#13416,1.25);
#13416 = AXIS2_PLACEMENT_2D('',#13417,#13418);
#13417 = CARTESIAN_POINT('',(6.837200662697E-17,-8.571706328947E-17));
#13418 = DIRECTION('',(1.,0.));
#13419 = ( GEOMETRIC_REPRESENTATION_CONTEXT(2) 
PARAMETRIC_REPRESENTATION_CONTEXT() REPRESENTATION_CONTEXT('2D SPACE',''
  ) );
#13420 = ORIENTED_EDGE('',*,*,#13371,.F.);
#13421 = ADVANCED_FACE('',(#13422),#11207,.F.);
#13422 = FACE_BOUND('',#13423,.F.);
#13423 = EDGE_LOOP('',(#13424,#13445,#13473,#13494));
#13424 = ORIENTED_EDGE('',*,*,#13425,.F.);
#13425 = EDGE_CURVE('',#13426,#11190,#13428,.T.);
#13426 = VERTEX_POINT('',#13427);
#13427 = CARTESIAN_POINT('',(60.,44.645751311065,3.));
#13428 = SURFACE_CURVE('',#13429,(#13433,#13439),.PCURVE_S1.);
#13429 = LINE('',#13430,#13431);
#13430 = CARTESIAN_POINT('',(60.,44.645751311065,3.));
#13431 = VECTOR('',#13432,1.);
#13432 = DIRECTION('',(0.,0.,1.));
#13433 = PCURVE('',#11207,#13434);
#13434 = DEFINITIONAL_REPRESENTATION('',(#13435),#13438);
#13435 = B_SPLINE_CURVE_WITH_KNOTS('',1,(#13436,#13437),.UNSPECIFIED.,
  .F.,.F.,(2,2),(-5.999999999062E-07,55.0000006),
  .PIECEWISE_BEZIER_KNOTS.);
#13436 = CARTESIAN_POINT('',(-5.999999999062E-07,-89.64575131106));
#13437 = CARTESIAN_POINT('',(55.0000006,-89.64575131106));
#13438 = ( GEOMETRIC_REPRESENTATION_CONTEXT(2) 
PARAMETRIC_REPRESENTATION_CONTEXT() REPRESENTATION_CONTEXT('2D SPACE',''
  ) );
#13439 = PCURVE('',#11235,#13440);
#13440 = DEFINITIONAL_REPRESENTATION('',(#13441),#13444);
#13441 = B_SPLINE_CURVE_WITH_KNOTS('',1,(#13442,#13443),.UNSPECIFIED.,
  .F.,.F.,(2,2),(-5.999999999062E-07,55.0000006),
  .PIECEWISE_BEZIER_KNOTS.);
#13442 = CARTESIAN_POINT('',(0.722734247813,-5.999999999062E-07));
#13443 = CARTESIAN_POINT('',(0.722734247813,55.0000006));
#13444 = ( GEOMETRIC_REPRESENTATION_CONTEXT(2) 
PARAMETRIC_REPRESENTATION_CONTEXT() REPRESENTATION_CONTEXT('2D SPACE',''
  ) );
#13445 = ORIENTED_EDGE('',*,*,#13446,.T.);
#13446 = EDGE_CURVE('',#13426,#13447,#13449,.T.);
#13447 = VERTEX_POINT('',#13448);
#13448 = CARTESIAN_POINT('',(60.,45.,3.));
#13449 = SURFACE_CURVE('',#13450,(#13454,#13461),.PCURVE_S1.);
#13450 = LINE('',#13451,#13452);
#13451 = CARTESIAN_POINT('',(60.,-45.,3.));
#13452 = VECTOR('',#13453,1.);
#13453 = DIRECTION('',(0.,1.,0.));
#13454 = PCURVE('',#11207,#13455);
#13455 = DEFINITIONAL_REPRESENTATION('',(#13456),#13460);
#13456 = LINE('',#13457,#13458);
#13457 = CARTESIAN_POINT('',(0.,0.));
#13458 = VECTOR('',#13459,1.);
#13459 = DIRECTION('',(0.,-1.));
#13460 = ( GEOMETRIC_REPRESENTATION_CONTEXT(2) 
PARAMETRIC_REPRESENTATION_CONTEXT() REPRESENTATION_CONTEXT('2D SPACE',''
  ) );
#13461 = PCURVE('',#13462,#13467);
#13462 = PLANE('',#13463);
#13463 = AXIS2_PLACEMENT_3D('',#13464,#13465,#13466);
#13464 = CARTESIAN_POINT('',(-60.,-45.,3.));
#13465 = DIRECTION('',(0.,0.,1.));
#13466 = DIRECTION('',(1.,0.,0.));
#13467 = DEFINITIONAL_REPRESENTATION('',(#13468),#13472);
#13468 = LINE('',#13469,#13470);
#13469 = CARTESIAN_POINT('',(120.,0.));
#13470 = VECTOR('',#13471,1.);
#13471 = DIRECTION('',(0.,1.));
#13472 = ( GEOMETRIC_REPRESENTATION_CONTEXT(2) 
PARAMETRIC_REPRESENTATION_CONTEXT() REPRESENTATION_CONTEXT('2D SPACE',''
  ) );
#13473 = ORIENTED_EDGE('',*,*,#13474,.T.);
#13474 = EDGE_CURVE('',#13447,#11192,#13475,.T.);
#13475 = SURFACE_CURVE('',#13476,(#13480,#13487),.PCURVE_S1.);
#13476 = LINE('',#13477,#13478);
#13477 = CARTESIAN_POINT('',(60.,45.,3.));
#13478 = VECTOR('',#13479,1.);
#13479 = DIRECTION('',(0.,0.,1.));
#13480 = PCURVE('',#11207,#13481);
#13481 = DEFINITIONAL_REPRESENTATION('',(#13482),#13486);
#13482 = LINE('',#13483,#13484);
#13483 = CARTESIAN_POINT('',(0.,-90.));
#13484 = VECTOR('',#13485,1.);
#13485 = DIRECTION('',(1.,0.));
#13486 = ( GEOMETRIC_REPRESENTATION_CONTEXT(2) 
PARAMETRIC_REPRESENTATION_CONTEXT() REPRESENTATION_CONTEXT('2D SPACE',''
  ) );
#13487 = PCURVE('',#11261,#13488);
#13488 = DEFINITIONAL_REPRESENTATION('',(#13489),#13493);
#13489 = LINE('',#13490,#13491);
#13490 = CARTESIAN_POINT('',(0.,120.));
#13491 = VECTOR('',#13492,1.);
#13492 = DIRECTION('',(1.,0.));
#13493 = ( GEOMETRIC_REPRESENTATION_CONTEXT(2) 
PARAMETRIC_REPRESENTATION_CONTEXT() REPRESENTATION_CONTEXT('2D SPACE',''
  ) );
#13494 = ORIENTED_EDGE('',*,*,#11189,.F.);
#13495 = ADVANCED_FACE('',(#13496),#11235,.T.);
#13496 = FACE_BOUND('',#13497,.T.);
#13497 = EDGE_LOOP('',(#13498,#13499,#13500,#13524));
#13498 = ORIENTED_EDGE('',*,*,#11218,.F.);
#13499 = ORIENTED_EDGE('',*,*,#13425,.F.);
#13500 = ORIENTED_EDGE('',*,*,#13501,.T.);
#13501 = EDGE_CURVE('',#13426,#13502,#13504,.T.);
#13502 = VERTEX_POINT('',#13503);
#13503 = CARTESIAN_POINT('',(59.645751311064,45.,3.));
#13504 = SURFACE_CURVE('',#13505,(#13510,#13517),.PCURVE_S1.);
#13505 = CIRCLE('',#13506,4.);
#13506 = AXIS2_PLACEMENT_3D('',#13507,#13508,#13509);
#13507 = CARTESIAN_POINT('',(57.,42.,3.));
#13508 = DIRECTION('',(0.,0.,1.));
#13509 = DIRECTION('',(1.,0.,0.));
#13510 = PCURVE('',#11235,#13511);
#13511 = DEFINITIONAL_REPRESENTATION('',(#13512),#13516);
#13512 = LINE('',#13513,#13514);
#13513 = CARTESIAN_POINT('',(0.,0.));
#13514 = VECTOR('',#13515,1.);
#13515 = DIRECTION('',(1.,0.));
#13516 = ( GEOMETRIC_REPRESENTATION_CONTEXT(2) 
PARAMETRIC_REPRESENTATION_CONTEXT() REPRESENTATION_CONTEXT('2D SPACE',''
  ) );
#13517 = PCURVE('',#13462,#13518);
#13518 = DEFINITIONAL_REPRESENTATION('',(#13519),#13523);
#13519 = CIRCLE('',#13520,4.);
#13520 = AXIS2_PLACEMENT_2D('',#13521,#13522);
#13521 = CARTESIAN_POINT('',(117.,87.));
#13522 = DIRECTION('',(1.,0.));
#13523 = ( GEOMETRIC_REPRESENTATION_CONTEXT(2) 
PARAMETRIC_REPRESENTATION_CONTEXT() REPRESENTATION_CONTEXT('2D SPACE',''
  ) );
#13524 = ORIENTED_EDGE('',*,*,#13525,.T.);
#13525 = EDGE_CURVE('',#13502,#11219,#13526,.T.);
#13526 = SURFACE_CURVE('',#13527,(#13531,#13537),.PCURVE_S1.);
#13527 = LINE('',#13528,#13529);
#13528 = CARTESIAN_POINT('',(59.645751311065,45.,3.));
#13529 = VECTOR('',#13530,1.);
#13530 = DIRECTION('',(0.,0.,1.));
#13531 = PCURVE('',#11235,#13532);
#13532 = DEFINITIONAL_REPRESENTATION('',(#13533),#13536);
#13533 = B_SPLINE_CURVE_WITH_KNOTS('',1,(#13534,#13535),.UNSPECIFIED.,
  .F.,.F.,(2,2),(-5.999999999062E-07,55.0000006),
  .PIECEWISE_BEZIER_KNOTS.);
#13534 = CARTESIAN_POINT('',(0.848062078981,-5.999999999062E-07));
#13535 = CARTESIAN_POINT('',(0.848062078981,55.0000006));
#13536 = ( GEOMETRIC_REPRESENTATION_CONTEXT(2) 
PARAMETRIC_REPRESENTATION_CONTEXT() REPRESENTATION_CONTEXT('2D SPACE',''
  ) );
#13537 = PCURVE('',#11261,#13538);
#13538 = DEFINITIONAL_REPRESENTATION('',(#13539),#13542);
#13539 = B_SPLINE_CURVE_WITH_KNOTS('',1,(#13540,#13541),.UNSPECIFIED.,
  .F.,.F.,(2,2),(-5.999999999062E-07,55.0000006),
  .PIECEWISE_BEZIER_KNOTS.);
#13540 = CARTESIAN_POINT('',(-5.999999999062E-07,119.64575131106));
#13541 = CARTESIAN_POINT('',(55.0000006,119.64575131106));
#13542 = ( GEOMETRIC_REPRESENTATION_CONTEXT(2) 
PARAMETRIC_REPRESENTATION_CONTEXT() REPRESENTATION_CONTEXT('2D SPACE',''
  ) );
#13543 = ADVANCED_FACE('',(#13544),#11261,.F.);
#13544 = FACE_BOUND('',#13545,.F.);
#13545 = EDGE_LOOP('',(#13546,#13547,#13568,#13569));
#13546 = ORIENTED_EDGE('',*,*,#13474,.F.);
#13547 = ORIENTED_EDGE('',*,*,#13548,.F.);
#13548 = EDGE_CURVE('',#13502,#13447,#13549,.T.);
#13549 = SURFACE_CURVE('',#13550,(#13554,#13561),.PCURVE_S1.);
#13550 = LINE('',#13551,#13552);
#13551 = CARTESIAN_POINT('',(-60.,45.,3.));
#13552 = VECTOR('',#13553,1.);
#13553 = DIRECTION('',(1.,0.,0.));
#13554 = PCURVE('',#11261,#13555);
#13555 = DEFINITIONAL_REPRESENTATION('',(#13556),#13560);
#13556 = LINE('',#13557,#13558);
#13557 = CARTESIAN_POINT('',(0.,0.));
#13558 = VECTOR('',#13559,1.);
#13559 = DIRECTION('',(0.,1.));
#13560 = ( GEOMETRIC_REPRESENTATION_CONTEXT(2) 
PARAMETRIC_REPRESENTATION_CONTEXT() REPRESENTATION_CONTEXT('2D SPACE',''
  ) );
#13561 = PCURVE('',#13462,#13562);
#13562 = DEFINITIONAL_REPRESENTATION('',(#13563),#13567);
#13563 = LINE('',#13564,#13565);
#13564 = CARTESIAN_POINT('',(0.,90.));
#13565 = VECTOR('',#13566,1.);
#13566 = DIRECTION('',(1.,0.));
#13567 = ( GEOMETRIC_REPRESENTATION_CONTEXT(2) 
PARAMETRIC_REPRESENTATION_CONTEXT() REPRESENTATION_CONTEXT('2D SPACE',''
  ) );
#13568 = ORIENTED_EDGE('',*,*,#13525,.T.);
#13569 = ORIENTED_EDGE('',*,*,#11247,.F.);
#13570 = ADVANCED_FACE('',(#13571),#12372,.T.);
#13571 = FACE_BOUND('',#13572,.T.);
#13572 = EDGE_LOOP('',(#13573,#13574,#13575));
#13573 = ORIENTED_EDGE('',*,*,#12429,.F.);
#13574 = ORIENTED_EDGE('',*,*,#12456,.T.);
#13575 = ORIENTED_EDGE('',*,*,#12355,.F.);
#13576 = ADVANCED_FACE('',(#13577),#12521,.T.);
#13577 = FACE_BOUND('',#13578,.T.);
#13578 = EDGE_LOOP('',(#13579));
#13579 = ORIENTED_EDGE('',*,*,#12506,.T.);
#13580 = ADVANCED_FACE('',(#13581),#12576,.T.);
#13581 = FACE_BOUND('',#13582,.T.);
#13582 = EDGE_LOOP('',(#13583,#13584,#13585));
#13583 = ORIENTED_EDGE('',*,*,#12661,.F.);
#13584 = ORIENTED_EDGE('',*,*,#12612,.T.);
#13585 = ORIENTED_EDGE('',*,*,#12560,.T.);
#13586 = ADVANCED_FACE('',(#13587),#12725,.T.);
#13587 = FACE_BOUND('',#13588,.T.);
#13588 = EDGE_LOOP('',(#13589));
#13589 = ORIENTED_EDGE('',*,*,#12710,.T.);
#13590 = ADVANCED_FACE('',(#13591,#13601,#13632,#13663,#13694),#12760,
  .T.);
#13591 = FACE_BOUND('',#13592,.T.);
#13592 = EDGE_LOOP('',(#13593,#13594,#13595,#13596,#13597,#13598,#13599,
    #13600));
#13593 = ORIENTED_EDGE('',*,*,#12815,.F.);
#13594 = ORIENTED_EDGE('',*,*,#12741,.F.);
#13595 = ORIENTED_EDGE('',*,*,#12882,.T.);
#13596 = ORIENTED_EDGE('',*,*,#12988,.F.);
#13597 = ORIENTED_EDGE('',*,*,#13092,.T.);
#13598 = ORIENTED_EDGE('',*,*,#13141,.F.);
#13599 = ORIENTED_EDGE('',*,*,#13035,.F.);
#13600 = ORIENTED_EDGE('',*,*,#12914,.T.);
#13601 = FACE_BOUND('',#13602,.T.);
#13602 = EDGE_LOOP('',(#13603));
#13603 = ORIENTED_EDGE('',*,*,#13604,.F.);
#13604 = EDGE_CURVE('',#13605,#13605,#13607,.T.);
#13605 = VERTEX_POINT('',#13606);
#13606 = CARTESIAN_POINT('',(-26.,-24.5,3.));
#13607 = SURFACE_CURVE('',#13608,(#13613,#13620),.PCURVE_S1.);
#13608 = CIRCLE('',#13609,3.);
#13609 = AXIS2_PLACEMENT_3D('',#13610,#13611,#13612);
#13610 = CARTESIAN_POINT('',(-29.,-24.5,3.));
#13611 = DIRECTION('',(0.,0.,1.));
#13612 = DIRECTION('',(1.,0.,0.));
#13613 = PCURVE('',#12760,#13614);
#13614 = DEFINITIONAL_REPRESENTATION('',(#13615),#13619);
#13615 = CIRCLE('',#13616,3.);
#13616 = AXIS2_PLACEMENT_2D('',#13617,#13618);
#13617 = CARTESIAN_POINT('',(31.,20.5));
#13618 = DIRECTION('',(1.,0.));
#13619 = ( GEOMETRIC_REPRESENTATION_CONTEXT(2) 
PARAMETRIC_REPRESENTATION_CONTEXT() REPRESENTATION_CONTEXT('2D SPACE',''
  ) );
#13620 = PCURVE('',#13621,#13626);
#13621 = CYLINDRICAL_SURFACE('',#13622,3.);
#13622 = AXIS2_PLACEMENT_3D('',#13623,#13624,#13625);
#13623 = CARTESIAN_POINT('',(-29.,-24.5,3.));
#13624 = DIRECTION('',(0.,0.,1.));
#13625 = DIRECTION('',(1.,0.,0.));
#13626 = DEFINITIONAL_REPRESENTATION('',(#13627),#13631);
#13627 = LINE('',#13628,#13629);
#13628 = CARTESIAN_POINT('',(0.,0.));
#13629 = VECTOR('',#13630,1.);
#13630 = DIRECTION('',(1.,0.));
#13631 = ( GEOMETRIC_REPRESENTATION_CONTEXT(2) 
PARAMETRIC_REPRESENTATION_CONTEXT() REPRESENTATION_CONTEXT('2D SPACE',''
  ) );
#13632 = FACE_BOUND('',#13633,.T.);
#13633 = EDGE_LOOP('',(#13634));
#13634 = ORIENTED_EDGE('',*,*,#13635,.F.);
#13635 = EDGE_CURVE('',#13636,#13636,#13638,.T.);
#13636 = VERTEX_POINT('',#13637);
#13637 = CARTESIAN_POINT('',(32.,-24.5,3.));
#13638 = SURFACE_CURVE('',#13639,(#13644,#13651),.PCURVE_S1.);
#13639 = CIRCLE('',#13640,3.);
#13640 = AXIS2_PLACEMENT_3D('',#13641,#13642,#13643);
#13641 = CARTESIAN_POINT('',(29.,-24.5,3.));
#13642 = DIRECTION('',(0.,0.,1.));
#13643 = DIRECTION('',(1.,0.,0.));
#13644 = PCURVE('',#12760,#13645);
#13645 = DEFINITIONAL_REPRESENTATION('',(#13646),#13650);
#13646 = CIRCLE('',#13647,3.);
#13647 = AXIS2_PLACEMENT_2D('',#13648,#13649);
#13648 = CARTESIAN_POINT('',(89.,20.5));
#13649 = DIRECTION('',(1.,0.));
#13650 = ( GEOMETRIC_REPRESENTATION_CONTEXT(2) 
PARAMETRIC_REPRESENTATION_CONTEXT() REPRESENTATION_CONTEXT('2D SPACE',''
  ) );
#13651 = PCURVE('',#13652,#13657);
#13652 = CYLINDRICAL_SURFACE('',#13653,3.);
#13653 = AXIS2_PLACEMENT_3D('',#13654,#13655,#13656);
#13654 = CARTESIAN_POINT('',(29.,-24.5,3.));
#13655 = DIRECTION('',(0.,0.,1.));
#13656 = DIRECTION('',(1.,0.,0.));
#13657 = DEFINITIONAL_REPRESENTATION('',(#13658),#13662);
#13658 = LINE('',#13659,#13660);
#13659 = CARTESIAN_POINT('',(0.,0.));
#13660 = VECTOR('',#13661,1.);
#13661 = DIRECTION('',(1.,0.));
#13662 = ( GEOMETRIC_REPRESENTATION_CONTEXT(2) 
PARAMETRIC_REPRESENTATION_CONTEXT() REPRESENTATION_CONTEXT('2D SPACE',''
  ) );
#13663 = FACE_BOUND('',#13664,.T.);
#13664 = EDGE_LOOP('',(#13665));
#13665 = ORIENTED_EDGE('',*,*,#13666,.F.);
#13666 = EDGE_CURVE('',#13667,#13667,#13669,.T.);
#13667 = VERTEX_POINT('',#13668);
#13668 = CARTESIAN_POINT('',(-26.,24.5,3.));
#13669 = SURFACE_CURVE('',#13670,(#13675,#13682),.PCURVE_S1.);
#13670 = CIRCLE('',#13671,3.);
#13671 = AXIS2_PLACEMENT_3D('',#13672,#13673,#13674);
#13672 = CARTESIAN_POINT('',(-29.,24.5,3.));
#13673 = DIRECTION('',(0.,0.,1.));
#13674 = DIRECTION('',(1.,0.,0.));
#13675 = PCURVE('',#12760,#13676);
#13676 = DEFINITIONAL_REPRESENTATION('',(#13677),#13681);
#13677 = CIRCLE('',#13678,3.);
#13678 = AXIS2_PLACEMENT_2D('',#13679,#13680);
#13679 = CARTESIAN_POINT('',(31.,69.5));
#13680 = DIRECTION('',(1.,0.));
#13681 = ( GEOMETRIC_REPRESENTATION_CONTEXT(2) 
PARAMETRIC_REPRESENTATION_CONTEXT() REPRESENTATION_CONTEXT('2D SPACE',''
  ) );
#13682 = PCURVE('',#13683,#13688);
#13683 = CYLINDRICAL_SURFACE('',#13684,3.);
#13684 = AXIS2_PLACEMENT_3D('',#13685,#13686,#13687);
#13685 = CARTESIAN_POINT('',(-29.,24.5,3.));
#13686 = DIRECTION('',(0.,0.,1.));
#13687 = DIRECTION('',(1.,0.,0.));
#13688 = DEFINITIONAL_REPRESENTATION('',(#13689),#13693);
#13689 = LINE('',#13690,#13691);
#13690 = CARTESIAN_POINT('',(0.,0.));
#13691 = VECTOR('',#13692,1.);
#13692 = DIRECTION('',(1.,0.));
#13693 = ( GEOMETRIC_REPRESENTATION_CONTEXT(2) 
PARAMETRIC_REPRESENTATION_CONTEXT() REPRESENTATION_CONTEXT('2D SPACE',''
  ) );
#13694 = FACE_BOUND('',#13695,.T.);
#13695 = EDGE_LOOP('',(#13696));
#13696 = ORIENTED_EDGE('',*,*,#13697,.F.);
#13697 = EDGE_CURVE('',#13698,#13698,#13700,.T.);
#13698 = VERTEX_POINT('',#13699);
#13699 = CARTESIAN_POINT('',(32.,24.5,3.));
#13700 = SURFACE_CURVE('',#13701,(#13706,#13713),.PCURVE_S1.);
#13701 = CIRCLE('',#13702,3.);
#13702 = AXIS2_PLACEMENT_3D('',#13703,#13704,#13705);
#13703 = CARTESIAN_POINT('',(29.,24.5,3.));
#13704 = DIRECTION('',(0.,0.,1.));
#13705 = DIRECTION('',(1.,0.,0.));
#13706 = PCURVE('',#12760,#13707);
#13707 = DEFINITIONAL_REPRESENTATION('',(#13708),#13712);
#13708 = CIRCLE('',#13709,3.);
#13709 = AXIS2_PLACEMENT_2D('',#13710,#13711);
#13710 = CARTESIAN_POINT('',(89.,69.5));
#13711 = DIRECTION('',(1.,0.));
#13712 = ( GEOMETRIC_REPRESENTATION_CONTEXT(2) 
PARAMETRIC_REPRESENTATION_CONTEXT() REPRESENTATION_CONTEXT('2D SPACE',''
  ) );
#13713 = PCURVE('',#13714,#13719);
#13714 = CYLINDRICAL_SURFACE('',#13715,3.);
#13715 = AXIS2_PLACEMENT_3D('',#13716,#13717,#13718);
#13716 = CARTESIAN_POINT('',(29.,24.5,3.));
#13717 = DIRECTION('',(0.,0.,1.));
#13718 = DIRECTION('',(1.,0.,0.));
#13719 = DEFINITIONAL_REPRESENTATION('',(#13720),#13724);
#13720 = LINE('',#13721,#13722);
#13721 = CARTESIAN_POINT('',(0.,0.));
#13722 = VECTOR('',#13723,1.);
#13723 = DIRECTION('',(1.,0.));
#13724 = ( GEOMETRIC_REPRESENTATION_CONTEXT(2) 
PARAMETRIC_REPRESENTATION_CONTEXT() REPRESENTATION_CONTEXT('2D SPACE',''
  ) );
#13725 = ADVANCED_FACE('',(#13726),#13205,.T.);
#13726 = FACE_BOUND('',#13727,.T.);
#13727 = EDGE_LOOP('',(#13728));
#13728 = ORIENTED_EDGE('',*,*,#13190,.T.);
#13729 = ADVANCED_FACE('',(#13730),#13258,.T.);
#13730 = FACE_BOUND('',#13731,.T.);
#13731 = EDGE_LOOP('',(#13732,#13733,#13734));
#13732 = ORIENTED_EDGE('',*,*,#13344,.F.);
#13733 = ORIENTED_EDGE('',*,*,#13297,.F.);
#13734 = ORIENTED_EDGE('',*,*,#13242,.F.);
#13735 = ADVANCED_FACE('',(#13736),#13409,.T.);
#13736 = FACE_BOUND('',#13737,.T.);
#13737 = EDGE_LOOP('',(#13738));
#13738 = ORIENTED_EDGE('',*,*,#13394,.T.);
#13739 = ADVANCED_FACE('',(#13740),#13462,.T.);
#13740 = FACE_BOUND('',#13741,.T.);
#13741 = EDGE_LOOP('',(#13742,#13743,#13744));
#13742 = ORIENTED_EDGE('',*,*,#13501,.F.);
#13743 = ORIENTED_EDGE('',*,*,#13446,.T.);
#13744 = ORIENTED_EDGE('',*,*,#13548,.F.);
#13745 = ADVANCED_FACE('',(#13746),#13621,.T.);
#13746 = FACE_BOUND('',#13747,.T.);
#13747 = EDGE_LOOP('',(#13748,#13777,#13798,#13799));
#13748 = ORIENTED_EDGE('',*,*,#13749,.F.);
#13749 = EDGE_CURVE('',#13750,#13750,#13752,.T.);
#13750 = VERTEX_POINT('',#13751);
#13751 = CARTESIAN_POINT('',(-26.,-24.5,9.));
#13752 = SURFACE_CURVE('',#13753,(#13758,#13765),.PCURVE_S1.);
#13753 = CIRCLE('',#13754,3.);
#13754 = AXIS2_PLACEMENT_3D('',#13755,#13756,#13757);
#13755 = CARTESIAN_POINT('',(-29.,-24.5,9.));
#13756 = DIRECTION('',(0.,0.,1.));
#13757 = DIRECTION('',(1.,0.,0.));
#13758 = PCURVE('',#13621,#13759);
#13759 = DEFINITIONAL_REPRESENTATION('',(#13760),#13764);
#13760 = LINE('',#13761,#13762);
#13761 = CARTESIAN_POINT('',(0.,6.));
#13762 = VECTOR('',#13763,1.);
#13763 = DIRECTION('',(1.,0.));
#13764 = ( GEOMETRIC_REPRESENTATION_CONTEXT(2) 
PARAMETRIC_REPRESENTATION_CONTEXT() REPRESENTATION_CONTEXT('2D SPACE',''
  ) );
#13765 = PCURVE('',#13766,#13771);
#13766 = PLANE('',#13767);
#13767 = AXIS2_PLACEMENT_3D('',#13768,#13769,#13770);
#13768 = CARTESIAN_POINT('',(-29.,-24.5,9.));
#13769 = DIRECTION('',(0.,0.,1.));
#13770 = DIRECTION('',(1.,0.,0.));
#13771 = DEFINITIONAL_REPRESENTATION('',(#13772),#13776);
#13772 = CIRCLE('',#13773,3.);
#13773 = AXIS2_PLACEMENT_2D('',#13774,#13775);
#13774 = CARTESIAN_POINT('',(0.,0.));
#13775 = DIRECTION('',(1.,0.));
#13776 = ( GEOMETRIC_REPRESENTATION_CONTEXT(2) 
PARAMETRIC_REPRESENTATION_CONTEXT() REPRESENTATION_CONTEXT('2D SPACE',''
  ) );
#13777 = ORIENTED_EDGE('',*,*,#13778,.F.);
#13778 = EDGE_CURVE('',#13605,#13750,#13779,.T.);
#13779 = SEAM_CURVE('',#13780,(#13784,#13791),.PCURVE_S1.);
#13780 = LINE('',#13781,#13782);
#13781 = CARTESIAN_POINT('',(-26.,-24.5,3.));
#13782 = VECTOR('',#13783,1.);
#13783 = DIRECTION('',(0.,0.,1.));
#13784 = PCURVE('',#13621,#13785);
#13785 = DEFINITIONAL_REPRESENTATION('',(#13786),#13790);
#13786 = LINE('',#13787,#13788);
#13787 = CARTESIAN_POINT('',(6.28318530718,-0.));
#13788 = VECTOR('',#13789,1.);
#13789 = DIRECTION('',(0.,1.));
#13790 = ( GEOMETRIC_REPRESENTATION_CONTEXT(2) 
PARAMETRIC_REPRESENTATION_CONTEXT() REPRESENTATION_CONTEXT('2D SPACE',''
  ) );
#13791 = PCURVE('',#13621,#13792);
#13792 = DEFINITIONAL_REPRESENTATION('',(#13793),#13797);
#13793 = LINE('',#13794,#13795);
#13794 = CARTESIAN_POINT('',(0.,-0.));
#13795 = VECTOR('',#13796,1.);
#13796 = DIRECTION('',(0.,1.));
#13797 = ( GEOMETRIC_REPRESENTATION_CONTEXT(2) 
PARAMETRIC_REPRESENTATION_CONTEXT() REPRESENTATION_CONTEXT('2D SPACE',''
  ) );
#13798 = ORIENTED_EDGE('',*,*,#13604,.T.);
#13799 = ORIENTED_EDGE('',*,*,#13778,.T.);
#13800 = ADVANCED_FACE('',(#13801),#13652,.T.);
#13801 = FACE_BOUND('',#13802,.T.);
#13802 = EDGE_LOOP('',(#13803,#13832,#13853,#13854));
#13803 = ORIENTED_EDGE('',*,*,#13804,.F.);
#13804 = EDGE_CURVE('',#13805,#13805,#13807,.T.);
#13805 = VERTEX_POINT('',#13806);
#13806 = CARTESIAN_POINT('',(32.,-24.5,9.));
#13807 = SURFACE_CURVE('',#13808,(#13813,#13820),.PCURVE_S1.);
#13808 = CIRCLE('',#13809,3.);
#13809 = AXIS2_PLACEMENT_3D('',#13810,#13811,#13812);
#13810 = CARTESIAN_POINT('',(29.,-24.5,9.));
#13811 = DIRECTION('',(0.,0.,1.));
#13812 = DIRECTION('',(1.,0.,0.));
#13813 = PCURVE('',#13652,#13814);
#13814 = DEFINITIONAL_REPRESENTATION('',(#13815),#13819);
#13815 = LINE('',#13816,#13817);
#13816 = CARTESIAN_POINT('',(0.,6.));
#13817 = VECTOR('',#13818,1.);
#13818 = DIRECTION('',(1.,0.));
#13819 = ( GEOMETRIC_REPRESENTATION_CONTEXT(2) 
PARAMETRIC_REPRESENTATION_CONTEXT() REPRESENTATION_CONTEXT('2D SPACE',''
  ) );
#13820 = PCURVE('',#13821,#13826);
#13821 = PLANE('',#13822);
#13822 = AXIS2_PLACEMENT_3D('',#13823,#13824,#13825);
#13823 = CARTESIAN_POINT('',(29.,-24.5,9.));
#13824 = DIRECTION('',(0.,0.,1.));
#13825 = DIRECTION('',(1.,0.,0.));
#13826 = DEFINITIONAL_REPRESENTATION('',(#13827),#13831);
#13827 = CIRCLE('',#13828,3.);
#13828 = AXIS2_PLACEMENT_2D('',#13829,#13830);
#13829 = CARTESIAN_POINT('',(0.,0.));
#13830 = DIRECTION('',(1.,0.));
#13831 = ( GEOMETRIC_REPRESENTATION_CONTEXT(2) 
PARAMETRIC_REPRESENTATION_CONTEXT() REPRESENTATION_CONTEXT('2D SPACE',''
  ) );
#13832 = ORIENTED_EDGE('',*,*,#13833,.F.);
#13833 = EDGE_CURVE('',#13636,#13805,#13834,.T.);
#13834 = SEAM_CURVE('',#13835,(#13839,#13846),.PCURVE_S1.);
#13835 = LINE('',#13836,#13837);
#13836 = CARTESIAN_POINT('',(32.,-24.5,3.));
#13837 = VECTOR('',#13838,1.);
#13838 = DIRECTION('',(0.,0.,1.));
#13839 = PCURVE('',#13652,#13840);
#13840 = DEFINITIONAL_REPRESENTATION('',(#13841),#13845);
#13841 = LINE('',#13842,#13843);
#13842 = CARTESIAN_POINT('',(6.28318530718,-0.));
#13843 = VECTOR('',#13844,1.);
#13844 = DIRECTION('',(0.,1.));
#13845 = ( GEOMETRIC_REPRESENTATION_CONTEXT(2) 
PARAMETRIC_REPRESENTATION_CONTEXT() REPRESENTATION_CONTEXT('2D SPACE',''
  ) );
#13846 = PCURVE('',#13652,#13847);
#13847 = DEFINITIONAL_REPRESENTATION('',(#13848),#13852);
#13848 = LINE('',#13849,#13850);
#13849 = CARTESIAN_POINT('',(0.,-0.));
#13850 = VECTOR('',#13851,1.);
#13851 = DIRECTION('',(0.,1.));
#13852 = ( GEOMETRIC_REPRESENTATION_CONTEXT(2) 
PARAMETRIC_REPRESENTATION_CONTEXT() REPRESENTATION_CONTEXT('2D SPACE',''
  ) );
#13853 = ORIENTED_EDGE('',*,*,#13635,.T.);
#13854 = ORIENTED_EDGE('',*,*,#13833,.T.);
#13855 = ADVANCED_FACE('',(#13856),#13683,.T.);
#13856 = FACE_BOUND('',#13857,.T.);
#13857 = EDGE_LOOP('',(#13858,#13887,#13908,#13909));
#13858 = ORIENTED_EDGE('',*,*,#13859,.F.);
#13859 = EDGE_CURVE('',#13860,#13860,#13862,.T.);
#13860 = VERTEX_POINT('',#13861);
#13861 = CARTESIAN_POINT('',(-26.,24.5,9.));
#13862 = SURFACE_CURVE('',#13863,(#13868,#13875),.PCURVE_S1.);
#13863 = CIRCLE('',#13864,3.);
#13864 = AXIS2_PLACEMENT_3D('',#13865,#13866,#13867);
#13865 = CARTESIAN_POINT('',(-29.,24.5,9.));
#13866 = DIRECTION('',(0.,0.,1.));
#13867 = DIRECTION('',(1.,0.,0.));
#13868 = PCURVE('',#13683,#13869);
#13869 = DEFINITIONAL_REPRESENTATION('',(#13870),#13874);
#13870 = LINE('',#13871,#13872);
#13871 = CARTESIAN_POINT('',(0.,6.));
#13872 = VECTOR('',#13873,1.);
#13873 = DIRECTION('',(1.,0.));
#13874 = ( GEOMETRIC_REPRESENTATION_CONTEXT(2) 
PARAMETRIC_REPRESENTATION_CONTEXT() REPRESENTATION_CONTEXT('2D SPACE',''
  ) );
#13875 = PCURVE('',#13876,#13881);
#13876 = PLANE('',#13877);
#13877 = AXIS2_PLACEMENT_3D('',#13878,#13879,#13880);
#13878 = CARTESIAN_POINT('',(-29.,24.5,9.));
#13879 = DIRECTION('',(0.,0.,1.));
#13880 = DIRECTION('',(1.,0.,0.));
#13881 = DEFINITIONAL_REPRESENTATION('',(#13882),#13886);
#13882 = CIRCLE('',#13883,3.);
#13883 = AXIS2_PLACEMENT_2D('',#13884,#13885);
#13884 = CARTESIAN_POINT('',(0.,0.));
#13885 = DIRECTION('',(1.,0.));
#13886 = ( GEOMETRIC_REPRESENTATION_CONTEXT(2) 
PARAMETRIC_REPRESENTATION_CONTEXT() REPRESENTATION_CONTEXT('2D SPACE',''
  ) );
#13887 = ORIENTED_EDGE('',*,*,#13888,.F.);
#13888 = EDGE_CURVE('',#13667,#13860,#13889,.T.);
#13889 = SEAM_CURVE('',#13890,(#13894,#13901),.PCURVE_S1.);
#13890 = LINE('',#13891,#13892);
#13891 = CARTESIAN_POINT('',(-26.,24.5,3.));
#13892 = VECTOR('',#13893,1.);
#13893 = DIRECTION('',(0.,0.,1.));
#13894 = PCURVE('',#13683,#13895);
#13895 = DEFINITIONAL_REPRESENTATION('',(#13896),#13900);
#13896 = LINE('',#13897,#13898);
#13897 = CARTESIAN_POINT('',(6.28318530718,-0.));
#13898 = VECTOR('',#13899,1.);
#13899 = DIRECTION('',(0.,1.));
#13900 = ( GEOMETRIC_REPRESENTATION_CONTEXT(2) 
PARAMETRIC_REPRESENTATION_CONTEXT() REPRESENTATION_CONTEXT('2D SPACE',''
  ) );
#13901 = PCURVE('',#13683,#13902);
#13902 = DEFINITIONAL_REPRESENTATION('',(#13903),#13907);
#13903 = LINE('',#13904,#13905);
#13904 = CARTESIAN_POINT('',(0.,-0.));
#13905 = VECTOR('',#13906,1.);
#13906 = DIRECTION('',(0.,1.));
#13907 = ( GEOMETRIC_REPRESENTATION_CONTEXT(2) 
PARAMETRIC_REPRESENTATION_CONTEXT() REPRESENTATION_CONTEXT('2D SPACE',''
  ) );
#13908 = ORIENTED_EDGE('',*,*,#13666,.T.);
#13909 = ORIENTED_EDGE('',*,*,#13888,.T.);
#13910 = ADVANCED_FACE('',(#13911),#13714,.T.);
#13911 = FACE_BOUND('',#13912,.T.);
#13912 = EDGE_LOOP('',(#13913,#13942,#13963,#13964));
#13913 = ORIENTED_EDGE('',*,*,#13914,.F.);
#13914 = EDGE_CURVE('',#13915,#13915,#13917,.T.);
#13915 = VERTEX_POINT('',#13916);
#13916 = CARTESIAN_POINT('',(32.,24.5,9.));
#13917 = SURFACE_CURVE('',#13918,(#13923,#13930),.PCURVE_S1.);
#13918 = CIRCLE('',#13919,3.);
#13919 = AXIS2_PLACEMENT_3D('',#13920,#13921,#13922);
#13920 = CARTESIAN_POINT('',(29.,24.5,9.));
#13921 = DIRECTION('',(0.,0.,1.));
#13922 = DIRECTION('',(1.,0.,0.));
#13923 = PCURVE('',#13714,#13924);
#13924 = DEFINITIONAL_REPRESENTATION('',(#13925),#13929);
#13925 = LINE('',#13926,#13927);
#13926 = CARTESIAN_POINT('',(0.,6.));
#13927 = VECTOR('',#13928,1.);
#13928 = DIRECTION('',(1.,0.));
#13929 = ( GEOMETRIC_REPRESENTATION_CONTEXT(2) 
PARAMETRIC_REPRESENTATION_CONTEXT() REPRESENTATION_CONTEXT('2D SPACE',''
  ) );
#13930 = PCURVE('',#13931,#13936);
#13931 = PLANE('',#13932);
#13932 = AXIS2_PLACEMENT_3D('',#13933,#13934,#13935);
#13933 = CARTESIAN_POINT('',(29.,24.5,9.));
#13934 = DIRECTION('',(0.,0.,1.));
#13935 = DIRECTION('',(1.,0.,0.));
#13936 = DEFINITIONAL_REPRESENTATION('',(#13937),#13941);
#13937 = CIRCLE('',#13938,3.);
#13938 = AXIS2_PLACEMENT_2D('',#13939,#13940);
#13939 = CARTESIAN_POINT('',(0.,0.));
#13940 = DIRECTION('',(1.,0.));
#13941 = ( GEOMETRIC_REPRESENTATION_CONTEXT(2) 
PARAMETRIC_REPRESENTATION_CONTEXT() REPRESENTATION_CONTEXT('2D SPACE',''
  ) );
#13942 = ORIENTED_EDGE('',*,*,#13943,.F.);
#13943 = EDGE_CURVE('',#13698,#13915,#13944,.T.);
#13944 = SEAM_CURVE('',#13945,(#13949,#13956),.PCURVE_S1.);
#13945 = LINE('',#13946,#13947);
#13946 = CARTESIAN_POINT('',(32.,24.5,3.));
#13947 = VECTOR('',#13948,1.);
#13948 = DIRECTION('',(0.,0.,1.));
#13949 = PCURVE('',#13714,#13950);
#13950 = DEFINITIONAL_REPRESENTATION('',(#13951),#13955);
#13951 = LINE('',#13952,#13953);
#13952 = CARTESIAN_POINT('',(6.28318530718,-0.));
#13953 = VECTOR('',#13954,1.);
#13954 = DIRECTION('',(0.,1.));
#13955 = ( GEOMETRIC_REPRESENTATION_CONTEXT(2) 
PARAMETRIC_REPRESENTATION_CONTEXT() REPRESENTATION_CONTEXT('2D SPACE',''
  ) );
#13956 = PCURVE('',#13714,#13957);
#13957 = DEFINITIONAL_REPRESENTATION('',(#13958),#13962);
#13958 = LINE('',#13959,#13960);
#13959 = CARTESIAN_POINT('',(0.,-0.));
#13960 = VECTOR('',#13961,1.);
#13961 = DIRECTION('',(0.,1.));
#13962 = ( GEOMETRIC_REPRESENTATION_CONTEXT(2) 
PARAMETRIC_REPRESENTATION_CONTEXT() REPRESENTATION_CONTEXT('2D SPACE',''
  ) );
#13963 = ORIENTED_EDGE('',*,*,#13697,.T.);
#13964 = ORIENTED_EDGE('',*,*,#13943,.T.);
#13965 = ADVANCED_FACE('',(#13966,#13969),#13766,.T.);
#13966 = FACE_BOUND('',#13967,.T.);
#13967 = EDGE_LOOP('',(#13968));
#13968 = ORIENTED_EDGE('',*,*,#13749,.T.);
#13969 = FACE_BOUND('',#13970,.T.);
#13970 = EDGE_LOOP('',(#13971));
#13971 = ORIENTED_EDGE('',*,*,#13972,.F.);
#13972 = EDGE_CURVE('',#13973,#13973,#13975,.T.);
#13973 = VERTEX_POINT('',#13974);
#13974 = CARTESIAN_POINT('',(-27.95,-24.5,9.));
#13975 = SURFACE_CURVE('',#13976,(#13981,#13988),.PCURVE_S1.);
#13976 = CIRCLE('',#13977,1.05);
#13977 = AXIS2_PLACEMENT_3D('',#13978,#13979,#13980);
#13978 = CARTESIAN_POINT('',(-29.,-24.5,9.));
#13979 = DIRECTION('',(0.,0.,1.));
#13980 = DIRECTION('',(1.,0.,-0.));
#13981 = PCURVE('',#13766,#13982);
#13982 = DEFINITIONAL_REPRESENTATION('',(#13983),#13987);
#13983 = CIRCLE('',#13984,1.05);
#13984 = AXIS2_PLACEMENT_2D('',#13985,#13986);
#13985 = CARTESIAN_POINT('',(0.,0.));
#13986 = DIRECTION('',(1.,0.));
#13987 = ( GEOMETRIC_REPRESENTATION_CONTEXT(2) 
PARAMETRIC_REPRESENTATION_CONTEXT() REPRESENTATION_CONTEXT('2D SPACE',''
  ) );
#13988 = PCURVE('',#13989,#13994);
#13989 = CYLINDRICAL_SURFACE('',#13990,1.05);
#13990 = AXIS2_PLACEMENT_3D('',#13991,#13992,#13993);
#13991 = CARTESIAN_POINT('',(-29.,-24.5,10.));
#13992 = DIRECTION('',(0.,0.,1.));
#13993 = DIRECTION('',(1.,0.,0.));
#13994 = DEFINITIONAL_REPRESENTATION('',(#13995),#13999);
#13995 = LINE('',#13996,#13997);
#13996 = CARTESIAN_POINT('',(0.,-1.));
#13997 = VECTOR('',#13998,1.);
#13998 = DIRECTION('',(1.,0.));
#13999 = ( GEOMETRIC_REPRESENTATION_CONTEXT(2) 
PARAMETRIC_REPRESENTATION_CONTEXT() REPRESENTATION_CONTEXT('2D SPACE',''
  ) );
#14000 = ADVANCED_FACE('',(#14001,#14004),#13821,.T.);
#14001 = FACE_BOUND('',#14002,.T.);
#14002 = EDGE_LOOP('',(#14003));
#14003 = ORIENTED_EDGE('',*,*,#13804,.T.);
#14004 = FACE_BOUND('',#14005,.T.);
#14005 = EDGE_LOOP('',(#14006));
#14006 = ORIENTED_EDGE('',*,*,#14007,.F.);
#14007 = EDGE_CURVE('',#14008,#14008,#14010,.T.);
#14008 = VERTEX_POINT('',#14009);
#14009 = CARTESIAN_POINT('',(30.05,-24.5,9.));
#14010 = SURFACE_CURVE('',#14011,(#14016,#14023),.PCURVE_S1.);
#14011 = CIRCLE('',#14012,1.05);
#14012 = AXIS2_PLACEMENT_3D('',#14013,#14014,#14015);
#14013 = CARTESIAN_POINT('',(29.,-24.5,9.));
#14014 = DIRECTION('',(0.,0.,1.));
#14015 = DIRECTION('',(1.,0.,-0.));
#14016 = PCURVE('',#13821,#14017);
#14017 = DEFINITIONAL_REPRESENTATION('',(#14018),#14022);
#14018 = CIRCLE('',#14019,1.05);
#14019 = AXIS2_PLACEMENT_2D('',#14020,#14021);
#14020 = CARTESIAN_POINT('',(0.,0.));
#14021 = DIRECTION('',(1.,0.));
#14022 = ( GEOMETRIC_REPRESENTATION_CONTEXT(2) 
PARAMETRIC_REPRESENTATION_CONTEXT() REPRESENTATION_CONTEXT('2D SPACE',''
  ) );
#14023 = PCURVE('',#14024,#14029);
#14024 = CYLINDRICAL_SURFACE('',#14025,1.05);
#14025 = AXIS2_PLACEMENT_3D('',#14026,#14027,#14028);
#14026 = CARTESIAN_POINT('',(29.,-24.5,10.));
#14027 = DIRECTION('',(0.,0.,1.));
#14028 = DIRECTION('',(1.,0.,0.));
#14029 = DEFINITIONAL_REPRESENTATION('',(#14030),#14034);
#14030 = LINE('',#14031,#14032);
#14031 = CARTESIAN_POINT('',(0.,-1.));
#14032 = VECTOR('',#14033,1.);
#14033 = DIRECTION('',(1.,0.));
#14034 = ( GEOMETRIC_REPRESENTATION_CONTEXT(2) 
PARAMETRIC_REPRESENTATION_CONTEXT() REPRESENTATION_CONTEXT('2D SPACE',''
  ) );
#14035 = ADVANCED_FACE('',(#14036,#14039),#13876,.T.);
#14036 = FACE_BOUND('',#14037,.T.);
#14037 = EDGE_LOOP('',(#14038));
#14038 = ORIENTED_EDGE('',*,*,#13859,.T.);
#14039 = FACE_BOUND('',#14040,.T.);
#14040 = EDGE_LOOP('',(#14041));
#14041 = ORIENTED_EDGE('',*,*,#14042,.F.);
#14042 = EDGE_CURVE('',#14043,#14043,#14045,.T.);
#14043 = VERTEX_POINT('',#14044);
#14044 = CARTESIAN_POINT('',(-27.95,24.5,9.));
#14045 = SURFACE_CURVE('',#14046,(#14051,#14058),.PCURVE_S1.);
#14046 = CIRCLE('',#14047,1.05);
#14047 = AXIS2_PLACEMENT_3D('',#14048,#14049,#14050);
#14048 = CARTESIAN_POINT('',(-29.,24.5,9.));
#14049 = DIRECTION('',(0.,0.,1.));
#14050 = DIRECTION('',(1.,0.,-0.));
#14051 = PCURVE('',#13876,#14052);
#14052 = DEFINITIONAL_REPRESENTATION('',(#14053),#14057);
#14053 = CIRCLE('',#14054,1.05);
#14054 = AXIS2_PLACEMENT_2D('',#14055,#14056);
#14055 = CARTESIAN_POINT('',(0.,0.));
#14056 = DIRECTION('',(1.,0.));
#14057 = ( GEOMETRIC_REPRESENTATION_CONTEXT(2) 
PARAMETRIC_REPRESENTATION_CONTEXT() REPRESENTATION_CONTEXT('2D SPACE',''
  ) );
#14058 = PCURVE('',#14059,#14064);
#14059 = CYLINDRICAL_SURFACE('',#14060,1.05);
#14060 = AXIS2_PLACEMENT_3D('',#14061,#14062,#14063);
#14061 = CARTESIAN_POINT('',(-29.,24.5,10.));
#14062 = DIRECTION('',(0.,0.,1.));
#14063 = DIRECTION('',(1.,0.,0.));
#14064 = DEFINITIONAL_REPRESENTATION('',(#14065),#14069);
#14065 = LINE('',#14066,#14067);
#14066 = CARTESIAN_POINT('',(0.,-1.));
#14067 = VECTOR('',#14068,1.);
#14068 = DIRECTION('',(1.,0.));
#14069 = ( GEOMETRIC_REPRESENTATION_CONTEXT(2) 
PARAMETRIC_REPRESENTATION_CONTEXT() REPRESENTATION_CONTEXT('2D SPACE',''
  ) );
#14070 = ADVANCED_FACE('',(#14071,#14074),#13931,.T.);
#14071 = FACE_BOUND('',#14072,.T.);
#14072 = EDGE_LOOP('',(#14073));
#14073 = ORIENTED_EDGE('',*,*,#13914,.T.);
#14074 = FACE_BOUND('',#14075,.T.);
#14075 = EDGE_LOOP('',(#14076));
#14076 = ORIENTED_EDGE('',*,*,#14077,.F.);
#14077 = EDGE_CURVE('',#14078,#14078,#14080,.T.);
#14078 = VERTEX_POINT('',#14079);
#14079 = CARTESIAN_POINT('',(30.05,24.5,9.));
#14080 = SURFACE_CURVE('',#14081,(#14086,#14093),.PCURVE_S1.);
#14081 = CIRCLE('',#14082,1.05);
#14082 = AXIS2_PLACEMENT_3D('',#14083,#14084,#14085);
#14083 = CARTESIAN_POINT('',(29.,24.5,9.));
#14084 = DIRECTION('',(0.,0.,1.));
#14085 = DIRECTION('',(1.,0.,-0.));
#14086 = PCURVE('',#13931,#14087);
#14087 = DEFINITIONAL_REPRESENTATION('',(#14088),#14092);
#14088 = CIRCLE('',#14089,1.05);
#14089 = AXIS2_PLACEMENT_2D('',#14090,#14091);
#14090 = CARTESIAN_POINT('',(0.,0.));
#14091 = DIRECTION('',(1.,0.));
#14092 = ( GEOMETRIC_REPRESENTATION_CONTEXT(2) 
PARAMETRIC_REPRESENTATION_CONTEXT() REPRESENTATION_CONTEXT('2D SPACE',''
  ) );
#14093 = PCURVE('',#14094,#14099);
#14094 = CYLINDRICAL_SURFACE('',#14095,1.05);
#14095 = AXIS2_PLACEMENT_3D('',#14096,#14097,#14098);
#14096 = CARTESIAN_POINT('',(29.,24.5,10.));
#14097 = DIRECTION('',(0.,0.,1.));
#14098 = DIRECTION('',(1.,0.,0.));
#14099 = DEFINITIONAL_REPRESENTATION('',(#14100),#14104);
#14100 = LINE('',#14101,#14102);
#14101 = CARTESIAN_POINT('',(0.,-1.));
#14102 = VECTOR('',#14103,1.);
#14103 = DIRECTION('',(1.,0.));
#14104 = ( GEOMETRIC_REPRESENTATION_CONTEXT(2) 
PARAMETRIC_REPRESENTATION_CONTEXT() REPRESENTATION_CONTEXT('2D SPACE',''
  ) );
#14105 = ADVANCED_FACE('',(#14106),#13989,.F.);
#14106 = FACE_BOUND('',#14107,.F.);
#14107 = EDGE_LOOP('',(#14108,#14109,#14132,#14159));
#14108 = ORIENTED_EDGE('',*,*,#13972,.F.);
#14109 = ORIENTED_EDGE('',*,*,#14110,.T.);
#14110 = EDGE_CURVE('',#13973,#14111,#14113,.T.);
#14111 = VERTEX_POINT('',#14112);
#14112 = CARTESIAN_POINT('',(-27.95,-24.5,3.5));
#14113 = SEAM_CURVE('',#14114,(#14118,#14125),.PCURVE_S1.);
#14114 = LINE('',#14115,#14116);
#14115 = CARTESIAN_POINT('',(-27.95,-24.5,10.));
#14116 = VECTOR('',#14117,1.);
#14117 = DIRECTION('',(-0.,-0.,-1.));
#14118 = PCURVE('',#13989,#14119);
#14119 = DEFINITIONAL_REPRESENTATION('',(#14120),#14124);
#14120 = LINE('',#14121,#14122);
#14121 = CARTESIAN_POINT('',(6.28318530718,0.));
#14122 = VECTOR('',#14123,1.);
#14123 = DIRECTION('',(0.,-1.));
#14124 = ( GEOMETRIC_REPRESENTATION_CONTEXT(2) 
PARAMETRIC_REPRESENTATION_CONTEXT() REPRESENTATION_CONTEXT('2D SPACE',''
  ) );
#14125 = PCURVE('',#13989,#14126);
#14126 = DEFINITIONAL_REPRESENTATION('',(#14127),#14131);
#14127 = LINE('',#14128,#14129);
#14128 = CARTESIAN_POINT('',(0.,0.));
#14129 = VECTOR('',#14130,1.);
#14130 = DIRECTION('',(0.,-1.));
#14131 = ( GEOMETRIC_REPRESENTATION_CONTEXT(2) 
PARAMETRIC_REPRESENTATION_CONTEXT() REPRESENTATION_CONTEXT('2D SPACE',''
  ) );
#14132 = ORIENTED_EDGE('',*,*,#14133,.T.);
#14133 = EDGE_CURVE('',#14111,#14111,#14134,.T.);
#14134 = SURFACE_CURVE('',#14135,(#14140,#14147),.PCURVE_S1.);
#14135 = CIRCLE('',#14136,1.05);
#14136 = AXIS2_PLACEMENT_3D('',#14137,#14138,#14139);
#14137 = CARTESIAN_POINT('',(-29.,-24.5,3.5));
#14138 = DIRECTION('',(0.,0.,1.));
#14139 = DIRECTION('',(1.,0.,0.));
#14140 = PCURVE('',#13989,#14141);
#14141 = DEFINITIONAL_REPRESENTATION('',(#14142),#14146);
#14142 = LINE('',#14143,#14144);
#14143 = CARTESIAN_POINT('',(0.,-6.5));
#14144 = VECTOR('',#14145,1.);
#14145 = DIRECTION('',(1.,0.));
#14146 = ( GEOMETRIC_REPRESENTATION_CONTEXT(2) 
PARAMETRIC_REPRESENTATION_CONTEXT() REPRESENTATION_CONTEXT('2D SPACE',''
  ) );
#14147 = PCURVE('',#14148,#14153);
#14148 = PLANE('',#14149);
#14149 = AXIS2_PLACEMENT_3D('',#14150,#14151,#14152);
#14150 = CARTESIAN_POINT('',(-29.,-24.5,3.5));
#14151 = DIRECTION('',(0.,0.,1.));
#14152 = DIRECTION('',(1.,0.,0.));
#14153 = DEFINITIONAL_REPRESENTATION('',(#14154),#14158);
#14154 = CIRCLE('',#14155,1.05);
#14155 = AXIS2_PLACEMENT_2D('',#14156,#14157);
#14156 = CARTESIAN_POINT('',(8.139524598449E-17,-3.853260801433E-17));
#14157 = DIRECTION('',(1.,0.));
#14158 = ( GEOMETRIC_REPRESENTATION_CONTEXT(2) 
PARAMETRIC_REPRESENTATION_CONTEXT() REPRESENTATION_CONTEXT('2D SPACE',''
  ) );
#14159 = ORIENTED_EDGE('',*,*,#14110,.F.);
#14160 = ADVANCED_FACE('',(#14161),#14024,.F.);
#14161 = FACE_BOUND('',#14162,.F.);
#14162 = EDGE_LOOP('',(#14163,#14164,#14187,#14214));
#14163 = ORIENTED_EDGE('',*,*,#14007,.F.);
#14164 = ORIENTED_EDGE('',*,*,#14165,.T.);
#14165 = EDGE_CURVE('',#14008,#14166,#14168,.T.);
#14166 = VERTEX_POINT('',#14167);
#14167 = CARTESIAN_POINT('',(30.05,-24.5,3.5));
#14168 = SEAM_CURVE('',#14169,(#14173,#14180),.PCURVE_S1.);
#14169 = LINE('',#14170,#14171);
#14170 = CARTESIAN_POINT('',(30.05,-24.5,10.));
#14171 = VECTOR('',#14172,1.);
#14172 = DIRECTION('',(-0.,-0.,-1.));
#14173 = PCURVE('',#14024,#14174);
#14174 = DEFINITIONAL_REPRESENTATION('',(#14175),#14179);
#14175 = LINE('',#14176,#14177);
#14176 = CARTESIAN_POINT('',(6.28318530718,0.));
#14177 = VECTOR('',#14178,1.);
#14178 = DIRECTION('',(0.,-1.));
#14179 = ( GEOMETRIC_REPRESENTATION_CONTEXT(2) 
PARAMETRIC_REPRESENTATION_CONTEXT() REPRESENTATION_CONTEXT('2D SPACE',''
  ) );
#14180 = PCURVE('',#14024,#14181);
#14181 = DEFINITIONAL_REPRESENTATION('',(#14182),#14186);
#14182 = LINE('',#14183,#14184);
#14183 = CARTESIAN_POINT('',(0.,0.));
#14184 = VECTOR('',#14185,1.);
#14185 = DIRECTION('',(0.,-1.));
#14186 = ( GEOMETRIC_REPRESENTATION_CONTEXT(2) 
PARAMETRIC_REPRESENTATION_CONTEXT() REPRESENTATION_CONTEXT('2D SPACE',''
  ) );
#14187 = ORIENTED_EDGE('',*,*,#14188,.T.);
#14188 = EDGE_CURVE('',#14166,#14166,#14189,.T.);
#14189 = SURFACE_CURVE('',#14190,(#14195,#14202),.PCURVE_S1.);
#14190 = CIRCLE('',#14191,1.05);
#14191 = AXIS2_PLACEMENT_3D('',#14192,#14193,#14194);
#14192 = CARTESIAN_POINT('',(29.,-24.5,3.5));
#14193 = DIRECTION('',(0.,0.,1.));
#14194 = DIRECTION('',(1.,0.,0.));
#14195 = PCURVE('',#14024,#14196);
#14196 = DEFINITIONAL_REPRESENTATION('',(#14197),#14201);
#14197 = LINE('',#14198,#14199);
#14198 = CARTESIAN_POINT('',(0.,-6.5));
#14199 = VECTOR('',#14200,1.);
#14200 = DIRECTION('',(1.,0.));
#14201 = ( GEOMETRIC_REPRESENTATION_CONTEXT(2) 
PARAMETRIC_REPRESENTATION_CONTEXT() REPRESENTATION_CONTEXT('2D SPACE',''
  ) );
#14202 = PCURVE('',#14203,#14208);
#14203 = PLANE('',#14204);
#14204 = AXIS2_PLACEMENT_3D('',#14205,#14206,#14207);
#14205 = CARTESIAN_POINT('',(29.,-24.5,3.5));
#14206 = DIRECTION('',(0.,0.,1.));
#14207 = DIRECTION('',(1.,0.,0.));
#14208 = DEFINITIONAL_REPRESENTATION('',(#14209),#14213);
#14209 = CIRCLE('',#14210,1.05);
#14210 = AXIS2_PLACEMENT_2D('',#14211,#14212);
#14211 = CARTESIAN_POINT('',(8.139524598449E-17,-3.853260801433E-17));
#14212 = DIRECTION('',(1.,0.));
#14213 = ( GEOMETRIC_REPRESENTATION_CONTEXT(2) 
PARAMETRIC_REPRESENTATION_CONTEXT() REPRESENTATION_CONTEXT('2D SPACE',''
  ) );
#14214 = ORIENTED_EDGE('',*,*,#14165,.F.);
#14215 = ADVANCED_FACE('',(#14216),#14059,.F.);
#14216 = FACE_BOUND('',#14217,.F.);
#14217 = EDGE_LOOP('',(#14218,#14219,#14242,#14269));
#14218 = ORIENTED_EDGE('',*,*,#14042,.F.);
#14219 = ORIENTED_EDGE('',*,*,#14220,.T.);
#14220 = EDGE_CURVE('',#14043,#14221,#14223,.T.);
#14221 = VERTEX_POINT('',#14222);
#14222 = CARTESIAN_POINT('',(-27.95,24.5,3.5));
#14223 = SEAM_CURVE('',#14224,(#14228,#14235),.PCURVE_S1.);
#14224 = LINE('',#14225,#14226);
#14225 = CARTESIAN_POINT('',(-27.95,24.5,10.));
#14226 = VECTOR('',#14227,1.);
#14227 = DIRECTION('',(-0.,-0.,-1.));
#14228 = PCURVE('',#14059,#14229);
#14229 = DEFINITIONAL_REPRESENTATION('',(#14230),#14234);
#14230 = LINE('',#14231,#14232);
#14231 = CARTESIAN_POINT('',(6.28318530718,0.));
#14232 = VECTOR('',#14233,1.);
#14233 = DIRECTION('',(0.,-1.));
#14234 = ( GEOMETRIC_REPRESENTATION_CONTEXT(2) 
PARAMETRIC_REPRESENTATION_CONTEXT() REPRESENTATION_CONTEXT('2D SPACE',''
  ) );
#14235 = PCURVE('',#14059,#14236);
#14236 = DEFINITIONAL_REPRESENTATION('',(#14237),#14241);
#14237 = LINE('',#14238,#14239);
#14238 = CARTESIAN_POINT('',(0.,0.));
#14239 = VECTOR('',#14240,1.);
#14240 = DIRECTION('',(0.,-1.));
#14241 = ( GEOMETRIC_REPRESENTATION_CONTEXT(2) 
PARAMETRIC_REPRESENTATION_CONTEXT() REPRESENTATION_CONTEXT('2D SPACE',''
  ) );
#14242 = ORIENTED_EDGE('',*,*,#14243,.T.);
#14243 = EDGE_CURVE('',#14221,#14221,#14244,.T.);
#14244 = SURFACE_CURVE('',#14245,(#14250,#14257),.PCURVE_S1.);
#14245 = CIRCLE('',#14246,1.05);
#14246 = AXIS2_PLACEMENT_3D('',#14247,#14248,#14249);
#14247 = CARTESIAN_POINT('',(-29.,24.5,3.5));
#14248 = DIRECTION('',(0.,0.,1.));
#14249 = DIRECTION('',(1.,0.,0.));
#14250 = PCURVE('',#14059,#14251);
#14251 = DEFINITIONAL_REPRESENTATION('',(#14252),#14256);
#14252 = LINE('',#14253,#14254);
#14253 = CARTESIAN_POINT('',(0.,-6.5));
#14254 = VECTOR('',#14255,1.);
#14255 = DIRECTION('',(1.,0.));
#14256 = ( GEOMETRIC_REPRESENTATION_CONTEXT(2) 
PARAMETRIC_REPRESENTATION_CONTEXT() REPRESENTATION_CONTEXT('2D SPACE',''
  ) );
#14257 = PCURVE('',#14258,#14263);
#14258 = PLANE('',#14259);
#14259 = AXIS2_PLACEMENT_3D('',#14260,#14261,#14262);
#14260 = CARTESIAN_POINT('',(-29.,24.5,3.5));
#14261 = DIRECTION('',(0.,0.,1.));
#14262 = DIRECTION('',(1.,0.,0.));
#14263 = DEFINITIONAL_REPRESENTATION('',(#14264),#14268);
#14264 = CIRCLE('',#14265,1.05);
#14265 = AXIS2_PLACEMENT_2D('',#14266,#14267);
#14266 = CARTESIAN_POINT('',(8.139524598449E-17,-3.853260801433E-17));
#14267 = DIRECTION('',(1.,0.));
#14268 = ( GEOMETRIC_REPRESENTATION_CONTEXT(2) 
PARAMETRIC_REPRESENTATION_CONTEXT() REPRESENTATION_CONTEXT('2D SPACE',''
  ) );
#14269 = ORIENTED_EDGE('',*,*,#14220,.F.);
#14270 = ADVANCED_FACE('',(#14271),#14094,.F.);
#14271 = FACE_BOUND('',#14272,.F.);
#14272 = EDGE_LOOP('',(#14273,#14274,#14297,#14324));
#14273 = ORIENTED_EDGE('',*,*,#14077,.F.);
#14274 = ORIENTED_EDGE('',*,*,#14275,.T.);
#14275 = EDGE_CURVE('',#14078,#14276,#14278,.T.);
#14276 = VERTEX_POINT('',#14277);
#14277 = CARTESIAN_POINT('',(30.05,24.5,3.5));
#14278 = SEAM_CURVE('',#14279,(#14283,#14290),.PCURVE_S1.);
#14279 = LINE('',#14280,#14281);
#14280 = CARTESIAN_POINT('',(30.05,24.5,10.));
#14281 = VECTOR('',#14282,1.);
#14282 = DIRECTION('',(-0.,-0.,-1.));
#14283 = PCURVE('',#14094,#14284);
#14284 = DEFINITIONAL_REPRESENTATION('',(#14285),#14289);
#14285 = LINE('',#14286,#14287);
#14286 = CARTESIAN_POINT('',(6.28318530718,0.));
#14287 = VECTOR('',#14288,1.);
#14288 = DIRECTION('',(0.,-1.));
#14289 = ( GEOMETRIC_REPRESENTATION_CONTEXT(2) 
PARAMETRIC_REPRESENTATION_CONTEXT() REPRESENTATION_CONTEXT('2D SPACE',''
  ) );
#14290 = PCURVE('',#14094,#14291);
#14291 = DEFINITIONAL_REPRESENTATION('',(#14292),#14296);
#14292 = LINE('',#14293,#14294);
#14293 = CARTESIAN_POINT('',(0.,0.));
#14294 = VECTOR('',#14295,1.);
#14295 = DIRECTION('',(0.,-1.));
#14296 = ( GEOMETRIC_REPRESENTATION_CONTEXT(2) 
PARAMETRIC_REPRESENTATION_CONTEXT() REPRESENTATION_CONTEXT('2D SPACE',''
  ) );
#14297 = ORIENTED_EDGE('',*,*,#14298,.T.);
#14298 = EDGE_CURVE('',#14276,#14276,#14299,.T.);
#14299 = SURFACE_CURVE('',#14300,(#14305,#14312),.PCURVE_S1.);
#14300 = CIRCLE('',#14301,1.05);
#14301 = AXIS2_PLACEMENT_3D('',#14302,#14303,#14304);
#14302 = CARTESIAN_POINT('',(29.,24.5,3.5));
#14303 = DIRECTION('',(0.,0.,1.));
#14304 = DIRECTION('',(1.,0.,0.));
#14305 = PCURVE('',#14094,#14306);
#14306 = DEFINITIONAL_REPRESENTATION('',(#14307),#14311);
#14307 = LINE('',#14308,#14309);
#14308 = CARTESIAN_POINT('',(0.,-6.5));
#14309 = VECTOR('',#14310,1.);
#14310 = DIRECTION('',(1.,0.));
#14311 = ( GEOMETRIC_REPRESENTATION_CONTEXT(2) 
PARAMETRIC_REPRESENTATION_CONTEXT() REPRESENTATION_CONTEXT('2D SPACE',''
  ) );
#14312 = PCURVE('',#14313,#14318);
#14313 = PLANE('',#14314);
#14314 = AXIS2_PLACEMENT_3D('',#14315,#14316,#14317);
#14315 = CARTESIAN_POINT('',(29.,24.5,3.5));
#14316 = DIRECTION('',(0.,0.,1.));
#14317 = DIRECTION('',(1.,0.,0.));
#14318 = DEFINITIONAL_REPRESENTATION('',(#14319),#14323);
#14319 = CIRCLE('',#14320,1.05);
#14320 = AXIS2_PLACEMENT_2D('',#14321,#14322);
#14321 = CARTESIAN_POINT('',(8.139524598449E-17,-3.853260801433E-17));
#14322 = DIRECTION('',(1.,0.));
#14323 = ( GEOMETRIC_REPRESENTATION_CONTEXT(2) 
PARAMETRIC_REPRESENTATION_CONTEXT() REPRESENTATION_CONTEXT('2D SPACE',''
  ) );
#14324 = ORIENTED_EDGE('',*,*,#14275,.F.);
#14325 = ADVANCED_FACE('',(#14326),#14148,.T.);
#14326 = FACE_BOUND('',#14327,.T.);
#14327 = EDGE_LOOP('',(#14328));
#14328 = ORIENTED_EDGE('',*,*,#14133,.T.);
#14329 = ADVANCED_FACE('',(#14330),#14203,.T.);
#14330 = FACE_BOUND('',#14331,.T.);
#14331 = EDGE_LOOP('',(#14332));
#14332 = ORIENTED_EDGE('',*,*,#14188,.T.);
#14333 = ADVANCED_FACE('',(#14334),#14258,.T.);
#14334 = FACE_BOUND('',#14335,.T.);
#14335 = EDGE_LOOP('',(#14336));
#14336 = ORIENTED_EDGE('',*,*,#14243,.T.);
#14337 = ADVANCED_FACE('',(#14338),#14313,.T.);
#14338 = FACE_BOUND('',#14339,.T.);
#14339 = EDGE_LOOP('',(#14340));
#14340 = ORIENTED_EDGE('',*,*,#14298,.T.);
#14341 = ( GEOMETRIC_REPRESENTATION_CONTEXT(3) 
GLOBAL_UNCERTAINTY_ASSIGNED_CONTEXT((#14345)) 
GLOBAL_UNIT_ASSIGNED_CONTEXT((#14342,#14343,#14344)) 
REPRESENTATION_CONTEXT('Context #1',
  '3D Context with UNIT and UNCERTAINTY') );
#14342 = ( LENGTH_UNIT() NAMED_UNIT(*) SI_UNIT(.MILLI.,.METRE.) );
#14343 = ( NAMED_UNIT(*) PLANE_ANGLE_UNIT() SI_UNIT($,.RADIAN.) );
#14344 = ( NAMED_UNIT(*) SI_UNIT($,.STERADIAN.) SOLID_ANGLE_UNIT() );
#14345 = UNCERTAINTY_MEASURE_WITH_UNIT(LENGTH_MEASURE(1.E-07),#14342,
  'distance_accuracy_value','confusion accuracy');
#14346 = CONTEXT_DEPENDENT_SHAPE_REPRESENTATION(#14347,#14349);
#14347 = ( REPRESENTATION_RELATIONSHIP('','',#8860,#10) 
REPRESENTATION_RELATIONSHIP_WITH_TRANSFORMATION(#14348) 
SHAPE_REPRESENTATION_RELATIONSHIP() );
#14348 = ITEM_DEFINED_TRANSFORMATION('','',#11,#27);
#14349 = PRODUCT_DEFINITION_SHAPE('Placement','Placement of an item',
  #14350);
#14350 = NEXT_ASSEMBLY_USAGE_OCCURRENCE('4','node_base','',#5,#8855,$);
#14351 = PRODUCT_RELATED_PRODUCT_CATEGORY('part',$,(#8857));
#14352 = SHAPE_DEFINITION_REPRESENTATION(#14353,#14359);
#14353 = PRODUCT_DEFINITION_SHAPE('','',#14354);
#14354 = PRODUCT_DEFINITION('design','',#14355,#14358);
#14355 = PRODUCT_DEFINITION_FORMATION('','',#14356);
#14356 = PRODUCT('node_lid','node_lid','',(#14357));
#14357 = PRODUCT_CONTEXT('',#2,'mechanical');
#14358 = PRODUCT_DEFINITION_CONTEXT('part definition',#2,'design');
#14359 = ADVANCED_BREP_SHAPE_REPRESENTATION('',(#11,#14360),#16924);
#14360 = MANIFOLD_SOLID_BREP('',#14361);
#14361 = CLOSED_SHELL('',(#14362,#14482,#14558,#14747,#14796,#15533,
    #15540,#15668,#15764,#15887,#15983,#16055,#16107,#16176,#16270,
    #16322,#16369,#16401,#16495,#16547,#16594,#16626,#16720,#16772,
    #16819,#16851,#16883,#16896,#16903,#16910,#16917));
#14362 = ADVANCED_FACE('',(#14363),#14377,.F.);
#14363 = FACE_BOUND('',#14364,.F.);
#14364 = EDGE_LOOP('',(#14365,#14400,#14428,#14456));
#14365 = ORIENTED_EDGE('',*,*,#14366,.F.);
#14366 = EDGE_CURVE('',#14367,#14369,#14371,.T.);
#14367 = VERTEX_POINT('',#14368);
#14368 = CARTESIAN_POINT('',(-62.5,-47.5,0.));
#14369 = VERTEX_POINT('',#14370);
#14370 = CARTESIAN_POINT('',(-62.5,-47.5,3.));
#14371 = SURFACE_CURVE('',#14372,(#14376,#14388),.PCURVE_S1.);
#14372 = LINE('',#14373,#14374);
#14373 = CARTESIAN_POINT('',(-62.5,-47.5,0.));
#14374 = VECTOR('',#14375,1.);
#14375 = DIRECTION('',(0.,0.,1.));
#14376 = PCURVE('',#14377,#14382);
#14377 = PLANE('',#14378);
#14378 = AXIS2_PLACEMENT_3D('',#14379,#14380,#14381);
#14379 = CARTESIAN_POINT('',(-62.5,-47.5,0.));
#14380 = DIRECTION('',(1.,0.,-0.));
#14381 = DIRECTION('',(0.,0.,1.));
#14382 = DEFINITIONAL_REPRESENTATION('',(#14383),#14387);
#14383 = LINE('',#14384,#14385);
#14384 = CARTESIAN_POINT('',(0.,0.));
#14385 = VECTOR('',#14386,1.);
#14386 = DIRECTION('',(1.,0.));
#14387 = ( GEOMETRIC_REPRESENTATION_CONTEXT(2) 
PARAMETRIC_REPRESENTATION_CONTEXT() REPRESENTATION_CONTEXT('2D SPACE',''
  ) );
#14388 = PCURVE('',#14389,#14394);
#14389 = PLANE('',#14390);
#14390 = AXIS2_PLACEMENT_3D('',#14391,#14392,#14393);
#14391 = CARTESIAN_POINT('',(-62.5,-47.5,0.));
#14392 = DIRECTION('',(-0.,1.,0.));
#14393 = DIRECTION('',(0.,0.,1.));
#14394 = DEFINITIONAL_REPRESENTATION('',(#14395),#14399);
#14395 = LINE('',#14396,#14397);
#14396 = CARTESIAN_POINT('',(0.,0.));
#14397 = VECTOR('',#14398,1.);
#14398 = DIRECTION('',(1.,0.));
#14399 = ( GEOMETRIC_REPRESENTATION_CONTEXT(2) 
PARAMETRIC_REPRESENTATION_CONTEXT() REPRESENTATION_CONTEXT('2D SPACE',''
  ) );
#14400 = ORIENTED_EDGE('',*,*,#14401,.T.);
#14401 = EDGE_CURVE('',#14367,#14402,#14404,.T.);
#14402 = VERTEX_POINT('',#14403);
#14403 = CARTESIAN_POINT('',(-62.5,47.5,0.));
#14404 = SURFACE_CURVE('',#14405,(#14409,#14416),.PCURVE_S1.);
#14405 = LINE('',#14406,#14407);
#14406 = CARTESIAN_POINT('',(-62.5,-47.5,0.));
#14407 = VECTOR('',#14408,1.);
#14408 = DIRECTION('',(-0.,1.,0.));
#14409 = PCURVE('',#14377,#14410);
#14410 = DEFINITIONAL_REPRESENTATION('',(#14411),#14415);
#14411 = LINE('',#14412,#14413);
#14412 = CARTESIAN_POINT('',(0.,0.));
#14413 = VECTOR('',#14414,1.);
#14414 = DIRECTION('',(0.,-1.));
#14415 = ( GEOMETRIC_REPRESENTATION_CONTEXT(2) 
PARAMETRIC_REPRESENTATION_CONTEXT() REPRESENTATION_CONTEXT('2D SPACE',''
  ) );
#14416 = PCURVE('',#14417,#14422);
#14417 = PLANE('',#14418);
#14418 = AXIS2_PLACEMENT_3D('',#14419,#14420,#14421);
#14419 = CARTESIAN_POINT('',(-62.5,-47.5,0.));
#14420 = DIRECTION('',(0.,0.,1.));
#14421 = DIRECTION('',(1.,0.,-0.));
#14422 = DEFINITIONAL_REPRESENTATION('',(#14423),#14427);
#14423 = LINE('',#14424,#14425);
#14424 = CARTESIAN_POINT('',(0.,0.));
#14425 = VECTOR('',#14426,1.);
#14426 = DIRECTION('',(0.,1.));
#14427 = ( GEOMETRIC_REPRESENTATION_CONTEXT(2) 
PARAMETRIC_REPRESENTATION_CONTEXT() REPRESENTATION_CONTEXT('2D SPACE',''
  ) );
#14428 = ORIENTED_EDGE('',*,*,#14429,.T.);
#14429 = EDGE_CURVE('',#14402,#14430,#14432,.T.);
#14430 = VERTEX_POINT('',#14431);
#14431 = CARTESIAN_POINT('',(-62.5,47.5,3.));
#14432 = SURFACE_CURVE('',#14433,(#14437,#14444),.PCURVE_S1.);
#14433 = LINE('',#14434,#14435);
#14434 = CARTESIAN_POINT('',(-62.5,47.5,0.));
#14435 = VECTOR('',#14436,1.);
#14436 = DIRECTION('',(0.,0.,1.));
#14437 = PCURVE('',#14377,#14438);
#14438 = DEFINITIONAL_REPRESENTATION('',(#14439),#14443);
#14439 = LINE('',#14440,#14441);
#14440 = CARTESIAN_POINT('',(0.,-95.));
#14441 = VECTOR('',#14442,1.);
#14442 = DIRECTION('',(1.,0.));
#14443 = ( GEOMETRIC_REPRESENTATION_CONTEXT(2) 
PARAMETRIC_REPRESENTATION_CONTEXT() REPRESENTATION_CONTEXT('2D SPACE',''
  ) );
#14444 = PCURVE('',#14445,#14450);
#14445 = PLANE('',#14446);
#14446 = AXIS2_PLACEMENT_3D('',#14447,#14448,#14449);
#14447 = CARTESIAN_POINT('',(-62.5,47.5,0.));
#14448 = DIRECTION('',(-0.,1.,0.));
#14449 = DIRECTION('',(0.,0.,1.));
#14450 = DEFINITIONAL_REPRESENTATION('',(#14451),#14455);
#14451 = LINE('',#14452,#14453);
#14452 = CARTESIAN_POINT('',(0.,0.));
#14453 = VECTOR('',#14454,1.);
#14454 = DIRECTION('',(1.,0.));
#14455 = ( GEOMETRIC_REPRESENTATION_CONTEXT(2) 
PARAMETRIC_REPRESENTATION_CONTEXT() REPRESENTATION_CONTEXT('2D SPACE',''
  ) );
#14456 = ORIENTED_EDGE('',*,*,#14457,.F.);
#14457 = EDGE_CURVE('',#14369,#14430,#14458,.T.);
#14458 = SURFACE_CURVE('',#14459,(#14463,#14470),.PCURVE_S1.);
#14459 = LINE('',#14460,#14461);
#14460 = CARTESIAN_POINT('',(-62.5,-47.5,3.));
#14461 = VECTOR('',#14462,1.);
#14462 = DIRECTION('',(-0.,1.,0.));
#14463 = PCURVE('',#14377,#14464);
#14464 = DEFINITIONAL_REPRESENTATION('',(#14465),#14469);
#14465 = LINE('',#14466,#14467);
#14466 = CARTESIAN_POINT('',(3.,0.));
#14467 = VECTOR('',#14468,1.);
#14468 = DIRECTION('',(0.,-1.));
#14469 = ( GEOMETRIC_REPRESENTATION_CONTEXT(2) 
PARAMETRIC_REPRESENTATION_CONTEXT() REPRESENTATION_CONTEXT('2D SPACE',''
  ) );
#14470 = PCURVE('',#14471,#14476);
#14471 = PLANE('',#14472);
#14472 = AXIS2_PLACEMENT_3D('',#14473,#14474,#14475);
#14473 = CARTESIAN_POINT('',(-62.5,-47.5,3.));
#14474 = DIRECTION('',(0.,0.,1.));
#14475 = DIRECTION('',(1.,0.,-0.));
#14476 = DEFINITIONAL_REPRESENTATION('',(#14477),#14481);
#14477 = LINE('',#14478,#14479);
#14478 = CARTESIAN_POINT('',(0.,0.));
#14479 = VECTOR('',#14480,1.);
#14480 = DIRECTION('',(0.,1.));
#14481 = ( GEOMETRIC_REPRESENTATION_CONTEXT(2) 
PARAMETRIC_REPRESENTATION_CONTEXT() REPRESENTATION_CONTEXT('2D SPACE',''
  ) );
#14482 = ADVANCED_FACE('',(#14483),#14389,.F.);
#14483 = FACE_BOUND('',#14484,.F.);
#14484 = EDGE_LOOP('',(#14485,#14508,#14509,#14532));
#14485 = ORIENTED_EDGE('',*,*,#14486,.F.);
#14486 = EDGE_CURVE('',#14367,#14487,#14489,.T.);
#14487 = VERTEX_POINT('',#14488);
#14488 = CARTESIAN_POINT('',(62.5,-47.5,0.));
#14489 = SURFACE_CURVE('',#14490,(#14494,#14501),.PCURVE_S1.);
#14490 = LINE('',#14491,#14492);
#14491 = CARTESIAN_POINT('',(-62.5,-47.5,0.));
#14492 = VECTOR('',#14493,1.);
#14493 = DIRECTION('',(1.,0.,-0.));
#14494 = PCURVE('',#14389,#14495);
#14495 = DEFINITIONAL_REPRESENTATION('',(#14496),#14500);
#14496 = LINE('',#14497,#14498);
#14497 = CARTESIAN_POINT('',(0.,0.));
#14498 = VECTOR('',#14499,1.);
#14499 = DIRECTION('',(0.,1.));
#14500 = ( GEOMETRIC_REPRESENTATION_CONTEXT(2) 
PARAMETRIC_REPRESENTATION_CONTEXT() REPRESENTATION_CONTEXT('2D SPACE',''
  ) );
#14501 = PCURVE('',#14417,#14502);
#14502 = DEFINITIONAL_REPRESENTATION('',(#14503),#14507);
#14503 = LINE('',#14504,#14505);
#14504 = CARTESIAN_POINT('',(0.,0.));
#14505 = VECTOR('',#14506,1.);
#14506 = DIRECTION('',(1.,0.));
#14507 = ( GEOMETRIC_REPRESENTATION_CONTEXT(2) 
PARAMETRIC_REPRESENTATION_CONTEXT() REPRESENTATION_CONTEXT('2D SPACE',''
  ) );
#14508 = ORIENTED_EDGE('',*,*,#14366,.T.);
#14509 = ORIENTED_EDGE('',*,*,#14510,.T.);
#14510 = EDGE_CURVE('',#14369,#14511,#14513,.T.);
#14511 = VERTEX_POINT('',#14512);
#14512 = CARTESIAN_POINT('',(62.5,-47.5,3.));
#14513 = SURFACE_CURVE('',#14514,(#14518,#14525),.PCURVE_S1.);
#14514 = LINE('',#14515,#14516);
#14515 = CARTESIAN_POINT('',(-62.5,-47.5,3.));
#14516 = VECTOR('',#14517,1.);
#14517 = DIRECTION('',(1.,0.,-0.));
#14518 = PCURVE('',#14389,#14519);
#14519 = DEFINITIONAL_REPRESENTATION('',(#14520),#14524);
#14520 = LINE('',#14521,#14522);
#14521 = CARTESIAN_POINT('',(3.,0.));
#14522 = VECTOR('',#14523,1.);
#14523 = DIRECTION('',(0.,1.));
#14524 = ( GEOMETRIC_REPRESENTATION_CONTEXT(2) 
PARAMETRIC_REPRESENTATION_CONTEXT() REPRESENTATION_CONTEXT('2D SPACE',''
  ) );
#14525 = PCURVE('',#14471,#14526);
#14526 = DEFINITIONAL_REPRESENTATION('',(#14527),#14531);
#14527 = LINE('',#14528,#14529);
#14528 = CARTESIAN_POINT('',(0.,0.));
#14529 = VECTOR('',#14530,1.);
#14530 = DIRECTION('',(1.,0.));
#14531 = ( GEOMETRIC_REPRESENTATION_CONTEXT(2) 
PARAMETRIC_REPRESENTATION_CONTEXT() REPRESENTATION_CONTEXT('2D SPACE',''
  ) );
#14532 = ORIENTED_EDGE('',*,*,#14533,.F.);
#14533 = EDGE_CURVE('',#14487,#14511,#14534,.T.);
#14534 = SURFACE_CURVE('',#14535,(#14539,#14546),.PCURVE_S1.);
#14535 = LINE('',#14536,#14537);
#14536 = CARTESIAN_POINT('',(62.5,-47.5,0.));
#14537 = VECTOR('',#14538,1.);
#14538 = DIRECTION('',(0.,0.,1.));
#14539 = PCURVE('',#14389,#14540);
#14540 = DEFINITIONAL_REPRESENTATION('',(#14541),#14545);
#14541 = LINE('',#14542,#14543);
#14542 = CARTESIAN_POINT('',(0.,125.));
#14543 = VECTOR('',#14544,1.);
#14544 = DIRECTION('',(1.,0.));
#14545 = ( GEOMETRIC_REPRESENTATION_CONTEXT(2) 
PARAMETRIC_REPRESENTATION_CONTEXT() REPRESENTATION_CONTEXT('2D SPACE',''
  ) );
#14546 = PCURVE('',#14547,#14552);
#14547 = PLANE('',#14548);
#14548 = AXIS2_PLACEMENT_3D('',#14549,#14550,#14551);
#14549 = CARTESIAN_POINT('',(62.5,-47.5,0.));
#14550 = DIRECTION('',(1.,0.,-0.));
#14551 = DIRECTION('',(0.,0.,1.));
#14552 = DEFINITIONAL_REPRESENTATION('',(#14553),#14557);
#14553 = LINE('',#14554,#14555);
#14554 = CARTESIAN_POINT('',(0.,0.));
#14555 = VECTOR('',#14556,1.);
#14556 = DIRECTION('',(1.,0.));
#14557 = ( GEOMETRIC_REPRESENTATION_CONTEXT(2) 
PARAMETRIC_REPRESENTATION_CONTEXT() REPRESENTATION_CONTEXT('2D SPACE',''
  ) );
#14558 = ADVANCED_FACE('',(#14559,#14607,#14642,#14677,#14712),#14471,
  .T.);
#14559 = FACE_BOUND('',#14560,.T.);
#14560 = EDGE_LOOP('',(#14561,#14562,#14563,#14586));
#14561 = ORIENTED_EDGE('',*,*,#14457,.F.);
#14562 = ORIENTED_EDGE('',*,*,#14510,.T.);
#14563 = ORIENTED_EDGE('',*,*,#14564,.T.);
#14564 = EDGE_CURVE('',#14511,#14565,#14567,.T.);
#14565 = VERTEX_POINT('',#14566);
#14566 = CARTESIAN_POINT('',(62.5,47.5,3.));
#14567 = SURFACE_CURVE('',#14568,(#14572,#14579),.PCURVE_S1.);
#14568 = LINE('',#14569,#14570);
#14569 = CARTESIAN_POINT('',(62.5,-47.5,3.));
#14570 = VECTOR('',#14571,1.);
#14571 = DIRECTION('',(-0.,1.,0.));
#14572 = PCURVE('',#14471,#14573);
#14573 = DEFINITIONAL_REPRESENTATION('',(#14574),#14578);
#14574 = LINE('',#14575,#14576);
#14575 = CARTESIAN_POINT('',(125.,0.));
#14576 = VECTOR('',#14577,1.);
#14577 = DIRECTION('',(0.,1.));
#14578 = ( GEOMETRIC_REPRESENTATION_CONTEXT(2) 
PARAMETRIC_REPRESENTATION_CONTEXT() REPRESENTATION_CONTEXT('2D SPACE',''
  ) );
#14579 = PCURVE('',#14547,#14580);
#14580 = DEFINITIONAL_REPRESENTATION('',(#14581),#14585);
#14581 = LINE('',#14582,#14583);
#14582 = CARTESIAN_POINT('',(3.,0.));
#14583 = VECTOR('',#14584,1.);
#14584 = DIRECTION('',(0.,-1.));
#14585 = ( GEOMETRIC_REPRESENTATION_CONTEXT(2) 
PARAMETRIC_REPRESENTATION_CONTEXT() REPRESENTATION_CONTEXT('2D SPACE',''
  ) );
#14586 = ORIENTED_EDGE('',*,*,#14587,.F.);
#14587 = EDGE_CURVE('',#14430,#14565,#14588,.T.);
#14588 = SURFACE_CURVE('',#14589,(#14593,#14600),.PCURVE_S1.);
#14589 = LINE('',#14590,#14591);
#14590 = CARTESIAN_POINT('',(-62.5,47.5,3.));
#14591 = VECTOR('',#14592,1.);
#14592 = DIRECTION('',(1.,0.,-0.));
#14593 = PCURVE('',#14471,#14594);
#14594 = DEFINITIONAL_REPRESENTATION('',(#14595),#14599);
#14595 = LINE('',#14596,#14597);
#14596 = CARTESIAN_POINT('',(0.,95.));
#14597 = VECTOR('',#14598,1.);
#14598 = DIRECTION('',(1.,0.));
#14599 = ( GEOMETRIC_REPRESENTATION_CONTEXT(2) 
PARAMETRIC_REPRESENTATION_CONTEXT() REPRESENTATION_CONTEXT('2D SPACE',''
  ) );
#14600 = PCURVE('',#14445,#14601);
#14601 = DEFINITIONAL_REPRESENTATION('',(#14602),#14606);
#14602 = LINE('',#14603,#14604);
#14603 = CARTESIAN_POINT('',(3.,0.));
#14604 = VECTOR('',#14605,1.);
#14605 = DIRECTION('',(0.,1.));
#14606 = ( GEOMETRIC_REPRESENTATION_CONTEXT(2) 
PARAMETRIC_REPRESENTATION_CONTEXT() REPRESENTATION_CONTEXT('2D SPACE',''
  ) );
#14607 = FACE_BOUND('',#14608,.T.);
#14608 = EDGE_LOOP('',(#14609));
#14609 = ORIENTED_EDGE('',*,*,#14610,.T.);
#14610 = EDGE_CURVE('',#14611,#14611,#14613,.T.);
#14611 = VERTEX_POINT('',#14612);
#14612 = CARTESIAN_POINT('',(-55.3,-42.,3.));
#14613 = SURFACE_CURVE('',#14614,(#14619,#14630),.PCURVE_S1.);
#14614 = CIRCLE('',#14615,1.7);
#14615 = AXIS2_PLACEMENT_3D('',#14616,#14617,#14618);
#14616 = CARTESIAN_POINT('',(-57.,-42.,3.));
#14617 = DIRECTION('',(0.,0.,-1.));
#14618 = DIRECTION('',(1.,0.,0.));
#14619 = PCURVE('',#14471,#14620);
#14620 = DEFINITIONAL_REPRESENTATION('',(#14621),#14629);
#14621 = ( BOUNDED_CURVE() B_SPLINE_CURVE(2,(#14622,#14623,#14624,#14625
    ,#14626,#14627,#14628),.UNSPECIFIED.,.T.,.F.) 
B_SPLINE_CURVE_WITH_KNOTS((1,2,2,2,2,1),(-2.094395102393,0.,
    2.094395102393,4.188790204786,6.28318530718,8.377580409573),
.UNSPECIFIED.) CURVE() GEOMETRIC_REPRESENTATION_ITEM() 
RATIONAL_B_SPLINE_CURVE((1.,0.5,1.,0.5,1.,0.5,1.)) REPRESENTATION_ITEM(
  '') );
#14622 = CARTESIAN_POINT('',(7.2,5.5));
#14623 = CARTESIAN_POINT('',(7.2,2.555513627133));
#14624 = CARTESIAN_POINT('',(4.65,4.027756813566));
#14625 = CARTESIAN_POINT('',(2.1,5.5));
#14626 = CARTESIAN_POINT('',(4.65,6.972243186434));
#14627 = CARTESIAN_POINT('',(7.2,8.444486372867));
#14628 = CARTESIAN_POINT('',(7.2,5.5));
#14629 = ( GEOMETRIC_REPRESENTATION_CONTEXT(2) 
PARAMETRIC_REPRESENTATION_CONTEXT() REPRESENTATION_CONTEXT('2D SPACE',''
  ) );
#14630 = PCURVE('',#14631,#14636);
#14631 = CYLINDRICAL_SURFACE('',#14632,1.7);
#14632 = AXIS2_PLACEMENT_3D('',#14633,#14634,#14635);
#14633 = CARTESIAN_POINT('',(-57.,-42.,-3.));
#14634 = DIRECTION('',(-0.,-0.,-1.));
#14635 = DIRECTION('',(1.,0.,0.));
#14636 = DEFINITIONAL_REPRESENTATION('',(#14637),#14641);
#14637 = LINE('',#14638,#14639);
#14638 = CARTESIAN_POINT('',(-6.28318530718,-6.));
#14639 = VECTOR('',#14640,1.);
#14640 = DIRECTION('',(1.,-0.));
#14641 = ( GEOMETRIC_REPRESENTATION_CONTEXT(2) 
PARAMETRIC_REPRESENTATION_CONTEXT() REPRESENTATION_CONTEXT('2D SPACE',''
  ) );
#14642 = FACE_BOUND('',#14643,.T.);
#14643 = EDGE_LOOP('',(#14644));
#14644 = ORIENTED_EDGE('',*,*,#14645,.T.);
#14645 = EDGE_CURVE('',#14646,#14646,#14648,.T.);
#14646 = VERTEX_POINT('',#14647);
#14647 = CARTESIAN_POINT('',(58.7,-42.,3.));
#14648 = SURFACE_CURVE('',#14649,(#14654,#14665),.PCURVE_S1.);
#14649 = CIRCLE('',#14650,1.7);
#14650 = AXIS2_PLACEMENT_3D('',#14651,#14652,#14653);
#14651 = CARTESIAN_POINT('',(57.,-42.,3.));
#14652 = DIRECTION('',(0.,0.,-1.));
#14653 = DIRECTION('',(1.,0.,0.));
#14654 = PCURVE('',#14471,#14655);
#14655 = DEFINITIONAL_REPRESENTATION('',(#14656),#14664);
#14656 = ( BOUNDED_CURVE() B_SPLINE_CURVE(2,(#14657,#14658,#14659,#14660
    ,#14661,#14662,#14663),.UNSPECIFIED.,.T.,.F.) 
B_SPLINE_CURVE_WITH_KNOTS((1,2,2,2,2,1),(-2.094395102393,0.,
    2.094395102393,4.188790204786,6.28318530718,8.377580409573),
.UNSPECIFIED.) CURVE() GEOMETRIC_REPRESENTATION_ITEM() 
RATIONAL_B_SPLINE_CURVE((1.,0.5,1.,0.5,1.,0.5,1.)) REPRESENTATION_ITEM(
  '') );
#14657 = CARTESIAN_POINT('',(121.2,5.5));
#14658 = CARTESIAN_POINT('',(121.2,2.555513627133));
#14659 = CARTESIAN_POINT('',(118.65,4.027756813566));
#14660 = CARTESIAN_POINT('',(116.1,5.5));
#14661 = CARTESIAN_POINT('',(118.65,6.972243186434));
#14662 = CARTESIAN_POINT('',(121.2,8.444486372867));
#14663 = CARTESIAN_POINT('',(121.2,5.5));
#14664 = ( GEOMETRIC_REPRESENTATION_CONTEXT(2) 
PARAMETRIC_REPRESENTATION_CONTEXT() REPRESENTATION_CONTEXT('2D SPACE',''
  ) );
#14665 = PCURVE('',#14666,#14671);
#14666 = CYLINDRICAL_SURFACE('',#14667,1.7);
#14667 = AXIS2_PLACEMENT_3D('',#14668,#14669,#14670);
#14668 = CARTESIAN_POINT('',(57.,-42.,-3.));
#14669 = DIRECTION('',(-0.,-0.,-1.));
#14670 = DIRECTION('',(1.,0.,0.));
#14671 = DEFINITIONAL_REPRESENTATION('',(#14672),#14676);
#14672 = LINE('',#14673,#14674);
#14673 = CARTESIAN_POINT('',(-6.28318530718,-6.));
#14674 = VECTOR('',#14675,1.);
#14675 = DIRECTION('',(1.,-0.));
#14676 = ( GEOMETRIC_REPRESENTATION_CONTEXT(2) 
PARAMETRIC_REPRESENTATION_CONTEXT() REPRESENTATION_CONTEXT('2D SPACE',''
  ) );
#14677 = FACE_BOUND('',#14678,.T.);
#14678 = EDGE_LOOP('',(#14679));
#14679 = ORIENTED_EDGE('',*,*,#14680,.T.);
#14680 = EDGE_CURVE('',#14681,#14681,#14683,.T.);
#14681 = VERTEX_POINT('',#14682);
#14682 = CARTESIAN_POINT('',(-55.3,42.,3.));
#14683 = SURFACE_CURVE('',#14684,(#14689,#14700),.PCURVE_S1.);
#14684 = CIRCLE('',#14685,1.7);
#14685 = AXIS2_PLACEMENT_3D('',#14686,#14687,#14688);
#14686 = CARTESIAN_POINT('',(-57.,42.,3.));
#14687 = DIRECTION('',(0.,0.,-1.));
#14688 = DIRECTION('',(1.,0.,0.));
#14689 = PCURVE('',#14471,#14690);
#14690 = DEFINITIONAL_REPRESENTATION('',(#14691),#14699);
#14691 = ( BOUNDED_CURVE() B_SPLINE_CURVE(2,(#14692,#14693,#14694,#14695
    ,#14696,#14697,#14698),.UNSPECIFIED.,.T.,.F.) 
B_SPLINE_CURVE_WITH_KNOTS((1,2,2,2,2,1),(-2.094395102393,0.,
    2.094395102393,4.188790204786,6.28318530718,8.377580409573),
.UNSPECIFIED.) CURVE() GEOMETRIC_REPRESENTATION_ITEM() 
RATIONAL_B_SPLINE_CURVE((1.,0.5,1.,0.5,1.,0.5,1.)) REPRESENTATION_ITEM(
  '') );
#14692 = CARTESIAN_POINT('',(7.2,89.5));
#14693 = CARTESIAN_POINT('',(7.2,86.555513627133));
#14694 = CARTESIAN_POINT('',(4.65,88.027756813566));
#14695 = CARTESIAN_POINT('',(2.1,89.5));
#14696 = CARTESIAN_POINT('',(4.65,90.972243186434));
#14697 = CARTESIAN_POINT('',(7.2,92.444486372867));
#14698 = CARTESIAN_POINT('',(7.2,89.5));
#14699 = ( GEOMETRIC_REPRESENTATION_CONTEXT(2) 
PARAMETRIC_REPRESENTATION_CONTEXT() REPRESENTATION_CONTEXT('2D SPACE',''
  ) );
#14700 = PCURVE('',#14701,#14706);
#14701 = CYLINDRICAL_SURFACE('',#14702,1.7);
#14702 = AXIS2_PLACEMENT_3D('',#14703,#14704,#14705);
#14703 = CARTESIAN_POINT('',(-57.,42.,-3.));
#14704 = DIRECTION('',(-0.,-0.,-1.));
#14705 = DIRECTION('',(1.,0.,0.));
#14706 = DEFINITIONAL_REPRESENTATION('',(#14707),#14711);
#14707 = LINE('',#14708,#14709);
#14708 = CARTESIAN_POINT('',(-6.28318530718,-6.));
#14709 = VECTOR('',#14710,1.);
#14710 = DIRECTION('',(1.,-0.));
#14711 = ( GEOMETRIC_REPRESENTATION_CONTEXT(2) 
PARAMETRIC_REPRESENTATION_CONTEXT() REPRESENTATION_CONTEXT('2D SPACE',''
  ) );
#14712 = FACE_BOUND('',#14713,.T.);
#14713 = EDGE_LOOP('',(#14714));
#14714 = ORIENTED_EDGE('',*,*,#14715,.T.);
#14715 = EDGE_CURVE('',#14716,#14716,#14718,.T.);
#14716 = VERTEX_POINT('',#14717);
#14717 = CARTESIAN_POINT('',(58.7,42.,3.));
#14718 = SURFACE_CURVE('',#14719,(#14724,#14735),.PCURVE_S1.);
#14719 = CIRCLE('',#14720,1.7);
#14720 = AXIS2_PLACEMENT_3D('',#14721,#14722,#14723);
#14721 = CARTESIAN_POINT('',(57.,42.,3.));
#14722 = DIRECTION('',(0.,0.,-1.));
#14723 = DIRECTION('',(1.,0.,0.));
#14724 = PCURVE('',#14471,#14725);
#14725 = DEFINITIONAL_REPRESENTATION('',(#14726),#14734);
#14726 = ( BOUNDED_CURVE() B_SPLINE_CURVE(2,(#14727,#14728,#14729,#14730
    ,#14731,#14732,#14733),.UNSPECIFIED.,.T.,.F.) 
B_SPLINE_CURVE_WITH_KNOTS((1,2,2,2,2,1),(-2.094395102393,0.,
    2.094395102393,4.188790204786,6.28318530718,8.377580409573),
.UNSPECIFIED.) CURVE() GEOMETRIC_REPRESENTATION_ITEM() 
RATIONAL_B_SPLINE_CURVE((1.,0.5,1.,0.5,1.,0.5,1.)) REPRESENTATION_ITEM(
  '') );
#14727 = CARTESIAN_POINT('',(121.2,89.5));
#14728 = CARTESIAN_POINT('',(121.2,86.555513627133));
#14729 = CARTESIAN_POINT('',(118.65,88.027756813566));
#14730 = CARTESIAN_POINT('',(116.1,89.5));
#14731 = CARTESIAN_POINT('',(118.65,90.972243186434));
#14732 = CARTESIAN_POINT('',(121.2,92.444486372867));
#14733 = CARTESIAN_POINT('',(121.2,89.5));
#14734 = ( GEOMETRIC_REPRESENTATION_CONTEXT(2) 
PARAMETRIC_REPRESENTATION_CONTEXT() REPRESENTATION_CONTEXT('2D SPACE',''
  ) );
#14735 = PCURVE('',#14736,#14741);
#14736 = CYLINDRICAL_SURFACE('',#14737,1.7);
#14737 = AXIS2_PLACEMENT_3D('',#14738,#14739,#14740);
#14738 = CARTESIAN_POINT('',(57.,42.,-3.));
#14739 = DIRECTION('',(-0.,-0.,-1.));
#14740 = DIRECTION('',(1.,0.,0.));
#14741 = DEFINITIONAL_REPRESENTATION('',(#14742),#14746);
#14742 = LINE('',#14743,#14744);
#14743 = CARTESIAN_POINT('',(-6.28318530718,-6.));
#14744 = VECTOR('',#14745,1.);
#14745 = DIRECTION('',(1.,-0.));
#14746 = ( GEOMETRIC_REPRESENTATION_CONTEXT(2) 
PARAMETRIC_REPRESENTATION_CONTEXT() REPRESENTATION_CONTEXT('2D SPACE',''
  ) );
#14747 = ADVANCED_FACE('',(#14748),#14445,.T.);
#14748 = FACE_BOUND('',#14749,.T.);
#14749 = EDGE_LOOP('',(#14750,#14773,#14774,#14775));
#14750 = ORIENTED_EDGE('',*,*,#14751,.F.);
#14751 = EDGE_CURVE('',#14402,#14752,#14754,.T.);
#14752 = VERTEX_POINT('',#14753);
#14753 = CARTESIAN_POINT('',(62.5,47.5,0.));
#14754 = SURFACE_CURVE('',#14755,(#14759,#14766),.PCURVE_S1.);
#14755 = LINE('',#14756,#14757);
#14756 = CARTESIAN_POINT('',(-62.5,47.5,0.));
#14757 = VECTOR('',#14758,1.);
#14758 = DIRECTION('',(1.,0.,-0.));
#14759 = PCURVE('',#14445,#14760);
#14760 = DEFINITIONAL_REPRESENTATION('',(#14761),#14765);
#14761 = LINE('',#14762,#14763);
#14762 = CARTESIAN_POINT('',(0.,0.));
#14763 = VECTOR('',#14764,1.);
#14764 = DIRECTION('',(0.,1.));
#14765 = ( GEOMETRIC_REPRESENTATION_CONTEXT(2) 
PARAMETRIC_REPRESENTATION_CONTEXT() REPRESENTATION_CONTEXT('2D SPACE',''
  ) );
#14766 = PCURVE('',#14417,#14767);
#14767 = DEFINITIONAL_REPRESENTATION('',(#14768),#14772);
#14768 = LINE('',#14769,#14770);
#14769 = CARTESIAN_POINT('',(0.,95.));
#14770 = VECTOR('',#14771,1.);
#14771 = DIRECTION('',(1.,0.));
#14772 = ( GEOMETRIC_REPRESENTATION_CONTEXT(2) 
PARAMETRIC_REPRESENTATION_CONTEXT() REPRESENTATION_CONTEXT('2D SPACE',''
  ) );
#14773 = ORIENTED_EDGE('',*,*,#14429,.T.);
#14774 = ORIENTED_EDGE('',*,*,#14587,.T.);
#14775 = ORIENTED_EDGE('',*,*,#14776,.F.);
#14776 = EDGE_CURVE('',#14752,#14565,#14777,.T.);
#14777 = SURFACE_CURVE('',#14778,(#14782,#14789),.PCURVE_S1.);
#14778 = LINE('',#14779,#14780);
#14779 = CARTESIAN_POINT('',(62.5,47.5,0.));
#14780 = VECTOR('',#14781,1.);
#14781 = DIRECTION('',(0.,0.,1.));
#14782 = PCURVE('',#14445,#14783);
#14783 = DEFINITIONAL_REPRESENTATION('',(#14784),#14788);
#14784 = LINE('',#14785,#14786);
#14785 = CARTESIAN_POINT('',(0.,125.));
#14786 = VECTOR('',#14787,1.);
#14787 = DIRECTION('',(1.,0.));
#14788 = ( GEOMETRIC_REPRESENTATION_CONTEXT(2) 
PARAMETRIC_REPRESENTATION_CONTEXT() REPRESENTATION_CONTEXT('2D SPACE',''
  ) );
#14789 = PCURVE('',#14547,#14790);
#14790 = DEFINITIONAL_REPRESENTATION('',(#14791),#14795);
#14791 = LINE('',#14792,#14793);
#14792 = CARTESIAN_POINT('',(0.,-95.));
#14793 = VECTOR('',#14794,1.);
#14794 = DIRECTION('',(1.,0.));
#14795 = ( GEOMETRIC_REPRESENTATION_CONTEXT(2) 
PARAMETRIC_REPRESENTATION_CONTEXT() REPRESENTATION_CONTEXT('2D SPACE',''
  ) );
#14796 = ADVANCED_FACE('',(#14797,#14823),#14417,.F.);
#14797 = FACE_BOUND('',#14798,.F.);
#14798 = EDGE_LOOP('',(#14799,#14800,#14801,#14822));
#14799 = ORIENTED_EDGE('',*,*,#14401,.F.);
#14800 = ORIENTED_EDGE('',*,*,#14486,.T.);
#14801 = ORIENTED_EDGE('',*,*,#14802,.T.);
#14802 = EDGE_CURVE('',#14487,#14752,#14803,.T.);
#14803 = SURFACE_CURVE('',#14804,(#14808,#14815),.PCURVE_S1.);
#14804 = LINE('',#14805,#14806);
#14805 = CARTESIAN_POINT('',(62.5,-47.5,0.));
#14806 = VECTOR('',#14807,1.);
#14807 = DIRECTION('',(-0.,1.,0.));
#14808 = PCURVE('',#14417,#14809);
#14809 = DEFINITIONAL_REPRESENTATION('',(#14810),#14814);
#14810 = LINE('',#14811,#14812);
#14811 = CARTESIAN_POINT('',(125.,0.));
#14812 = VECTOR('',#14813,1.);
#14813 = DIRECTION('',(0.,1.));
#14814 = ( GEOMETRIC_REPRESENTATION_CONTEXT(2) 
PARAMETRIC_REPRESENTATION_CONTEXT() REPRESENTATION_CONTEXT('2D SPACE',''
  ) );
#14815 = PCURVE('',#14547,#14816);
#14816 = DEFINITIONAL_REPRESENTATION('',(#14817),#14821);
#14817 = LINE('',#14818,#14819);
#14818 = CARTESIAN_POINT('',(0.,0.));
#14819 = VECTOR('',#14820,1.);
#14820 = DIRECTION('',(0.,-1.));
#14821 = ( GEOMETRIC_REPRESENTATION_CONTEXT(2) 
PARAMETRIC_REPRESENTATION_CONTEXT() REPRESENTATION_CONTEXT('2D SPACE',''
  ) );
#14822 = ORIENTED_EDGE('',*,*,#14751,.F.);
#14823 = FACE_BOUND('',#14824,.F.);
#14824 = EDGE_LOOP('',(#14825,#14855,#14884,#14911,#14939,#14966,#14995,
    #15023,#15052,#15074,#15102,#15129,#15158,#15186,#15215,#15237,
    #15265,#15293,#15320,#15349,#15377,#15406,#15428,#15456,#15484,
    #15506));
#14825 = ORIENTED_EDGE('',*,*,#14826,.F.);
#14826 = EDGE_CURVE('',#14827,#14829,#14831,.T.);
#14827 = VERTEX_POINT('',#14828);
#14828 = CARTESIAN_POINT('',(-53.73656622558,-44.8,0.));
#14829 = VERTEX_POINT('',#14830);
#14830 = CARTESIAN_POINT('',(53.736566225584,-44.8,0.));
#14831 = SURFACE_CURVE('',#14832,(#14836,#14843),.PCURVE_S1.);
#14832 = LINE('',#14833,#14834);
#14833 = CARTESIAN_POINT('',(-59.8,-44.8,0.));
#14834 = VECTOR('',#14835,1.);
#14835 = DIRECTION('',(1.,0.,0.));
#14836 = PCURVE('',#14417,#14837);
#14837 = DEFINITIONAL_REPRESENTATION('',(#14838),#14842);
#14838 = LINE('',#14839,#14840);
#14839 = CARTESIAN_POINT('',(2.7,2.7));
#14840 = VECTOR('',#14841,1.);
#14841 = DIRECTION('',(1.,0.));
#14842 = ( GEOMETRIC_REPRESENTATION_CONTEXT(2) 
PARAMETRIC_REPRESENTATION_CONTEXT() REPRESENTATION_CONTEXT('2D SPACE',''
  ) );
#14843 = PCURVE('',#14844,#14849);
#14844 = PLANE('',#14845);
#14845 = AXIS2_PLACEMENT_3D('',#14846,#14847,#14848);
#14846 = CARTESIAN_POINT('',(-59.8,-44.8,-2.));
#14847 = DIRECTION('',(0.,1.,0.));
#14848 = DIRECTION('',(0.,0.,1.));
#14849 = DEFINITIONAL_REPRESENTATION('',(#14850),#14854);
#14850 = LINE('',#14851,#14852);
#14851 = CARTESIAN_POINT('',(2.,0.));
#14852 = VECTOR('',#14853,1.);
#14853 = DIRECTION('',(0.,1.));
#14854 = ( GEOMETRIC_REPRESENTATION_CONTEXT(2) 
PARAMETRIC_REPRESENTATION_CONTEXT() REPRESENTATION_CONTEXT('2D SPACE',''
  ) );
#14855 = ORIENTED_EDGE('',*,*,#14856,.T.);
#14856 = EDGE_CURVE('',#14827,#14857,#14859,.T.);
#14857 = VERTEX_POINT('',#14858);
#14858 = CARTESIAN_POINT('',(-52.77507396514,-42.8,0.));
#14859 = SURFACE_CURVE('',#14860,(#14865,#14872),.PCURVE_S1.);
#14860 = CIRCLE('',#14861,4.3);
#14861 = AXIS2_PLACEMENT_3D('',#14862,#14863,#14864);
#14862 = CARTESIAN_POINT('',(-57.,-42.,0.));
#14863 = DIRECTION('',(0.,0.,1.));
#14864 = DIRECTION('',(1.,0.,0.));
#14865 = PCURVE('',#14417,#14866);
#14866 = DEFINITIONAL_REPRESENTATION('',(#14867),#14871);
#14867 = CIRCLE('',#14868,4.3);
#14868 = AXIS2_PLACEMENT_2D('',#14869,#14870);
#14869 = CARTESIAN_POINT('',(5.5,5.5));
#14870 = DIRECTION('',(1.,0.));
#14871 = ( GEOMETRIC_REPRESENTATION_CONTEXT(2) 
PARAMETRIC_REPRESENTATION_CONTEXT() REPRESENTATION_CONTEXT('2D SPACE',''
  ) );
#14872 = PCURVE('',#14873,#14878);
#14873 = CYLINDRICAL_SURFACE('',#14874,4.3);
#14874 = AXIS2_PLACEMENT_3D('',#14875,#14876,#14877);
#14875 = CARTESIAN_POINT('',(-57.,-42.,-3.));
#14876 = DIRECTION('',(-0.,-0.,-1.));
#14877 = DIRECTION('',(1.,0.,0.));
#14878 = DEFINITIONAL_REPRESENTATION('',(#14879),#14883);
#14879 = LINE('',#14880,#14881);
#14880 = CARTESIAN_POINT('',(-0.,-3.));
#14881 = VECTOR('',#14882,1.);
#14882 = DIRECTION('',(-1.,0.));
#14883 = ( GEOMETRIC_REPRESENTATION_CONTEXT(2) 
PARAMETRIC_REPRESENTATION_CONTEXT() REPRESENTATION_CONTEXT('2D SPACE',''
  ) );
#14884 = ORIENTED_EDGE('',*,*,#14885,.F.);
#14885 = EDGE_CURVE('',#14886,#14857,#14888,.T.);
#14886 = VERTEX_POINT('',#14887);
#14887 = CARTESIAN_POINT('',(-55.5,-42.8,0.));
#14888 = SURFACE_CURVE('',#14889,(#14893,#14900),.PCURVE_S1.);
#14889 = LINE('',#14890,#14891);
#14890 = CARTESIAN_POINT('',(-57.4,-42.8,0.));
#14891 = VECTOR('',#14892,1.);
#14892 = DIRECTION('',(1.,0.,0.));
#14893 = PCURVE('',#14417,#14894);
#14894 = DEFINITIONAL_REPRESENTATION('',(#14895),#14899);
#14895 = LINE('',#14896,#14897);
#14896 = CARTESIAN_POINT('',(5.1,4.7));
#14897 = VECTOR('',#14898,1.);
#14898 = DIRECTION('',(1.,0.));
#14899 = ( GEOMETRIC_REPRESENTATION_CONTEXT(2) 
PARAMETRIC_REPRESENTATION_CONTEXT() REPRESENTATION_CONTEXT('2D SPACE',''
  ) );
#14900 = PCURVE('',#14901,#14906);
#14901 = PLANE('',#14902);
#14902 = AXIS2_PLACEMENT_3D('',#14903,#14904,#14905);
#14903 = CARTESIAN_POINT('',(-57.8,-42.8,-3.));
#14904 = DIRECTION('',(0.,1.,0.));
#14905 = DIRECTION('',(0.,0.,1.));
#14906 = DEFINITIONAL_REPRESENTATION('',(#14907),#14910);
#14907 = B_SPLINE_CURVE_WITH_KNOTS('',1,(#14908,#14909),.UNSPECIFIED.,
  .F.,.F.,(2,2),(-0.4,4.7),.PIECEWISE_BEZIER_KNOTS.);
#14908 = CARTESIAN_POINT('',(3.,0.));
#14909 = CARTESIAN_POINT('',(3.,5.1));
#14910 = ( GEOMETRIC_REPRESENTATION_CONTEXT(2) 
PARAMETRIC_REPRESENTATION_CONTEXT() REPRESENTATION_CONTEXT('2D SPACE',''
  ) );
#14911 = ORIENTED_EDGE('',*,*,#14912,.T.);
#14912 = EDGE_CURVE('',#14886,#14913,#14915,.T.);
#14913 = VERTEX_POINT('',#14914);
#14914 = CARTESIAN_POINT('',(-57.8,-40.5,0.));
#14915 = SURFACE_CURVE('',#14916,(#14921,#14932),.PCURVE_S1.);
#14916 = CIRCLE('',#14917,1.7);
#14917 = AXIS2_PLACEMENT_3D('',#14918,#14919,#14920);
#14918 = CARTESIAN_POINT('',(-57.,-42.,0.));
#14919 = DIRECTION('',(0.,0.,-1.));
#14920 = DIRECTION('',(1.,0.,0.));
#14921 = PCURVE('',#14417,#14922);
#14922 = DEFINITIONAL_REPRESENTATION('',(#14923),#14931);
#14923 = ( BOUNDED_CURVE() B_SPLINE_CURVE(2,(#14924,#14925,#14926,#14927
    ,#14928,#14929,#14930),.UNSPECIFIED.,.T.,.F.) 
B_SPLINE_CURVE_WITH_KNOTS((1,2,2,2,2,1),(-2.094395102393,0.,
    2.094395102393,4.188790204786,6.28318530718,8.377580409573),
.UNSPECIFIED.) CURVE() GEOMETRIC_REPRESENTATION_ITEM() 
RATIONAL_B_SPLINE_CURVE((1.,0.5,1.,0.5,1.,0.5,1.)) REPRESENTATION_ITEM(
  '') );
#14924 = CARTESIAN_POINT('',(7.2,5.5));
#14925 = CARTESIAN_POINT('',(7.2,2.555513627133));
#14926 = CARTESIAN_POINT('',(4.65,4.027756813566));
#14927 = CARTESIAN_POINT('',(2.1,5.5));
#14928 = CARTESIAN_POINT('',(4.65,6.972243186434));
#14929 = CARTESIAN_POINT('',(7.2,8.444486372867));
#14930 = CARTESIAN_POINT('',(7.2,5.5));
#14931 = ( GEOMETRIC_REPRESENTATION_CONTEXT(2) 
PARAMETRIC_REPRESENTATION_CONTEXT() REPRESENTATION_CONTEXT('2D SPACE',''
  ) );
#14932 = PCURVE('',#14631,#14933);
#14933 = DEFINITIONAL_REPRESENTATION('',(#14934),#14938);
#14934 = LINE('',#14935,#14936);
#14935 = CARTESIAN_POINT('',(-6.28318530718,-3.));
#14936 = VECTOR('',#14937,1.);
#14937 = DIRECTION('',(1.,-0.));
#14938 = ( GEOMETRIC_REPRESENTATION_CONTEXT(2) 
PARAMETRIC_REPRESENTATION_CONTEXT() REPRESENTATION_CONTEXT('2D SPACE',''
  ) );
#14939 = ORIENTED_EDGE('',*,*,#14940,.F.);
#14940 = EDGE_CURVE('',#14941,#14913,#14943,.T.);
#14941 = VERTEX_POINT('',#14942);
#14942 = CARTESIAN_POINT('',(-57.8,-37.77507396514,0.));
#14943 = SURFACE_CURVE('',#14944,(#14948,#14955),.PCURVE_S1.);
#14944 = LINE('',#14945,#14946);
#14945 = CARTESIAN_POINT('',(-57.8,-42.4,0.));
#14946 = VECTOR('',#14947,1.);
#14947 = DIRECTION('',(0.,-1.,0.));
#14948 = PCURVE('',#14417,#14949);
#14949 = DEFINITIONAL_REPRESENTATION('',(#14950),#14954);
#14950 = LINE('',#14951,#14952);
#14951 = CARTESIAN_POINT('',(4.7,5.1));
#14952 = VECTOR('',#14953,1.);
#14953 = DIRECTION('',(0.,-1.));
#14954 = ( GEOMETRIC_REPRESENTATION_CONTEXT(2) 
PARAMETRIC_REPRESENTATION_CONTEXT() REPRESENTATION_CONTEXT('2D SPACE',''
  ) );
#14955 = PCURVE('',#14956,#14961);
#14956 = PLANE('',#14957);
#14957 = AXIS2_PLACEMENT_3D('',#14958,#14959,#14960);
#14958 = CARTESIAN_POINT('',(-57.8,-42.8,-3.));
#14959 = DIRECTION('',(1.,0.,0.));
#14960 = DIRECTION('',(0.,0.,1.));
#14961 = DEFINITIONAL_REPRESENTATION('',(#14962),#14965);
#14962 = B_SPLINE_CURVE_WITH_KNOTS('',1,(#14963,#14964),.UNSPECIFIED.,
  .F.,.F.,(2,2),(-4.7,0.4),.PIECEWISE_BEZIER_KNOTS.);
#14963 = CARTESIAN_POINT('',(3.,-5.1));
#14964 = CARTESIAN_POINT('',(3.,0.));
#14965 = ( GEOMETRIC_REPRESENTATION_CONTEXT(2) 
PARAMETRIC_REPRESENTATION_CONTEXT() REPRESENTATION_CONTEXT('2D SPACE',''
  ) );
#14966 = ORIENTED_EDGE('',*,*,#14967,.T.);
#14967 = EDGE_CURVE('',#14941,#14968,#14970,.T.);
#14968 = VERTEX_POINT('',#14969);
#14969 = CARTESIAN_POINT('',(-59.8,-38.73656622558,0.));
#14970 = SURFACE_CURVE('',#14971,(#14976,#14983),.PCURVE_S1.);
#14971 = CIRCLE('',#14972,4.3);
#14972 = AXIS2_PLACEMENT_3D('',#14973,#14974,#14975);
#14973 = CARTESIAN_POINT('',(-57.,-42.,0.));
#14974 = DIRECTION('',(0.,0.,1.));
#14975 = DIRECTION('',(1.,0.,0.));
#14976 = PCURVE('',#14417,#14977);
#14977 = DEFINITIONAL_REPRESENTATION('',(#14978),#14982);
#14978 = CIRCLE('',#14979,4.3);
#14979 = AXIS2_PLACEMENT_2D('',#14980,#14981);
#14980 = CARTESIAN_POINT('',(5.5,5.5));
#14981 = DIRECTION('',(1.,0.));
#14982 = ( GEOMETRIC_REPRESENTATION_CONTEXT(2) 
PARAMETRIC_REPRESENTATION_CONTEXT() REPRESENTATION_CONTEXT('2D SPACE',''
  ) );
#14983 = PCURVE('',#14984,#14989);
#14984 = CYLINDRICAL_SURFACE('',#14985,4.3);
#14985 = AXIS2_PLACEMENT_3D('',#14986,#14987,#14988);
#14986 = CARTESIAN_POINT('',(-57.,-42.,-3.));
#14987 = DIRECTION('',(-0.,-0.,-1.));
#14988 = DIRECTION('',(1.,0.,0.));
#14989 = DEFINITIONAL_REPRESENTATION('',(#14990),#14994);
#14990 = LINE('',#14991,#14992);
#14991 = CARTESIAN_POINT('',(-0.,-3.));
#14992 = VECTOR('',#14993,1.);
#14993 = DIRECTION('',(-1.,0.));
#14994 = ( GEOMETRIC_REPRESENTATION_CONTEXT(2) 
PARAMETRIC_REPRESENTATION_CONTEXT() REPRESENTATION_CONTEXT('2D SPACE',''
  ) );
#14995 = ORIENTED_EDGE('',*,*,#14996,.T.);
#14996 = EDGE_CURVE('',#14968,#14997,#14999,.T.);
#14997 = VERTEX_POINT('',#14998);
#14998 = CARTESIAN_POINT('',(-59.8,38.736566225584,0.));
#14999 = SURFACE_CURVE('',#15000,(#15004,#15011),.PCURVE_S1.);
#15000 = LINE('',#15001,#15002);
#15001 = CARTESIAN_POINT('',(-59.8,-44.8,0.));
#15002 = VECTOR('',#15003,1.);
#15003 = DIRECTION('',(0.,1.,0.));
#15004 = PCURVE('',#14417,#15005);
#15005 = DEFINITIONAL_REPRESENTATION('',(#15006),#15010);
#15006 = LINE('',#15007,#15008);
#15007 = CARTESIAN_POINT('',(2.7,2.7));
#15008 = VECTOR('',#15009,1.);
#15009 = DIRECTION('',(0.,1.));
#15010 = ( GEOMETRIC_REPRESENTATION_CONTEXT(2) 
PARAMETRIC_REPRESENTATION_CONTEXT() REPRESENTATION_CONTEXT('2D SPACE',''
  ) );
#15011 = PCURVE('',#15012,#15017);
#15012 = PLANE('',#15013);
#15013 = AXIS2_PLACEMENT_3D('',#15014,#15015,#15016);
#15014 = CARTESIAN_POINT('',(-59.8,-44.8,-2.));
#15015 = DIRECTION('',(1.,0.,0.));
#15016 = DIRECTION('',(0.,0.,1.));
#15017 = DEFINITIONAL_REPRESENTATION('',(#15018),#15022);
#15018 = LINE('',#15019,#15020);
#15019 = CARTESIAN_POINT('',(2.,0.));
#15020 = VECTOR('',#15021,1.);
#15021 = DIRECTION('',(0.,-1.));
#15022 = ( GEOMETRIC_REPRESENTATION_CONTEXT(2) 
PARAMETRIC_REPRESENTATION_CONTEXT() REPRESENTATION_CONTEXT('2D SPACE',''
  ) );
#15023 = ORIENTED_EDGE('',*,*,#15024,.T.);
#15024 = EDGE_CURVE('',#14997,#15025,#15027,.T.);
#15025 = VERTEX_POINT('',#15026);
#15026 = CARTESIAN_POINT('',(-57.8,37.775073965144,0.));
#15027 = SURFACE_CURVE('',#15028,(#15033,#15040),.PCURVE_S1.);
#15028 = CIRCLE('',#15029,4.3);
#15029 = AXIS2_PLACEMENT_3D('',#15030,#15031,#15032);
#15030 = CARTESIAN_POINT('',(-57.,42.,0.));
#15031 = DIRECTION('',(0.,0.,1.));
#15032 = DIRECTION('',(1.,0.,0.));
#15033 = PCURVE('',#14417,#15034);
#15034 = DEFINITIONAL_REPRESENTATION('',(#15035),#15039);
#15035 = CIRCLE('',#15036,4.3);
#15036 = AXIS2_PLACEMENT_2D('',#15037,#15038);
#15037 = CARTESIAN_POINT('',(5.5,89.5));
#15038 = DIRECTION('',(1.,0.));
#15039 = ( GEOMETRIC_REPRESENTATION_CONTEXT(2) 
PARAMETRIC_REPRESENTATION_CONTEXT() REPRESENTATION_CONTEXT('2D SPACE',''
  ) );
#15040 = PCURVE('',#15041,#15046);
#15041 = CYLINDRICAL_SURFACE('',#15042,4.3);
#15042 = AXIS2_PLACEMENT_3D('',#15043,#15044,#15045);
#15043 = CARTESIAN_POINT('',(-57.,42.,-3.));
#15044 = DIRECTION('',(-0.,-0.,-1.));
#15045 = DIRECTION('',(1.,0.,0.));
#15046 = DEFINITIONAL_REPRESENTATION('',(#15047),#15051);
#15047 = LINE('',#15048,#15049);
#15048 = CARTESIAN_POINT('',(-0.,-3.));
#15049 = VECTOR('',#15050,1.);
#15050 = DIRECTION('',(-1.,0.));
#15051 = ( GEOMETRIC_REPRESENTATION_CONTEXT(2) 
PARAMETRIC_REPRESENTATION_CONTEXT() REPRESENTATION_CONTEXT('2D SPACE',''
  ) );
#15052 = ORIENTED_EDGE('',*,*,#15053,.F.);
#15053 = EDGE_CURVE('',#15054,#15025,#15056,.T.);
#15054 = VERTEX_POINT('',#15055);
#15055 = CARTESIAN_POINT('',(-57.8,40.499999999999,0.));
#15056 = SURFACE_CURVE('',#15057,(#15061,#15068),.PCURVE_S1.);
#15057 = LINE('',#15058,#15059);
#15058 = CARTESIAN_POINT('',(-57.8,-0.4,0.));
#15059 = VECTOR('',#15060,1.);
#15060 = DIRECTION('',(0.,-1.,0.));
#15061 = PCURVE('',#14417,#15062);
#15062 = DEFINITIONAL_REPRESENTATION('',(#15063),#15067);
#15063 = LINE('',#15064,#15065);
#15064 = CARTESIAN_POINT('',(4.7,47.1));
#15065 = VECTOR('',#15066,1.);
#15066 = DIRECTION('',(0.,-1.));
#15067 = ( GEOMETRIC_REPRESENTATION_CONTEXT(2) 
PARAMETRIC_REPRESENTATION_CONTEXT() REPRESENTATION_CONTEXT('2D SPACE',''
  ) );
#15068 = PCURVE('',#14956,#15069);
#15069 = DEFINITIONAL_REPRESENTATION('',(#15070),#15073);
#15070 = B_SPLINE_CURVE_WITH_KNOTS('',1,(#15071,#15072),.UNSPECIFIED.,
  .F.,.F.,(2,2),(-43.2,-38.1),.PIECEWISE_BEZIER_KNOTS.);
#15071 = CARTESIAN_POINT('',(3.,-85.6));
#15072 = CARTESIAN_POINT('',(3.,-80.5));
#15073 = ( GEOMETRIC_REPRESENTATION_CONTEXT(2) 
PARAMETRIC_REPRESENTATION_CONTEXT() REPRESENTATION_CONTEXT('2D SPACE',''
  ) );
#15074 = ORIENTED_EDGE('',*,*,#15075,.T.);
#15075 = EDGE_CURVE('',#15054,#15076,#15078,.T.);
#15076 = VERTEX_POINT('',#15077);
#15077 = CARTESIAN_POINT('',(-55.5,42.8,0.));
#15078 = SURFACE_CURVE('',#15079,(#15084,#15095),.PCURVE_S1.);
#15079 = CIRCLE('',#15080,1.7);
#15080 = AXIS2_PLACEMENT_3D('',#15081,#15082,#15083);
#15081 = CARTESIAN_POINT('',(-57.,42.,0.));
#15082 = DIRECTION('',(0.,0.,-1.));
#15083 = DIRECTION('',(1.,0.,0.));
#15084 = PCURVE('',#14417,#15085);
#15085 = DEFINITIONAL_REPRESENTATION('',(#15086),#15094);
#15086 = ( BOUNDED_CURVE() B_SPLINE_CURVE(2,(#15087,#15088,#15089,#15090
    ,#15091,#15092,#15093),.UNSPECIFIED.,.T.,.F.) 
B_SPLINE_CURVE_WITH_KNOTS((1,2,2,2,2,1),(-2.094395102393,0.,
    2.094395102393,4.188790204786,6.28318530718,8.377580409573),
.UNSPECIFIED.) CURVE() GEOMETRIC_REPRESENTATION_ITEM() 
RATIONAL_B_SPLINE_CURVE((1.,0.5,1.,0.5,1.,0.5,1.)) REPRESENTATION_ITEM(
  '') );
#15087 = CARTESIAN_POINT('',(7.2,89.5));
#15088 = CARTESIAN_POINT('',(7.2,86.555513627133));
#15089 = CARTESIAN_POINT('',(4.65,88.027756813566));
#15090 = CARTESIAN_POINT('',(2.1,89.5));
#15091 = CARTESIAN_POINT('',(4.65,90.972243186434));
#15092 = CARTESIAN_POINT('',(7.2,92.444486372867));
#15093 = CARTESIAN_POINT('',(7.2,89.5));
#15094 = ( GEOMETRIC_REPRESENTATION_CONTEXT(2) 
PARAMETRIC_REPRESENTATION_CONTEXT() REPRESENTATION_CONTEXT('2D SPACE',''
  ) );
#15095 = PCURVE('',#14701,#15096);
#15096 = DEFINITIONAL_REPRESENTATION('',(#15097),#15101);
#15097 = LINE('',#15098,#15099);
#15098 = CARTESIAN_POINT('',(-6.28318530718,-3.));
#15099 = VECTOR('',#15100,1.);
#15100 = DIRECTION('',(1.,-0.));
#15101 = ( GEOMETRIC_REPRESENTATION_CONTEXT(2) 
PARAMETRIC_REPRESENTATION_CONTEXT() REPRESENTATION_CONTEXT('2D SPACE',''
  ) );
#15102 = ORIENTED_EDGE('',*,*,#15103,.T.);
#15103 = EDGE_CURVE('',#15076,#15104,#15106,.T.);
#15104 = VERTEX_POINT('',#15105);
#15105 = CARTESIAN_POINT('',(-52.77507396514,42.8,0.));
#15106 = SURFACE_CURVE('',#15107,(#15111,#15118),.PCURVE_S1.);
#15107 = LINE('',#15108,#15109);
#15108 = CARTESIAN_POINT('',(-57.4,42.8,0.));
#15109 = VECTOR('',#15110,1.);
#15110 = DIRECTION('',(1.,0.,0.));
#15111 = PCURVE('',#14417,#15112);
#15112 = DEFINITIONAL_REPRESENTATION('',(#15113),#15117);
#15113 = LINE('',#15114,#15115);
#15114 = CARTESIAN_POINT('',(5.1,90.3));
#15115 = VECTOR('',#15116,1.);
#15116 = DIRECTION('',(1.,0.));
#15117 = ( GEOMETRIC_REPRESENTATION_CONTEXT(2) 
PARAMETRIC_REPRESENTATION_CONTEXT() REPRESENTATION_CONTEXT('2D SPACE',''
  ) );
#15118 = PCURVE('',#15119,#15124);
#15119 = PLANE('',#15120);
#15120 = AXIS2_PLACEMENT_3D('',#15121,#15122,#15123);
#15121 = CARTESIAN_POINT('',(-57.8,42.8,-3.));
#15122 = DIRECTION('',(0.,1.,0.));
#15123 = DIRECTION('',(0.,0.,1.));
#15124 = DEFINITIONAL_REPRESENTATION('',(#15125),#15128);
#15125 = B_SPLINE_CURVE_WITH_KNOTS('',1,(#15126,#15127),.UNSPECIFIED.,
  .F.,.F.,(2,2),(-0.4,4.7),.PIECEWISE_BEZIER_KNOTS.);
#15126 = CARTESIAN_POINT('',(3.,0.));
#15127 = CARTESIAN_POINT('',(3.,5.1));
#15128 = ( GEOMETRIC_REPRESENTATION_CONTEXT(2) 
PARAMETRIC_REPRESENTATION_CONTEXT() REPRESENTATION_CONTEXT('2D SPACE',''
  ) );
#15129 = ORIENTED_EDGE('',*,*,#15130,.T.);
#15130 = EDGE_CURVE('',#15104,#15131,#15133,.T.);
#15131 = VERTEX_POINT('',#15132);
#15132 = CARTESIAN_POINT('',(-53.73656622558,44.8,0.));
#15133 = SURFACE_CURVE('',#15134,(#15139,#15146),.PCURVE_S1.);
#15134 = CIRCLE('',#15135,4.3);
#15135 = AXIS2_PLACEMENT_3D('',#15136,#15137,#15138);
#15136 = CARTESIAN_POINT('',(-57.,42.,0.));
#15137 = DIRECTION('',(0.,0.,1.));
#15138 = DIRECTION('',(1.,0.,0.));
#15139 = PCURVE('',#14417,#15140);
#15140 = DEFINITIONAL_REPRESENTATION('',(#15141),#15145);
#15141 = CIRCLE('',#15142,4.3);
#15142 = AXIS2_PLACEMENT_2D('',#15143,#15144);
#15143 = CARTESIAN_POINT('',(5.5,89.5));
#15144 = DIRECTION('',(1.,0.));
#15145 = ( GEOMETRIC_REPRESENTATION_CONTEXT(2) 
PARAMETRIC_REPRESENTATION_CONTEXT() REPRESENTATION_CONTEXT('2D SPACE',''
  ) );
#15146 = PCURVE('',#15147,#15152);
#15147 = CYLINDRICAL_SURFACE('',#15148,4.3);
#15148 = AXIS2_PLACEMENT_3D('',#15149,#15150,#15151);
#15149 = CARTESIAN_POINT('',(-57.,42.,-3.));
#15150 = DIRECTION('',(-0.,-0.,-1.));
#15151 = DIRECTION('',(1.,0.,0.));
#15152 = DEFINITIONAL_REPRESENTATION('',(#15153),#15157);
#15153 = LINE('',#15154,#15155);
#15154 = CARTESIAN_POINT('',(-0.,-3.));
#15155 = VECTOR('',#15156,1.);
#15156 = DIRECTION('',(-1.,0.));
#15157 = ( GEOMETRIC_REPRESENTATION_CONTEXT(2) 
PARAMETRIC_REPRESENTATION_CONTEXT() REPRESENTATION_CONTEXT('2D SPACE',''
  ) );
#15158 = ORIENTED_EDGE('',*,*,#15159,.T.);
#15159 = EDGE_CURVE('',#15131,#15160,#15162,.T.);
#15160 = VERTEX_POINT('',#15161);
#15161 = CARTESIAN_POINT('',(53.736566225584,44.8,0.));
#15162 = SURFACE_CURVE('',#15163,(#15167,#15174),.PCURVE_S1.);
#15163 = LINE('',#15164,#15165);
#15164 = CARTESIAN_POINT('',(-59.8,44.8,0.));
#15165 = VECTOR('',#15166,1.);
#15166 = DIRECTION('',(1.,0.,0.));
#15167 = PCURVE('',#14417,#15168);
#15168 = DEFINITIONAL_REPRESENTATION('',(#15169),#15173);
#15169 = LINE('',#15170,#15171);
#15170 = CARTESIAN_POINT('',(2.7,92.3));
#15171 = VECTOR('',#15172,1.);
#15172 = DIRECTION('',(1.,0.));
#15173 = ( GEOMETRIC_REPRESENTATION_CONTEXT(2) 
PARAMETRIC_REPRESENTATION_CONTEXT() REPRESENTATION_CONTEXT('2D SPACE',''
  ) );
#15174 = PCURVE('',#15175,#15180);
#15175 = PLANE('',#15176);
#15176 = AXIS2_PLACEMENT_3D('',#15177,#15178,#15179);
#15177 = CARTESIAN_POINT('',(-59.8,44.8,-2.));
#15178 = DIRECTION('',(0.,1.,0.));
#15179 = DIRECTION('',(0.,0.,1.));
#15180 = DEFINITIONAL_REPRESENTATION('',(#15181),#15185);
#15181 = LINE('',#15182,#15183);
#15182 = CARTESIAN_POINT('',(2.,0.));
#15183 = VECTOR('',#15184,1.);
#15184 = DIRECTION('',(0.,1.));
#15185 = ( GEOMETRIC_REPRESENTATION_CONTEXT(2) 
PARAMETRIC_REPRESENTATION_CONTEXT() REPRESENTATION_CONTEXT('2D SPACE',''
  ) );
#15186 = ORIENTED_EDGE('',*,*,#15187,.T.);
#15187 = EDGE_CURVE('',#15160,#15188,#15190,.T.);
#15188 = VERTEX_POINT('',#15189);
#15189 = CARTESIAN_POINT('',(52.775073965144,42.8,0.));
#15190 = SURFACE_CURVE('',#15191,(#15196,#15203),.PCURVE_S1.);
#15191 = CIRCLE('',#15192,4.3);
#15192 = AXIS2_PLACEMENT_3D('',#15193,#15194,#15195);
#15193 = CARTESIAN_POINT('',(57.,42.,0.));
#15194 = DIRECTION('',(0.,0.,1.));
#15195 = DIRECTION('',(1.,0.,0.));
#15196 = PCURVE('',#14417,#15197);
#15197 = DEFINITIONAL_REPRESENTATION('',(#15198),#15202);
#15198 = CIRCLE('',#15199,4.3);
#15199 = AXIS2_PLACEMENT_2D('',#15200,#15201);
#15200 = CARTESIAN_POINT('',(119.5,89.5));
#15201 = DIRECTION('',(1.,0.));
#15202 = ( GEOMETRIC_REPRESENTATION_CONTEXT(2) 
PARAMETRIC_REPRESENTATION_CONTEXT() REPRESENTATION_CONTEXT('2D SPACE',''
  ) );
#15203 = PCURVE('',#15204,#15209);
#15204 = CYLINDRICAL_SURFACE('',#15205,4.3);
#15205 = AXIS2_PLACEMENT_3D('',#15206,#15207,#15208);
#15206 = CARTESIAN_POINT('',(57.,42.,-3.));
#15207 = DIRECTION('',(-0.,-0.,-1.));
#15208 = DIRECTION('',(1.,0.,0.));
#15209 = DEFINITIONAL_REPRESENTATION('',(#15210),#15214);
#15210 = LINE('',#15211,#15212);
#15211 = CARTESIAN_POINT('',(-0.,-3.));
#15212 = VECTOR('',#15213,1.);
#15213 = DIRECTION('',(-1.,0.));
#15214 = ( GEOMETRIC_REPRESENTATION_CONTEXT(2) 
PARAMETRIC_REPRESENTATION_CONTEXT() REPRESENTATION_CONTEXT('2D SPACE',''
  ) );
#15215 = ORIENTED_EDGE('',*,*,#15216,.T.);
#15216 = EDGE_CURVE('',#15188,#15217,#15219,.T.);
#15217 = VERTEX_POINT('',#15218);
#15218 = CARTESIAN_POINT('',(55.5,42.8,0.));
#15219 = SURFACE_CURVE('',#15220,(#15224,#15231),.PCURVE_S1.);
#15220 = LINE('',#15221,#15222);
#15221 = CARTESIAN_POINT('',(-0.4,42.8,0.));
#15222 = VECTOR('',#15223,1.);
#15223 = DIRECTION('',(1.,0.,0.));
#15224 = PCURVE('',#14417,#15225);
#15225 = DEFINITIONAL_REPRESENTATION('',(#15226),#15230);
#15226 = LINE('',#15227,#15228);
#15227 = CARTESIAN_POINT('',(62.1,90.3));
#15228 = VECTOR('',#15229,1.);
#15229 = DIRECTION('',(1.,0.));
#15230 = ( GEOMETRIC_REPRESENTATION_CONTEXT(2) 
PARAMETRIC_REPRESENTATION_CONTEXT() REPRESENTATION_CONTEXT('2D SPACE',''
  ) );
#15231 = PCURVE('',#15119,#15232);
#15232 = DEFINITIONAL_REPRESENTATION('',(#15233),#15236);
#15233 = B_SPLINE_CURVE_WITH_KNOTS('',1,(#15234,#15235),.UNSPECIFIED.,
  .F.,.F.,(2,2),(53.1,58.2),.PIECEWISE_BEZIER_KNOTS.);
#15234 = CARTESIAN_POINT('',(3.,110.5));
#15235 = CARTESIAN_POINT('',(3.,115.6));
#15236 = ( GEOMETRIC_REPRESENTATION_CONTEXT(2) 
PARAMETRIC_REPRESENTATION_CONTEXT() REPRESENTATION_CONTEXT('2D SPACE',''
  ) );
#15237 = ORIENTED_EDGE('',*,*,#15238,.T.);
#15238 = EDGE_CURVE('',#15217,#15239,#15241,.T.);
#15239 = VERTEX_POINT('',#15240);
#15240 = CARTESIAN_POINT('',(58.7,42.,0.));
#15241 = SURFACE_CURVE('',#15242,(#15247,#15258),.PCURVE_S1.);
#15242 = CIRCLE('',#15243,1.7);
#15243 = AXIS2_PLACEMENT_3D('',#15244,#15245,#15246);
#15244 = CARTESIAN_POINT('',(57.,42.,0.));
#15245 = DIRECTION('',(0.,0.,-1.));
#15246 = DIRECTION('',(1.,0.,0.));
#15247 = PCURVE('',#14417,#15248);
#15248 = DEFINITIONAL_REPRESENTATION('',(#15249),#15257);
#15249 = ( BOUNDED_CURVE() B_SPLINE_CURVE(2,(#15250,#15251,#15252,#15253
    ,#15254,#15255,#15256),.UNSPECIFIED.,.T.,.F.) 
B_SPLINE_CURVE_WITH_KNOTS((1,2,2,2,2,1),(-2.094395102393,0.,
    2.094395102393,4.188790204786,6.28318530718,8.377580409573),
.UNSPECIFIED.) CURVE() GEOMETRIC_REPRESENTATION_ITEM() 
RATIONAL_B_SPLINE_CURVE((1.,0.5,1.,0.5,1.,0.5,1.)) REPRESENTATION_ITEM(
  '') );
#15250 = CARTESIAN_POINT('',(121.2,89.5));
#15251 = CARTESIAN_POINT('',(121.2,86.555513627133));
#15252 = CARTESIAN_POINT('',(118.65,88.027756813566));
#15253 = CARTESIAN_POINT('',(116.1,89.5));
#15254 = CARTESIAN_POINT('',(118.65,90.972243186434));
#15255 = CARTESIAN_POINT('',(121.2,92.444486372867));
#15256 = CARTESIAN_POINT('',(121.2,89.5));
#15257 = ( GEOMETRIC_REPRESENTATION_CONTEXT(2) 
PARAMETRIC_REPRESENTATION_CONTEXT() REPRESENTATION_CONTEXT('2D SPACE',''
  ) );
#15258 = PCURVE('',#14736,#15259);
#15259 = DEFINITIONAL_REPRESENTATION('',(#15260),#15264);
#15260 = LINE('',#15261,#15262);
#15261 = CARTESIAN_POINT('',(-6.28318530718,-3.));
#15262 = VECTOR('',#15263,1.);
#15263 = DIRECTION('',(1.,-0.));
#15264 = ( GEOMETRIC_REPRESENTATION_CONTEXT(2) 
PARAMETRIC_REPRESENTATION_CONTEXT() REPRESENTATION_CONTEXT('2D SPACE',''
  ) );
#15265 = ORIENTED_EDGE('',*,*,#15266,.T.);
#15266 = EDGE_CURVE('',#15239,#15267,#15269,.T.);
#15267 = VERTEX_POINT('',#15268);
#15268 = CARTESIAN_POINT('',(57.8,40.499999999999,0.));
#15269 = SURFACE_CURVE('',#15270,(#15275,#15286),.PCURVE_S1.);
#15270 = CIRCLE('',#15271,1.7);
#15271 = AXIS2_PLACEMENT_3D('',#15272,#15273,#15274);
#15272 = CARTESIAN_POINT('',(57.,42.,0.));
#15273 = DIRECTION('',(0.,0.,-1.));
#15274 = DIRECTION('',(1.,0.,0.));
#15275 = PCURVE('',#14417,#15276);
#15276 = DEFINITIONAL_REPRESENTATION('',(#15277),#15285);
#15277 = ( BOUNDED_CURVE() B_SPLINE_CURVE(2,(#15278,#15279,#15280,#15281
    ,#15282,#15283,#15284),.UNSPECIFIED.,.T.,.F.) 
B_SPLINE_CURVE_WITH_KNOTS((1,2,2,2,2,1),(-2.094395102393,0.,
    2.094395102393,4.188790204786,6.28318530718,8.377580409573),
.UNSPECIFIED.) CURVE() GEOMETRIC_REPRESENTATION_ITEM() 
RATIONAL_B_SPLINE_CURVE((1.,0.5,1.,0.5,1.,0.5,1.)) REPRESENTATION_ITEM(
  '') );
#15278 = CARTESIAN_POINT('',(121.2,89.5));
#15279 = CARTESIAN_POINT('',(121.2,86.555513627133));
#15280 = CARTESIAN_POINT('',(118.65,88.027756813566));
#15281 = CARTESIAN_POINT('',(116.1,89.5));
#15282 = CARTESIAN_POINT('',(118.65,90.972243186434));
#15283 = CARTESIAN_POINT('',(121.2,92.444486372867));
#15284 = CARTESIAN_POINT('',(121.2,89.5));
#15285 = ( GEOMETRIC_REPRESENTATION_CONTEXT(2) 
PARAMETRIC_REPRESENTATION_CONTEXT() REPRESENTATION_CONTEXT('2D SPACE',''
  ) );
#15286 = PCURVE('',#14736,#15287);
#15287 = DEFINITIONAL_REPRESENTATION('',(#15288),#15292);
#15288 = LINE('',#15289,#15290);
#15289 = CARTESIAN_POINT('',(-6.28318530718,-3.));
#15290 = VECTOR('',#15291,1.);
#15291 = DIRECTION('',(1.,-0.));
#15292 = ( GEOMETRIC_REPRESENTATION_CONTEXT(2) 
PARAMETRIC_REPRESENTATION_CONTEXT() REPRESENTATION_CONTEXT('2D SPACE',''
  ) );
#15293 = ORIENTED_EDGE('',*,*,#15294,.T.);
#15294 = EDGE_CURVE('',#15267,#15295,#15297,.T.);
#15295 = VERTEX_POINT('',#15296);
#15296 = CARTESIAN_POINT('',(57.8,37.775073965144,0.));
#15297 = SURFACE_CURVE('',#15298,(#15302,#15309),.PCURVE_S1.);
#15298 = LINE('',#15299,#15300);
#15299 = CARTESIAN_POINT('',(57.8,-0.4,0.));
#15300 = VECTOR('',#15301,1.);
#15301 = DIRECTION('',(0.,-1.,0.));
#15302 = PCURVE('',#14417,#15303);
#15303 = DEFINITIONAL_REPRESENTATION('',(#15304),#15308);
#15304 = LINE('',#15305,#15306);
#15305 = CARTESIAN_POINT('',(120.3,47.1));
#15306 = VECTOR('',#15307,1.);
#15307 = DIRECTION('',(0.,-1.));
#15308 = ( GEOMETRIC_REPRESENTATION_CONTEXT(2) 
PARAMETRIC_REPRESENTATION_CONTEXT() REPRESENTATION_CONTEXT('2D SPACE',''
  ) );
#15309 = PCURVE('',#15310,#15315);
#15310 = PLANE('',#15311);
#15311 = AXIS2_PLACEMENT_3D('',#15312,#15313,#15314);
#15312 = CARTESIAN_POINT('',(57.8,-42.8,-3.));
#15313 = DIRECTION('',(1.,0.,0.));
#15314 = DIRECTION('',(0.,0.,1.));
#15315 = DEFINITIONAL_REPRESENTATION('',(#15316),#15319);
#15316 = B_SPLINE_CURVE_WITH_KNOTS('',1,(#15317,#15318),.UNSPECIFIED.,
  .F.,.F.,(2,2),(-43.2,-38.1),.PIECEWISE_BEZIER_KNOTS.);
#15317 = CARTESIAN_POINT('',(3.,-85.6));
#15318 = CARTESIAN_POINT('',(3.,-80.5));
#15319 = ( GEOMETRIC_REPRESENTATION_CONTEXT(2) 
PARAMETRIC_REPRESENTATION_CONTEXT() REPRESENTATION_CONTEXT('2D SPACE',''
  ) );
#15320 = ORIENTED_EDGE('',*,*,#15321,.T.);
#15321 = EDGE_CURVE('',#15295,#15322,#15324,.T.);
#15322 = VERTEX_POINT('',#15323);
#15323 = CARTESIAN_POINT('',(59.8,38.736566225584,0.));
#15324 = SURFACE_CURVE('',#15325,(#15330,#15337),.PCURVE_S1.);
#15325 = CIRCLE('',#15326,4.3);
#15326 = AXIS2_PLACEMENT_3D('',#15327,#15328,#15329);
#15327 = CARTESIAN_POINT('',(57.,42.,0.));
#15328 = DIRECTION('',(0.,0.,1.));
#15329 = DIRECTION('',(1.,0.,0.));
#15330 = PCURVE('',#14417,#15331);
#15331 = DEFINITIONAL_REPRESENTATION('',(#15332),#15336);
#15332 = CIRCLE('',#15333,4.3);
#15333 = AXIS2_PLACEMENT_2D('',#15334,#15335);
#15334 = CARTESIAN_POINT('',(119.5,89.5));
#15335 = DIRECTION('',(1.,0.));
#15336 = ( GEOMETRIC_REPRESENTATION_CONTEXT(2) 
PARAMETRIC_REPRESENTATION_CONTEXT() REPRESENTATION_CONTEXT('2D SPACE',''
  ) );
#15337 = PCURVE('',#15338,#15343);
#15338 = CYLINDRICAL_SURFACE('',#15339,4.3);
#15339 = AXIS2_PLACEMENT_3D('',#15340,#15341,#15342);
#15340 = CARTESIAN_POINT('',(57.,42.,-3.));
#15341 = DIRECTION('',(-0.,-0.,-1.));
#15342 = DIRECTION('',(1.,0.,0.));
#15343 = DEFINITIONAL_REPRESENTATION('',(#15344),#15348);
#15344 = LINE('',#15345,#15346);
#15345 = CARTESIAN_POINT('',(-0.,-3.));
#15346 = VECTOR('',#15347,1.);
#15347 = DIRECTION('',(-1.,0.));
#15348 = ( GEOMETRIC_REPRESENTATION_CONTEXT(2) 
PARAMETRIC_REPRESENTATION_CONTEXT() REPRESENTATION_CONTEXT('2D SPACE',''
  ) );
#15349 = ORIENTED_EDGE('',*,*,#15350,.F.);
#15350 = EDGE_CURVE('',#15351,#15322,#15353,.T.);
#15351 = VERTEX_POINT('',#15352);
#15352 = CARTESIAN_POINT('',(59.8,-38.73656622558,0.));
#15353 = SURFACE_CURVE('',#15354,(#15358,#15365),.PCURVE_S1.);
#15354 = LINE('',#15355,#15356);
#15355 = CARTESIAN_POINT('',(59.8,-44.8,0.));
#15356 = VECTOR('',#15357,1.);
#15357 = DIRECTION('',(0.,1.,0.));
#15358 = PCURVE('',#14417,#15359);
#15359 = DEFINITIONAL_REPRESENTATION('',(#15360),#15364);
#15360 = LINE('',#15361,#15362);
#15361 = CARTESIAN_POINT('',(122.3,2.7));
#15362 = VECTOR('',#15363,1.);
#15363 = DIRECTION('',(0.,1.));
#15364 = ( GEOMETRIC_REPRESENTATION_CONTEXT(2) 
PARAMETRIC_REPRESENTATION_CONTEXT() REPRESENTATION_CONTEXT('2D SPACE',''
  ) );
#15365 = PCURVE('',#15366,#15371);
#15366 = PLANE('',#15367);
#15367 = AXIS2_PLACEMENT_3D('',#15368,#15369,#15370);
#15368 = CARTESIAN_POINT('',(59.8,-44.8,-2.));
#15369 = DIRECTION('',(1.,0.,0.));
#15370 = DIRECTION('',(0.,0.,1.));
#15371 = DEFINITIONAL_REPRESENTATION('',(#15372),#15376);
#15372 = LINE('',#15373,#15374);
#15373 = CARTESIAN_POINT('',(2.,0.));
#15374 = VECTOR('',#15375,1.);
#15375 = DIRECTION('',(0.,-1.));
#15376 = ( GEOMETRIC_REPRESENTATION_CONTEXT(2) 
PARAMETRIC_REPRESENTATION_CONTEXT() REPRESENTATION_CONTEXT('2D SPACE',''
  ) );
#15377 = ORIENTED_EDGE('',*,*,#15378,.T.);
#15378 = EDGE_CURVE('',#15351,#15379,#15381,.T.);
#15379 = VERTEX_POINT('',#15380);
#15380 = CARTESIAN_POINT('',(57.8,-37.77507396514,0.));
#15381 = SURFACE_CURVE('',#15382,(#15387,#15394),.PCURVE_S1.);
#15382 = CIRCLE('',#15383,4.3);
#15383 = AXIS2_PLACEMENT_3D('',#15384,#15385,#15386);
#15384 = CARTESIAN_POINT('',(57.,-42.,0.));
#15385 = DIRECTION('',(0.,0.,1.));
#15386 = DIRECTION('',(1.,0.,0.));
#15387 = PCURVE('',#14417,#15388);
#15388 = DEFINITIONAL_REPRESENTATION('',(#15389),#15393);
#15389 = CIRCLE('',#15390,4.3);
#15390 = AXIS2_PLACEMENT_2D('',#15391,#15392);
#15391 = CARTESIAN_POINT('',(119.5,5.5));
#15392 = DIRECTION('',(1.,0.));
#15393 = ( GEOMETRIC_REPRESENTATION_CONTEXT(2) 
PARAMETRIC_REPRESENTATION_CONTEXT() REPRESENTATION_CONTEXT('2D SPACE',''
  ) );
#15394 = PCURVE('',#15395,#15400);
#15395 = CYLINDRICAL_SURFACE('',#15396,4.3);
#15396 = AXIS2_PLACEMENT_3D('',#15397,#15398,#15399);
#15397 = CARTESIAN_POINT('',(57.,-42.,-3.));
#15398 = DIRECTION('',(-0.,-0.,-1.));
#15399 = DIRECTION('',(1.,0.,0.));
#15400 = DEFINITIONAL_REPRESENTATION('',(#15401),#15405);
#15401 = LINE('',#15402,#15403);
#15402 = CARTESIAN_POINT('',(-0.,-3.));
#15403 = VECTOR('',#15404,1.);
#15404 = DIRECTION('',(-1.,0.));
#15405 = ( GEOMETRIC_REPRESENTATION_CONTEXT(2) 
PARAMETRIC_REPRESENTATION_CONTEXT() REPRESENTATION_CONTEXT('2D SPACE',''
  ) );
#15406 = ORIENTED_EDGE('',*,*,#15407,.T.);
#15407 = EDGE_CURVE('',#15379,#15408,#15410,.T.);
#15408 = VERTEX_POINT('',#15409);
#15409 = CARTESIAN_POINT('',(57.8,-40.5,0.));
#15410 = SURFACE_CURVE('',#15411,(#15415,#15422),.PCURVE_S1.);
#15411 = LINE('',#15412,#15413);
#15412 = CARTESIAN_POINT('',(57.8,-42.4,0.));
#15413 = VECTOR('',#15414,1.);
#15414 = DIRECTION('',(0.,-1.,0.));
#15415 = PCURVE('',#14417,#15416);
#15416 = DEFINITIONAL_REPRESENTATION('',(#15417),#15421);
#15417 = LINE('',#15418,#15419);
#15418 = CARTESIAN_POINT('',(120.3,5.1));
#15419 = VECTOR('',#15420,1.);
#15420 = DIRECTION('',(0.,-1.));
#15421 = ( GEOMETRIC_REPRESENTATION_CONTEXT(2) 
PARAMETRIC_REPRESENTATION_CONTEXT() REPRESENTATION_CONTEXT('2D SPACE',''
  ) );
#15422 = PCURVE('',#15310,#15423);
#15423 = DEFINITIONAL_REPRESENTATION('',(#15424),#15427);
#15424 = B_SPLINE_CURVE_WITH_KNOTS('',1,(#15425,#15426),.UNSPECIFIED.,
  .F.,.F.,(2,2),(-4.7,0.4),.PIECEWISE_BEZIER_KNOTS.);
#15425 = CARTESIAN_POINT('',(3.,-5.1));
#15426 = CARTESIAN_POINT('',(3.,0.));
#15427 = ( GEOMETRIC_REPRESENTATION_CONTEXT(2) 
PARAMETRIC_REPRESENTATION_CONTEXT() REPRESENTATION_CONTEXT('2D SPACE',''
  ) );
#15428 = ORIENTED_EDGE('',*,*,#15429,.T.);
#15429 = EDGE_CURVE('',#15408,#15430,#15432,.T.);
#15430 = VERTEX_POINT('',#15431);
#15431 = CARTESIAN_POINT('',(58.7,-42.,0.));
#15432 = SURFACE_CURVE('',#15433,(#15438,#15449),.PCURVE_S1.);
#15433 = CIRCLE('',#15434,1.7);
#15434 = AXIS2_PLACEMENT_3D('',#15435,#15436,#15437);
#15435 = CARTESIAN_POINT('',(57.,-42.,0.));
#15436 = DIRECTION('',(0.,0.,-1.));
#15437 = DIRECTION('',(1.,0.,0.));
#15438 = PCURVE('',#14417,#15439);
#15439 = DEFINITIONAL_REPRESENTATION('',(#15440),#15448);
#15440 = ( BOUNDED_CURVE() B_SPLINE_CURVE(2,(#15441,#15442,#15443,#15444
    ,#15445,#15446,#15447),.UNSPECIFIED.,.T.,.F.) 
B_SPLINE_CURVE_WITH_KNOTS((1,2,2,2,2,1),(-2.094395102393,0.,
    2.094395102393,4.188790204786,6.28318530718,8.377580409573),
.UNSPECIFIED.) CURVE() GEOMETRIC_REPRESENTATION_ITEM() 
RATIONAL_B_SPLINE_CURVE((1.,0.5,1.,0.5,1.,0.5,1.)) REPRESENTATION_ITEM(
  '') );
#15441 = CARTESIAN_POINT('',(121.2,5.5));
#15442 = CARTESIAN_POINT('',(121.2,2.555513627133));
#15443 = CARTESIAN_POINT('',(118.65,4.027756813566));
#15444 = CARTESIAN_POINT('',(116.1,5.5));
#15445 = CARTESIAN_POINT('',(118.65,6.972243186434));
#15446 = CARTESIAN_POINT('',(121.2,8.444486372867));
#15447 = CARTESIAN_POINT('',(121.2,5.5));
#15448 = ( GEOMETRIC_REPRESENTATION_CONTEXT(2) 
PARAMETRIC_REPRESENTATION_CONTEXT() REPRESENTATION_CONTEXT('2D SPACE',''
  ) );
#15449 = PCURVE('',#14666,#15450);
#15450 = DEFINITIONAL_REPRESENTATION('',(#15451),#15455);
#15451 = LINE('',#15452,#15453);
#15452 = CARTESIAN_POINT('',(-6.28318530718,-3.));
#15453 = VECTOR('',#15454,1.);
#15454 = DIRECTION('',(1.,-0.));
#15455 = ( GEOMETRIC_REPRESENTATION_CONTEXT(2) 
PARAMETRIC_REPRESENTATION_CONTEXT() REPRESENTATION_CONTEXT('2D SPACE',''
  ) );
#15456 = ORIENTED_EDGE('',*,*,#15457,.T.);
#15457 = EDGE_CURVE('',#15430,#15458,#15460,.T.);
#15458 = VERTEX_POINT('',#15459);
#15459 = CARTESIAN_POINT('',(55.5,-42.8,0.));
#15460 = SURFACE_CURVE('',#15461,(#15466,#15477),.PCURVE_S1.);
#15461 = CIRCLE('',#15462,1.7);
#15462 = AXIS2_PLACEMENT_3D('',#15463,#15464,#15465);
#15463 = CARTESIAN_POINT('',(57.,-42.,0.));
#15464 = DIRECTION('',(0.,0.,-1.));
#15465 = DIRECTION('',(1.,0.,0.));
#15466 = PCURVE('',#14417,#15467);
#15467 = DEFINITIONAL_REPRESENTATION('',(#15468),#15476);
#15468 = ( BOUNDED_CURVE() B_SPLINE_CURVE(2,(#15469,#15470,#15471,#15472
    ,#15473,#15474,#15475),.UNSPECIFIED.,.T.,.F.) 
B_SPLINE_CURVE_WITH_KNOTS((1,2,2,2,2,1),(-2.094395102393,0.,
    2.094395102393,4.188790204786,6.28318530718,8.377580409573),
.UNSPECIFIED.) CURVE() GEOMETRIC_REPRESENTATION_ITEM() 
RATIONAL_B_SPLINE_CURVE((1.,0.5,1.,0.5,1.,0.5,1.)) REPRESENTATION_ITEM(
  '') );
#15469 = CARTESIAN_POINT('',(121.2,5.5));
#15470 = CARTESIAN_POINT('',(121.2,2.555513627133));
#15471 = CARTESIAN_POINT('',(118.65,4.027756813566));
#15472 = CARTESIAN_POINT('',(116.1,5.5));
#15473 = CARTESIAN_POINT('',(118.65,6.972243186434));
#15474 = CARTESIAN_POINT('',(121.2,8.444486372867));
#15475 = CARTESIAN_POINT('',(121.2,5.5));
#15476 = ( GEOMETRIC_REPRESENTATION_CONTEXT(2) 
PARAMETRIC_REPRESENTATION_CONTEXT() REPRESENTATION_CONTEXT('2D SPACE',''
  ) );
#15477 = PCURVE('',#14666,#15478);
#15478 = DEFINITIONAL_REPRESENTATION('',(#15479),#15483);
#15479 = LINE('',#15480,#15481);
#15480 = CARTESIAN_POINT('',(-6.28318530718,-3.));
#15481 = VECTOR('',#15482,1.);
#15482 = DIRECTION('',(1.,-0.));
#15483 = ( GEOMETRIC_REPRESENTATION_CONTEXT(2) 
PARAMETRIC_REPRESENTATION_CONTEXT() REPRESENTATION_CONTEXT('2D SPACE',''
  ) );
#15484 = ORIENTED_EDGE('',*,*,#15485,.F.);
#15485 = EDGE_CURVE('',#15486,#15458,#15488,.T.);
#15486 = VERTEX_POINT('',#15487);
#15487 = CARTESIAN_POINT('',(52.775073965144,-42.8,0.));
#15488 = SURFACE_CURVE('',#15489,(#15493,#15500),.PCURVE_S1.);
#15489 = LINE('',#15490,#15491);
#15490 = CARTESIAN_POINT('',(-0.4,-42.8,0.));
#15491 = VECTOR('',#15492,1.);
#15492 = DIRECTION('',(1.,0.,0.));
#15493 = PCURVE('',#14417,#15494);
#15494 = DEFINITIONAL_REPRESENTATION('',(#15495),#15499);
#15495 = LINE('',#15496,#15497);
#15496 = CARTESIAN_POINT('',(62.1,4.7));
#15497 = VECTOR('',#15498,1.);
#15498 = DIRECTION('',(1.,0.));
#15499 = ( GEOMETRIC_REPRESENTATION_CONTEXT(2) 
PARAMETRIC_REPRESENTATION_CONTEXT() REPRESENTATION_CONTEXT('2D SPACE',''
  ) );
#15500 = PCURVE('',#14901,#15501);
#15501 = DEFINITIONAL_REPRESENTATION('',(#15502),#15505);
#15502 = B_SPLINE_CURVE_WITH_KNOTS('',1,(#15503,#15504),.UNSPECIFIED.,
  .F.,.F.,(2,2),(53.1,58.2),.PIECEWISE_BEZIER_KNOTS.);
#15503 = CARTESIAN_POINT('',(3.,110.5));
#15504 = CARTESIAN_POINT('',(3.,115.6));
#15505 = ( GEOMETRIC_REPRESENTATION_CONTEXT(2) 
PARAMETRIC_REPRESENTATION_CONTEXT() REPRESENTATION_CONTEXT('2D SPACE',''
  ) );
#15506 = ORIENTED_EDGE('',*,*,#15507,.T.);
#15507 = EDGE_CURVE('',#15486,#14829,#15508,.T.);
#15508 = SURFACE_CURVE('',#15509,(#15514,#15521),.PCURVE_S1.);
#15509 = CIRCLE('',#15510,4.3);
#15510 = AXIS2_PLACEMENT_3D('',#15511,#15512,#15513);
#15511 = CARTESIAN_POINT('',(57.,-42.,0.));
#15512 = DIRECTION('',(0.,0.,1.));
#15513 = DIRECTION('',(1.,0.,0.));
#15514 = PCURVE('',#14417,#15515);
#15515 = DEFINITIONAL_REPRESENTATION('',(#15516),#15520);
#15516 = CIRCLE('',#15517,4.3);
#15517 = AXIS2_PLACEMENT_2D('',#15518,#15519);
#15518 = CARTESIAN_POINT('',(119.5,5.5));
#15519 = DIRECTION('',(1.,0.));
#15520 = ( GEOMETRIC_REPRESENTATION_CONTEXT(2) 
PARAMETRIC_REPRESENTATION_CONTEXT() REPRESENTATION_CONTEXT('2D SPACE',''
  ) );
#15521 = PCURVE('',#15522,#15527);
#15522 = CYLINDRICAL_SURFACE('',#15523,4.3);
#15523 = AXIS2_PLACEMENT_3D('',#15524,#15525,#15526);
#15524 = CARTESIAN_POINT('',(57.,-42.,-3.));
#15525 = DIRECTION('',(-0.,-0.,-1.));
#15526 = DIRECTION('',(1.,0.,0.));
#15527 = DEFINITIONAL_REPRESENTATION('',(#15528),#15532);
#15528 = LINE('',#15529,#15530);
#15529 = CARTESIAN_POINT('',(-0.,-3.));
#15530 = VECTOR('',#15531,1.);
#15531 = DIRECTION('',(-1.,0.));
#15532 = ( GEOMETRIC_REPRESENTATION_CONTEXT(2) 
PARAMETRIC_REPRESENTATION_CONTEXT() REPRESENTATION_CONTEXT('2D SPACE',''
  ) );
#15533 = ADVANCED_FACE('',(#15534),#14547,.T.);
#15534 = FACE_BOUND('',#15535,.T.);
#15535 = EDGE_LOOP('',(#15536,#15537,#15538,#15539));
#15536 = ORIENTED_EDGE('',*,*,#14533,.F.);
#15537 = ORIENTED_EDGE('',*,*,#14802,.T.);
#15538 = ORIENTED_EDGE('',*,*,#14776,.T.);
#15539 = ORIENTED_EDGE('',*,*,#14564,.F.);
#15540 = ADVANCED_FACE('',(#15541),#14631,.F.);
#15541 = FACE_BOUND('',#15542,.T.);
#15542 = EDGE_LOOP('',(#15543,#15578,#15599,#15600,#15601,#15629,#15648,
    #15649));
#15543 = ORIENTED_EDGE('',*,*,#15544,.T.);
#15544 = EDGE_CURVE('',#15545,#15547,#15549,.T.);
#15545 = VERTEX_POINT('',#15546);
#15546 = CARTESIAN_POINT('',(-57.8,-40.5,1.));
#15547 = VERTEX_POINT('',#15548);
#15548 = CARTESIAN_POINT('',(-55.3,-42.,1.));
#15549 = SURFACE_CURVE('',#15550,(#15555,#15562),.PCURVE_S1.);
#15550 = CIRCLE('',#15551,1.7);
#15551 = AXIS2_PLACEMENT_3D('',#15552,#15553,#15554);
#15552 = CARTESIAN_POINT('',(-57.,-42.,1.));
#15553 = DIRECTION('',(0.,0.,-1.));
#15554 = DIRECTION('',(1.,0.,0.));
#15555 = PCURVE('',#14631,#15556);
#15556 = DEFINITIONAL_REPRESENTATION('',(#15557),#15561);
#15557 = LINE('',#15558,#15559);
#15558 = CARTESIAN_POINT('',(-6.28318530718,-4.));
#15559 = VECTOR('',#15560,1.);
#15560 = DIRECTION('',(1.,-0.));
#15561 = ( GEOMETRIC_REPRESENTATION_CONTEXT(2) 
PARAMETRIC_REPRESENTATION_CONTEXT() REPRESENTATION_CONTEXT('2D SPACE',''
  ) );
#15562 = PCURVE('',#15563,#15568);
#15563 = PLANE('',#15564);
#15564 = AXIS2_PLACEMENT_3D('',#15565,#15566,#15567);
#15565 = CARTESIAN_POINT('',(-57.8,-42.8,1.));
#15566 = DIRECTION('',(0.,0.,1.));
#15567 = DIRECTION('',(1.,0.,0.));
#15568 = DEFINITIONAL_REPRESENTATION('',(#15569),#15577);
#15569 = ( BOUNDED_CURVE() B_SPLINE_CURVE(2,(#15570,#15571,#15572,#15573
    ,#15574,#15575,#15576),.UNSPECIFIED.,.T.,.F.) 
B_SPLINE_CURVE_WITH_KNOTS((1,2,2,2,2,1),(-2.094395102393,0.,
    2.094395102393,4.188790204786,6.28318530718,8.377580409573),
.UNSPECIFIED.) CURVE() GEOMETRIC_REPRESENTATION_ITEM() 
RATIONAL_B_SPLINE_CURVE((1.,0.5,1.,0.5,1.,0.5,1.)) REPRESENTATION_ITEM(
  '') );
#15570 = CARTESIAN_POINT('',(2.5,0.8));
#15571 = CARTESIAN_POINT('',(2.5,-2.144486372867));
#15572 = CARTESIAN_POINT('',(-5.E-02,-0.672243186434));
#15573 = CARTESIAN_POINT('',(-2.6,0.8));
#15574 = CARTESIAN_POINT('',(-5.E-02,2.272243186434));
#15575 = CARTESIAN_POINT('',(2.5,3.744486372867));
#15576 = CARTESIAN_POINT('',(2.5,0.8));
#15577 = ( GEOMETRIC_REPRESENTATION_CONTEXT(2) 
PARAMETRIC_REPRESENTATION_CONTEXT() REPRESENTATION_CONTEXT('2D SPACE',''
  ) );
#15578 = ORIENTED_EDGE('',*,*,#15579,.T.);
#15579 = EDGE_CURVE('',#15547,#14611,#15580,.T.);
#15580 = SEAM_CURVE('',#15581,(#15585,#15592),.PCURVE_S1.);
#15581 = LINE('',#15582,#15583);
#15582 = CARTESIAN_POINT('',(-55.3,-42.,-3.));
#15583 = VECTOR('',#15584,1.);
#15584 = DIRECTION('',(0.,0.,1.));
#15585 = PCURVE('',#14631,#15586);
#15586 = DEFINITIONAL_REPRESENTATION('',(#15587),#15591);
#15587 = LINE('',#15588,#15589);
#15588 = CARTESIAN_POINT('',(-6.28318530718,0.));
#15589 = VECTOR('',#15590,1.);
#15590 = DIRECTION('',(-0.,-1.));
#15591 = ( GEOMETRIC_REPRESENTATION_CONTEXT(2) 
PARAMETRIC_REPRESENTATION_CONTEXT() REPRESENTATION_CONTEXT('2D SPACE',''
  ) );
#15592 = PCURVE('',#14631,#15593);
#15593 = DEFINITIONAL_REPRESENTATION('',(#15594),#15598);
#15594 = LINE('',#15595,#15596);
#15595 = CARTESIAN_POINT('',(-0.,0.));
#15596 = VECTOR('',#15597,1.);
#15597 = DIRECTION('',(-0.,-1.));
#15598 = ( GEOMETRIC_REPRESENTATION_CONTEXT(2) 
PARAMETRIC_REPRESENTATION_CONTEXT() REPRESENTATION_CONTEXT('2D SPACE',''
  ) );
#15599 = ORIENTED_EDGE('',*,*,#14610,.F.);
#15600 = ORIENTED_EDGE('',*,*,#15579,.F.);
#15601 = ORIENTED_EDGE('',*,*,#15602,.T.);
#15602 = EDGE_CURVE('',#15547,#15603,#15605,.T.);
#15603 = VERTEX_POINT('',#15604);
#15604 = CARTESIAN_POINT('',(-55.5,-42.8,1.));
#15605 = SURFACE_CURVE('',#15606,(#15611,#15618),.PCURVE_S1.);
#15606 = CIRCLE('',#15607,1.7);
#15607 = AXIS2_PLACEMENT_3D('',#15608,#15609,#15610);
#15608 = CARTESIAN_POINT('',(-57.,-42.,1.));
#15609 = DIRECTION('',(0.,0.,-1.));
#15610 = DIRECTION('',(1.,0.,0.));
#15611 = PCURVE('',#14631,#15612);
#15612 = DEFINITIONAL_REPRESENTATION('',(#15613),#15617);
#15613 = LINE('',#15614,#15615);
#15614 = CARTESIAN_POINT('',(-6.28318530718,-4.));
#15615 = VECTOR('',#15616,1.);
#15616 = DIRECTION('',(1.,-0.));
#15617 = ( GEOMETRIC_REPRESENTATION_CONTEXT(2) 
PARAMETRIC_REPRESENTATION_CONTEXT() REPRESENTATION_CONTEXT('2D SPACE',''
  ) );
#15618 = PCURVE('',#15563,#15619);
#15619 = DEFINITIONAL_REPRESENTATION('',(#15620),#15628);
#15620 = ( BOUNDED_CURVE() B_SPLINE_CURVE(2,(#15621,#15622,#15623,#15624
    ,#15625,#15626,#15627),.UNSPECIFIED.,.T.,.F.) 
B_SPLINE_CURVE_WITH_KNOTS((1,2,2,2,2,1),(-2.094395102393,0.,
    2.094395102393,4.188790204786,6.28318530718,8.377580409573),
.UNSPECIFIED.) CURVE() GEOMETRIC_REPRESENTATION_ITEM() 
RATIONAL_B_SPLINE_CURVE((1.,0.5,1.,0.5,1.,0.5,1.)) REPRESENTATION_ITEM(
  '') );
#15621 = CARTESIAN_POINT('',(2.5,0.8));
#15622 = CARTESIAN_POINT('',(2.5,-2.144486372867));
#15623 = CARTESIAN_POINT('',(-5.E-02,-0.672243186434));
#15624 = CARTESIAN_POINT('',(-2.6,0.8));
#15625 = CARTESIAN_POINT('',(-5.E-02,2.272243186434));
#15626 = CARTESIAN_POINT('',(2.5,3.744486372867));
#15627 = CARTESIAN_POINT('',(2.5,0.8));
#15628 = ( GEOMETRIC_REPRESENTATION_CONTEXT(2) 
PARAMETRIC_REPRESENTATION_CONTEXT() REPRESENTATION_CONTEXT('2D SPACE',''
  ) );
#15629 = ORIENTED_EDGE('',*,*,#15630,.T.);
#15630 = EDGE_CURVE('',#15603,#14886,#15631,.T.);
#15631 = SURFACE_CURVE('',#15632,(#15636,#15642),.PCURVE_S1.);
#15632 = LINE('',#15633,#15634);
#15633 = CARTESIAN_POINT('',(-55.5,-42.8,-3.));
#15634 = VECTOR('',#15635,1.);
#15635 = DIRECTION('',(-0.,-0.,-1.));
#15636 = PCURVE('',#14631,#15637);
#15637 = DEFINITIONAL_REPRESENTATION('',(#15638),#15641);
#15638 = B_SPLINE_CURVE_WITH_KNOTS('',1,(#15639,#15640),.UNSPECIFIED.,
  .F.,.F.,(2,2),(-4.3,-0.7),.PIECEWISE_BEZIER_KNOTS.);
#15639 = CARTESIAN_POINT('',(-5.793227980926,-4.3));
#15640 = CARTESIAN_POINT('',(-5.793227980926,-0.7));
#15641 = ( GEOMETRIC_REPRESENTATION_CONTEXT(2) 
PARAMETRIC_REPRESENTATION_CONTEXT() REPRESENTATION_CONTEXT('2D SPACE',''
  ) );
#15642 = PCURVE('',#14901,#15643);
#15643 = DEFINITIONAL_REPRESENTATION('',(#15644),#15647);
#15644 = B_SPLINE_CURVE_WITH_KNOTS('',1,(#15645,#15646),.UNSPECIFIED.,
  .F.,.F.,(2,2),(-4.3,-0.7),.PIECEWISE_BEZIER_KNOTS.);
#15645 = CARTESIAN_POINT('',(4.3,2.3));
#15646 = CARTESIAN_POINT('',(0.7,2.3));
#15647 = ( GEOMETRIC_REPRESENTATION_CONTEXT(2) 
PARAMETRIC_REPRESENTATION_CONTEXT() REPRESENTATION_CONTEXT('2D SPACE',''
  ) );
#15648 = ORIENTED_EDGE('',*,*,#14912,.T.);
#15649 = ORIENTED_EDGE('',*,*,#15650,.F.);
#15650 = EDGE_CURVE('',#15545,#14913,#15651,.T.);
#15651 = SURFACE_CURVE('',#15652,(#15656,#15662),.PCURVE_S1.);
#15652 = LINE('',#15653,#15654);
#15653 = CARTESIAN_POINT('',(-57.8,-40.5,-3.));
#15654 = VECTOR('',#15655,1.);
#15655 = DIRECTION('',(-0.,-0.,-1.));
#15656 = PCURVE('',#14631,#15657);
#15657 = DEFINITIONAL_REPRESENTATION('',(#15658),#15661);
#15658 = B_SPLINE_CURVE_WITH_KNOTS('',1,(#15659,#15660),.UNSPECIFIED.,
  .F.,.F.,(2,2),(-4.3,-0.7),.PIECEWISE_BEZIER_KNOTS.);
#15659 = CARTESIAN_POINT('',(-2.060753653049,-4.3));
#15660 = CARTESIAN_POINT('',(-2.060753653049,-0.7));
#15661 = ( GEOMETRIC_REPRESENTATION_CONTEXT(2) 
PARAMETRIC_REPRESENTATION_CONTEXT() REPRESENTATION_CONTEXT('2D SPACE',''
  ) );
#15662 = PCURVE('',#14956,#15663);
#15663 = DEFINITIONAL_REPRESENTATION('',(#15664),#15667);
#15664 = B_SPLINE_CURVE_WITH_KNOTS('',1,(#15665,#15666),.UNSPECIFIED.,
  .F.,.F.,(2,2),(-4.3,-0.7),.PIECEWISE_BEZIER_KNOTS.);
#15665 = CARTESIAN_POINT('',(4.3,-2.3));
#15666 = CARTESIAN_POINT('',(0.7,-2.3));
#15667 = ( GEOMETRIC_REPRESENTATION_CONTEXT(2) 
PARAMETRIC_REPRESENTATION_CONTEXT() REPRESENTATION_CONTEXT('2D SPACE',''
  ) );
#15668 = ADVANCED_FACE('',(#15669),#14666,.F.);
#15669 = FACE_BOUND('',#15670,.T.);
#15670 = EDGE_LOOP('',(#15671,#15672,#15693,#15694,#15695,#15696,#15717,
    #15745));
#15671 = ORIENTED_EDGE('',*,*,#15429,.T.);
#15672 = ORIENTED_EDGE('',*,*,#15673,.T.);
#15673 = EDGE_CURVE('',#15430,#14646,#15674,.T.);
#15674 = SEAM_CURVE('',#15675,(#15679,#15686),.PCURVE_S1.);
#15675 = LINE('',#15676,#15677);
#15676 = CARTESIAN_POINT('',(58.7,-42.,-3.));
#15677 = VECTOR('',#15678,1.);
#15678 = DIRECTION('',(0.,0.,1.));
#15679 = PCURVE('',#14666,#15680);
#15680 = DEFINITIONAL_REPRESENTATION('',(#15681),#15685);
#15681 = LINE('',#15682,#15683);
#15682 = CARTESIAN_POINT('',(-6.28318530718,0.));
#15683 = VECTOR('',#15684,1.);
#15684 = DIRECTION('',(-0.,-1.));
#15685 = ( GEOMETRIC_REPRESENTATION_CONTEXT(2) 
PARAMETRIC_REPRESENTATION_CONTEXT() REPRESENTATION_CONTEXT('2D SPACE',''
  ) );
#15686 = PCURVE('',#14666,#15687);
#15687 = DEFINITIONAL_REPRESENTATION('',(#15688),#15692);
#15688 = LINE('',#15689,#15690);
#15689 = CARTESIAN_POINT('',(-0.,0.));
#15690 = VECTOR('',#15691,1.);
#15691 = DIRECTION('',(-0.,-1.));
#15692 = ( GEOMETRIC_REPRESENTATION_CONTEXT(2) 
PARAMETRIC_REPRESENTATION_CONTEXT() REPRESENTATION_CONTEXT('2D SPACE',''
  ) );
#15693 = ORIENTED_EDGE('',*,*,#14645,.F.);
#15694 = ORIENTED_EDGE('',*,*,#15673,.F.);
#15695 = ORIENTED_EDGE('',*,*,#15457,.T.);
#15696 = ORIENTED_EDGE('',*,*,#15697,.F.);
#15697 = EDGE_CURVE('',#15698,#15458,#15700,.T.);
#15698 = VERTEX_POINT('',#15699);
#15699 = CARTESIAN_POINT('',(55.5,-42.8,1.));
#15700 = SURFACE_CURVE('',#15701,(#15705,#15711),.PCURVE_S1.);
#15701 = LINE('',#15702,#15703);
#15702 = CARTESIAN_POINT('',(55.5,-42.8,-3.));
#15703 = VECTOR('',#15704,1.);
#15704 = DIRECTION('',(-0.,-0.,-1.));
#15705 = PCURVE('',#14666,#15706);
#15706 = DEFINITIONAL_REPRESENTATION('',(#15707),#15710);
#15707 = B_SPLINE_CURVE_WITH_KNOTS('',1,(#15708,#15709),.UNSPECIFIED.,
  .F.,.F.,(2,2),(-4.3,-0.7),.PIECEWISE_BEZIER_KNOTS.);
#15708 = CARTESIAN_POINT('',(-3.631549979844,-4.3));
#15709 = CARTESIAN_POINT('',(-3.631549979844,-0.7));
#15710 = ( GEOMETRIC_REPRESENTATION_CONTEXT(2) 
PARAMETRIC_REPRESENTATION_CONTEXT() REPRESENTATION_CONTEXT('2D SPACE',''
  ) );
#15711 = PCURVE('',#14901,#15712);
#15712 = DEFINITIONAL_REPRESENTATION('',(#15713),#15716);
#15713 = B_SPLINE_CURVE_WITH_KNOTS('',1,(#15714,#15715),.UNSPECIFIED.,
  .F.,.F.,(2,2),(-4.3,-0.7),.PIECEWISE_BEZIER_KNOTS.);
#15714 = CARTESIAN_POINT('',(4.3,113.3));
#15715 = CARTESIAN_POINT('',(0.7,113.3));
#15716 = ( GEOMETRIC_REPRESENTATION_CONTEXT(2) 
PARAMETRIC_REPRESENTATION_CONTEXT() REPRESENTATION_CONTEXT('2D SPACE',''
  ) );
#15717 = ORIENTED_EDGE('',*,*,#15718,.T.);
#15718 = EDGE_CURVE('',#15698,#15719,#15721,.T.);
#15719 = VERTEX_POINT('',#15720);
#15720 = CARTESIAN_POINT('',(57.8,-40.5,1.));
#15721 = SURFACE_CURVE('',#15722,(#15727,#15734),.PCURVE_S1.);
#15722 = CIRCLE('',#15723,1.7);
#15723 = AXIS2_PLACEMENT_3D('',#15724,#15725,#15726);
#15724 = CARTESIAN_POINT('',(57.,-42.,1.));
#15725 = DIRECTION('',(0.,0.,-1.));
#15726 = DIRECTION('',(1.,0.,0.));
#15727 = PCURVE('',#14666,#15728);
#15728 = DEFINITIONAL_REPRESENTATION('',(#15729),#15733);
#15729 = LINE('',#15730,#15731);
#15730 = CARTESIAN_POINT('',(-6.28318530718,-4.));
#15731 = VECTOR('',#15732,1.);
#15732 = DIRECTION('',(1.,-0.));
#15733 = ( GEOMETRIC_REPRESENTATION_CONTEXT(2) 
PARAMETRIC_REPRESENTATION_CONTEXT() REPRESENTATION_CONTEXT('2D SPACE',''
  ) );
#15734 = PCURVE('',#15563,#15735);
#15735 = DEFINITIONAL_REPRESENTATION('',(#15736),#15744);
#15736 = ( BOUNDED_CURVE() B_SPLINE_CURVE(2,(#15737,#15738,#15739,#15740
    ,#15741,#15742,#15743),.UNSPECIFIED.,.T.,.F.) 
B_SPLINE_CURVE_WITH_KNOTS((1,2,2,2,2,1),(-2.094395102393,0.,
    2.094395102393,4.188790204786,6.28318530718,8.377580409573),
.UNSPECIFIED.) CURVE() GEOMETRIC_REPRESENTATION_ITEM() 
RATIONAL_B_SPLINE_CURVE((1.,0.5,1.,0.5,1.,0.5,1.)) REPRESENTATION_ITEM(
  '') );
#15737 = CARTESIAN_POINT('',(116.5,0.8));
#15738 = CARTESIAN_POINT('',(116.5,-2.144486372867));
#15739 = CARTESIAN_POINT('',(113.95,-0.672243186434));
#15740 = CARTESIAN_POINT('',(111.4,0.8));
#15741 = CARTESIAN_POINT('',(113.95,2.272243186434));
#15742 = CARTESIAN_POINT('',(116.5,3.744486372867));
#15743 = CARTESIAN_POINT('',(116.5,0.8));
#15744 = ( GEOMETRIC_REPRESENTATION_CONTEXT(2) 
PARAMETRIC_REPRESENTATION_CONTEXT() REPRESENTATION_CONTEXT('2D SPACE',''
  ) );
#15745 = ORIENTED_EDGE('',*,*,#15746,.T.);
#15746 = EDGE_CURVE('',#15719,#15408,#15747,.T.);
#15747 = SURFACE_CURVE('',#15748,(#15752,#15758),.PCURVE_S1.);
#15748 = LINE('',#15749,#15750);
#15749 = CARTESIAN_POINT('',(57.8,-40.5,-3.));
#15750 = VECTOR('',#15751,1.);
#15751 = DIRECTION('',(-0.,-0.,-1.));
#15752 = PCURVE('',#14666,#15753);
#15753 = DEFINITIONAL_REPRESENTATION('',(#15754),#15757);
#15754 = B_SPLINE_CURVE_WITH_KNOTS('',1,(#15755,#15756),.UNSPECIFIED.,
  .F.,.F.,(2,2),(-4.3,-0.7),.PIECEWISE_BEZIER_KNOTS.);
#15755 = CARTESIAN_POINT('',(-1.080839000541,-4.3));
#15756 = CARTESIAN_POINT('',(-1.080839000541,-0.7));
#15757 = ( GEOMETRIC_REPRESENTATION_CONTEXT(2) 
PARAMETRIC_REPRESENTATION_CONTEXT() REPRESENTATION_CONTEXT('2D SPACE',''
  ) );
#15758 = PCURVE('',#15310,#15759);
#15759 = DEFINITIONAL_REPRESENTATION('',(#15760),#15763);
#15760 = B_SPLINE_CURVE_WITH_KNOTS('',1,(#15761,#15762),.UNSPECIFIED.,
  .F.,.F.,(2,2),(-4.3,-0.7),.PIECEWISE_BEZIER_KNOTS.);
#15761 = CARTESIAN_POINT('',(4.3,-2.3));
#15762 = CARTESIAN_POINT('',(0.7,-2.3));
#15763 = ( GEOMETRIC_REPRESENTATION_CONTEXT(2) 
PARAMETRIC_REPRESENTATION_CONTEXT() REPRESENTATION_CONTEXT('2D SPACE',''
  ) );
#15764 = ADVANCED_FACE('',(#15765),#14701,.F.);
#15765 = FACE_BOUND('',#15766,.T.);
#15766 = EDGE_LOOP('',(#15767,#15797,#15818,#15819,#15820,#15848,#15867,
    #15868));
#15767 = ORIENTED_EDGE('',*,*,#15768,.T.);
#15768 = EDGE_CURVE('',#15769,#15771,#15773,.T.);
#15769 = VERTEX_POINT('',#15770);
#15770 = CARTESIAN_POINT('',(-55.5,42.8,1.));
#15771 = VERTEX_POINT('',#15772);
#15772 = CARTESIAN_POINT('',(-55.3,42.,1.));
#15773 = SURFACE_CURVE('',#15774,(#15779,#15786),.PCURVE_S1.);
#15774 = CIRCLE('',#15775,1.7);
#15775 = AXIS2_PLACEMENT_3D('',#15776,#15777,#15778);
#15776 = CARTESIAN_POINT('',(-57.,42.,1.));
#15777 = DIRECTION('',(0.,0.,-1.));
#15778 = DIRECTION('',(1.,0.,0.));
#15779 = PCURVE('',#14701,#15780);
#15780 = DEFINITIONAL_REPRESENTATION('',(#15781),#15785);
#15781 = LINE('',#15782,#15783);
#15782 = CARTESIAN_POINT('',(-6.28318530718,-4.));
#15783 = VECTOR('',#15784,1.);
#15784 = DIRECTION('',(1.,-0.));
#15785 = ( GEOMETRIC_REPRESENTATION_CONTEXT(2) 
PARAMETRIC_REPRESENTATION_CONTEXT() REPRESENTATION_CONTEXT('2D SPACE',''
  ) );
#15786 = PCURVE('',#15563,#15787);
#15787 = DEFINITIONAL_REPRESENTATION('',(#15788),#15796);
#15788 = ( BOUNDED_CURVE() B_SPLINE_CURVE(2,(#15789,#15790,#15791,#15792
    ,#15793,#15794,#15795),.UNSPECIFIED.,.T.,.F.) 
B_SPLINE_CURVE_WITH_KNOTS((1,2,2,2,2,1),(-2.094395102393,0.,
    2.094395102393,4.188790204786,6.28318530718,8.377580409573),
.UNSPECIFIED.) CURVE() GEOMETRIC_REPRESENTATION_ITEM() 
RATIONAL_B_SPLINE_CURVE((1.,0.5,1.,0.5,1.,0.5,1.)) REPRESENTATION_ITEM(
  '') );
#15789 = CARTESIAN_POINT('',(2.5,84.8));
#15790 = CARTESIAN_POINT('',(2.5,81.855513627133));
#15791 = CARTESIAN_POINT('',(-5.E-02,83.327756813566));
#15792 = CARTESIAN_POINT('',(-2.6,84.8));
#15793 = CARTESIAN_POINT('',(-5.E-02,86.272243186434));
#15794 = CARTESIAN_POINT('',(2.5,87.744486372867));
#15795 = CARTESIAN_POINT('',(2.5,84.8));
#15796 = ( GEOMETRIC_REPRESENTATION_CONTEXT(2) 
PARAMETRIC_REPRESENTATION_CONTEXT() REPRESENTATION_CONTEXT('2D SPACE',''
  ) );
#15797 = ORIENTED_EDGE('',*,*,#15798,.T.);
#15798 = EDGE_CURVE('',#15771,#14681,#15799,.T.);
#15799 = SEAM_CURVE('',#15800,(#15804,#15811),.PCURVE_S1.);
#15800 = LINE('',#15801,#15802);
#15801 = CARTESIAN_POINT('',(-55.3,42.,-3.));
#15802 = VECTOR('',#15803,1.);
#15803 = DIRECTION('',(0.,0.,1.));
#15804 = PCURVE('',#14701,#15805);
#15805 = DEFINITIONAL_REPRESENTATION('',(#15806),#15810);
#15806 = LINE('',#15807,#15808);
#15807 = CARTESIAN_POINT('',(-6.28318530718,0.));
#15808 = VECTOR('',#15809,1.);
#15809 = DIRECTION('',(-0.,-1.));
#15810 = ( GEOMETRIC_REPRESENTATION_CONTEXT(2) 
PARAMETRIC_REPRESENTATION_CONTEXT() REPRESENTATION_CONTEXT('2D SPACE',''
  ) );
#15811 = PCURVE('',#14701,#15812);
#15812 = DEFINITIONAL_REPRESENTATION('',(#15813),#15817);
#15813 = LINE('',#15814,#15815);
#15814 = CARTESIAN_POINT('',(-0.,0.));
#15815 = VECTOR('',#15816,1.);
#15816 = DIRECTION('',(-0.,-1.));
#15817 = ( GEOMETRIC_REPRESENTATION_CONTEXT(2) 
PARAMETRIC_REPRESENTATION_CONTEXT() REPRESENTATION_CONTEXT('2D SPACE',''
  ) );
#15818 = ORIENTED_EDGE('',*,*,#14680,.F.);
#15819 = ORIENTED_EDGE('',*,*,#15798,.F.);
#15820 = ORIENTED_EDGE('',*,*,#15821,.T.);
#15821 = EDGE_CURVE('',#15771,#15822,#15824,.T.);
#15822 = VERTEX_POINT('',#15823);
#15823 = CARTESIAN_POINT('',(-57.8,40.5,1.));
#15824 = SURFACE_CURVE('',#15825,(#15830,#15837),.PCURVE_S1.);
#15825 = CIRCLE('',#15826,1.7);
#15826 = AXIS2_PLACEMENT_3D('',#15827,#15828,#15829);
#15827 = CARTESIAN_POINT('',(-57.,42.,1.));
#15828 = DIRECTION('',(0.,0.,-1.));
#15829 = DIRECTION('',(1.,0.,0.));
#15830 = PCURVE('',#14701,#15831);
#15831 = DEFINITIONAL_REPRESENTATION('',(#15832),#15836);
#15832 = LINE('',#15833,#15834);
#15833 = CARTESIAN_POINT('',(-6.28318530718,-4.));
#15834 = VECTOR('',#15835,1.);
#15835 = DIRECTION('',(1.,-0.));
#15836 = ( GEOMETRIC_REPRESENTATION_CONTEXT(2) 
PARAMETRIC_REPRESENTATION_CONTEXT() REPRESENTATION_CONTEXT('2D SPACE',''
  ) );
#15837 = PCURVE('',#15563,#15838);
#15838 = DEFINITIONAL_REPRESENTATION('',(#15839),#15847);
#15839 = ( BOUNDED_CURVE() B_SPLINE_CURVE(2,(#15840,#15841,#15842,#15843
    ,#15844,#15845,#15846),.UNSPECIFIED.,.T.,.F.) 
B_SPLINE_CURVE_WITH_KNOTS((1,2,2,2,2,1),(-2.094395102393,0.,
    2.094395102393,4.188790204786,6.28318530718,8.377580409573),
.UNSPECIFIED.) CURVE() GEOMETRIC_REPRESENTATION_ITEM() 
RATIONAL_B_SPLINE_CURVE((1.,0.5,1.,0.5,1.,0.5,1.)) REPRESENTATION_ITEM(
  '') );
#15840 = CARTESIAN_POINT('',(2.5,84.8));
#15841 = CARTESIAN_POINT('',(2.5,81.855513627133));
#15842 = CARTESIAN_POINT('',(-5.E-02,83.327756813566));
#15843 = CARTESIAN_POINT('',(-2.6,84.8));
#15844 = CARTESIAN_POINT('',(-5.E-02,86.272243186434));
#15845 = CARTESIAN_POINT('',(2.5,87.744486372867));
#15846 = CARTESIAN_POINT('',(2.5,84.8));
#15847 = ( GEOMETRIC_REPRESENTATION_CONTEXT(2) 
PARAMETRIC_REPRESENTATION_CONTEXT() REPRESENTATION_CONTEXT('2D SPACE',''
  ) );
#15848 = ORIENTED_EDGE('',*,*,#15849,.T.);
#15849 = EDGE_CURVE('',#15822,#15054,#15850,.T.);
#15850 = SURFACE_CURVE('',#15851,(#15855,#15861),.PCURVE_S1.);
#15851 = LINE('',#15852,#15853);
#15852 = CARTESIAN_POINT('',(-57.8,40.5,-3.));
#15853 = VECTOR('',#15854,1.);
#15854 = DIRECTION('',(-0.,-0.,-1.));
#15855 = PCURVE('',#14701,#15856);
#15856 = DEFINITIONAL_REPRESENTATION('',(#15857),#15860);
#15857 = B_SPLINE_CURVE_WITH_KNOTS('',1,(#15858,#15859),.UNSPECIFIED.,
  .F.,.F.,(2,2),(-4.3,-0.7),.PIECEWISE_BEZIER_KNOTS.);
#15858 = CARTESIAN_POINT('',(-4.222431654131,-4.3));
#15859 = CARTESIAN_POINT('',(-4.222431654131,-0.7));
#15860 = ( GEOMETRIC_REPRESENTATION_CONTEXT(2) 
PARAMETRIC_REPRESENTATION_CONTEXT() REPRESENTATION_CONTEXT('2D SPACE',''
  ) );
#15861 = PCURVE('',#14956,#15862);
#15862 = DEFINITIONAL_REPRESENTATION('',(#15863),#15866);
#15863 = B_SPLINE_CURVE_WITH_KNOTS('',1,(#15864,#15865),.UNSPECIFIED.,
  .F.,.F.,(2,2),(-4.3,-0.7),.PIECEWISE_BEZIER_KNOTS.);
#15864 = CARTESIAN_POINT('',(4.3,-83.3));
#15865 = CARTESIAN_POINT('',(0.7,-83.3));
#15866 = ( GEOMETRIC_REPRESENTATION_CONTEXT(2) 
PARAMETRIC_REPRESENTATION_CONTEXT() REPRESENTATION_CONTEXT('2D SPACE',''
  ) );
#15867 = ORIENTED_EDGE('',*,*,#15075,.T.);
#15868 = ORIENTED_EDGE('',*,*,#15869,.F.);
#15869 = EDGE_CURVE('',#15769,#15076,#15870,.T.);
#15870 = SURFACE_CURVE('',#15871,(#15875,#15881),.PCURVE_S1.);
#15871 = LINE('',#15872,#15873);
#15872 = CARTESIAN_POINT('',(-55.5,42.8,-3.));
#15873 = VECTOR('',#15874,1.);
#15874 = DIRECTION('',(-0.,-0.,-1.));
#15875 = PCURVE('',#14701,#15876);
#15876 = DEFINITIONAL_REPRESENTATION('',(#15877),#15880);
#15877 = B_SPLINE_CURVE_WITH_KNOTS('',1,(#15878,#15879),.UNSPECIFIED.,
  .F.,.F.,(2,2),(-4.3,-0.7),.PIECEWISE_BEZIER_KNOTS.);
#15878 = CARTESIAN_POINT('',(-0.489957326254,-4.3));
#15879 = CARTESIAN_POINT('',(-0.489957326254,-0.7));
#15880 = ( GEOMETRIC_REPRESENTATION_CONTEXT(2) 
PARAMETRIC_REPRESENTATION_CONTEXT() REPRESENTATION_CONTEXT('2D SPACE',''
  ) );
#15881 = PCURVE('',#15119,#15882);
#15882 = DEFINITIONAL_REPRESENTATION('',(#15883),#15886);
#15883 = B_SPLINE_CURVE_WITH_KNOTS('',1,(#15884,#15885),.UNSPECIFIED.,
  .F.,.F.,(2,2),(-4.3,-0.7),.PIECEWISE_BEZIER_KNOTS.);
#15884 = CARTESIAN_POINT('',(4.3,2.3));
#15885 = CARTESIAN_POINT('',(0.7,2.3));
#15886 = ( GEOMETRIC_REPRESENTATION_CONTEXT(2) 
PARAMETRIC_REPRESENTATION_CONTEXT() REPRESENTATION_CONTEXT('2D SPACE',''
  ) );
#15887 = ADVANCED_FACE('',(#15888),#14736,.F.);
#15888 = FACE_BOUND('',#15889,.T.);
#15889 = EDGE_LOOP('',(#15890,#15891,#15912,#15913,#15914,#15915,#15936,
    #15964));
#15890 = ORIENTED_EDGE('',*,*,#15238,.T.);
#15891 = ORIENTED_EDGE('',*,*,#15892,.T.);
#15892 = EDGE_CURVE('',#15239,#14716,#15893,.T.);
#15893 = SEAM_CURVE('',#15894,(#15898,#15905),.PCURVE_S1.);
#15894 = LINE('',#15895,#15896);
#15895 = CARTESIAN_POINT('',(58.7,42.,-3.));
#15896 = VECTOR('',#15897,1.);
#15897 = DIRECTION('',(0.,0.,1.));
#15898 = PCURVE('',#14736,#15899);
#15899 = DEFINITIONAL_REPRESENTATION('',(#15900),#15904);
#15900 = LINE('',#15901,#15902);
#15901 = CARTESIAN_POINT('',(-6.28318530718,0.));
#15902 = VECTOR('',#15903,1.);
#15903 = DIRECTION('',(-0.,-1.));
#15904 = ( GEOMETRIC_REPRESENTATION_CONTEXT(2) 
PARAMETRIC_REPRESENTATION_CONTEXT() REPRESENTATION_CONTEXT('2D SPACE',''
  ) );
#15905 = PCURVE('',#14736,#15906);
#15906 = DEFINITIONAL_REPRESENTATION('',(#15907),#15911);
#15907 = LINE('',#15908,#15909);
#15908 = CARTESIAN_POINT('',(-0.,0.));
#15909 = VECTOR('',#15910,1.);
#15910 = DIRECTION('',(-0.,-1.));
#15911 = ( GEOMETRIC_REPRESENTATION_CONTEXT(2) 
PARAMETRIC_REPRESENTATION_CONTEXT() REPRESENTATION_CONTEXT('2D SPACE',''
  ) );
#15912 = ORIENTED_EDGE('',*,*,#14715,.F.);
#15913 = ORIENTED_EDGE('',*,*,#15892,.F.);
#15914 = ORIENTED_EDGE('',*,*,#15266,.T.);
#15915 = ORIENTED_EDGE('',*,*,#15916,.F.);
#15916 = EDGE_CURVE('',#15917,#15267,#15919,.T.);
#15917 = VERTEX_POINT('',#15918);
#15918 = CARTESIAN_POINT('',(57.8,40.5,1.));
#15919 = SURFACE_CURVE('',#15920,(#15924,#15930),.PCURVE_S1.);
#15920 = LINE('',#15921,#15922);
#15921 = CARTESIAN_POINT('',(57.8,40.5,-3.));
#15922 = VECTOR('',#15923,1.);
#15923 = DIRECTION('',(-0.,-0.,-1.));
#15924 = PCURVE('',#14736,#15925);
#15925 = DEFINITIONAL_REPRESENTATION('',(#15926),#15929);
#15926 = B_SPLINE_CURVE_WITH_KNOTS('',1,(#15927,#15928),.UNSPECIFIED.,
  .F.,.F.,(2,2),(-4.3,-0.7),.PIECEWISE_BEZIER_KNOTS.);
#15927 = CARTESIAN_POINT('',(-5.202346306638,-4.3));
#15928 = CARTESIAN_POINT('',(-5.202346306638,-0.7));
#15929 = ( GEOMETRIC_REPRESENTATION_CONTEXT(2) 
PARAMETRIC_REPRESENTATION_CONTEXT() REPRESENTATION_CONTEXT('2D SPACE',''
  ) );
#15930 = PCURVE('',#15310,#15931);
#15931 = DEFINITIONAL_REPRESENTATION('',(#15932),#15935);
#15932 = B_SPLINE_CURVE_WITH_KNOTS('',1,(#15933,#15934),.UNSPECIFIED.,
  .F.,.F.,(2,2),(-4.3,-0.7),.PIECEWISE_BEZIER_KNOTS.);
#15933 = CARTESIAN_POINT('',(4.3,-83.3));
#15934 = CARTESIAN_POINT('',(0.7,-83.3));
#15935 = ( GEOMETRIC_REPRESENTATION_CONTEXT(2) 
PARAMETRIC_REPRESENTATION_CONTEXT() REPRESENTATION_CONTEXT('2D SPACE',''
  ) );
#15936 = ORIENTED_EDGE('',*,*,#15937,.T.);
#15937 = EDGE_CURVE('',#15917,#15938,#15940,.T.);
#15938 = VERTEX_POINT('',#15939);
#15939 = CARTESIAN_POINT('',(55.5,42.8,1.));
#15940 = SURFACE_CURVE('',#15941,(#15946,#15953),.PCURVE_S1.);
#15941 = CIRCLE('',#15942,1.7);
#15942 = AXIS2_PLACEMENT_3D('',#15943,#15944,#15945);
#15943 = CARTESIAN_POINT('',(57.,42.,1.));
#15944 = DIRECTION('',(0.,0.,-1.));
#15945 = DIRECTION('',(1.,0.,0.));
#15946 = PCURVE('',#14736,#15947);
#15947 = DEFINITIONAL_REPRESENTATION('',(#15948),#15952);
#15948 = LINE('',#15949,#15950);
#15949 = CARTESIAN_POINT('',(-6.28318530718,-4.));
#15950 = VECTOR('',#15951,1.);
#15951 = DIRECTION('',(1.,-0.));
#15952 = ( GEOMETRIC_REPRESENTATION_CONTEXT(2) 
PARAMETRIC_REPRESENTATION_CONTEXT() REPRESENTATION_CONTEXT('2D SPACE',''
  ) );
#15953 = PCURVE('',#15563,#15954);
#15954 = DEFINITIONAL_REPRESENTATION('',(#15955),#15963);
#15955 = ( BOUNDED_CURVE() B_SPLINE_CURVE(2,(#15956,#15957,#15958,#15959
    ,#15960,#15961,#15962),.UNSPECIFIED.,.T.,.F.) 
B_SPLINE_CURVE_WITH_KNOTS((1,2,2,2,2,1),(-2.094395102393,0.,
    2.094395102393,4.188790204786,6.28318530718,8.377580409573),
.UNSPECIFIED.) CURVE() GEOMETRIC_REPRESENTATION_ITEM() 
RATIONAL_B_SPLINE_CURVE((1.,0.5,1.,0.5,1.,0.5,1.)) REPRESENTATION_ITEM(
  '') );
#15956 = CARTESIAN_POINT('',(116.5,84.8));
#15957 = CARTESIAN_POINT('',(116.5,81.855513627133));
#15958 = CARTESIAN_POINT('',(113.95,83.327756813566));
#15959 = CARTESIAN_POINT('',(111.4,84.8));
#15960 = CARTESIAN_POINT('',(113.95,86.272243186434));
#15961 = CARTESIAN_POINT('',(116.5,87.744486372867));
#15962 = CARTESIAN_POINT('',(116.5,84.8));
#15963 = ( GEOMETRIC_REPRESENTATION_CONTEXT(2) 
PARAMETRIC_REPRESENTATION_CONTEXT() REPRESENTATION_CONTEXT('2D SPACE',''
  ) );
#15964 = ORIENTED_EDGE('',*,*,#15965,.T.);
#15965 = EDGE_CURVE('',#15938,#15217,#15966,.T.);
#15966 = SURFACE_CURVE('',#15967,(#15971,#15977),.PCURVE_S1.);
#15967 = LINE('',#15968,#15969);
#15968 = CARTESIAN_POINT('',(55.5,42.8,-3.));
#15969 = VECTOR('',#15970,1.);
#15970 = DIRECTION('',(-0.,-0.,-1.));
#15971 = PCURVE('',#14736,#15972);
#15972 = DEFINITIONAL_REPRESENTATION('',(#15973),#15976);
#15973 = B_SPLINE_CURVE_WITH_KNOTS('',1,(#15974,#15975),.UNSPECIFIED.,
  .F.,.F.,(2,2),(-4.3,-0.7),.PIECEWISE_BEZIER_KNOTS.);
#15974 = CARTESIAN_POINT('',(-2.651635327336,-4.3));
#15975 = CARTESIAN_POINT('',(-2.651635327336,-0.7));
#15976 = ( GEOMETRIC_REPRESENTATION_CONTEXT(2) 
PARAMETRIC_REPRESENTATION_CONTEXT() REPRESENTATION_CONTEXT('2D SPACE',''
  ) );
#15977 = PCURVE('',#15119,#15978);
#15978 = DEFINITIONAL_REPRESENTATION('',(#15979),#15982);
#15979 = B_SPLINE_CURVE_WITH_KNOTS('',1,(#15980,#15981),.UNSPECIFIED.,
  .F.,.F.,(2,2),(-4.3,-0.7),.PIECEWISE_BEZIER_KNOTS.);
#15980 = CARTESIAN_POINT('',(4.3,113.3));
#15981 = CARTESIAN_POINT('',(0.7,113.3));
#15982 = ( GEOMETRIC_REPRESENTATION_CONTEXT(2) 
PARAMETRIC_REPRESENTATION_CONTEXT() REPRESENTATION_CONTEXT('2D SPACE',''
  ) );
#15983 = ADVANCED_FACE('',(#15984),#14844,.F.);
#15984 = FACE_BOUND('',#15985,.F.);
#15985 = EDGE_LOOP('',(#15986,#16016,#16035,#16036));
#15986 = ORIENTED_EDGE('',*,*,#15987,.F.);
#15987 = EDGE_CURVE('',#15988,#15990,#15992,.T.);
#15988 = VERTEX_POINT('',#15989);
#15989 = CARTESIAN_POINT('',(-53.73656622558,-44.8,-2.));
#15990 = VERTEX_POINT('',#15991);
#15991 = CARTESIAN_POINT('',(53.736566225584,-44.8,-2.));
#15992 = SURFACE_CURVE('',#15993,(#15997,#16004),.PCURVE_S1.);
#15993 = LINE('',#15994,#15995);
#15994 = CARTESIAN_POINT('',(-59.8,-44.8,-2.));
#15995 = VECTOR('',#15996,1.);
#15996 = DIRECTION('',(1.,0.,0.));
#15997 = PCURVE('',#14844,#15998);
#15998 = DEFINITIONAL_REPRESENTATION('',(#15999),#16003);
#15999 = LINE('',#16000,#16001);
#16000 = CARTESIAN_POINT('',(0.,0.));
#16001 = VECTOR('',#16002,1.);
#16002 = DIRECTION('',(0.,1.));
#16003 = ( GEOMETRIC_REPRESENTATION_CONTEXT(2) 
PARAMETRIC_REPRESENTATION_CONTEXT() REPRESENTATION_CONTEXT('2D SPACE',''
  ) );
#16004 = PCURVE('',#16005,#16010);
#16005 = PLANE('',#16006);
#16006 = AXIS2_PLACEMENT_3D('',#16007,#16008,#16009);
#16007 = CARTESIAN_POINT('',(-59.8,-44.8,-2.));
#16008 = DIRECTION('',(0.,0.,1.));
#16009 = DIRECTION('',(1.,0.,0.));
#16010 = DEFINITIONAL_REPRESENTATION('',(#16011),#16015);
#16011 = LINE('',#16012,#16013);
#16012 = CARTESIAN_POINT('',(0.,0.));
#16013 = VECTOR('',#16014,1.);
#16014 = DIRECTION('',(1.,0.));
#16015 = ( GEOMETRIC_REPRESENTATION_CONTEXT(2) 
PARAMETRIC_REPRESENTATION_CONTEXT() REPRESENTATION_CONTEXT('2D SPACE',''
  ) );
#16016 = ORIENTED_EDGE('',*,*,#16017,.F.);
#16017 = EDGE_CURVE('',#14827,#15988,#16018,.T.);
#16018 = SURFACE_CURVE('',#16019,(#16023,#16029),.PCURVE_S1.);
#16019 = LINE('',#16020,#16021);
#16020 = CARTESIAN_POINT('',(-53.73656622558,-44.8,-3.));
#16021 = VECTOR('',#16022,1.);
#16022 = DIRECTION('',(-0.,-0.,-1.));
#16023 = PCURVE('',#14844,#16024);
#16024 = DEFINITIONAL_REPRESENTATION('',(#16025),#16028);
#16025 = B_SPLINE_CURVE_WITH_KNOTS('',1,(#16026,#16027),.UNSPECIFIED.,
  .F.,.F.,(2,2),(-3.0000006,-0.8),.PIECEWISE_BEZIER_KNOTS.);
#16026 = CARTESIAN_POINT('',(2.0000006,6.063433774416));
#16027 = CARTESIAN_POINT('',(-0.2,6.063433774416));
#16028 = ( GEOMETRIC_REPRESENTATION_CONTEXT(2) 
PARAMETRIC_REPRESENTATION_CONTEXT() REPRESENTATION_CONTEXT('2D SPACE',''
  ) );
#16029 = PCURVE('',#14873,#16030);
#16030 = DEFINITIONAL_REPRESENTATION('',(#16031),#16034);
#16031 = B_SPLINE_CURVE_WITH_KNOTS('',1,(#16032,#16033),.UNSPECIFIED.,
  .F.,.F.,(2,2),(-3.0000006,-0.8),.PIECEWISE_BEZIER_KNOTS.);
#16032 = CARTESIAN_POINT('',(-5.574069747035,-3.0000006));
#16033 = CARTESIAN_POINT('',(-5.574069747035,-0.8));
#16034 = ( GEOMETRIC_REPRESENTATION_CONTEXT(2) 
PARAMETRIC_REPRESENTATION_CONTEXT() REPRESENTATION_CONTEXT('2D SPACE',''
  ) );
#16035 = ORIENTED_EDGE('',*,*,#14826,.T.);
#16036 = ORIENTED_EDGE('',*,*,#16037,.T.);
#16037 = EDGE_CURVE('',#14829,#15990,#16038,.T.);
#16038 = SURFACE_CURVE('',#16039,(#16043,#16049),.PCURVE_S1.);
#16039 = LINE('',#16040,#16041);
#16040 = CARTESIAN_POINT('',(53.736566225584,-44.8,-3.));
#16041 = VECTOR('',#16042,1.);
#16042 = DIRECTION('',(-0.,-0.,-1.));
#16043 = PCURVE('',#14844,#16044);
#16044 = DEFINITIONAL_REPRESENTATION('',(#16045),#16048);
#16045 = B_SPLINE_CURVE_WITH_KNOTS('',1,(#16046,#16047),.UNSPECIFIED.,
  .F.,.F.,(2,2),(-3.0000006,-0.8),.PIECEWISE_BEZIER_KNOTS.);
#16046 = CARTESIAN_POINT('',(2.0000006,113.53656622558));
#16047 = CARTESIAN_POINT('',(-0.2,113.53656622558));
#16048 = ( GEOMETRIC_REPRESENTATION_CONTEXT(2) 
PARAMETRIC_REPRESENTATION_CONTEXT() REPRESENTATION_CONTEXT('2D SPACE',''
  ) );
#16049 = PCURVE('',#15522,#16050);
#16050 = DEFINITIONAL_REPRESENTATION('',(#16051),#16054);
#16051 = B_SPLINE_CURVE_WITH_KNOTS('',1,(#16052,#16053),.UNSPECIFIED.,
  .F.,.F.,(2,2),(-3.0000006,-0.8),.PIECEWISE_BEZIER_KNOTS.);
#16052 = CARTESIAN_POINT('',(-3.850708213734,-3.0000006));
#16053 = CARTESIAN_POINT('',(-3.850708213734,-0.8));
#16054 = ( GEOMETRIC_REPRESENTATION_CONTEXT(2) 
PARAMETRIC_REPRESENTATION_CONTEXT() REPRESENTATION_CONTEXT('2D SPACE',''
  ) );
#16055 = ADVANCED_FACE('',(#16056),#15522,.F.);
#16056 = FACE_BOUND('',#16057,.T.);
#16057 = EDGE_LOOP('',(#16058,#16059,#16060,#16088));
#16058 = ORIENTED_EDGE('',*,*,#15507,.T.);
#16059 = ORIENTED_EDGE('',*,*,#16037,.T.);
#16060 = ORIENTED_EDGE('',*,*,#16061,.T.);
#16061 = EDGE_CURVE('',#15990,#16062,#16064,.T.);
#16062 = VERTEX_POINT('',#16063);
#16063 = CARTESIAN_POINT('',(52.775073965145,-42.8,-2.));
#16064 = SURFACE_CURVE('',#16065,(#16070,#16077),.PCURVE_S1.);
#16065 = CIRCLE('',#16066,4.3);
#16066 = AXIS2_PLACEMENT_3D('',#16067,#16068,#16069);
#16067 = CARTESIAN_POINT('',(57.,-42.,-2.));
#16068 = DIRECTION('',(0.,0.,-1.));
#16069 = DIRECTION('',(1.,0.,0.));
#16070 = PCURVE('',#15522,#16071);
#16071 = DEFINITIONAL_REPRESENTATION('',(#16072),#16076);
#16072 = LINE('',#16073,#16074);
#16073 = CARTESIAN_POINT('',(-6.28318530718,-1.));
#16074 = VECTOR('',#16075,1.);
#16075 = DIRECTION('',(1.,-0.));
#16076 = ( GEOMETRIC_REPRESENTATION_CONTEXT(2) 
PARAMETRIC_REPRESENTATION_CONTEXT() REPRESENTATION_CONTEXT('2D SPACE',''
  ) );
#16077 = PCURVE('',#16005,#16078);
#16078 = DEFINITIONAL_REPRESENTATION('',(#16079),#16087);
#16079 = ( BOUNDED_CURVE() B_SPLINE_CURVE(2,(#16080,#16081,#16082,#16083
    ,#16084,#16085,#16086),.UNSPECIFIED.,.T.,.F.) 
B_SPLINE_CURVE_WITH_KNOTS((1,2,2,2,2,1),(-2.094395102393,0.,
    2.094395102393,4.188790204786,6.28318530718,8.377580409573),
.UNSPECIFIED.) CURVE() GEOMETRIC_REPRESENTATION_ITEM() 
RATIONAL_B_SPLINE_CURVE((1.,0.5,1.,0.5,1.,0.5,1.)) REPRESENTATION_ITEM(
  '') );
#16080 = CARTESIAN_POINT('',(121.1,2.8));
#16081 = CARTESIAN_POINT('',(121.1,-4.647818472546));
#16082 = CARTESIAN_POINT('',(114.65,-0.923909236273));
#16083 = CARTESIAN_POINT('',(108.2,2.8));
#16084 = CARTESIAN_POINT('',(114.65,6.523909236273));
#16085 = CARTESIAN_POINT('',(121.1,10.247818472546));
#16086 = CARTESIAN_POINT('',(121.1,2.8));
#16087 = ( GEOMETRIC_REPRESENTATION_CONTEXT(2) 
PARAMETRIC_REPRESENTATION_CONTEXT() REPRESENTATION_CONTEXT('2D SPACE',''
  ) );
#16088 = ORIENTED_EDGE('',*,*,#16089,.F.);
#16089 = EDGE_CURVE('',#15486,#16062,#16090,.T.);
#16090 = SURFACE_CURVE('',#16091,(#16095,#16101),.PCURVE_S1.);
#16091 = LINE('',#16092,#16093);
#16092 = CARTESIAN_POINT('',(52.775073965144,-42.8,-3.));
#16093 = VECTOR('',#16094,1.);
#16094 = DIRECTION('',(-0.,-0.,-1.));
#16095 = PCURVE('',#15522,#16096);
#16096 = DEFINITIONAL_REPRESENTATION('',(#16097),#16100);
#16097 = B_SPLINE_CURVE_WITH_KNOTS('',1,(#16098,#16099),.UNSPECIFIED.,
  .F.,.F.,(2,2),(-3.0000006,-0.7),.PIECEWISE_BEZIER_KNOTS.);
#16098 = CARTESIAN_POINT('',(-3.328729516142,-3.0000006));
#16099 = CARTESIAN_POINT('',(-3.328729516142,-0.7));
#16100 = ( GEOMETRIC_REPRESENTATION_CONTEXT(2) 
PARAMETRIC_REPRESENTATION_CONTEXT() REPRESENTATION_CONTEXT('2D SPACE',''
  ) );
#16101 = PCURVE('',#14901,#16102);
#16102 = DEFINITIONAL_REPRESENTATION('',(#16103),#16106);
#16103 = B_SPLINE_CURVE_WITH_KNOTS('',1,(#16104,#16105),.UNSPECIFIED.,
  .F.,.F.,(2,2),(-3.0000006,-0.7),.PIECEWISE_BEZIER_KNOTS.);
#16104 = CARTESIAN_POINT('',(3.0000006,110.57507396514));
#16105 = CARTESIAN_POINT('',(0.7,110.57507396514));
#16106 = ( GEOMETRIC_REPRESENTATION_CONTEXT(2) 
PARAMETRIC_REPRESENTATION_CONTEXT() REPRESENTATION_CONTEXT('2D SPACE',''
  ) );
#16107 = ADVANCED_FACE('',(#16108),#14901,.T.);
#16108 = FACE_BOUND('',#16109,.T.);
#16109 = EDGE_LOOP('',(#16110,#16111,#16112,#16113,#16134,#16153,#16154,
    #16155));
#16110 = ORIENTED_EDGE('',*,*,#15697,.T.);
#16111 = ORIENTED_EDGE('',*,*,#15485,.F.);
#16112 = ORIENTED_EDGE('',*,*,#16089,.T.);
#16113 = ORIENTED_EDGE('',*,*,#16114,.T.);
#16114 = EDGE_CURVE('',#16062,#16115,#16117,.T.);
#16115 = VERTEX_POINT('',#16116);
#16116 = CARTESIAN_POINT('',(-52.77507396514,-42.8,-2.));
#16117 = SURFACE_CURVE('',#16118,(#16122,#16128),.PCURVE_S1.);
#16118 = LINE('',#16119,#16120);
#16119 = CARTESIAN_POINT('',(-58.8,-42.8,-2.));
#16120 = VECTOR('',#16121,1.);
#16121 = DIRECTION('',(-1.,0.,0.));
#16122 = PCURVE('',#14901,#16123);
#16123 = DEFINITIONAL_REPRESENTATION('',(#16124),#16127);
#16124 = B_SPLINE_CURVE_WITH_KNOTS('',1,(#16125,#16126),.UNSPECIFIED.,
  .F.,.F.,(2,2),(-116.6,-1.),.PIECEWISE_BEZIER_KNOTS.);
#16125 = CARTESIAN_POINT('',(1.,115.6));
#16126 = CARTESIAN_POINT('',(1.,0.));
#16127 = ( GEOMETRIC_REPRESENTATION_CONTEXT(2) 
PARAMETRIC_REPRESENTATION_CONTEXT() REPRESENTATION_CONTEXT('2D SPACE',''
  ) );
#16128 = PCURVE('',#16005,#16129);
#16129 = DEFINITIONAL_REPRESENTATION('',(#16130),#16133);
#16130 = B_SPLINE_CURVE_WITH_KNOTS('',1,(#16131,#16132),.UNSPECIFIED.,
  .F.,.F.,(2,2),(-116.6,-1.),.PIECEWISE_BEZIER_KNOTS.);
#16131 = CARTESIAN_POINT('',(117.6,2.));
#16132 = CARTESIAN_POINT('',(2.,2.));
#16133 = ( GEOMETRIC_REPRESENTATION_CONTEXT(2) 
PARAMETRIC_REPRESENTATION_CONTEXT() REPRESENTATION_CONTEXT('2D SPACE',''
  ) );
#16134 = ORIENTED_EDGE('',*,*,#16135,.F.);
#16135 = EDGE_CURVE('',#14857,#16115,#16136,.T.);
#16136 = SURFACE_CURVE('',#16137,(#16141,#16147),.PCURVE_S1.);
#16137 = LINE('',#16138,#16139);
#16138 = CARTESIAN_POINT('',(-52.77507396514,-42.8,-3.));
#16139 = VECTOR('',#16140,1.);
#16140 = DIRECTION('',(-0.,-0.,-1.));
#16141 = PCURVE('',#14901,#16142);
#16142 = DEFINITIONAL_REPRESENTATION('',(#16143),#16146);
#16143 = B_SPLINE_CURVE_WITH_KNOTS('',1,(#16144,#16145),.UNSPECIFIED.,
  .F.,.F.,(2,2),(-3.0000006,-0.7),.PIECEWISE_BEZIER_KNOTS.);
#16144 = CARTESIAN_POINT('',(3.0000006,5.024926034856));
#16145 = CARTESIAN_POINT('',(0.7,5.024926034856));
#16146 = ( GEOMETRIC_REPRESENTATION_CONTEXT(2) 
PARAMETRIC_REPRESENTATION_CONTEXT() REPRESENTATION_CONTEXT('2D SPACE',''
  ) );
#16147 = PCURVE('',#14873,#16148);
#16148 = DEFINITIONAL_REPRESENTATION('',(#16149),#16152);
#16149 = B_SPLINE_CURVE_WITH_KNOTS('',1,(#16150,#16151),.UNSPECIFIED.,
  .F.,.F.,(2,2),(-3.0000006,-0.7),.PIECEWISE_BEZIER_KNOTS.);
#16150 = CARTESIAN_POINT('',(-6.096048444628,-3.0000006));
#16151 = CARTESIAN_POINT('',(-6.096048444628,-0.7));
#16152 = ( GEOMETRIC_REPRESENTATION_CONTEXT(2) 
PARAMETRIC_REPRESENTATION_CONTEXT() REPRESENTATION_CONTEXT('2D SPACE',''
  ) );
#16153 = ORIENTED_EDGE('',*,*,#14885,.F.);
#16154 = ORIENTED_EDGE('',*,*,#15630,.F.);
#16155 = ORIENTED_EDGE('',*,*,#16156,.T.);
#16156 = EDGE_CURVE('',#15603,#15698,#16157,.T.);
#16157 = SURFACE_CURVE('',#16158,(#16162,#16169),.PCURVE_S1.);
#16158 = LINE('',#16159,#16160);
#16159 = CARTESIAN_POINT('',(-57.8,-42.8,1.));
#16160 = VECTOR('',#16161,1.);
#16161 = DIRECTION('',(1.,0.,0.));
#16162 = PCURVE('',#14901,#16163);
#16163 = DEFINITIONAL_REPRESENTATION('',(#16164),#16168);
#16164 = LINE('',#16165,#16166);
#16165 = CARTESIAN_POINT('',(4.,0.));
#16166 = VECTOR('',#16167,1.);
#16167 = DIRECTION('',(0.,1.));
#16168 = ( GEOMETRIC_REPRESENTATION_CONTEXT(2) 
PARAMETRIC_REPRESENTATION_CONTEXT() REPRESENTATION_CONTEXT('2D SPACE',''
  ) );
#16169 = PCURVE('',#15563,#16170);
#16170 = DEFINITIONAL_REPRESENTATION('',(#16171),#16175);
#16171 = LINE('',#16172,#16173);
#16172 = CARTESIAN_POINT('',(0.,0.));
#16173 = VECTOR('',#16174,1.);
#16174 = DIRECTION('',(1.,0.));
#16175 = ( GEOMETRIC_REPRESENTATION_CONTEXT(2) 
PARAMETRIC_REPRESENTATION_CONTEXT() REPRESENTATION_CONTEXT('2D SPACE',''
  ) );
#16176 = ADVANCED_FACE('',(#16177),#15310,.F.);
#16177 = FACE_BOUND('',#16178,.F.);
#16178 = EDGE_LOOP('',(#16179,#16180,#16181,#16202,#16228,#16247,#16248,
    #16249));
#16179 = ORIENTED_EDGE('',*,*,#15746,.T.);
#16180 = ORIENTED_EDGE('',*,*,#15407,.F.);
#16181 = ORIENTED_EDGE('',*,*,#16182,.T.);
#16182 = EDGE_CURVE('',#15379,#16183,#16185,.T.);
#16183 = VERTEX_POINT('',#16184);
#16184 = CARTESIAN_POINT('',(57.8,-37.77507396514,-2.));
#16185 = SURFACE_CURVE('',#16186,(#16190,#16196),.PCURVE_S1.);
#16186 = LINE('',#16187,#16188);
#16187 = CARTESIAN_POINT('',(57.8,-37.77507396514,-3.));
#16188 = VECTOR('',#16189,1.);
#16189 = DIRECTION('',(-0.,-0.,-1.));
#16190 = PCURVE('',#15310,#16191);
#16191 = DEFINITIONAL_REPRESENTATION('',(#16192),#16195);
#16192 = B_SPLINE_CURVE_WITH_KNOTS('',1,(#16193,#16194),.UNSPECIFIED.,
  .F.,.F.,(2,2),(-3.0000006,-0.7),.PIECEWISE_BEZIER_KNOTS.);
#16193 = CARTESIAN_POINT('',(3.0000006,-5.024926034856));
#16194 = CARTESIAN_POINT('',(0.7,-5.024926034856));
#16195 = ( GEOMETRIC_REPRESENTATION_CONTEXT(2) 
PARAMETRIC_REPRESENTATION_CONTEXT() REPRESENTATION_CONTEXT('2D SPACE',''
  ) );
#16196 = PCURVE('',#15395,#16197);
#16197 = DEFINITIONAL_REPRESENTATION('',(#16198),#16201);
#16198 = B_SPLINE_CURVE_WITH_KNOTS('',1,(#16199,#16200),.UNSPECIFIED.,
  .F.,.F.,(2,2),(-3.0000006,-0.7),.PIECEWISE_BEZIER_KNOTS.);
#16199 = CARTESIAN_POINT('',(-1.383659464243,-3.0000006));
#16200 = CARTESIAN_POINT('',(-1.383659464243,-0.7));
#16201 = ( GEOMETRIC_REPRESENTATION_CONTEXT(2) 
PARAMETRIC_REPRESENTATION_CONTEXT() REPRESENTATION_CONTEXT('2D SPACE',''
  ) );
#16202 = ORIENTED_EDGE('',*,*,#16203,.T.);
#16203 = EDGE_CURVE('',#16183,#16204,#16206,.T.);
#16204 = VERTEX_POINT('',#16205);
#16205 = CARTESIAN_POINT('',(57.8,37.775073965145,-2.));
#16206 = SURFACE_CURVE('',#16207,(#16211,#16217),.PCURVE_S1.);
#16207 = LINE('',#16208,#16209);
#16208 = CARTESIAN_POINT('',(57.8,-43.8,-2.));
#16209 = VECTOR('',#16210,1.);
#16210 = DIRECTION('',(0.,1.,0.));
#16211 = PCURVE('',#15310,#16212);
#16212 = DEFINITIONAL_REPRESENTATION('',(#16213),#16216);
#16213 = B_SPLINE_CURVE_WITH_KNOTS('',1,(#16214,#16215),.UNSPECIFIED.,
  .F.,.F.,(2,2),(1.,86.6),.PIECEWISE_BEZIER_KNOTS.);
#16214 = CARTESIAN_POINT('',(1.,0.));
#16215 = CARTESIAN_POINT('',(1.,-85.6));
#16216 = ( GEOMETRIC_REPRESENTATION_CONTEXT(2) 
PARAMETRIC_REPRESENTATION_CONTEXT() REPRESENTATION_CONTEXT('2D SPACE',''
  ) );
#16217 = PCURVE('',#16218,#16223);
#16218 = PLANE('',#16219);
#16219 = AXIS2_PLACEMENT_3D('',#16220,#16221,#16222);
#16220 = CARTESIAN_POINT('',(-59.8,-44.8,-2.));
#16221 = DIRECTION('',(0.,0.,1.));
#16222 = DIRECTION('',(1.,0.,0.));
#16223 = DEFINITIONAL_REPRESENTATION('',(#16224),#16227);
#16224 = B_SPLINE_CURVE_WITH_KNOTS('',1,(#16225,#16226),.UNSPECIFIED.,
  .F.,.F.,(2,2),(1.,86.6),.PIECEWISE_BEZIER_KNOTS.);
#16225 = CARTESIAN_POINT('',(117.6,2.));
#16226 = CARTESIAN_POINT('',(117.6,87.6));
#16227 = ( GEOMETRIC_REPRESENTATION_CONTEXT(2) 
PARAMETRIC_REPRESENTATION_CONTEXT() REPRESENTATION_CONTEXT('2D SPACE',''
  ) );
#16228 = ORIENTED_EDGE('',*,*,#16229,.F.);
#16229 = EDGE_CURVE('',#15295,#16204,#16230,.T.);
#16230 = SURFACE_CURVE('',#16231,(#16235,#16241),.PCURVE_S1.);
#16231 = LINE('',#16232,#16233);
#16232 = CARTESIAN_POINT('',(57.8,37.775073965144,-3.));
#16233 = VECTOR('',#16234,1.);
#16234 = DIRECTION('',(-0.,-0.,-1.));
#16235 = PCURVE('',#15310,#16236);
#16236 = DEFINITIONAL_REPRESENTATION('',(#16237),#16240);
#16237 = B_SPLINE_CURVE_WITH_KNOTS('',1,(#16238,#16239),.UNSPECIFIED.,
  .F.,.F.,(2,2),(-3.0000006,-0.7),.PIECEWISE_BEZIER_KNOTS.);
#16238 = CARTESIAN_POINT('',(3.0000006,-80.57507396514));
#16239 = CARTESIAN_POINT('',(0.7,-80.57507396514));
#16240 = ( GEOMETRIC_REPRESENTATION_CONTEXT(2) 
PARAMETRIC_REPRESENTATION_CONTEXT() REPRESENTATION_CONTEXT('2D SPACE',''
  ) );
#16241 = PCURVE('',#15338,#16242);
#16242 = DEFINITIONAL_REPRESENTATION('',(#16243),#16246);
#16243 = B_SPLINE_CURVE_WITH_KNOTS('',1,(#16244,#16245),.UNSPECIFIED.,
  .F.,.F.,(2,2),(-3.0000006,-0.7),.PIECEWISE_BEZIER_KNOTS.);
#16244 = CARTESIAN_POINT('',(-4.899525842937,-3.0000006));
#16245 = CARTESIAN_POINT('',(-4.899525842937,-0.7));
#16246 = ( GEOMETRIC_REPRESENTATION_CONTEXT(2) 
PARAMETRIC_REPRESENTATION_CONTEXT() REPRESENTATION_CONTEXT('2D SPACE',''
  ) );
#16247 = ORIENTED_EDGE('',*,*,#15294,.F.);
#16248 = ORIENTED_EDGE('',*,*,#15916,.F.);
#16249 = ORIENTED_EDGE('',*,*,#16250,.F.);
#16250 = EDGE_CURVE('',#15719,#15917,#16251,.T.);
#16251 = SURFACE_CURVE('',#16252,(#16256,#16263),.PCURVE_S1.);
#16252 = LINE('',#16253,#16254);
#16253 = CARTESIAN_POINT('',(57.8,-42.8,1.));
#16254 = VECTOR('',#16255,1.);
#16255 = DIRECTION('',(0.,1.,0.));
#16256 = PCURVE('',#15310,#16257);
#16257 = DEFINITIONAL_REPRESENTATION('',(#16258),#16262);
#16258 = LINE('',#16259,#16260);
#16259 = CARTESIAN_POINT('',(4.,0.));
#16260 = VECTOR('',#16261,1.);
#16261 = DIRECTION('',(0.,-1.));
#16262 = ( GEOMETRIC_REPRESENTATION_CONTEXT(2) 
PARAMETRIC_REPRESENTATION_CONTEXT() REPRESENTATION_CONTEXT('2D SPACE',''
  ) );
#16263 = PCURVE('',#15563,#16264);
#16264 = DEFINITIONAL_REPRESENTATION('',(#16265),#16269);
#16265 = LINE('',#16266,#16267);
#16266 = CARTESIAN_POINT('',(115.6,0.));
#16267 = VECTOR('',#16268,1.);
#16268 = DIRECTION('',(0.,1.));
#16269 = ( GEOMETRIC_REPRESENTATION_CONTEXT(2) 
PARAMETRIC_REPRESENTATION_CONTEXT() REPRESENTATION_CONTEXT('2D SPACE',''
  ) );
#16270 = ADVANCED_FACE('',(#16271),#15395,.F.);
#16271 = FACE_BOUND('',#16272,.T.);
#16272 = EDGE_LOOP('',(#16273,#16294,#16295,#16296));
#16273 = ORIENTED_EDGE('',*,*,#16274,.F.);
#16274 = EDGE_CURVE('',#15351,#16275,#16277,.T.);
#16275 = VERTEX_POINT('',#16276);
#16276 = CARTESIAN_POINT('',(59.8,-38.73656622558,-2.));
#16277 = SURFACE_CURVE('',#16278,(#16282,#16288),.PCURVE_S1.);
#16278 = LINE('',#16279,#16280);
#16279 = CARTESIAN_POINT('',(59.8,-38.73656622558,-3.));
#16280 = VECTOR('',#16281,1.);
#16281 = DIRECTION('',(-0.,-0.,-1.));
#16282 = PCURVE('',#15395,#16283);
#16283 = DEFINITIONAL_REPRESENTATION('',(#16284),#16287);
#16284 = B_SPLINE_CURVE_WITH_KNOTS('',1,(#16285,#16286),.UNSPECIFIED.,
  .F.,.F.,(2,2),(-3.0000006,-0.8),.PIECEWISE_BEZIER_KNOTS.);
#16285 = CARTESIAN_POINT('',(-0.861680766651,-3.0000006));
#16286 = CARTESIAN_POINT('',(-0.861680766651,-0.8));
#16287 = ( GEOMETRIC_REPRESENTATION_CONTEXT(2) 
PARAMETRIC_REPRESENTATION_CONTEXT() REPRESENTATION_CONTEXT('2D SPACE',''
  ) );
#16288 = PCURVE('',#15366,#16289);
#16289 = DEFINITIONAL_REPRESENTATION('',(#16290),#16293);
#16290 = B_SPLINE_CURVE_WITH_KNOTS('',1,(#16291,#16292),.UNSPECIFIED.,
  .F.,.F.,(2,2),(-3.0000006,-0.8),.PIECEWISE_BEZIER_KNOTS.);
#16291 = CARTESIAN_POINT('',(2.0000006,-6.063433774416));
#16292 = CARTESIAN_POINT('',(-0.2,-6.063433774416));
#16293 = ( GEOMETRIC_REPRESENTATION_CONTEXT(2) 
PARAMETRIC_REPRESENTATION_CONTEXT() REPRESENTATION_CONTEXT('2D SPACE',''
  ) );
#16294 = ORIENTED_EDGE('',*,*,#15378,.T.);
#16295 = ORIENTED_EDGE('',*,*,#16182,.T.);
#16296 = ORIENTED_EDGE('',*,*,#16297,.T.);
#16297 = EDGE_CURVE('',#16183,#16275,#16298,.T.);
#16298 = SURFACE_CURVE('',#16299,(#16304,#16311),.PCURVE_S1.);
#16299 = CIRCLE('',#16300,4.3);
#16300 = AXIS2_PLACEMENT_3D('',#16301,#16302,#16303);
#16301 = CARTESIAN_POINT('',(57.,-42.,-2.));
#16302 = DIRECTION('',(0.,0.,-1.));
#16303 = DIRECTION('',(1.,0.,0.));
#16304 = PCURVE('',#15395,#16305);
#16305 = DEFINITIONAL_REPRESENTATION('',(#16306),#16310);
#16306 = LINE('',#16307,#16308);
#16307 = CARTESIAN_POINT('',(-6.28318530718,-1.));
#16308 = VECTOR('',#16309,1.);
#16309 = DIRECTION('',(1.,-0.));
#16310 = ( GEOMETRIC_REPRESENTATION_CONTEXT(2) 
PARAMETRIC_REPRESENTATION_CONTEXT() REPRESENTATION_CONTEXT('2D SPACE',''
  ) );
#16311 = PCURVE('',#16218,#16312);
#16312 = DEFINITIONAL_REPRESENTATION('',(#16313),#16321);
#16313 = ( BOUNDED_CURVE() B_SPLINE_CURVE(2,(#16314,#16315,#16316,#16317
    ,#16318,#16319,#16320),.UNSPECIFIED.,.T.,.F.) 
B_SPLINE_CURVE_WITH_KNOTS((1,2,2,2,2,1),(-2.094395102393,0.,
    2.094395102393,4.188790204786,6.28318530718,8.377580409573),
.UNSPECIFIED.) CURVE() GEOMETRIC_REPRESENTATION_ITEM() 
RATIONAL_B_SPLINE_CURVE((1.,0.5,1.,0.5,1.,0.5,1.)) REPRESENTATION_ITEM(
  '') );
#16314 = CARTESIAN_POINT('',(121.1,2.8));
#16315 = CARTESIAN_POINT('',(121.1,-4.647818472546));
#16316 = CARTESIAN_POINT('',(114.65,-0.923909236273));
#16317 = CARTESIAN_POINT('',(108.2,2.8));
#16318 = CARTESIAN_POINT('',(114.65,6.523909236273));
#16319 = CARTESIAN_POINT('',(121.1,10.247818472546));
#16320 = CARTESIAN_POINT('',(121.1,2.8));
#16321 = ( GEOMETRIC_REPRESENTATION_CONTEXT(2) 
PARAMETRIC_REPRESENTATION_CONTEXT() REPRESENTATION_CONTEXT('2D SPACE',''
  ) );
#16322 = ADVANCED_FACE('',(#16323),#15366,.T.);
#16323 = FACE_BOUND('',#16324,.T.);
#16324 = EDGE_LOOP('',(#16325,#16326,#16327,#16350));
#16325 = ORIENTED_EDGE('',*,*,#15350,.F.);
#16326 = ORIENTED_EDGE('',*,*,#16274,.T.);
#16327 = ORIENTED_EDGE('',*,*,#16328,.T.);
#16328 = EDGE_CURVE('',#16275,#16329,#16331,.T.);
#16329 = VERTEX_POINT('',#16330);
#16330 = CARTESIAN_POINT('',(59.8,38.736566225584,-2.));
#16331 = SURFACE_CURVE('',#16332,(#16336,#16343),.PCURVE_S1.);
#16332 = LINE('',#16333,#16334);
#16333 = CARTESIAN_POINT('',(59.8,-44.8,-2.));
#16334 = VECTOR('',#16335,1.);
#16335 = DIRECTION('',(0.,1.,0.));
#16336 = PCURVE('',#15366,#16337);
#16337 = DEFINITIONAL_REPRESENTATION('',(#16338),#16342);
#16338 = LINE('',#16339,#16340);
#16339 = CARTESIAN_POINT('',(0.,0.));
#16340 = VECTOR('',#16341,1.);
#16341 = DIRECTION('',(0.,-1.));
#16342 = ( GEOMETRIC_REPRESENTATION_CONTEXT(2) 
PARAMETRIC_REPRESENTATION_CONTEXT() REPRESENTATION_CONTEXT('2D SPACE',''
  ) );
#16343 = PCURVE('',#16218,#16344);
#16344 = DEFINITIONAL_REPRESENTATION('',(#16345),#16349);
#16345 = LINE('',#16346,#16347);
#16346 = CARTESIAN_POINT('',(119.6,0.));
#16347 = VECTOR('',#16348,1.);
#16348 = DIRECTION('',(0.,1.));
#16349 = ( GEOMETRIC_REPRESENTATION_CONTEXT(2) 
PARAMETRIC_REPRESENTATION_CONTEXT() REPRESENTATION_CONTEXT('2D SPACE',''
  ) );
#16350 = ORIENTED_EDGE('',*,*,#16351,.F.);
#16351 = EDGE_CURVE('',#15322,#16329,#16352,.T.);
#16352 = SURFACE_CURVE('',#16353,(#16357,#16363),.PCURVE_S1.);
#16353 = LINE('',#16354,#16355);
#16354 = CARTESIAN_POINT('',(59.8,38.736566225584,-3.));
#16355 = VECTOR('',#16356,1.);
#16356 = DIRECTION('',(-0.,-0.,-1.));
#16357 = PCURVE('',#15366,#16358);
#16358 = DEFINITIONAL_REPRESENTATION('',(#16359),#16362);
#16359 = B_SPLINE_CURVE_WITH_KNOTS('',1,(#16360,#16361),.UNSPECIFIED.,
  .F.,.F.,(2,2),(-3.0000006,-0.8),.PIECEWISE_BEZIER_KNOTS.);
#16360 = CARTESIAN_POINT('',(2.0000006,-83.53656622558));
#16361 = CARTESIAN_POINT('',(-0.2,-83.53656622558));
#16362 = ( GEOMETRIC_REPRESENTATION_CONTEXT(2) 
PARAMETRIC_REPRESENTATION_CONTEXT() REPRESENTATION_CONTEXT('2D SPACE',''
  ) );
#16363 = PCURVE('',#15338,#16364);
#16364 = DEFINITIONAL_REPRESENTATION('',(#16365),#16368);
#16365 = B_SPLINE_CURVE_WITH_KNOTS('',1,(#16366,#16367),.UNSPECIFIED.,
  .F.,.F.,(2,2),(-3.0000006,-0.8),.PIECEWISE_BEZIER_KNOTS.);
#16366 = CARTESIAN_POINT('',(-5.421504540529,-3.0000006));
#16367 = CARTESIAN_POINT('',(-5.421504540529,-0.8));
#16368 = ( GEOMETRIC_REPRESENTATION_CONTEXT(2) 
PARAMETRIC_REPRESENTATION_CONTEXT() REPRESENTATION_CONTEXT('2D SPACE',''
  ) );
#16369 = ADVANCED_FACE('',(#16370),#15338,.F.);
#16370 = FACE_BOUND('',#16371,.T.);
#16371 = EDGE_LOOP('',(#16372,#16373,#16374,#16400));
#16372 = ORIENTED_EDGE('',*,*,#15321,.T.);
#16373 = ORIENTED_EDGE('',*,*,#16351,.T.);
#16374 = ORIENTED_EDGE('',*,*,#16375,.T.);
#16375 = EDGE_CURVE('',#16329,#16204,#16376,.T.);
#16376 = SURFACE_CURVE('',#16377,(#16382,#16389),.PCURVE_S1.);
#16377 = CIRCLE('',#16378,4.3);
#16378 = AXIS2_PLACEMENT_3D('',#16379,#16380,#16381);
#16379 = CARTESIAN_POINT('',(57.,42.,-2.));
#16380 = DIRECTION('',(0.,0.,-1.));
#16381 = DIRECTION('',(1.,0.,0.));
#16382 = PCURVE('',#15338,#16383);
#16383 = DEFINITIONAL_REPRESENTATION('',(#16384),#16388);
#16384 = LINE('',#16385,#16386);
#16385 = CARTESIAN_POINT('',(-6.28318530718,-1.));
#16386 = VECTOR('',#16387,1.);
#16387 = DIRECTION('',(1.,-0.));
#16388 = ( GEOMETRIC_REPRESENTATION_CONTEXT(2) 
PARAMETRIC_REPRESENTATION_CONTEXT() REPRESENTATION_CONTEXT('2D SPACE',''
  ) );
#16389 = PCURVE('',#16218,#16390);
#16390 = DEFINITIONAL_REPRESENTATION('',(#16391),#16399);
#16391 = ( BOUNDED_CURVE() B_SPLINE_CURVE(2,(#16392,#16393,#16394,#16395
    ,#16396,#16397,#16398),.UNSPECIFIED.,.T.,.F.) 
B_SPLINE_CURVE_WITH_KNOTS((1,2,2,2,2,1),(-2.094395102393,0.,
    2.094395102393,4.188790204786,6.28318530718,8.377580409573),
.UNSPECIFIED.) CURVE() GEOMETRIC_REPRESENTATION_ITEM() 
RATIONAL_B_SPLINE_CURVE((1.,0.5,1.,0.5,1.,0.5,1.)) REPRESENTATION_ITEM(
  '') );
#16392 = CARTESIAN_POINT('',(121.1,86.8));
#16393 = CARTESIAN_POINT('',(121.1,79.352181527454));
#16394 = CARTESIAN_POINT('',(114.65,83.076090763727));
#16395 = CARTESIAN_POINT('',(108.2,86.8));
#16396 = CARTESIAN_POINT('',(114.65,90.523909236273));
#16397 = CARTESIAN_POINT('',(121.1,94.247818472546));
#16398 = CARTESIAN_POINT('',(121.1,86.8));
#16399 = ( GEOMETRIC_REPRESENTATION_CONTEXT(2) 
PARAMETRIC_REPRESENTATION_CONTEXT() REPRESENTATION_CONTEXT('2D SPACE',''
  ) );
#16400 = ORIENTED_EDGE('',*,*,#16229,.F.);
#16401 = ADVANCED_FACE('',(#16402),#15119,.F.);
#16402 = FACE_BOUND('',#16403,.F.);
#16403 = EDGE_LOOP('',(#16404,#16405,#16406,#16427,#16453,#16472,#16473,
    #16474));
#16404 = ORIENTED_EDGE('',*,*,#15965,.T.);
#16405 = ORIENTED_EDGE('',*,*,#15216,.F.);
#16406 = ORIENTED_EDGE('',*,*,#16407,.T.);
#16407 = EDGE_CURVE('',#15188,#16408,#16410,.T.);
#16408 = VERTEX_POINT('',#16409);
#16409 = CARTESIAN_POINT('',(52.775073965145,42.8,-2.));
#16410 = SURFACE_CURVE('',#16411,(#16415,#16421),.PCURVE_S1.);
#16411 = LINE('',#16412,#16413);
#16412 = CARTESIAN_POINT('',(52.775073965144,42.8,-3.));
#16413 = VECTOR('',#16414,1.);
#16414 = DIRECTION('',(-0.,-0.,-1.));
#16415 = PCURVE('',#15119,#16416);
#16416 = DEFINITIONAL_REPRESENTATION('',(#16417),#16420);
#16417 = B_SPLINE_CURVE_WITH_KNOTS('',1,(#16418,#16419),.UNSPECIFIED.,
  .F.,.F.,(2,2),(-3.0000006,-0.7),.PIECEWISE_BEZIER_KNOTS.);
#16418 = CARTESIAN_POINT('',(3.0000006,110.57507396514));
#16419 = CARTESIAN_POINT('',(0.7,110.57507396514));
#16420 = ( GEOMETRIC_REPRESENTATION_CONTEXT(2) 
PARAMETRIC_REPRESENTATION_CONTEXT() REPRESENTATION_CONTEXT('2D SPACE',''
  ) );
#16421 = PCURVE('',#15204,#16422);
#16422 = DEFINITIONAL_REPRESENTATION('',(#16423),#16426);
#16423 = B_SPLINE_CURVE_WITH_KNOTS('',1,(#16424,#16425),.UNSPECIFIED.,
  .F.,.F.,(2,2),(-3.0000006,-0.7),.PIECEWISE_BEZIER_KNOTS.);
#16424 = CARTESIAN_POINT('',(-2.954455791038,-3.0000006));
#16425 = CARTESIAN_POINT('',(-2.954455791038,-0.7));
#16426 = ( GEOMETRIC_REPRESENTATION_CONTEXT(2) 
PARAMETRIC_REPRESENTATION_CONTEXT() REPRESENTATION_CONTEXT('2D SPACE',''
  ) );
#16427 = ORIENTED_EDGE('',*,*,#16428,.T.);
#16428 = EDGE_CURVE('',#16408,#16429,#16431,.T.);
#16429 = VERTEX_POINT('',#16430);
#16430 = CARTESIAN_POINT('',(-52.77507396514,42.8,-2.));
#16431 = SURFACE_CURVE('',#16432,(#16436,#16442),.PCURVE_S1.);
#16432 = LINE('',#16433,#16434);
#16433 = CARTESIAN_POINT('',(-58.8,42.8,-2.));
#16434 = VECTOR('',#16435,1.);
#16435 = DIRECTION('',(-1.,0.,0.));
#16436 = PCURVE('',#15119,#16437);
#16437 = DEFINITIONAL_REPRESENTATION('',(#16438),#16441);
#16438 = B_SPLINE_CURVE_WITH_KNOTS('',1,(#16439,#16440),.UNSPECIFIED.,
  .F.,.F.,(2,2),(-116.6,-1.),.PIECEWISE_BEZIER_KNOTS.);
#16439 = CARTESIAN_POINT('',(1.,115.6));
#16440 = CARTESIAN_POINT('',(1.,0.));
#16441 = ( GEOMETRIC_REPRESENTATION_CONTEXT(2) 
PARAMETRIC_REPRESENTATION_CONTEXT() REPRESENTATION_CONTEXT('2D SPACE',''
  ) );
#16442 = PCURVE('',#16443,#16448);
#16443 = PLANE('',#16444);
#16444 = AXIS2_PLACEMENT_3D('',#16445,#16446,#16447);
#16445 = CARTESIAN_POINT('',(-59.8,-44.8,-2.));
#16446 = DIRECTION('',(0.,0.,1.));
#16447 = DIRECTION('',(1.,0.,0.));
#16448 = DEFINITIONAL_REPRESENTATION('',(#16449),#16452);
#16449 = B_SPLINE_CURVE_WITH_KNOTS('',1,(#16450,#16451),.UNSPECIFIED.,
  .F.,.F.,(2,2),(-116.6,-1.),.PIECEWISE_BEZIER_KNOTS.);
#16450 = CARTESIAN_POINT('',(117.6,87.6));
#16451 = CARTESIAN_POINT('',(2.,87.6));
#16452 = ( GEOMETRIC_REPRESENTATION_CONTEXT(2) 
PARAMETRIC_REPRESENTATION_CONTEXT() REPRESENTATION_CONTEXT('2D SPACE',''
  ) );
#16453 = ORIENTED_EDGE('',*,*,#16454,.F.);
#16454 = EDGE_CURVE('',#15104,#16429,#16455,.T.);
#16455 = SURFACE_CURVE('',#16456,(#16460,#16466),.PCURVE_S1.);
#16456 = LINE('',#16457,#16458);
#16457 = CARTESIAN_POINT('',(-52.77507396514,42.8,-3.));
#16458 = VECTOR('',#16459,1.);
#16459 = DIRECTION('',(-0.,-0.,-1.));
#16460 = PCURVE('',#15119,#16461);
#16461 = DEFINITIONAL_REPRESENTATION('',(#16462),#16465);
#16462 = B_SPLINE_CURVE_WITH_KNOTS('',1,(#16463,#16464),.UNSPECIFIED.,
  .F.,.F.,(2,2),(-3.0000006,-0.7),.PIECEWISE_BEZIER_KNOTS.);
#16463 = CARTESIAN_POINT('',(3.0000006,5.024926034856));
#16464 = CARTESIAN_POINT('',(0.7,5.024926034856));
#16465 = ( GEOMETRIC_REPRESENTATION_CONTEXT(2) 
PARAMETRIC_REPRESENTATION_CONTEXT() REPRESENTATION_CONTEXT('2D SPACE',''
  ) );
#16466 = PCURVE('',#15147,#16467);
#16467 = DEFINITIONAL_REPRESENTATION('',(#16468),#16471);
#16468 = B_SPLINE_CURVE_WITH_KNOTS('',1,(#16469,#16470),.UNSPECIFIED.,
  .F.,.F.,(2,2),(-3.0000006,-0.7),.PIECEWISE_BEZIER_KNOTS.);
#16469 = CARTESIAN_POINT('',(-0.187136862552,-3.0000006));
#16470 = CARTESIAN_POINT('',(-0.187136862552,-0.7));
#16471 = ( GEOMETRIC_REPRESENTATION_CONTEXT(2) 
PARAMETRIC_REPRESENTATION_CONTEXT() REPRESENTATION_CONTEXT('2D SPACE',''
  ) );
#16472 = ORIENTED_EDGE('',*,*,#15103,.F.);
#16473 = ORIENTED_EDGE('',*,*,#15869,.F.);
#16474 = ORIENTED_EDGE('',*,*,#16475,.T.);
#16475 = EDGE_CURVE('',#15769,#15938,#16476,.T.);
#16476 = SURFACE_CURVE('',#16477,(#16481,#16488),.PCURVE_S1.);
#16477 = LINE('',#16478,#16479);
#16478 = CARTESIAN_POINT('',(-57.8,42.8,1.));
#16479 = VECTOR('',#16480,1.);
#16480 = DIRECTION('',(1.,0.,0.));
#16481 = PCURVE('',#15119,#16482);
#16482 = DEFINITIONAL_REPRESENTATION('',(#16483),#16487);
#16483 = LINE('',#16484,#16485);
#16484 = CARTESIAN_POINT('',(4.,0.));
#16485 = VECTOR('',#16486,1.);
#16486 = DIRECTION('',(0.,1.));
#16487 = ( GEOMETRIC_REPRESENTATION_CONTEXT(2) 
PARAMETRIC_REPRESENTATION_CONTEXT() REPRESENTATION_CONTEXT('2D SPACE',''
  ) );
#16488 = PCURVE('',#15563,#16489);
#16489 = DEFINITIONAL_REPRESENTATION('',(#16490),#16494);
#16490 = LINE('',#16491,#16492);
#16491 = CARTESIAN_POINT('',(0.,85.6));
#16492 = VECTOR('',#16493,1.);
#16493 = DIRECTION('',(1.,0.));
#16494 = ( GEOMETRIC_REPRESENTATION_CONTEXT(2) 
PARAMETRIC_REPRESENTATION_CONTEXT() REPRESENTATION_CONTEXT('2D SPACE',''
  ) );
#16495 = ADVANCED_FACE('',(#16496),#15204,.F.);
#16496 = FACE_BOUND('',#16497,.T.);
#16497 = EDGE_LOOP('',(#16498,#16519,#16520,#16521));
#16498 = ORIENTED_EDGE('',*,*,#16499,.F.);
#16499 = EDGE_CURVE('',#15160,#16500,#16502,.T.);
#16500 = VERTEX_POINT('',#16501);
#16501 = CARTESIAN_POINT('',(53.736566225584,44.8,-2.));
#16502 = SURFACE_CURVE('',#16503,(#16507,#16513),.PCURVE_S1.);
#16503 = LINE('',#16504,#16505);
#16504 = CARTESIAN_POINT('',(53.736566225584,44.8,-3.));
#16505 = VECTOR('',#16506,1.);
#16506 = DIRECTION('',(-0.,-0.,-1.));
#16507 = PCURVE('',#15204,#16508);
#16508 = DEFINITIONAL_REPRESENTATION('',(#16509),#16512);
#16509 = B_SPLINE_CURVE_WITH_KNOTS('',1,(#16510,#16511),.UNSPECIFIED.,
  .F.,.F.,(2,2),(-3.0000006,-0.8),.PIECEWISE_BEZIER_KNOTS.);
#16510 = CARTESIAN_POINT('',(-2.432477093445,-3.0000006));
#16511 = CARTESIAN_POINT('',(-2.432477093445,-0.8));
#16512 = ( GEOMETRIC_REPRESENTATION_CONTEXT(2) 
PARAMETRIC_REPRESENTATION_CONTEXT() REPRESENTATION_CONTEXT('2D SPACE',''
  ) );
#16513 = PCURVE('',#15175,#16514);
#16514 = DEFINITIONAL_REPRESENTATION('',(#16515),#16518);
#16515 = B_SPLINE_CURVE_WITH_KNOTS('',1,(#16516,#16517),.UNSPECIFIED.,
  .F.,.F.,(2,2),(-3.0000006,-0.8),.PIECEWISE_BEZIER_KNOTS.);
#16516 = CARTESIAN_POINT('',(2.0000006,113.53656622558));
#16517 = CARTESIAN_POINT('',(-0.2,113.53656622558));
#16518 = ( GEOMETRIC_REPRESENTATION_CONTEXT(2) 
PARAMETRIC_REPRESENTATION_CONTEXT() REPRESENTATION_CONTEXT('2D SPACE',''
  ) );
#16519 = ORIENTED_EDGE('',*,*,#15187,.T.);
#16520 = ORIENTED_EDGE('',*,*,#16407,.T.);
#16521 = ORIENTED_EDGE('',*,*,#16522,.T.);
#16522 = EDGE_CURVE('',#16408,#16500,#16523,.T.);
#16523 = SURFACE_CURVE('',#16524,(#16529,#16536),.PCURVE_S1.);
#16524 = CIRCLE('',#16525,4.3);
#16525 = AXIS2_PLACEMENT_3D('',#16526,#16527,#16528);
#16526 = CARTESIAN_POINT('',(57.,42.,-2.));
#16527 = DIRECTION('',(0.,0.,-1.));
#16528 = DIRECTION('',(1.,0.,0.));
#16529 = PCURVE('',#15204,#16530);
#16530 = DEFINITIONAL_REPRESENTATION('',(#16531),#16535);
#16531 = LINE('',#16532,#16533);
#16532 = CARTESIAN_POINT('',(-6.28318530718,-1.));
#16533 = VECTOR('',#16534,1.);
#16534 = DIRECTION('',(1.,-0.));
#16535 = ( GEOMETRIC_REPRESENTATION_CONTEXT(2) 
PARAMETRIC_REPRESENTATION_CONTEXT() REPRESENTATION_CONTEXT('2D SPACE',''
  ) );
#16536 = PCURVE('',#16443,#16537);
#16537 = DEFINITIONAL_REPRESENTATION('',(#16538),#16546);
#16538 = ( BOUNDED_CURVE() B_SPLINE_CURVE(2,(#16539,#16540,#16541,#16542
    ,#16543,#16544,#16545),.UNSPECIFIED.,.T.,.F.) 
B_SPLINE_CURVE_WITH_KNOTS((1,2,2,2,2,1),(-2.094395102393,0.,
    2.094395102393,4.188790204786,6.28318530718,8.377580409573),
.UNSPECIFIED.) CURVE() GEOMETRIC_REPRESENTATION_ITEM() 
RATIONAL_B_SPLINE_CURVE((1.,0.5,1.,0.5,1.,0.5,1.)) REPRESENTATION_ITEM(
  '') );
#16539 = CARTESIAN_POINT('',(121.1,86.8));
#16540 = CARTESIAN_POINT('',(121.1,79.352181527454));
#16541 = CARTESIAN_POINT('',(114.65,83.076090763727));
#16542 = CARTESIAN_POINT('',(108.2,86.8));
#16543 = CARTESIAN_POINT('',(114.65,90.523909236273));
#16544 = CARTESIAN_POINT('',(121.1,94.247818472546));
#16545 = CARTESIAN_POINT('',(121.1,86.8));
#16546 = ( GEOMETRIC_REPRESENTATION_CONTEXT(2) 
PARAMETRIC_REPRESENTATION_CONTEXT() REPRESENTATION_CONTEXT('2D SPACE',''
  ) );
#16547 = ADVANCED_FACE('',(#16548),#15175,.T.);
#16548 = FACE_BOUND('',#16549,.T.);
#16549 = EDGE_LOOP('',(#16550,#16573,#16592,#16593));
#16550 = ORIENTED_EDGE('',*,*,#16551,.F.);
#16551 = EDGE_CURVE('',#16552,#16500,#16554,.T.);
#16552 = VERTEX_POINT('',#16553);
#16553 = CARTESIAN_POINT('',(-53.73656622558,44.8,-2.));
#16554 = SURFACE_CURVE('',#16555,(#16559,#16566),.PCURVE_S1.);
#16555 = LINE('',#16556,#16557);
#16556 = CARTESIAN_POINT('',(-59.8,44.8,-2.));
#16557 = VECTOR('',#16558,1.);
#16558 = DIRECTION('',(1.,0.,0.));
#16559 = PCURVE('',#15175,#16560);
#16560 = DEFINITIONAL_REPRESENTATION('',(#16561),#16565);
#16561 = LINE('',#16562,#16563);
#16562 = CARTESIAN_POINT('',(0.,0.));
#16563 = VECTOR('',#16564,1.);
#16564 = DIRECTION('',(0.,1.));
#16565 = ( GEOMETRIC_REPRESENTATION_CONTEXT(2) 
PARAMETRIC_REPRESENTATION_CONTEXT() REPRESENTATION_CONTEXT('2D SPACE',''
  ) );
#16566 = PCURVE('',#16443,#16567);
#16567 = DEFINITIONAL_REPRESENTATION('',(#16568),#16572);
#16568 = LINE('',#16569,#16570);
#16569 = CARTESIAN_POINT('',(0.,89.6));
#16570 = VECTOR('',#16571,1.);
#16571 = DIRECTION('',(1.,0.));
#16572 = ( GEOMETRIC_REPRESENTATION_CONTEXT(2) 
PARAMETRIC_REPRESENTATION_CONTEXT() REPRESENTATION_CONTEXT('2D SPACE',''
  ) );
#16573 = ORIENTED_EDGE('',*,*,#16574,.F.);
#16574 = EDGE_CURVE('',#15131,#16552,#16575,.T.);
#16575 = SURFACE_CURVE('',#16576,(#16580,#16586),.PCURVE_S1.);
#16576 = LINE('',#16577,#16578);
#16577 = CARTESIAN_POINT('',(-53.73656622558,44.8,-3.));
#16578 = VECTOR('',#16579,1.);
#16579 = DIRECTION('',(-0.,-0.,-1.));
#16580 = PCURVE('',#15175,#16581);
#16581 = DEFINITIONAL_REPRESENTATION('',(#16582),#16585);
#16582 = B_SPLINE_CURVE_WITH_KNOTS('',1,(#16583,#16584),.UNSPECIFIED.,
  .F.,.F.,(2,2),(-3.0000006,-0.8),.PIECEWISE_BEZIER_KNOTS.);
#16583 = CARTESIAN_POINT('',(2.0000006,6.063433774416));
#16584 = CARTESIAN_POINT('',(-0.2,6.063433774416));
#16585 = ( GEOMETRIC_REPRESENTATION_CONTEXT(2) 
PARAMETRIC_REPRESENTATION_CONTEXT() REPRESENTATION_CONTEXT('2D SPACE',''
  ) );
#16586 = PCURVE('',#15147,#16587);
#16587 = DEFINITIONAL_REPRESENTATION('',(#16588),#16591);
#16588 = B_SPLINE_CURVE_WITH_KNOTS('',1,(#16589,#16590),.UNSPECIFIED.,
  .F.,.F.,(2,2),(-3.0000006,-0.8),.PIECEWISE_BEZIER_KNOTS.);
#16589 = CARTESIAN_POINT('',(-0.709115560144,-3.0000006));
#16590 = CARTESIAN_POINT('',(-0.709115560144,-0.8));
#16591 = ( GEOMETRIC_REPRESENTATION_CONTEXT(2) 
PARAMETRIC_REPRESENTATION_CONTEXT() REPRESENTATION_CONTEXT('2D SPACE',''
  ) );
#16592 = ORIENTED_EDGE('',*,*,#15159,.T.);
#16593 = ORIENTED_EDGE('',*,*,#16499,.T.);
#16594 = ADVANCED_FACE('',(#16595),#15147,.F.);
#16595 = FACE_BOUND('',#16596,.T.);
#16596 = EDGE_LOOP('',(#16597,#16598,#16599,#16600));
#16597 = ORIENTED_EDGE('',*,*,#16454,.F.);
#16598 = ORIENTED_EDGE('',*,*,#15130,.T.);
#16599 = ORIENTED_EDGE('',*,*,#16574,.T.);
#16600 = ORIENTED_EDGE('',*,*,#16601,.T.);
#16601 = EDGE_CURVE('',#16552,#16429,#16602,.T.);
#16602 = SURFACE_CURVE('',#16603,(#16608,#16615),.PCURVE_S1.);
#16603 = CIRCLE('',#16604,4.3);
#16604 = AXIS2_PLACEMENT_3D('',#16605,#16606,#16607);
#16605 = CARTESIAN_POINT('',(-57.,42.,-2.));
#16606 = DIRECTION('',(0.,0.,-1.));
#16607 = DIRECTION('',(1.,0.,0.));
#16608 = PCURVE('',#15147,#16609);
#16609 = DEFINITIONAL_REPRESENTATION('',(#16610),#16614);
#16610 = LINE('',#16611,#16612);
#16611 = CARTESIAN_POINT('',(-6.28318530718,-1.));
#16612 = VECTOR('',#16613,1.);
#16613 = DIRECTION('',(1.,-0.));
#16614 = ( GEOMETRIC_REPRESENTATION_CONTEXT(2) 
PARAMETRIC_REPRESENTATION_CONTEXT() REPRESENTATION_CONTEXT('2D SPACE',''
  ) );
#16615 = PCURVE('',#16443,#16616);
#16616 = DEFINITIONAL_REPRESENTATION('',(#16617),#16625);
#16617 = ( BOUNDED_CURVE() B_SPLINE_CURVE(2,(#16618,#16619,#16620,#16621
    ,#16622,#16623,#16624),.UNSPECIFIED.,.T.,.F.) 
B_SPLINE_CURVE_WITH_KNOTS((1,2,2,2,2,1),(-2.094395102393,0.,
    2.094395102393,4.188790204786,6.28318530718,8.377580409573),
.UNSPECIFIED.) CURVE() GEOMETRIC_REPRESENTATION_ITEM() 
RATIONAL_B_SPLINE_CURVE((1.,0.5,1.,0.5,1.,0.5,1.)) REPRESENTATION_ITEM(
  '') );
#16618 = CARTESIAN_POINT('',(7.1,86.8));
#16619 = CARTESIAN_POINT('',(7.1,79.352181527454));
#16620 = CARTESIAN_POINT('',(0.65,83.076090763727));
#16621 = CARTESIAN_POINT('',(-5.8,86.8));
#16622 = CARTESIAN_POINT('',(0.65,90.523909236273));
#16623 = CARTESIAN_POINT('',(7.1,94.247818472546));
#16624 = CARTESIAN_POINT('',(7.1,86.8));
#16625 = ( GEOMETRIC_REPRESENTATION_CONTEXT(2) 
PARAMETRIC_REPRESENTATION_CONTEXT() REPRESENTATION_CONTEXT('2D SPACE',''
  ) );
#16626 = ADVANCED_FACE('',(#16627),#14956,.T.);
#16627 = FACE_BOUND('',#16628,.T.);
#16628 = EDGE_LOOP('',(#16629,#16630,#16631,#16652,#16678,#16697,#16698,
    #16699));
#16629 = ORIENTED_EDGE('',*,*,#15650,.T.);
#16630 = ORIENTED_EDGE('',*,*,#14940,.F.);
#16631 = ORIENTED_EDGE('',*,*,#16632,.T.);
#16632 = EDGE_CURVE('',#14941,#16633,#16635,.T.);
#16633 = VERTEX_POINT('',#16634);
#16634 = CARTESIAN_POINT('',(-57.8,-37.77507396514,-2.));
#16635 = SURFACE_CURVE('',#16636,(#16640,#16646),.PCURVE_S1.);
#16636 = LINE('',#16637,#16638);
#16637 = CARTESIAN_POINT('',(-57.8,-37.77507396514,-3.));
#16638 = VECTOR('',#16639,1.);
#16639 = DIRECTION('',(-0.,-0.,-1.));
#16640 = PCURVE('',#14956,#16641);
#16641 = DEFINITIONAL_REPRESENTATION('',(#16642),#16645);
#16642 = B_SPLINE_CURVE_WITH_KNOTS('',1,(#16643,#16644),.UNSPECIFIED.,
  .F.,.F.,(2,2),(-3.0000006,-0.7),.PIECEWISE_BEZIER_KNOTS.);
#16643 = CARTESIAN_POINT('',(3.0000006,-5.024926034856));
#16644 = CARTESIAN_POINT('',(0.7,-5.024926034856));
#16645 = ( GEOMETRIC_REPRESENTATION_CONTEXT(2) 
PARAMETRIC_REPRESENTATION_CONTEXT() REPRESENTATION_CONTEXT('2D SPACE',''
  ) );
#16646 = PCURVE('',#14984,#16647);
#16647 = DEFINITIONAL_REPRESENTATION('',(#16648),#16651);
#16648 = B_SPLINE_CURVE_WITH_KNOTS('',1,(#16649,#16650),.UNSPECIFIED.,
  .F.,.F.,(2,2),(-3.0000006,-0.7),.PIECEWISE_BEZIER_KNOTS.);
#16649 = CARTESIAN_POINT('',(-1.757933189347,-3.0000006));
#16650 = CARTESIAN_POINT('',(-1.757933189347,-0.7));
#16651 = ( GEOMETRIC_REPRESENTATION_CONTEXT(2) 
PARAMETRIC_REPRESENTATION_CONTEXT() REPRESENTATION_CONTEXT('2D SPACE',''
  ) );
#16652 = ORIENTED_EDGE('',*,*,#16653,.T.);
#16653 = EDGE_CURVE('',#16633,#16654,#16656,.T.);
#16654 = VERTEX_POINT('',#16655);
#16655 = CARTESIAN_POINT('',(-57.8,37.775073965145,-2.));
#16656 = SURFACE_CURVE('',#16657,(#16661,#16667),.PCURVE_S1.);
#16657 = LINE('',#16658,#16659);
#16658 = CARTESIAN_POINT('',(-57.8,-43.8,-2.));
#16659 = VECTOR('',#16660,1.);
#16660 = DIRECTION('',(0.,1.,0.));
#16661 = PCURVE('',#14956,#16662);
#16662 = DEFINITIONAL_REPRESENTATION('',(#16663),#16666);
#16663 = B_SPLINE_CURVE_WITH_KNOTS('',1,(#16664,#16665),.UNSPECIFIED.,
  .F.,.F.,(2,2),(1.,86.6),.PIECEWISE_BEZIER_KNOTS.);
#16664 = CARTESIAN_POINT('',(1.,0.));
#16665 = CARTESIAN_POINT('',(1.,-85.6));
#16666 = ( GEOMETRIC_REPRESENTATION_CONTEXT(2) 
PARAMETRIC_REPRESENTATION_CONTEXT() REPRESENTATION_CONTEXT('2D SPACE',''
  ) );
#16667 = PCURVE('',#16668,#16673);
#16668 = PLANE('',#16669);
#16669 = AXIS2_PLACEMENT_3D('',#16670,#16671,#16672);
#16670 = CARTESIAN_POINT('',(-59.8,-44.8,-2.));
#16671 = DIRECTION('',(0.,0.,1.));
#16672 = DIRECTION('',(1.,0.,0.));
#16673 = DEFINITIONAL_REPRESENTATION('',(#16674),#16677);
#16674 = B_SPLINE_CURVE_WITH_KNOTS('',1,(#16675,#16676),.UNSPECIFIED.,
  .F.,.F.,(2,2),(1.,86.6),.PIECEWISE_BEZIER_KNOTS.);
#16675 = CARTESIAN_POINT('',(2.,2.));
#16676 = CARTESIAN_POINT('',(2.,87.6));
#16677 = ( GEOMETRIC_REPRESENTATION_CONTEXT(2) 
PARAMETRIC_REPRESENTATION_CONTEXT() REPRESENTATION_CONTEXT('2D SPACE',''
  ) );
#16678 = ORIENTED_EDGE('',*,*,#16679,.F.);
#16679 = EDGE_CURVE('',#15025,#16654,#16680,.T.);
#16680 = SURFACE_CURVE('',#16681,(#16685,#16691),.PCURVE_S1.);
#16681 = LINE('',#16682,#16683);
#16682 = CARTESIAN_POINT('',(-57.8,37.775073965144,-3.));
#16683 = VECTOR('',#16684,1.);
#16684 = DIRECTION('',(-0.,-0.,-1.));
#16685 = PCURVE('',#14956,#16686);
#16686 = DEFINITIONAL_REPRESENTATION('',(#16687),#16690);
#16687 = B_SPLINE_CURVE_WITH_KNOTS('',1,(#16688,#16689),.UNSPECIFIED.,
  .F.,.F.,(2,2),(-3.0000006,-0.7),.PIECEWISE_BEZIER_KNOTS.);
#16688 = CARTESIAN_POINT('',(3.0000006,-80.57507396514));
#16689 = CARTESIAN_POINT('',(0.7,-80.57507396514));
#16690 = ( GEOMETRIC_REPRESENTATION_CONTEXT(2) 
PARAMETRIC_REPRESENTATION_CONTEXT() REPRESENTATION_CONTEXT('2D SPACE',''
  ) );
#16691 = PCURVE('',#15041,#16692);
#16692 = DEFINITIONAL_REPRESENTATION('',(#16693),#16696);
#16693 = B_SPLINE_CURVE_WITH_KNOTS('',1,(#16694,#16695),.UNSPECIFIED.,
  .F.,.F.,(2,2),(-3.0000006,-0.7),.PIECEWISE_BEZIER_KNOTS.);
#16694 = CARTESIAN_POINT('',(-4.525252117833,-3.0000006));
#16695 = CARTESIAN_POINT('',(-4.525252117833,-0.7));
#16696 = ( GEOMETRIC_REPRESENTATION_CONTEXT(2) 
PARAMETRIC_REPRESENTATION_CONTEXT() REPRESENTATION_CONTEXT('2D SPACE',''
  ) );
#16697 = ORIENTED_EDGE('',*,*,#15053,.F.);
#16698 = ORIENTED_EDGE('',*,*,#15849,.F.);
#16699 = ORIENTED_EDGE('',*,*,#16700,.F.);
#16700 = EDGE_CURVE('',#15545,#15822,#16701,.T.);
#16701 = SURFACE_CURVE('',#16702,(#16706,#16713),.PCURVE_S1.);
#16702 = LINE('',#16703,#16704);
#16703 = CARTESIAN_POINT('',(-57.8,-42.8,1.));
#16704 = VECTOR('',#16705,1.);
#16705 = DIRECTION('',(0.,1.,0.));
#16706 = PCURVE('',#14956,#16707);
#16707 = DEFINITIONAL_REPRESENTATION('',(#16708),#16712);
#16708 = LINE('',#16709,#16710);
#16709 = CARTESIAN_POINT('',(4.,0.));
#16710 = VECTOR('',#16711,1.);
#16711 = DIRECTION('',(0.,-1.));
#16712 = ( GEOMETRIC_REPRESENTATION_CONTEXT(2) 
PARAMETRIC_REPRESENTATION_CONTEXT() REPRESENTATION_CONTEXT('2D SPACE',''
  ) );
#16713 = PCURVE('',#15563,#16714);
#16714 = DEFINITIONAL_REPRESENTATION('',(#16715),#16719);
#16715 = LINE('',#16716,#16717);
#16716 = CARTESIAN_POINT('',(0.,0.));
#16717 = VECTOR('',#16718,1.);
#16718 = DIRECTION('',(0.,1.));
#16719 = ( GEOMETRIC_REPRESENTATION_CONTEXT(2) 
PARAMETRIC_REPRESENTATION_CONTEXT() REPRESENTATION_CONTEXT('2D SPACE',''
  ) );
#16720 = ADVANCED_FACE('',(#16721),#15041,.F.);
#16721 = FACE_BOUND('',#16722,.T.);
#16722 = EDGE_LOOP('',(#16723,#16724,#16725,#16753));
#16723 = ORIENTED_EDGE('',*,*,#15024,.T.);
#16724 = ORIENTED_EDGE('',*,*,#16679,.T.);
#16725 = ORIENTED_EDGE('',*,*,#16726,.T.);
#16726 = EDGE_CURVE('',#16654,#16727,#16729,.T.);
#16727 = VERTEX_POINT('',#16728);
#16728 = CARTESIAN_POINT('',(-59.8,38.736566225584,-2.));
#16729 = SURFACE_CURVE('',#16730,(#16735,#16742),.PCURVE_S1.);
#16730 = CIRCLE('',#16731,4.3);
#16731 = AXIS2_PLACEMENT_3D('',#16732,#16733,#16734);
#16732 = CARTESIAN_POINT('',(-57.,42.,-2.));
#16733 = DIRECTION('',(0.,0.,-1.));
#16734 = DIRECTION('',(1.,0.,0.));
#16735 = PCURVE('',#15041,#16736);
#16736 = DEFINITIONAL_REPRESENTATION('',(#16737),#16741);
#16737 = LINE('',#16738,#16739);
#16738 = CARTESIAN_POINT('',(-6.28318530718,-1.));
#16739 = VECTOR('',#16740,1.);
#16740 = DIRECTION('',(1.,-0.));
#16741 = ( GEOMETRIC_REPRESENTATION_CONTEXT(2) 
PARAMETRIC_REPRESENTATION_CONTEXT() REPRESENTATION_CONTEXT('2D SPACE',''
  ) );
#16742 = PCURVE('',#16668,#16743);
#16743 = DEFINITIONAL_REPRESENTATION('',(#16744),#16752);
#16744 = ( BOUNDED_CURVE() B_SPLINE_CURVE(2,(#16745,#16746,#16747,#16748
    ,#16749,#16750,#16751),.UNSPECIFIED.,.T.,.F.) 
B_SPLINE_CURVE_WITH_KNOTS((1,2,2,2,2,1),(-2.094395102393,0.,
    2.094395102393,4.188790204786,6.28318530718,8.377580409573),
.UNSPECIFIED.) CURVE() GEOMETRIC_REPRESENTATION_ITEM() 
RATIONAL_B_SPLINE_CURVE((1.,0.5,1.,0.5,1.,0.5,1.)) REPRESENTATION_ITEM(
  '') );
#16745 = CARTESIAN_POINT('',(7.1,86.8));
#16746 = CARTESIAN_POINT('',(7.1,79.352181527454));
#16747 = CARTESIAN_POINT('',(0.65,83.076090763727));
#16748 = CARTESIAN_POINT('',(-5.8,86.8));
#16749 = CARTESIAN_POINT('',(0.65,90.523909236273));
#16750 = CARTESIAN_POINT('',(7.1,94.247818472546));
#16751 = CARTESIAN_POINT('',(7.1,86.8));
#16752 = ( GEOMETRIC_REPRESENTATION_CONTEXT(2) 
PARAMETRIC_REPRESENTATION_CONTEXT() REPRESENTATION_CONTEXT('2D SPACE',''
  ) );
#16753 = ORIENTED_EDGE('',*,*,#16754,.F.);
#16754 = EDGE_CURVE('',#14997,#16727,#16755,.T.);
#16755 = SURFACE_CURVE('',#16756,(#16760,#16766),.PCURVE_S1.);
#16756 = LINE('',#16757,#16758);
#16757 = CARTESIAN_POINT('',(-59.8,38.736566225584,-3.));
#16758 = VECTOR('',#16759,1.);
#16759 = DIRECTION('',(-0.,-0.,-1.));
#16760 = PCURVE('',#15041,#16761);
#16761 = DEFINITIONAL_REPRESENTATION('',(#16762),#16765);
#16762 = B_SPLINE_CURVE_WITH_KNOTS('',1,(#16763,#16764),.UNSPECIFIED.,
  .F.,.F.,(2,2),(-3.0000006,-0.8),.PIECEWISE_BEZIER_KNOTS.);
#16763 = CARTESIAN_POINT('',(-4.00327342024,-3.0000006));
#16764 = CARTESIAN_POINT('',(-4.00327342024,-0.8));
#16765 = ( GEOMETRIC_REPRESENTATION_CONTEXT(2) 
PARAMETRIC_REPRESENTATION_CONTEXT() REPRESENTATION_CONTEXT('2D SPACE',''
  ) );
#16766 = PCURVE('',#15012,#16767);
#16767 = DEFINITIONAL_REPRESENTATION('',(#16768),#16771);
#16768 = B_SPLINE_CURVE_WITH_KNOTS('',1,(#16769,#16770),.UNSPECIFIED.,
  .F.,.F.,(2,2),(-3.0000006,-0.8),.PIECEWISE_BEZIER_KNOTS.);
#16769 = CARTESIAN_POINT('',(2.0000006,-83.53656622558));
#16770 = CARTESIAN_POINT('',(-0.2,-83.53656622558));
#16771 = ( GEOMETRIC_REPRESENTATION_CONTEXT(2) 
PARAMETRIC_REPRESENTATION_CONTEXT() REPRESENTATION_CONTEXT('2D SPACE',''
  ) );
#16772 = ADVANCED_FACE('',(#16773),#15012,.F.);
#16773 = FACE_BOUND('',#16774,.F.);
#16774 = EDGE_LOOP('',(#16775,#16776,#16797,#16818));
#16775 = ORIENTED_EDGE('',*,*,#14996,.F.);
#16776 = ORIENTED_EDGE('',*,*,#16777,.T.);
#16777 = EDGE_CURVE('',#14968,#16778,#16780,.T.);
#16778 = VERTEX_POINT('',#16779);
#16779 = CARTESIAN_POINT('',(-59.8,-38.73656622558,-2.));
#16780 = SURFACE_CURVE('',#16781,(#16785,#16791),.PCURVE_S1.);
#16781 = LINE('',#16782,#16783);
#16782 = CARTESIAN_POINT('',(-59.8,-38.73656622558,-3.));
#16783 = VECTOR('',#16784,1.);
#16784 = DIRECTION('',(-0.,-0.,-1.));
#16785 = PCURVE('',#15012,#16786);
#16786 = DEFINITIONAL_REPRESENTATION('',(#16787),#16790);
#16787 = B_SPLINE_CURVE_WITH_KNOTS('',1,(#16788,#16789),.UNSPECIFIED.,
  .F.,.F.,(2,2),(-3.0000006,-0.8),.PIECEWISE_BEZIER_KNOTS.);
#16788 = CARTESIAN_POINT('',(2.0000006,-6.063433774416));
#16789 = CARTESIAN_POINT('',(-0.2,-6.063433774416));
#16790 = ( GEOMETRIC_REPRESENTATION_CONTEXT(2) 
PARAMETRIC_REPRESENTATION_CONTEXT() REPRESENTATION_CONTEXT('2D SPACE',''
  ) );
#16791 = PCURVE('',#14984,#16792);
#16792 = DEFINITIONAL_REPRESENTATION('',(#16793),#16796);
#16793 = B_SPLINE_CURVE_WITH_KNOTS('',1,(#16794,#16795),.UNSPECIFIED.,
  .F.,.F.,(2,2),(-3.0000006,-0.8),.PIECEWISE_BEZIER_KNOTS.);
#16794 = CARTESIAN_POINT('',(-2.279911886939,-3.0000006));
#16795 = CARTESIAN_POINT('',(-2.279911886939,-0.8));
#16796 = ( GEOMETRIC_REPRESENTATION_CONTEXT(2) 
PARAMETRIC_REPRESENTATION_CONTEXT() REPRESENTATION_CONTEXT('2D SPACE',''
  ) );
#16797 = ORIENTED_EDGE('',*,*,#16798,.T.);
#16798 = EDGE_CURVE('',#16778,#16727,#16799,.T.);
#16799 = SURFACE_CURVE('',#16800,(#16804,#16811),.PCURVE_S1.);
#16800 = LINE('',#16801,#16802);
#16801 = CARTESIAN_POINT('',(-59.8,-44.8,-2.));
#16802 = VECTOR('',#16803,1.);
#16803 = DIRECTION('',(0.,1.,0.));
#16804 = PCURVE('',#15012,#16805);
#16805 = DEFINITIONAL_REPRESENTATION('',(#16806),#16810);
#16806 = LINE('',#16807,#16808);
#16807 = CARTESIAN_POINT('',(0.,0.));
#16808 = VECTOR('',#16809,1.);
#16809 = DIRECTION('',(0.,-1.));
#16810 = ( GEOMETRIC_REPRESENTATION_CONTEXT(2) 
PARAMETRIC_REPRESENTATION_CONTEXT() REPRESENTATION_CONTEXT('2D SPACE',''
  ) );
#16811 = PCURVE('',#16668,#16812);
#16812 = DEFINITIONAL_REPRESENTATION('',(#16813),#16817);
#16813 = LINE('',#16814,#16815);
#16814 = CARTESIAN_POINT('',(0.,0.));
#16815 = VECTOR('',#16816,1.);
#16816 = DIRECTION('',(0.,1.));
#16817 = ( GEOMETRIC_REPRESENTATION_CONTEXT(2) 
PARAMETRIC_REPRESENTATION_CONTEXT() REPRESENTATION_CONTEXT('2D SPACE',''
  ) );
#16818 = ORIENTED_EDGE('',*,*,#16754,.F.);
#16819 = ADVANCED_FACE('',(#16820),#14984,.F.);
#16820 = FACE_BOUND('',#16821,.T.);
#16821 = EDGE_LOOP('',(#16822,#16823,#16824,#16825));
#16822 = ORIENTED_EDGE('',*,*,#16632,.F.);
#16823 = ORIENTED_EDGE('',*,*,#14967,.T.);
#16824 = ORIENTED_EDGE('',*,*,#16777,.T.);
#16825 = ORIENTED_EDGE('',*,*,#16826,.T.);
#16826 = EDGE_CURVE('',#16778,#16633,#16827,.T.);
#16827 = SURFACE_CURVE('',#16828,(#16833,#16840),.PCURVE_S1.);
#16828 = CIRCLE('',#16829,4.3);
#16829 = AXIS2_PLACEMENT_3D('',#16830,#16831,#16832);
#16830 = CARTESIAN_POINT('',(-57.,-42.,-2.));
#16831 = DIRECTION('',(0.,0.,-1.));
#16832 = DIRECTION('',(1.,0.,0.));
#16833 = PCURVE('',#14984,#16834);
#16834 = DEFINITIONAL_REPRESENTATION('',(#16835),#16839);
#16835 = LINE('',#16836,#16837);
#16836 = CARTESIAN_POINT('',(-6.28318530718,-1.));
#16837 = VECTOR('',#16838,1.);
#16838 = DIRECTION('',(1.,-0.));
#16839 = ( GEOMETRIC_REPRESENTATION_CONTEXT(2) 
PARAMETRIC_REPRESENTATION_CONTEXT() REPRESENTATION_CONTEXT('2D SPACE',''
  ) );
#16840 = PCURVE('',#16668,#16841);
#16841 = DEFINITIONAL_REPRESENTATION('',(#16842),#16850);
#16842 = ( BOUNDED_CURVE() B_SPLINE_CURVE(2,(#16843,#16844,#16845,#16846
    ,#16847,#16848,#16849),.UNSPECIFIED.,.T.,.F.) 
B_SPLINE_CURVE_WITH_KNOTS((1,2,2,2,2,1),(-2.094395102393,0.,
    2.094395102393,4.188790204786,6.28318530718,8.377580409573),
.UNSPECIFIED.) CURVE() GEOMETRIC_REPRESENTATION_ITEM() 
RATIONAL_B_SPLINE_CURVE((1.,0.5,1.,0.5,1.,0.5,1.)) REPRESENTATION_ITEM(
  '') );
#16843 = CARTESIAN_POINT('',(7.1,2.8));
#16844 = CARTESIAN_POINT('',(7.1,-4.647818472546));
#16845 = CARTESIAN_POINT('',(0.65,-0.923909236273));
#16846 = CARTESIAN_POINT('',(-5.8,2.8));
#16847 = CARTESIAN_POINT('',(0.65,6.523909236273));
#16848 = CARTESIAN_POINT('',(7.1,10.247818472546));
#16849 = CARTESIAN_POINT('',(7.1,2.8));
#16850 = ( GEOMETRIC_REPRESENTATION_CONTEXT(2) 
PARAMETRIC_REPRESENTATION_CONTEXT() REPRESENTATION_CONTEXT('2D SPACE',''
  ) );
#16851 = ADVANCED_FACE('',(#16852),#14873,.F.);
#16852 = FACE_BOUND('',#16853,.T.);
#16853 = EDGE_LOOP('',(#16854,#16855,#16856,#16882));
#16854 = ORIENTED_EDGE('',*,*,#14856,.T.);
#16855 = ORIENTED_EDGE('',*,*,#16135,.T.);
#16856 = ORIENTED_EDGE('',*,*,#16857,.T.);
#16857 = EDGE_CURVE('',#16115,#15988,#16858,.T.);
#16858 = SURFACE_CURVE('',#16859,(#16864,#16871),.PCURVE_S1.);
#16859 = CIRCLE('',#16860,4.3);
#16860 = AXIS2_PLACEMENT_3D('',#16861,#16862,#16863);
#16861 = CARTESIAN_POINT('',(-57.,-42.,-2.));
#16862 = DIRECTION('',(0.,0.,-1.));
#16863 = DIRECTION('',(1.,0.,0.));
#16864 = PCURVE('',#14873,#16865);
#16865 = DEFINITIONAL_REPRESENTATION('',(#16866),#16870);
#16866 = LINE('',#16867,#16868);
#16867 = CARTESIAN_POINT('',(-6.28318530718,-1.));
#16868 = VECTOR('',#16869,1.);
#16869 = DIRECTION('',(1.,-0.));
#16870 = ( GEOMETRIC_REPRESENTATION_CONTEXT(2) 
PARAMETRIC_REPRESENTATION_CONTEXT() REPRESENTATION_CONTEXT('2D SPACE',''
  ) );
#16871 = PCURVE('',#16005,#16872);
#16872 = DEFINITIONAL_REPRESENTATION('',(#16873),#16881);
#16873 = ( BOUNDED_CURVE() B_SPLINE_CURVE(2,(#16874,#16875,#16876,#16877
    ,#16878,#16879,#16880),.UNSPECIFIED.,.T.,.F.) 
B_SPLINE_CURVE_WITH_KNOTS((1,2,2,2,2,1),(-2.094395102393,0.,
    2.094395102393,4.188790204786,6.28318530718,8.377580409573),
.UNSPECIFIED.) CURVE() GEOMETRIC_REPRESENTATION_ITEM() 
RATIONAL_B_SPLINE_CURVE((1.,0.5,1.,0.5,1.,0.5,1.)) REPRESENTATION_ITEM(
  '') );
#16874 = CARTESIAN_POINT('',(7.1,2.8));
#16875 = CARTESIAN_POINT('',(7.1,-4.647818472546));
#16876 = CARTESIAN_POINT('',(0.65,-0.923909236273));
#16877 = CARTESIAN_POINT('',(-5.8,2.8));
#16878 = CARTESIAN_POINT('',(0.65,6.523909236273));
#16879 = CARTESIAN_POINT('',(7.1,10.247818472546));
#16880 = CARTESIAN_POINT('',(7.1,2.8));
#16881 = ( GEOMETRIC_REPRESENTATION_CONTEXT(2) 
PARAMETRIC_REPRESENTATION_CONTEXT() REPRESENTATION_CONTEXT('2D SPACE',''
  ) );
#16882 = ORIENTED_EDGE('',*,*,#16017,.F.);
#16883 = ADVANCED_FACE('',(#16884),#15563,.F.);
#16884 = FACE_BOUND('',#16885,.F.);
#16885 = EDGE_LOOP('',(#16886,#16887,#16888,#16889,#16890,#16891,#16892,
    #16893,#16894,#16895));
#16886 = ORIENTED_EDGE('',*,*,#16700,.F.);
#16887 = ORIENTED_EDGE('',*,*,#15544,.T.);
#16888 = ORIENTED_EDGE('',*,*,#15602,.T.);
#16889 = ORIENTED_EDGE('',*,*,#16156,.T.);
#16890 = ORIENTED_EDGE('',*,*,#15718,.T.);
#16891 = ORIENTED_EDGE('',*,*,#16250,.T.);
#16892 = ORIENTED_EDGE('',*,*,#15937,.T.);
#16893 = ORIENTED_EDGE('',*,*,#16475,.F.);
#16894 = ORIENTED_EDGE('',*,*,#15768,.T.);
#16895 = ORIENTED_EDGE('',*,*,#15821,.T.);
#16896 = ADVANCED_FACE('',(#16897),#16005,.F.);
#16897 = FACE_BOUND('',#16898,.F.);
#16898 = EDGE_LOOP('',(#16899,#16900,#16901,#16902));
#16899 = ORIENTED_EDGE('',*,*,#16857,.T.);
#16900 = ORIENTED_EDGE('',*,*,#15987,.T.);
#16901 = ORIENTED_EDGE('',*,*,#16061,.T.);
#16902 = ORIENTED_EDGE('',*,*,#16114,.T.);
#16903 = ADVANCED_FACE('',(#16904),#16218,.F.);
#16904 = FACE_BOUND('',#16905,.F.);
#16905 = EDGE_LOOP('',(#16906,#16907,#16908,#16909));
#16906 = ORIENTED_EDGE('',*,*,#16297,.T.);
#16907 = ORIENTED_EDGE('',*,*,#16328,.T.);
#16908 = ORIENTED_EDGE('',*,*,#16375,.T.);
#16909 = ORIENTED_EDGE('',*,*,#16203,.F.);
#16910 = ADVANCED_FACE('',(#16911),#16443,.F.);
#16911 = FACE_BOUND('',#16912,.F.);
#16912 = EDGE_LOOP('',(#16913,#16914,#16915,#16916));
#16913 = ORIENTED_EDGE('',*,*,#16551,.F.);
#16914 = ORIENTED_EDGE('',*,*,#16601,.T.);
#16915 = ORIENTED_EDGE('',*,*,#16428,.F.);
#16916 = ORIENTED_EDGE('',*,*,#16522,.T.);
#16917 = ADVANCED_FACE('',(#16918),#16668,.F.);
#16918 = FACE_BOUND('',#16919,.F.);
#16919 = EDGE_LOOP('',(#16920,#16921,#16922,#16923));
#16920 = ORIENTED_EDGE('',*,*,#16798,.F.);
#16921 = ORIENTED_EDGE('',*,*,#16826,.T.);
#16922 = ORIENTED_EDGE('',*,*,#16653,.T.);
#16923 = ORIENTED_EDGE('',*,*,#16726,.T.);
#16924 = ( GEOMETRIC_REPRESENTATION_CONTEXT(3) 
GLOBAL_UNCERTAINTY_ASSIGNED_CONTEXT((#16928)) 
GLOBAL_UNIT_ASSIGNED_CONTEXT((#16925,#16926,#16927)) 
REPRESENTATION_CONTEXT('Context #1',
  '3D Context with UNIT and UNCERTAINTY') );
#16925 = ( LENGTH_UNIT() NAMED_UNIT(*) SI_UNIT(.MILLI.,.METRE.) );
#16926 = ( NAMED_UNIT(*) PLANE_ANGLE_UNIT() SI_UNIT($,.RADIAN.) );
#16927 = ( NAMED_UNIT(*) SI_UNIT($,.STERADIAN.) SOLID_ANGLE_UNIT() );
#16928 = UNCERTAINTY_MEASURE_WITH_UNIT(LENGTH_MEASURE(1.E-07),#16925,
  'distance_accuracy_value','confusion accuracy');
#16929 = CONTEXT_DEPENDENT_SHAPE_REPRESENTATION(#16930,#16932);
#16930 = ( REPRESENTATION_RELATIONSHIP('','',#14359,#10) 
REPRESENTATION_RELATIONSHIP_WITH_TRANSFORMATION(#16931) 
SHAPE_REPRESENTATION_RELATIONSHIP() );
#16931 = ITEM_DEFINED_TRANSFORMATION('','',#11,#31);
#16932 = PRODUCT_DEFINITION_SHAPE('Placement','Placement of an item',
  #16933);
#16933 = NEXT_ASSEMBLY_USAGE_OCCURRENCE('5','node_lid','',#5,#14354,$);
#16934 = PRODUCT_RELATED_PRODUCT_CATEGORY('part',$,(#14356));
#16935 = SHAPE_DEFINITION_REPRESENTATION(#4971,#16936);
#16936 = SHAPE_REPRESENTATION('',(#15),#4963);
#16937 = SHAPE_DEFINITION_REPRESENTATION(#7094,#16938);
#16938 = SHAPE_REPRESENTATION('',(#19),#7086);
#16939 = SHAPE_DEFINITION_REPRESENTATION(#8850,#16940);
#16940 = SHAPE_REPRESENTATION('',(#23),#8842);
#16941 = SHAPE_DEFINITION_REPRESENTATION(#14349,#16942);
#16942 = SHAPE_REPRESENTATION('',(#27),#14341);
#16943 = SHAPE_DEFINITION_REPRESENTATION(#16932,#16944);
#16944 = SHAPE_REPRESENTATION('',(#31),#16924);
#16945 = SHAPE_DEFINITION_REPRESENTATION(#4971,#16946);
#16946 = SHAPE_REPRESENTATION('',(#15),#4963);
#16947 = SHAPE_DEFINITION_REPRESENTATION(#7094,#16948);
#16948 = SHAPE_REPRESENTATION('',(#19),#7086);
#16949 = SHAPE_DEFINITION_REPRESENTATION(#8850,#16950);
#16950 = SHAPE_REPRESENTATION('',(#23),#8842);
#16951 = SHAPE_DEFINITION_REPRESENTATION(#14349,#16952);
#16952 = SHAPE_REPRESENTATION('',(#27),#14341);
#16953 = SHAPE_DEFINITION_REPRESENTATION(#16932,#16954);
#16954 = SHAPE_REPRESENTATION('',(#31),#16924);
#16955 = MECHANICAL_DESIGN_GEOMETRIC_PRESENTATION_REPRESENTATION('',(
    #16956,#16964),#14341);
#16956 = STYLED_ITEM('color',(#16957),#8861);
#16957 = PRESENTATION_STYLE_ASSIGNMENT((#16958));
#16958 = SURFACE_STYLE_USAGE(.BOTH.,#16959);
#16959 = SURFACE_SIDE_STYLE('',(#16960));
#16960 = SURFACE_STYLE_FILL_AREA(#16961);
#16961 = FILL_AREA_STYLE('',(#16962));
#16962 = FILL_AREA_STYLE_COLOUR('',#16963);
#16963 = COLOUR_RGB('',0.299999996101,0.460000000054,0.500000003429);
#16964 = OVER_RIDING_STYLED_ITEM('overriding color',(#16965),#8861,
  #16956);
#16965 = PRESENTATION_STYLE_BY_CONTEXT((#16966),#16952);
#16966 = SURFACE_STYLE_USAGE(.BOTH.,#16967);
#16967 = SURFACE_SIDE_STYLE('',(#16968));
#16968 = SURFACE_STYLE_FILL_AREA(#16969);
#16969 = FILL_AREA_STYLE('',(#16970));
#16970 = FILL_AREA_STYLE_COLOUR('',#16971);
#16971 = COLOUR_RGB('',0.299999996101,0.460000000054,0.500000003429);
#16972 = MECHANICAL_DESIGN_GEOMETRIC_PRESENTATION_REPRESENTATION('',(
    #16973,#16981),#7086);
#16973 = STYLED_ITEM('color',(#16974),#4982);
#16974 = PRESENTATION_STYLE_ASSIGNMENT((#16975));
#16975 = SURFACE_STYLE_USAGE(.BOTH.,#16976);
#16976 = SURFACE_SIDE_STYLE('',(#16977));
#16977 = SURFACE_STYLE_FILL_AREA(#16978);
#16978 = FILL_AREA_STYLE('',(#16979));
#16979 = FILL_AREA_STYLE_COLOUR('',#16980);
#16980 = COLOUR_RGB('',0.199999998682,0.219999994989,0.259999998834);
#16981 = OVER_RIDING_STYLED_ITEM('overriding color',(#16982),#4982,
  #16973);
#16982 = PRESENTATION_STYLE_BY_CONTEXT((#16983),#16948);
#16983 = SURFACE_STYLE_USAGE(.BOTH.,#16984);
#16984 = SURFACE_SIDE_STYLE('',(#16985));
#16985 = SURFACE_STYLE_FILL_AREA(#16986);
#16986 = FILL_AREA_STYLE('',(#16987));
#16987 = FILL_AREA_STYLE_COLOUR('',#16988);
#16988 = COLOUR_RGB('',0.199999998682,0.219999994989,0.259999998834);
#16989 = MECHANICAL_DESIGN_GEOMETRIC_PRESENTATION_REPRESENTATION('',(
    #16990,#16998),#16924);
#16990 = STYLED_ITEM('color',(#16991),#14360);
#16991 = PRESENTATION_STYLE_ASSIGNMENT((#16992));
#16992 = SURFACE_STYLE_USAGE(.BOTH.,#16993);
#16993 = SURFACE_SIDE_STYLE('',(#16994));
#16994 = SURFACE_STYLE_FILL_AREA(#16995);
#16995 = FILL_AREA_STYLE('',(#16996));
#16996 = FILL_AREA_STYLE_COLOUR('',#16997);
#16997 = COLOUR_RGB('',0.399999997426,0.569999999601,0.610000008801);
#16998 = OVER_RIDING_STYLED_ITEM('overriding color',(#16999),#14360,
  #16990);
#16999 = PRESENTATION_STYLE_BY_CONTEXT((#17000),#16954);
#17000 = SURFACE_STYLE_USAGE(.BOTH.,#17001);
#17001 = SURFACE_SIDE_STYLE('',(#17002));
#17002 = SURFACE_STYLE_FILL_AREA(#17003);
#17003 = FILL_AREA_STYLE('',(#17004));
#17004 = FILL_AREA_STYLE_COLOUR('',#17005);
#17005 = COLOUR_RGB('',0.399999997426,0.569999999601,0.610000008801);
#17006 = MECHANICAL_DESIGN_GEOMETRIC_PRESENTATION_REPRESENTATION('',(
    #17007,#17015),#8842);
#17007 = STYLED_ITEM('color',(#17008),#7105);
#17008 = PRESENTATION_STYLE_ASSIGNMENT((#17009));
#17009 = SURFACE_STYLE_USAGE(.BOTH.,#17010);
#17010 = SURFACE_SIDE_STYLE('',(#17011));
#17011 = SURFACE_STYLE_FILL_AREA(#17012);
#17012 = FILL_AREA_STYLE('',(#17013));
#17013 = FILL_AREA_STYLE_COLOUR('',#17014);
#17014 = COLOUR_RGB('',0.78000000177,0.800000010877,0.830000008529);
#17015 = OVER_RIDING_STYLED_ITEM('overriding color',(#17016),#7105,
  #17007);
#17016 = PRESENTATION_STYLE_BY_CONTEXT((#17017),#16950);
#17017 = SURFACE_STYLE_USAGE(.BOTH.,#17018);
#17018 = SURFACE_SIDE_STYLE('',(#17019));
#17019 = SURFACE_STYLE_FILL_AREA(#17020);
#17020 = FILL_AREA_STYLE('',(#17021));
#17021 = FILL_AREA_STYLE_COLOUR('',#17022);
#17022 = COLOUR_RGB('',0.78000000177,0.800000010877,0.830000008529);
#17023 = MECHANICAL_DESIGN_GEOMETRIC_PRESENTATION_REPRESENTATION('',(
    #17024,#17032),#4963);
#17024 = STYLED_ITEM('color',(#17025),#49);
#17025 = PRESENTATION_STYLE_ASSIGNMENT((#17026));
#17026 = SURFACE_STYLE_USAGE(.BOTH.,#17027);
#17027 = SURFACE_SIDE_STYLE('',(#17028));
#17028 = SURFACE_STYLE_FILL_AREA(#17029);
#17029 = FILL_AREA_STYLE('',(#17030));
#17030 = FILL_AREA_STYLE_COLOUR('',#17031);
#17031 = COLOUR_RGB('',0.620000000292,0.659999992303,0.700000005816);
#17032 = OVER_RIDING_STYLED_ITEM('overriding color',(#17033),#49,#17024
  );
#17033 = PRESENTATION_STYLE_BY_CONTEXT((#17034),#16946);
#17034 = SURFACE_STYLE_USAGE(.BOTH.,#17035);
#17035 = SURFACE_SIDE_STYLE('',(#17036));
#17036 = SURFACE_STYLE_FILL_AREA(#17037);
#17037 = FILL_AREA_STYLE('',(#17038));
#17038 = FILL_AREA_STYLE_COLOUR('',#17039);
#17039 = COLOUR_RGB('',0.620000000292,0.659999992303,0.700000005816);

#17040=DESCRIPTIVE_REPRESENTATION_ITEM('cadpy:generator','cadpy');
#17041=REPRESENTATION('cadpy:generator',(#17040),#35);
#17042=PROPERTY_DEFINITION('cadpy metadata','cadpy:generator',#5);
#17043=PROPERTY_DEFINITION_REPRESENTATION(#17042,#17041);
#17044=DESCRIPTIVE_REPRESENTATION_ITEM('cadpy:entryKind','assembly');
#17045=REPRESENTATION('cadpy:entryKind',(#17044),#35);
#17046=PROPERTY_DEFINITION('cadpy metadata','cadpy:entryKind',#5);
#17047=PROPERTY_DEFINITION_REPRESENTATION(#17046,#17045);
#17048=DESCRIPTIVE_REPRESENTATION_ITEM('cadpy:sourcePath','attendance_capture_point.py');
#17049=REPRESENTATION('cadpy:sourcePath',(#17048),#35);
#17050=PROPERTY_DEFINITION('cadpy metadata','cadpy:sourcePath',#5);
#17051=PROPERTY_DEFINITION_REPRESENTATION(#17050,#17049);
#17052=DESCRIPTIVE_REPRESENTATION_ITEM('cadpy:sourceHash','6e064386572692916e2591ab5a86c9ca701dfd7c4fc631080bbebff63b10c389');
#17053=REPRESENTATION('cadpy:sourceHash',(#17052),#35);
#17054=PROPERTY_DEFINITION('cadpy metadata','cadpy:sourceHash',#5);
#17055=PROPERTY_DEFINITION_REPRESENTATION(#17054,#17053);
ENDSEC;
END-ISO-10303-21;
