ISO-10303-21;
HEADER;
FILE_DESCRIPTION(('Open CASCADE Model'),'2;1');
FILE_NAME('Open CASCADE Shape Model','2026-08-10T10:03:02',('Author'),(
    'Open CASCADE'),'Open CASCADE STEP processor 7.9','Open CASCADE 7.9'
  ,'Unknown');
FILE_SCHEMA(('AUTOMOTIVE_DESIGN { 1 0 10303 214 1 1 1 1 }'));
ENDSEC;
DATA;
#1 = APPLICATION_PROTOCOL_DEFINITION('international standard',
  'automotive_design',2000,#2);
#2 = APPLICATION_CONTEXT(
  'core data for automotive mechanical design processes');
#3 = SHAPE_DEFINITION_REPRESENTATION(#4,#10);
#4 = PRODUCT_DEFINITION_SHAPE('','',#5);
#5 = PRODUCT_DEFINITION('design','',#6,#9);
#6 = PRODUCT_DEFINITION_FORMATION('','',#7);
#7 = PRODUCT('edge_node_lid','edge_node_lid','',(#8));
#8 = PRODUCT_CONTEXT('',#2,'mechanical');
#9 = PRODUCT_DEFINITION_CONTEXT('part definition',#2,'design');
#10 = ADVANCED_BREP_SHAPE_REPRESENTATION('',(#11,#15),#2579);
#11 = AXIS2_PLACEMENT_3D('',#12,#13,#14);
#12 = CARTESIAN_POINT('',(0.,0.,0.));
#13 = DIRECTION('',(0.,0.,1.));
#14 = DIRECTION('',(1.,0.,-0.));
#15 = MANIFOLD_SOLID_BREP('',#16);
#16 = CLOSED_SHELL('',(#17,#137,#213,#402,#451,#1188,#1195,#1323,#1419,
    #1542,#1638,#1710,#1762,#1831,#1925,#1977,#2024,#2056,#2150,#2202,
    #2249,#2281,#2375,#2427,#2474,#2506,#2538,#2551,#2558,#2565,#2572));
#17 = ADVANCED_FACE('',(#18),#32,.F.);
#18 = FACE_BOUND('',#19,.F.);
#19 = EDGE_LOOP('',(#20,#55,#83,#111));
#20 = ORIENTED_EDGE('',*,*,#21,.F.);
#21 = EDGE_CURVE('',#22,#24,#26,.T.);
#22 = VERTEX_POINT('',#23);
#23 = CARTESIAN_POINT('',(-62.5,-47.5,0.));
#24 = VERTEX_POINT('',#25);
#25 = CARTESIAN_POINT('',(-62.5,-47.5,3.));
#26 = SURFACE_CURVE('',#27,(#31,#43),.PCURVE_S1.);
#27 = LINE('',#28,#29);
#28 = CARTESIAN_POINT('',(-62.5,-47.5,0.));
#29 = VECTOR('',#30,1.);
#30 = DIRECTION('',(0.,0.,1.));
#31 = PCURVE('',#32,#37);
#32 = PLANE('',#33);
#33 = AXIS2_PLACEMENT_3D('',#34,#35,#36);
#34 = CARTESIAN_POINT('',(-62.5,-47.5,0.));
#35 = DIRECTION('',(1.,0.,-0.));
#36 = DIRECTION('',(0.,0.,1.));
#37 = DEFINITIONAL_REPRESENTATION('',(#38),#42);
#38 = LINE('',#39,#40);
#39 = CARTESIAN_POINT('',(0.,0.));
#40 = VECTOR('',#41,1.);
#41 = DIRECTION('',(1.,0.));
#42 = ( GEOMETRIC_REPRESENTATION_CONTEXT(2) 
PARAMETRIC_REPRESENTATION_CONTEXT() REPRESENTATION_CONTEXT('2D SPACE',''
  ) );
#43 = PCURVE('',#44,#49);
#44 = PLANE('',#45);
#45 = AXIS2_PLACEMENT_3D('',#46,#47,#48);
#46 = CARTESIAN_POINT('',(-62.5,-47.5,0.));
#47 = DIRECTION('',(-0.,1.,0.));
#48 = DIRECTION('',(0.,0.,1.));
#49 = DEFINITIONAL_REPRESENTATION('',(#50),#54);
#50 = LINE('',#51,#52);
#51 = CARTESIAN_POINT('',(0.,0.));
#52 = VECTOR('',#53,1.);
#53 = DIRECTION('',(1.,0.));
#54 = ( GEOMETRIC_REPRESENTATION_CONTEXT(2) 
PARAMETRIC_REPRESENTATION_CONTEXT() REPRESENTATION_CONTEXT('2D SPACE',''
  ) );
#55 = ORIENTED_EDGE('',*,*,#56,.T.);
#56 = EDGE_CURVE('',#22,#57,#59,.T.);
#57 = VERTEX_POINT('',#58);
#58 = CARTESIAN_POINT('',(-62.5,47.5,0.));
#59 = SURFACE_CURVE('',#60,(#64,#71),.PCURVE_S1.);
#60 = LINE('',#61,#62);
#61 = CARTESIAN_POINT('',(-62.5,-47.5,0.));
#62 = VECTOR('',#63,1.);
#63 = DIRECTION('',(-0.,1.,0.));
#64 = PCURVE('',#32,#65);
#65 = DEFINITIONAL_REPRESENTATION('',(#66),#70);
#66 = LINE('',#67,#68);
#67 = CARTESIAN_POINT('',(0.,0.));
#68 = VECTOR('',#69,1.);
#69 = DIRECTION('',(0.,-1.));
#70 = ( GEOMETRIC_REPRESENTATION_CONTEXT(2) 
PARAMETRIC_REPRESENTATION_CONTEXT() REPRESENTATION_CONTEXT('2D SPACE',''
  ) );
#71 = PCURVE('',#72,#77);
#72 = PLANE('',#73);
#73 = AXIS2_PLACEMENT_3D('',#74,#75,#76);
#74 = CARTESIAN_POINT('',(-62.5,-47.5,0.));
#75 = DIRECTION('',(0.,0.,1.));
#76 = DIRECTION('',(1.,0.,-0.));
#77 = DEFINITIONAL_REPRESENTATION('',(#78),#82);
#78 = LINE('',#79,#80);
#79 = CARTESIAN_POINT('',(0.,0.));
#80 = VECTOR('',#81,1.);
#81 = DIRECTION('',(0.,1.));
#82 = ( GEOMETRIC_REPRESENTATION_CONTEXT(2) 
PARAMETRIC_REPRESENTATION_CONTEXT() REPRESENTATION_CONTEXT('2D SPACE',''
  ) );
#83 = ORIENTED_EDGE('',*,*,#84,.T.);
#84 = EDGE_CURVE('',#57,#85,#87,.T.);
#85 = VERTEX_POINT('',#86);
#86 = CARTESIAN_POINT('',(-62.5,47.5,3.));
#87 = SURFACE_CURVE('',#88,(#92,#99),.PCURVE_S1.);
#88 = LINE('',#89,#90);
#89 = CARTESIAN_POINT('',(-62.5,47.5,0.));
#90 = VECTOR('',#91,1.);
#91 = DIRECTION('',(0.,0.,1.));
#92 = PCURVE('',#32,#93);
#93 = DEFINITIONAL_REPRESENTATION('',(#94),#98);
#94 = LINE('',#95,#96);
#95 = CARTESIAN_POINT('',(0.,-95.));
#96 = VECTOR('',#97,1.);
#97 = DIRECTION('',(1.,0.));
#98 = ( GEOMETRIC_REPRESENTATION_CONTEXT(2) 
PARAMETRIC_REPRESENTATION_CONTEXT() REPRESENTATION_CONTEXT('2D SPACE',''
  ) );
#99 = PCURVE('',#100,#105);
#100 = PLANE('',#101);
#101 = AXIS2_PLACEMENT_3D('',#102,#103,#104);
#102 = CARTESIAN_POINT('',(-62.5,47.5,0.));
#103 = DIRECTION('',(-0.,1.,0.));
#104 = DIRECTION('',(0.,0.,1.));
#105 = DEFINITIONAL_REPRESENTATION('',(#106),#110);
#106 = LINE('',#107,#108);
#107 = CARTESIAN_POINT('',(0.,0.));
#108 = VECTOR('',#109,1.);
#109 = DIRECTION('',(1.,0.));
#110 = ( GEOMETRIC_REPRESENTATION_CONTEXT(2) 
PARAMETRIC_REPRESENTATION_CONTEXT() REPRESENTATION_CONTEXT('2D SPACE',''
  ) );
#111 = ORIENTED_EDGE('',*,*,#112,.F.);
#112 = EDGE_CURVE('',#24,#85,#113,.T.);
#113 = SURFACE_CURVE('',#114,(#118,#125),.PCURVE_S1.);
#114 = LINE('',#115,#116);
#115 = CARTESIAN_POINT('',(-62.5,-47.5,3.));
#116 = VECTOR('',#117,1.);
#117 = DIRECTION('',(-0.,1.,0.));
#118 = PCURVE('',#32,#119);
#119 = DEFINITIONAL_REPRESENTATION('',(#120),#124);
#120 = LINE('',#121,#122);
#121 = CARTESIAN_POINT('',(3.,0.));
#122 = VECTOR('',#123,1.);
#123 = DIRECTION('',(0.,-1.));
#124 = ( GEOMETRIC_REPRESENTATION_CONTEXT(2) 
PARAMETRIC_REPRESENTATION_CONTEXT() REPRESENTATION_CONTEXT('2D SPACE',''
  ) );
#125 = PCURVE('',#126,#131);
#126 = PLANE('',#127);
#127 = AXIS2_PLACEMENT_3D('',#128,#129,#130);
#128 = CARTESIAN_POINT('',(-62.5,-47.5,3.));
#129 = DIRECTION('',(0.,0.,1.));
#130 = DIRECTION('',(1.,0.,-0.));
#131 = DEFINITIONAL_REPRESENTATION('',(#132),#136);
#132 = LINE('',#133,#134);
#133 = CARTESIAN_POINT('',(0.,0.));
#134 = VECTOR('',#135,1.);
#135 = DIRECTION('',(0.,1.));
#136 = ( GEOMETRIC_REPRESENTATION_CONTEXT(2) 
PARAMETRIC_REPRESENTATION_CONTEXT() REPRESENTATION_CONTEXT('2D SPACE',''
  ) );
#137 = ADVANCED_FACE('',(#138),#44,.F.);
#138 = FACE_BOUND('',#139,.F.);
#139 = EDGE_LOOP('',(#140,#163,#164,#187));
#140 = ORIENTED_EDGE('',*,*,#141,.F.);
#141 = EDGE_CURVE('',#22,#142,#144,.T.);
#142 = VERTEX_POINT('',#143);
#143 = CARTESIAN_POINT('',(62.5,-47.5,0.));
#144 = SURFACE_CURVE('',#145,(#149,#156),.PCURVE_S1.);
#145 = LINE('',#146,#147);
#146 = CARTESIAN_POINT('',(-62.5,-47.5,0.));
#147 = VECTOR('',#148,1.);
#148 = DIRECTION('',(1.,0.,-0.));
#149 = PCURVE('',#44,#150);
#150 = DEFINITIONAL_REPRESENTATION('',(#151),#155);
#151 = LINE('',#152,#153);
#152 = CARTESIAN_POINT('',(0.,0.));
#153 = VECTOR('',#154,1.);
#154 = DIRECTION('',(0.,1.));
#155 = ( GEOMETRIC_REPRESENTATION_CONTEXT(2) 
PARAMETRIC_REPRESENTATION_CONTEXT() REPRESENTATION_CONTEXT('2D SPACE',''
  ) );
#156 = PCURVE('',#72,#157);
#157 = DEFINITIONAL_REPRESENTATION('',(#158),#162);
#158 = LINE('',#159,#160);
#159 = CARTESIAN_POINT('',(0.,0.));
#160 = VECTOR('',#161,1.);
#161 = DIRECTION('',(1.,0.));
#162 = ( GEOMETRIC_REPRESENTATION_CONTEXT(2) 
PARAMETRIC_REPRESENTATION_CONTEXT() REPRESENTATION_CONTEXT('2D SPACE',''
  ) );
#163 = ORIENTED_EDGE('',*,*,#21,.T.);
#164 = ORIENTED_EDGE('',*,*,#165,.T.);
#165 = EDGE_CURVE('',#24,#166,#168,.T.);
#166 = VERTEX_POINT('',#167);
#167 = CARTESIAN_POINT('',(62.5,-47.5,3.));
#168 = SURFACE_CURVE('',#169,(#173,#180),.PCURVE_S1.);
#169 = LINE('',#170,#171);
#170 = CARTESIAN_POINT('',(-62.5,-47.5,3.));
#171 = VECTOR('',#172,1.);
#172 = DIRECTION('',(1.,0.,-0.));
#173 = PCURVE('',#44,#174);
#174 = DEFINITIONAL_REPRESENTATION('',(#175),#179);
#175 = LINE('',#176,#177);
#176 = CARTESIAN_POINT('',(3.,0.));
#177 = VECTOR('',#178,1.);
#178 = DIRECTION('',(0.,1.));
#179 = ( GEOMETRIC_REPRESENTATION_CONTEXT(2) 
PARAMETRIC_REPRESENTATION_CONTEXT() REPRESENTATION_CONTEXT('2D SPACE',''
  ) );
#180 = PCURVE('',#126,#181);
#181 = DEFINITIONAL_REPRESENTATION('',(#182),#186);
#182 = LINE('',#183,#184);
#183 = CARTESIAN_POINT('',(0.,0.));
#184 = VECTOR('',#185,1.);
#185 = DIRECTION('',(1.,0.));
#186 = ( GEOMETRIC_REPRESENTATION_CONTEXT(2) 
PARAMETRIC_REPRESENTATION_CONTEXT() REPRESENTATION_CONTEXT('2D SPACE',''
  ) );
#187 = ORIENTED_EDGE('',*,*,#188,.F.);
#188 = EDGE_CURVE('',#142,#166,#189,.T.);
#189 = SURFACE_CURVE('',#190,(#194,#201),.PCURVE_S1.);
#190 = LINE('',#191,#192);
#191 = CARTESIAN_POINT('',(62.5,-47.5,0.));
#192 = VECTOR('',#193,1.);
#193 = DIRECTION('',(0.,0.,1.));
#194 = PCURVE('',#44,#195);
#195 = DEFINITIONAL_REPRESENTATION('',(#196),#200);
#196 = LINE('',#197,#198);
#197 = CARTESIAN_POINT('',(0.,125.));
#198 = VECTOR('',#199,1.);
#199 = DIRECTION('',(1.,0.));
#200 = ( GEOMETRIC_REPRESENTATION_CONTEXT(2) 
PARAMETRIC_REPRESENTATION_CONTEXT() REPRESENTATION_CONTEXT('2D SPACE',''
  ) );
#201 = PCURVE('',#202,#207);
#202 = PLANE('',#203);
#203 = AXIS2_PLACEMENT_3D('',#204,#205,#206);
#204 = CARTESIAN_POINT('',(62.5,-47.5,0.));
#205 = DIRECTION('',(1.,0.,-0.));
#206 = DIRECTION('',(0.,0.,1.));
#207 = DEFINITIONAL_REPRESENTATION('',(#208),#212);
#208 = LINE('',#209,#210);
#209 = CARTESIAN_POINT('',(0.,0.));
#210 = VECTOR('',#211,1.);
#211 = DIRECTION('',(1.,0.));
#212 = ( GEOMETRIC_REPRESENTATION_CONTEXT(2) 
PARAMETRIC_REPRESENTATION_CONTEXT() REPRESENTATION_CONTEXT('2D SPACE',''
  ) );
#213 = ADVANCED_FACE('',(#214,#262,#297,#332,#367),#126,.T.);
#214 = FACE_BOUND('',#215,.T.);
#215 = EDGE_LOOP('',(#216,#217,#218,#241));
#216 = ORIENTED_EDGE('',*,*,#112,.F.);
#217 = ORIENTED_EDGE('',*,*,#165,.T.);
#218 = ORIENTED_EDGE('',*,*,#219,.T.);
#219 = EDGE_CURVE('',#166,#220,#222,.T.);
#220 = VERTEX_POINT('',#221);
#221 = CARTESIAN_POINT('',(62.5,47.5,3.));
#222 = SURFACE_CURVE('',#223,(#227,#234),.PCURVE_S1.);
#223 = LINE('',#224,#225);
#224 = CARTESIAN_POINT('',(62.5,-47.5,3.));
#225 = VECTOR('',#226,1.);
#226 = DIRECTION('',(-0.,1.,0.));
#227 = PCURVE('',#126,#228);
#228 = DEFINITIONAL_REPRESENTATION('',(#229),#233);
#229 = LINE('',#230,#231);
#230 = CARTESIAN_POINT('',(125.,0.));
#231 = VECTOR('',#232,1.);
#232 = DIRECTION('',(0.,1.));
#233 = ( GEOMETRIC_REPRESENTATION_CONTEXT(2) 
PARAMETRIC_REPRESENTATION_CONTEXT() REPRESENTATION_CONTEXT('2D SPACE',''
  ) );
#234 = PCURVE('',#202,#235);
#235 = DEFINITIONAL_REPRESENTATION('',(#236),#240);
#236 = LINE('',#237,#238);
#237 = CARTESIAN_POINT('',(3.,0.));
#238 = VECTOR('',#239,1.);
#239 = DIRECTION('',(0.,-1.));
#240 = ( GEOMETRIC_REPRESENTATION_CONTEXT(2) 
PARAMETRIC_REPRESENTATION_CONTEXT() REPRESENTATION_CONTEXT('2D SPACE',''
  ) );
#241 = ORIENTED_EDGE('',*,*,#242,.F.);
#242 = EDGE_CURVE('',#85,#220,#243,.T.);
#243 = SURFACE_CURVE('',#244,(#248,#255),.PCURVE_S1.);
#244 = LINE('',#245,#246);
#245 = CARTESIAN_POINT('',(-62.5,47.5,3.));
#246 = VECTOR('',#247,1.);
#247 = DIRECTION('',(1.,0.,-0.));
#248 = PCURVE('',#126,#249);
#249 = DEFINITIONAL_REPRESENTATION('',(#250),#254);
#250 = LINE('',#251,#252);
#251 = CARTESIAN_POINT('',(0.,95.));
#252 = VECTOR('',#253,1.);
#253 = DIRECTION('',(1.,0.));
#254 = ( GEOMETRIC_REPRESENTATION_CONTEXT(2) 
PARAMETRIC_REPRESENTATION_CONTEXT() REPRESENTATION_CONTEXT('2D SPACE',''
  ) );
#255 = PCURVE('',#100,#256);
#256 = DEFINITIONAL_REPRESENTATION('',(#257),#261);
#257 = LINE('',#258,#259);
#258 = CARTESIAN_POINT('',(3.,0.));
#259 = VECTOR('',#260,1.);
#260 = DIRECTION('',(0.,1.));
#261 = ( GEOMETRIC_REPRESENTATION_CONTEXT(2) 
PARAMETRIC_REPRESENTATION_CONTEXT() REPRESENTATION_CONTEXT('2D SPACE',''
  ) );
#262 = FACE_BOUND('',#263,.T.);
#263 = EDGE_LOOP('',(#264));
#264 = ORIENTED_EDGE('',*,*,#265,.T.);
#265 = EDGE_CURVE('',#266,#266,#268,.T.);
#266 = VERTEX_POINT('',#267);
#267 = CARTESIAN_POINT('',(-55.3,-42.,3.));
#268 = SURFACE_CURVE('',#269,(#274,#285),.PCURVE_S1.);
#269 = CIRCLE('',#270,1.7);
#270 = AXIS2_PLACEMENT_3D('',#271,#272,#273);
#271 = CARTESIAN_POINT('',(-57.,-42.,3.));
#272 = DIRECTION('',(0.,0.,-1.));
#273 = DIRECTION('',(1.,0.,0.));
#274 = PCURVE('',#126,#275);
#275 = DEFINITIONAL_REPRESENTATION('',(#276),#284);
#276 = ( BOUNDED_CURVE() B_SPLINE_CURVE(2,(#277,#278,#279,#280,#281,#282
,#283),.UNSPECIFIED.,.T.,.F.) B_SPLINE_CURVE_WITH_KNOTS((1,2,2,2,2,1),(
    -2.094395102393,0.,2.094395102393,4.188790204786,6.28318530718,
8.377580409573),.UNSPECIFIED.) CURVE() GEOMETRIC_REPRESENTATION_ITEM() 
RATIONAL_B_SPLINE_CURVE((1.,0.5,1.,0.5,1.,0.5,1.)) REPRESENTATION_ITEM(
  '') );
#277 = CARTESIAN_POINT('',(7.2,5.5));
#278 = CARTESIAN_POINT('',(7.2,2.555513627133));
#279 = CARTESIAN_POINT('',(4.65,4.027756813566));
#280 = CARTESIAN_POINT('',(2.1,5.5));
#281 = CARTESIAN_POINT('',(4.65,6.972243186434));
#282 = CARTESIAN_POINT('',(7.2,8.444486372867));
#283 = CARTESIAN_POINT('',(7.2,5.5));
#284 = ( GEOMETRIC_REPRESENTATION_CONTEXT(2) 
PARAMETRIC_REPRESENTATION_CONTEXT() REPRESENTATION_CONTEXT('2D SPACE',''
  ) );
#285 = PCURVE('',#286,#291);
#286 = CYLINDRICAL_SURFACE('',#287,1.7);
#287 = AXIS2_PLACEMENT_3D('',#288,#289,#290);
#288 = CARTESIAN_POINT('',(-57.,-42.,-3.));
#289 = DIRECTION('',(-0.,-0.,-1.));
#290 = DIRECTION('',(1.,0.,0.));
#291 = DEFINITIONAL_REPRESENTATION('',(#292),#296);
#292 = LINE('',#293,#294);
#293 = CARTESIAN_POINT('',(-6.28318530718,-6.));
#294 = VECTOR('',#295,1.);
#295 = DIRECTION('',(1.,-0.));
#296 = ( GEOMETRIC_REPRESENTATION_CONTEXT(2) 
PARAMETRIC_REPRESENTATION_CONTEXT() REPRESENTATION_CONTEXT('2D SPACE',''
  ) );
#297 = FACE_BOUND('',#298,.T.);
#298 = EDGE_LOOP('',(#299));
#299 = ORIENTED_EDGE('',*,*,#300,.T.);
#300 = EDGE_CURVE('',#301,#301,#303,.T.);
#301 = VERTEX_POINT('',#302);
#302 = CARTESIAN_POINT('',(58.7,-42.,3.));
#303 = SURFACE_CURVE('',#304,(#309,#320),.PCURVE_S1.);
#304 = CIRCLE('',#305,1.7);
#305 = AXIS2_PLACEMENT_3D('',#306,#307,#308);
#306 = CARTESIAN_POINT('',(57.,-42.,3.));
#307 = DIRECTION('',(0.,0.,-1.));
#308 = DIRECTION('',(1.,0.,0.));
#309 = PCURVE('',#126,#310);
#310 = DEFINITIONAL_REPRESENTATION('',(#311),#319);
#311 = ( BOUNDED_CURVE() B_SPLINE_CURVE(2,(#312,#313,#314,#315,#316,#317
,#318),.UNSPECIFIED.,.T.,.F.) B_SPLINE_CURVE_WITH_KNOTS((1,2,2,2,2,1),(
    -2.094395102393,0.,2.094395102393,4.188790204786,6.28318530718,
8.377580409573),.UNSPECIFIED.) CURVE() GEOMETRIC_REPRESENTATION_ITEM() 
RATIONAL_B_SPLINE_CURVE((1.,0.5,1.,0.5,1.,0.5,1.)) REPRESENTATION_ITEM(
  '') );
#312 = CARTESIAN_POINT('',(121.2,5.5));
#313 = CARTESIAN_POINT('',(121.2,2.555513627133));
#314 = CARTESIAN_POINT('',(118.65,4.027756813566));
#315 = CARTESIAN_POINT('',(116.1,5.5));
#316 = CARTESIAN_POINT('',(118.65,6.972243186434));
#317 = CARTESIAN_POINT('',(121.2,8.444486372867));
#318 = CARTESIAN_POINT('',(121.2,5.5));
#319 = ( GEOMETRIC_REPRESENTATION_CONTEXT(2) 
PARAMETRIC_REPRESENTATION_CONTEXT() REPRESENTATION_CONTEXT('2D SPACE',''
  ) );
#320 = PCURVE('',#321,#326);
#321 = CYLINDRICAL_SURFACE('',#322,1.7);
#322 = AXIS2_PLACEMENT_3D('',#323,#324,#325);
#323 = CARTESIAN_POINT('',(57.,-42.,-3.));
#324 = DIRECTION('',(-0.,-0.,-1.));
#325 = DIRECTION('',(1.,0.,0.));
#326 = DEFINITIONAL_REPRESENTATION('',(#327),#331);
#327 = LINE('',#328,#329);
#328 = CARTESIAN_POINT('',(-6.28318530718,-6.));
#329 = VECTOR('',#330,1.);
#330 = DIRECTION('',(1.,-0.));
#331 = ( GEOMETRIC_REPRESENTATION_CONTEXT(2) 
PARAMETRIC_REPRESENTATION_CONTEXT() REPRESENTATION_CONTEXT('2D SPACE',''
  ) );
#332 = FACE_BOUND('',#333,.T.);
#333 = EDGE_LOOP('',(#334));
#334 = ORIENTED_EDGE('',*,*,#335,.T.);
#335 = EDGE_CURVE('',#336,#336,#338,.T.);
#336 = VERTEX_POINT('',#337);
#337 = CARTESIAN_POINT('',(-55.3,42.,3.));
#338 = SURFACE_CURVE('',#339,(#344,#355),.PCURVE_S1.);
#339 = CIRCLE('',#340,1.7);
#340 = AXIS2_PLACEMENT_3D('',#341,#342,#343);
#341 = CARTESIAN_POINT('',(-57.,42.,3.));
#342 = DIRECTION('',(0.,0.,-1.));
#343 = DIRECTION('',(1.,0.,0.));
#344 = PCURVE('',#126,#345);
#345 = DEFINITIONAL_REPRESENTATION('',(#346),#354);
#346 = ( BOUNDED_CURVE() B_SPLINE_CURVE(2,(#347,#348,#349,#350,#351,#352
,#353),.UNSPECIFIED.,.T.,.F.) B_SPLINE_CURVE_WITH_KNOTS((1,2,2,2,2,1),(
    -2.094395102393,0.,2.094395102393,4.188790204786,6.28318530718,
8.377580409573),.UNSPECIFIED.) CURVE() GEOMETRIC_REPRESENTATION_ITEM() 
RATIONAL_B_SPLINE_CURVE((1.,0.5,1.,0.5,1.,0.5,1.)) REPRESENTATION_ITEM(
  '') );
#347 = CARTESIAN_POINT('',(7.2,89.5));
#348 = CARTESIAN_POINT('',(7.2,86.555513627133));
#349 = CARTESIAN_POINT('',(4.65,88.027756813566));
#350 = CARTESIAN_POINT('',(2.1,89.5));
#351 = CARTESIAN_POINT('',(4.65,90.972243186434));
#352 = CARTESIAN_POINT('',(7.2,92.444486372867));
#353 = CARTESIAN_POINT('',(7.2,89.5));
#354 = ( GEOMETRIC_REPRESENTATION_CONTEXT(2) 
PARAMETRIC_REPRESENTATION_CONTEXT() REPRESENTATION_CONTEXT('2D SPACE',''
  ) );
#355 = PCURVE('',#356,#361);
#356 = CYLINDRICAL_SURFACE('',#357,1.7);
#357 = AXIS2_PLACEMENT_3D('',#358,#359,#360);
#358 = CARTESIAN_POINT('',(-57.,42.,-3.));
#359 = DIRECTION('',(-0.,-0.,-1.));
#360 = DIRECTION('',(1.,0.,0.));
#361 = DEFINITIONAL_REPRESENTATION('',(#362),#366);
#362 = LINE('',#363,#364);
#363 = CARTESIAN_POINT('',(-6.28318530718,-6.));
#364 = VECTOR('',#365,1.);
#365 = DIRECTION('',(1.,-0.));
#366 = ( GEOMETRIC_REPRESENTATION_CONTEXT(2) 
PARAMETRIC_REPRESENTATION_CONTEXT() REPRESENTATION_CONTEXT('2D SPACE',''
  ) );
#367 = FACE_BOUND('',#368,.T.);
#368 = EDGE_LOOP('',(#369));
#369 = ORIENTED_EDGE('',*,*,#370,.T.);
#370 = EDGE_CURVE('',#371,#371,#373,.T.);
#371 = VERTEX_POINT('',#372);
#372 = CARTESIAN_POINT('',(58.7,42.,3.));
#373 = SURFACE_CURVE('',#374,(#379,#390),.PCURVE_S1.);
#374 = CIRCLE('',#375,1.7);
#375 = AXIS2_PLACEMENT_3D('',#376,#377,#378);
#376 = CARTESIAN_POINT('',(57.,42.,3.));
#377 = DIRECTION('',(0.,0.,-1.));
#378 = DIRECTION('',(1.,0.,0.));
#379 = PCURVE('',#126,#380);
#380 = DEFINITIONAL_REPRESENTATION('',(#381),#389);
#381 = ( BOUNDED_CURVE() B_SPLINE_CURVE(2,(#382,#383,#384,#385,#386,#387
,#388),.UNSPECIFIED.,.T.,.F.) B_SPLINE_CURVE_WITH_KNOTS((1,2,2,2,2,1),(
    -2.094395102393,0.,2.094395102393,4.188790204786,6.28318530718,
8.377580409573),.UNSPECIFIED.) CURVE() GEOMETRIC_REPRESENTATION_ITEM() 
RATIONAL_B_SPLINE_CURVE((1.,0.5,1.,0.5,1.,0.5,1.)) REPRESENTATION_ITEM(
  '') );
#382 = CARTESIAN_POINT('',(121.2,89.5));
#383 = CARTESIAN_POINT('',(121.2,86.555513627133));
#384 = CARTESIAN_POINT('',(118.65,88.027756813566));
#385 = CARTESIAN_POINT('',(116.1,89.5));
#386 = CARTESIAN_POINT('',(118.65,90.972243186434));
#387 = CARTESIAN_POINT('',(121.2,92.444486372867));
#388 = CARTESIAN_POINT('',(121.2,89.5));
#389 = ( GEOMETRIC_REPRESENTATION_CONTEXT(2) 
PARAMETRIC_REPRESENTATION_CONTEXT() REPRESENTATION_CONTEXT('2D SPACE',''
  ) );
#390 = PCURVE('',#391,#396);
#391 = CYLINDRICAL_SURFACE('',#392,1.7);
#392 = AXIS2_PLACEMENT_3D('',#393,#394,#395);
#393 = CARTESIAN_POINT('',(57.,42.,-3.));
#394 = DIRECTION('',(-0.,-0.,-1.));
#395 = DIRECTION('',(1.,0.,0.));
#396 = DEFINITIONAL_REPRESENTATION('',(#397),#401);
#397 = LINE('',#398,#399);
#398 = CARTESIAN_POINT('',(-6.28318530718,-6.));
#399 = VECTOR('',#400,1.);
#400 = DIRECTION('',(1.,-0.));
#401 = ( GEOMETRIC_REPRESENTATION_CONTEXT(2) 
PARAMETRIC_REPRESENTATION_CONTEXT() REPRESENTATION_CONTEXT('2D SPACE',''
  ) );
#402 = ADVANCED_FACE('',(#403),#100,.T.);
#403 = FACE_BOUND('',#404,.T.);
#404 = EDGE_LOOP('',(#405,#428,#429,#430));
#405 = ORIENTED_EDGE('',*,*,#406,.F.);
#406 = EDGE_CURVE('',#57,#407,#409,.T.);
#407 = VERTEX_POINT('',#408);
#408 = CARTESIAN_POINT('',(62.5,47.5,0.));
#409 = SURFACE_CURVE('',#410,(#414,#421),.PCURVE_S1.);
#410 = LINE('',#411,#412);
#411 = CARTESIAN_POINT('',(-62.5,47.5,0.));
#412 = VECTOR('',#413,1.);
#413 = DIRECTION('',(1.,0.,-0.));
#414 = PCURVE('',#100,#415);
#415 = DEFINITIONAL_REPRESENTATION('',(#416),#420);
#416 = LINE('',#417,#418);
#417 = CARTESIAN_POINT('',(0.,0.));
#418 = VECTOR('',#419,1.);
#419 = DIRECTION('',(0.,1.));
#420 = ( GEOMETRIC_REPRESENTATION_CONTEXT(2) 
PARAMETRIC_REPRESENTATION_CONTEXT() REPRESENTATION_CONTEXT('2D SPACE',''
  ) );
#421 = PCURVE('',#72,#422);
#422 = DEFINITIONAL_REPRESENTATION('',(#423),#427);
#423 = LINE('',#424,#425);
#424 = CARTESIAN_POINT('',(0.,95.));
#425 = VECTOR('',#426,1.);
#426 = DIRECTION('',(1.,0.));
#427 = ( GEOMETRIC_REPRESENTATION_CONTEXT(2) 
PARAMETRIC_REPRESENTATION_CONTEXT() REPRESENTATION_CONTEXT('2D SPACE',''
  ) );
#428 = ORIENTED_EDGE('',*,*,#84,.T.);
#429 = ORIENTED_EDGE('',*,*,#242,.T.);
#430 = ORIENTED_EDGE('',*,*,#431,.F.);
#431 = EDGE_CURVE('',#407,#220,#432,.T.);
#432 = SURFACE_CURVE('',#433,(#437,#444),.PCURVE_S1.);
#433 = LINE('',#434,#435);
#434 = CARTESIAN_POINT('',(62.5,47.5,0.));
#435 = VECTOR('',#436,1.);
#436 = DIRECTION('',(0.,0.,1.));
#437 = PCURVE('',#100,#438);
#438 = DEFINITIONAL_REPRESENTATION('',(#439),#443);
#439 = LINE('',#440,#441);
#440 = CARTESIAN_POINT('',(0.,125.));
#441 = VECTOR('',#442,1.);
#442 = DIRECTION('',(1.,0.));
#443 = ( GEOMETRIC_REPRESENTATION_CONTEXT(2) 
PARAMETRIC_REPRESENTATION_CONTEXT() REPRESENTATION_CONTEXT('2D SPACE',''
  ) );
#444 = PCURVE('',#202,#445);
#445 = DEFINITIONAL_REPRESENTATION('',(#446),#450);
#446 = LINE('',#447,#448);
#447 = CARTESIAN_POINT('',(0.,-95.));
#448 = VECTOR('',#449,1.);
#449 = DIRECTION('',(1.,0.));
#450 = ( GEOMETRIC_REPRESENTATION_CONTEXT(2) 
PARAMETRIC_REPRESENTATION_CONTEXT() REPRESENTATION_CONTEXT('2D SPACE',''
  ) );
#451 = ADVANCED_FACE('',(#452,#478),#72,.F.);
#452 = FACE_BOUND('',#453,.F.);
#453 = EDGE_LOOP('',(#454,#455,#456,#477));
#454 = ORIENTED_EDGE('',*,*,#56,.F.);
#455 = ORIENTED_EDGE('',*,*,#141,.T.);
#456 = ORIENTED_EDGE('',*,*,#457,.T.);
#457 = EDGE_CURVE('',#142,#407,#458,.T.);
#458 = SURFACE_CURVE('',#459,(#463,#470),.PCURVE_S1.);
#459 = LINE('',#460,#461);
#460 = CARTESIAN_POINT('',(62.5,-47.5,0.));
#461 = VECTOR('',#462,1.);
#462 = DIRECTION('',(-0.,1.,0.));
#463 = PCURVE('',#72,#464);
#464 = DEFINITIONAL_REPRESENTATION('',(#465),#469);
#465 = LINE('',#466,#467);
#466 = CARTESIAN_POINT('',(125.,0.));
#467 = VECTOR('',#468,1.);
#468 = DIRECTION('',(0.,1.));
#469 = ( GEOMETRIC_REPRESENTATION_CONTEXT(2) 
PARAMETRIC_REPRESENTATION_CONTEXT() REPRESENTATION_CONTEXT('2D SPACE',''
  ) );
#470 = PCURVE('',#202,#471);
#471 = DEFINITIONAL_REPRESENTATION('',(#472),#476);
#472 = LINE('',#473,#474);
#473 = CARTESIAN_POINT('',(0.,0.));
#474 = VECTOR('',#475,1.);
#475 = DIRECTION('',(0.,-1.));
#476 = ( GEOMETRIC_REPRESENTATION_CONTEXT(2) 
PARAMETRIC_REPRESENTATION_CONTEXT() REPRESENTATION_CONTEXT('2D SPACE',''
  ) );
#477 = ORIENTED_EDGE('',*,*,#406,.F.);
#478 = FACE_BOUND('',#479,.F.);
#479 = EDGE_LOOP('',(#480,#510,#539,#566,#594,#621,#650,#678,#707,#729,
    #757,#784,#813,#841,#870,#892,#920,#948,#975,#1004,#1032,#1061,#1083
    ,#1111,#1139,#1161));
#480 = ORIENTED_EDGE('',*,*,#481,.F.);
#481 = EDGE_CURVE('',#482,#484,#486,.T.);
#482 = VERTEX_POINT('',#483);
#483 = CARTESIAN_POINT('',(-53.73656622558,-44.8,0.));
#484 = VERTEX_POINT('',#485);
#485 = CARTESIAN_POINT('',(53.736566225584,-44.8,0.));
#486 = SURFACE_CURVE('',#487,(#491,#498),.PCURVE_S1.);
#487 = LINE('',#488,#489);
#488 = CARTESIAN_POINT('',(-59.8,-44.8,0.));
#489 = VECTOR('',#490,1.);
#490 = DIRECTION('',(1.,0.,0.));
#491 = PCURVE('',#72,#492);
#492 = DEFINITIONAL_REPRESENTATION('',(#493),#497);
#493 = LINE('',#494,#495);
#494 = CARTESIAN_POINT('',(2.7,2.7));
#495 = VECTOR('',#496,1.);
#496 = DIRECTION('',(1.,0.));
#497 = ( GEOMETRIC_REPRESENTATION_CONTEXT(2) 
PARAMETRIC_REPRESENTATION_CONTEXT() REPRESENTATION_CONTEXT('2D SPACE',''
  ) );
#498 = PCURVE('',#499,#504);
#499 = PLANE('',#500);
#500 = AXIS2_PLACEMENT_3D('',#501,#502,#503);
#501 = CARTESIAN_POINT('',(-59.8,-44.8,-2.));
#502 = DIRECTION('',(0.,1.,0.));
#503 = DIRECTION('',(0.,0.,1.));
#504 = DEFINITIONAL_REPRESENTATION('',(#505),#509);
#505 = LINE('',#506,#507);
#506 = CARTESIAN_POINT('',(2.,0.));
#507 = VECTOR('',#508,1.);
#508 = DIRECTION('',(0.,1.));
#509 = ( GEOMETRIC_REPRESENTATION_CONTEXT(2) 
PARAMETRIC_REPRESENTATION_CONTEXT() REPRESENTATION_CONTEXT('2D SPACE',''
  ) );
#510 = ORIENTED_EDGE('',*,*,#511,.T.);
#511 = EDGE_CURVE('',#482,#512,#514,.T.);
#512 = VERTEX_POINT('',#513);
#513 = CARTESIAN_POINT('',(-52.77507396514,-42.8,0.));
#514 = SURFACE_CURVE('',#515,(#520,#527),.PCURVE_S1.);
#515 = CIRCLE('',#516,4.3);
#516 = AXIS2_PLACEMENT_3D('',#517,#518,#519);
#517 = CARTESIAN_POINT('',(-57.,-42.,0.));
#518 = DIRECTION('',(0.,0.,1.));
#519 = DIRECTION('',(1.,0.,0.));
#520 = PCURVE('',#72,#521);
#521 = DEFINITIONAL_REPRESENTATION('',(#522),#526);
#522 = CIRCLE('',#523,4.3);
#523 = AXIS2_PLACEMENT_2D('',#524,#525);
#524 = CARTESIAN_POINT('',(5.5,5.5));
#525 = DIRECTION('',(1.,0.));
#526 = ( GEOMETRIC_REPRESENTATION_CONTEXT(2) 
PARAMETRIC_REPRESENTATION_CONTEXT() REPRESENTATION_CONTEXT('2D SPACE',''
  ) );
#527 = PCURVE('',#528,#533);
#528 = CYLINDRICAL_SURFACE('',#529,4.3);
#529 = AXIS2_PLACEMENT_3D('',#530,#531,#532);
#530 = CARTESIAN_POINT('',(-57.,-42.,-3.));
#531 = DIRECTION('',(-0.,-0.,-1.));
#532 = DIRECTION('',(1.,0.,0.));
#533 = DEFINITIONAL_REPRESENTATION('',(#534),#538);
#534 = LINE('',#535,#536);
#535 = CARTESIAN_POINT('',(-0.,-3.));
#536 = VECTOR('',#537,1.);
#537 = DIRECTION('',(-1.,0.));
#538 = ( GEOMETRIC_REPRESENTATION_CONTEXT(2) 
PARAMETRIC_REPRESENTATION_CONTEXT() REPRESENTATION_CONTEXT('2D SPACE',''
  ) );
#539 = ORIENTED_EDGE('',*,*,#540,.F.);
#540 = EDGE_CURVE('',#541,#512,#543,.T.);
#541 = VERTEX_POINT('',#542);
#542 = CARTESIAN_POINT('',(-55.5,-42.8,0.));
#543 = SURFACE_CURVE('',#544,(#548,#555),.PCURVE_S1.);
#544 = LINE('',#545,#546);
#545 = CARTESIAN_POINT('',(-57.4,-42.8,0.));
#546 = VECTOR('',#547,1.);
#547 = DIRECTION('',(1.,0.,0.));
#548 = PCURVE('',#72,#549);
#549 = DEFINITIONAL_REPRESENTATION('',(#550),#554);
#550 = LINE('',#551,#552);
#551 = CARTESIAN_POINT('',(5.1,4.7));
#552 = VECTOR('',#553,1.);
#553 = DIRECTION('',(1.,0.));
#554 = ( GEOMETRIC_REPRESENTATION_CONTEXT(2) 
PARAMETRIC_REPRESENTATION_CONTEXT() REPRESENTATION_CONTEXT('2D SPACE',''
  ) );
#555 = PCURVE('',#556,#561);
#556 = PLANE('',#557);
#557 = AXIS2_PLACEMENT_3D('',#558,#559,#560);
#558 = CARTESIAN_POINT('',(-57.8,-42.8,-3.));
#559 = DIRECTION('',(0.,1.,0.));
#560 = DIRECTION('',(0.,0.,1.));
#561 = DEFINITIONAL_REPRESENTATION('',(#562),#565);
#562 = B_SPLINE_CURVE_WITH_KNOTS('',1,(#563,#564),.UNSPECIFIED.,.F.,.F.,
  (2,2),(-0.4,4.7),.PIECEWISE_BEZIER_KNOTS.);
#563 = CARTESIAN_POINT('',(3.,0.));
#564 = CARTESIAN_POINT('',(3.,5.1));
#565 = ( GEOMETRIC_REPRESENTATION_CONTEXT(2) 
PARAMETRIC_REPRESENTATION_CONTEXT() REPRESENTATION_CONTEXT('2D SPACE',''
  ) );
#566 = ORIENTED_EDGE('',*,*,#567,.T.);
#567 = EDGE_CURVE('',#541,#568,#570,.T.);
#568 = VERTEX_POINT('',#569);
#569 = CARTESIAN_POINT('',(-57.8,-40.5,0.));
#570 = SURFACE_CURVE('',#571,(#576,#587),.PCURVE_S1.);
#571 = CIRCLE('',#572,1.7);
#572 = AXIS2_PLACEMENT_3D('',#573,#574,#575);
#573 = CARTESIAN_POINT('',(-57.,-42.,0.));
#574 = DIRECTION('',(0.,0.,-1.));
#575 = DIRECTION('',(1.,0.,0.));
#576 = PCURVE('',#72,#577);
#577 = DEFINITIONAL_REPRESENTATION('',(#578),#586);
#578 = ( BOUNDED_CURVE() B_SPLINE_CURVE(2,(#579,#580,#581,#582,#583,#584
,#585),.UNSPECIFIED.,.T.,.F.) B_SPLINE_CURVE_WITH_KNOTS((1,2,2,2,2,1),(
    -2.094395102393,0.,2.094395102393,4.188790204786,6.28318530718,
8.377580409573),.UNSPECIFIED.) CURVE() GEOMETRIC_REPRESENTATION_ITEM() 
RATIONAL_B_SPLINE_CURVE((1.,0.5,1.,0.5,1.,0.5,1.)) REPRESENTATION_ITEM(
  '') );
#579 = CARTESIAN_POINT('',(7.2,5.5));
#580 = CARTESIAN_POINT('',(7.2,2.555513627133));
#581 = CARTESIAN_POINT('',(4.65,4.027756813566));
#582 = CARTESIAN_POINT('',(2.1,5.5));
#583 = CARTESIAN_POINT('',(4.65,6.972243186434));
#584 = CARTESIAN_POINT('',(7.2,8.444486372867));
#585 = CARTESIAN_POINT('',(7.2,5.5));
#586 = ( GEOMETRIC_REPRESENTATION_CONTEXT(2) 
PARAMETRIC_REPRESENTATION_CONTEXT() REPRESENTATION_CONTEXT('2D SPACE',''
  ) );
#587 = PCURVE('',#286,#588);
#588 = DEFINITIONAL_REPRESENTATION('',(#589),#593);
#589 = LINE('',#590,#591);
#590 = CARTESIAN_POINT('',(-6.28318530718,-3.));
#591 = VECTOR('',#592,1.);
#592 = DIRECTION('',(1.,-0.));
#593 = ( GEOMETRIC_REPRESENTATION_CONTEXT(2) 
PARAMETRIC_REPRESENTATION_CONTEXT() REPRESENTATION_CONTEXT('2D SPACE',''
  ) );
#594 = ORIENTED_EDGE('',*,*,#595,.F.);
#595 = EDGE_CURVE('',#596,#568,#598,.T.);
#596 = VERTEX_POINT('',#597);
#597 = CARTESIAN_POINT('',(-57.8,-37.77507396514,0.));
#598 = SURFACE_CURVE('',#599,(#603,#610),.PCURVE_S1.);
#599 = LINE('',#600,#601);
#600 = CARTESIAN_POINT('',(-57.8,-42.4,0.));
#601 = VECTOR('',#602,1.);
#602 = DIRECTION('',(0.,-1.,0.));
#603 = PCURVE('',#72,#604);
#604 = DEFINITIONAL_REPRESENTATION('',(#605),#609);
#605 = LINE('',#606,#607);
#606 = CARTESIAN_POINT('',(4.7,5.1));
#607 = VECTOR('',#608,1.);
#608 = DIRECTION('',(0.,-1.));
#609 = ( GEOMETRIC_REPRESENTATION_CONTEXT(2) 
PARAMETRIC_REPRESENTATION_CONTEXT() REPRESENTATION_CONTEXT('2D SPACE',''
  ) );
#610 = PCURVE('',#611,#616);
#611 = PLANE('',#612);
#612 = AXIS2_PLACEMENT_3D('',#613,#614,#615);
#613 = CARTESIAN_POINT('',(-57.8,-42.8,-3.));
#614 = DIRECTION('',(1.,0.,0.));
#615 = DIRECTION('',(0.,0.,1.));
#616 = DEFINITIONAL_REPRESENTATION('',(#617),#620);
#617 = B_SPLINE_CURVE_WITH_KNOTS('',1,(#618,#619),.UNSPECIFIED.,.F.,.F.,
  (2,2),(-4.7,0.4),.PIECEWISE_BEZIER_KNOTS.);
#618 = CARTESIAN_POINT('',(3.,-5.1));
#619 = CARTESIAN_POINT('',(3.,0.));
#620 = ( GEOMETRIC_REPRESENTATION_CONTEXT(2) 
PARAMETRIC_REPRESENTATION_CONTEXT() REPRESENTATION_CONTEXT('2D SPACE',''
  ) );
#621 = ORIENTED_EDGE('',*,*,#622,.T.);
#622 = EDGE_CURVE('',#596,#623,#625,.T.);
#623 = VERTEX_POINT('',#624);
#624 = CARTESIAN_POINT('',(-59.8,-38.73656622558,0.));
#625 = SURFACE_CURVE('',#626,(#631,#638),.PCURVE_S1.);
#626 = CIRCLE('',#627,4.3);
#627 = AXIS2_PLACEMENT_3D('',#628,#629,#630);
#628 = CARTESIAN_POINT('',(-57.,-42.,0.));
#629 = DIRECTION('',(0.,0.,1.));
#630 = DIRECTION('',(1.,0.,0.));
#631 = PCURVE('',#72,#632);
#632 = DEFINITIONAL_REPRESENTATION('',(#633),#637);
#633 = CIRCLE('',#634,4.3);
#634 = AXIS2_PLACEMENT_2D('',#635,#636);
#635 = CARTESIAN_POINT('',(5.5,5.5));
#636 = DIRECTION('',(1.,0.));
#637 = ( GEOMETRIC_REPRESENTATION_CONTEXT(2) 
PARAMETRIC_REPRESENTATION_CONTEXT() REPRESENTATION_CONTEXT('2D SPACE',''
  ) );
#638 = PCURVE('',#639,#644);
#639 = CYLINDRICAL_SURFACE('',#640,4.3);
#640 = AXIS2_PLACEMENT_3D('',#641,#642,#643);
#641 = CARTESIAN_POINT('',(-57.,-42.,-3.));
#642 = DIRECTION('',(-0.,-0.,-1.));
#643 = DIRECTION('',(1.,0.,0.));
#644 = DEFINITIONAL_REPRESENTATION('',(#645),#649);
#645 = LINE('',#646,#647);
#646 = CARTESIAN_POINT('',(-0.,-3.));
#647 = VECTOR('',#648,1.);
#648 = DIRECTION('',(-1.,0.));
#649 = ( GEOMETRIC_REPRESENTATION_CONTEXT(2) 
PARAMETRIC_REPRESENTATION_CONTEXT() REPRESENTATION_CONTEXT('2D SPACE',''
  ) );
#650 = ORIENTED_EDGE('',*,*,#651,.T.);
#651 = EDGE_CURVE('',#623,#652,#654,.T.);
#652 = VERTEX_POINT('',#653);
#653 = CARTESIAN_POINT('',(-59.8,38.736566225584,0.));
#654 = SURFACE_CURVE('',#655,(#659,#666),.PCURVE_S1.);
#655 = LINE('',#656,#657);
#656 = CARTESIAN_POINT('',(-59.8,-44.8,0.));
#657 = VECTOR('',#658,1.);
#658 = DIRECTION('',(0.,1.,0.));
#659 = PCURVE('',#72,#660);
#660 = DEFINITIONAL_REPRESENTATION('',(#661),#665);
#661 = LINE('',#662,#663);
#662 = CARTESIAN_POINT('',(2.7,2.7));
#663 = VECTOR('',#664,1.);
#664 = DIRECTION('',(0.,1.));
#665 = ( GEOMETRIC_REPRESENTATION_CONTEXT(2) 
PARAMETRIC_REPRESENTATION_CONTEXT() REPRESENTATION_CONTEXT('2D SPACE',''
  ) );
#666 = PCURVE('',#667,#672);
#667 = PLANE('',#668);
#668 = AXIS2_PLACEMENT_3D('',#669,#670,#671);
#669 = CARTESIAN_POINT('',(-59.8,-44.8,-2.));
#670 = DIRECTION('',(1.,0.,0.));
#671 = DIRECTION('',(0.,0.,1.));
#672 = DEFINITIONAL_REPRESENTATION('',(#673),#677);
#673 = LINE('',#674,#675);
#674 = CARTESIAN_POINT('',(2.,0.));
#675 = VECTOR('',#676,1.);
#676 = DIRECTION('',(0.,-1.));
#677 = ( GEOMETRIC_REPRESENTATION_CONTEXT(2) 
PARAMETRIC_REPRESENTATION_CONTEXT() REPRESENTATION_CONTEXT('2D SPACE',''
  ) );
#678 = ORIENTED_EDGE('',*,*,#679,.T.);
#679 = EDGE_CURVE('',#652,#680,#682,.T.);
#680 = VERTEX_POINT('',#681);
#681 = CARTESIAN_POINT('',(-57.8,37.775073965144,0.));
#682 = SURFACE_CURVE('',#683,(#688,#695),.PCURVE_S1.);
#683 = CIRCLE('',#684,4.3);
#684 = AXIS2_PLACEMENT_3D('',#685,#686,#687);
#685 = CARTESIAN_POINT('',(-57.,42.,0.));
#686 = DIRECTION('',(0.,0.,1.));
#687 = DIRECTION('',(1.,0.,0.));
#688 = PCURVE('',#72,#689);
#689 = DEFINITIONAL_REPRESENTATION('',(#690),#694);
#690 = CIRCLE('',#691,4.3);
#691 = AXIS2_PLACEMENT_2D('',#692,#693);
#692 = CARTESIAN_POINT('',(5.5,89.5));
#693 = DIRECTION('',(1.,0.));
#694 = ( GEOMETRIC_REPRESENTATION_CONTEXT(2) 
PARAMETRIC_REPRESENTATION_CONTEXT() REPRESENTATION_CONTEXT('2D SPACE',''
  ) );
#695 = PCURVE('',#696,#701);
#696 = CYLINDRICAL_SURFACE('',#697,4.3);
#697 = AXIS2_PLACEMENT_3D('',#698,#699,#700);
#698 = CARTESIAN_POINT('',(-57.,42.,-3.));
#699 = DIRECTION('',(-0.,-0.,-1.));
#700 = DIRECTION('',(1.,0.,0.));
#701 = DEFINITIONAL_REPRESENTATION('',(#702),#706);
#702 = LINE('',#703,#704);
#703 = CARTESIAN_POINT('',(-0.,-3.));
#704 = VECTOR('',#705,1.);
#705 = DIRECTION('',(-1.,0.));
#706 = ( GEOMETRIC_REPRESENTATION_CONTEXT(2) 
PARAMETRIC_REPRESENTATION_CONTEXT() REPRESENTATION_CONTEXT('2D SPACE',''
  ) );
#707 = ORIENTED_EDGE('',*,*,#708,.F.);
#708 = EDGE_CURVE('',#709,#680,#711,.T.);
#709 = VERTEX_POINT('',#710);
#710 = CARTESIAN_POINT('',(-57.8,40.499999999999,0.));
#711 = SURFACE_CURVE('',#712,(#716,#723),.PCURVE_S1.);
#712 = LINE('',#713,#714);
#713 = CARTESIAN_POINT('',(-57.8,-0.4,0.));
#714 = VECTOR('',#715,1.);
#715 = DIRECTION('',(0.,-1.,0.));
#716 = PCURVE('',#72,#717);
#717 = DEFINITIONAL_REPRESENTATION('',(#718),#722);
#718 = LINE('',#719,#720);
#719 = CARTESIAN_POINT('',(4.7,47.1));
#720 = VECTOR('',#721,1.);
#721 = DIRECTION('',(0.,-1.));
#722 = ( GEOMETRIC_REPRESENTATION_CONTEXT(2) 
PARAMETRIC_REPRESENTATION_CONTEXT() REPRESENTATION_CONTEXT('2D SPACE',''
  ) );
#723 = PCURVE('',#611,#724);
#724 = DEFINITIONAL_REPRESENTATION('',(#725),#728);
#725 = B_SPLINE_CURVE_WITH_KNOTS('',1,(#726,#727),.UNSPECIFIED.,.F.,.F.,
  (2,2),(-43.2,-38.1),.PIECEWISE_BEZIER_KNOTS.);
#726 = CARTESIAN_POINT('',(3.,-85.6));
#727 = CARTESIAN_POINT('',(3.,-80.5));
#728 = ( GEOMETRIC_REPRESENTATION_CONTEXT(2) 
PARAMETRIC_REPRESENTATION_CONTEXT() REPRESENTATION_CONTEXT('2D SPACE',''
  ) );
#729 = ORIENTED_EDGE('',*,*,#730,.T.);
#730 = EDGE_CURVE('',#709,#731,#733,.T.);
#731 = VERTEX_POINT('',#732);
#732 = CARTESIAN_POINT('',(-55.5,42.8,0.));
#733 = SURFACE_CURVE('',#734,(#739,#750),.PCURVE_S1.);
#734 = CIRCLE('',#735,1.7);
#735 = AXIS2_PLACEMENT_3D('',#736,#737,#738);
#736 = CARTESIAN_POINT('',(-57.,42.,0.));
#737 = DIRECTION('',(0.,0.,-1.));
#738 = DIRECTION('',(1.,0.,0.));
#739 = PCURVE('',#72,#740);
#740 = DEFINITIONAL_REPRESENTATION('',(#741),#749);
#741 = ( BOUNDED_CURVE() B_SPLINE_CURVE(2,(#742,#743,#744,#745,#746,#747
,#748),.UNSPECIFIED.,.T.,.F.) B_SPLINE_CURVE_WITH_KNOTS((1,2,2,2,2,1),(
    -2.094395102393,0.,2.094395102393,4.188790204786,6.28318530718,
8.377580409573),.UNSPECIFIED.) CURVE() GEOMETRIC_REPRESENTATION_ITEM() 
RATIONAL_B_SPLINE_CURVE((1.,0.5,1.,0.5,1.,0.5,1.)) REPRESENTATION_ITEM(
  '') );
#742 = CARTESIAN_POINT('',(7.2,89.5));
#743 = CARTESIAN_POINT('',(7.2,86.555513627133));
#744 = CARTESIAN_POINT('',(4.65,88.027756813566));
#745 = CARTESIAN_POINT('',(2.1,89.5));
#746 = CARTESIAN_POINT('',(4.65,90.972243186434));
#747 = CARTESIAN_POINT('',(7.2,92.444486372867));
#748 = CARTESIAN_POINT('',(7.2,89.5));
#749 = ( GEOMETRIC_REPRESENTATION_CONTEXT(2) 
PARAMETRIC_REPRESENTATION_CONTEXT() REPRESENTATION_CONTEXT('2D SPACE',''
  ) );
#750 = PCURVE('',#356,#751);
#751 = DEFINITIONAL_REPRESENTATION('',(#752),#756);
#752 = LINE('',#753,#754);
#753 = CARTESIAN_POINT('',(-6.28318530718,-3.));
#754 = VECTOR('',#755,1.);
#755 = DIRECTION('',(1.,-0.));
#756 = ( GEOMETRIC_REPRESENTATION_CONTEXT(2) 
PARAMETRIC_REPRESENTATION_CONTEXT() REPRESENTATION_CONTEXT('2D SPACE',''
  ) );
#757 = ORIENTED_EDGE('',*,*,#758,.T.);
#758 = EDGE_CURVE('',#731,#759,#761,.T.);
#759 = VERTEX_POINT('',#760);
#760 = CARTESIAN_POINT('',(-52.77507396514,42.8,0.));
#761 = SURFACE_CURVE('',#762,(#766,#773),.PCURVE_S1.);
#762 = LINE('',#763,#764);
#763 = CARTESIAN_POINT('',(-57.4,42.8,0.));
#764 = VECTOR('',#765,1.);
#765 = DIRECTION('',(1.,0.,0.));
#766 = PCURVE('',#72,#767);
#767 = DEFINITIONAL_REPRESENTATION('',(#768),#772);
#768 = LINE('',#769,#770);
#769 = CARTESIAN_POINT('',(5.1,90.3));
#770 = VECTOR('',#771,1.);
#771 = DIRECTION('',(1.,0.));
#772 = ( GEOMETRIC_REPRESENTATION_CONTEXT(2) 
PARAMETRIC_REPRESENTATION_CONTEXT() REPRESENTATION_CONTEXT('2D SPACE',''
  ) );
#773 = PCURVE('',#774,#779);
#774 = PLANE('',#775);
#775 = AXIS2_PLACEMENT_3D('',#776,#777,#778);
#776 = CARTESIAN_POINT('',(-57.8,42.8,-3.));
#777 = DIRECTION('',(0.,1.,0.));
#778 = DIRECTION('',(0.,0.,1.));
#779 = DEFINITIONAL_REPRESENTATION('',(#780),#783);
#780 = B_SPLINE_CURVE_WITH_KNOTS('',1,(#781,#782),.UNSPECIFIED.,.F.,.F.,
  (2,2),(-0.4,4.7),.PIECEWISE_BEZIER_KNOTS.);
#781 = CARTESIAN_POINT('',(3.,0.));
#782 = CARTESIAN_POINT('',(3.,5.1));
#783 = ( GEOMETRIC_REPRESENTATION_CONTEXT(2) 
PARAMETRIC_REPRESENTATION_CONTEXT() REPRESENTATION_CONTEXT('2D SPACE',''
  ) );
#784 = ORIENTED_EDGE('',*,*,#785,.T.);
#785 = EDGE_CURVE('',#759,#786,#788,.T.);
#786 = VERTEX_POINT('',#787);
#787 = CARTESIAN_POINT('',(-53.73656622558,44.8,0.));
#788 = SURFACE_CURVE('',#789,(#794,#801),.PCURVE_S1.);
#789 = CIRCLE('',#790,4.3);
#790 = AXIS2_PLACEMENT_3D('',#791,#792,#793);
#791 = CARTESIAN_POINT('',(-57.,42.,0.));
#792 = DIRECTION('',(0.,0.,1.));
#793 = DIRECTION('',(1.,0.,0.));
#794 = PCURVE('',#72,#795);
#795 = DEFINITIONAL_REPRESENTATION('',(#796),#800);
#796 = CIRCLE('',#797,4.3);
#797 = AXIS2_PLACEMENT_2D('',#798,#799);
#798 = CARTESIAN_POINT('',(5.5,89.5));
#799 = DIRECTION('',(1.,0.));
#800 = ( GEOMETRIC_REPRESENTATION_CONTEXT(2) 
PARAMETRIC_REPRESENTATION_CONTEXT() REPRESENTATION_CONTEXT('2D SPACE',''
  ) );
#801 = PCURVE('',#802,#807);
#802 = CYLINDRICAL_SURFACE('',#803,4.3);
#803 = AXIS2_PLACEMENT_3D('',#804,#805,#806);
#804 = CARTESIAN_POINT('',(-57.,42.,-3.));
#805 = DIRECTION('',(-0.,-0.,-1.));
#806 = DIRECTION('',(1.,0.,0.));
#807 = DEFINITIONAL_REPRESENTATION('',(#808),#812);
#808 = LINE('',#809,#810);
#809 = CARTESIAN_POINT('',(-0.,-3.));
#810 = VECTOR('',#811,1.);
#811 = DIRECTION('',(-1.,0.));
#812 = ( GEOMETRIC_REPRESENTATION_CONTEXT(2) 
PARAMETRIC_REPRESENTATION_CONTEXT() REPRESENTATION_CONTEXT('2D SPACE',''
  ) );
#813 = ORIENTED_EDGE('',*,*,#814,.T.);
#814 = EDGE_CURVE('',#786,#815,#817,.T.);
#815 = VERTEX_POINT('',#816);
#816 = CARTESIAN_POINT('',(53.736566225584,44.8,0.));
#817 = SURFACE_CURVE('',#818,(#822,#829),.PCURVE_S1.);
#818 = LINE('',#819,#820);
#819 = CARTESIAN_POINT('',(-59.8,44.8,0.));
#820 = VECTOR('',#821,1.);
#821 = DIRECTION('',(1.,0.,0.));
#822 = PCURVE('',#72,#823);
#823 = DEFINITIONAL_REPRESENTATION('',(#824),#828);
#824 = LINE('',#825,#826);
#825 = CARTESIAN_POINT('',(2.7,92.3));
#826 = VECTOR('',#827,1.);
#827 = DIRECTION('',(1.,0.));
#828 = ( GEOMETRIC_REPRESENTATION_CONTEXT(2) 
PARAMETRIC_REPRESENTATION_CONTEXT() REPRESENTATION_CONTEXT('2D SPACE',''
  ) );
#829 = PCURVE('',#830,#835);
#830 = PLANE('',#831);
#831 = AXIS2_PLACEMENT_3D('',#832,#833,#834);
#832 = CARTESIAN_POINT('',(-59.8,44.8,-2.));
#833 = DIRECTION('',(0.,1.,0.));
#834 = DIRECTION('',(0.,0.,1.));
#835 = DEFINITIONAL_REPRESENTATION('',(#836),#840);
#836 = LINE('',#837,#838);
#837 = CARTESIAN_POINT('',(2.,0.));
#838 = VECTOR('',#839,1.);
#839 = DIRECTION('',(0.,1.));
#840 = ( GEOMETRIC_REPRESENTATION_CONTEXT(2) 
PARAMETRIC_REPRESENTATION_CONTEXT() REPRESENTATION_CONTEXT('2D SPACE',''
  ) );
#841 = ORIENTED_EDGE('',*,*,#842,.T.);
#842 = EDGE_CURVE('',#815,#843,#845,.T.);
#843 = VERTEX_POINT('',#844);
#844 = CARTESIAN_POINT('',(52.775073965144,42.8,0.));
#845 = SURFACE_CURVE('',#846,(#851,#858),.PCURVE_S1.);
#846 = CIRCLE('',#847,4.3);
#847 = AXIS2_PLACEMENT_3D('',#848,#849,#850);
#848 = CARTESIAN_POINT('',(57.,42.,0.));
#849 = DIRECTION('',(0.,0.,1.));
#850 = DIRECTION('',(1.,0.,0.));
#851 = PCURVE('',#72,#852);
#852 = DEFINITIONAL_REPRESENTATION('',(#853),#857);
#853 = CIRCLE('',#854,4.3);
#854 = AXIS2_PLACEMENT_2D('',#855,#856);
#855 = CARTESIAN_POINT('',(119.5,89.5));
#856 = DIRECTION('',(1.,0.));
#857 = ( GEOMETRIC_REPRESENTATION_CONTEXT(2) 
PARAMETRIC_REPRESENTATION_CONTEXT() REPRESENTATION_CONTEXT('2D SPACE',''
  ) );
#858 = PCURVE('',#859,#864);
#859 = CYLINDRICAL_SURFACE('',#860,4.3);
#860 = AXIS2_PLACEMENT_3D('',#861,#862,#863);
#861 = CARTESIAN_POINT('',(57.,42.,-3.));
#862 = DIRECTION('',(-0.,-0.,-1.));
#863 = DIRECTION('',(1.,0.,0.));
#864 = DEFINITIONAL_REPRESENTATION('',(#865),#869);
#865 = LINE('',#866,#867);
#866 = CARTESIAN_POINT('',(-0.,-3.));
#867 = VECTOR('',#868,1.);
#868 = DIRECTION('',(-1.,0.));
#869 = ( GEOMETRIC_REPRESENTATION_CONTEXT(2) 
PARAMETRIC_REPRESENTATION_CONTEXT() REPRESENTATION_CONTEXT('2D SPACE',''
  ) );
#870 = ORIENTED_EDGE('',*,*,#871,.T.);
#871 = EDGE_CURVE('',#843,#872,#874,.T.);
#872 = VERTEX_POINT('',#873);
#873 = CARTESIAN_POINT('',(55.5,42.8,0.));
#874 = SURFACE_CURVE('',#875,(#879,#886),.PCURVE_S1.);
#875 = LINE('',#876,#877);
#876 = CARTESIAN_POINT('',(-0.4,42.8,0.));
#877 = VECTOR('',#878,1.);
#878 = DIRECTION('',(1.,0.,0.));
#879 = PCURVE('',#72,#880);
#880 = DEFINITIONAL_REPRESENTATION('',(#881),#885);
#881 = LINE('',#882,#883);
#882 = CARTESIAN_POINT('',(62.1,90.3));
#883 = VECTOR('',#884,1.);
#884 = DIRECTION('',(1.,0.));
#885 = ( GEOMETRIC_REPRESENTATION_CONTEXT(2) 
PARAMETRIC_REPRESENTATION_CONTEXT() REPRESENTATION_CONTEXT('2D SPACE',''
  ) );
#886 = PCURVE('',#774,#887);
#887 = DEFINITIONAL_REPRESENTATION('',(#888),#891);
#888 = B_SPLINE_CURVE_WITH_KNOTS('',1,(#889,#890),.UNSPECIFIED.,.F.,.F.,
  (2,2),(53.1,58.2),.PIECEWISE_BEZIER_KNOTS.);
#889 = CARTESIAN_POINT('',(3.,110.5));
#890 = CARTESIAN_POINT('',(3.,115.6));
#891 = ( GEOMETRIC_REPRESENTATION_CONTEXT(2) 
PARAMETRIC_REPRESENTATION_CONTEXT() REPRESENTATION_CONTEXT('2D SPACE',''
  ) );
#892 = ORIENTED_EDGE('',*,*,#893,.T.);
#893 = EDGE_CURVE('',#872,#894,#896,.T.);
#894 = VERTEX_POINT('',#895);
#895 = CARTESIAN_POINT('',(58.7,42.,0.));
#896 = SURFACE_CURVE('',#897,(#902,#913),.PCURVE_S1.);
#897 = CIRCLE('',#898,1.7);
#898 = AXIS2_PLACEMENT_3D('',#899,#900,#901);
#899 = CARTESIAN_POINT('',(57.,42.,0.));
#900 = DIRECTION('',(0.,0.,-1.));
#901 = DIRECTION('',(1.,0.,0.));
#902 = PCURVE('',#72,#903);
#903 = DEFINITIONAL_REPRESENTATION('',(#904),#912);
#904 = ( BOUNDED_CURVE() B_SPLINE_CURVE(2,(#905,#906,#907,#908,#909,#910
,#911),.UNSPECIFIED.,.T.,.F.) B_SPLINE_CURVE_WITH_KNOTS((1,2,2,2,2,1),(
    -2.094395102393,0.,2.094395102393,4.188790204786,6.28318530718,
8.377580409573),.UNSPECIFIED.) CURVE() GEOMETRIC_REPRESENTATION_ITEM() 
RATIONAL_B_SPLINE_CURVE((1.,0.5,1.,0.5,1.,0.5,1.)) REPRESENTATION_ITEM(
  '') );
#905 = CARTESIAN_POINT('',(121.2,89.5));
#906 = CARTESIAN_POINT('',(121.2,86.555513627133));
#907 = CARTESIAN_POINT('',(118.65,88.027756813566));
#908 = CARTESIAN_POINT('',(116.1,89.5));
#909 = CARTESIAN_POINT('',(118.65,90.972243186434));
#910 = CARTESIAN_POINT('',(121.2,92.444486372867));
#911 = CARTESIAN_POINT('',(121.2,89.5));
#912 = ( GEOMETRIC_REPRESENTATION_CONTEXT(2) 
PARAMETRIC_REPRESENTATION_CONTEXT() REPRESENTATION_CONTEXT('2D SPACE',''
  ) );
#913 = PCURVE('',#391,#914);
#914 = DEFINITIONAL_REPRESENTATION('',(#915),#919);
#915 = LINE('',#916,#917);
#916 = CARTESIAN_POINT('',(-6.28318530718,-3.));
#917 = VECTOR('',#918,1.);
#918 = DIRECTION('',(1.,-0.));
#919 = ( GEOMETRIC_REPRESENTATION_CONTEXT(2) 
PARAMETRIC_REPRESENTATION_CONTEXT() REPRESENTATION_CONTEXT('2D SPACE',''
  ) );
#920 = ORIENTED_EDGE('',*,*,#921,.T.);
#921 = EDGE_CURVE('',#894,#922,#924,.T.);
#922 = VERTEX_POINT('',#923);
#923 = CARTESIAN_POINT('',(57.8,40.499999999999,0.));
#924 = SURFACE_CURVE('',#925,(#930,#941),.PCURVE_S1.);
#925 = CIRCLE('',#926,1.7);
#926 = AXIS2_PLACEMENT_3D('',#927,#928,#929);
#927 = CARTESIAN_POINT('',(57.,42.,0.));
#928 = DIRECTION('',(0.,0.,-1.));
#929 = DIRECTION('',(1.,0.,0.));
#930 = PCURVE('',#72,#931);
#931 = DEFINITIONAL_REPRESENTATION('',(#932),#940);
#932 = ( BOUNDED_CURVE() B_SPLINE_CURVE(2,(#933,#934,#935,#936,#937,#938
,#939),.UNSPECIFIED.,.T.,.F.) B_SPLINE_CURVE_WITH_KNOTS((1,2,2,2,2,1),(
    -2.094395102393,0.,2.094395102393,4.188790204786,6.28318530718,
8.377580409573),.UNSPECIFIED.) CURVE() GEOMETRIC_REPRESENTATION_ITEM() 
RATIONAL_B_SPLINE_CURVE((1.,0.5,1.,0.5,1.,0.5,1.)) REPRESENTATION_ITEM(
  '') );
#933 = CARTESIAN_POINT('',(121.2,89.5));
#934 = CARTESIAN_POINT('',(121.2,86.555513627133));
#935 = CARTESIAN_POINT('',(118.65,88.027756813566));
#936 = CARTESIAN_POINT('',(116.1,89.5));
#937 = CARTESIAN_POINT('',(118.65,90.972243186434));
#938 = CARTESIAN_POINT('',(121.2,92.444486372867));
#939 = CARTESIAN_POINT('',(121.2,89.5));
#940 = ( GEOMETRIC_REPRESENTATION_CONTEXT(2) 
PARAMETRIC_REPRESENTATION_CONTEXT() REPRESENTATION_CONTEXT('2D SPACE',''
  ) );
#941 = PCURVE('',#391,#942);
#942 = DEFINITIONAL_REPRESENTATION('',(#943),#947);
#943 = LINE('',#944,#945);
#944 = CARTESIAN_POINT('',(-6.28318530718,-3.));
#945 = VECTOR('',#946,1.);
#946 = DIRECTION('',(1.,-0.));
#947 = ( GEOMETRIC_REPRESENTATION_CONTEXT(2) 
PARAMETRIC_REPRESENTATION_CONTEXT() REPRESENTATION_CONTEXT('2D SPACE',''
  ) );
#948 = ORIENTED_EDGE('',*,*,#949,.T.);
#949 = EDGE_CURVE('',#922,#950,#952,.T.);
#950 = VERTEX_POINT('',#951);
#951 = CARTESIAN_POINT('',(57.8,37.775073965144,0.));
#952 = SURFACE_CURVE('',#953,(#957,#964),.PCURVE_S1.);
#953 = LINE('',#954,#955);
#954 = CARTESIAN_POINT('',(57.8,-0.4,0.));
#955 = VECTOR('',#956,1.);
#956 = DIRECTION('',(0.,-1.,0.));
#957 = PCURVE('',#72,#958);
#958 = DEFINITIONAL_REPRESENTATION('',(#959),#963);
#959 = LINE('',#960,#961);
#960 = CARTESIAN_POINT('',(120.3,47.1));
#961 = VECTOR('',#962,1.);
#962 = DIRECTION('',(0.,-1.));
#963 = ( GEOMETRIC_REPRESENTATION_CONTEXT(2) 
PARAMETRIC_REPRESENTATION_CONTEXT() REPRESENTATION_CONTEXT('2D SPACE',''
  ) );
#964 = PCURVE('',#965,#970);
#965 = PLANE('',#966);
#966 = AXIS2_PLACEMENT_3D('',#967,#968,#969);
#967 = CARTESIAN_POINT('',(57.8,-42.8,-3.));
#968 = DIRECTION('',(1.,0.,0.));
#969 = DIRECTION('',(0.,0.,1.));
#970 = DEFINITIONAL_REPRESENTATION('',(#971),#974);
#971 = B_SPLINE_CURVE_WITH_KNOTS('',1,(#972,#973),.UNSPECIFIED.,.F.,.F.,
  (2,2),(-43.2,-38.1),.PIECEWISE_BEZIER_KNOTS.);
#972 = CARTESIAN_POINT('',(3.,-85.6));
#973 = CARTESIAN_POINT('',(3.,-80.5));
#974 = ( GEOMETRIC_REPRESENTATION_CONTEXT(2) 
PARAMETRIC_REPRESENTATION_CONTEXT() REPRESENTATION_CONTEXT('2D SPACE',''
  ) );
#975 = ORIENTED_EDGE('',*,*,#976,.T.);
#976 = EDGE_CURVE('',#950,#977,#979,.T.);
#977 = VERTEX_POINT('',#978);
#978 = CARTESIAN_POINT('',(59.8,38.736566225584,0.));
#979 = SURFACE_CURVE('',#980,(#985,#992),.PCURVE_S1.);
#980 = CIRCLE('',#981,4.3);
#981 = AXIS2_PLACEMENT_3D('',#982,#983,#984);
#982 = CARTESIAN_POINT('',(57.,42.,0.));
#983 = DIRECTION('',(0.,0.,1.));
#984 = DIRECTION('',(1.,0.,0.));
#985 = PCURVE('',#72,#986);
#986 = DEFINITIONAL_REPRESENTATION('',(#987),#991);
#987 = CIRCLE('',#988,4.3);
#988 = AXIS2_PLACEMENT_2D('',#989,#990);
#989 = CARTESIAN_POINT('',(119.5,89.5));
#990 = DIRECTION('',(1.,0.));
#991 = ( GEOMETRIC_REPRESENTATION_CONTEXT(2) 
PARAMETRIC_REPRESENTATION_CONTEXT() REPRESENTATION_CONTEXT('2D SPACE',''
  ) );
#992 = PCURVE('',#993,#998);
#993 = CYLINDRICAL_SURFACE('',#994,4.3);
#994 = AXIS2_PLACEMENT_3D('',#995,#996,#997);
#995 = CARTESIAN_POINT('',(57.,42.,-3.));
#996 = DIRECTION('',(-0.,-0.,-1.));
#997 = DIRECTION('',(1.,0.,0.));
#998 = DEFINITIONAL_REPRESENTATION('',(#999),#1003);
#999 = LINE('',#1000,#1001);
#1000 = CARTESIAN_POINT('',(-0.,-3.));
#1001 = VECTOR('',#1002,1.);
#1002 = DIRECTION('',(-1.,0.));
#1003 = ( GEOMETRIC_REPRESENTATION_CONTEXT(2) 
PARAMETRIC_REPRESENTATION_CONTEXT() REPRESENTATION_CONTEXT('2D SPACE',''
  ) );
#1004 = ORIENTED_EDGE('',*,*,#1005,.F.);
#1005 = EDGE_CURVE('',#1006,#977,#1008,.T.);
#1006 = VERTEX_POINT('',#1007);
#1007 = CARTESIAN_POINT('',(59.8,-38.73656622558,0.));
#1008 = SURFACE_CURVE('',#1009,(#1013,#1020),.PCURVE_S1.);
#1009 = LINE('',#1010,#1011);
#1010 = CARTESIAN_POINT('',(59.8,-44.8,0.));
#1011 = VECTOR('',#1012,1.);
#1012 = DIRECTION('',(0.,1.,0.));
#1013 = PCURVE('',#72,#1014);
#1014 = DEFINITIONAL_REPRESENTATION('',(#1015),#1019);
#1015 = LINE('',#1016,#1017);
#1016 = CARTESIAN_POINT('',(122.3,2.7));
#1017 = VECTOR('',#1018,1.);
#1018 = DIRECTION('',(0.,1.));
#1019 = ( GEOMETRIC_REPRESENTATION_CONTEXT(2) 
PARAMETRIC_REPRESENTATION_CONTEXT() REPRESENTATION_CONTEXT('2D SPACE',''
  ) );
#1020 = PCURVE('',#1021,#1026);
#1021 = PLANE('',#1022);
#1022 = AXIS2_PLACEMENT_3D('',#1023,#1024,#1025);
#1023 = CARTESIAN_POINT('',(59.8,-44.8,-2.));
#1024 = DIRECTION('',(1.,0.,0.));
#1025 = DIRECTION('',(0.,0.,1.));
#1026 = DEFINITIONAL_REPRESENTATION('',(#1027),#1031);
#1027 = LINE('',#1028,#1029);
#1028 = CARTESIAN_POINT('',(2.,0.));
#1029 = VECTOR('',#1030,1.);
#1030 = DIRECTION('',(0.,-1.));
#1031 = ( GEOMETRIC_REPRESENTATION_CONTEXT(2) 
PARAMETRIC_REPRESENTATION_CONTEXT() REPRESENTATION_CONTEXT('2D SPACE',''
  ) );
#1032 = ORIENTED_EDGE('',*,*,#1033,.T.);
#1033 = EDGE_CURVE('',#1006,#1034,#1036,.T.);
#1034 = VERTEX_POINT('',#1035);
#1035 = CARTESIAN_POINT('',(57.8,-37.77507396514,0.));
#1036 = SURFACE_CURVE('',#1037,(#1042,#1049),.PCURVE_S1.);
#1037 = CIRCLE('',#1038,4.3);
#1038 = AXIS2_PLACEMENT_3D('',#1039,#1040,#1041);
#1039 = CARTESIAN_POINT('',(57.,-42.,0.));
#1040 = DIRECTION('',(0.,0.,1.));
#1041 = DIRECTION('',(1.,0.,0.));
#1042 = PCURVE('',#72,#1043);
#1043 = DEFINITIONAL_REPRESENTATION('',(#1044),#1048);
#1044 = CIRCLE('',#1045,4.3);
#1045 = AXIS2_PLACEMENT_2D('',#1046,#1047);
#1046 = CARTESIAN_POINT('',(119.5,5.5));
#1047 = DIRECTION('',(1.,0.));
#1048 = ( GEOMETRIC_REPRESENTATION_CONTEXT(2) 
PARAMETRIC_REPRESENTATION_CONTEXT() REPRESENTATION_CONTEXT('2D SPACE',''
  ) );
#1049 = PCURVE('',#1050,#1055);
#1050 = CYLINDRICAL_SURFACE('',#1051,4.3);
#1051 = AXIS2_PLACEMENT_3D('',#1052,#1053,#1054);
#1052 = CARTESIAN_POINT('',(57.,-42.,-3.));
#1053 = DIRECTION('',(-0.,-0.,-1.));
#1054 = DIRECTION('',(1.,0.,0.));
#1055 = DEFINITIONAL_REPRESENTATION('',(#1056),#1060);
#1056 = LINE('',#1057,#1058);
#1057 = CARTESIAN_POINT('',(-0.,-3.));
#1058 = VECTOR('',#1059,1.);
#1059 = DIRECTION('',(-1.,0.));
#1060 = ( GEOMETRIC_REPRESENTATION_CONTEXT(2) 
PARAMETRIC_REPRESENTATION_CONTEXT() REPRESENTATION_CONTEXT('2D SPACE',''
  ) );
#1061 = ORIENTED_EDGE('',*,*,#1062,.T.);
#1062 = EDGE_CURVE('',#1034,#1063,#1065,.T.);
#1063 = VERTEX_POINT('',#1064);
#1064 = CARTESIAN_POINT('',(57.8,-40.5,0.));
#1065 = SURFACE_CURVE('',#1066,(#1070,#1077),.PCURVE_S1.);
#1066 = LINE('',#1067,#1068);
#1067 = CARTESIAN_POINT('',(57.8,-42.4,0.));
#1068 = VECTOR('',#1069,1.);
#1069 = DIRECTION('',(0.,-1.,0.));
#1070 = PCURVE('',#72,#1071);
#1071 = DEFINITIONAL_REPRESENTATION('',(#1072),#1076);
#1072 = LINE('',#1073,#1074);
#1073 = CARTESIAN_POINT('',(120.3,5.1));
#1074 = VECTOR('',#1075,1.);
#1075 = DIRECTION('',(0.,-1.));
#1076 = ( GEOMETRIC_REPRESENTATION_CONTEXT(2) 
PARAMETRIC_REPRESENTATION_CONTEXT() REPRESENTATION_CONTEXT('2D SPACE',''
  ) );
#1077 = PCURVE('',#965,#1078);
#1078 = DEFINITIONAL_REPRESENTATION('',(#1079),#1082);
#1079 = B_SPLINE_CURVE_WITH_KNOTS('',1,(#1080,#1081),.UNSPECIFIED.,.F.,
  .F.,(2,2),(-4.7,0.4),.PIECEWISE_BEZIER_KNOTS.);
#1080 = CARTESIAN_POINT('',(3.,-5.1));
#1081 = CARTESIAN_POINT('',(3.,0.));
#1082 = ( GEOMETRIC_REPRESENTATION_CONTEXT(2) 
PARAMETRIC_REPRESENTATION_CONTEXT() REPRESENTATION_CONTEXT('2D SPACE',''
  ) );
#1083 = ORIENTED_EDGE('',*,*,#1084,.T.);
#1084 = EDGE_CURVE('',#1063,#1085,#1087,.T.);
#1085 = VERTEX_POINT('',#1086);
#1086 = CARTESIAN_POINT('',(58.7,-42.,0.));
#1087 = SURFACE_CURVE('',#1088,(#1093,#1104),.PCURVE_S1.);
#1088 = CIRCLE('',#1089,1.7);
#1089 = AXIS2_PLACEMENT_3D('',#1090,#1091,#1092);
#1090 = CARTESIAN_POINT('',(57.,-42.,0.));
#1091 = DIRECTION('',(0.,0.,-1.));
#1092 = DIRECTION('',(1.,0.,0.));
#1093 = PCURVE('',#72,#1094);
#1094 = DEFINITIONAL_REPRESENTATION('',(#1095),#1103);
#1095 = ( BOUNDED_CURVE() B_SPLINE_CURVE(2,(#1096,#1097,#1098,#1099,
#1100,#1101,#1102),.UNSPECIFIED.,.T.,.F.) B_SPLINE_CURVE_WITH_KNOTS((1,2
    ,2,2,2,1),(-2.094395102393,0.,2.094395102393,4.188790204786,
6.28318530718,8.377580409573),.UNSPECIFIED.) CURVE() 
GEOMETRIC_REPRESENTATION_ITEM() RATIONAL_B_SPLINE_CURVE((1.,0.5,1.,0.5,
1.,0.5,1.)) REPRESENTATION_ITEM('') );
#1096 = CARTESIAN_POINT('',(121.2,5.5));
#1097 = CARTESIAN_POINT('',(121.2,2.555513627133));
#1098 = CARTESIAN_POINT('',(118.65,4.027756813566));
#1099 = CARTESIAN_POINT('',(116.1,5.5));
#1100 = CARTESIAN_POINT('',(118.65,6.972243186434));
#1101 = CARTESIAN_POINT('',(121.2,8.444486372867));
#1102 = CARTESIAN_POINT('',(121.2,5.5));
#1103 = ( GEOMETRIC_REPRESENTATION_CONTEXT(2) 
PARAMETRIC_REPRESENTATION_CONTEXT() REPRESENTATION_CONTEXT('2D SPACE',''
  ) );
#1104 = PCURVE('',#321,#1105);
#1105 = DEFINITIONAL_REPRESENTATION('',(#1106),#1110);
#1106 = LINE('',#1107,#1108);
#1107 = CARTESIAN_POINT('',(-6.28318530718,-3.));
#1108 = VECTOR('',#1109,1.);
#1109 = DIRECTION('',(1.,-0.));
#1110 = ( GEOMETRIC_REPRESENTATION_CONTEXT(2) 
PARAMETRIC_REPRESENTATION_CONTEXT() REPRESENTATION_CONTEXT('2D SPACE',''
  ) );
#1111 = ORIENTED_EDGE('',*,*,#1112,.T.);
#1112 = EDGE_CURVE('',#1085,#1113,#1115,.T.);
#1113 = VERTEX_POINT('',#1114);
#1114 = CARTESIAN_POINT('',(55.5,-42.8,0.));
#1115 = SURFACE_CURVE('',#1116,(#1121,#1132),.PCURVE_S1.);
#1116 = CIRCLE('',#1117,1.7);
#1117 = AXIS2_PLACEMENT_3D('',#1118,#1119,#1120);
#1118 = CARTESIAN_POINT('',(57.,-42.,0.));
#1119 = DIRECTION('',(0.,0.,-1.));
#1120 = DIRECTION('',(1.,0.,0.));
#1121 = PCURVE('',#72,#1122);
#1122 = DEFINITIONAL_REPRESENTATION('',(#1123),#1131);
#1123 = ( BOUNDED_CURVE() B_SPLINE_CURVE(2,(#1124,#1125,#1126,#1127,
#1128,#1129,#1130),.UNSPECIFIED.,.T.,.F.) B_SPLINE_CURVE_WITH_KNOTS((1,2
    ,2,2,2,1),(-2.094395102393,0.,2.094395102393,4.188790204786,
6.28318530718,8.377580409573),.UNSPECIFIED.) CURVE() 
GEOMETRIC_REPRESENTATION_ITEM() RATIONAL_B_SPLINE_CURVE((1.,0.5,1.,0.5,
1.,0.5,1.)) REPRESENTATION_ITEM('') );
#1124 = CARTESIAN_POINT('',(121.2,5.5));
#1125 = CARTESIAN_POINT('',(121.2,2.555513627133));
#1126 = CARTESIAN_POINT('',(118.65,4.027756813566));
#1127 = CARTESIAN_POINT('',(116.1,5.5));
#1128 = CARTESIAN_POINT('',(118.65,6.972243186434));
#1129 = CARTESIAN_POINT('',(121.2,8.444486372867));
#1130 = CARTESIAN_POINT('',(121.2,5.5));
#1131 = ( GEOMETRIC_REPRESENTATION_CONTEXT(2) 
PARAMETRIC_REPRESENTATION_CONTEXT() REPRESENTATION_CONTEXT('2D SPACE',''
  ) );
#1132 = PCURVE('',#321,#1133);
#1133 = DEFINITIONAL_REPRESENTATION('',(#1134),#1138);
#1134 = LINE('',#1135,#1136);
#1135 = CARTESIAN_POINT('',(-6.28318530718,-3.));
#1136 = VECTOR('',#1137,1.);
#1137 = DIRECTION('',(1.,-0.));
#1138 = ( GEOMETRIC_REPRESENTATION_CONTEXT(2) 
PARAMETRIC_REPRESENTATION_CONTEXT() REPRESENTATION_CONTEXT('2D SPACE',''
  ) );
#1139 = ORIENTED_EDGE('',*,*,#1140,.F.);
#1140 = EDGE_CURVE('',#1141,#1113,#1143,.T.);
#1141 = VERTEX_POINT('',#1142);
#1142 = CARTESIAN_POINT('',(52.775073965144,-42.8,0.));
#1143 = SURFACE_CURVE('',#1144,(#1148,#1155),.PCURVE_S1.);
#1144 = LINE('',#1145,#1146);
#1145 = CARTESIAN_POINT('',(-0.4,-42.8,0.));
#1146 = VECTOR('',#1147,1.);
#1147 = DIRECTION('',(1.,0.,0.));
#1148 = PCURVE('',#72,#1149);
#1149 = DEFINITIONAL_REPRESENTATION('',(#1150),#1154);
#1150 = LINE('',#1151,#1152);
#1151 = CARTESIAN_POINT('',(62.1,4.7));
#1152 = VECTOR('',#1153,1.);
#1153 = DIRECTION('',(1.,0.));
#1154 = ( GEOMETRIC_REPRESENTATION_CONTEXT(2) 
PARAMETRIC_REPRESENTATION_CONTEXT() REPRESENTATION_CONTEXT('2D SPACE',''
  ) );
#1155 = PCURVE('',#556,#1156);
#1156 = DEFINITIONAL_REPRESENTATION('',(#1157),#1160);
#1157 = B_SPLINE_CURVE_WITH_KNOTS('',1,(#1158,#1159),.UNSPECIFIED.,.F.,
  .F.,(2,2),(53.1,58.2),.PIECEWISE_BEZIER_KNOTS.);
#1158 = CARTESIAN_POINT('',(3.,110.5));
#1159 = CARTESIAN_POINT('',(3.,115.6));
#1160 = ( GEOMETRIC_REPRESENTATION_CONTEXT(2) 
PARAMETRIC_REPRESENTATION_CONTEXT() REPRESENTATION_CONTEXT('2D SPACE',''
  ) );
#1161 = ORIENTED_EDGE('',*,*,#1162,.T.);
#1162 = EDGE_CURVE('',#1141,#484,#1163,.T.);
#1163 = SURFACE_CURVE('',#1164,(#1169,#1176),.PCURVE_S1.);
#1164 = CIRCLE('',#1165,4.3);
#1165 = AXIS2_PLACEMENT_3D('',#1166,#1167,#1168);
#1166 = CARTESIAN_POINT('',(57.,-42.,0.));
#1167 = DIRECTION('',(0.,0.,1.));
#1168 = DIRECTION('',(1.,0.,0.));
#1169 = PCURVE('',#72,#1170);
#1170 = DEFINITIONAL_REPRESENTATION('',(#1171),#1175);
#1171 = CIRCLE('',#1172,4.3);
#1172 = AXIS2_PLACEMENT_2D('',#1173,#1174);
#1173 = CARTESIAN_POINT('',(119.5,5.5));
#1174 = DIRECTION('',(1.,0.));
#1175 = ( GEOMETRIC_REPRESENTATION_CONTEXT(2) 
PARAMETRIC_REPRESENTATION_CONTEXT() REPRESENTATION_CONTEXT('2D SPACE',''
  ) );
#1176 = PCURVE('',#1177,#1182);
#1177 = CYLINDRICAL_SURFACE('',#1178,4.3);
#1178 = AXIS2_PLACEMENT_3D('',#1179,#1180,#1181);
#1179 = CARTESIAN_POINT('',(57.,-42.,-3.));
#1180 = DIRECTION('',(-0.,-0.,-1.));
#1181 = DIRECTION('',(1.,0.,0.));
#1182 = DEFINITIONAL_REPRESENTATION('',(#1183),#1187);
#1183 = LINE('',#1184,#1185);
#1184 = CARTESIAN_POINT('',(-0.,-3.));
#1185 = VECTOR('',#1186,1.);
#1186 = DIRECTION('',(-1.,0.));
#1187 = ( GEOMETRIC_REPRESENTATION_CONTEXT(2) 
PARAMETRIC_REPRESENTATION_CONTEXT() REPRESENTATION_CONTEXT('2D SPACE',''
  ) );
#1188 = ADVANCED_FACE('',(#1189),#202,.T.);
#1189 = FACE_BOUND('',#1190,.T.);
#1190 = EDGE_LOOP('',(#1191,#1192,#1193,#1194));
#1191 = ORIENTED_EDGE('',*,*,#188,.F.);
#1192 = ORIENTED_EDGE('',*,*,#457,.T.);
#1193 = ORIENTED_EDGE('',*,*,#431,.T.);
#1194 = ORIENTED_EDGE('',*,*,#219,.F.);
#1195 = ADVANCED_FACE('',(#1196),#286,.F.);
#1196 = FACE_BOUND('',#1197,.T.);
#1197 = EDGE_LOOP('',(#1198,#1233,#1254,#1255,#1256,#1284,#1303,#1304));
#1198 = ORIENTED_EDGE('',*,*,#1199,.T.);
#1199 = EDGE_CURVE('',#1200,#1202,#1204,.T.);
#1200 = VERTEX_POINT('',#1201);
#1201 = CARTESIAN_POINT('',(-57.8,-40.5,1.));
#1202 = VERTEX_POINT('',#1203);
#1203 = CARTESIAN_POINT('',(-55.3,-42.,1.));
#1204 = SURFACE_CURVE('',#1205,(#1210,#1217),.PCURVE_S1.);
#1205 = CIRCLE('',#1206,1.7);
#1206 = AXIS2_PLACEMENT_3D('',#1207,#1208,#1209);
#1207 = CARTESIAN_POINT('',(-57.,-42.,1.));
#1208 = DIRECTION('',(0.,0.,-1.));
#1209 = DIRECTION('',(1.,0.,0.));
#1210 = PCURVE('',#286,#1211);
#1211 = DEFINITIONAL_REPRESENTATION('',(#1212),#1216);
#1212 = LINE('',#1213,#1214);
#1213 = CARTESIAN_POINT('',(-6.28318530718,-4.));
#1214 = VECTOR('',#1215,1.);
#1215 = DIRECTION('',(1.,-0.));
#1216 = ( GEOMETRIC_REPRESENTATION_CONTEXT(2) 
PARAMETRIC_REPRESENTATION_CONTEXT() REPRESENTATION_CONTEXT('2D SPACE',''
  ) );
#1217 = PCURVE('',#1218,#1223);
#1218 = PLANE('',#1219);
#1219 = AXIS2_PLACEMENT_3D('',#1220,#1221,#1222);
#1220 = CARTESIAN_POINT('',(-57.8,-42.8,1.));
#1221 = DIRECTION('',(0.,0.,1.));
#1222 = DIRECTION('',(1.,0.,0.));
#1223 = DEFINITIONAL_REPRESENTATION('',(#1224),#1232);
#1224 = ( BOUNDED_CURVE() B_SPLINE_CURVE(2,(#1225,#1226,#1227,#1228,
#1229,#1230,#1231),.UNSPECIFIED.,.T.,.F.) B_SPLINE_CURVE_WITH_KNOTS((1,2
    ,2,2,2,1),(-2.094395102393,0.,2.094395102393,4.188790204786,
6.28318530718,8.377580409573),.UNSPECIFIED.) CURVE() 
GEOMETRIC_REPRESENTATION_ITEM() RATIONAL_B_SPLINE_CURVE((1.,0.5,1.,0.5,
1.,0.5,1.)) REPRESENTATION_ITEM('') );
#1225 = CARTESIAN_POINT('',(2.5,0.8));
#1226 = CARTESIAN_POINT('',(2.5,-2.144486372867));
#1227 = CARTESIAN_POINT('',(-5.E-02,-0.672243186434));
#1228 = CARTESIAN_POINT('',(-2.6,0.8));
#1229 = CARTESIAN_POINT('',(-5.E-02,2.272243186434));
#1230 = CARTESIAN_POINT('',(2.5,3.744486372867));
#1231 = CARTESIAN_POINT('',(2.5,0.8));
#1232 = ( GEOMETRIC_REPRESENTATION_CONTEXT(2) 
PARAMETRIC_REPRESENTATION_CONTEXT() REPRESENTATION_CONTEXT('2D SPACE',''
  ) );
#1233 = ORIENTED_EDGE('',*,*,#1234,.T.);
#1234 = EDGE_CURVE('',#1202,#266,#1235,.T.);
#1235 = SEAM_CURVE('',#1236,(#1240,#1247),.PCURVE_S1.);
#1236 = LINE('',#1237,#1238);
#1237 = CARTESIAN_POINT('',(-55.3,-42.,-3.));
#1238 = VECTOR('',#1239,1.);
#1239 = DIRECTION('',(0.,0.,1.));
#1240 = PCURVE('',#286,#1241);
#1241 = DEFINITIONAL_REPRESENTATION('',(#1242),#1246);
#1242 = LINE('',#1243,#1244);
#1243 = CARTESIAN_POINT('',(-6.28318530718,0.));
#1244 = VECTOR('',#1245,1.);
#1245 = DIRECTION('',(-0.,-1.));
#1246 = ( GEOMETRIC_REPRESENTATION_CONTEXT(2) 
PARAMETRIC_REPRESENTATION_CONTEXT() REPRESENTATION_CONTEXT('2D SPACE',''
  ) );
#1247 = PCURVE('',#286,#1248);
#1248 = DEFINITIONAL_REPRESENTATION('',(#1249),#1253);
#1249 = LINE('',#1250,#1251);
#1250 = CARTESIAN_POINT('',(-0.,0.));
#1251 = VECTOR('',#1252,1.);
#1252 = DIRECTION('',(-0.,-1.));
#1253 = ( GEOMETRIC_REPRESENTATION_CONTEXT(2) 
PARAMETRIC_REPRESENTATION_CONTEXT() REPRESENTATION_CONTEXT('2D SPACE',''
  ) );
#1254 = ORIENTED_EDGE('',*,*,#265,.F.);
#1255 = ORIENTED_EDGE('',*,*,#1234,.F.);
#1256 = ORIENTED_EDGE('',*,*,#1257,.T.);
#1257 = EDGE_CURVE('',#1202,#1258,#1260,.T.);
#1258 = VERTEX_POINT('',#1259);
#1259 = CARTESIAN_POINT('',(-55.5,-42.8,1.));
#1260 = SURFACE_CURVE('',#1261,(#1266,#1273),.PCURVE_S1.);
#1261 = CIRCLE('',#1262,1.7);
#1262 = AXIS2_PLACEMENT_3D('',#1263,#1264,#1265);
#1263 = CARTESIAN_POINT('',(-57.,-42.,1.));
#1264 = DIRECTION('',(0.,0.,-1.));
#1265 = DIRECTION('',(1.,0.,0.));
#1266 = PCURVE('',#286,#1267);
#1267 = DEFINITIONAL_REPRESENTATION('',(#1268),#1272);
#1268 = LINE('',#1269,#1270);
#1269 = CARTESIAN_POINT('',(-6.28318530718,-4.));
#1270 = VECTOR('',#1271,1.);
#1271 = DIRECTION('',(1.,-0.));
#1272 = ( GEOMETRIC_REPRESENTATION_CONTEXT(2) 
PARAMETRIC_REPRESENTATION_CONTEXT() REPRESENTATION_CONTEXT('2D SPACE',''
  ) );
#1273 = PCURVE('',#1218,#1274);
#1274 = DEFINITIONAL_REPRESENTATION('',(#1275),#1283);
#1275 = ( BOUNDED_CURVE() B_SPLINE_CURVE(2,(#1276,#1277,#1278,#1279,
#1280,#1281,#1282),.UNSPECIFIED.,.T.,.F.) B_SPLINE_CURVE_WITH_KNOTS((1,2
    ,2,2,2,1),(-2.094395102393,0.,2.094395102393,4.188790204786,
6.28318530718,8.377580409573),.UNSPECIFIED.) CURVE() 
GEOMETRIC_REPRESENTATION_ITEM() RATIONAL_B_SPLINE_CURVE((1.,0.5,1.,0.5,
1.,0.5,1.)) REPRESENTATION_ITEM('') );
#1276 = CARTESIAN_POINT('',(2.5,0.8));
#1277 = CARTESIAN_POINT('',(2.5,-2.144486372867));
#1278 = CARTESIAN_POINT('',(-5.E-02,-0.672243186434));
#1279 = CARTESIAN_POINT('',(-2.6,0.8));
#1280 = CARTESIAN_POINT('',(-5.E-02,2.272243186434));
#1281 = CARTESIAN_POINT('',(2.5,3.744486372867));
#1282 = CARTESIAN_POINT('',(2.5,0.8));
#1283 = ( GEOMETRIC_REPRESENTATION_CONTEXT(2) 
PARAMETRIC_REPRESENTATION_CONTEXT() REPRESENTATION_CONTEXT('2D SPACE',''
  ) );
#1284 = ORIENTED_EDGE('',*,*,#1285,.T.);
#1285 = EDGE_CURVE('',#1258,#541,#1286,.T.);
#1286 = SURFACE_CURVE('',#1287,(#1291,#1297),.PCURVE_S1.);
#1287 = LINE('',#1288,#1289);
#1288 = CARTESIAN_POINT('',(-55.5,-42.8,-3.));
#1289 = VECTOR('',#1290,1.);
#1290 = DIRECTION('',(-0.,-0.,-1.));
#1291 = PCURVE('',#286,#1292);
#1292 = DEFINITIONAL_REPRESENTATION('',(#1293),#1296);
#1293 = B_SPLINE_CURVE_WITH_KNOTS('',1,(#1294,#1295),.UNSPECIFIED.,.F.,
  .F.,(2,2),(-4.3,-0.7),.PIECEWISE_BEZIER_KNOTS.);
#1294 = CARTESIAN_POINT('',(-5.793227980926,-4.3));
#1295 = CARTESIAN_POINT('',(-5.793227980926,-0.7));
#1296 = ( GEOMETRIC_REPRESENTATION_CONTEXT(2) 
PARAMETRIC_REPRESENTATION_CONTEXT() REPRESENTATION_CONTEXT('2D SPACE',''
  ) );
#1297 = PCURVE('',#556,#1298);
#1298 = DEFINITIONAL_REPRESENTATION('',(#1299),#1302);
#1299 = B_SPLINE_CURVE_WITH_KNOTS('',1,(#1300,#1301),.UNSPECIFIED.,.F.,
  .F.,(2,2),(-4.3,-0.7),.PIECEWISE_BEZIER_KNOTS.);
#1300 = CARTESIAN_POINT('',(4.3,2.3));
#1301 = CARTESIAN_POINT('',(0.7,2.3));
#1302 = ( GEOMETRIC_REPRESENTATION_CONTEXT(2) 
PARAMETRIC_REPRESENTATION_CONTEXT() REPRESENTATION_CONTEXT('2D SPACE',''
  ) );
#1303 = ORIENTED_EDGE('',*,*,#567,.T.);
#1304 = ORIENTED_EDGE('',*,*,#1305,.F.);
#1305 = EDGE_CURVE('',#1200,#568,#1306,.T.);
#1306 = SURFACE_CURVE('',#1307,(#1311,#1317),.PCURVE_S1.);
#1307 = LINE('',#1308,#1309);
#1308 = CARTESIAN_POINT('',(-57.8,-40.5,-3.));
#1309 = VECTOR('',#1310,1.);
#1310 = DIRECTION('',(-0.,-0.,-1.));
#1311 = PCURVE('',#286,#1312);
#1312 = DEFINITIONAL_REPRESENTATION('',(#1313),#1316);
#1313 = B_SPLINE_CURVE_WITH_KNOTS('',1,(#1314,#1315),.UNSPECIFIED.,.F.,
  .F.,(2,2),(-4.3,-0.7),.PIECEWISE_BEZIER_KNOTS.);
#1314 = CARTESIAN_POINT('',(-2.060753653049,-4.3));
#1315 = CARTESIAN_POINT('',(-2.060753653049,-0.7));
#1316 = ( GEOMETRIC_REPRESENTATION_CONTEXT(2) 
PARAMETRIC_REPRESENTATION_CONTEXT() REPRESENTATION_CONTEXT('2D SPACE',''
  ) );
#1317 = PCURVE('',#611,#1318);
#1318 = DEFINITIONAL_REPRESENTATION('',(#1319),#1322);
#1319 = B_SPLINE_CURVE_WITH_KNOTS('',1,(#1320,#1321),.UNSPECIFIED.,.F.,
  .F.,(2,2),(-4.3,-0.7),.PIECEWISE_BEZIER_KNOTS.);
#1320 = CARTESIAN_POINT('',(4.3,-2.3));
#1321 = CARTESIAN_POINT('',(0.7,-2.3));
#1322 = ( GEOMETRIC_REPRESENTATION_CONTEXT(2) 
PARAMETRIC_REPRESENTATION_CONTEXT() REPRESENTATION_CONTEXT('2D SPACE',''
  ) );
#1323 = ADVANCED_FACE('',(#1324),#321,.F.);
#1324 = FACE_BOUND('',#1325,.T.);
#1325 = EDGE_LOOP('',(#1326,#1327,#1348,#1349,#1350,#1351,#1372,#1400));
#1326 = ORIENTED_EDGE('',*,*,#1084,.T.);
#1327 = ORIENTED_EDGE('',*,*,#1328,.T.);
#1328 = EDGE_CURVE('',#1085,#301,#1329,.T.);
#1329 = SEAM_CURVE('',#1330,(#1334,#1341),.PCURVE_S1.);
#1330 = LINE('',#1331,#1332);
#1331 = CARTESIAN_POINT('',(58.7,-42.,-3.));
#1332 = VECTOR('',#1333,1.);
#1333 = DIRECTION('',(0.,0.,1.));
#1334 = PCURVE('',#321,#1335);
#1335 = DEFINITIONAL_REPRESENTATION('',(#1336),#1340);
#1336 = LINE('',#1337,#1338);
#1337 = CARTESIAN_POINT('',(-6.28318530718,0.));
#1338 = VECTOR('',#1339,1.);
#1339 = DIRECTION('',(-0.,-1.));
#1340 = ( GEOMETRIC_REPRESENTATION_CONTEXT(2) 
PARAMETRIC_REPRESENTATION_CONTEXT() REPRESENTATION_CONTEXT('2D SPACE',''
  ) );
#1341 = PCURVE('',#321,#1342);
#1342 = DEFINITIONAL_REPRESENTATION('',(#1343),#1347);
#1343 = LINE('',#1344,#1345);
#1344 = CARTESIAN_POINT('',(-0.,0.));
#1345 = VECTOR('',#1346,1.);
#1346 = DIRECTION('',(-0.,-1.));
#1347 = ( GEOMETRIC_REPRESENTATION_CONTEXT(2) 
PARAMETRIC_REPRESENTATION_CONTEXT() REPRESENTATION_CONTEXT('2D SPACE',''
  ) );
#1348 = ORIENTED_EDGE('',*,*,#300,.F.);
#1349 = ORIENTED_EDGE('',*,*,#1328,.F.);
#1350 = ORIENTED_EDGE('',*,*,#1112,.T.);
#1351 = ORIENTED_EDGE('',*,*,#1352,.F.);
#1352 = EDGE_CURVE('',#1353,#1113,#1355,.T.);
#1353 = VERTEX_POINT('',#1354);
#1354 = CARTESIAN_POINT('',(55.5,-42.8,1.));
#1355 = SURFACE_CURVE('',#1356,(#1360,#1366),.PCURVE_S1.);
#1356 = LINE('',#1357,#1358);
#1357 = CARTESIAN_POINT('',(55.5,-42.8,-3.));
#1358 = VECTOR('',#1359,1.);
#1359 = DIRECTION('',(-0.,-0.,-1.));
#1360 = PCURVE('',#321,#1361);
#1361 = DEFINITIONAL_REPRESENTATION('',(#1362),#1365);
#1362 = B_SPLINE_CURVE_WITH_KNOTS('',1,(#1363,#1364),.UNSPECIFIED.,.F.,
  .F.,(2,2),(-4.3,-0.7),.PIECEWISE_BEZIER_KNOTS.);
#1363 = CARTESIAN_POINT('',(-3.631549979844,-4.3));
#1364 = CARTESIAN_POINT('',(-3.631549979844,-0.7));
#1365 = ( GEOMETRIC_REPRESENTATION_CONTEXT(2) 
PARAMETRIC_REPRESENTATION_CONTEXT() REPRESENTATION_CONTEXT('2D SPACE',''
  ) );
#1366 = PCURVE('',#556,#1367);
#1367 = DEFINITIONAL_REPRESENTATION('',(#1368),#1371);
#1368 = B_SPLINE_CURVE_WITH_KNOTS('',1,(#1369,#1370),.UNSPECIFIED.,.F.,
  .F.,(2,2),(-4.3,-0.7),.PIECEWISE_BEZIER_KNOTS.);
#1369 = CARTESIAN_POINT('',(4.3,113.3));
#1370 = CARTESIAN_POINT('',(0.7,113.3));
#1371 = ( GEOMETRIC_REPRESENTATION_CONTEXT(2) 
PARAMETRIC_REPRESENTATION_CONTEXT() REPRESENTATION_CONTEXT('2D SPACE',''
  ) );
#1372 = ORIENTED_EDGE('',*,*,#1373,.T.);
#1373 = EDGE_CURVE('',#1353,#1374,#1376,.T.);
#1374 = VERTEX_POINT('',#1375);
#1375 = CARTESIAN_POINT('',(57.8,-40.5,1.));
#1376 = SURFACE_CURVE('',#1377,(#1382,#1389),.PCURVE_S1.);
#1377 = CIRCLE('',#1378,1.7);
#1378 = AXIS2_PLACEMENT_3D('',#1379,#1380,#1381);
#1379 = CARTESIAN_POINT('',(57.,-42.,1.));
#1380 = DIRECTION('',(0.,0.,-1.));
#1381 = DIRECTION('',(1.,0.,0.));
#1382 = PCURVE('',#321,#1383);
#1383 = DEFINITIONAL_REPRESENTATION('',(#1384),#1388);
#1384 = LINE('',#1385,#1386);
#1385 = CARTESIAN_POINT('',(-6.28318530718,-4.));
#1386 = VECTOR('',#1387,1.);
#1387 = DIRECTION('',(1.,-0.));
#1388 = ( GEOMETRIC_REPRESENTATION_CONTEXT(2) 
PARAMETRIC_REPRESENTATION_CONTEXT() REPRESENTATION_CONTEXT('2D SPACE',''
  ) );
#1389 = PCURVE('',#1218,#1390);
#1390 = DEFINITIONAL_REPRESENTATION('',(#1391),#1399);
#1391 = ( BOUNDED_CURVE() B_SPLINE_CURVE(2,(#1392,#1393,#1394,#1395,
#1396,#1397,#1398),.UNSPECIFIED.,.T.,.F.) B_SPLINE_CURVE_WITH_KNOTS((1,2
    ,2,2,2,1),(-2.094395102393,0.,2.094395102393,4.188790204786,
6.28318530718,8.377580409573),.UNSPECIFIED.) CURVE() 
GEOMETRIC_REPRESENTATION_ITEM() RATIONAL_B_SPLINE_CURVE((1.,0.5,1.,0.5,
1.,0.5,1.)) REPRESENTATION_ITEM('') );
#1392 = CARTESIAN_POINT('',(116.5,0.8));
#1393 = CARTESIAN_POINT('',(116.5,-2.144486372867));
#1394 = CARTESIAN_POINT('',(113.95,-0.672243186434));
#1395 = CARTESIAN_POINT('',(111.4,0.8));
#1396 = CARTESIAN_POINT('',(113.95,2.272243186434));
#1397 = CARTESIAN_POINT('',(116.5,3.744486372867));
#1398 = CARTESIAN_POINT('',(116.5,0.8));
#1399 = ( GEOMETRIC_REPRESENTATION_CONTEXT(2) 
PARAMETRIC_REPRESENTATION_CONTEXT() REPRESENTATION_CONTEXT('2D SPACE',''
  ) );
#1400 = ORIENTED_EDGE('',*,*,#1401,.T.);
#1401 = EDGE_CURVE('',#1374,#1063,#1402,.T.);
#1402 = SURFACE_CURVE('',#1403,(#1407,#1413),.PCURVE_S1.);
#1403 = LINE('',#1404,#1405);
#1404 = CARTESIAN_POINT('',(57.8,-40.5,-3.));
#1405 = VECTOR('',#1406,1.);
#1406 = DIRECTION('',(-0.,-0.,-1.));
#1407 = PCURVE('',#321,#1408);
#1408 = DEFINITIONAL_REPRESENTATION('',(#1409),#1412);
#1409 = B_SPLINE_CURVE_WITH_KNOTS('',1,(#1410,#1411),.UNSPECIFIED.,.F.,
  .F.,(2,2),(-4.3,-0.7),.PIECEWISE_BEZIER_KNOTS.);
#1410 = CARTESIAN_POINT('',(-1.080839000541,-4.3));
#1411 = CARTESIAN_POINT('',(-1.080839000541,-0.7));
#1412 = ( GEOMETRIC_REPRESENTATION_CONTEXT(2) 
PARAMETRIC_REPRESENTATION_CONTEXT() REPRESENTATION_CONTEXT('2D SPACE',''
  ) );
#1413 = PCURVE('',#965,#1414);
#1414 = DEFINITIONAL_REPRESENTATION('',(#1415),#1418);
#1415 = B_SPLINE_CURVE_WITH_KNOTS('',1,(#1416,#1417),.UNSPECIFIED.,.F.,
  .F.,(2,2),(-4.3,-0.7),.PIECEWISE_BEZIER_KNOTS.);
#1416 = CARTESIAN_POINT('',(4.3,-2.3));
#1417 = CARTESIAN_POINT('',(0.7,-2.3));
#1418 = ( GEOMETRIC_REPRESENTATION_CONTEXT(2) 
PARAMETRIC_REPRESENTATION_CONTEXT() REPRESENTATION_CONTEXT('2D SPACE',''
  ) );
#1419 = ADVANCED_FACE('',(#1420),#356,.F.);
#1420 = FACE_BOUND('',#1421,.T.);
#1421 = EDGE_LOOP('',(#1422,#1452,#1473,#1474,#1475,#1503,#1522,#1523));
#1422 = ORIENTED_EDGE('',*,*,#1423,.T.);
#1423 = EDGE_CURVE('',#1424,#1426,#1428,.T.);
#1424 = VERTEX_POINT('',#1425);
#1425 = CARTESIAN_POINT('',(-55.5,42.8,1.));
#1426 = VERTEX_POINT('',#1427);
#1427 = CARTESIAN_POINT('',(-55.3,42.,1.));
#1428 = SURFACE_CURVE('',#1429,(#1434,#1441),.PCURVE_S1.);
#1429 = CIRCLE('',#1430,1.7);
#1430 = AXIS2_PLACEMENT_3D('',#1431,#1432,#1433);
#1431 = CARTESIAN_POINT('',(-57.,42.,1.));
#1432 = DIRECTION('',(0.,0.,-1.));
#1433 = DIRECTION('',(1.,0.,0.));
#1434 = PCURVE('',#356,#1435);
#1435 = DEFINITIONAL_REPRESENTATION('',(#1436),#1440);
#1436 = LINE('',#1437,#1438);
#1437 = CARTESIAN_POINT('',(-6.28318530718,-4.));
#1438 = VECTOR('',#1439,1.);
#1439 = DIRECTION('',(1.,-0.));
#1440 = ( GEOMETRIC_REPRESENTATION_CONTEXT(2) 
PARAMETRIC_REPRESENTATION_CONTEXT() REPRESENTATION_CONTEXT('2D SPACE',''
  ) );
#1441 = PCURVE('',#1218,#1442);
#1442 = DEFINITIONAL_REPRESENTATION('',(#1443),#1451);
#1443 = ( BOUNDED_CURVE() B_SPLINE_CURVE(2,(#1444,#1445,#1446,#1447,
#1448,#1449,#1450),.UNSPECIFIED.,.T.,.F.) B_SPLINE_CURVE_WITH_KNOTS((1,2
    ,2,2,2,1),(-2.094395102393,0.,2.094395102393,4.188790204786,
6.28318530718,8.377580409573),.UNSPECIFIED.) CURVE() 
GEOMETRIC_REPRESENTATION_ITEM() RATIONAL_B_SPLINE_CURVE((1.,0.5,1.,0.5,
1.,0.5,1.)) REPRESENTATION_ITEM('') );
#1444 = CARTESIAN_POINT('',(2.5,84.8));
#1445 = CARTESIAN_POINT('',(2.5,81.855513627133));
#1446 = CARTESIAN_POINT('',(-5.E-02,83.327756813566));
#1447 = CARTESIAN_POINT('',(-2.6,84.8));
#1448 = CARTESIAN_POINT('',(-5.E-02,86.272243186434));
#1449 = CARTESIAN_POINT('',(2.5,87.744486372867));
#1450 = CARTESIAN_POINT('',(2.5,84.8));
#1451 = ( GEOMETRIC_REPRESENTATION_CONTEXT(2) 
PARAMETRIC_REPRESENTATION_CONTEXT() REPRESENTATION_CONTEXT('2D SPACE',''
  ) );
#1452 = ORIENTED_EDGE('',*,*,#1453,.T.);
#1453 = EDGE_CURVE('',#1426,#336,#1454,.T.);
#1454 = SEAM_CURVE('',#1455,(#1459,#1466),.PCURVE_S1.);
#1455 = LINE('',#1456,#1457);
#1456 = CARTESIAN_POINT('',(-55.3,42.,-3.));
#1457 = VECTOR('',#1458,1.);
#1458 = DIRECTION('',(0.,0.,1.));
#1459 = PCURVE('',#356,#1460);
#1460 = DEFINITIONAL_REPRESENTATION('',(#1461),#1465);
#1461 = LINE('',#1462,#1463);
#1462 = CARTESIAN_POINT('',(-6.28318530718,0.));
#1463 = VECTOR('',#1464,1.);
#1464 = DIRECTION('',(-0.,-1.));
#1465 = ( GEOMETRIC_REPRESENTATION_CONTEXT(2) 
PARAMETRIC_REPRESENTATION_CONTEXT() REPRESENTATION_CONTEXT('2D SPACE',''
  ) );
#1466 = PCURVE('',#356,#1467);
#1467 = DEFINITIONAL_REPRESENTATION('',(#1468),#1472);
#1468 = LINE('',#1469,#1470);
#1469 = CARTESIAN_POINT('',(-0.,0.));
#1470 = VECTOR('',#1471,1.);
#1471 = DIRECTION('',(-0.,-1.));
#1472 = ( GEOMETRIC_REPRESENTATION_CONTEXT(2) 
PARAMETRIC_REPRESENTATION_CONTEXT() REPRESENTATION_CONTEXT('2D SPACE',''
  ) );
#1473 = ORIENTED_EDGE('',*,*,#335,.F.);
#1474 = ORIENTED_EDGE('',*,*,#1453,.F.);
#1475 = ORIENTED_EDGE('',*,*,#1476,.T.);
#1476 = EDGE_CURVE('',#1426,#1477,#1479,.T.);
#1477 = VERTEX_POINT('',#1478);
#1478 = CARTESIAN_POINT('',(-57.8,40.5,1.));
#1479 = SURFACE_CURVE('',#1480,(#1485,#1492),.PCURVE_S1.);
#1480 = CIRCLE('',#1481,1.7);
#1481 = AXIS2_PLACEMENT_3D('',#1482,#1483,#1484);
#1482 = CARTESIAN_POINT('',(-57.,42.,1.));
#1483 = DIRECTION('',(0.,0.,-1.));
#1484 = DIRECTION('',(1.,0.,0.));
#1485 = PCURVE('',#356,#1486);
#1486 = DEFINITIONAL_REPRESENTATION('',(#1487),#1491);
#1487 = LINE('',#1488,#1489);
#1488 = CARTESIAN_POINT('',(-6.28318530718,-4.));
#1489 = VECTOR('',#1490,1.);
#1490 = DIRECTION('',(1.,-0.));
#1491 = ( GEOMETRIC_REPRESENTATION_CONTEXT(2) 
PARAMETRIC_REPRESENTATION_CONTEXT() REPRESENTATION_CONTEXT('2D SPACE',''
  ) );
#1492 = PCURVE('',#1218,#1493);
#1493 = DEFINITIONAL_REPRESENTATION('',(#1494),#1502);
#1494 = ( BOUNDED_CURVE() B_SPLINE_CURVE(2,(#1495,#1496,#1497,#1498,
#1499,#1500,#1501),.UNSPECIFIED.,.T.,.F.) B_SPLINE_CURVE_WITH_KNOTS((1,2
    ,2,2,2,1),(-2.094395102393,0.,2.094395102393,4.188790204786,
6.28318530718,8.377580409573),.UNSPECIFIED.) CURVE() 
GEOMETRIC_REPRESENTATION_ITEM() RATIONAL_B_SPLINE_CURVE((1.,0.5,1.,0.5,
1.,0.5,1.)) REPRESENTATION_ITEM('') );
#1495 = CARTESIAN_POINT('',(2.5,84.8));
#1496 = CARTESIAN_POINT('',(2.5,81.855513627133));
#1497 = CARTESIAN_POINT('',(-5.E-02,83.327756813566));
#1498 = CARTESIAN_POINT('',(-2.6,84.8));
#1499 = CARTESIAN_POINT('',(-5.E-02,86.272243186434));
#1500 = CARTESIAN_POINT('',(2.5,87.744486372867));
#1501 = CARTESIAN_POINT('',(2.5,84.8));
#1502 = ( GEOMETRIC_REPRESENTATION_CONTEXT(2) 
PARAMETRIC_REPRESENTATION_CONTEXT() REPRESENTATION_CONTEXT('2D SPACE',''
  ) );
#1503 = ORIENTED_EDGE('',*,*,#1504,.T.);
#1504 = EDGE_CURVE('',#1477,#709,#1505,.T.);
#1505 = SURFACE_CURVE('',#1506,(#1510,#1516),.PCURVE_S1.);
#1506 = LINE('',#1507,#1508);
#1507 = CARTESIAN_POINT('',(-57.8,40.5,-3.));
#1508 = VECTOR('',#1509,1.);
#1509 = DIRECTION('',(-0.,-0.,-1.));
#1510 = PCURVE('',#356,#1511);
#1511 = DEFINITIONAL_REPRESENTATION('',(#1512),#1515);
#1512 = B_SPLINE_CURVE_WITH_KNOTS('',1,(#1513,#1514),.UNSPECIFIED.,.F.,
  .F.,(2,2),(-4.3,-0.7),.PIECEWISE_BEZIER_KNOTS.);
#1513 = CARTESIAN_POINT('',(-4.222431654131,-4.3));
#1514 = CARTESIAN_POINT('',(-4.222431654131,-0.7));
#1515 = ( GEOMETRIC_REPRESENTATION_CONTEXT(2) 
PARAMETRIC_REPRESENTATION_CONTEXT() REPRESENTATION_CONTEXT('2D SPACE',''
  ) );
#1516 = PCURVE('',#611,#1517);
#1517 = DEFINITIONAL_REPRESENTATION('',(#1518),#1521);
#1518 = B_SPLINE_CURVE_WITH_KNOTS('',1,(#1519,#1520),.UNSPECIFIED.,.F.,
  .F.,(2,2),(-4.3,-0.7),.PIECEWISE_BEZIER_KNOTS.);
#1519 = CARTESIAN_POINT('',(4.3,-83.3));
#1520 = CARTESIAN_POINT('',(0.7,-83.3));
#1521 = ( GEOMETRIC_REPRESENTATION_CONTEXT(2) 
PARAMETRIC_REPRESENTATION_CONTEXT() REPRESENTATION_CONTEXT('2D SPACE',''
  ) );
#1522 = ORIENTED_EDGE('',*,*,#730,.T.);
#1523 = ORIENTED_EDGE('',*,*,#1524,.F.);
#1524 = EDGE_CURVE('',#1424,#731,#1525,.T.);
#1525 = SURFACE_CURVE('',#1526,(#1530,#1536),.PCURVE_S1.);
#1526 = LINE('',#1527,#1528);
#1527 = CARTESIAN_POINT('',(-55.5,42.8,-3.));
#1528 = VECTOR('',#1529,1.);
#1529 = DIRECTION('',(-0.,-0.,-1.));
#1530 = PCURVE('',#356,#1531);
#1531 = DEFINITIONAL_REPRESENTATION('',(#1532),#1535);
#1532 = B_SPLINE_CURVE_WITH_KNOTS('',1,(#1533,#1534),.UNSPECIFIED.,.F.,
  .F.,(2,2),(-4.3,-0.7),.PIECEWISE_BEZIER_KNOTS.);
#1533 = CARTESIAN_POINT('',(-0.489957326254,-4.3));
#1534 = CARTESIAN_POINT('',(-0.489957326254,-0.7));
#1535 = ( GEOMETRIC_REPRESENTATION_CONTEXT(2) 
PARAMETRIC_REPRESENTATION_CONTEXT() REPRESENTATION_CONTEXT('2D SPACE',''
  ) );
#1536 = PCURVE('',#774,#1537);
#1537 = DEFINITIONAL_REPRESENTATION('',(#1538),#1541);
#1538 = B_SPLINE_CURVE_WITH_KNOTS('',1,(#1539,#1540),.UNSPECIFIED.,.F.,
  .F.,(2,2),(-4.3,-0.7),.PIECEWISE_BEZIER_KNOTS.);
#1539 = CARTESIAN_POINT('',(4.3,2.3));
#1540 = CARTESIAN_POINT('',(0.7,2.3));
#1541 = ( GEOMETRIC_REPRESENTATION_CONTEXT(2) 
PARAMETRIC_REPRESENTATION_CONTEXT() REPRESENTATION_CONTEXT('2D SPACE',''
  ) );
#1542 = ADVANCED_FACE('',(#1543),#391,.F.);
#1543 = FACE_BOUND('',#1544,.T.);
#1544 = EDGE_LOOP('',(#1545,#1546,#1567,#1568,#1569,#1570,#1591,#1619));
#1545 = ORIENTED_EDGE('',*,*,#893,.T.);
#1546 = ORIENTED_EDGE('',*,*,#1547,.T.);
#1547 = EDGE_CURVE('',#894,#371,#1548,.T.);
#1548 = SEAM_CURVE('',#1549,(#1553,#1560),.PCURVE_S1.);
#1549 = LINE('',#1550,#1551);
#1550 = CARTESIAN_POINT('',(58.7,42.,-3.));
#1551 = VECTOR('',#1552,1.);
#1552 = DIRECTION('',(0.,0.,1.));
#1553 = PCURVE('',#391,#1554);
#1554 = DEFINITIONAL_REPRESENTATION('',(#1555),#1559);
#1555 = LINE('',#1556,#1557);
#1556 = CARTESIAN_POINT('',(-6.28318530718,0.));
#1557 = VECTOR('',#1558,1.);
#1558 = DIRECTION('',(-0.,-1.));
#1559 = ( GEOMETRIC_REPRESENTATION_CONTEXT(2) 
PARAMETRIC_REPRESENTATION_CONTEXT() REPRESENTATION_CONTEXT('2D SPACE',''
  ) );
#1560 = PCURVE('',#391,#1561);
#1561 = DEFINITIONAL_REPRESENTATION('',(#1562),#1566);
#1562 = LINE('',#1563,#1564);
#1563 = CARTESIAN_POINT('',(-0.,0.));
#1564 = VECTOR('',#1565,1.);
#1565 = DIRECTION('',(-0.,-1.));
#1566 = ( GEOMETRIC_REPRESENTATION_CONTEXT(2) 
PARAMETRIC_REPRESENTATION_CONTEXT() REPRESENTATION_CONTEXT('2D SPACE',''
  ) );
#1567 = ORIENTED_EDGE('',*,*,#370,.F.);
#1568 = ORIENTED_EDGE('',*,*,#1547,.F.);
#1569 = ORIENTED_EDGE('',*,*,#921,.T.);
#1570 = ORIENTED_EDGE('',*,*,#1571,.F.);
#1571 = EDGE_CURVE('',#1572,#922,#1574,.T.);
#1572 = VERTEX_POINT('',#1573);
#1573 = CARTESIAN_POINT('',(57.8,40.5,1.));
#1574 = SURFACE_CURVE('',#1575,(#1579,#1585),.PCURVE_S1.);
#1575 = LINE('',#1576,#1577);
#1576 = CARTESIAN_POINT('',(57.8,40.5,-3.));
#1577 = VECTOR('',#1578,1.);
#1578 = DIRECTION('',(-0.,-0.,-1.));
#1579 = PCURVE('',#391,#1580);
#1580 = DEFINITIONAL_REPRESENTATION('',(#1581),#1584);
#1581 = B_SPLINE_CURVE_WITH_KNOTS('',1,(#1582,#1583),.UNSPECIFIED.,.F.,
  .F.,(2,2),(-4.3,-0.7),.PIECEWISE_BEZIER_KNOTS.);
#1582 = CARTESIAN_POINT('',(-5.202346306638,-4.3));
#1583 = CARTESIAN_POINT('',(-5.202346306638,-0.7));
#1584 = ( GEOMETRIC_REPRESENTATION_CONTEXT(2) 
PARAMETRIC_REPRESENTATION_CONTEXT() REPRESENTATION_CONTEXT('2D SPACE',''
  ) );
#1585 = PCURVE('',#965,#1586);
#1586 = DEFINITIONAL_REPRESENTATION('',(#1587),#1590);
#1587 = B_SPLINE_CURVE_WITH_KNOTS('',1,(#1588,#1589),.UNSPECIFIED.,.F.,
  .F.,(2,2),(-4.3,-0.7),.PIECEWISE_BEZIER_KNOTS.);
#1588 = CARTESIAN_POINT('',(4.3,-83.3));
#1589 = CARTESIAN_POINT('',(0.7,-83.3));
#1590 = ( GEOMETRIC_REPRESENTATION_CONTEXT(2) 
PARAMETRIC_REPRESENTATION_CONTEXT() REPRESENTATION_CONTEXT('2D SPACE',''
  ) );
#1591 = ORIENTED_EDGE('',*,*,#1592,.T.);
#1592 = EDGE_CURVE('',#1572,#1593,#1595,.T.);
#1593 = VERTEX_POINT('',#1594);
#1594 = CARTESIAN_POINT('',(55.5,42.8,1.));
#1595 = SURFACE_CURVE('',#1596,(#1601,#1608),.PCURVE_S1.);
#1596 = CIRCLE('',#1597,1.7);
#1597 = AXIS2_PLACEMENT_3D('',#1598,#1599,#1600);
#1598 = CARTESIAN_POINT('',(57.,42.,1.));
#1599 = DIRECTION('',(0.,0.,-1.));
#1600 = DIRECTION('',(1.,0.,0.));
#1601 = PCURVE('',#391,#1602);
#1602 = DEFINITIONAL_REPRESENTATION('',(#1603),#1607);
#1603 = LINE('',#1604,#1605);
#1604 = CARTESIAN_POINT('',(-6.28318530718,-4.));
#1605 = VECTOR('',#1606,1.);
#1606 = DIRECTION('',(1.,-0.));
#1607 = ( GEOMETRIC_REPRESENTATION_CONTEXT(2) 
PARAMETRIC_REPRESENTATION_CONTEXT() REPRESENTATION_CONTEXT('2D SPACE',''
  ) );
#1608 = PCURVE('',#1218,#1609);
#1609 = DEFINITIONAL_REPRESENTATION('',(#1610),#1618);
#1610 = ( BOUNDED_CURVE() B_SPLINE_CURVE(2,(#1611,#1612,#1613,#1614,
#1615,#1616,#1617),.UNSPECIFIED.,.T.,.F.) B_SPLINE_CURVE_WITH_KNOTS((1,2
    ,2,2,2,1),(-2.094395102393,0.,2.094395102393,4.188790204786,
6.28318530718,8.377580409573),.UNSPECIFIED.) CURVE() 
GEOMETRIC_REPRESENTATION_ITEM() RATIONAL_B_SPLINE_CURVE((1.,0.5,1.,0.5,
1.,0.5,1.)) REPRESENTATION_ITEM('') );
#1611 = CARTESIAN_POINT('',(116.5,84.8));
#1612 = CARTESIAN_POINT('',(116.5,81.855513627133));
#1613 = CARTESIAN_POINT('',(113.95,83.327756813566));
#1614 = CARTESIAN_POINT('',(111.4,84.8));
#1615 = CARTESIAN_POINT('',(113.95,86.272243186434));
#1616 = CARTESIAN_POINT('',(116.5,87.744486372867));
#1617 = CARTESIAN_POINT('',(116.5,84.8));
#1618 = ( GEOMETRIC_REPRESENTATION_CONTEXT(2) 
PARAMETRIC_REPRESENTATION_CONTEXT() REPRESENTATION_CONTEXT('2D SPACE',''
  ) );
#1619 = ORIENTED_EDGE('',*,*,#1620,.T.);
#1620 = EDGE_CURVE('',#1593,#872,#1621,.T.);
#1621 = SURFACE_CURVE('',#1622,(#1626,#1632),.PCURVE_S1.);
#1622 = LINE('',#1623,#1624);
#1623 = CARTESIAN_POINT('',(55.5,42.8,-3.));
#1624 = VECTOR('',#1625,1.);
#1625 = DIRECTION('',(-0.,-0.,-1.));
#1626 = PCURVE('',#391,#1627);
#1627 = DEFINITIONAL_REPRESENTATION('',(#1628),#1631);
#1628 = B_SPLINE_CURVE_WITH_KNOTS('',1,(#1629,#1630),.UNSPECIFIED.,.F.,
  .F.,(2,2),(-4.3,-0.7),.PIECEWISE_BEZIER_KNOTS.);
#1629 = CARTESIAN_POINT('',(-2.651635327336,-4.3));
#1630 = CARTESIAN_POINT('',(-2.651635327336,-0.7));
#1631 = ( GEOMETRIC_REPRESENTATION_CONTEXT(2) 
PARAMETRIC_REPRESENTATION_CONTEXT() REPRESENTATION_CONTEXT('2D SPACE',''
  ) );
#1632 = PCURVE('',#774,#1633);
#1633 = DEFINITIONAL_REPRESENTATION('',(#1634),#1637);
#1634 = B_SPLINE_CURVE_WITH_KNOTS('',1,(#1635,#1636),.UNSPECIFIED.,.F.,
  .F.,(2,2),(-4.3,-0.7),.PIECEWISE_BEZIER_KNOTS.);
#1635 = CARTESIAN_POINT('',(4.3,113.3));
#1636 = CARTESIAN_POINT('',(0.7,113.3));
#1637 = ( GEOMETRIC_REPRESENTATION_CONTEXT(2) 
PARAMETRIC_REPRESENTATION_CONTEXT() REPRESENTATION_CONTEXT('2D SPACE',''
  ) );
#1638 = ADVANCED_FACE('',(#1639),#499,.F.);
#1639 = FACE_BOUND('',#1640,.F.);
#1640 = EDGE_LOOP('',(#1641,#1671,#1690,#1691));
#1641 = ORIENTED_EDGE('',*,*,#1642,.F.);
#1642 = EDGE_CURVE('',#1643,#1645,#1647,.T.);
#1643 = VERTEX_POINT('',#1644);
#1644 = CARTESIAN_POINT('',(-53.73656622558,-44.8,-2.));
#1645 = VERTEX_POINT('',#1646);
#1646 = CARTESIAN_POINT('',(53.736566225584,-44.8,-2.));
#1647 = SURFACE_CURVE('',#1648,(#1652,#1659),.PCURVE_S1.);
#1648 = LINE('',#1649,#1650);
#1649 = CARTESIAN_POINT('',(-59.8,-44.8,-2.));
#1650 = VECTOR('',#1651,1.);
#1651 = DIRECTION('',(1.,0.,0.));
#1652 = PCURVE('',#499,#1653);
#1653 = DEFINITIONAL_REPRESENTATION('',(#1654),#1658);
#1654 = LINE('',#1655,#1656);
#1655 = CARTESIAN_POINT('',(0.,0.));
#1656 = VECTOR('',#1657,1.);
#1657 = DIRECTION('',(0.,1.));
#1658 = ( GEOMETRIC_REPRESENTATION_CONTEXT(2) 
PARAMETRIC_REPRESENTATION_CONTEXT() REPRESENTATION_CONTEXT('2D SPACE',''
  ) );
#1659 = PCURVE('',#1660,#1665);
#1660 = PLANE('',#1661);
#1661 = AXIS2_PLACEMENT_3D('',#1662,#1663,#1664);
#1662 = CARTESIAN_POINT('',(-59.8,-44.8,-2.));
#1663 = DIRECTION('',(0.,0.,1.));
#1664 = DIRECTION('',(1.,0.,0.));
#1665 = DEFINITIONAL_REPRESENTATION('',(#1666),#1670);
#1666 = LINE('',#1667,#1668);
#1667 = CARTESIAN_POINT('',(0.,0.));
#1668 = VECTOR('',#1669,1.);
#1669 = DIRECTION('',(1.,0.));
#1670 = ( GEOMETRIC_REPRESENTATION_CONTEXT(2) 
PARAMETRIC_REPRESENTATION_CONTEXT() REPRESENTATION_CONTEXT('2D SPACE',''
  ) );
#1671 = ORIENTED_EDGE('',*,*,#1672,.F.);
#1672 = EDGE_CURVE('',#482,#1643,#1673,.T.);
#1673 = SURFACE_CURVE('',#1674,(#1678,#1684),.PCURVE_S1.);
#1674 = LINE('',#1675,#1676);
#1675 = CARTESIAN_POINT('',(-53.73656622558,-44.8,-3.));
#1676 = VECTOR('',#1677,1.);
#1677 = DIRECTION('',(-0.,-0.,-1.));
#1678 = PCURVE('',#499,#1679);
#1679 = DEFINITIONAL_REPRESENTATION('',(#1680),#1683);
#1680 = B_SPLINE_CURVE_WITH_KNOTS('',1,(#1681,#1682),.UNSPECIFIED.,.F.,
  .F.,(2,2),(-3.0000006,-0.8),.PIECEWISE_BEZIER_KNOTS.);
#1681 = CARTESIAN_POINT('',(2.0000006,6.063433774416));
#1682 = CARTESIAN_POINT('',(-0.2,6.063433774416));
#1683 = ( GEOMETRIC_REPRESENTATION_CONTEXT(2) 
PARAMETRIC_REPRESENTATION_CONTEXT() REPRESENTATION_CONTEXT('2D SPACE',''
  ) );
#1684 = PCURVE('',#528,#1685);
#1685 = DEFINITIONAL_REPRESENTATION('',(#1686),#1689);
#1686 = B_SPLINE_CURVE_WITH_KNOTS('',1,(#1687,#1688),.UNSPECIFIED.,.F.,
  .F.,(2,2),(-3.0000006,-0.8),.PIECEWISE_BEZIER_KNOTS.);
#1687 = CARTESIAN_POINT('',(-5.574069747035,-3.0000006));
#1688 = CARTESIAN_POINT('',(-5.574069747035,-0.8));
#1689 = ( GEOMETRIC_REPRESENTATION_CONTEXT(2) 
PARAMETRIC_REPRESENTATION_CONTEXT() REPRESENTATION_CONTEXT('2D SPACE',''
  ) );
#1690 = ORIENTED_EDGE('',*,*,#481,.T.);
#1691 = ORIENTED_EDGE('',*,*,#1692,.T.);
#1692 = EDGE_CURVE('',#484,#1645,#1693,.T.);
#1693 = SURFACE_CURVE('',#1694,(#1698,#1704),.PCURVE_S1.);
#1694 = LINE('',#1695,#1696);
#1695 = CARTESIAN_POINT('',(53.736566225584,-44.8,-3.));
#1696 = VECTOR('',#1697,1.);
#1697 = DIRECTION('',(-0.,-0.,-1.));
#1698 = PCURVE('',#499,#1699);
#1699 = DEFINITIONAL_REPRESENTATION('',(#1700),#1703);
#1700 = B_SPLINE_CURVE_WITH_KNOTS('',1,(#1701,#1702),.UNSPECIFIED.,.F.,
  .F.,(2,2),(-3.0000006,-0.8),.PIECEWISE_BEZIER_KNOTS.);
#1701 = CARTESIAN_POINT('',(2.0000006,113.53656622558));
#1702 = CARTESIAN_POINT('',(-0.2,113.53656622558));
#1703 = ( GEOMETRIC_REPRESENTATION_CONTEXT(2) 
PARAMETRIC_REPRESENTATION_CONTEXT() REPRESENTATION_CONTEXT('2D SPACE',''
  ) );
#1704 = PCURVE('',#1177,#1705);
#1705 = DEFINITIONAL_REPRESENTATION('',(#1706),#1709);
#1706 = B_SPLINE_CURVE_WITH_KNOTS('',1,(#1707,#1708),.UNSPECIFIED.,.F.,
  .F.,(2,2),(-3.0000006,-0.8),.PIECEWISE_BEZIER_KNOTS.);
#1707 = CARTESIAN_POINT('',(-3.850708213734,-3.0000006));
#1708 = CARTESIAN_POINT('',(-3.850708213734,-0.8));
#1709 = ( GEOMETRIC_REPRESENTATION_CONTEXT(2) 
PARAMETRIC_REPRESENTATION_CONTEXT() REPRESENTATION_CONTEXT('2D SPACE',''
  ) );
#1710 = ADVANCED_FACE('',(#1711),#1177,.F.);
#1711 = FACE_BOUND('',#1712,.T.);
#1712 = EDGE_LOOP('',(#1713,#1714,#1715,#1743));
#1713 = ORIENTED_EDGE('',*,*,#1162,.T.);
#1714 = ORIENTED_EDGE('',*,*,#1692,.T.);
#1715 = ORIENTED_EDGE('',*,*,#1716,.T.);
#1716 = EDGE_CURVE('',#1645,#1717,#1719,.T.);
#1717 = VERTEX_POINT('',#1718);
#1718 = CARTESIAN_POINT('',(52.775073965145,-42.8,-2.));
#1719 = SURFACE_CURVE('',#1720,(#1725,#1732),.PCURVE_S1.);
#1720 = CIRCLE('',#1721,4.3);
#1721 = AXIS2_PLACEMENT_3D('',#1722,#1723,#1724);
#1722 = CARTESIAN_POINT('',(57.,-42.,-2.));
#1723 = DIRECTION('',(0.,0.,-1.));
#1724 = DIRECTION('',(1.,0.,0.));
#1725 = PCURVE('',#1177,#1726);
#1726 = DEFINITIONAL_REPRESENTATION('',(#1727),#1731);
#1727 = LINE('',#1728,#1729);
#1728 = CARTESIAN_POINT('',(-6.28318530718,-1.));
#1729 = VECTOR('',#1730,1.);
#1730 = DIRECTION('',(1.,-0.));
#1731 = ( GEOMETRIC_REPRESENTATION_CONTEXT(2) 
PARAMETRIC_REPRESENTATION_CONTEXT() REPRESENTATION_CONTEXT('2D SPACE',''
  ) );
#1732 = PCURVE('',#1660,#1733);
#1733 = DEFINITIONAL_REPRESENTATION('',(#1734),#1742);
#1734 = ( BOUNDED_CURVE() B_SPLINE_CURVE(2,(#1735,#1736,#1737,#1738,
#1739,#1740,#1741),.UNSPECIFIED.,.T.,.F.) B_SPLINE_CURVE_WITH_KNOTS((1,2
    ,2,2,2,1),(-2.094395102393,0.,2.094395102393,4.188790204786,
6.28318530718,8.377580409573),.UNSPECIFIED.) CURVE() 
GEOMETRIC_REPRESENTATION_ITEM() RATIONAL_B_SPLINE_CURVE((1.,0.5,1.,0.5,
1.,0.5,1.)) REPRESENTATION_ITEM('') );
#1735 = CARTESIAN_POINT('',(121.1,2.8));
#1736 = CARTESIAN_POINT('',(121.1,-4.647818472546));
#1737 = CARTESIAN_POINT('',(114.65,-0.923909236273));
#1738 = CARTESIAN_POINT('',(108.2,2.8));
#1739 = CARTESIAN_POINT('',(114.65,6.523909236273));
#1740 = CARTESIAN_POINT('',(121.1,10.247818472546));
#1741 = CARTESIAN_POINT('',(121.1,2.8));
#1742 = ( GEOMETRIC_REPRESENTATION_CONTEXT(2) 
PARAMETRIC_REPRESENTATION_CONTEXT() REPRESENTATION_CONTEXT('2D SPACE',''
  ) );
#1743 = ORIENTED_EDGE('',*,*,#1744,.F.);
#1744 = EDGE_CURVE('',#1141,#1717,#1745,.T.);
#1745 = SURFACE_CURVE('',#1746,(#1750,#1756),.PCURVE_S1.);
#1746 = LINE('',#1747,#1748);
#1747 = CARTESIAN_POINT('',(52.775073965144,-42.8,-3.));
#1748 = VECTOR('',#1749,1.);
#1749 = DIRECTION('',(-0.,-0.,-1.));
#1750 = PCURVE('',#1177,#1751);
#1751 = DEFINITIONAL_REPRESENTATION('',(#1752),#1755);
#1752 = B_SPLINE_CURVE_WITH_KNOTS('',1,(#1753,#1754),.UNSPECIFIED.,.F.,
  .F.,(2,2),(-3.0000006,-0.7),.PIECEWISE_BEZIER_KNOTS.);
#1753 = CARTESIAN_POINT('',(-3.328729516142,-3.0000006));
#1754 = CARTESIAN_POINT('',(-3.328729516142,-0.7));
#1755 = ( GEOMETRIC_REPRESENTATION_CONTEXT(2) 
PARAMETRIC_REPRESENTATION_CONTEXT() REPRESENTATION_CONTEXT('2D SPACE',''
  ) );
#1756 = PCURVE('',#556,#1757);
#1757 = DEFINITIONAL_REPRESENTATION('',(#1758),#1761);
#1758 = B_SPLINE_CURVE_WITH_KNOTS('',1,(#1759,#1760),.UNSPECIFIED.,.F.,
  .F.,(2,2),(-3.0000006,-0.7),.PIECEWISE_BEZIER_KNOTS.);
#1759 = CARTESIAN_POINT('',(3.0000006,110.57507396514));
#1760 = CARTESIAN_POINT('',(0.7,110.57507396514));
#1761 = ( GEOMETRIC_REPRESENTATION_CONTEXT(2) 
PARAMETRIC_REPRESENTATION_CONTEXT() REPRESENTATION_CONTEXT('2D SPACE',''
  ) );
#1762 = ADVANCED_FACE('',(#1763),#556,.T.);
#1763 = FACE_BOUND('',#1764,.T.);
#1764 = EDGE_LOOP('',(#1765,#1766,#1767,#1768,#1789,#1808,#1809,#1810));
#1765 = ORIENTED_EDGE('',*,*,#1352,.T.);
#1766 = ORIENTED_EDGE('',*,*,#1140,.F.);
#1767 = ORIENTED_EDGE('',*,*,#1744,.T.);
#1768 = ORIENTED_EDGE('',*,*,#1769,.T.);
#1769 = EDGE_CURVE('',#1717,#1770,#1772,.T.);
#1770 = VERTEX_POINT('',#1771);
#1771 = CARTESIAN_POINT('',(-52.77507396514,-42.8,-2.));
#1772 = SURFACE_CURVE('',#1773,(#1777,#1783),.PCURVE_S1.);
#1773 = LINE('',#1774,#1775);
#1774 = CARTESIAN_POINT('',(-58.8,-42.8,-2.));
#1775 = VECTOR('',#1776,1.);
#1776 = DIRECTION('',(-1.,0.,0.));
#1777 = PCURVE('',#556,#1778);
#1778 = DEFINITIONAL_REPRESENTATION('',(#1779),#1782);
#1779 = B_SPLINE_CURVE_WITH_KNOTS('',1,(#1780,#1781),.UNSPECIFIED.,.F.,
  .F.,(2,2),(-116.6,-1.),.PIECEWISE_BEZIER_KNOTS.);
#1780 = CARTESIAN_POINT('',(1.,115.6));
#1781 = CARTESIAN_POINT('',(1.,0.));
#1782 = ( GEOMETRIC_REPRESENTATION_CONTEXT(2) 
PARAMETRIC_REPRESENTATION_CONTEXT() REPRESENTATION_CONTEXT('2D SPACE',''
  ) );
#1783 = PCURVE('',#1660,#1784);
#1784 = DEFINITIONAL_REPRESENTATION('',(#1785),#1788);
#1785 = B_SPLINE_CURVE_WITH_KNOTS('',1,(#1786,#1787),.UNSPECIFIED.,.F.,
  .F.,(2,2),(-116.6,-1.),.PIECEWISE_BEZIER_KNOTS.);
#1786 = CARTESIAN_POINT('',(117.6,2.));
#1787 = CARTESIAN_POINT('',(2.,2.));
#1788 = ( GEOMETRIC_REPRESENTATION_CONTEXT(2) 
PARAMETRIC_REPRESENTATION_CONTEXT() REPRESENTATION_CONTEXT('2D SPACE',''
  ) );
#1789 = ORIENTED_EDGE('',*,*,#1790,.F.);
#1790 = EDGE_CURVE('',#512,#1770,#1791,.T.);
#1791 = SURFACE_CURVE('',#1792,(#1796,#1802),.PCURVE_S1.);
#1792 = LINE('',#1793,#1794);
#1793 = CARTESIAN_POINT('',(-52.77507396514,-42.8,-3.));
#1794 = VECTOR('',#1795,1.);
#1795 = DIRECTION('',(-0.,-0.,-1.));
#1796 = PCURVE('',#556,#1797);
#1797 = DEFINITIONAL_REPRESENTATION('',(#1798),#1801);
#1798 = B_SPLINE_CURVE_WITH_KNOTS('',1,(#1799,#1800),.UNSPECIFIED.,.F.,
  .F.,(2,2),(-3.0000006,-0.7),.PIECEWISE_BEZIER_KNOTS.);
#1799 = CARTESIAN_POINT('',(3.0000006,5.024926034856));
#1800 = CARTESIAN_POINT('',(0.7,5.024926034856));
#1801 = ( GEOMETRIC_REPRESENTATION_CONTEXT(2) 
PARAMETRIC_REPRESENTATION_CONTEXT() REPRESENTATION_CONTEXT('2D SPACE',''
  ) );
#1802 = PCURVE('',#528,#1803);
#1803 = DEFINITIONAL_REPRESENTATION('',(#1804),#1807);
#1804 = B_SPLINE_CURVE_WITH_KNOTS('',1,(#1805,#1806),.UNSPECIFIED.,.F.,
  .F.,(2,2),(-3.0000006,-0.7),.PIECEWISE_BEZIER_KNOTS.);
#1805 = CARTESIAN_POINT('',(-6.096048444628,-3.0000006));
#1806 = CARTESIAN_POINT('',(-6.096048444628,-0.7));
#1807 = ( GEOMETRIC_REPRESENTATION_CONTEXT(2) 
PARAMETRIC_REPRESENTATION_CONTEXT() REPRESENTATION_CONTEXT('2D SPACE',''
  ) );
#1808 = ORIENTED_EDGE('',*,*,#540,.F.);
#1809 = ORIENTED_EDGE('',*,*,#1285,.F.);
#1810 = ORIENTED_EDGE('',*,*,#1811,.T.);
#1811 = EDGE_CURVE('',#1258,#1353,#1812,.T.);
#1812 = SURFACE_CURVE('',#1813,(#1817,#1824),.PCURVE_S1.);
#1813 = LINE('',#1814,#1815);
#1814 = CARTESIAN_POINT('',(-57.8,-42.8,1.));
#1815 = VECTOR('',#1816,1.);
#1816 = DIRECTION('',(1.,0.,0.));
#1817 = PCURVE('',#556,#1818);
#1818 = DEFINITIONAL_REPRESENTATION('',(#1819),#1823);
#1819 = LINE('',#1820,#1821);
#1820 = CARTESIAN_POINT('',(4.,0.));
#1821 = VECTOR('',#1822,1.);
#1822 = DIRECTION('',(0.,1.));
#1823 = ( GEOMETRIC_REPRESENTATION_CONTEXT(2) 
PARAMETRIC_REPRESENTATION_CONTEXT() REPRESENTATION_CONTEXT('2D SPACE',''
  ) );
#1824 = PCURVE('',#1218,#1825);
#1825 = DEFINITIONAL_REPRESENTATION('',(#1826),#1830);
#1826 = LINE('',#1827,#1828);
#1827 = CARTESIAN_POINT('',(0.,0.));
#1828 = VECTOR('',#1829,1.);
#1829 = DIRECTION('',(1.,0.));
#1830 = ( GEOMETRIC_REPRESENTATION_CONTEXT(2) 
PARAMETRIC_REPRESENTATION_CONTEXT() REPRESENTATION_CONTEXT('2D SPACE',''
  ) );
#1831 = ADVANCED_FACE('',(#1832),#965,.F.);
#1832 = FACE_BOUND('',#1833,.F.);
#1833 = EDGE_LOOP('',(#1834,#1835,#1836,#1857,#1883,#1902,#1903,#1904));
#1834 = ORIENTED_EDGE('',*,*,#1401,.T.);
#1835 = ORIENTED_EDGE('',*,*,#1062,.F.);
#1836 = ORIENTED_EDGE('',*,*,#1837,.T.);
#1837 = EDGE_CURVE('',#1034,#1838,#1840,.T.);
#1838 = VERTEX_POINT('',#1839);
#1839 = CARTESIAN_POINT('',(57.8,-37.77507396514,-2.));
#1840 = SURFACE_CURVE('',#1841,(#1845,#1851),.PCURVE_S1.);
#1841 = LINE('',#1842,#1843);
#1842 = CARTESIAN_POINT('',(57.8,-37.77507396514,-3.));
#1843 = VECTOR('',#1844,1.);
#1844 = DIRECTION('',(-0.,-0.,-1.));
#1845 = PCURVE('',#965,#1846);
#1846 = DEFINITIONAL_REPRESENTATION('',(#1847),#1850);
#1847 = B_SPLINE_CURVE_WITH_KNOTS('',1,(#1848,#1849),.UNSPECIFIED.,.F.,
  .F.,(2,2),(-3.0000006,-0.7),.PIECEWISE_BEZIER_KNOTS.);
#1848 = CARTESIAN_POINT('',(3.0000006,-5.024926034856));
#1849 = CARTESIAN_POINT('',(0.7,-5.024926034856));
#1850 = ( GEOMETRIC_REPRESENTATION_CONTEXT(2) 
PARAMETRIC_REPRESENTATION_CONTEXT() REPRESENTATION_CONTEXT('2D SPACE',''
  ) );
#1851 = PCURVE('',#1050,#1852);
#1852 = DEFINITIONAL_REPRESENTATION('',(#1853),#1856);
#1853 = B_SPLINE_CURVE_WITH_KNOTS('',1,(#1854,#1855),.UNSPECIFIED.,.F.,
  .F.,(2,2),(-3.0000006,-0.7),.PIECEWISE_BEZIER_KNOTS.);
#1854 = CARTESIAN_POINT('',(-1.383659464243,-3.0000006));
#1855 = CARTESIAN_POINT('',(-1.383659464243,-0.7));
#1856 = ( GEOMETRIC_REPRESENTATION_CONTEXT(2) 
PARAMETRIC_REPRESENTATION_CONTEXT() REPRESENTATION_CONTEXT('2D SPACE',''
  ) );
#1857 = ORIENTED_EDGE('',*,*,#1858,.T.);
#1858 = EDGE_CURVE('',#1838,#1859,#1861,.T.);
#1859 = VERTEX_POINT('',#1860);
#1860 = CARTESIAN_POINT('',(57.8,37.775073965145,-2.));
#1861 = SURFACE_CURVE('',#1862,(#1866,#1872),.PCURVE_S1.);
#1862 = LINE('',#1863,#1864);
#1863 = CARTESIAN_POINT('',(57.8,-43.8,-2.));
#1864 = VECTOR('',#1865,1.);
#1865 = DIRECTION('',(0.,1.,0.));
#1866 = PCURVE('',#965,#1867);
#1867 = DEFINITIONAL_REPRESENTATION('',(#1868),#1871);
#1868 = B_SPLINE_CURVE_WITH_KNOTS('',1,(#1869,#1870),.UNSPECIFIED.,.F.,
  .F.,(2,2),(1.,86.6),.PIECEWISE_BEZIER_KNOTS.);
#1869 = CARTESIAN_POINT('',(1.,0.));
#1870 = CARTESIAN_POINT('',(1.,-85.6));
#1871 = ( GEOMETRIC_REPRESENTATION_CONTEXT(2) 
PARAMETRIC_REPRESENTATION_CONTEXT() REPRESENTATION_CONTEXT('2D SPACE',''
  ) );
#1872 = PCURVE('',#1873,#1878);
#1873 = PLANE('',#1874);
#1874 = AXIS2_PLACEMENT_3D('',#1875,#1876,#1877);
#1875 = CARTESIAN_POINT('',(-59.8,-44.8,-2.));
#1876 = DIRECTION('',(0.,0.,1.));
#1877 = DIRECTION('',(1.,0.,0.));
#1878 = DEFINITIONAL_REPRESENTATION('',(#1879),#1882);
#1879 = B_SPLINE_CURVE_WITH_KNOTS('',1,(#1880,#1881),.UNSPECIFIED.,.F.,
  .F.,(2,2),(1.,86.6),.PIECEWISE_BEZIER_KNOTS.);
#1880 = CARTESIAN_POINT('',(117.6,2.));
#1881 = CARTESIAN_POINT('',(117.6,87.6));
#1882 = ( GEOMETRIC_REPRESENTATION_CONTEXT(2) 
PARAMETRIC_REPRESENTATION_CONTEXT() REPRESENTATION_CONTEXT('2D SPACE',''
  ) );
#1883 = ORIENTED_EDGE('',*,*,#1884,.F.);
#1884 = EDGE_CURVE('',#950,#1859,#1885,.T.);
#1885 = SURFACE_CURVE('',#1886,(#1890,#1896),.PCURVE_S1.);
#1886 = LINE('',#1887,#1888);
#1887 = CARTESIAN_POINT('',(57.8,37.775073965144,-3.));
#1888 = VECTOR('',#1889,1.);
#1889 = DIRECTION('',(-0.,-0.,-1.));
#1890 = PCURVE('',#965,#1891);
#1891 = DEFINITIONAL_REPRESENTATION('',(#1892),#1895);
#1892 = B_SPLINE_CURVE_WITH_KNOTS('',1,(#1893,#1894),.UNSPECIFIED.,.F.,
  .F.,(2,2),(-3.0000006,-0.7),.PIECEWISE_BEZIER_KNOTS.);
#1893 = CARTESIAN_POINT('',(3.0000006,-80.57507396514));
#1894 = CARTESIAN_POINT('',(0.7,-80.57507396514));
#1895 = ( GEOMETRIC_REPRESENTATION_CONTEXT(2) 
PARAMETRIC_REPRESENTATION_CONTEXT() REPRESENTATION_CONTEXT('2D SPACE',''
  ) );
#1896 = PCURVE('',#993,#1897);
#1897 = DEFINITIONAL_REPRESENTATION('',(#1898),#1901);
#1898 = B_SPLINE_CURVE_WITH_KNOTS('',1,(#1899,#1900),.UNSPECIFIED.,.F.,
  .F.,(2,2),(-3.0000006,-0.7),.PIECEWISE_BEZIER_KNOTS.);
#1899 = CARTESIAN_POINT('',(-4.899525842937,-3.0000006));
#1900 = CARTESIAN_POINT('',(-4.899525842937,-0.7));
#1901 = ( GEOMETRIC_REPRESENTATION_CONTEXT(2) 
PARAMETRIC_REPRESENTATION_CONTEXT() REPRESENTATION_CONTEXT('2D SPACE',''
  ) );
#1902 = ORIENTED_EDGE('',*,*,#949,.F.);
#1903 = ORIENTED_EDGE('',*,*,#1571,.F.);
#1904 = ORIENTED_EDGE('',*,*,#1905,.F.);
#1905 = EDGE_CURVE('',#1374,#1572,#1906,.T.);
#1906 = SURFACE_CURVE('',#1907,(#1911,#1918),.PCURVE_S1.);
#1907 = LINE('',#1908,#1909);
#1908 = CARTESIAN_POINT('',(57.8,-42.8,1.));
#1909 = VECTOR('',#1910,1.);
#1910 = DIRECTION('',(0.,1.,0.));
#1911 = PCURVE('',#965,#1912);
#1912 = DEFINITIONAL_REPRESENTATION('',(#1913),#1917);
#1913 = LINE('',#1914,#1915);
#1914 = CARTESIAN_POINT('',(4.,0.));
#1915 = VECTOR('',#1916,1.);
#1916 = DIRECTION('',(0.,-1.));
#1917 = ( GEOMETRIC_REPRESENTATION_CONTEXT(2) 
PARAMETRIC_REPRESENTATION_CONTEXT() REPRESENTATION_CONTEXT('2D SPACE',''
  ) );
#1918 = PCURVE('',#1218,#1919);
#1919 = DEFINITIONAL_REPRESENTATION('',(#1920),#1924);
#1920 = LINE('',#1921,#1922);
#1921 = CARTESIAN_POINT('',(115.6,0.));
#1922 = VECTOR('',#1923,1.);
#1923 = DIRECTION('',(0.,1.));
#1924 = ( GEOMETRIC_REPRESENTATION_CONTEXT(2) 
PARAMETRIC_REPRESENTATION_CONTEXT() REPRESENTATION_CONTEXT('2D SPACE',''
  ) );
#1925 = ADVANCED_FACE('',(#1926),#1050,.F.);
#1926 = FACE_BOUND('',#1927,.T.);
#1927 = EDGE_LOOP('',(#1928,#1949,#1950,#1951));
#1928 = ORIENTED_EDGE('',*,*,#1929,.F.);
#1929 = EDGE_CURVE('',#1006,#1930,#1932,.T.);
#1930 = VERTEX_POINT('',#1931);
#1931 = CARTESIAN_POINT('',(59.8,-38.73656622558,-2.));
#1932 = SURFACE_CURVE('',#1933,(#1937,#1943),.PCURVE_S1.);
#1933 = LINE('',#1934,#1935);
#1934 = CARTESIAN_POINT('',(59.8,-38.73656622558,-3.));
#1935 = VECTOR('',#1936,1.);
#1936 = DIRECTION('',(-0.,-0.,-1.));
#1937 = PCURVE('',#1050,#1938);
#1938 = DEFINITIONAL_REPRESENTATION('',(#1939),#1942);
#1939 = B_SPLINE_CURVE_WITH_KNOTS('',1,(#1940,#1941),.UNSPECIFIED.,.F.,
  .F.,(2,2),(-3.0000006,-0.8),.PIECEWISE_BEZIER_KNOTS.);
#1940 = CARTESIAN_POINT('',(-0.861680766651,-3.0000006));
#1941 = CARTESIAN_POINT('',(-0.861680766651,-0.8));
#1942 = ( GEOMETRIC_REPRESENTATION_CONTEXT(2) 
PARAMETRIC_REPRESENTATION_CONTEXT() REPRESENTATION_CONTEXT('2D SPACE',''
  ) );
#1943 = PCURVE('',#1021,#1944);
#1944 = DEFINITIONAL_REPRESENTATION('',(#1945),#1948);
#1945 = B_SPLINE_CURVE_WITH_KNOTS('',1,(#1946,#1947),.UNSPECIFIED.,.F.,
  .F.,(2,2),(-3.0000006,-0.8),.PIECEWISE_BEZIER_KNOTS.);
#1946 = CARTESIAN_POINT('',(2.0000006,-6.063433774416));
#1947 = CARTESIAN_POINT('',(-0.2,-6.063433774416));
#1948 = ( GEOMETRIC_REPRESENTATION_CONTEXT(2) 
PARAMETRIC_REPRESENTATION_CONTEXT() REPRESENTATION_CONTEXT('2D SPACE',''
  ) );
#1949 = ORIENTED_EDGE('',*,*,#1033,.T.);
#1950 = ORIENTED_EDGE('',*,*,#1837,.T.);
#1951 = ORIENTED_EDGE('',*,*,#1952,.T.);
#1952 = EDGE_CURVE('',#1838,#1930,#1953,.T.);
#1953 = SURFACE_CURVE('',#1954,(#1959,#1966),.PCURVE_S1.);
#1954 = CIRCLE('',#1955,4.3);
#1955 = AXIS2_PLACEMENT_3D('',#1956,#1957,#1958);
#1956 = CARTESIAN_POINT('',(57.,-42.,-2.));
#1957 = DIRECTION('',(0.,0.,-1.));
#1958 = DIRECTION('',(1.,0.,0.));
#1959 = PCURVE('',#1050,#1960);
#1960 = DEFINITIONAL_REPRESENTATION('',(#1961),#1965);
#1961 = LINE('',#1962,#1963);
#1962 = CARTESIAN_POINT('',(-6.28318530718,-1.));
#1963 = VECTOR('',#1964,1.);
#1964 = DIRECTION('',(1.,-0.));
#1965 = ( GEOMETRIC_REPRESENTATION_CONTEXT(2) 
PARAMETRIC_REPRESENTATION_CONTEXT() REPRESENTATION_CONTEXT('2D SPACE',''
  ) );
#1966 = PCURVE('',#1873,#1967);
#1967 = DEFINITIONAL_REPRESENTATION('',(#1968),#1976);
#1968 = ( BOUNDED_CURVE() B_SPLINE_CURVE(2,(#1969,#1970,#1971,#1972,
#1973,#1974,#1975),.UNSPECIFIED.,.T.,.F.) B_SPLINE_CURVE_WITH_KNOTS((1,2
    ,2,2,2,1),(-2.094395102393,0.,2.094395102393,4.188790204786,
6.28318530718,8.377580409573),.UNSPECIFIED.) CURVE() 
GEOMETRIC_REPRESENTATION_ITEM() RATIONAL_B_SPLINE_CURVE((1.,0.5,1.,0.5,
1.,0.5,1.)) REPRESENTATION_ITEM('') );
#1969 = CARTESIAN_POINT('',(121.1,2.8));
#1970 = CARTESIAN_POINT('',(121.1,-4.647818472546));
#1971 = CARTESIAN_POINT('',(114.65,-0.923909236273));
#1972 = CARTESIAN_POINT('',(108.2,2.8));
#1973 = CARTESIAN_POINT('',(114.65,6.523909236273));
#1974 = CARTESIAN_POINT('',(121.1,10.247818472546));
#1975 = CARTESIAN_POINT('',(121.1,2.8));
#1976 = ( GEOMETRIC_REPRESENTATION_CONTEXT(2) 
PARAMETRIC_REPRESENTATION_CONTEXT() REPRESENTATION_CONTEXT('2D SPACE',''
  ) );
#1977 = ADVANCED_FACE('',(#1978),#1021,.T.);
#1978 = FACE_BOUND('',#1979,.T.);
#1979 = EDGE_LOOP('',(#1980,#1981,#1982,#2005));
#1980 = ORIENTED_EDGE('',*,*,#1005,.F.);
#1981 = ORIENTED_EDGE('',*,*,#1929,.T.);
#1982 = ORIENTED_EDGE('',*,*,#1983,.T.);
#1983 = EDGE_CURVE('',#1930,#1984,#1986,.T.);
#1984 = VERTEX_POINT('',#1985);
#1985 = CARTESIAN_POINT('',(59.8,38.736566225584,-2.));
#1986 = SURFACE_CURVE('',#1987,(#1991,#1998),.PCURVE_S1.);
#1987 = LINE('',#1988,#1989);
#1988 = CARTESIAN_POINT('',(59.8,-44.8,-2.));
#1989 = VECTOR('',#1990,1.);
#1990 = DIRECTION('',(0.,1.,0.));
#1991 = PCURVE('',#1021,#1992);
#1992 = DEFINITIONAL_REPRESENTATION('',(#1993),#1997);
#1993 = LINE('',#1994,#1995);
#1994 = CARTESIAN_POINT('',(0.,0.));
#1995 = VECTOR('',#1996,1.);
#1996 = DIRECTION('',(0.,-1.));
#1997 = ( GEOMETRIC_REPRESENTATION_CONTEXT(2) 
PARAMETRIC_REPRESENTATION_CONTEXT() REPRESENTATION_CONTEXT('2D SPACE',''
  ) );
#1998 = PCURVE('',#1873,#1999);
#1999 = DEFINITIONAL_REPRESENTATION('',(#2000),#2004);
#2000 = LINE('',#2001,#2002);
#2001 = CARTESIAN_POINT('',(119.6,0.));
#2002 = VECTOR('',#2003,1.);
#2003 = DIRECTION('',(0.,1.));
#2004 = ( GEOMETRIC_REPRESENTATION_CONTEXT(2) 
PARAMETRIC_REPRESENTATION_CONTEXT() REPRESENTATION_CONTEXT('2D SPACE',''
  ) );
#2005 = ORIENTED_EDGE('',*,*,#2006,.F.);
#2006 = EDGE_CURVE('',#977,#1984,#2007,.T.);
#2007 = SURFACE_CURVE('',#2008,(#2012,#2018),.PCURVE_S1.);
#2008 = LINE('',#2009,#2010);
#2009 = CARTESIAN_POINT('',(59.8,38.736566225584,-3.));
#2010 = VECTOR('',#2011,1.);
#2011 = DIRECTION('',(-0.,-0.,-1.));
#2012 = PCURVE('',#1021,#2013);
#2013 = DEFINITIONAL_REPRESENTATION('',(#2014),#2017);
#2014 = B_SPLINE_CURVE_WITH_KNOTS('',1,(#2015,#2016),.UNSPECIFIED.,.F.,
  .F.,(2,2),(-3.0000006,-0.8),.PIECEWISE_BEZIER_KNOTS.);
#2015 = CARTESIAN_POINT('',(2.0000006,-83.53656622558));
#2016 = CARTESIAN_POINT('',(-0.2,-83.53656622558));
#2017 = ( GEOMETRIC_REPRESENTATION_CONTEXT(2) 
PARAMETRIC_REPRESENTATION_CONTEXT() REPRESENTATION_CONTEXT('2D SPACE',''
  ) );
#2018 = PCURVE('',#993,#2019);
#2019 = DEFINITIONAL_REPRESENTATION('',(#2020),#2023);
#2020 = B_SPLINE_CURVE_WITH_KNOTS('',1,(#2021,#2022),.UNSPECIFIED.,.F.,
  .F.,(2,2),(-3.0000006,-0.8),.PIECEWISE_BEZIER_KNOTS.);
#2021 = CARTESIAN_POINT('',(-5.421504540529,-3.0000006));
#2022 = CARTESIAN_POINT('',(-5.421504540529,-0.8));
#2023 = ( GEOMETRIC_REPRESENTATION_CONTEXT(2) 
PARAMETRIC_REPRESENTATION_CONTEXT() REPRESENTATION_CONTEXT('2D SPACE',''
  ) );
#2024 = ADVANCED_FACE('',(#2025),#993,.F.);
#2025 = FACE_BOUND('',#2026,.T.);
#2026 = EDGE_LOOP('',(#2027,#2028,#2029,#2055));
#2027 = ORIENTED_EDGE('',*,*,#976,.T.);
#2028 = ORIENTED_EDGE('',*,*,#2006,.T.);
#2029 = ORIENTED_EDGE('',*,*,#2030,.T.);
#2030 = EDGE_CURVE('',#1984,#1859,#2031,.T.);
#2031 = SURFACE_CURVE('',#2032,(#2037,#2044),.PCURVE_S1.);
#2032 = CIRCLE('',#2033,4.3);
#2033 = AXIS2_PLACEMENT_3D('',#2034,#2035,#2036);
#2034 = CARTESIAN_POINT('',(57.,42.,-2.));
#2035 = DIRECTION('',(0.,0.,-1.));
#2036 = DIRECTION('',(1.,0.,0.));
#2037 = PCURVE('',#993,#2038);
#2038 = DEFINITIONAL_REPRESENTATION('',(#2039),#2043);
#2039 = LINE('',#2040,#2041);
#2040 = CARTESIAN_POINT('',(-6.28318530718,-1.));
#2041 = VECTOR('',#2042,1.);
#2042 = DIRECTION('',(1.,-0.));
#2043 = ( GEOMETRIC_REPRESENTATION_CONTEXT(2) 
PARAMETRIC_REPRESENTATION_CONTEXT() REPRESENTATION_CONTEXT('2D SPACE',''
  ) );
#2044 = PCURVE('',#1873,#2045);
#2045 = DEFINITIONAL_REPRESENTATION('',(#2046),#2054);
#2046 = ( BOUNDED_CURVE() B_SPLINE_CURVE(2,(#2047,#2048,#2049,#2050,
#2051,#2052,#2053),.UNSPECIFIED.,.T.,.F.) B_SPLINE_CURVE_WITH_KNOTS((1,2
    ,2,2,2,1),(-2.094395102393,0.,2.094395102393,4.188790204786,
6.28318530718,8.377580409573),.UNSPECIFIED.) CURVE() 
GEOMETRIC_REPRESENTATION_ITEM() RATIONAL_B_SPLINE_CURVE((1.,0.5,1.,0.5,
1.,0.5,1.)) REPRESENTATION_ITEM('') );
#2047 = CARTESIAN_POINT('',(121.1,86.8));
#2048 = CARTESIAN_POINT('',(121.1,79.352181527454));
#2049 = CARTESIAN_POINT('',(114.65,83.076090763727));
#2050 = CARTESIAN_POINT('',(108.2,86.8));
#2051 = CARTESIAN_POINT('',(114.65,90.523909236273));
#2052 = CARTESIAN_POINT('',(121.1,94.247818472546));
#2053 = CARTESIAN_POINT('',(121.1,86.8));
#2054 = ( GEOMETRIC_REPRESENTATION_CONTEXT(2) 
PARAMETRIC_REPRESENTATION_CONTEXT() REPRESENTATION_CONTEXT('2D SPACE',''
  ) );
#2055 = ORIENTED_EDGE('',*,*,#1884,.F.);
#2056 = ADVANCED_FACE('',(#2057),#774,.F.);
#2057 = FACE_BOUND('',#2058,.F.);
#2058 = EDGE_LOOP('',(#2059,#2060,#2061,#2082,#2108,#2127,#2128,#2129));
#2059 = ORIENTED_EDGE('',*,*,#1620,.T.);
#2060 = ORIENTED_EDGE('',*,*,#871,.F.);
#2061 = ORIENTED_EDGE('',*,*,#2062,.T.);
#2062 = EDGE_CURVE('',#843,#2063,#2065,.T.);
#2063 = VERTEX_POINT('',#2064);
#2064 = CARTESIAN_POINT('',(52.775073965145,42.8,-2.));
#2065 = SURFACE_CURVE('',#2066,(#2070,#2076),.PCURVE_S1.);
#2066 = LINE('',#2067,#2068);
#2067 = CARTESIAN_POINT('',(52.775073965144,42.8,-3.));
#2068 = VECTOR('',#2069,1.);
#2069 = DIRECTION('',(-0.,-0.,-1.));
#2070 = PCURVE('',#774,#2071);
#2071 = DEFINITIONAL_REPRESENTATION('',(#2072),#2075);
#2072 = B_SPLINE_CURVE_WITH_KNOTS('',1,(#2073,#2074),.UNSPECIFIED.,.F.,
  .F.,(2,2),(-3.0000006,-0.7),.PIECEWISE_BEZIER_KNOTS.);
#2073 = CARTESIAN_POINT('',(3.0000006,110.57507396514));
#2074 = CARTESIAN_POINT('',(0.7,110.57507396514));
#2075 = ( GEOMETRIC_REPRESENTATION_CONTEXT(2) 
PARAMETRIC_REPRESENTATION_CONTEXT() REPRESENTATION_CONTEXT('2D SPACE',''
  ) );
#2076 = PCURVE('',#859,#2077);
#2077 = DEFINITIONAL_REPRESENTATION('',(#2078),#2081);
#2078 = B_SPLINE_CURVE_WITH_KNOTS('',1,(#2079,#2080),.UNSPECIFIED.,.F.,
  .F.,(2,2),(-3.0000006,-0.7),.PIECEWISE_BEZIER_KNOTS.);
#2079 = CARTESIAN_POINT('',(-2.954455791038,-3.0000006));
#2080 = CARTESIAN_POINT('',(-2.954455791038,-0.7));
#2081 = ( GEOMETRIC_REPRESENTATION_CONTEXT(2) 
PARAMETRIC_REPRESENTATION_CONTEXT() REPRESENTATION_CONTEXT('2D SPACE',''
  ) );
#2082 = ORIENTED_EDGE('',*,*,#2083,.T.);
#2083 = EDGE_CURVE('',#2063,#2084,#2086,.T.);
#2084 = VERTEX_POINT('',#2085);
#2085 = CARTESIAN_POINT('',(-52.77507396514,42.8,-2.));
#2086 = SURFACE_CURVE('',#2087,(#2091,#2097),.PCURVE_S1.);
#2087 = LINE('',#2088,#2089);
#2088 = CARTESIAN_POINT('',(-58.8,42.8,-2.));
#2089 = VECTOR('',#2090,1.);
#2090 = DIRECTION('',(-1.,0.,0.));
#2091 = PCURVE('',#774,#2092);
#2092 = DEFINITIONAL_REPRESENTATION('',(#2093),#2096);
#2093 = B_SPLINE_CURVE_WITH_KNOTS('',1,(#2094,#2095),.UNSPECIFIED.,.F.,
  .F.,(2,2),(-116.6,-1.),.PIECEWISE_BEZIER_KNOTS.);
#2094 = CARTESIAN_POINT('',(1.,115.6));
#2095 = CARTESIAN_POINT('',(1.,0.));
#2096 = ( GEOMETRIC_REPRESENTATION_CONTEXT(2) 
PARAMETRIC_REPRESENTATION_CONTEXT() REPRESENTATION_CONTEXT('2D SPACE',''
  ) );
#2097 = PCURVE('',#2098,#2103);
#2098 = PLANE('',#2099);
#2099 = AXIS2_PLACEMENT_3D('',#2100,#2101,#2102);
#2100 = CARTESIAN_POINT('',(-59.8,-44.8,-2.));
#2101 = DIRECTION('',(0.,0.,1.));
#2102 = DIRECTION('',(1.,0.,0.));
#2103 = DEFINITIONAL_REPRESENTATION('',(#2104),#2107);
#2104 = B_SPLINE_CURVE_WITH_KNOTS('',1,(#2105,#2106),.UNSPECIFIED.,.F.,
  .F.,(2,2),(-116.6,-1.),.PIECEWISE_BEZIER_KNOTS.);
#2105 = CARTESIAN_POINT('',(117.6,87.6));
#2106 = CARTESIAN_POINT('',(2.,87.6));
#2107 = ( GEOMETRIC_REPRESENTATION_CONTEXT(2) 
PARAMETRIC_REPRESENTATION_CONTEXT() REPRESENTATION_CONTEXT('2D SPACE',''
  ) );
#2108 = ORIENTED_EDGE('',*,*,#2109,.F.);
#2109 = EDGE_CURVE('',#759,#2084,#2110,.T.);
#2110 = SURFACE_CURVE('',#2111,(#2115,#2121),.PCURVE_S1.);
#2111 = LINE('',#2112,#2113);
#2112 = CARTESIAN_POINT('',(-52.77507396514,42.8,-3.));
#2113 = VECTOR('',#2114,1.);
#2114 = DIRECTION('',(-0.,-0.,-1.));
#2115 = PCURVE('',#774,#2116);
#2116 = DEFINITIONAL_REPRESENTATION('',(#2117),#2120);
#2117 = B_SPLINE_CURVE_WITH_KNOTS('',1,(#2118,#2119),.UNSPECIFIED.,.F.,
  .F.,(2,2),(-3.0000006,-0.7),.PIECEWISE_BEZIER_KNOTS.);
#2118 = CARTESIAN_POINT('',(3.0000006,5.024926034856));
#2119 = CARTESIAN_POINT('',(0.7,5.024926034856));
#2120 = ( GEOMETRIC_REPRESENTATION_CONTEXT(2) 
PARAMETRIC_REPRESENTATION_CONTEXT() REPRESENTATION_CONTEXT('2D SPACE',''
  ) );
#2121 = PCURVE('',#802,#2122);
#2122 = DEFINITIONAL_REPRESENTATION('',(#2123),#2126);
#2123 = B_SPLINE_CURVE_WITH_KNOTS('',1,(#2124,#2125),.UNSPECIFIED.,.F.,
  .F.,(2,2),(-3.0000006,-0.7),.PIECEWISE_BEZIER_KNOTS.);
#2124 = CARTESIAN_POINT('',(-0.187136862552,-3.0000006));
#2125 = CARTESIAN_POINT('',(-0.187136862552,-0.7));
#2126 = ( GEOMETRIC_REPRESENTATION_CONTEXT(2) 
PARAMETRIC_REPRESENTATION_CONTEXT() REPRESENTATION_CONTEXT('2D SPACE',''
  ) );
#2127 = ORIENTED_EDGE('',*,*,#758,.F.);
#2128 = ORIENTED_EDGE('',*,*,#1524,.F.);
#2129 = ORIENTED_EDGE('',*,*,#2130,.T.);
#2130 = EDGE_CURVE('',#1424,#1593,#2131,.T.);
#2131 = SURFACE_CURVE('',#2132,(#2136,#2143),.PCURVE_S1.);
#2132 = LINE('',#2133,#2134);
#2133 = CARTESIAN_POINT('',(-57.8,42.8,1.));
#2134 = VECTOR('',#2135,1.);
#2135 = DIRECTION('',(1.,0.,0.));
#2136 = PCURVE('',#774,#2137);
#2137 = DEFINITIONAL_REPRESENTATION('',(#2138),#2142);
#2138 = LINE('',#2139,#2140);
#2139 = CARTESIAN_POINT('',(4.,0.));
#2140 = VECTOR('',#2141,1.);
#2141 = DIRECTION('',(0.,1.));
#2142 = ( GEOMETRIC_REPRESENTATION_CONTEXT(2) 
PARAMETRIC_REPRESENTATION_CONTEXT() REPRESENTATION_CONTEXT('2D SPACE',''
  ) );
#2143 = PCURVE('',#1218,#2144);
#2144 = DEFINITIONAL_REPRESENTATION('',(#2145),#2149);
#2145 = LINE('',#2146,#2147);
#2146 = CARTESIAN_POINT('',(0.,85.6));
#2147 = VECTOR('',#2148,1.);
#2148 = DIRECTION('',(1.,0.));
#2149 = ( GEOMETRIC_REPRESENTATION_CONTEXT(2) 
PARAMETRIC_REPRESENTATION_CONTEXT() REPRESENTATION_CONTEXT('2D SPACE',''
  ) );
#2150 = ADVANCED_FACE('',(#2151),#859,.F.);
#2151 = FACE_BOUND('',#2152,.T.);
#2152 = EDGE_LOOP('',(#2153,#2174,#2175,#2176));
#2153 = ORIENTED_EDGE('',*,*,#2154,.F.);
#2154 = EDGE_CURVE('',#815,#2155,#2157,.T.);
#2155 = VERTEX_POINT('',#2156);
#2156 = CARTESIAN_POINT('',(53.736566225584,44.8,-2.));
#2157 = SURFACE_CURVE('',#2158,(#2162,#2168),.PCURVE_S1.);
#2158 = LINE('',#2159,#2160);
#2159 = CARTESIAN_POINT('',(53.736566225584,44.8,-3.));
#2160 = VECTOR('',#2161,1.);
#2161 = DIRECTION('',(-0.,-0.,-1.));
#2162 = PCURVE('',#859,#2163);
#2163 = DEFINITIONAL_REPRESENTATION('',(#2164),#2167);
#2164 = B_SPLINE_CURVE_WITH_KNOTS('',1,(#2165,#2166),.UNSPECIFIED.,.F.,
  .F.,(2,2),(-3.0000006,-0.8),.PIECEWISE_BEZIER_KNOTS.);
#2165 = CARTESIAN_POINT('',(-2.432477093445,-3.0000006));
#2166 = CARTESIAN_POINT('',(-2.432477093445,-0.8));
#2167 = ( GEOMETRIC_REPRESENTATION_CONTEXT(2) 
PARAMETRIC_REPRESENTATION_CONTEXT() REPRESENTATION_CONTEXT('2D SPACE',''
  ) );
#2168 = PCURVE('',#830,#2169);
#2169 = DEFINITIONAL_REPRESENTATION('',(#2170),#2173);
#2170 = B_SPLINE_CURVE_WITH_KNOTS('',1,(#2171,#2172),.UNSPECIFIED.,.F.,
  .F.,(2,2),(-3.0000006,-0.8),.PIECEWISE_BEZIER_KNOTS.);
#2171 = CARTESIAN_POINT('',(2.0000006,113.53656622558));
#2172 = CARTESIAN_POINT('',(-0.2,113.53656622558));
#2173 = ( GEOMETRIC_REPRESENTATION_CONTEXT(2) 
PARAMETRIC_REPRESENTATION_CONTEXT() REPRESENTATION_CONTEXT('2D SPACE',''
  ) );
#2174 = ORIENTED_EDGE('',*,*,#842,.T.);
#2175 = ORIENTED_EDGE('',*,*,#2062,.T.);
#2176 = ORIENTED_EDGE('',*,*,#2177,.T.);
#2177 = EDGE_CURVE('',#2063,#2155,#2178,.T.);
#2178 = SURFACE_CURVE('',#2179,(#2184,#2191),.PCURVE_S1.);
#2179 = CIRCLE('',#2180,4.3);
#2180 = AXIS2_PLACEMENT_3D('',#2181,#2182,#2183);
#2181 = CARTESIAN_POINT('',(57.,42.,-2.));
#2182 = DIRECTION('',(0.,0.,-1.));
#2183 = DIRECTION('',(1.,0.,0.));
#2184 = PCURVE('',#859,#2185);
#2185 = DEFINITIONAL_REPRESENTATION('',(#2186),#2190);
#2186 = LINE('',#2187,#2188);
#2187 = CARTESIAN_POINT('',(-6.28318530718,-1.));
#2188 = VECTOR('',#2189,1.);
#2189 = DIRECTION('',(1.,-0.));
#2190 = ( GEOMETRIC_REPRESENTATION_CONTEXT(2) 
PARAMETRIC_REPRESENTATION_CONTEXT() REPRESENTATION_CONTEXT('2D SPACE',''
  ) );
#2191 = PCURVE('',#2098,#2192);
#2192 = DEFINITIONAL_REPRESENTATION('',(#2193),#2201);
#2193 = ( BOUNDED_CURVE() B_SPLINE_CURVE(2,(#2194,#2195,#2196,#2197,
#2198,#2199,#2200),.UNSPECIFIED.,.T.,.F.) B_SPLINE_CURVE_WITH_KNOTS((1,2
    ,2,2,2,1),(-2.094395102393,0.,2.094395102393,4.188790204786,
6.28318530718,8.377580409573),.UNSPECIFIED.) CURVE() 
GEOMETRIC_REPRESENTATION_ITEM() RATIONAL_B_SPLINE_CURVE((1.,0.5,1.,0.5,
1.,0.5,1.)) REPRESENTATION_ITEM('') );
#2194 = CARTESIAN_POINT('',(121.1,86.8));
#2195 = CARTESIAN_POINT('',(121.1,79.352181527454));
#2196 = CARTESIAN_POINT('',(114.65,83.076090763727));
#2197 = CARTESIAN_POINT('',(108.2,86.8));
#2198 = CARTESIAN_POINT('',(114.65,90.523909236273));
#2199 = CARTESIAN_POINT('',(121.1,94.247818472546));
#2200 = CARTESIAN_POINT('',(121.1,86.8));
#2201 = ( GEOMETRIC_REPRESENTATION_CONTEXT(2) 
PARAMETRIC_REPRESENTATION_CONTEXT() REPRESENTATION_CONTEXT('2D SPACE',''
  ) );
#2202 = ADVANCED_FACE('',(#2203),#830,.T.);
#2203 = FACE_BOUND('',#2204,.T.);
#2204 = EDGE_LOOP('',(#2205,#2228,#2247,#2248));
#2205 = ORIENTED_EDGE('',*,*,#2206,.F.);
#2206 = EDGE_CURVE('',#2207,#2155,#2209,.T.);
#2207 = VERTEX_POINT('',#2208);
#2208 = CARTESIAN_POINT('',(-53.73656622558,44.8,-2.));
#2209 = SURFACE_CURVE('',#2210,(#2214,#2221),.PCURVE_S1.);
#2210 = LINE('',#2211,#2212);
#2211 = CARTESIAN_POINT('',(-59.8,44.8,-2.));
#2212 = VECTOR('',#2213,1.);
#2213 = DIRECTION('',(1.,0.,0.));
#2214 = PCURVE('',#830,#2215);
#2215 = DEFINITIONAL_REPRESENTATION('',(#2216),#2220);
#2216 = LINE('',#2217,#2218);
#2217 = CARTESIAN_POINT('',(0.,0.));
#2218 = VECTOR('',#2219,1.);
#2219 = DIRECTION('',(0.,1.));
#2220 = ( GEOMETRIC_REPRESENTATION_CONTEXT(2) 
PARAMETRIC_REPRESENTATION_CONTEXT() REPRESENTATION_CONTEXT('2D SPACE',''
  ) );
#2221 = PCURVE('',#2098,#2222);
#2222 = DEFINITIONAL_REPRESENTATION('',(#2223),#2227);
#2223 = LINE('',#2224,#2225);
#2224 = CARTESIAN_POINT('',(0.,89.6));
#2225 = VECTOR('',#2226,1.);
#2226 = DIRECTION('',(1.,0.));
#2227 = ( GEOMETRIC_REPRESENTATION_CONTEXT(2) 
PARAMETRIC_REPRESENTATION_CONTEXT() REPRESENTATION_CONTEXT('2D SPACE',''
  ) );
#2228 = ORIENTED_EDGE('',*,*,#2229,.F.);
#2229 = EDGE_CURVE('',#786,#2207,#2230,.T.);
#2230 = SURFACE_CURVE('',#2231,(#2235,#2241),.PCURVE_S1.);
#2231 = LINE('',#2232,#2233);
#2232 = CARTESIAN_POINT('',(-53.73656622558,44.8,-3.));
#2233 = VECTOR('',#2234,1.);
#2234 = DIRECTION('',(-0.,-0.,-1.));
#2235 = PCURVE('',#830,#2236);
#2236 = DEFINITIONAL_REPRESENTATION('',(#2237),#2240);
#2237 = B_SPLINE_CURVE_WITH_KNOTS('',1,(#2238,#2239),.UNSPECIFIED.,.F.,
  .F.,(2,2),(-3.0000006,-0.8),.PIECEWISE_BEZIER_KNOTS.);
#2238 = CARTESIAN_POINT('',(2.0000006,6.063433774416));
#2239 = CARTESIAN_POINT('',(-0.2,6.063433774416));
#2240 = ( GEOMETRIC_REPRESENTATION_CONTEXT(2) 
PARAMETRIC_REPRESENTATION_CONTEXT() REPRESENTATION_CONTEXT('2D SPACE',''
  ) );
#2241 = PCURVE('',#802,#2242);
#2242 = DEFINITIONAL_REPRESENTATION('',(#2243),#2246);
#2243 = B_SPLINE_CURVE_WITH_KNOTS('',1,(#2244,#2245),.UNSPECIFIED.,.F.,
  .F.,(2,2),(-3.0000006,-0.8),.PIECEWISE_BEZIER_KNOTS.);
#2244 = CARTESIAN_POINT('',(-0.709115560144,-3.0000006));
#2245 = CARTESIAN_POINT('',(-0.709115560144,-0.8));
#2246 = ( GEOMETRIC_REPRESENTATION_CONTEXT(2) 
PARAMETRIC_REPRESENTATION_CONTEXT() REPRESENTATION_CONTEXT('2D SPACE',''
  ) );
#2247 = ORIENTED_EDGE('',*,*,#814,.T.);
#2248 = ORIENTED_EDGE('',*,*,#2154,.T.);
#2249 = ADVANCED_FACE('',(#2250),#802,.F.);
#2250 = FACE_BOUND('',#2251,.T.);
#2251 = EDGE_LOOP('',(#2252,#2253,#2254,#2255));
#2252 = ORIENTED_EDGE('',*,*,#2109,.F.);
#2253 = ORIENTED_EDGE('',*,*,#785,.T.);
#2254 = ORIENTED_EDGE('',*,*,#2229,.T.);
#2255 = ORIENTED_EDGE('',*,*,#2256,.T.);
#2256 = EDGE_CURVE('',#2207,#2084,#2257,.T.);
#2257 = SURFACE_CURVE('',#2258,(#2263,#2270),.PCURVE_S1.);
#2258 = CIRCLE('',#2259,4.3);
#2259 = AXIS2_PLACEMENT_3D('',#2260,#2261,#2262);
#2260 = CARTESIAN_POINT('',(-57.,42.,-2.));
#2261 = DIRECTION('',(0.,0.,-1.));
#2262 = DIRECTION('',(1.,0.,0.));
#2263 = PCURVE('',#802,#2264);
#2264 = DEFINITIONAL_REPRESENTATION('',(#2265),#2269);
#2265 = LINE('',#2266,#2267);
#2266 = CARTESIAN_POINT('',(-6.28318530718,-1.));
#2267 = VECTOR('',#2268,1.);
#2268 = DIRECTION('',(1.,-0.));
#2269 = ( GEOMETRIC_REPRESENTATION_CONTEXT(2) 
PARAMETRIC_REPRESENTATION_CONTEXT() REPRESENTATION_CONTEXT('2D SPACE',''
  ) );
#2270 = PCURVE('',#2098,#2271);
#2271 = DEFINITIONAL_REPRESENTATION('',(#2272),#2280);
#2272 = ( BOUNDED_CURVE() B_SPLINE_CURVE(2,(#2273,#2274,#2275,#2276,
#2277,#2278,#2279),.UNSPECIFIED.,.T.,.F.) B_SPLINE_CURVE_WITH_KNOTS((1,2
    ,2,2,2,1),(-2.094395102393,0.,2.094395102393,4.188790204786,
6.28318530718,8.377580409573),.UNSPECIFIED.) CURVE() 
GEOMETRIC_REPRESENTATION_ITEM() RATIONAL_B_SPLINE_CURVE((1.,0.5,1.,0.5,
1.,0.5,1.)) REPRESENTATION_ITEM('') );
#2273 = CARTESIAN_POINT('',(7.1,86.8));
#2274 = CARTESIAN_POINT('',(7.1,79.352181527454));
#2275 = CARTESIAN_POINT('',(0.65,83.076090763727));
#2276 = CARTESIAN_POINT('',(-5.8,86.8));
#2277 = CARTESIAN_POINT('',(0.65,90.523909236273));
#2278 = CARTESIAN_POINT('',(7.1,94.247818472546));
#2279 = CARTESIAN_POINT('',(7.1,86.8));
#2280 = ( GEOMETRIC_REPRESENTATION_CONTEXT(2) 
PARAMETRIC_REPRESENTATION_CONTEXT() REPRESENTATION_CONTEXT('2D SPACE',''
  ) );
#2281 = ADVANCED_FACE('',(#2282),#611,.T.);
#2282 = FACE_BOUND('',#2283,.T.);
#2283 = EDGE_LOOP('',(#2284,#2285,#2286,#2307,#2333,#2352,#2353,#2354));
#2284 = ORIENTED_EDGE('',*,*,#1305,.T.);
#2285 = ORIENTED_EDGE('',*,*,#595,.F.);
#2286 = ORIENTED_EDGE('',*,*,#2287,.T.);
#2287 = EDGE_CURVE('',#596,#2288,#2290,.T.);
#2288 = VERTEX_POINT('',#2289);
#2289 = CARTESIAN_POINT('',(-57.8,-37.77507396514,-2.));
#2290 = SURFACE_CURVE('',#2291,(#2295,#2301),.PCURVE_S1.);
#2291 = LINE('',#2292,#2293);
#2292 = CARTESIAN_POINT('',(-57.8,-37.77507396514,-3.));
#2293 = VECTOR('',#2294,1.);
#2294 = DIRECTION('',(-0.,-0.,-1.));
#2295 = PCURVE('',#611,#2296);
#2296 = DEFINITIONAL_REPRESENTATION('',(#2297),#2300);
#2297 = B_SPLINE_CURVE_WITH_KNOTS('',1,(#2298,#2299),.UNSPECIFIED.,.F.,
  .F.,(2,2),(-3.0000006,-0.7),.PIECEWISE_BEZIER_KNOTS.);
#2298 = CARTESIAN_POINT('',(3.0000006,-5.024926034856));
#2299 = CARTESIAN_POINT('',(0.7,-5.024926034856));
#2300 = ( GEOMETRIC_REPRESENTATION_CONTEXT(2) 
PARAMETRIC_REPRESENTATION_CONTEXT() REPRESENTATION_CONTEXT('2D SPACE',''
  ) );
#2301 = PCURVE('',#639,#2302);
#2302 = DEFINITIONAL_REPRESENTATION('',(#2303),#2306);
#2303 = B_SPLINE_CURVE_WITH_KNOTS('',1,(#2304,#2305),.UNSPECIFIED.,.F.,
  .F.,(2,2),(-3.0000006,-0.7),.PIECEWISE_BEZIER_KNOTS.);
#2304 = CARTESIAN_POINT('',(-1.757933189347,-3.0000006));
#2305 = CARTESIAN_POINT('',(-1.757933189347,-0.7));
#2306 = ( GEOMETRIC_REPRESENTATION_CONTEXT(2) 
PARAMETRIC_REPRESENTATION_CONTEXT() REPRESENTATION_CONTEXT('2D SPACE',''
  ) );
#2307 = ORIENTED_EDGE('',*,*,#2308,.T.);
#2308 = EDGE_CURVE('',#2288,#2309,#2311,.T.);
#2309 = VERTEX_POINT('',#2310);
#2310 = CARTESIAN_POINT('',(-57.8,37.775073965145,-2.));
#2311 = SURFACE_CURVE('',#2312,(#2316,#2322),.PCURVE_S1.);
#2312 = LINE('',#2313,#2314);
#2313 = CARTESIAN_POINT('',(-57.8,-43.8,-2.));
#2314 = VECTOR('',#2315,1.);
#2315 = DIRECTION('',(0.,1.,0.));
#2316 = PCURVE('',#611,#2317);
#2317 = DEFINITIONAL_REPRESENTATION('',(#2318),#2321);
#2318 = B_SPLINE_CURVE_WITH_KNOTS('',1,(#2319,#2320),.UNSPECIFIED.,.F.,
  .F.,(2,2),(1.,86.6),.PIECEWISE_BEZIER_KNOTS.);
#2319 = CARTESIAN_POINT('',(1.,0.));
#2320 = CARTESIAN_POINT('',(1.,-85.6));
#2321 = ( GEOMETRIC_REPRESENTATION_CONTEXT(2) 
PARAMETRIC_REPRESENTATION_CONTEXT() REPRESENTATION_CONTEXT('2D SPACE',''
  ) );
#2322 = PCURVE('',#2323,#2328);
#2323 = PLANE('',#2324);
#2324 = AXIS2_PLACEMENT_3D('',#2325,#2326,#2327);
#2325 = CARTESIAN_POINT('',(-59.8,-44.8,-2.));
#2326 = DIRECTION('',(0.,0.,1.));
#2327 = DIRECTION('',(1.,0.,0.));
#2328 = DEFINITIONAL_REPRESENTATION('',(#2329),#2332);
#2329 = B_SPLINE_CURVE_WITH_KNOTS('',1,(#2330,#2331),.UNSPECIFIED.,.F.,
  .F.,(2,2),(1.,86.6),.PIECEWISE_BEZIER_KNOTS.);
#2330 = CARTESIAN_POINT('',(2.,2.));
#2331 = CARTESIAN_POINT('',(2.,87.6));
#2332 = ( GEOMETRIC_REPRESENTATION_CONTEXT(2) 
PARAMETRIC_REPRESENTATION_CONTEXT() REPRESENTATION_CONTEXT('2D SPACE',''
  ) );
#2333 = ORIENTED_EDGE('',*,*,#2334,.F.);
#2334 = EDGE_CURVE('',#680,#2309,#2335,.T.);
#2335 = SURFACE_CURVE('',#2336,(#2340,#2346),.PCURVE_S1.);
#2336 = LINE('',#2337,#2338);
#2337 = CARTESIAN_POINT('',(-57.8,37.775073965144,-3.));
#2338 = VECTOR('',#2339,1.);
#2339 = DIRECTION('',(-0.,-0.,-1.));
#2340 = PCURVE('',#611,#2341);
#2341 = DEFINITIONAL_REPRESENTATION('',(#2342),#2345);
#2342 = B_SPLINE_CURVE_WITH_KNOTS('',1,(#2343,#2344),.UNSPECIFIED.,.F.,
  .F.,(2,2),(-3.0000006,-0.7),.PIECEWISE_BEZIER_KNOTS.);
#2343 = CARTESIAN_POINT('',(3.0000006,-80.57507396514));
#2344 = CARTESIAN_POINT('',(0.7,-80.57507396514));
#2345 = ( GEOMETRIC_REPRESENTATION_CONTEXT(2) 
PARAMETRIC_REPRESENTATION_CONTEXT() REPRESENTATION_CONTEXT('2D SPACE',''
  ) );
#2346 = PCURVE('',#696,#2347);
#2347 = DEFINITIONAL_REPRESENTATION('',(#2348),#2351);
#2348 = B_SPLINE_CURVE_WITH_KNOTS('',1,(#2349,#2350),.UNSPECIFIED.,.F.,
  .F.,(2,2),(-3.0000006,-0.7),.PIECEWISE_BEZIER_KNOTS.);
#2349 = CARTESIAN_POINT('',(-4.525252117833,-3.0000006));
#2350 = CARTESIAN_POINT('',(-4.525252117833,-0.7));
#2351 = ( GEOMETRIC_REPRESENTATION_CONTEXT(2) 
PARAMETRIC_REPRESENTATION_CONTEXT() REPRESENTATION_CONTEXT('2D SPACE',''
  ) );
#2352 = ORIENTED_EDGE('',*,*,#708,.F.);
#2353 = ORIENTED_EDGE('',*,*,#1504,.F.);
#2354 = ORIENTED_EDGE('',*,*,#2355,.F.);
#2355 = EDGE_CURVE('',#1200,#1477,#2356,.T.);
#2356 = SURFACE_CURVE('',#2357,(#2361,#2368),.PCURVE_S1.);
#2357 = LINE('',#2358,#2359);
#2358 = CARTESIAN_POINT('',(-57.8,-42.8,1.));
#2359 = VECTOR('',#2360,1.);
#2360 = DIRECTION('',(0.,1.,0.));
#2361 = PCURVE('',#611,#2362);
#2362 = DEFINITIONAL_REPRESENTATION('',(#2363),#2367);
#2363 = LINE('',#2364,#2365);
#2364 = CARTESIAN_POINT('',(4.,0.));
#2365 = VECTOR('',#2366,1.);
#2366 = DIRECTION('',(0.,-1.));
#2367 = ( GEOMETRIC_REPRESENTATION_CONTEXT(2) 
PARAMETRIC_REPRESENTATION_CONTEXT() REPRESENTATION_CONTEXT('2D SPACE',''
  ) );
#2368 = PCURVE('',#1218,#2369);
#2369 = DEFINITIONAL_REPRESENTATION('',(#2370),#2374);
#2370 = LINE('',#2371,#2372);
#2371 = CARTESIAN_POINT('',(0.,0.));
#2372 = VECTOR('',#2373,1.);
#2373 = DIRECTION('',(0.,1.));
#2374 = ( GEOMETRIC_REPRESENTATION_CONTEXT(2) 
PARAMETRIC_REPRESENTATION_CONTEXT() REPRESENTATION_CONTEXT('2D SPACE',''
  ) );
#2375 = ADVANCED_FACE('',(#2376),#696,.F.);
#2376 = FACE_BOUND('',#2377,.T.);
#2377 = EDGE_LOOP('',(#2378,#2379,#2380,#2408));
#2378 = ORIENTED_EDGE('',*,*,#679,.T.);
#2379 = ORIENTED_EDGE('',*,*,#2334,.T.);
#2380 = ORIENTED_EDGE('',*,*,#2381,.T.);
#2381 = EDGE_CURVE('',#2309,#2382,#2384,.T.);
#2382 = VERTEX_POINT('',#2383);
#2383 = CARTESIAN_POINT('',(-59.8,38.736566225584,-2.));
#2384 = SURFACE_CURVE('',#2385,(#2390,#2397),.PCURVE_S1.);
#2385 = CIRCLE('',#2386,4.3);
#2386 = AXIS2_PLACEMENT_3D('',#2387,#2388,#2389);
#2387 = CARTESIAN_POINT('',(-57.,42.,-2.));
#2388 = DIRECTION('',(0.,0.,-1.));
#2389 = DIRECTION('',(1.,0.,0.));
#2390 = PCURVE('',#696,#2391);
#2391 = DEFINITIONAL_REPRESENTATION('',(#2392),#2396);
#2392 = LINE('',#2393,#2394);
#2393 = CARTESIAN_POINT('',(-6.28318530718,-1.));
#2394 = VECTOR('',#2395,1.);
#2395 = DIRECTION('',(1.,-0.));
#2396 = ( GEOMETRIC_REPRESENTATION_CONTEXT(2) 
PARAMETRIC_REPRESENTATION_CONTEXT() REPRESENTATION_CONTEXT('2D SPACE',''
  ) );
#2397 = PCURVE('',#2323,#2398);
#2398 = DEFINITIONAL_REPRESENTATION('',(#2399),#2407);
#2399 = ( BOUNDED_CURVE() B_SPLINE_CURVE(2,(#2400,#2401,#2402,#2403,
#2404,#2405,#2406),.UNSPECIFIED.,.T.,.F.) B_SPLINE_CURVE_WITH_KNOTS((1,2
    ,2,2,2,1),(-2.094395102393,0.,2.094395102393,4.188790204786,
6.28318530718,8.377580409573),.UNSPECIFIED.) CURVE() 
GEOMETRIC_REPRESENTATION_ITEM() RATIONAL_B_SPLINE_CURVE((1.,0.5,1.,0.5,
1.,0.5,1.)) REPRESENTATION_ITEM('') );
#2400 = CARTESIAN_POINT('',(7.1,86.8));
#2401 = CARTESIAN_POINT('',(7.1,79.352181527454));
#2402 = CARTESIAN_POINT('',(0.65,83.076090763727));
#2403 = CARTESIAN_POINT('',(-5.8,86.8));
#2404 = CARTESIAN_POINT('',(0.65,90.523909236273));
#2405 = CARTESIAN_POINT('',(7.1,94.247818472546));
#2406 = CARTESIAN_POINT('',(7.1,86.8));
#2407 = ( GEOMETRIC_REPRESENTATION_CONTEXT(2) 
PARAMETRIC_REPRESENTATION_CONTEXT() REPRESENTATION_CONTEXT('2D SPACE',''
  ) );
#2408 = ORIENTED_EDGE('',*,*,#2409,.F.);
#2409 = EDGE_CURVE('',#652,#2382,#2410,.T.);
#2410 = SURFACE_CURVE('',#2411,(#2415,#2421),.PCURVE_S1.);
#2411 = LINE('',#2412,#2413);
#2412 = CARTESIAN_POINT('',(-59.8,38.736566225584,-3.));
#2413 = VECTOR('',#2414,1.);
#2414 = DIRECTION('',(-0.,-0.,-1.));
#2415 = PCURVE('',#696,#2416);
#2416 = DEFINITIONAL_REPRESENTATION('',(#2417),#2420);
#2417 = B_SPLINE_CURVE_WITH_KNOTS('',1,(#2418,#2419),.UNSPECIFIED.,.F.,
  .F.,(2,2),(-3.0000006,-0.8),.PIECEWISE_BEZIER_KNOTS.);
#2418 = CARTESIAN_POINT('',(-4.00327342024,-3.0000006));
#2419 = CARTESIAN_POINT('',(-4.00327342024,-0.8));
#2420 = ( GEOMETRIC_REPRESENTATION_CONTEXT(2) 
PARAMETRIC_REPRESENTATION_CONTEXT() REPRESENTATION_CONTEXT('2D SPACE',''
  ) );
#2421 = PCURVE('',#667,#2422);
#2422 = DEFINITIONAL_REPRESENTATION('',(#2423),#2426);
#2423 = B_SPLINE_CURVE_WITH_KNOTS('',1,(#2424,#2425),.UNSPECIFIED.,.F.,
  .F.,(2,2),(-3.0000006,-0.8),.PIECEWISE_BEZIER_KNOTS.);
#2424 = CARTESIAN_POINT('',(2.0000006,-83.53656622558));
#2425 = CARTESIAN_POINT('',(-0.2,-83.53656622558));
#2426 = ( GEOMETRIC_REPRESENTATION_CONTEXT(2) 
PARAMETRIC_REPRESENTATION_CONTEXT() REPRESENTATION_CONTEXT('2D SPACE',''
  ) );
#2427 = ADVANCED_FACE('',(#2428),#667,.F.);
#2428 = FACE_BOUND('',#2429,.F.);
#2429 = EDGE_LOOP('',(#2430,#2431,#2452,#2473));
#2430 = ORIENTED_EDGE('',*,*,#651,.F.);
#2431 = ORIENTED_EDGE('',*,*,#2432,.T.);
#2432 = EDGE_CURVE('',#623,#2433,#2435,.T.);
#2433 = VERTEX_POINT('',#2434);
#2434 = CARTESIAN_POINT('',(-59.8,-38.73656622558,-2.));
#2435 = SURFACE_CURVE('',#2436,(#2440,#2446),.PCURVE_S1.);
#2436 = LINE('',#2437,#2438);
#2437 = CARTESIAN_POINT('',(-59.8,-38.73656622558,-3.));
#2438 = VECTOR('',#2439,1.);
#2439 = DIRECTION('',(-0.,-0.,-1.));
#2440 = PCURVE('',#667,#2441);
#2441 = DEFINITIONAL_REPRESENTATION('',(#2442),#2445);
#2442 = B_SPLINE_CURVE_WITH_KNOTS('',1,(#2443,#2444),.UNSPECIFIED.,.F.,
  .F.,(2,2),(-3.0000006,-0.8),.PIECEWISE_BEZIER_KNOTS.);
#2443 = CARTESIAN_POINT('',(2.0000006,-6.063433774416));
#2444 = CARTESIAN_POINT('',(-0.2,-6.063433774416));
#2445 = ( GEOMETRIC_REPRESENTATION_CONTEXT(2) 
PARAMETRIC_REPRESENTATION_CONTEXT() REPRESENTATION_CONTEXT('2D SPACE',''
  ) );
#2446 = PCURVE('',#639,#2447);
#2447 = DEFINITIONAL_REPRESENTATION('',(#2448),#2451);
#2448 = B_SPLINE_CURVE_WITH_KNOTS('',1,(#2449,#2450),.UNSPECIFIED.,.F.,
  .F.,(2,2),(-3.0000006,-0.8),.PIECEWISE_BEZIER_KNOTS.);
#2449 = CARTESIAN_POINT('',(-2.279911886939,-3.0000006));
#2450 = CARTESIAN_POINT('',(-2.279911886939,-0.8));
#2451 = ( GEOMETRIC_REPRESENTATION_CONTEXT(2) 
PARAMETRIC_REPRESENTATION_CONTEXT() REPRESENTATION_CONTEXT('2D SPACE',''
  ) );
#2452 = ORIENTED_EDGE('',*,*,#2453,.T.);
#2453 = EDGE_CURVE('',#2433,#2382,#2454,.T.);
#2454 = SURFACE_CURVE('',#2455,(#2459,#2466),.PCURVE_S1.);
#2455 = LINE('',#2456,#2457);
#2456 = CARTESIAN_POINT('',(-59.8,-44.8,-2.));
#2457 = VECTOR('',#2458,1.);
#2458 = DIRECTION('',(0.,1.,0.));
#2459 = PCURVE('',#667,#2460);
#2460 = DEFINITIONAL_REPRESENTATION('',(#2461),#2465);
#2461 = LINE('',#2462,#2463);
#2462 = CARTESIAN_POINT('',(0.,0.));
#2463 = VECTOR('',#2464,1.);
#2464 = DIRECTION('',(0.,-1.));
#2465 = ( GEOMETRIC_REPRESENTATION_CONTEXT(2) 
PARAMETRIC_REPRESENTATION_CONTEXT() REPRESENTATION_CONTEXT('2D SPACE',''
  ) );
#2466 = PCURVE('',#2323,#2467);
#2467 = DEFINITIONAL_REPRESENTATION('',(#2468),#2472);
#2468 = LINE('',#2469,#2470);
#2469 = CARTESIAN_POINT('',(0.,0.));
#2470 = VECTOR('',#2471,1.);
#2471 = DIRECTION('',(0.,1.));
#2472 = ( GEOMETRIC_REPRESENTATION_CONTEXT(2) 
PARAMETRIC_REPRESENTATION_CONTEXT() REPRESENTATION_CONTEXT('2D SPACE',''
  ) );
#2473 = ORIENTED_EDGE('',*,*,#2409,.F.);
#2474 = ADVANCED_FACE('',(#2475),#639,.F.);
#2475 = FACE_BOUND('',#2476,.T.);
#2476 = EDGE_LOOP('',(#2477,#2478,#2479,#2480));
#2477 = ORIENTED_EDGE('',*,*,#2287,.F.);
#2478 = ORIENTED_EDGE('',*,*,#622,.T.);
#2479 = ORIENTED_EDGE('',*,*,#2432,.T.);
#2480 = ORIENTED_EDGE('',*,*,#2481,.T.);
#2481 = EDGE_CURVE('',#2433,#2288,#2482,.T.);
#2482 = SURFACE_CURVE('',#2483,(#2488,#2495),.PCURVE_S1.);
#2483 = CIRCLE('',#2484,4.3);
#2484 = AXIS2_PLACEMENT_3D('',#2485,#2486,#2487);
#2485 = CARTESIAN_POINT('',(-57.,-42.,-2.));
#2486 = DIRECTION('',(0.,0.,-1.));
#2487 = DIRECTION('',(1.,0.,0.));
#2488 = PCURVE('',#639,#2489);
#2489 = DEFINITIONAL_REPRESENTATION('',(#2490),#2494);
#2490 = LINE('',#2491,#2492);
#2491 = CARTESIAN_POINT('',(-6.28318530718,-1.));
#2492 = VECTOR('',#2493,1.);
#2493 = DIRECTION('',(1.,-0.));
#2494 = ( GEOMETRIC_REPRESENTATION_CONTEXT(2) 
PARAMETRIC_REPRESENTATION_CONTEXT() REPRESENTATION_CONTEXT('2D SPACE',''
  ) );
#2495 = PCURVE('',#2323,#2496);
#2496 = DEFINITIONAL_REPRESENTATION('',(#2497),#2505);
#2497 = ( BOUNDED_CURVE() B_SPLINE_CURVE(2,(#2498,#2499,#2500,#2501,
#2502,#2503,#2504),.UNSPECIFIED.,.T.,.F.) B_SPLINE_CURVE_WITH_KNOTS((1,2
    ,2,2,2,1),(-2.094395102393,0.,2.094395102393,4.188790204786,
6.28318530718,8.377580409573),.UNSPECIFIED.) CURVE() 
GEOMETRIC_REPRESENTATION_ITEM() RATIONAL_B_SPLINE_CURVE((1.,0.5,1.,0.5,
1.,0.5,1.)) REPRESENTATION_ITEM('') );
#2498 = CARTESIAN_POINT('',(7.1,2.8));
#2499 = CARTESIAN_POINT('',(7.1,-4.647818472546));
#2500 = CARTESIAN_POINT('',(0.65,-0.923909236273));
#2501 = CARTESIAN_POINT('',(-5.8,2.8));
#2502 = CARTESIAN_POINT('',(0.65,6.523909236273));
#2503 = CARTESIAN_POINT('',(7.1,10.247818472546));
#2504 = CARTESIAN_POINT('',(7.1,2.8));
#2505 = ( GEOMETRIC_REPRESENTATION_CONTEXT(2) 
PARAMETRIC_REPRESENTATION_CONTEXT() REPRESENTATION_CONTEXT('2D SPACE',''
  ) );
#2506 = ADVANCED_FACE('',(#2507),#528,.F.);
#2507 = FACE_BOUND('',#2508,.T.);
#2508 = EDGE_LOOP('',(#2509,#2510,#2511,#2537));
#2509 = ORIENTED_EDGE('',*,*,#511,.T.);
#2510 = ORIENTED_EDGE('',*,*,#1790,.T.);
#2511 = ORIENTED_EDGE('',*,*,#2512,.T.);
#2512 = EDGE_CURVE('',#1770,#1643,#2513,.T.);
#2513 = SURFACE_CURVE('',#2514,(#2519,#2526),.PCURVE_S1.);
#2514 = CIRCLE('',#2515,4.3);
#2515 = AXIS2_PLACEMENT_3D('',#2516,#2517,#2518);
#2516 = CARTESIAN_POINT('',(-57.,-42.,-2.));
#2517 = DIRECTION('',(0.,0.,-1.));
#2518 = DIRECTION('',(1.,0.,0.));
#2519 = PCURVE('',#528,#2520);
#2520 = DEFINITIONAL_REPRESENTATION('',(#2521),#2525);
#2521 = LINE('',#2522,#2523);
#2522 = CARTESIAN_POINT('',(-6.28318530718,-1.));
#2523 = VECTOR('',#2524,1.);
#2524 = DIRECTION('',(1.,-0.));
#2525 = ( GEOMETRIC_REPRESENTATION_CONTEXT(2) 
PARAMETRIC_REPRESENTATION_CONTEXT() REPRESENTATION_CONTEXT('2D SPACE',''
  ) );
#2526 = PCURVE('',#1660,#2527);
#2527 = DEFINITIONAL_REPRESENTATION('',(#2528),#2536);
#2528 = ( BOUNDED_CURVE() B_SPLINE_CURVE(2,(#2529,#2530,#2531,#2532,
#2533,#2534,#2535),.UNSPECIFIED.,.T.,.F.) B_SPLINE_CURVE_WITH_KNOTS((1,2
    ,2,2,2,1),(-2.094395102393,0.,2.094395102393,4.188790204786,
6.28318530718,8.377580409573),.UNSPECIFIED.) CURVE() 
GEOMETRIC_REPRESENTATION_ITEM() RATIONAL_B_SPLINE_CURVE((1.,0.5,1.,0.5,
1.,0.5,1.)) REPRESENTATION_ITEM('') );
#2529 = CARTESIAN_POINT('',(7.1,2.8));
#2530 = CARTESIAN_POINT('',(7.1,-4.647818472546));
#2531 = CARTESIAN_POINT('',(0.65,-0.923909236273));
#2532 = CARTESIAN_POINT('',(-5.8,2.8));
#2533 = CARTESIAN_POINT('',(0.65,6.523909236273));
#2534 = CARTESIAN_POINT('',(7.1,10.247818472546));
#2535 = CARTESIAN_POINT('',(7.1,2.8));
#2536 = ( GEOMETRIC_REPRESENTATION_CONTEXT(2) 
PARAMETRIC_REPRESENTATION_CONTEXT() REPRESENTATION_CONTEXT('2D SPACE',''
  ) );
#2537 = ORIENTED_EDGE('',*,*,#1672,.F.);
#2538 = ADVANCED_FACE('',(#2539),#1218,.F.);
#2539 = FACE_BOUND('',#2540,.F.);
#2540 = EDGE_LOOP('',(#2541,#2542,#2543,#2544,#2545,#2546,#2547,#2548,
    #2549,#2550));
#2541 = ORIENTED_EDGE('',*,*,#2355,.F.);
#2542 = ORIENTED_EDGE('',*,*,#1199,.T.);
#2543 = ORIENTED_EDGE('',*,*,#1257,.T.);
#2544 = ORIENTED_EDGE('',*,*,#1811,.T.);
#2545 = ORIENTED_EDGE('',*,*,#1373,.T.);
#2546 = ORIENTED_EDGE('',*,*,#1905,.T.);
#2547 = ORIENTED_EDGE('',*,*,#1592,.T.);
#2548 = ORIENTED_EDGE('',*,*,#2130,.F.);
#2549 = ORIENTED_EDGE('',*,*,#1423,.T.);
#2550 = ORIENTED_EDGE('',*,*,#1476,.T.);
#2551 = ADVANCED_FACE('',(#2552),#1660,.F.);
#2552 = FACE_BOUND('',#2553,.F.);
#2553 = EDGE_LOOP('',(#2554,#2555,#2556,#2557));
#2554 = ORIENTED_EDGE('',*,*,#2512,.T.);
#2555 = ORIENTED_EDGE('',*,*,#1642,.T.);
#2556 = ORIENTED_EDGE('',*,*,#1716,.T.);
#2557 = ORIENTED_EDGE('',*,*,#1769,.T.);
#2558 = ADVANCED_FACE('',(#2559),#1873,.F.);
#2559 = FACE_BOUND('',#2560,.F.);
#2560 = EDGE_LOOP('',(#2561,#2562,#2563,#2564));
#2561 = ORIENTED_EDGE('',*,*,#1952,.T.);
#2562 = ORIENTED_EDGE('',*,*,#1983,.T.);
#2563 = ORIENTED_EDGE('',*,*,#2030,.T.);
#2564 = ORIENTED_EDGE('',*,*,#1858,.F.);
#2565 = ADVANCED_FACE('',(#2566),#2098,.F.);
#2566 = FACE_BOUND('',#2567,.F.);
#2567 = EDGE_LOOP('',(#2568,#2569,#2570,#2571));
#2568 = ORIENTED_EDGE('',*,*,#2206,.F.);
#2569 = ORIENTED_EDGE('',*,*,#2256,.T.);
#2570 = ORIENTED_EDGE('',*,*,#2083,.F.);
#2571 = ORIENTED_EDGE('',*,*,#2177,.T.);
#2572 = ADVANCED_FACE('',(#2573),#2323,.F.);
#2573 = FACE_BOUND('',#2574,.F.);
#2574 = EDGE_LOOP('',(#2575,#2576,#2577,#2578));
#2575 = ORIENTED_EDGE('',*,*,#2453,.F.);
#2576 = ORIENTED_EDGE('',*,*,#2481,.T.);
#2577 = ORIENTED_EDGE('',*,*,#2308,.T.);
#2578 = ORIENTED_EDGE('',*,*,#2381,.T.);
#2579 = ( GEOMETRIC_REPRESENTATION_CONTEXT(3) 
GLOBAL_UNCERTAINTY_ASSIGNED_CONTEXT((#2583)) 
GLOBAL_UNIT_ASSIGNED_CONTEXT((#2580,#2581,#2582)) REPRESENTATION_CONTEXT
('Context #1','3D Context with UNIT and UNCERTAINTY') );
#2580 = ( LENGTH_UNIT() NAMED_UNIT(*) SI_UNIT(.MILLI.,.METRE.) );
#2581 = ( NAMED_UNIT(*) PLANE_ANGLE_UNIT() SI_UNIT($,.RADIAN.) );
#2582 = ( NAMED_UNIT(*) SI_UNIT($,.STERADIAN.) SOLID_ANGLE_UNIT() );
#2583 = UNCERTAINTY_MEASURE_WITH_UNIT(LENGTH_MEASURE(1.E-07),#2580,
  'distance_accuracy_value','confusion accuracy');
#2584 = PRODUCT_RELATED_PRODUCT_CATEGORY('part',$,(#7));

#2585=DESCRIPTIVE_REPRESENTATION_ITEM('cadpy:generator','cadpy');
#2586=REPRESENTATION('cadpy:generator',(#2585),#2579);
#2587=PROPERTY_DEFINITION('cadpy metadata','cadpy:generator',#5);
#2588=PROPERTY_DEFINITION_REPRESENTATION(#2587,#2586);
#2589=DESCRIPTIVE_REPRESENTATION_ITEM('cadpy:entryKind','part');
#2590=REPRESENTATION('cadpy:entryKind',(#2589),#2579);
#2591=PROPERTY_DEFINITION('cadpy metadata','cadpy:entryKind',#5);
#2592=PROPERTY_DEFINITION_REPRESENTATION(#2591,#2590);
#2593=DESCRIPTIVE_REPRESENTATION_ITEM('cadpy:sourcePath','edge_node_lid.py');
#2594=REPRESENTATION('cadpy:sourcePath',(#2593),#2579);
#2595=PROPERTY_DEFINITION('cadpy metadata','cadpy:sourcePath',#5);
#2596=PROPERTY_DEFINITION_REPRESENTATION(#2595,#2594);
#2597=DESCRIPTIVE_REPRESENTATION_ITEM('cadpy:sourceHash','371390ef4f018391de515cab379bd6cdfc90e0fd9ae376c5726e44cd34b6db85');
#2598=REPRESENTATION('cadpy:sourceHash',(#2597),#2579);
#2599=PROPERTY_DEFINITION('cadpy metadata','cadpy:sourceHash',#5);
#2600=PROPERTY_DEFINITION_REPRESENTATION(#2599,#2598);
ENDSEC;
END-ISO-10303-21;
